"시도교육청","교육지원청","지역","정보공시 학교코드","학교명","학교급코드","설립구분","제외여부","제외사유","교장(남)","교장(여)","교장(계)","교감(남)","교감(여)","교감(계)","수석교사(남)","수석교사(여)","수석교사(계)","정교사(1정)(남)","정교사(1정)(여)","정교사(1정)(계)","정교사(2정)(남)","정교사(2정)(여)","정교사(2정)(계)","특수1정(남)","특수1정(여)","특수1정(계)","특수2정(남)","특수2정(여)","특수2정(계)","준교사(남)","준교사(여)","준교사(계)","실기교사(남)","실기교사(여)","실기교사(계)","전문상담교사(남)","전문상담교사(여)","전문상담교사(계)","사서교사(남)","사서교사(여)","사서교사(계)","보건교사(남)","보건교사(여)","보건교사(계)","영양교사(남)","영양교사(여)","영양교사(계)","해당없음(남)","해당없음(여)","해당없음(계)","계(남)","계(여)","계"
"경기도교육청","경기도교육청","경기도 가평군","S090000445","가평고등학교","04","공립","N","","0","1","1","1","0","1","1","0","1","7","15","22","8","20","28","0","2","2","1","1","2","0","0","0","0","0","0","0","1","1","0","1","1","0","1","1","0","0","0","0","0","0","18","42","60"
"경기도교육청","경기도교육청","경기도 수원시 장안구","S090000447","경기과학고등학교","04","공립","N","","0","0","0","1","0","1","0","0","0","41","36","77","1","1","2","0","0","0","0","0","0","0","0","0","0","0","0","0","1","1","0","1","1","0","1","1","0","1","1","0","0","0","43","41","84"
"경기도교육청","경기도교육청","경기도 수원시 권선구","S090000448","경기대명고등학교","04","공립","N","","1","0","1","1","0","1","0","0","0","9","9","18","0","2","2","0","0","0","0","0","0","0","0","0","0","1","1","0","1","1","0","0","0","0","1","1","0","1","1","2","2","4","13","17","30"
"경기도교육청","경기도교육청","경기도 수원시 장안구","S090000449","경기체육고등학교","04","공립","N","","1","0","1","1","0","1","0","0","0","16","13","29","2","2","4","0","0","0","0","0","0","0","0","0","0","0","0","0","0","0","0","0","0","0","1","1","0","2","2","0","0","0","20","18","38"
"경기도교육청","경기도교육청","경기도 이천시","S090000450","이천세무고등학교","04","공립","N","","1","0","1","1","0","1","0","0","0","9","3","12","2","2","4","0","0","0","0","0","0","0","0","0","0","0","0","0","0","0","0","0","0","0","1","1","0","0","0","0","0","0","13","6","19"
"경기도교육청","경기도교육청","경기도 의정부시","S090000451","경민고등학교","04","사립","N","","1","0","1","1","0","1","0","0","0","30","17","47","6","9","15","0","0","0","0","0","0","0","0","0","0","0","0","0","1","1","0","0","0","0","1","1","0","1","1","0","0","0","38","29","67"
"경기도교육청","경기도교육청","경기도 의정부시","S090000453","경민비즈니스고등학교","04","사립","N","","1","0","1","1","0","1","0","0","0","20","25","45","3","6","9","0","0","0","0","0","0","0","0","0","0","0","0","0","1","1","0","0","0","0","2","2","0","2","2","0","0","0","25","36","61"
"경기도교육청","경기도교육청","경기도 의정부시","S090000455","경민IT고등학교","04","사립","N","","1","0","1","0","1","1","0","0","0","27","16","43","2","8","10","0","0","0","0","0","0","0","0","0","0","0","0","1","0","1","0","0","0","0","4","4","0","0","0","0","0","0","31","29","60"
"경기도교육청","경기도교육청","경기도 안산시 단원구","S090000457","경안고등학교","04","사립","N","","1","0","1","1","0","1","1","0","1","43","22","65","8","3","11","0","0","0","0","0","0","0","0","0","0","0","0","0","1","1","0","1","1","0","1","1","0","0","0","0","0","0","54","28","82"
"경기도교육청","경기도교육청","경기도 안산시 단원구","S090000458","경일고등학교","04","사립","N","","1","0","1","1","0","1","0","0","0","24","35","59","9","18","27","0","0","0","0","0","0","0","0","0","0","0","0","0","1","1","0","1","1","0","1","1","0","1","1","0","0","0","35","57","92"
"경기도교육청","경기도교육청","경기도 광주시","S090000460","경화여자고등학교","04","사립","N","","1","0","1","0","1","1","0","0","0","41","22","63","3","6","9","0","0","0","0","0","0","0","0","0","0","0","0","0","1","1","0","1","1","0","1","1","0","1","1","0","0","0","45","33","78"
"경기도교육청","경기도교육청","경기도 부천시 원미구","S090000463","계남고등학교","04","공립","N","","1","0","1","0","1","1","0","0","0","12","42","54","1","3","4","0","2","2","0","1","1","0","0","0","0","0","0","0","1","1","0","0","0","0","1","1","0","0","0","0","0","0","14","51","65"
"경기도교육청","경기도교육청","경기도 성남시 분당구","S090000466","계원예술고등학교","04","사립","N","","1","0","1","1","0","1","0","0","0","10","24","34","3","9","12","0","0","0","0","0","0","0","0","0","0","0","0","0","0","0","0","0","0","0","1","1","0","0","0","0","0","0","15","34","49"
"경기도교육청","경기도교육청","경기도 고양시 일산서구","S090000468","백송고등학교","04","사립","N","","1","0","1","1","0","1","0","0","0","9","12","21","1","8","9","0","0","0","0","0","0","0","0","0","0","0","0","0","1","1","0","1","1","0","1","1","0","0","0","0","0","0","12","23","35"
"경기도교육청","경기도교육청","경기도 고양시 덕양구","S090000469","고양외국어고등학교","04","사립","N","","1","0","1","0","0","0","1","0","1","29","20","49","2","4","6","0","0","0","0","0","0","0","0","0","0","0","0","0","0","0","0","0","0","0","1","1","0","1","1","0","0","0","33","26","59"
"경기도교육청","경기도교육청","경기도 고양시 덕양구","S090000470","고양고등학교","04","공립","N","","1","0","1","1","0","1","0","0","0","10","32","42","3","14","17","0","5","5","1","0","1","0","0","0","0","0","0","0","1","1","0","0","0","0","1","1","0","0","0","0","0","0","16","53","69"
"경기도교육청","경기도교육청","경기도 안산시 단원구","S090000471","고잔고등학교","04","공립","N","","1","0","1","2","0","2","0","0","0","22","41","63","3","12","15","0","2","2","2","1","3","0","0","0","0","0","0","0","1","1","0","1","1","0","1","1","0","0","0","0","0","0","30","59","89"
"경기도교육청","경기도교육청","경기도 과천시","S090000472","과천고등학교","04","공립","N","","1","0","1","0","1","1","0","1","1","10","40","50","0","5","5","0","3","3","0","0","0","0","0","0","0","0","0","0","0","0","0","0","0","0","1","1","0","2","2","0","0","0","11","53","64"
"경기도교육청","경기도교육청","경기도 과천시","S090000473","과천여자고등학교","04","사립","N","","1","0","1","1","0","1","0","0","0","28","10","38","0","1","1","0","0","0","0","0","0","0","0","0","0","0","0","0","0","0","0","1","1","0","1","1","0","0","0","0","0","0","30","13","43"
"경기도교육청","경기도교육청","경기도 과천시","S090000474","과천외국어고등학교","04","사립","N","","0","0","0","1","1","2","0","0","0","35","9","44","3","13","16","0","0","0","0","0","0","0","0","0","0","0","0","0","0","0","0","0","0","0","1","1","0","0","0","0","0","0","39","24","63"
"경기도교육청","경기도교육청","경기도 과천시","S090000475","과천중앙고등학교","04","공립","N","","1","0","1","0","1","1","0","0","0","11","36","47","0","3","3","1","1","2","0","0","0","0","0","0","0","0","0","0","0","0","0","1","1","0","1","1","0","2","2","0","0","0","13","45","58"
"경기도교육청","경기도교육청","경기도 안양시 동안구","S090000476","경기게임마이스터고등학교","04","공립","N","","0","0","0","1","0","1","0","0","0","5","17","22","2","4","6","0","1","1","0","0","0","0","0","0","0","0","0","1","0","1","0","1","1","0","1","1","0","0","0","1","0","1","10","24","34"
"경기도교육청","경기도교육청","경기도 안양시 동안구","S090000477","관양고등학교","04","공립","N","","1","0","1","0","1","1","0","0","0","13","60","73","0","4","4","1","1","2","0","0","0","0","0","0","0","0","0","0","0","0","0","0","0","0","2","2","0","0","0","0","0","0","15","68","83"
"경기도교육청","경기도교육청","경기도 포천시","S090000478","관인고등학교","04","공립","N","","1","0","1","1","0","1","0","0","0","3","3","6","3","6","9","0","0","0","1","0","1","0","0","0","0","0","0","0","0","0","0","1","1","0","1","1","0","0","0","0","0","0","9","11","20"
"경기도교육청","경기도교육청","경기도 남양주시","S090000479","광동고등학교","04","사립","N","","1","0","1","1","0","1","0","0","0","35","31","66","1","6","7","0","0","0","0","0","0","0","0","0","0","0","0","0","1","1","0","0","0","0","1","1","0","0","0","0","0","0","38","39","77"
"경기도교육청","경기도교육청","경기도 의정부시","S090000480","의정부광동고등학교","04","사립","N","","1","0","1","1","0","1","0","0","0","22","14","36","8","12","20","0","0","0","0","0","0","0","0","0","0","0","0","0","1","1","0","1","1","0","1","1","0","0","0","0","0","0","32","29","61"
"경기도교육청","경기도교육청","경기도 광명시","S090000482","광명고등학교","04","공립","N","","1","0","1","0","1","1","0","0","0","14","56","70","0","3","3","0","3","3","0","0","0","0","0","0","0","0","0","0","0","0","0","0","0","0","1","1","0","1","1","0","0","0","15","65","80"
"경기도교육청","경기도교육청","경기도 광명시","S090000483","경기항공고등학교","04","사립","N","","1","0","1","1","0","1","0","0","0","12","5","17","6","4","10","0","0","0","0","0","0","1","0","1","0","0","0","1","0","1","1","0","1","0","1","1","0","0","0","0","0","0","23","10","33"
"경기도교육청","경기도교육청","경기도 광명시","S090000484","광명북고등학교","04","공립","N","","1","0","1","0","1","1","0","0","0","12","54","66","3","6","9","2","3","5","4","0","4","0","0","0","0","0","0","0","0","0","0","1","1","0","1","1","0","1","1","0","0","0","22","67","89"
"경기도교육청","경기도교육청","경기도 광명시","S090000487","명문고등학교","04","공립","N","","1","0","1","1","0","1","0","0","0","19","47","66","3","5","8","0","4","4","0","0","0","0","0","0","0","0","0","0","0","0","0","0","0","0","1","1","0","0","0","0","0","0","24","57","81"
"경기도교육청","경기도교육청","경기도 광명시","S090000488","창의경영고등학교","04","공립","N","","1","0","1","0","1","1","0","0","0","5","48","53","1","8","9","0","2","2","0","1","1","0","0","0","0","0","0","0","1","1","0","0","0","0","1","1","0","0","0","0","0","0","7","62","69"
"경기도교육청","경기도교육청","경기도 광명시","S090000489","광문고등학교","04","공립","N","","1","0","1","1","0","1","0","0","0","13","58","71","1","2","3","1","1","2","0","0","0","0","0","0","0","0","0","0","0","0","0","0","0","0","1","1","0","0","0","0","0","0","17","62","79"
"경기도교육청","경기도교육청","경기도 광주시","S090000490","광주고등학교","04","공립","N","","1","0","1","1","0","1","0","0","0","18","36","54","9","10","19","0","0","0","0","1","1","0","0","0","0","0","0","0","1","1","0","0","0","0","1","1","0","0","0","0","0","0","29","49","78"
"경기도교육청","경기도교육청","경기도 광주시","S090000492","곤지암고등학교","04","공립","N","","1","0","1","1","0","1","0","0","0","11","21","32","6","6","12","0","2","2","0","0","0","0","0","0","0","0","0","0","1","1","0","1","1","0","1","1","0","0","0","0","0","0","19","32","51"
"경기도교육청","경기도교육청","경기도 광주시","S090000493","광주중앙고등학교","04","공립","N","","1","0","1","1","0","1","0","0","0","17","49","66","9","18","27","0","1","1","1","2","3","0","0","0","0","0","0","0","1","1","0","1","1","0","3","3","0","1","1","0","0","0","29","76","105"
"경기도교육청","경기도교육청","경기도 파주시","S090000494","광탄고등학교","04","사립","N","","1","0","1","0","1","1","0","0","0","14","8","22","2","0","2","0","1","1","0","0","0","0","0","0","0","0","0","0","1","1","0","1","1","0","1","1","0","1","1","0","0","0","17","14","31"
"경기도교육청","경기도교육청","경기도 구리시","S090000496","구리고등학교","04","공립","N","","1","0","1","0","1","1","0","0","0","16","31","47","1","3","4","0","0","0","0","0","0","0","0","0","0","0","0","0","0","0","0","0","0","0","1","1","0","0","0","0","0","0","18","36","54"
"경기도교육청","경기도교육청","경기도 구리시","S090000497","구리여자고등학교","04","공립","N","","0","1","1","0","1","1","0","0","0","10","34","44","2","4","6","0","3","3","0","1","1","0","0","0","0","0","0","0","0","0","0","0","0","0","1","1","0","0","0","0","0","0","12","45","57"
"경기도교육청","경기도교육청","경기도 시흥시","S090000499","군자디지털과학고등학교","04","공립","N","","1","0","1","1","0","1","0","0","0","21","20","41","5","8","13","1","2","3","1","1","2","0","0","0","0","0","0","0","1","1","0","0","0","0","2","2","0","0","0","0","0","0","30","34","64"
"경기도교육청","경기도교육청","경기도 군포시","S090000502","군포고등학교","04","사립","N","","1","0","1","1","0","1","0","0","0","35","15","50","5","11","16","0","0","0","0","0","0","0","0","0","0","0","0","1","0","1","0","1","1","0","1","1","0","0","0","0","0","0","43","28","71"
"경기도교육청","경기도교육청","경기도 군포시","S090000504","군포e비즈니스고등학교","04","공립","N","","0","0","0","2","0","2","0","1","1","5","53","58","3","9","12","1","6","7","1","0","1","0","0","0","0","0","0","0","1","1","0","0","0","0","2","2","0","1","1","0","0","0","12","73","85"
"경기도교육청","경기도교육청","경기도 수원시 권선구","S090000505","권선고등학교","04","공립","N","","1","0","1","0","1","1","0","0","0","16","57","73","1","7","8","0","4","4","0","1","1","0","0","0","0","0","0","0","1","1","0","1","1","0","2","2","0","0","0","0","0","0","18","74","92"
"경기도교육청","경기도교육청","경기도 안양시 만안구","S090000507","근명고등학교","04","사립","N","","1","0","1","1","0","1","0","0","0","18","19","37","1","24","25","0","0","0","0","0","0","0","0","0","0","0","0","0","1","1","0","1","1","0","1","1","0","0","0","0","0","0","21","46","67"
"경기도교육청","경기도교육청","경기도 남양주시","S090000508","금곡고등학교","04","공립","N","","0","1","1","0","1","1","0","0","0","21","39","60","6","15","21","0","0","0","0","0","0","0","0","0","0","0","0","0","1","1","0","1","1","0","1","1","0","1","1","0","0","0","27","60","87"
"경기도교육청","경기도교육청","경기도 용인시 기흥구","S090000509","기흥고등학교","04","공립","N","","1","0","1","1","0","1","0","0","0","14","47","61","1","5","6","0","2","2","0","0","0","0","0","0","0","0","0","0","1","1","0","0","0","0","1","1","0","1","1","0","0","0","17","57","74"
"경기도교육청","경기도교육청","경기도 김포시","S090000510","김포고등학교","04","공립","N","","1","0","1","1","0","1","0","0","0","14","41","55","7","6","13","0","1","1","0","0","0","0","0","0","0","0","0","0","0","0","0","1","1","0","1","1","0","0","0","0","0","0","23","50","73"
"경기도교육청","경기도교육청","경기도 김포시","S090000511","김포과학기술고등학교","04","공립","N","","1","0","1","1","0","1","0","0","0","29","22","51","4","2","6","1","0","1","0","0","0","0","0","0","0","0","0","0","2","2","0","0","0","0","1","1","0","1","1","0","0","0","36","28","64"
"경기도교육청","경기도교육청","경기도 성남시 분당구","S090000515","낙생고등학교","04","사립","N","","1","0","1","1","0","1","0","0","0","27","8","35","10","15","25","0","0","0","0","0","0","0","1","1","0","0","0","1","1","2","0","1","1","0","1","1","0","0","0","0","0","0","40","27","67"
"경기도교육청","경기도교육청","경기도 양주시","S090000517","한국외식과학고등학교","04","사립","N","","0","1","1","1","0","1","0","0","0","9","6","15","6","5","11","0","0","0","0","0","0","0","0","0","0","0","0","0","1","1","0","1","1","0","1","1","0","1","1","0","0","0","16","16","32"
"경기도교육청","경기도교육청","","S090000518","남양고등학교","04","공립","N","","1","0","1","1","0","1","0","0","0","10","14","24","9","12","21","2","0","2","1","0","1","0","0","0","0","0","0","0","1","1","0","1","1","0","1","1","0","0","0","0","0","0","24","29","53"
"경기도교육청","경기도교육청","경기도 남양주시","S090000519","남양주고등학교","04","공립","N","","1","0","1","1","0","1","0","0","0","22","14","36","7","7","14","0","1","1","0","1","1","0","0","0","0","0","0","1","0","1","0","0","0","0","1","1","0","0","0","0","0","0","32","24","56"
"경기도교육청","경기도교육청","경기도 하남시","S090000520","남한고등학교","04","공립","N","","1","0","1","1","0","1","0","0","0","14","35","49","4","4","8","2","1","3","0","0","0","0","0","0","0","0","0","0","1","1","0","1","1","0","1","1","0","1","1","0","0","0","22","44","66"
"경기도교육청","경기도교육청","경기도 고양시 덕양구","S090000521","능곡고등학교","04","공립","N","","1","0","1","1","1","2","0","0","0","9","52","61","1","9","10","0","0","0","0","0","0","0","0","0","0","0","0","0","1","1","0","0","0","0","1","1","0","1","1","0","0","0","12","65","77"
"경기도교육청","경기도교육청","경기도 안산시 단원구","S090000524","대부고등학교","04","공립","N","","1","0","1","1","0","1","0","0","0","4","4","8","2","2","4","0","1","1","1","0","1","0","0","0","0","0","0","0","1","1","0","1","1","0","1","1","0","1","1","0","0","0","9","11","20"
"경기도교육청","경기도교육청","경기도 여주시","S090000525","대신고등학교","04","사립","N","","1","0","1","1","0","1","0","0","0","14","1","15","0","4","4","0","0","0","1","1","2","0","0","0","0","0","0","0","0","0","0","0","0","0","1","1","0","0","0","0","0","0","17","7","24"
"경기도교육청","경기도교육청","경기도 수원시 장안구","S090000527","대평고등학교","04","공립","N","","1","0","1","1","0","1","0","0","0","12","49","61","2","4","6","0","2","2","0","0","0","0","0","0","0","0","0","0","1","1","0","0","0","0","1","1","0","0","0","0","0","0","16","57","73"
"경기도교육청","경기도교육청","경기도 부천시 오정구","S090000528","덕산고등학교","04","공립","N","","1","0","1","1","0","1","0","0","0","10","38","48","1","2","3","1","0","1","1","1","2","0","0","0","0","0","0","0","1","1","0","0","0","0","2","2","0","0","0","0","0","0","15","44","59"
"경기도교육청","경기도교육청","경기도 남양주시","S090000529","덕소고등학교","04","사립","N","","1","0","1","1","0","1","0","0","0","19","18","37","18","18","36","0","0","0","0","0","0","0","0","0","0","0","0","0","1","1","0","0","0","0","1","1","0","1","1","0","0","0","39","39","78"
"경기도교육청","경기도교육청","경기도 양주시","S090000532","덕정고등학교","04","공립","N","","1","0","1","0","2","2","0","0","0","18","27","45","1","9","10","0","2","2","1","0","1","0","0","0","0","0","0","1","0","1","0","0","0","1","0","1","0","1","1","0","0","0","23","41","64"
"경기도교육청","경기도교육청","경기도 부천시 원미구","S090000533","도당고등학교","04","공립","N","","0","1","1","2","0","2","0","0","0","17","38","55","1","3","4","1","1","2","0","0","0","0","0","0","0","0","0","0","1","1","0","1","1","0","1","1","0","1","1","0","0","0","21","47","68"
"경기도교육청","경기도교육청","경기도 포천시","S090000534","동남고등학교","04","사립","N","","0","1","1","0","0","0","0","0","0","29","17","46","9","8","17","1","0","1","1","0","1","0","0","0","0","0","0","0","0","0","0","0","0","0","1","1","0","0","0","0","0","0","40","27","67"
"경기도교육청","경기도교육청","경기도 동두천시","S090000536","동두천고등학교","04","사립","N","","0","1","1","1","0","1","0","0","0","9","10","19","1","11","12","0","0","0","0","0","0","0","0","0","0","0","0","1","0","1","0","1","1","0","1","1","0","0","0","0","0","0","12","24","36"
"경기도교육청","경기도교육청","경기도 동두천시","S090000538","한국문화영상고등학교","04","사립","N","","1","0","1","1","0","1","0","0","0","17","18","35","5","2","7","0","0","0","0","0","0","0","0","0","0","0","0","0","1","1","0","1","1","0","1","1","0","1","1","0","0","0","24","24","48"
"경기도교육청","경기도교육청","경기도 동두천시","S090000539","동두천중앙고등학교","04","공립","N","","1","0","1","1","0","1","0","0","0","13","6","19","11","13","24","1","0","1","0","3","3","0","0","0","1","0","1","0","1","1","0","0","0","0","1","1","0","1","1","0","0","0","28","25","53"
"경기도교육청","경기도교육청","경기도 안양시 동안구","S090000541","동안고등학교","04","공립","N","","1","0","1","0","1","1","0","0","0","17","68","85","1","3","4","0","0","0","0","0","0","0","0","0","0","0","0","1","0","1","0","1","1","0","2","2","0","0","0","0","0","0","20","75","95"
"경기도교육청","경기도교육청","경기도 수원시 장안구","S090000542","동우여자고등학교","04","사립","N","","1","0","1","1","0","1","0","0","0","26","22","48","4","9","13","0","0","0","0","0","0","0","0","0","0","0","0","0","1","1","0","1","1","0","1","1","0","0","0","0","0","0","32","34","66"
"경기도교육청","경기도교육청","경기도 수원시 장안구","S090000543","동원동우고등학교","04","사립","N","","1","0","1","1","0","1","0","0","0","41","11","52","9","6","15","0","0","0","0","0","0","0","0","0","0","0","0","0","1","1","0","1","1","0","1","1","0","0","0","0","1","1","52","21","73"
"경기도교육청","경기도교육청","경기도 평택시","S090000544","동일공업고등학교","04","사립","N","","1","0","1","1","0","1","0","0","0","32","12","44","16","8","24","0","0","0","0","0","0","0","0","0","0","0","0","0","1","1","0","0","0","0","1","1","0","1","1","0","0","0","50","23","73"
"경기도교육청","경기도교육청","경기도 남양주시","S090000545","동화고등학교","04","사립","N","","2","0","2","2","0","2","0","0","0","45","34","79","5","6","11","0","0","0","0","0","0","0","0","0","0","0","0","0","1","1","1","0","1","0","2","2","0","1","1","0","0","0","55","44","99"
"경기도교육청","경기도교육청","","S090000546","두레자연고등학교","04","사립","N","","1","0","1","1","0","1","0","0","0","9","3","12","2","1","3","0","0","0","0","0","0","0","0","0","0","0","0","0","1","1","0","1","1","0","1","1","0","1","1","0","0","0","13","8","21"
"경기도교육청","경기도교육청","경기도 이천시","S090000548","마장고등학교","04","공립","N","","1","0","1","0","1","1","0","0","0","5","7","12","6","6","12","0","0","0","0","0","0","0","0","0","0","0","0","0","2","2","0","0","0","0","1","1","0","1","1","0","0","0","12","18","30"
"경기도교육청","경기도교육청","경기도 수원시 팔달구","S090000552","매향여자정보고등학교","04","사립","N","","0","1","1","1","0","1","0","1","1","30","29","59","2","11","13","0","0","0","0","0","0","0","0","0","0","0","0","0","1","1","0","1","1","0","8","8","0","0","0","0","0","0","33","52","85"
"경기도교육청","경기도교육청","경기도 고양시 덕양구","S090000553","무원고등학교","04","공립","N","","1","0","1","0","1","1","0","0","0","11","50","61","3","9","12","0","2","2","0","1","1","0","0","0","0","0","0","0","1","1","0","1","1","0","1","1","0","1","1","0","0","0","15","67","82"
"경기도교육청","경기도교육청","경기도 파주시","S090000554","문산고등학교","04","공립","N","","0","1","1","1","0","1","0","0","0","13","14","27","1","2","3","1","1","2","1","1","2","0","0","0","0","0","0","0","0","0","0","0","0","0","1","1","0","1","1","0","0","0","17","21","38"
"경기도교육청","경기도교육청","경기도 파주시","S090000555","문산수억고등학교","04","사립","N","","0","1","1","1","0","1","0","0","0","24","26","50","4","9","13","1","1","2","0","0","0","0","0","0","0","0","0","0","1","1","0","1","1","0","1","1","0","1","1","0","2","2","30","43","73"
"경기도교육청","경기도교육청","경기도 파주시","S090000556","문산제일고등학교","04","공립","N","","1","0","1","2","1","3","0","0","0","16","42","58","0","4","4","0","2","2","1","0","1","0","0","0","0","0","0","0","1","1","0","1","1","0","1","1","0","0","0","0","0","0","20","52","72"
"경기도교육청","경기도교육청","경기도 안산시 상록구","S090000558","경기모바일과학고등학교","04","공립","N","","0","1","1","0","1","1","0","0","0","9","28","37","8","15","23","0","0","0","0","0","0","0","0","0","0","0","0","0","1","1","0","0","0","0","2","2","0","0","0","0","0","0","17","48","65"
"경기도교육청","경기도교육청","경기도 화성시 만세구","S090000559","발안바이오과학고등학교","04","공립","N","","1","0","1","2","0","2","0","0","0","8","18","26","1","4","5","0","0","0","0","0","0","0","0","0","0","0","0","0","1","1","0","1","1","0","1","1","0","1","1","0","0","0","12","26","38"
"경기도교육청","경기도교육청","경기도 고양시 일산동구","S090000563","백마고등학교","04","공립","N","","1","0","1","0","2","2","0","0","0","14","51","65","2","7","9","0","0","0","0","0","0","0","0","0","0","0","0","0","0","0","0","0","0","0","1","1","0","1","1","0","0","0","17","62","79"
"경기도교육청","경기도교육청","경기도 고양시 일산동구","S090000564","백석고등학교","04","공립","N","","1","0","1","1","0","1","0","0","0","14","56","70","3","5","8","0","0","0","0","0","0","0","0","0","0","0","0","0","0","0","0","0","0","0","1","1","0","0","0","0","0","0","19","62","81"
"경기도교육청","경기도교육청","경기도 고양시 일산동구","S090000565","백신고등학교","04","공립","N","","1","0","1","0","1","1","0","0","0","17","49","66","3","3","6","1","0","1","0","0","0","0","0","0","0","0","0","0","0","0","0","1","1","0","1","1","0","1","1","0","1","1","22","57","79"
"경기도교육청","경기도교육청","경기도 용인시 처인구","S090000566","백암고등학교","04","공립","N","","1","0","1","1","0","1","0","0","0","9","8","17","0","6","6","0","0","0","1","0","1","0","0","0","0","0","0","1","0","1","0","0","0","0","1","1","0","1","1","0","0","0","13","16","29"
"경기도교육청","경기도교육청","경기도 고양시 덕양구","S090000567","백양고등학교","04","공립","N","","1","0","1","1","0","1","0","0","0","19","45","64","2","5","7","1","3","4","0","0","0","0","0","0","0","0","0","0","1","1","0","1","1","0","1","1","0","2","2","0","0","0","24","58","82"
"경기도교육청","경기도교육청","경기도 안양시 동안구","S090000568","백영고등학교","04","사립","N","","1","0","1","1","0","1","0","0","0","41","20","61","6","11","17","0","0","0","0","0","0","0","0","0","0","0","0","0","0","0","0","1","1","0","1","1","0","0","0","0","0","0","49","33","82"
"경기도교육청","경기도교육청","경기도 의왕시","S090000569","백운고등학교","04","공립","N","","1","0","1","1","0","1","0","0","0","17","50","67","1","2","3","0","1","1","1","1","2","0","0","0","0","0","0","0","1","1","0","1","1","0","1","1","0","1","1","0","0","0","21","58","79"
"경기도교육청","경기도교육청","경기도 동두천시","S090000572","한빛누리고등학교","04","사립","N","","1","0","1","1","0","1","0","0","0","13","15","28","5","6","11","1","0","1","0","1","1","0","0","0","0","0","0","0","1","1","0","0","0","0","1","1","0","1","1","0","0","0","21","25","46"
"경기도교육청","경기도교육청","경기도 부천시 원미구","S090000576","부명고등학교","04","공립","N","","1","0","1","1","0","1","0","0","0","17","36","53","3","5","8","1","0","1","0","1","1","0","0","0","0","0","0","0","1","1","0","1","1","0","2","2","0","1","1","0","0","0","23","47","70"
"경기도교육청","경기도교육청","경기도 부천시 원미구","S090000577","경기국제통상고등학교","04","공립","N","","0","1","1","1","0","1","0","0","0","4","42","46","1","13","14","0","5","5","0","0","0","0","0","0","0","0","0","1","0","1","0","1","1","0","1","1","0","0","0","0","0","0","7","63","70"
"경기도교육청","경기도교육청","경기도 부천시 원미구","S090000578","상동고등학교","04","공립","N","","1","0","1","1","0","1","0","0","0","13","42","55","0","4","4","0","0","0","0","0","0","0","0","0","0","0","0","0","1","1","0","1","1","0","2","2","0","1","1","0","0","0","15","51","66"
"경기도교육청","경기도교육청","경기도 부천시 소사구","S090000579","부천고등학교","04","공립","N","","2","0","2","0","0","0","0","0","0","19","36","55","0","5","5","0","0","0","0","0","0","0","0","0","0","0","0","1","0","1","0","1","1","0","1","1","0","0","0","0","0","0","22","43","65"
"경기도교육청","경기도교육청","경기도 부천시 소사구","S090000580","부천공업고등학교","04","공립","N","","1","0","1","1","0","1","0","0","0","29","25","54","4","12","16","0","0","0","1","2","3","0","0","0","1","0","1","0","1","1","0","1","1","0","2","2","0","0","0","0","0","0","37","43","80"
"경기도교육청","경기도교육청","경기도 부천시 원미구","S090000581","부천북고등학교","04","공립","N","","1","0","1","0","2","2","0","0","0","11","45","56","1","3","4","0","1","1","1","0","1","0","0","0","0","0","0","0","1","1","0","1","1","0","1","1","0","1","1","0","0","0","14","55","69"
"경기도교육청","경기도교육청","경기도 부천시 원미구","S090000584","부천여자고등학교","04","공립","N","","1","0","1","0","1","1","0","0","0","8","42","50","1","2","3","0","0","0","0","0","0","0","0","0","0","0","0","0","2","2","0","0","0","0","1","1","0","0","0","0","0","0","10","48","58"
"경기도교육청","경기도교육청","경기도 부천시 원미구","S090000585","부천정보산업고등학교","04","공립","N","","1","0","1","1","0","1","0","0","0","14","49","63","4","14","18","2","7","9","0","1","1","0","0","0","0","0","0","0","1","1","0","1","1","0","1","1","0","0","0","0","0","0","22","74","96"
"경기도교육청","경기도교육청","경기도 안양시 동안구","S090000586","부흥고등학교","04","공립","N","","1","0","1","0","1","1","0","0","0","15","66","81","1","7","8","1","3","4","0","0","0","0","0","0","0","0","0","1","0","1","0","1","1","0","2","2","0","0","0","0","0","0","19","80","99"
"경기도교육청","경기도교육청","경기도 성남시 분당구","S090000587","분당고등학교","04","공립","N","","0","1","1","1","0","1","0","0","0","8","54","62","4","5","9","0","2","2","0","1","1","0","0","0","0","0","0","0","1","1","0","0","0","0","1","1","0","1","1","0","0","0","13","66","79"
"경기도교육청","경기도교육청","경기도 성남시 분당구","S090000588","분당대진고등학교","04","사립","N","","1","0","1","1","0","1","0","0","0","20","37","57","5","10","15","0","0","0","0","0","0","0","0","0","0","0","0","0","1","1","0","0","0","0","1","1","0","0","0","0","0","0","27","49","76"
"경기도교육청","경기도교육청","경기도 성남시 분당구","S090000589","분당경영고등학교","04","공립","N","","0","1","1","1","1","2","0","1","1","6","63","69","1","9","10","0","1","1","0","1","1","0","0","0","0","0","0","0","1","1","0","1","1","0","1","1","0","1","1","0","0","0","8","81","89"
"경기도교육청","경기도교육청","경기도 성남시 분당구","S090000590","분당중앙고등학교","04","공립","N","","0","0","0","2","0","2","0","0","0","11","45","56","1","2","3","0","2","2","0","0","0","0","0","0","0","0","0","0","1","1","0","0","0","0","1","1","0","2","2","0","0","0","14","53","67"
"경기도교육청","경기도교육청","경기도 성남시 분당구","S090000591","불곡고등학교","04","공립","N","","1","0","1","0","1","1","0","1","1","10","45","55","0","4","4","1","2","3","0","0","0","0","0","0","0","0","0","0","1","1","0","0","0","0","1","1","0","0","0","0","0","0","12","55","67"
"경기도교육청","경기도교육청","","S090000594","비봉고등학교","04","사립","N","","1","0","1","1","0","1","0","0","0","41","13","54","6","12","18","0","0","0","0","0","0","0","0","0","0","0","0","0","0","0","0","1","1","0","1","1","0","2","2","0","0","0","49","29","78"
"경기도교육청","경기도교육청","경기도 김포시","S090000596","사우고등학교","04","공립","N","","0","1","1","0","1","1","0","0","0","18","41","59","6","10","16","0","3","3","0","0","0","0","0","0","0","0","0","0","2","2","0","0","0","0","1","1","0","0","0","0","0","0","24","59","83"
"경기도교육청","경기도교육청","경기도 군포시","S090000597","산본고등학교","04","공립","N","","0","1","1","1","0","1","0","0","0","19","56","75","2","9","11","0","2","2","1","0","1","0","0","0","0","0","0","0","1","1","0","0","0","0","2","2","0","0","0","0","0","0","23","71","94"
"경기도교육청","경기도교육청","경기도 군포시","S090000598","경기폴리텍고등학교","04","공립","N","","1","0","1","1","0","1","0","0","0","15","13","28","2","2","4","0","0","0","0","0","0","1","0","1","0","0","0","0","1","1","0","0","0","0","5","5","0","1","1","0","0","0","20","22","42"
"경기도교육청","경기도교육청","경기도 파주시","S090000599","삼광고등학교","04","사립","N","","1","0","1","1","0","1","0","0","0","9","5","14","0","1","1","0","0","0","0","0","0","0","0","0","0","0","0","0","0","0","0","0","0","0","1","1","0","0","0","0","0","0","11","7","18"
"경기도교육청","경기도교육청","경기도 화성시 만세구","S090000600","삼괴고등학교","04","사립","N","","1","0","1","0","1","1","0","0","0","21","16","37","8","2","10","2","1","3","0","0","0","0","0","0","0","0","0","0","1","1","0","1","1","0","1","1","0","2","2","0","0","0","32","25","57"
"경기도교육청","경기도교육청","경기도 수원시 팔달구","S090000602","삼일공업고등학교","04","사립","N","","1","0","1","0","1","1","0","0","0","33","25","58","25","14","39","0","0","0","0","0","0","0","0","0","0","0","0","1","0","1","0","1","1","0","2","2","0","2","2","0","0","0","60","45","105"
"경기도교육청","경기도교육청","경기도 수원시 팔달구","S090000603","삼일고등학교","04","사립","N","","1","0","1","0","1","1","0","0","0","30","39","69","4","12","16","0","0","0","0","0","0","0","0","0","0","0","0","0","1","1","0","1","1","0","1","1","0","0","0","0","0","0","35","55","90"
"경기도교육청","경기도교육청","경기도 구리시","S090000606","서울삼육고등학교","04","사립","N","","1","0","1","0","0","0","0","0","0","21","18","39","5","5","10","0","0","0","0","0","0","0","0","0","0","0","0","0","0","0","0","1","1","0","1","1","0","0","0","0","0","0","27","25","52"
"경기도교육청","경기도교육청","경기도 시흥시","S090000607","서해고등학교","04","공립","N","","0","1","1","0","1","1","0","0","0","22","31","53","4","13","17","2","2","4","0","0","0","0","0","0","0","0","0","0","1","1","0","0","0","0","1","1","0","1","1","0","0","0","28","51","79"
"경기도교육청","경기도교육청","경기도 성남시 분당구","S090000608","서현고등학교","04","공립","N","","1","0","1","0","1","1","0","0","0","12","49","61","3","5","8","0","0","0","0","0","0","0","0","0","0","0","0","0","0","0","0","0","0","0","2","2","0","0","0","0","0","0","16","57","73"
"경기도교육청","경기도교육청","경기도 가평군","S090000609","설악고등학교","04","공립","N","","0","1","1","1","0","1","0","0","0","2","6","8","1","6","7","0","0","0","1","1","2","0","0","0","0","0","0","1","0","1","0","0","0","0","1","1","0","0","0","0","0","0","6","15","21"
"경기도교육청","경기도교육청","경기도 성남시 중원구","S090000610","성남테크노과학고등학교","04","공립","N","","1","0","1","1","0","1","0","0","0","13","28","41","3","8","11","1","5","6","0","0","0","0","0","0","0","0","0","0","2","2","0","0","0","0","1","1","0","0","0","0","0","0","19","44","63"
"경기도교육청","경기도교육청","경기도 성남시 중원구","S090000611","성남고등학교","04","공립","N","","1","0","1","1","0","1","0","0","0","9","42","51","3","3","6","0","3","3","0","2","2","0","0","0","0","0","0","0","0","0","0","1","1","0","1","1","0","1","1","0","0","0","14","53","67"
"경기도교육청","경기도교육청","경기도 성남시 중원구","S090000612","성남여자고등학교","04","공립","N","","1","0","1","0","1","1","0","0","0","7","51","58","1","1","2","0","4","4","0","0","0","0","0","0","0","0","0","0","0","0","0","1","1","0","3","3","0","0","0","0","0","0","9","61","70"
"경기도교육청","경기도교육청","경기도 성남시 분당구","S090000613","분당아람고등학교","04","공립","N","","1","0","1","1","0","1","0","1","1","5","54","59","6","6","12","1","6","7","0","0","0","0","0","0","0","0","0","0","1","1","0","0","0","0","1","1","0","0","0","0","0","0","14","69","83"
"경기도교육청","경기도교육청","경기도 안양시 만안구","S090000614","성문고등학교","04","사립","N","","1","0","1","1","0","1","0","0","0","38","16","54","2","10","12","0","0","0","0","0","0","0","0","0","0","0","0","0","0","0","0","1","1","0","1","1","0","1","1","1","0","1","43","29","72"
"경기도교육청","경기도교육청","경기도 성남시 수정구","S090000617","성보경영고등학교","04","사립","N","","1","0","1","0","1","1","0","0","0","14","22","36","20","29","49","0","0","0","1","1","2","0","0","0","0","0","0","0","1","1","0","1","1","0","10","10","0","0","0","0","0","0","36","65","101"
"경기도교육청","경기도교육청","경기도 안산시 상록구","S090000618","성안고등학교","04","공립","N","","1","0","1","1","0","1","0","0","0","15","30","45","10","19","29","0","3","3","0","2","2","0","0","0","0","0","0","0","1","1","0","0","0","1","1","2","0","0","0","0","0","0","28","56","84"
"경기도교육청","경기도교육청","경기도 성남시 중원구","S090000620","성일고등학교","04","사립","N","","1","0","1","1","0","1","0","0","0","33","20","53","6","9","15","0","0","0","0","0","0","0","0","0","0","0","0","0","1","1","0","1","1","0","1","1","0","1","1","0","0","0","41","33","74"
"경기도교육청","경기도교육청","경기도 성남시 중원구","S090000622","동광고등학교","04","사립","N","","1","0","1","0","0","0","0","0","0","15","27","42","4","10","14","0","0","0","1","1","2","0","0","0","0","0","0","0","1","1","0","1","1","0","1","1","0","0","0","0","0","0","21","41","62"
"경기도교육청","경기도교육청","경기도 성남시 중원구","S090000624","성일정보고등학교","04","사립","N","","1","0","1","0","1","1","0","0","0","40","28","68","7","17","24","0","0","0","0","0","0","0","0","0","0","0","0","0","1","1","0","1","1","0","1","1","0","0","0","0","0","0","48","49","97"
"경기도교육청","경기도교육청","경기도 오산시","S090000626","성호고등학교","04","공립","N","","1","0","1","1","0","1","0","0","0","16","24","40","7","19","26","0","1","1","0","0","0","0","0","0","0","0","0","0","1","1","0","1","1","1","0","1","0","0","0","0","0","0","26","46","72"
"경기도교육청","경기도교육청","경기도 고양시 일산동구","S090000627","세원고등학교","04","사립","N","","1","0","1","1","0","1","0","0","0","32","10","42","3","5","8","0","0","0","0","0","0","0","0","0","0","0","0","0","1","1","0","1","1","0","1","1","0","0","0","0","0","0","37","18","55"
"경기도교육청","경기도교육청","경기도 시흥시","S090000628","소래고등학교","04","공립","N","","0","1","1","1","0","1","0","0","0","21","49","70","4","6","10","0","1","1","0","0","0","0","0","0","0","0","0","1","0","1","0","0","0","0","1","1","0","0","0","0","0","0","27","58","85"
"경기도교육청","경기도교육청","경기도 부천시 원미구","S090000630","소명여자고등학교","04","사립","N","","0","1","1","1","0","1","0","0","0","35","24","59","1","3","4","0","1","1","0","1","1","0","0","0","0","0","0","1","0","1","0","0","0","0","1","1","0","1","1","0","0","0","38","32","70"
"경기도교육청","경기도교육청","경기도 부천시 소사구","S090000631","소사고등학교","04","공립","N","","0","1","1","1","0","1","0","0","0","18","35","53","3","2","5","1","2","3","0","1","1","0","0","0","0","0","0","0","0","0","0","1","1","0","1","1","0","1","1","0","0","0","23","44","67"
"경기도교육청","경기도교육청","경기도 광명시","S090000632","소하고등학교","04","공립","N","","0","1","1","0","1","1","0","0","0","17","53","70","1","3","4","0","1","1","0","2","2","0","0","0","0","0","0","0","1","1","0","1","1","0","1","1","0","1","1","0","0","0","18","65","83"
"경기도교육청","경기도교육청","경기도 성남시 분당구","S090000633","송림고등학교","04","사립","N","","1","0","1","1","0","1","0","0","0","25","22","47","4","16","20","0","0","0","0","0","0","0","0","0","0","0","0","0","1","1","0","0","0","0","1","1","0","1","1","0","0","0","31","41","72"
"경기도교육청","경기도교육청","경기도 화성시 만세구","S090000634","송산고등학교","04","사립","N","","1","0","1","1","0","1","0","0","0","8","4","12","8","5","13","0","1","1","0","1","1","0","0","0","0","0","0","0","1","1","0","0","0","0","1","1","0","0","0","0","0","0","18","13","31"
"경기도교육청","경기도교육청","경기도 평택시","S090000636","송탄고등학교","04","공립","N","","1","0","1","1","0","1","0","0","0","8","11","19","14","10","24","3","2","5","0","1","1","0","0","0","0","0","0","0","1","1","0","0","0","0","1","1","0","2","2","0","0","0","27","28","55"
"경기도교육청","경기도교육청","경기도 평택시","S090000637","라온고등학교","04","사립","N","","1","0","1","1","0","1","0","0","0","9","14","23","7","9","16","0","0","0","0","0","0","0","0","0","0","0","0","0","0","0","0","1","1","0","1","1","0","1","1","0","0","0","18","26","44"
"경기도교육청","경기도교육청","경기도 의정부시","S090000638","송현고등학교","04","공립","N","","1","0","1","1","0","1","0","0","0","16","47","63","4","2","6","1","0","1","2","0","2","0","0","0","0","0","0","0","1","1","0","0","0","0","1","1","0","1","1","0","0","0","25","52","77"
"경기도교육청","경기도교육청","경기도 성남시 분당구","S090000639","수내고등학교","04","공립","N","","1","0","1","0","1","1","0","0","0","7","49","56","2","7","9","0","1","1","0","0","0","0","0","0","0","0","0","0","1","1","0","1","1","0","1","1","0","1","1","0","0","0","10","62","72"
"경기도교육청","경기도교육청","경기도 군포시","S090000640","수리고등학교","04","공립","N","","0","1","1","0","1","1","0","0","0","23","60","83","0","5","5","0","0","0","0","0","0","0","0","0","0","0","0","0","1","1","0","1","1","0","2","2","0","0","0","0","0","0","23","71","94"
"경기도교육청","경기도교육청","경기도 수원시 장안구","S090000641","수성고등학교","04","공립","N","","1","0","1","1","0","1","0","0","0","27","45","72","1","3","4","0","0","0","0","0","0","0","0","0","0","0","0","0","1","1","0","1","1","0","2","2","0","0","0","0","0","0","30","52","82"
"경기도교육청","경기도교육청","경기도 화성시 효행구","S090000644","홍익디자인고등학교","04","사립","N","","1","0","1","1","0","1","0","0","0","11","10","21","1","7","8","0","0","0","0","0","0","0","0","0","0","0","0","0","1","1","0","1","1","0","1","1","0","1","1","0","0","0","14","21","35"
"경기도교육청","경기도교육청","경기도 수원시 팔달구","S090000645","수원고등학교","04","사립","N","","1","0","1","1","0","1","0","0","0","40","31","71","2","8","10","0","0","0","0","0","0","0","0","0","0","0","0","0","1","1","0","1","1","0","1","1","0","1","1","0","0","0","44","43","87"
"경기도교육청","경기도교육청","경기도 수원시 팔달구","S090000646","수원공업고등학교","04","사립","N","","1","0","1","1","0","1","0","0","0","34","26","60","28","12","40","0","0","0","0","0","0","3","0","3","0","0","0","1","0","1","0","1","1","0","2","2","0","0","0","0","0","0","68","41","109"
"경기도교육청","경기도교육청","경기도 수원시 장안구","S090000648","수원농생명과학고등학교","04","공립","N","","1","0","1","1","0","1","0","0","0","21","44","65","3","18","21","1","3","4","1","1","2","0","0","0","0","0","0","0","2","2","0","0","0","0","1","1","0","2","2","0","0","0","28","71","99"
"경기도교육청","경기도교육청","경기도 수원시 팔달구","S090000649","수원여자고등학교","04","공립","N","","1","0","1","0","1","1","0","0","0","16","53","69","1","4","5","0","0","0","0","0","0","0","0","0","0","0","0","0","1","1","0","0","0","0","1","1","0","1","1","0","0","0","18","61","79"
"경기도교육청","경기도교육청","경기도 수원시 영통구","S090000651","수원정보과학고등학교","04","공립","N","","1","0","1","1","0","1","0","0","0","17","29","46","5","9","14","1","2","3","0","1","1","0","0","0","0","0","0","0","1","1","0","1","1","0","1","1","0","1","1","0","0","0","25","45","70"
"경기도교육청","경기도교육청","경기도 수원시 권선구","S090000653","한봄고등학교","04","사립","N","","1","0","1","1","0","1","0","0","0","21","41","62","1","6","7","0","0","0","0","0","0","0","0","0","0","0","0","0","1","1","0","0","0","0","1","1","0","0","0","0","0","0","24","49","73"
"경기도교육청","경기도교육청","경기도 수원시 장안구","S090000654","수일고등학교","04","공립","N","","1","0","1","1","0","1","0","0","0","18","50","68","1","4","5","0","0","0","0","0","0","0","0","0","0","0","0","0","1","1","0","1","1","0","1","1","0","0","0","0","0","0","21","57","78"
"경기도교육청","경기도교육청","경기도 용인시 수지구","S090000655","수지고등학교","04","공립","N","","1","0","1","1","0","1","0","0","0","9","59","68","7","13","20","0","1","1","1","0","1","0","0","0","0","0","0","0","1","1","0","1","1","0","2","2","0","1","1","0","0","0","19","78","97"
"경기도교육청","경기도교육청","경기도 구리시","S090000656","수택고등학교","04","공립","N","","1","1","2","0","0","0","0","0","0","13","37","50","0","4","4","2","5","7","1","1","2","0","0","0","0","0","0","0","1","1","0","0","0","0","2","2","0","0","0","0","0","0","17","51","68"
"경기도교육청","경기도교육청","경기도 수원시 팔달구","S090000657","숙지고등학교","04","공립","N","","0","1","1","0","1","1","0","0","0","16","50","66","1","8","9","1","3","4","0","1","1","0","0","0","0","0","0","1","0","1","0","0","0","0","1","1","0","1","1","0","0","0","19","66","85"
"경기도교육청","경기도교육청","경기도 성남시 중원구","S090000658","숭신고등학교","04","사립","N","","0","1","1","0","1","1","0","0","0","20","28","48","4","10","14","0","0","0","0","0","0","0","0","0","0","0","0","0","1","1","0","1","1","0","1","1","0","0","0","0","0","0","24","43","67"
"경기도교육청","경기도교육청","경기도 부천시 소사구","S090000659","시온고등학교","04","사립","N","","1","0","1","0","1","1","0","0","0","38","21","59","4","3","7","0","0","0","0","0","0","0","0","0","0","0","0","0","1","1","0","0","0","0","2","2","0","0","0","0","0","0","43","28","71"
"경기도교육청","경기도교육청","경기도 시흥시","S090000660","경기스마트고등학교","04","공립","N","","1","0","1","1","0","1","0","0","0","26","14","40","11","16","27","1","1","2","1","2","3","0","0","0","0","0","0","0","1","1","0","1","1","0","1","1","0","1","1","0","0","0","41","37","78"
"경기도교육청","경기도교육청","경기도 용인시 기흥구","S090000661","신갈고등학교","04","사립","N","","1","0","1","1","0","1","0","0","0","19","15","34","6","20","26","0","0","0","0","0","0","0","0","0","0","0","0","0","1","1","0","1","1","0","1","1","0","1","1","0","0","0","27","39","66"
"경기도교육청","경기도교육청","경기도 안양시 만안구","S090000662","신성고등학교","04","사립","N","","1","0","1","1","0","1","0","0","0","51","9","60","9","1","10","0","0","0","0","0","0","0","0","0","0","0","0","0","0","0","0","0","0","0","1","1","0","0","0","0","0","0","62","11","73"
"경기도교육청","경기도교육청","경기도 고양시 일산서구","S090000665","신일비즈니스고등학교","04","공립","N","","1","0","1","1","0","1","0","0","0","9","36","45","4","8","12","0","0","0","0","2","2","0","0","0","0","0","0","0","1","1","0","1","1","0","4","4","0","0","0","0","0","0","15","52","67"
"경기도교육청","경기도교육청","경기도 평택시","S090000666","신한고등학교","04","사립","N","","1","0","1","0","0","0","0","0","0","26","12","38","7","16","23","0","1","1","1","0","1","0","0","0","0","0","0","0","1","1","0","1","1","0","1","1","0","1","1","0","0","0","35","33","68"
"경기도교육청","경기도교육청","경기도 동두천시","S090000667","신흥고등학교","04","사립","N","","1","0","1","1","0","1","0","0","0","17","6","23","0","1","1","0","0","0","0","0","0","0","0","0","0","0","0","0","1","1","0","1","1","0","1","1","0","0","0","0","0","0","19","10","29"
"경기도교육청","경기도교육청","경기도 남양주시","S090000669","심석고등학교","04","사립","N","","1","0","1","1","0","1","0","0","0","42","11","53","11","9","20","0","0","0","0","0","0","0","0","0","0","0","0","0","1","1","0","1","1","0","1","1","0","1","1","0","0","0","55","24","79"
"경기도교육청","경기도교육청","경기도 부천시 원미구","S090000671","심원고등학교","04","공립","N","","1","0","1","0","1","1","1","0","1","14","40","54","2","2","4","1","0","1","0","0","0","0","0","0","0","0","0","0","1","1","0","1","1","0","1","1","0","0","0","0","0","0","19","46","65"
"경기도교육청","경기도교육청","경기도 안성시","S090000672","안법고등학교","04","사립","N","","1","0","1","1","0","1","0","0","0","27","9","36","6","7","13","0","0","0","0","0","0","0","0","0","0","0","0","0","1","1","0","0","0","0","1","1","0","1","1","0","0","0","35","19","54"
"경기도교육청","경기도교육청","경기도 안산시 단원구","S090000673","안산강서고등학교","04","사립","N","","1","0","1","1","0","1","0","0","0","54","19","73","0","2","2","0","0","0","0","0","0","0","0","0","0","0","0","0","1","1","0","1","1","0","1","1","0","0","0","0","0","0","56","24","80"
"경기도교육청","경기도교육청","경기도 안산시 상록구","S090000674","안산국제비즈니스고등학교","04","사립","N","","1","0","1","1","0","1","0","0","0","31","30","61","4","12","16","0","0","0","0","0","0","0","0","0","0","0","0","0","0","0","0","1","1","0","5","5","0","0","0","0","0","0","37","48","85"
"경기도교육청","경기도교육청","경기도 안산시 상록구","S090000675","안산고등학교","04","사립","N","","1","0","1","1","0","1","0","0","0","26","27","53","8","7","15","0","0","0","0","0","0","0","0","0","0","0","0","0","1","1","0","1","1","0","1","1","0","0","0","0","0","0","36","37","73"
"경기도교육청","경기도교육청","경기도 안산시 상록구","S090000676","안산공업고등학교","04","사립","N","","1","0","1","1","0","1","0","0","0","50","29","79","12","14","26","0","0","0","0","0","0","0","0","0","0","0","0","0","1","1","0","1","1","0","2","2","0","1","1","0","0","0","64","48","112"
"경기도교육청","경기도교육청","경기도 안산시 상록구","S090000677","안산동산고등학교","04","사립","N","","1","0","1","1","0","1","0","0","0","41","20","61","10","8","18","0","0","0","0","0","0","0","0","0","0","1","1","0","1","1","0","0","0","0","1","1","0","1","1","1","0","1","54","32","86"
"경기도교육청","경기도교육청","경기도 안산시 상록구","S090000680","안산디자인문화고등학교","04","사립","N","","1","0","1","1","0","1","0","0","0","39","31","70","3","10","13","0","0","0","0","0","0","0","0","0","0","0","0","1","0","1","0","1","1","0","1","1","0","0","0","0","0","0","45","43","88"
"경기도교육청","경기도교육청","경기도 안성시","S090000684","안성고등학교","04","공립","N","","0","1","1","2","0","2","0","0","0","8","13","21","7","16","23","2","2","4","1","0","1","0","0","0","0","0","0","1","1","2","0","0","0","0","1","1","0","1","1","0","0","0","21","35","56"
"경기도교육청","경기도교육청","경기도 안성시","S090000685","두원공업고등학교","04","사립","N","","1","0","1","1","0","1","0","0","0","30","10","40","10","4","14","0","0","0","0","0","0","0","0","0","0","0","0","1","0","1","0","0","0","0","1","1","0","1","1","0","0","0","43","16","59"
"경기도교육청","경기도교육청","경기도 안성시","S090000686","안성여자고등학교","04","공립","N","","1","0","1","0","1","1","0","0","0","10","9","19","2","17","19","0","3","3","0","1","1","0","0","0","0","0","0","0","1","1","0","0","0","0","1","1","0","0","0","0","0","0","13","33","46"
"경기도교육청","경기도교육청","경기도 안성시","S090000689","가온고등학교","04","사립","N","","0","0","0","1","0","1","0","0","0","26","15","41","11","9","20","0","0","0","0","0","0","0","0","0","0","0","0","1","0","1","1","0","1","0","1","1","0","1","1","0","0","0","40","26","66"
"경기도교육청","경기도교육청","경기도 안양시 만안구","S090000690","안양고등학교","04","공립","N","","1","0","1","0","1","1","0","0","0","12","62","74","4","7","11","0","3","3","0","0","0","0","0","0","0","0","0","0","0","0","0","1","1","0","1","1","0","0","0","0","0","0","17","75","92"
"경기도교육청","경기도교육청","경기도 안양시 만안구","S090000691","안양공업고등학교","04","공립","N","","1","0","1","1","0","1","0","1","1","27","24","51","1","8","9","1","10","11","0","1","1","0","0","0","0","0","0","1","0","1","0","0","0","0","1","1","0","0","0","0","0","0","32","45","77"
"경기도교육청","경기도교육청","경기도 안양시 만안구","S090000693","안양여자고등학교","04","사립","N","","1","0","1","0","1","1","0","0","0","22","18","40","2","7","9","0","0","0","0","0","0","0","0","0","0","0","0","0","1","1","0","0","0","0","1","1","0","0","0","0","0","0","25","28","53"
"경기도교육청","경기도교육청","경기도 안양시 만안구","S090000694","안양문화고등학교","04","사립","N","","1","0","1","0","2","2","0","0","0","12","23","35","2","9","11","0","0","0","0","0","0","0","0","0","0","0","0","0","1","1","0","0","0","1","7","8","0","0","0","0","0","0","16","42","58"
"경기도교육청","경기도교육청","경기도 안양시 만안구","S090000696","안양예술고등학교","04","사립","N","","0","1","1","1","0","1","0","0","0","11","6","17","13","7","20","0","0","0","0","0","0","0","0","0","0","0","0","0","0","0","0","0","0","0","1","1","0","0","0","6","5","11","31","20","51"
"경기도교육청","경기도교육청","경기도 안양시 만안구","S090000697","안양외국어고등학교","04","사립","N","","1","0","1","1","0","1","0","0","0","27","31","58","0","10","10","0","0","0","0","0","0","0","0","0","0","0","0","0","0","0","0","0","0","0","1","1","0","0","0","3","1","4","32","43","75"
"경기도교육청","경기도교육청","경기도 평택시","S090000699","경기물류고등학교","04","공립","N","","1","0","1","1","0","1","0","0","0","12","23","35","1","7","8","0","2","2","0","3","3","0","0","0","0","0","0","1","1","2","0","0","0","0","1","1","0","1","1","0","0","0","16","38","54"
"경기도교육청","경기도교육청","경기도 평택시","S090000701","안중고등학교","04","사립","N","","1","0","1","1","0","1","0","0","0","27","4","31","9","7","16","0","0","0","0","0","0","0","0","0","0","0","0","0","0","0","0","1","1","0","1","1","0","1","1","0","0","0","38","14","52"
"경기도교육청","경기도교육청","경기도 성남시 분당구","S090000702","야탑고등학교","04","사립","N","","1","0","1","1","0","1","0","0","0","32","20","52","7","2","9","0","0","0","0","0","0","0","0","0","0","0","0","0","0","0","0","0","0","0","1","1","0","1","1","0","0","0","41","24","65"
"경기도교육청","경기도교육청","경기도 김포시","S090000703","양곡고등학교","04","사립","N","","1","0","1","1","0","1","0","0","0","22","6","28","9","9","18","0","0","0","0","0","0","0","0","0","0","0","0","0","2","2","0","1","1","0","1","1","0","1","1","0","0","0","33","20","53"
"경기도교육청","경기도교육청","경기도 양평군","S090000704","양동고등학교","04","사립","N","","1","0","1","1","0","1","0","0","0","6","8","14","2","2","4","1","0","1","1","0","1","0","0","0","0","0","0","0","0","0","0","0","0","0","1","1","0","1","1","0","0","0","12","12","24"
"경기도교육청","경기도교육청","경기도 안양시 만안구","S090000705","양명고등학교","04","사립","N","","1","0","1","1","0","1","0","0","0","33","18","51","14","9","23","0","0","0","0","0","0","0","0","0","0","0","0","1","0","1","0","0","0","0","1","1","0","0","0","0","0","0","50","28","78"
"경기도교육청","경기도교육청","경기도 안양시 만안구","S090000706","양명여자고등학교","04","사립","N","","0","1","1","1","0","1","0","0","0","31","22","53","4","5","9","0","0","0","0","0","0","0","0","0","0","0","0","0","1","1","0","0","0","0","1","1","0","0","0","0","0","0","36","30","66"
"경기도교육청","경기도교육청","경기도 양평군","S090000707","양서고등학교","04","사립","N","","1","0","1","0","0","0","0","0","0","32","13","45","3","6","9","0","0","0","0","0","0","0","0","0","0","0","0","0","1","1","0","0","0","0","1","1","0","0","0","0","0","0","36","21","57"
"경기도교육청","경기도교육청","경기도 성남시 분당구","S090000708","양영디지털고등학교","04","공립","N","","0","1","1","1","0","1","0","0","0","13","37","50","4","3","7","0","0","0","0","0","0","0","0","0","0","0","0","0","1","1","0","0","0","0","1","1","0","2","2","0","0","0","18","45","63"
"경기도교육청","경기도교육청","경기도 양평군","S090000711","양일고등학교","04","사립","N","","1","0","1","1","0","1","0","0","0","28","15","43","7","0","7","1","0","1","1","1","2","0","0","0","0","0","0","0","1","1","0","0","0","0","2","2","0","1","1","0","0","0","39","20","59"
"경기도교육청","경기도교육청","경기도 안산시 단원구","S090000713","양지고등학교","04","공립","N","","1","0","1","1","0","1","0","0","0","16","44","60","3","9","12","1","1","2","0","1","1","0","0","0","0","0","0","0","1","1","0","0","0","0","2","2","0","0","0","0","0","0","22","58","80"
"경기도교육청","경기도교육청","경기도 양평군","S090000714","양평전자과학고등학교","04","공립","N","","1","0","1","1","0","1","0","0","0","12","4","16","7","4","11","0","0","0","0","0","0","0","0","0","0","0","0","0","0","0","0","1","1","0","1","1","0","0","0","0","0","0","21","10","31"
"경기도교육청","경기도교육청","경기도 양평군","S090000716","양평고등학교","04","공립","N","","1","0","1","0","1","1","1","0","1","17","19","36","2","9","11","1","2","3","1","2","3","0","0","0","0","0","0","0","0","0","0","0","0","0","1","1","0","0","0","0","0","0","23","34","57"
"경기도교육청","경기도교육청","경기도 여주시","S090000717","여강고등학교","04","사립","N","","1","0","1","1","0","1","0","0","0","10","2","12","1","5","6","1","0","1","0","0","0","0","0","0","0","0","0","1","0","1","0","0","0","0","1","1","0","0","0","0","1","1","15","9","24"
"경기도교육청","경기도교육청","경기도 여주시","S090000718","여주고등학교","04","사립","N","","1","0","1","2","0","2","0","0","0","17","6","23","3","9","12","0","0","0","0","0","0","0","0","0","0","0","0","0","1","1","0","1","1","0","1","1","0","1","1","0","0","0","23","19","42"
"경기도교육청","경기도교육청","경기도 여주시","S090000720","세종고등학교","04","공립","N","","1","0","1","1","0","1","1","0","1","10","14","24","7","7","14","1","1","2","3","1","4","0","0","0","0","0","0","0","1","1","0","1","1","0","1","1","0","0","0","0","0","0","24","26","50"
"경기도교육청","경기도교육청","경기도 여주시","S090000722","여주자영농업고등학교","04","공립","N","","0","0","0","2","0","2","0","0","0","25","14","39","4","20","24","1","0","1","0","2","2","0","0","0","0","0","0","0","2","2","0","1","1","0","1","1","0","1","1","0","0","0","32","41","73"
"경기도교육청","경기도교육청","경기도 여주시","S090000723","여주제일고등학교","04","사립","N","","1","0","1","1","0","1","0","0","0","20","7","27","4","7","11","0","1","1","1","0","1","0","0","0","0","0","0","0","1","1","0","0","0","0","1","1","0","0","0","0","0","0","27","17","44"
"경기도교육청","경기도교육청","경기도 연천군","S090000726","연천고등학교","04","공립","N","","1","0","1","1","0","1","0","0","0","8","2","10","2","14","16","1","2","3","0","0","0","0","0","0","0","0","0","1","1","2","0","1","1","0","2","2","0","0","0","0","0","0","14","22","36"
"경기도교육청","경기도교육청","경기도 수원시 영통구","S090000728","영덕고등학교","04","공립","N","","1","0","1","1","1","2","0","0","0","20","50","70","3","9","12","0","0","0","0","0","0","0","0","0","0","0","0","0","1","1","0","1","1","0","1","1","0","1","1","0","0","0","25","64","89"
"경기도교육청","경기도교육청","경기도 성남시 분당구","S090000729","분당영덕여자고등학교","04","사립","N","","1","0","1","1","0","1","0","0","0","22","26","48","2","11","13","0","0","0","0","0","0","0","0","0","0","0","0","0","1","1","0","1","1","0","1","1","0","1","1","0","0","0","26","41","67"
"경기도교육청","경기도교육청","경기도 수원시 팔달구","S090000730","영복여자고등학교","04","사립","N","","0","1","1","1","0","1","0","0","0","30","22","52","3","12","15","0","0","0","0","0","0","0","0","0","0","0","0","0","1","1","0","1","1","0","1","1","0","1","1","0","0","0","34","39","73"
"경기도교육청","경기도교육청","경기도 포천시","S090000731","영북고등학교","04","공립","N","","0","0","0","1","0","1","0","1","1","7","3","10","7","3","10","0","0","0","0","1","1","0","0","0","0","0","0","0","1","1","1","0","1","0","1","1","0","0","0","0","0","0","16","10","26"
"경기도교육청","경기도교육청","경기도 수원시 장안구","S090000732","영생고등학교","04","사립","N","","1","0","1","1","0","1","0","0","0","31","25","56","3","7","10","0","0","0","0","0","0","0","0","0","0","0","0","0","1","1","0","1","1","0","1","1","0","0","0","0","0","0","36","35","71"
"경기도교육청","경기도교육청","경기도 의정부시","S090000733","동국대학교사범대학부속영석고등학교","04","사립","N","","1","0","1","1","0","1","0","0","0","28","18","46","5","11","16","0","0","0","0","0","0","0","0","0","0","0","0","1","0","1","0","0","0","0","1","1","0","2","2","0","0","0","36","32","68"
"경기도교육청","경기도교육청","경기도 수원시 권선구","S090000734","영신여자고등학교","04","사립","N","","1","0","1","0","0","0","0","0","0","26","23","49","4","15","19","0","0","0","0","0","0","0","0","0","0","0","0","1","0","1","0","1","1","0","1","1","0","0","0","0","0","0","32","40","72"
"경기도교육청","경기도교육청","경기도 오산시","S090000736","오산고등학교","04","사립","N","","1","0","1","1","0","1","0","0","0","23","23","46","4","9","13","0","0","0","0","0","0","0","0","0","0","0","0","0","0","0","0","1","1","0","1","1","0","0","0","0","0","0","29","34","63"
"경기도교육청","경기도교육청","경기도 오산시","S090000737","오산정보고등학교","04","공립","N","","1","0","1","1","0","1","0","0","0","21","20","41","4","15","19","0","3","3","0","1","1","0","0","0","0","0","0","0","1","1","0","1","1","0","1","1","0","0","0","0","0","0","27","42","69"
"경기도교육청","경기도교육청","경기도 양평군","S090000739","용문고등학교","04","사립","N","","1","0","1","1","0","1","0","0","0","16","11","27","6","2","8","0","2","2","0","0","0","0","0","0","0","0","0","0","1","1","0","0","0","0","1","1","0","0","0","0","0","0","24","17","41"
"경기도교육청","경기도교육청","경기도 용인시 처인구","S090000740","용인고등학교","04","공립","N","","2","0","2","0","1","1","0","0","0","18","48","66","4","11","15","2","3","5","1","0","1","0","0","0","0","0","0","0","2","2","0","0","0","0","2","2","0","1","1","0","0","0","27","68","95"
"경기도교육청","경기도교육청","경기도 용인시 처인구","S090000741","용인바이오고등학교","04","공립","N","","0","0","0","2","0","2","0","0","0","6","12","18","1","5","6","0","2","2","0","0","0","0","0","0","0","0","0","0","0","0","0","0","0","0","1","1","0","1","1","0","0","0","9","21","30"
"경기도교육청","경기도교육청","경기도 용인시 처인구","S090000744","덕영고등학교","04","사립","N","","1","0","1","1","0","1","0","0","0","30","19","49","3","7","10","0","0","0","0","0","0","0","0","0","0","0","0","0","1","1","0","1","1","0","7","7","0","1","1","0","0","0","35","36","71"
"경기도교육청","경기도교육청","경기도 군포시","S090000745","용호고등학교","04","공립","N","","0","1","1","1","1","2","0","0","0","21","61","82","5","5","10","1","2","3","0","1","1","0","0","0","0","0","0","1","0","1","0","0","0","0","2","2","0","1","1","0","0","0","29","74","103"
"경기도교육청","경기도교육청","경기도 의왕시","S090000746","우성고등학교","04","사립","N","","1","0","1","1","0","1","0","0","0","29","26","55","5","5","10","0","0","0","0","0","0","0","0","0","0","0","0","0","1","1","0","1","1","0","1","1","0","0","0","0","0","0","36","34","70"
"경기도교육청","경기도교육청","경기도 안산시 단원구","S090000747","원곡고등학교","04","공립","N","","1","0","1","1","0","1","0","0","0","26","35","61","7","13","20","2","1","3","0","1","1","0","0","0","0","0","0","0","1","1","0","1","1","0","1","1","0","0","0","0","0","0","37","53","90"
"경기도교육청","경기도교육청","경기도 부천시 원미구","S090000748","원미고등학교","04","공립","N","","1","0","1","1","0","1","0","0","0","13","38","51","1","3","4","1","0","1","0","2","2","0","0","0","0","0","0","1","0","1","0","0","0","0","1","1","0","0","0","0","0","0","18","44","62"
"경기도교육청","경기도교육청","경기도 부천시 오정구","S090000749","원종고등학교","04","공립","N","","1","0","1","1","0","1","0","0","0","12","40","52","3","7","10","0","1","1","1","1","2","0","0","0","0","0","0","1","1","2","0","0","0","0","1","1","0","0","0","0","0","0","19","51","70"
"경기도교육청","경기도교육청","경기도 수원시 팔달구","S090000750","유신고등학교","04","사립","N","","1","0","1","2","0","2","0","0","0","59","15","74","3","1","4","0","0","0","0","0","0","0","0","0","0","0","0","1","0","1","0","1","1","0","1","1","0","1","1","0","1","1","66","20","86"
"경기도교육청","경기도교육청","경기도 파주시","S090000751","율곡고등학교","04","사립","N","","1","0","1","0","1","1","0","0","0","18","11","29","4","5","9","0","1","1","1","0","1","0","0","0","0","0","0","0","1","1","1","0","1","0","2","2","0","0","0","0","0","0","25","21","46"
"경기도교육청","경기도교육청","경기도 이천시","S090000753","율면고등학교","04","공립","N","","1","0","1","1","0","1","0","0","0","6","2","8","2","2","4","0","0","0","0","0","0","0","0","0","0","0","0","0","0","0","0","1","1","0","0","0","0","0","0","0","0","0","10","5","15"
"경기도교육청","경기도교육청","경기도 시흥시","S090000754","은행고등학교","04","공립","N","","0","1","1","1","0","1","0","0","0","15","45","60","3","13","16","1","2","3","1","0","1","0","0","0","0","0","0","0","1","1","0","1","1","0","1","1","0","0","0","0","0","0","21","64","85"
"경기도교육청","경기도교육청","경기도 평택시","S090000755","은혜고등학교","04","사립","N","","0","0","0","0","1","1","0","0","0","26","27","53","1","6","7","0","0","0","0","0","0","0","0","0","0","0","0","0","1","1","0","1","1","0","1","1","0","1","1","0","0","0","27","38","65"
"경기도교육청","경기도교육청","경기도 의정부시","S090000756","의정부고등학교","04","공립","N","","1","0","1","1","0","1","0","0","0","15","44","59","3","6","9","0","1","1","0","1","1","0","0","0","0","0","0","0","0","0","0","0","0","0","1","1","0","2","2","0","0","0","20","55","75"
"경기도교육청","경기도교육청","경기도 의정부시","S090000757","한국모빌리티고등학교","04","공립","N","","1","0","1","1","0","1","0","0","0","45","32","77","5","6","11","1","2","3","1","1","2","0","0","0","0","0","0","0","1","1","0","0","0","0","2","2","0","0","0","0","0","0","54","44","98"
"경기도교육청","경기도교육청","경기도 의정부시","S090000758","의정부여자고등학교","04","공립","N","","0","1","1","0","1","1","0","0","0","15","44","59","1","3","4","0","0","0","0","0","0","0","0","0","0","0","0","0","1","1","0","1","1","0","1","1","0","1","1","0","0","0","16","53","69"
"경기도교육청","경기도교육청","경기도 성남시 분당구","S090000759","이매고등학교","04","공립","N","","0","1","1","1","0","1","0","0","0","12","47","59","2","5","7","0","0","0","0","0","0","0","0","0","0","0","0","0","0","0","0","2","2","0","1","1","0","1","1","0","0","0","15","57","72"
"경기도교육청","경기도교육청","경기도 이천시","S090000760","이천고등학교","04","공립","N","","1","0","1","1","0","1","0","0","0","22","20","42","3","22","25","0","2","2","1","0","1","0","0","0","0","0","0","0","1","1","0","1","1","0","1","1","0","0","0","0","0","0","28","47","75"
"경기도교육청","경기도교육청","경기도 이천시","S090000762","이천제일고등학교","04","공립","N","","1","0","1","0","1","1","0","0","0","43","21","64","13","19","32","0","4","4","1","4","5","1","0","1","0","0","0","2","0","2","0","1","1","0","2","2","0","0","0","0","0","0","61","52","113"
"경기도교육청","경기도교육청","경기도 이천시","S090000763","이천양정여자고등학교","04","사립","N","","1","0","1","1","0","1","0","0","0","20","28","48","2","10","12","0","0","0","0","0","0","0","0","0","0","0","0","0","1","1","0","0","0","0","1","1","0","2","2","0","0","0","24","42","66"
"경기도교육청","경기도교육청","경기도 이천시","S090000765","다산고등학교","04","사립","N","","1","0","1","0","1","1","1","0","1","22","16","38","4","4","8","0","0","0","0","0","0","0","0","0","0","0","0","0","1","1","0","0","0","0","8","8","0","0","0","0","0","0","28","30","58"
"경기도교육청","경기도교육청","경기도 여주시","S090000767","이포고등학교","04","공립","N","","1","0","1","2","0","2","0","0","0","7","5","12","2","3","5","0","0","0","0","1","1","0","0","0","0","0","0","0","0","0","0","0","0","0","1","1","0","0","0","0","0","0","12","10","22"
"경기도교육청","경기도교육청","경기도 구리시","S090000769","인창고등학교","04","공립","N","","1","1","2","0","0","0","0","0","0","14","33","47","0","4","4","0","1","1","0","3","3","0","0","0","0","0","0","0","1","1","0","0","0","0","1","1","0","1","1","0","0","0","15","45","60"
"경기도교육청","경기도교육청","경기도 포천시","S090000770","일동고등학교","04","공립","N","","0","1","1","0","1","1","0","0","0","8","5","13","6","11","17","1","1","2","0","2","2","0","0","0","0","0","0","1","0","1","0","1","1","0","1","1","0","0","0","0","0","0","16","23","39"
"경기도교육청","경기도교육청","경기도 고양시 일산서구","S090000771","일산고등학교","04","공립","N","","1","0","1","1","1","2","1","0","1","19","26","45","7","16","23","0","0","0","0","0","0","0","0","0","0","0","0","0","1","1","0","0","0","0","1","1","0","0","0","0","0","0","29","45","74"
"경기도교육청","경기도교육청","경기도 고양시 일산서구","S090000772","일산대진고등학교","04","사립","N","","1","0","1","0","0","0","0","0","0","31","45","76","1","6","7","0","0","0","0","0","0","0","0","0","0","0","0","0","0","0","0","1","1","0","1","1","0","0","0","0","0","0","33","53","86"
"경기도교육청","경기도교육청","경기도 고양시 일산서구","S090000773","일산동고등학교","04","공립","N","","1","0","1","1","0","1","0","0","0","12","48","60","1","10","11","0","1","1","0","2","2","0","0","0","0","0","0","0","1","1","0","1","1","0","1","1","0","2","2","0","0","0","15","66","81"
"경기도교육청","경기도교육청","경기도 고양시 일산서구","S090000775","일산국제컨벤션고등학교","04","공립","N","","1","0","1","1","0","1","0","0","0","15","37","52","3","17","20","0","1","1","1","0","1","0","0","0","0","0","0","0","1","1","0","1","1","0","1","1","0","1","1","0","0","0","21","59","80"
"경기도교육청","경기도교육청","경기도 안성시","S090000777","일죽고등학교","04","공립","N","","1","0","1","0","1","1","0","0","0","5","4","9","2","4","6","0","0","0","0","0","0","0","0","0","0","0","0","0","0","0","0","0","0","0","1","1","0","0","0","0","0","0","8","10","18"
"경기도교육청","경기도교육청","경기도 시흥시","S090000778","장곡고등학교","04","공립","N","","0","1","1","0","1","1","0","0","0","11","31","42","5","12","17","1","1","2","1","0","1","0","0","0","0","0","0","0","1","1","0","0","0","0","2","2","0","0","0","0","0","0","18","49","67"
"경기도교육청","경기도교육청","경기도 수원시 장안구","S090000779","장안고등학교","04","공립","N","","1","0","1","1","0","1","0","0","0","17","38","55","4","6","10","1","2","3","0","0","0","0","0","0","0","0","0","0","1","1","0","1","1","0","1","1","0","0","0","0","0","0","24","49","73"
"경기도교육청","경기도교육청","경기도 이천시","S090000780","부원고등학교","04","사립","N","","1","0","1","1","0","1","0","0","0","14","6","20","7","4","11","0","0","0","0","0","0","1","0","1","0","0","0","1","0","1","0","0","0","0","1","1","0","1","1","0","0","0","25","12","37"
"경기도교육청","경기도교육청","경기도 이천시","S090000781","장호원고등학교","04","공립","N","","2","0","2","0","0","0","0","0","0","6","5","11","6","15","21","0","1","1","1","0","1","0","0","0","0","0","0","1","0","1","1","0","1","0","1","1","0","1","1","0","0","0","17","23","40"
"경기도교육청","경기도교육청","경기도 고양시 일산동구","S090000783","저동고등학교","04","공립","N","","0","1","1","1","0","1","0","0","0","10","51","61","2","11","13","1","1","2","0","0","0","0","0","0","0","0","0","0","1","1","0","0","0","0","1","1","0","0","0","0","0","0","14","66","80"
"경기도교육청","경기도교육청","경기도 파주시","S090000784","적성융합고등학교","04","공립","N","","0","1","1","0","1","1","0","0","0","7","7","14","0","3","3","0","1","1","0","0","0","0","0","0","0","0","0","0","0","0","0","0","0","0","1","1","0","0","0","1","0","1","8","14","22"
"경기도교육청","경기도교육청","경기도 연천군","S090000786","전곡고등학교","04","공립","N","","2","0","2","0","0","0","0","1","1","23","8","31","12","20","32","0","1","1","2","4","6","0","0","0","0","0","0","0","1","1","0","1","1","0","1","1","0","2","2","0","0","0","39","39","78"
"경기도교육청","경기도교육청","경기도 여주시","S090000787","점동고등학교","04","공립","N","","1","0","1","1","0","1","0","0","0","5","5","10","3","2","5","0","2","2","0","1","1","0","0","0","0","0","0","0","0","0","0","0","0","0","1","1","0","0","0","0","0","0","10","11","21"
"경기도교육청","경기도교육청","경기도 부천시 소사구","S090000788","정명고등학교","04","사립","N","","0","1","1","1","0","1","0","0","0","24","21","45","7","9","16","0","0","0","0","0","0","0","0","0","0","0","0","1","0","1","0","1","1","0","1","1","0","0","0","0","0","0","33","33","66"
"경기도교육청","경기도교육청","경기도 부천시 소사구","S090000790","경기경영고등학교","04","사립","N","","0","1","1","1","0","1","0","0","0","32","18","50","4","14","18","0","0","0","0","0","0","0","0","0","0","0","0","0","1","1","0","1","1","0","1","1","0","1","1","0","0","0","37","37","74"
"경기도교육청","경기도교육청","경기도 고양시 일산동구","S090000791","정발고등학교","04","공립","N","","1","0","1","0","1","1","0","0","0","15","45","60","3","7","10","0","3","3","0","0","0","0","0","0","0","0","0","0","0","0","0","1","1","0","1","1","0","0","0","0","0","0","19","58","77"
"경기도교육청","경기도교육청","경기도 시흥시","S090000792","정왕고등학교","04","공립","N","","0","1","1","1","0","1","0","0","0","21","33","54","2","13","15","0","0","0","0","0","0","0","0","0","0","0","0","0","1","1","0","1","1","0","2","2","0","1","1","0","0","0","24","52","76"
"경기도교육청","경기도교육청","경기도 가평군","S090000796","조종고등학교","04","공립","N","","0","0","0","1","0","1","0","0","0","6","9","15","3","7","10","1","0","1","0","0","0","0","0","0","0","0","0","0","1","1","0","1","1","0","1","1","0","0","0","0","0","0","11","19","30"
"경기도교육청","경기도교육청","경기도 고양시 일산서구","S090000797","주엽고등학교","04","공립","N","","1","0","1","1","0","1","0","0","0","16","47","63","2","4","6","1","2","3","0","0","0","0","0","0","0","0","0","1","1","2","0","0","0","0","1","1","0","1","1","0","0","0","22","56","78"
"경기도교육청","경기도교육청","경기도 고양시 일산서구","S090000798","경기영상과학고등학교","04","공립","N","","1","0","1","1","0","1","1","0","1","19","32","51","2","10","12","0","0","0","0","0","0","0","0","0","0","0","0","0","1","1","0","1","1","0","2","2","0","1","1","0","0","0","24","47","71"
"경기도교육청","경기도교육청","경기도 안성시","S090000800","죽산고등학교","04","공립","N","","0","0","0","2","0","2","0","0","0","4","6","10","4","5","9","1","0","1","0","0","0","0","0","0","0","0","0","0","0","0","0","0","0","0","1","1","0","0","0","0","0","0","11","12","23"
"경기도교육청","경기도교육청","경기도 용인시 수지구","S090000801","죽전고등학교","04","공립","N","","1","0","1","1","0","1","0","0","0","17","54","71","0","7","7","0","0","0","0","0","0","0","0","0","0","0","0","0","1","1","0","0","0","0","1","1","0","1","1","0","0","0","19","64","83"
"경기도교육청","경기도교육청","경기도 고양시 일산동구","S090000802","중산고등학교","04","공립","N","","0","1","1","2","1","3","0","0","0","15","42","57","1","9","10","1","0","1","0","0","0","0","0","0","0","0","0","0","0","0","0","0","0","0","1","1","0","0","0","0","0","0","19","54","73"
"경기도교육청","경기도교육청","경기도 부천시 원미구","S090000803","중원고등학교","04","공립","N","","1","0","1","2","0","2","0","0","0","11","39","50","3","4","7","1","1","2","0","0","0","0","0","0","0","0","0","0","0","0","0","1","1","0","1","1","0","1","1","0","0","0","18","47","65"
"경기도교육청","경기도교육청","경기도 부천시 원미구","S090000804","중흥고등학교","04","공립","N","","1","0","1","1","0","1","0","0","0","15","40","55","2","4","6","1","1","2","1","0","1","0","0","0","0","0","0","0","2","2","0","1","1","0","1","1","0","0","0","0","0","0","21","49","70"
"경기도교육청","경기도교육청","경기도 양평군","S090000805","지평고등학교","04","공립","N","","2","0","2","0","0","0","0","0","0","5","4","9","2","3","5","0","1","1","0","1","1","0","0","0","0","0","0","1","0","1","0","0","0","0","4","4","0","1","1","0","0","0","10","14","24"
"경기도교육청","경기도교육청","경기도 남양주시","S090000806","진건고등학교","04","공립","N","","1","0","1","0","1","1","0","0","0","24","34","58","6","9","15","0","1","1","1","1","2","0","0","0","0","0","0","0","1","1","0","1","1","0","1","1","0","1","1","0","0","0","32","50","82"
"경기도교육청","경기도교육청","경기도 광명시","S090000807","진성고등학교","04","사립","N","","0","1","1","0","0","0","0","0","0","27","16","43","8","13","21","0","0","0","0","0","0","0","0","0","0","0","0","0","1","1","0","0","0","0","1","1","0","0","0","0","0","0","35","32","67"
"경기도교육청","경기도교육청","경기도 평택시","S090000810","진위고등학교","04","사립","N","","1","0","1","1","0","1","0","0","0","14","19","33","6","4","10","0","0","0","0","0","0","0","0","0","0","0","0","1","0","1","0","0","0","0","1","1","0","1","1","0","0","0","23","25","48"
"경기도교육청","경기도교육청","경기도 여주시","S090000811","경기관광고등학교","04","사립","N","","1","0","1","1","0","1","0","0","0","9","14","23","1","5","6","0","0","0","0","0","0","0","0","0","0","0","0","0","1","1","0","0","0","0","1","1","0","1","1","0","0","0","12","22","34"
"경기도교육청","경기도교육청","경기도 수원시 팔달구","S090000812","창현고등학교","04","사립","N","","1","0","1","1","0","1","0","0","0","54","20","74","3","5","8","0","0","0","0","0","0","0","0","0","0","0","0","0","1","1","1","0","1","0","2","2","0","1","1","0","0","0","60","29","89"
"경기도교육청","경기도교육청","경기도 평택시","S090000813","청담고등학교","04","사립","N","","1","0","1","1","0","1","0","0","0","28","18","46","4","9","13","0","0","0","0","0","0","0","0","0","0","0","0","0","1","1","0","0","0","0","1","1","0","0","0","0","0","0","34","29","63"
"경기도교육청","경기도교육청","경기도 수원시 영통구","S090000815","청명고등학교","04","공립","N","","1","0","1","1","0","1","0","0","0","18","54","72","1","7","8","1","1","2","1","0","1","0","0","0","0","0","0","0","1","1","0","0","0","0","1","1","0","1","1","0","0","0","23","65","88"
"경기도교육청","경기도교육청","경기도 양평군","S090000816","청운고등학교","04","공립","N","","1","0","1","0","1","1","0","0","0","5","2","7","0","4","4","0","0","0","0","0","0","0","0","0","0","0","0","0","1","1","0","0","0","0","1","1","0","0","0","0","0","0","6","9","15"
"경기도교육청","경기도교육청","경기도 가평군","S090000817","청평고등학교","04","공립","N","","1","0","1","2","0","2","0","0","0","9","5","14","2","9","11","3","1","4","1","0","1","0","0","0","0","0","0","0","1","1","0","0","0","0","2","2","0","1","1","0","0","0","18","19","37"
"경기도교육청","경기도교육청","경기도 남양주시","S090000818","청학고등학교","04","공립","N","","0","1","1","3","0","3","0","0","0","13","28","41","2","4","6","0","0","0","0","0","0","0","0","0","0","0","0","0","1","1","0","0","0","0","1","1","0","1","1","0","0","0","18","36","54"
"경기도교육청","경기도교육청","경기도 안산시 단원구","S090000819","초지고등학교","04","공립","N","","0","1","1","1","0","1","0","0","0","17","30","47","4","13","17","1","1","2","0","0","0","0","0","0","0","0","0","0","1","1","0","0","0","0","2","2","0","0","0","0","0","0","23","48","71"
"경기도교육청","경기도교육청","경기도 광명시","S090000820","충현고등학교","04","공립","N","","1","0","1","0","1","1","0","0","0","18","46","64","1","4","5","0","0","0","0","0","0","0","0","0","0","0","0","0","1","1","0","0","0","0","1","1","0","0","0","0","0","0","20","53","73"
"경기도교육청","경기도교육청","경기도 평택시","S090000821","태광고등학교","04","사립","N","","1","0","1","0","0","0","0","0","0","16","10","26","15","17","32","0","0","0","0","0","0","0","0","0","0","0","0","0","1","1","0","1","1","0","1","1","0","1","1","0","0","0","32","31","63"
"경기도교육청","경기도교육청","경기도 용인시 처인구","S090000822","태성고등학교","04","사립","N","","1","0","1","1","0","1","0","0","0","22","13","35","4","16","20","0","0","0","0","0","0","0","0","0","0","0","0","0","1","1","0","1","1","0","1","1","0","0","0","0","0","0","28","32","60"
"경기도교육청","경기도교육청","경기도 성남시 분당구","S090000823","태원고등학교","04","사립","N","","1","0","1","0","0","0","0","0","0","27","33","60","2","11","13","0","0","0","0","0","0","0","0","0","0","0","0","0","1","1","0","1","1","0","1","1","0","1","1","0","0","0","30","48","78"
"경기도교육청","경기도교육청","경기도 수원시 영통구","S090000824","태장고등학교","04","공립","N","","1","0","1","1","0","1","0","1","1","23","54","77","3","4","7","1","3","4","0","0","0","0","0","0","0","0","0","0","0","0","0","0","0","0","1","1","0","1","1","0","0","0","29","64","93"
"경기도교육청","경기도교육청","경기도 구리시","S090000825","토평고등학교","04","공립","N","","1","0","1","1","0","1","0","0","0","9","38","47","3","3","6","0","3","3","0","0","0","0","0","0","0","0","0","0","1","1","0","1","1","0","1","1","0","0","0","0","0","0","14","47","61"
"경기도교육청","경기도교육청","경기도 김포시","S090000826","통진고등학교","04","사립","N","","1","0","1","0","0","0","0","0","0","33","24","57","2","4","6","1","1","2","0","0","0","0","0","0","0","0","0","0","1","1","0","1","1","0","1","1","0","1","1","0","0","0","37","33","70"
"경기도교육청","경기도교육청","경기도 남양주시","S090000827","퇴계원고등학교","04","공립","N","","1","0","1","1","0","1","0","0","0","24","41","65","4","7","11","0","3","3","0","1","1","0","0","0","0","0","0","0","1","1","0","1","1","0","1","1","0","1","1","0","0","0","30","56","86"
"경기도교육청","경기도교육청","경기도 파주시","S090000829","세경고등학교","04","사립","N","","1","1","2","1","0","1","0","0","0","17","7","24","24","16","40","0","0","0","0","0","0","0","0","0","0","0","0","0","1","1","0","0","0","0","4","4","0","0","0","1","0","1","44","29","73"
"경기도교육청","경기도교육청","경기도 파주시","S090000831","정목고등학교","04","사립","N","","1","0","1","1","0","1","0","0","0","13","15","28","4","11","15","0","0","0","0","0","0","0","0","0","0","0","0","0","1","1","0","0","0","0","1","1","0","0","0","0","0","0","19","28","47"
"경기도교육청","경기도교육청","경기도 파주시","S090000832","파주고등학교","04","사립","N","","0","0","0","1","1","2","0","0","0","9","12","21","3","7","10","0","0","0","0","0","0","0","0","0","0","0","0","0","0","0","0","0","0","0","1","1","0","0","0","0","0","0","13","21","34"
"경기도교육청","경기도교육청","경기도 수원시 영통구","S090000833","수원하이텍고등학교","04","공립","N","","0","0","0","1","0","1","0","0","0","32","23","55","0","2","2","0","0","0","0","0","0","0","0","0","0","0","0","0","1","1","0","1","1","0","1","1","0","1","1","1","0","1","34","29","63"
"경기도교육청","경기도교육청","경기도 안양시 동안구","S090000834","평촌고등학교","04","공립","N","","1","1","2","0","0","0","0","0","0","24","47","71","2","8","10","2","1","3","0","1","1","0","0","0","0","0","0","1","1","2","0","1","1","0","2","2","0","2","2","0","0","0","30","64","94"
"경기도교육청","경기도교육청","경기도 안양시 동안구","S090000835","평촌과학기술고등학교","04","공립","N","","1","0","1","1","0","1","0","0","0","16","33","49","3","3","6","1","1","2","0","0","0","0","0","0","0","0","0","1","0","1","0","0","0","0","1","1","0","0","0","0","0","0","23","38","61"
"경기도교육청","경기도교육청","경기도 안양시 동안구","S090000836","평촌경영고등학교","04","공립","N","","1","0","1","0","1","1","0","0","0","11","59","70","5","11","16","0","4","4","0","0","0","0","0","0","0","0","0","0","1","1","0","0","0","0","1","1","0","1","1","0","0","0","17","78","95"
"경기도교육청","경기도교육청","경기도 평택시","S090000837","평택고등학교","04","공립","N","","1","0","1","0","1","1","0","0","0","16","26","42","12","9","21","1","2","3","0","0","0","0","0","0","0","0","0","0","1","1","0","1","1","0","2","2","0","1","1","0","0","0","30","43","73"
"경기도교육청","경기도교육청","경기도 평택시","S090000838","평택마이스터고등학교","04","공립","N","","0","0","0","1","0","1","0","0","0","30","13","43","8","9","17","0","3","3","0","0","0","1","0","1","0","0","0","0","1","1","1","0","1","0","1","1","0","1","1","1","0","1","42","28","70"
"경기도교육청","경기도교육청","경기도 평택시","S090000840","평택여자고등학교","04","공립","N","","0","1","1","0","1","1","1","0","1","17","33","50","4","22","26","0","1","1","0","1","1","0","0","0","0","0","0","1","0","1","0","0","0","0","1","1","0","0","0","0","0","0","23","60","83"
"경기도교육청","경기도교육청","경기도 포천시","S090000841","포천고등학교","04","공립","N","","1","0","1","1","1","2","0","0","0","12","15","27","11","18","29","0","1","1","1","2","3","0","0","0","0","0","0","0","0","0","0","0","0","0","1","1","0","0","0","0","0","0","26","38","64"
"경기도교육청","경기도교육청","경기도 포천시","S090000843","포천일고등학교","04","공립","N","","1","0","1","1","0","1","0","0","0","18","17","35","12","21","33","0","1","1","1","1","2","0","0","0","0","0","0","0","1","1","0","0","0","0","1","1","0","1","1","0","0","0","33","43","76"
"경기도교육청","경기도교육청","경기도 용인시 수지구","S090000844","풍덕고등학교","04","공립","N","","1","0","1","1","0","1","0","0","0","12","60","72","3","10","13","0","0","0","0","0","0","0","0","0","0","0","0","0","1","1","0","0","0","0","2","2","0","1","1","0","0","0","17","74","91"
"경기도교육청","경기도교육청","경기도 성남시 수정구","S090000847","풍생고등학교","04","사립","N","","1","0","1","0","1","1","0","0","0","38","16","54","2","6","8","0","0","0","0","0","0","0","0","0","0","0","0","1","0","1","0","1","1","0","1","1","0","0","0","0","0","0","42","25","67"
"경기도교육청","경기도교육청","경기도 하남시","S090000848","하남고등학교","04","사립","N","","1","0","1","1","0","1","0","0","0","26","16","42","9","9","18","0","0","0","0","0","0","0","0","0","0","0","0","0","1","1","0","1","1","0","1","1","0","0","0","0","0","0","37","28","65"
"경기도교육청","경기도교육청","경기도 하남시","S090000849","하남경영고등학교","04","공립","N","","1","0","1","1","1","2","0","0","0","10","47","57","1","2","3","0","2","2","0","0","0","0","0","0","0","0","0","0","1","1","0","0","0","0","8","8","0","0","0","0","0","0","13","61","74"
"경기도교육청","경기도교육청","경기도 김포시","S090000850","하성고등학교","04","공립","N","","1","1","2","0","0","0","0","0","0","7","16","23","4","3","7","0","0","0","0","0","0","0","0","0","0","0","0","0","1","1","0","1","1","0","1","1","0","0","0","0","0","0","12","23","35"
"경기도교육청","경기도교육청","경기도 평택시","S090000851","한광고등학교","04","사립","N","","1","0","1","1","0","1","0","0","0","27","13","40","5","15","20","0","0","0","0","0","0","0","0","0","0","0","0","0","0","0","0","1","1","0","1","1","0","0","0","0","0","0","34","30","64"
"경기도교육청","경기도교육청","경기도 평택시","S090000852","한광여자고등학교","04","사립","N","","0","1","1","1","0","1","0","0","0","22","39","61","2","4","6","0","0","0","0","0","0","0","0","0","0","0","0","0","0","0","0","1","1","0","1","1","0","1","1","0","0","0","25","47","72"
"경기도교육청","경기도교육청","경기도 평택시","S090000853","한국관광고등학교","04","사립","N","","0","1","1","1","0","1","0","0","0","7","7","14","2","3","5","0","0","0","0","0","0","0","0","0","0","0","0","0","0","0","0","0","0","0","1","1","0","1","1","0","0","0","10","13","23"
"경기도교육청","경기도교육청","경기도 이천시","S090000854","한국도예고등학교","04","공립","N","","1","0","1","0","1","1","0","0","0","5","6","11","1","9","10","0","0","0","0","0","0","0","0","0","0","0","0","0","0","0","0","0","0","0","1","1","0","0","0","0","0","0","7","17","24"
"경기도교육청","경기도교육청","경기도 안산시 단원구","S090000855","한국디지털미디어고등학교","04","사립","N","","1","0","1","0","0","0","0","0","0","14","7","21","6","8","14","0","0","0","0","0","0","0","0","0","0","0","0","0","0","0","0","0","0","0","1","1","0","0","0","2","1","3","23","17","40"
"경기도교육청","경기도교육청","경기도 하남시","S090000856","한국애니메이션고등학교","04","공립","N","","0","1","1","0","1","1","0","0","0","5","17","22","2","5","7","0","0","0","0","0","0","0","0","0","0","0","0","0","2","2","0","0","0","0","1","1","0","1","1","2","1","3","9","29","38"
"경기도교육청","경기도교육청","경기도 시흥시","S090000857","한국조리과학고등학교","04","사립","N","","1","0","1","1","0","1","0","0","0","9","8","17","9","6","15","0","0","0","0","0","0","0","0","0","3","1","4","0","1","1","0","0","0","0","1","1","0","0","0","0","0","0","23","17","40"
"경기도교육청","경기도교육청","경기도 성남시 분당구","S090000858","한솔고등학교","04","공립","N","","1","0","1","0","1","1","0","0","0","7","54","61","2","4","6","0","0","0","0","1","1","0","0","0","0","0","0","0","0","0","0","1","1","0","2","2","0","1","1","0","0","0","10","64","74"
"경기도교육청","경기도교육청","경기도 시흥시","S090000859","경기자동차과학고등학교","04","사립","N","","0","1","1","0","0","0","0","0","0","27","10","37","11","8","19","0","0","0","0","0","0","1","0","1","0","0","0","0","2","2","0","1","1","0","1","1","0","1","1","0","0","0","39","24","63"
"경기도교육청","경기도교육청","경기도 시흥시","S090000862","함현고등학교","04","공립","N","","1","0","1","1","0","1","0","0","0","21","36","57","4","5","9","2","0","2","0","0","0","0","0","0","0","0","0","0","1","1","0","0","0","0","2","2","0","2","2","0","0","0","29","46","75"
"경기도교육청","경기도교육청","경기도 고양시 덕양구","S090000863","행신고등학교","04","공립","N","","0","1","1","0","1","1","0","0","0","12","49","61","2","6","8","1","1","2","0","1","1","0","0","0","0","0","0","0","1","1","0","0","0","0","1","1","0","0","0","0","0","0","15","61","76"
"경기도교육청","경기도교육청","경기도 의정부시","S090000865","호원고등학교","04","공립","N","","1","0","1","1","0","1","0","0","0","9","55","64","0","4","4","0","3","3","0","3","3","0","0","0","0","0","0","0","0","0","0","0","0","0","1","1","0","0","0","0","0","0","11","66","77"
"경기도교육청","경기도교육청","경기도 화성시 만세구","S090000867","화성고등학교","04","사립","N","","1","0","1","0","0","0","0","0","0","31","15","46","3","8","11","0","0","0","0","0","0","0","0","0","0","0","0","0","1","1","1","0","1","0","2","2","0","1","1","0","0","0","36","27","63"
"경기도교육청","경기도교육청","경기도 고양시 덕양구","S090000868","화수고등학교","04","공립","N","","0","1","1","0","3","3","0","0","0","10","50","60","1","2","3","0","3","3","0","0","0","0","0","0","0","0","0","0","1","1","0","0","0","0","1","1","0","0","0","0","0","0","11","61","72"
"경기도교육청","경기도교육청","경기도 고양시 덕양구","S090000869","화정고등학교","04","공립","N","","1","0","1","1","0","1","0","0","0","10","51","61","3","6","9","0","1","1","1","0","1","0","0","0","0","0","0","0","1","1","0","0","0","0","1","1","0","1","1","0","0","0","16","61","77"
"경기도교육청","경기도교육청","경기도 수원시 권선구","S090000870","화홍고등학교","04","공립","N","","1","0","1","1","0","1","0","1","1","23","44","67","1","8","9","0","0","0","0","0","0","0","0","0","0","0","0","1","0","1","0","1","1","0","2","2","0","0","0","0","0","0","27","56","83"
"경기도교육청","경기도교육청","경기도 평택시","S090000871","효명고등학교","04","사립","N","","1","0","1","1","0","1","0","0","0","28","21","49","9","6","15","0","0","0","0","0","0","0","0","0","0","0","0","1","0","1","0","1","1","0","1","1","0","1","1","0","0","0","40","30","70"
"경기도교육청","경기도교육청","경기도 성남시 수정구","S090000872","효성고등학교","04","사립","N","","0","1","1","1","0","1","0","0","0","33","17","50","3","5","8","0","0","0","0","0","0","0","0","0","0","0","0","0","1","1","0","1","1","0","1","1","0","1","1","0","0","0","37","27","64"
"경기도교육청","경기도교육청","경기도 수원시 영통구","S090000873","효원고등학교","04","공립","N","","1","0","1","0","1","1","0","0","0","26","52","78","1","3","4","0","0","0","0","0","0","0","0","0","0","0","0","0","0","0","0","0","0","0","2","2","0","1","1","0","0","0","28","59","87"
"경기도교육청","경기도교육청","경기도 군포시","S090000874","흥진고등학교","04","공립","N","","1","0","1","1","0","1","0","1","1","24","53","77","1","1","2","1","1","2","0","1","1","0","0","0","0","0","0","0","1","1","1","0","1","0","1","1","0","1","1","0","0","0","29","60","89"
"경기도교육청","경기도교육청","경기도 성남시 분당구","S090004768","돌마고등학교","04","공립","N","","1","0","1","0","1","1","0","0","0","8","52","60","0","1","1","0","3","3","0","0","0","0","0","0","0","0","0","0","1","1","0","0","0","0","1","1","0","1","1","0","0","0","9","60","69"
"경기도교육청","경기도교육청","경기도 의정부시","S090004831","부용고등학교","04","공립","N","","1","0","1","0","1","1","0","0","0","13","42","55","0","8","8","0","2","2","0","0","0","0","0","0","0","0","0","0","1","1","0","0","0","0","1","1","0","0","0","0","0","0","14","55","69"
"경기도교육청","경기도교육청","경기도 부천시 원미구","S090004832","경기예술고등학교","04","공립","N","","0","1","1","1","0","1","0","0","0","13","20","33","3","4","7","0","0","0","0","0","0","0","0","0","0","0","0","0","1","1","0","1","1","0","1","1","0","0","0","0","0","0","17","28","45"
"경기도교육청","경기도교육청","경기도 안산시 상록구","S090004833","송호고등학교","04","공립","N","","1","0","1","1","0","1","0","0","0","19","40","59","3","9","12","1","0","1","0","1","1","0","0","0","0","0","0","1","1","2","0","0","0","0","1","1","0","1","1","0","0","0","26","53","79"
"경기도교육청","경기도교육청","경기도 시흥시","S090004834","시흥고등학교","04","공립","N","","2","0","2","2","0","2","0","0","0","20","41","61","1","10","11","0","1","1","0","2","2","0","0","0","0","0","0","0","1","1","0","0","0","0","1","1","0","1","1","0","0","0","25","57","82"
"경기도교육청","경기도교육청","경기도 오산시","S090004835","운천고등학교","04","공립","N","","1","0","1","1","0","1","0","0","0","12","36","48","7","8","15","2","2","4","0","0","0","0","0","0","0","0","0","0","0","0","0","1","1","0","1","1","0","0","0","0","0","0","23","48","71"
"경기도교육청","경기도교육청","경기도 용인시 수지구","S090004893","서원고등학교","04","공립","N","","1","0","1","1","0","1","0","0","0","16","47","63","3","9","12","0","2","2","0","0","0","0","0","0","0","0","0","0","0","0","0","0","0","0","1","1","0","1","1","0","0","0","21","60","81"
"경기도교육청","경기도교육청","경기도 수원시 장안구","S090004895","천천고등학교","04","공립","N","","0","1","1","1","0","1","0","0","0","18","38","56","3","4","7","1","1","2","0","1","1","0","0","0","0","0","0","0","0","0","0","1","1","0","1","1","0","0","0","0","0","0","23","47","70"
"경기도교육청","경기도교육청","경기도 수원시 장안구","S090004896","조원고등학교","04","공립","N","","1","0","1","1","0","1","0","0","0","13","47","60","1","2","3","0","2","2","1","0","1","0","0","0","0","0","0","0","0","0","0","1","1","0","1","1","0","1","1","0","0","0","17","54","71"
"경기도교육청","경기도교육청","경기도 성남시 분당구","S090004897","늘푸른고등학교","04","공립","N","","1","0","1","0","1","1","0","0","0","10","45","55","0","3","3","0","0","0","0","0","0","0","0","0","0","0","0","0","1","1","0","0","0","0","1","1","0","0","0","0","0","0","11","51","62"
"경기도교육청","경기도교육청","경기도 안양시 만안구","S090004898","충훈고등학교","04","공립","N","","1","0","1","1","0","1","0","0","0","8","49","57","2","9","11","1","1","2","0","1","1","0","0","0","0","0","0","0","0","0","0","0","0","0","1","1","0","1","1","0","0","0","13","62","75"
"경기도교육청","경기도교육청","경기도 부천시 원미구","S090004899","상일고등학교","04","공립","N","","1","0","1","1","0","1","0","0","0","16","37","53","1","2","3","0","0","0","0","0","0","0","0","0","0","0","0","0","1","1","0","1","1","0","1","1","0","0","0","0","0","0","19","42","61"
"경기도교육청","경기도교육청","경기도 부천시 소사구","S090004900","송내고등학교","04","공립","N","","1","0","1","1","0","1","0","0","0","16","35","51","3","6","9","0","0","0","0","0","0","0","0","0","0","0","0","1","0","1","0","0","0","0","1","1","0","1","1","0","0","0","22","43","65"
"경기도교육청","경기도교육청","경기도 용인시 기흥구","S090004901","구성고등학교","04","공립","N","","1","0","1","0","1","1","0","0","0","17","45","62","1","6","7","2","3","5","0","0","0","0","0","0","0","0","0","0","0","0","0","1","1","0","1","1","0","0","0","0","0","0","21","57","78"
"경기도교육청","경기도교육청","경기도 수원시 영통구","S090004902","매탄고등학교","04","공립","N","","1","0","1","1","0","1","0","0","0","15","53","68","5","6","11","1","3","4","1","0","1","0","0","0","0","0","0","0","2","2","0","0","0","0","1","1","0","1","1","0","0","0","24","66","90"
"경기도교육청","경기도교육청","경기도 안양시 동안구","S090004905","인덕원고등학교","04","공립","N","","1","0","1","0","1","1","0","0","0","8","63","71","1","3","4","1","0","1","0","0","0","0","0","0","0","0","0","0","1","1","0","0","0","0","1","1","0","0","0","0","0","0","11","69","80"
"경기도교육청","경기도교육청","경기도 부천시 소사구","S090004906","범박고등학교","04","공립","N","","1","0","1","1","0","1","0","0","0","14","39","53","2","5","7","2","1","3","0","0","0","0","0","0","0","0","0","0","1","1","0","1","1","0","1","1","0","0","0","0","0","0","20","48","68"
"경기도교육청","경기도교육청","경기도 양주시","S090004908","덕계고등학교","04","공립","N","","1","0","1","0","1","1","0","0","0","16","19","35","3","11","14","2","0","2","1","0","1","0","0","0","0","0","0","0","1","1","0","1","1","0","1","1","0","1","1","0","0","0","23","35","58"
"경기도교육청","경기도교육청","경기도 안산시 단원구","S090004909","단원고등학교","04","공립","N","","1","0","1","1","0","1","0","0","0","16","33","49","1","13","14","2","3","5","0","1","1","0","0","0","0","0","0","0","2","2","0","0","0","0","1","1","0","1","1","0","0","0","21","54","75"
"경기도교육청","경기도교육청","경기도 시흥시","S090004910","군서고등학교","04","공립","N","","1","0","1","0","1","1","0","0","0","23","34","57","1","11","12","1","1","2","0","2","2","0","0","0","0","0","0","1","0","1","0","0","0","0","1","1","0","0","0","0","0","0","27","50","77"
"경기도교육청","경기도교육청","경기도 고양시 일산동구","S090004912","풍동고등학교","04","공립","N","","0","1","1","0","1","1","0","0","0","13","39","52","1","14","15","0","1","1","0","0","0","0","0","0","0","0","0","1","0","1","0","1","1","0","1","1","0","1","1","0","0","0","15","59","74"
"경기도교육청","경기도교육청","경기도 남양주시","S090004914","도농고등학교","04","공립","N","","1","0","1","1","0","1","0","0","0","10","45","55","2","6","8","0","2","2","0","1","1","0","0","0","0","0","0","0","0","0","0","0","0","0","1","1","0","1","1","0","0","0","14","56","70"
"경기도교육청","경기도교육청","경기도 남양주시","S090004915","평내고등학교","04","공립","N","","1","0","1","1","1","2","1","0","1","16","33","49","7","8","15","0","1","1","1","1","2","0","0","0","0","0","0","0","1","1","0","1","1","1","0","1","0","0","0","0","0","0","28","46","74"
"경기도교육청","경기도교육청","경기도 하남시","S090004916","신장고등학교","04","공립","N","","0","1","1","1","0","1","0","0","0","12","33","45","2","9","11","1","2","3","0","1","1","0","0","0","0","0","0","1","0","1","0","1","1","0","1","1","0","0","0","0","0","0","17","48","65"
"경기도교육청","경기도교육청","경기도 이천시","S090004917","효양고등학교","04","공립","N","","1","0","1","1","0","1","0","0","0","15","10","25","7","27","34","1","2","3","1","0","1","0","0","0","0","0","0","0","1","1","0","0","0","0","1","1","0","0","0","0","0","0","26","41","67"
"경기도교육청","경기도교육청","경기도 용인시 기흥구","S090004918","보정고등학교","04","공립","N","","1","0","1","0","1","1","1","0","1","11","51","62","0","11","11","0","2","2","0","0","0","0","0","0","0","0","0","0","0","0","0","1","1","0","1","1","0","1","1","0","0","0","13","68","81"
"경기도교육청","경기도교육청","경기도 김포시","S090004919","풍무고등학교","04","공립","N","","0","1","1","1","0","1","0","0","0","14","38","52","4","18","22","0","1","1","1","0","1","0","0","0","0","0","0","0","1","1","0","0","0","0","1","1","0","0","0","0","0","0","20","60","80"
"경기도교육청","경기도교육청","","S090004920","병점고등학교","04","공립","N","","1","0","1","1","0","1","0","0","0","20","39","59","4","4","8","2","0","2","1","0","1","0","0","0","0","0","0","1","0","1","0","0","0","0","1","1","0","0","0","0","0","0","30","44","74"
"경기도교육청","경기도교육청","경기도 파주시","S090004921","봉일천고등학교","04","공립","N","","0","0","0","1","0","1","0","0","0","26","28","54","2","6","8","1","1","2","0","1","1","0","0","0","0","0","0","0","2","2","0","0","0","0","1","1","0","1","1","0","0","0","30","40","70"
"경기도교육청","경기도교육청","경기도 파주시","S090004922","교하고등학교","04","공립","N","","1","0","1","0","1","1","0","0","0","18","40","58","3","7","10","0","2","2","0","1","1","0","0","0","0","0","0","0","0","0","0","0","0","0","1","1","0","0","0","0","0","0","22","52","74"
"경기도교육청","경기도교육청","경기도 의정부시","S090004923","상우고등학교","04","사립","N","","0","0","0","1","0","1","0","0","0","34","14","48","7","5","12","0","0","0","0","1","1","0","0","0","0","0","0","1","0","1","0","1","1","0","1","1","0","1","1","0","0","0","43","23","66"
"경기도교육청","경기도교육청","경기도 성남시 분당구","S090004945","이우고등학교","04","사립","N","","1","0","1","1","0","1","0","0","0","10","10","20","2","11","13","0","0","0","0","0","0","0","0","0","0","0","0","0","0","0","0","1","1","0","1","1","0","1","1","2","1","3","16","25","41"
"경기도교육청","경기도교육청","경기도 의왕시","S090005040","경기외국어고등학교","04","사립","N","","1","0","1","1","0","1","0","0","0","13","18","31","8","8","16","0","0","0","0","0","0","0","0","0","0","0","0","0","0","0","0","0","0","0","1","1","0","0","0","5","3","8","28","30","58"
"경기도교육청","경기도교육청","경기도 의정부시","S090005167","경기북과학고등학교","04","공립","N","","1","0","1","0","1","1","0","0","0","19","20","39","4","4","8","0","0","0","0","0","0","0","0","0","0","0","0","0","0","0","0","1","1","0","1","1","0","2","2","0","0","0","24","29","53"
"경기도교육청","경기도교육청","경기도 동두천시","S090005168","동두천외국어고등학교","04","공립","N","","1","0","1","1","0","1","0","0","0","19","22","41","4","6","10","0","0","0","0","0","0","0","0","0","0","0","0","0","1","1","0","1","1","0","1","1","0","1","1","5","3","8","30","35","65"
"경기도교육청","경기도교육청","경기도 파주시","S090005169","금촌고등학교","04","공립","N","","1","0","1","1","0","1","0","0","0","11","60","71","0","10","10","1","1","2","0","3","3","0","0","0","0","0","0","0","1","1","0","0","0","0","1","1","0","0","0","0","0","0","14","76","90"
"경기도교육청","경기도교육청","경기도 용인시 처인구","S090005170","용인한국외국어대학교부설고등학교","04","사립","N","","1","0","1","1","0","1","0","0","0","27","16","43","8","13","21","0","0","0","0","0","0","0","0","0","0","0","0","0","0","0","0","0","0","0","1","1","0","0","0","3","9","12","40","39","79"
"경기도교육청","경기도교육청","경기도 양주시","S090005280","양주백석고등학교","04","공립","N","","2","0","2","1","0","1","0","0","0","16","25","41","4","10","14","2","1","3","2","3","5","0","0","0","0","0","0","0","2","2","0","0","0","0","1","1","0","0","0","0","0","0","27","42","69"
"경기도교육청","경기도교육청","경기도 성남시 분당구","S090005282","성남외국어고등학교","04","공립","N","","0","1","1","0","1","1","0","0","0","15","35","50","4","5","9","0","0","0","0","0","0","0","0","0","0","0","0","0","0","0","0","0","0","0","1","1","0","1","1","3","4","7","22","48","70"
"경기도교육청","경기도교육청","경기도 안산시 상록구","S090005283","성포고등학교","04","공립","N","","1","0","1","1","0","1","0","0","0","8","34","42","5","23","28","0","2","2","1","1","2","0","0","0","0","0","0","1","0","1","0","0","0","0","2","2","0","0","0","0","0","0","17","62","79"
"경기도교육청","경기도교육청","경기도 수원시 영통구","S090005284","수원외국어고등학교","04","공립","N","","0","1","1","0","1","1","0","0","0","19","31","50","2","5","7","0","0","0","0","0","0","0","0","0","0","0","0","0","0","0","0","1","1","0","1","1","0","1","1","0","0","0","21","41","62"
"경기도교육청","경기도교육청","경기도 가평군","S090005286","청심국제고등학교","04","사립","N","","1","0","1","1","0","1","0","0","0","7","9","16","4","3","7","0","0","0","0","0","0","0","0","0","0","0","0","0","0","0","0","0","0","0","2","2","0","0","0","1","2","3","14","16","30"
"경기도교육청","경기도교육청","경기도 평택시","S090005290","현화고등학교","04","공립","N","","1","0","1","0","1","1","0","0","0","13","16","29","13","20","33","1","0","1","0","2","2","0","0","0","0","0","0","0","1","1","0","0","0","0","1","1","0","0","0","0","0","0","28","41","69"
"경기도교육청","경기도교육청","경기도 남양주시","S090005291","호평고등학교","04","공립","N","","1","0","1","1","0","1","0","0","0","18","38","56","0","9","9","2","2","4","0","0","0","0","0","0","0","0","0","0","0","0","0","1","1","0","1","1","0","1","1","0","0","0","22","52","74"
"경기도교육청","경기도교육청","경기도 김포시","S090005292","김포외국어고등학교","04","사립","N","","0","0","0","1","0","1","0","0","0","29","8","37","3","6","9","0","0","0","0","0","0","0","0","0","0","0","0","0","0","0","0","0","0","0","1","1","0","0","0","0","0","0","33","15","48"
"경기도교육청","경기도교육청","경기도 용인시 기흥구","S090005319","용인백현고등학교","04","공립","N","","0","1","1","1","0","1","0","0","0","12","39","51","2","6","8","1","1","2","0","0","0","0","0","0","0","0","0","0","1","1","0","0","0","0","1","1","0","0","0","0","0","0","16","49","65"
"경기도교육청","경기도교육청","경기도 안성시","S090005320","한겨레고등학교","04","사립","N","","0","1","1","1","0","1","0","0","0","8","6","14","1","2","3","0","0","0","0","0","0","0","0","0","0","0","0","0","1","1","0","1","1","0","1","1","0","1","1","0","0","0","10","13","23"
"경기도교육청","경기도교육청","경기도 고양시 일산서구","S090005380","가좌고등학교","04","공립","N","","1","0","1","1","0","1","0","0","0","17","48","65","1","8","9","0","1","1","0","0","0","0","0","0","0","0","0","0","0","0","0","0","0","0","1","1","0","1","1","0","0","0","20","59","79"
"경기도교육청","경기도교육청","경기도 양주시","S090005381","양주고등학교","04","공립","N","","1","0","1","1","0","1","0","0","0","14","24","38","4","9","13","0","2","2","0","0","0","0","0","0","0","0","0","0","1","1","0","0","0","0","1","1","0","1","1","0","0","0","20","38","58"
"경기도교육청","경기도교육청","경기도 포천시","S090005382","송우고등학교","04","공립","N","","1","0","1","1","0","1","0","0","0","24","28","52","6","11","17","0","0","0","2","2","4","0","0","0","0","0","0","0","1","1","0","0","0","0","1","1","0","0","0","0","0","0","34","43","77"
"경기도교육청","경기도교육청","경기도 부천시 원미구","S090005399","상원고등학교","04","공립","N","","0","1","1","0","1","1","0","0","0","14","39","53","1","5","6","0","0","0","0","0","0","0","0","0","0","0","0","0","1","1","0","1","1","0","2","2","0","0","0","0","0","0","15","50","65"
"경기도교육청","경기도교육청","경기도 고양시 덕양구","S090005413","성사고등학교","04","공립","N","","0","2","2","0","0","0","0","0","0","13","41","54","2","12","14","1","2","3","0","2","2","0","0","0","0","0","0","1","0","1","0","1","1","0","1","1","0","1","1","0","0","0","17","62","79"
"경기도교육청","경기도교육청","경기도 용인시 기흥구","S090005414","성지고등학교","04","공립","N","","1","0","1","1","0","1","0","0","0","16","38","54","2","17","19","1","1","2","0","0","0","0","0","0","0","0","0","0","0","0","0","0","0","0","1","1","0","0","0","0","0","0","21","57","78"
"경기도교육청","경기도교육청","경기도 용인시 수지구","S090005415","현암고등학교","04","공립","N","","1","0","1","1","0","1","0","0","0","7","38","45","5","3","8","0","0","0","0","0","0","0","0","0","0","0","0","0","1","1","0","1","1","0","1","1","0","0","0","0","0","0","14","44","58"
"경기도교육청","경기도교육청","경기도 용인시 수지구","S090005416","용인홍천고등학교","04","공립","N","","1","0","1","0","1","1","0","0","0","15","57","72","2","7","9","0","1","1","0","2","2","0","0","0","0","0","0","0","1","1","0","0","0","0","2","2","0","0","0","0","0","0","18","71","89"
"경기도교육청","경기도교육청","경기도 의정부시","S090005417","효자고등학교","04","공립","N","","1","0","1","0","2","2","0","0","0","14","42","56","3","3","6","0","2","2","0","3","3","0","0","0","0","0","0","0","0","0","0","0","0","0","2","2","0","0","0","0","0","0","18","54","72"
"경기도교육청","경기도교육청","경기도 고양시 일산서구","S090005418","고양예술고등학교","04","사립","N","","1","0","1","1","1","2","0","0","0","12","11","23","9","5","14","0","0","0","0","0","0","0","0","0","0","0","0","0","0","0","0","0","0","0","1","1","0","0","0","2","6","8","25","24","49"
"경기도교육청","경기도교육청","경기도 용인시 수지구","S090005458","대지고등학교","04","공립","N","","2","0","2","0","0","0","0","0","0","8","54","62","3","3","6","0","2","2","0","0","0","0","0","0","0","0","0","0","1","1","0","0","0","0","1","1","0","0","0","0","0","0","13","61","74"
"경기도교육청","경기도교육청","","S090005459","동탄고등학교","04","공립","N","","1","0","1","1","0","1","0","0","0","17","43","60","4","6","10","1","1","2","0","0","0","0","0","0","0","0","0","0","1","1","0","1","1","0","1","1","0","1","1","0","0","0","24","54","78"
"경기도교육청","경기도교육청","경기도 화성시 병점구","S090005460","안화고등학교","04","공립","N","","1","0","1","1","0","1","0","0","0","20","36","56","0","10","10","1","2","3","0","1","1","0","0","0","0","0","0","0","1","1","0","1","1","0","1","1","0","1","1","0","0","0","23","53","76"
"경기도교육청","경기도교육청","경기도 오산시","S090005461","운암고등학교","04","공립","N","","1","0","1","1","0","1","0","1","1","15","16","31","4","14","18","1","1","2","0","0","0","0","0","0","0","0","0","0","0","0","0","0","0","0","1","1","0","0","0","0","0","0","22","33","55"
"경기도교육청","경기도교육청","경기도 용인시 기흥구","S090005488","동백고등학교","04","공립","N","","1","0","1","0","1","1","0","0","0","12","47","59","3","6","9","1","0","1","0","1","1","0","0","0","0","0","0","0","0","0","0","0","0","0","1","1","0","1","1","0","0","0","17","57","74"
"경기도교육청","경기도교육청","경기도 수원시 영통구","S090005576","망포고등학교","04","공립","N","","1","0","1","1","0","1","0","0","0","16","39","55","0","8","8","1","1","2","0","0","0","0","0","0","0","0","0","0","2","2","0","1","1","0","1","1","0","1","1","0","0","0","19","53","72"
"경기도교육청","경기도교육청","경기도 수원시 영통구","S090005577","매원고등학교","04","공립","N","","1","0","1","0","1","1","0","1","1","17","47","64","1","7","8","0","1","1","0","1","1","0","0","0","0","0","0","0","2","2","0","0","0","0","1","1","0","1","1","0","0","0","19","62","81"
"경기도교육청","경기도교육청","","S090005578","반송고등학교","04","공립","N","","1","0","1","1","0","1","0","0","0","17","39","56","3","7","10","0","0","0","0","0","0","0","0","0","0","0","0","0","0","0","0","0","0","0","2","2","0","1","1","0","0","0","22","49","71"
"경기도교육청","경기도교육청","경기도 화성시 효행구","S090005579","봉담고등학교","04","공립","N","","1","0","1","1","0","1","0","0","0","20","24","44","2","5","7","0","1","1","1","2","3","0","0","0","0","0","0","0","0","0","0","0","0","0","1","1","0","2","2","0","0","0","25","35","60"
"경기도교육청","경기도교육청","경기도 화성시 동탄구","S090005580","예당고등학교","04","공립","N","","1","0","1","1","0","1","0","0","0","20","37","57","3","5","8","0","2","2","0","0","0","0","0","0","0","0","0","0","1","1","0","1","1","0","1","1","0","1","1","0","0","0","25","48","73"
"경기도교육청","경기도교육청","경기도 부천시 오정구","S090005581","수주고등학교","04","공립","N","","1","0","1","0","1","1","0","0","0","8","35","43","4","5","9","1","3","4","0","1","1","0","0","0","0","0","0","0","0","0","0","1","1","0","2","2","0","1","1","0","0","0","14","49","63"
"경기도교육청","경기도교육청","경기도 고양시 덕양구","S090005599","고양일고등학교","04","공립","N","","0","1","1","0","1","1","0","0","0","13","24","37","3","11","14","0","1","1","1","0","1","0","0","0","0","0","0","0","1","1","0","1","1","0","1","1","0","0","0","0","0","0","17","41","58"
"경기도교육청","경기도교육청","경기도 고양시 일산동구","S090005600","안곡고등학교","04","공립","N","","1","0","1","1","0","1","0","0","0","17","50","67","2","10","12","0","2","2","0","2","2","0","0","0","0","0","0","0","1","1","0","0","0","0","1","1","0","1","1","0","0","0","21","67","88"
"경기도교육청","경기도교육청","경기도 남양주시","S090005601","와부고등학교","04","공립","N","","0","1","1","1","0","1","0","0","0","13","26","39","3","10","13","1","2","3","0","0","0","0","0","0","0","0","0","0","1","1","0","1","1","0","1","1","0","1","1","0","0","0","18","43","61"
"경기도교육청","경기도교육청","경기도 수원시 권선구","S090005653","고색고등학교","04","공립","N","","1","0","1","1","0","1","0","0","0","17","35","52","7","9","16","0","1","1","1","0","1","0","0","0","0","0","0","0","0","0","0","0","0","0","1","1","0","0","0","0","0","0","27","46","73"
"경기도교육청","경기도교육청","","S090005655","나루고등학교","04","공립","N","","1","0","1","0","1","1","0","0","0","18","24","42","1","8","9","0","0","0","0","0","0","0","0","0","0","0","0","0","1","1","0","0","0","0","1","1","0","1","1","0","0","0","20","36","56"
"경기도교육청","경기도교육청","경기도 용인시 기흥구","S090005656","보라고등학교","04","공립","N","","1","0","1","1","0","1","0","0","0","12","39","51","3","4","7","1","2","3","0","0","0","0","1","1","0","0","0","0","1","1","0","1","1","0","1","1","0","1","1","0","0","0","18","50","68"
"경기도교육청","경기도교육청","경기도 용인시 기흥구","S090005658","초당고등학교","04","공립","N","","1","0","1","1","0","1","0","0","0","19","39","58","1","9","10","0","0","0","0","0","0","0","0","0","0","0","0","0","0","0","0","1","1","0","1","1","0","0","0","0","0","0","22","50","72"
"경기도교육청","경기도교육청","경기도 성남시 수정구","S090005659","복정고등학교","04","공립","N","","0","1","1","1","0","1","0","0","0","9","36","45","1","7","8","0","0","0","0","0","0","0","0","0","0","0","0","0","2","2","0","1","1","0","1","1","0","1","1","0","0","0","11","49","60"
"경기도교육청","경기도교육청","경기도 용인시 처인구","S090005660","포곡고등학교","04","공립","N","","1","0","1","0","2","2","0","0","0","24","36","60","1","3","4","1","4","5","0","0","0","0","0","0","0","0","0","0","1","1","0","1","1","0","1","1","0","1","1","0","0","0","27","49","76"
"경기도교육청","경기도교육청","경기도 화성시 만세구","S090005663","향남고등학교","04","공립","N","","1","0","1","1","0","1","0","0","0","7","25","32","3","16","19","1","1","2","0","1","1","0","0","0","0","0","0","0","1","1","0","1","1","0","1","1","0","1","1","0","0","0","13","47","60"
"경기도교육청","경기도교육청","경기도 용인시 기흥구","S090005664","청덕고등학교","04","공립","N","","1","0","1","1","0","1","0","0","0","10","48","58","2","6","8","1","2","3","0","0","0","0","0","0","0","0","0","1","0","1","0","0","0","0","1","1","0","0","0","0","0","0","16","57","73"
"경기도교육청","경기도교육청","경기도 시흥시","S090005665","시흥능곡고등학교","04","공립","N","","0","1","1","0","1","1","0","0","0","15","32","47","4","13","17","3","0","3","0","0","0","0","0","0","0","0","0","0","1","1","0","1","1","0","1","1","0","0","0","0","0","0","22","50","72"
"경기도교육청","경기도교육청","경기도 시흥시","S090005666","시흥매화고등학교","04","공립","N","","1","0","1","1","0","1","0","0","0","13","28","41","1","9","10","1","0","1","0","1","1","0","0","0","0","0","0","0","0","0","0","1","1","0","1","1","0","0","0","0","0","0","17","40","57"
"경기도교육청","경기도교육청","경기도 의정부시","S090005667","발곡고등학교","04","공립","N","","1","0","1","0","1","1","0","0","0","10","46","56","4","7","11","0","2","2","0","1","1","0","0","0","0","0","0","1","0","1","0","1","1","0","1","1","0","1","1","0","0","0","16","60","76"
"경기도교육청","경기도교육청","경기도 시흥시","S090005668","신천고등학교","04","공립","N","","0","1","1","1","0","1","0","0","0","11","40","51","2","10","12","1","2","3","1","1","2","0","0","0","0","0","0","1","0","1","0","1","1","0","2","2","0","1","1","0","0","0","17","58","75"
"경기도교육청","경기도교육청","경기도 안산시 단원구","S090005669","선부고등학교","04","공립","N","","1","0","1","1","0","1","0","0","0","13","31","44","7","20","27","1","0","1","1","2","3","0","0","0","0","0","0","0","0","0","0","1","1","1","0","1","0","0","0","0","0","0","25","54","79"
"경기도교육청","경기도교육청","경기도 남양주시","S090005670","오남고등학교","04","공립","N","","1","0","1","1","0","1","0","0","0","21","39","60","4","13","17","0","3","3","1","1","2","0","0","0","0","0","0","0","0","0","0","1","1","0","1","1","0","0","0","0","0","0","28","58","86"
"경기도교육청","경기도교육청","경기도 의왕시","S090005671","의왕고등학교","04","공립","N","","1","0","1","0","1","1","0","0","0","10","38","48","1","4","5","0","3","3","0","0","0","0","0","0","0","0","0","0","1","1","0","0","0","0","1","1","0","0","0","0","0","0","12","48","60"
"경기도교육청","경기도교육청","경기도 평택시","S090005672","이충고등학교","04","공립","N","","1","0","1","0","2","2","0","0","0","11","19","30","12","20","32","2","1","3","1","1","2","0","0","0","0","0","0","0","0","0","0","1","1","0","1","1","0","0","0","0","0","0","27","45","72"
"경기도교육청","경기도교육청","경기도 김포시","S090005673","장기고등학교","04","공립","N","","1","0","1","1","1","2","0","0","0","19","34","53","4","7","11","1","2","3","0","1","1","0","0","0","0","0","0","0","0","0","0","0","0","0","1","1","0","0","0","0","0","0","26","46","72"
"경기도교육청","경기도교육청","경기도 안산시 단원구","S090005674","신길고등학교","04","공립","N","","1","0","1","1","0","1","0","0","0","14","27","41","6","25","31","0","2","2","0","0","0","0","0","0","0","0","0","0","0","0","0","0","0","0","1","1","0","0","0","0","0","0","22","55","77"
"경기도교육청","경기도교육청","경기도 광주시","S090005675","광남고등학교","04","공립","N","","0","1","1","0","1","1","0","0","0","12","37","49","8","12","20","1","2","3","0","0","0","0","0","0","0","0","0","0","2","2","0","0","0","0","1","1","0","1","1","0","0","0","21","57","78"
"경기도교육청","경기도교육청","경기도 안산시 상록구","S090005676","광덕고등학교","04","공립","N","","0","1","1","1","0","1","0","0","0","12","30","42","6","14","20","1","0","1","0","0","0","0","0","0","0","0","0","0","1","1","1","0","1","0","2","2","0","1","1","0","0","0","21","49","70"
"경기도교육청","경기도교육청","경기도 용인시 기흥구","S090005677","흥덕고등학교","04","공립","N","","1","1","2","0","0","0","0","0","0","11","36","47","3","8","11","0","1","1","0","0","0","0","0","0","0","0","0","0","1","1","0","1","1","0","1","1","0","1","1","0","0","0","15","50","65"
"경기도교육청","경기도교육청","경기도 양주시","S090005796","덕현고등학교","04","공립","N","","1","0","1","0","1","1","0","0","0","19","31","50","8","12","20","1","1","2","1","2","3","0","0","0","0","0","0","0","1","1","0","0","0","0","1","1","0","1","1","0","0","0","30","50","80"
"경기도교육청","경기도교육청","경기도 고양시 덕양구","S090005797","서정고등학교","04","공립","N","","1","0","1","0","2","2","0","0","0","8","52","60","0","3","3","0","3","3","0","1","1","0","0","0","0","0","0","0","1","1","0","0","0","0","1","1","0","1","1","0","0","0","9","64","73"
"경기도교육청","경기도교육청","경기도 광명시","S090005798","운산고등학교","04","공립","N","","1","0","1","1","0","1","0","0","0","14","49","63","3","4","7","0","2","2","1","1","2","0","0","0","0","0","0","0","1","1","0","0","0","0","1","1","0","0","0","0","0","0","20","58","78"
"경기도교육청","경기도교육청","경기도 파주시","S090005799","운정고등학교","04","공립","N","","1","0","1","0","1","1","0","0","0","29","42","71","1","10","11","0","0","0","0","0","0","0","0","0","0","0","0","0","1","1","0","0","0","0","2","2","0","1","1","0","0","0","31","57","88"
"경기도교육청","경기도교육청","경기도 남양주시","S090005800","마석고등학교","04","공립","N","","0","1","1","0","1","1","0","0","0","19","41","60","6","6","12","3","2","5","0","0","0","0","0","0","0","0","0","0","0","0","0","1","1","0","1","1","0","1","1","0","0","0","28","54","82"
"경기도교육청","경기도교육청","경기도 안산시 상록구","S090005801","상록고등학교","04","공립","N","","1","0","1","1","0","1","0","0","0","20","40","60","3","12","15","1","2","3","0","1","1","0","0","0","0","0","0","0","0","0","0","1","1","0","1","1","0","1","1","0","0","0","26","58","84"
"경기도교육청","경기도교육청","경기도 남양주시","S090005803","진접고등학교","04","공립","N","","0","1","1","0","1","1","0","1","1","17","39","56","10","16","26","1","3","4","0","0","0","0","0","0","0","0","0","0","0","0","0","0","0","0","2","2","0","2","2","0","0","0","28","65","93"
"경기도교육청","경기도교육청","경기도 평택시","S090005804","청북고등학교","04","공립","N","","1","0","1","0","1","1","0","0","0","15","13","28","11","17","28","1","0","1","0","0","0","0","0","0","0","0","0","0","1","1","0","0","0","0","1","1","0","1","1","0","0","0","28","34","62"
"경기도교육청","경기도교육청","경기도 오산시","S090005806","세마고등학교","04","공립","N","","1","0","1","1","0","1","0","0","0","23","36","59","2","6","8","0","1","1","1","0","1","0","0","0","0","0","0","0","0","0","0","0","0","0","1","1","0","2","2","0","0","0","28","46","74"
"경기도교육청","경기도교육청","경기도 화성시 동탄구","S090005808","능동고등학교","04","공립","N","","0","1","1","1","0","1","0","0","0","16","27","43","3","11","14","0","1","1","1","0","1","0","0","0","0","0","0","0","1","1","0","0","0","0","1","1","0","1","1","0","0","0","21","43","64"
"경기도교육청","경기도교육청","경기도 김포시","S090005811","마송고등학교","04","공립","N","","1","0","1","0","2","2","0","0","0","9","30","39","0","4","4","1","1","2","0","1","1","0","0","0","0","0","0","0","0","0","0","0","0","0","1","1","0","1","1","0","0","0","11","40","51"
"경기도교육청","경기도교육청","경기도 의왕시","S090005815","모락고등학교","04","공립","N","","1","0","1","1","0","1","0","0","0","8","38","46","2","2","4","2","1","3","0","1","1","0","0","0","0","0","0","0","1","1","0","1","1","0","1","1","0","0","0","1","0","1","15","45","60"
"경기도교육청","경기도교육청","경기도 광주시","S090005820","경화여자English Business고등학교","04","사립","N","","1","0","1","0","1","1","0","0","0","9","15","24","5","6","11","0","0","0","0","0","0","0","0","0","0","0","0","0","0","0","0","1","1","0","1","1","0","0","0","0","0","0","15","24","39"
"경기도교육청","경기도교육청","경기도 안성시","S090005831","경기창조고등학교","04","공립","N","","1","0","1","1","0","1","0","0","0","17","28","45","7","13","20","2","4","6","0","0","0","0","0","0","0","0","0","1","0","1","0","1","1","0","1","1","0","1","1","0","0","0","29","48","77"
"경기도교육청","경기도교육청","경기도 성남시 분당구","S090005836","보평고등학교","04","공립","N","","1","1","2","0","0","0","0","0","0","6","43","49","1","4","5","0","1","1","0","1","1","0","0","0","0","0","0","0","1","1","0","1","1","0","2","2","0","1","1","0","0","0","8","55","63"
"경기도교육청","경기도교육청","경기도 성남시 분당구","S090005844","운중고등학교","04","공립","N","","0","1","1","1","0","1","0","0","0","11","37","48","1","4","5","0","2","2","0","0","0","0","0","0","0","0","0","0","0","0","0","0","0","0","1","1","0","1","1","0","0","0","13","46","59"
"경기도교육청","경기도교육청","경기도 남양주시","S090005898","가운고등학교","04","공립","N","","1","0","1","1","1","2","0","0","0","12","36","48","4","16","20","0","0","0","1","1","2","0","0","0","0","0","0","0","1","1","0","1","1","0","1","1","0","1","1","0","0","0","19","58","77"
"경기도교육청","경기도교육청","경기도 파주시","S090005899","동패고등학교","04","공립","N","","1","0","1","1","0","1","0","0","0","20","52","72","0","3","3","2","2","4","0","1","1","0","0","0","0","0","0","0","1","1","0","0","0","0","1","1","0","1","1","0","0","0","24","61","85"
"경기도교육청","경기도교육청","경기도 부천시 원미구","S090005900","역곡고등학교","04","공립","N","","1","1","2","1","0","1","0","0","0","6","24","30","3","3","6","0","2","2","0","1","1","0","0","0","0","0","0","0","1","1","0","1","1","0","1","1","0","1","1","0","0","0","11","35","46"
"경기도교육청","경기도교육청","경기도 성남시 분당구","S090005901","판교고등학교","04","공립","N","","1","1","2","0","0","0","0","0","0","4","46","50","0","6","6","1","1","2","0","0","0","0","0","0","0","0","0","0","1","1","0","1","1","0","1","1","0","0","0","0","0","0","6","57","63"
"경기도교육청","경기도교육청","경기도 오산시","S090005902","세교고등학교","04","공립","N","","1","0","1","1","0","1","1","0","1","20","34","54","2","9","11","1","2","3","0","0","0","0","0","0","0","0","0","0","1","1","0","0","0","0","1","1","0","1","1","0","0","0","26","48","74"
"경기도교육청","경기도교육청","경기도 용인시 기흥구","S090005903","서천고등학교","04","공립","N","","1","0","1","1","0","1","0","0","0","11","37","48","4","8","12","0","1","1","0","0","0","0","0","0","0","0","0","0","1","1","0","0","0","0","1","1","0","1","1","0","0","0","17","49","66"
"경기도교육청","경기도교육청","경기도 용인시 수지구","S090005904","성복고등학교","04","공립","N","","1","0","1","0","1","1","0","1","1","18","51","69","1","6","7","1","2","3","0","0","0","0","0","0","0","0","0","0","0","0","0","0","0","0","1","1","0","2","2","0","1","1","21","65","86"
"경기도교육청","경기도교육청","경기도 고양시 일산서구","S090005905","대화고등학교","04","공립","N","","0","1","1","1","1","2","0","0","0","19","43","62","1","8","9","0","1","1","1","0","1","0","0","0","0","0","0","0","1","1","0","1","1","0","1","1","0","1","1","0","0","0","22","58","80"
"경기도교육청","경기도교육청","경기도 이천시","S090005906","이현고등학교","04","공립","N","","1","0","1","1","0","1","0","0","0","11","16","27","11","21","32","0","1","1","0","3","3","0","0","0","0","0","0","0","0","0","0","1","1","0","1","1","0","0","0","0","2","2","24","45","69"
"경기도교육청","경기도교육청","경기도 광주시","S090005908","초월고등학교","04","공립","N","","0","1","1","0","1","1","0","0","0","19","44","63","6","9","15","0","3","3","0","1","1","0","0","0","0","0","0","0","1","1","1","0","1","0","1","1","0","2","2","0","0","0","26","63","89"
"경기도교육청","경기도교육청","경기도 화성시 만세구","S090005909","향일고등학교","04","공립","N","","1","0","1","0","1","1","0","0","0","14","11","25","9","14","23","1","2","3","0","0","0","0","0","0","0","0","0","0","0","0","1","0","1","0","1","1","0","0","0","0","0","0","26","29","55"
"경기도교육청","경기도교육청","경기도 남양주시","S090005910","판곡고등학교","04","공립","N","","0","1","1","1","0","1","0","0","0","18","43","61","4","13","17","0","2","2","0","0","0","0","0","0","0","0","0","0","0","0","0","1","1","0","1","1","0","0","0","0","0","0","23","61","84"
"경기도교육청","경기도교육청","경기도 수원시 영통구","S090005984","광교고등학교","04","공립","N","","1","0","1","0","1","1","0","0","0","10","49","59","1","6","7","1","2","3","0","0","0","0","0","0","0","0","0","0","1","1","0","0","0","0","2","2","0","0","0","0","0","0","13","61","74"
"경기도교육청","경기도교육청","경기도 수원시 팔달구","S090006514","율천고등학교","04","공립","N","","1","0","1","1","0","1","0","0","0","10","25","35","2","3","5","1","1","2","0","1","1","0","0","0","0","0","0","0","1","1","0","1","1","0","2","2","0","0","0","0","0","0","15","34","49"
"경기도교육청","경기도교육청","경기도 고양시 일산서구","S090006518","덕이고등학교","04","공립","N","","1","0","1","0","1","1","0","0","0","19","41","60","1","8","9","0","0","0","0","0","0","0","0","0","0","0","0","0","1","1","0","1","1","0","1","1","0","1","1","0","0","0","21","54","75"
"경기도교육청","경기도교육청","경기도 의정부시","S090006519","송양고등학교","04","공립","N","","0","1","1","0","1","1","0","1","1","15","49","64","6","9","15","2","0","2","0","0","0","0","0","0","0","0","0","1","1","2","0","1","1","0","2","2","0","1","1","0","0","0","24","66","90"
"경기도교육청","경기도교육청","경기도 남양주시","S090006520","별내고등학교","04","공립","N","","0","1","1","1","0","1","0","0","0","16","39","55","2","10","12","0","2","2","0","1","1","0","0","0","0","0","0","0","1","1","0","1","1","0","1","1","0","1","1","0","3","3","19","60","79"
"경기도교육청","경기도교육청","경기도 군포시","S090006521","군포중앙고등학교","04","공립","N","","1","0","1","1","0","1","0","0","0","13","34","47","2","3","5","0","1","1","0","0","0","0","0","0","0","0","0","0","1","1","0","1","1","0","2","2","0","0","0","0","0","0","17","42","59"
"경기도교육청","경기도교육청","경기도 용인시 수지구","S090006522","상현고등학교","04","공립","N","","1","0","1","0","1","1","0","0","0","12","47","59","1","3","4","0","2","2","0","0","0","0","0","0","0","0","0","0","1","1","0","1","1","0","1","1","0","0","0","0","0","0","14","56","70"
"경기도교육청","경기도교육청","경기도 김포시","S090006523","솔터고등학교","04","공립","N","","0","1","1","1","0","1","0","0","0","14","42","56","5","15","20","0","2","2","0","0","0","0","0","0","0","0","0","0","2","2","0","0","0","1","0","1","0","2","2","0","0","0","21","64","85"
"경기도교육청","경기도교육청","경기도 용인시 수지구","S090006525","신봉고등학교","04","공립","N","","1","0","1","0","1","1","0","0","0","17","48","65","3","10","13","0","2","2","0","0","0","0","0","0","0","0","0","0","1","1","0","0","0","0","1","1","0","1","1","0","0","0","21","64","85"
"경기도교육청","경기도교육청","경기도 평택시","S090006539","비전고등학교","04","공립","N","","1","0","1","0","1","1","1","0","1","21","27","48","3","15","18","0","3","3","0","0","0","0","0","0","0","0","0","0","0","0","0","1","1","0","1","1","0","1","1","0","0","0","26","49","75"
"경기도교육청","경기도교육청","경기도 안산시 상록구","S090006540","부곡고등학교","04","공립","N","","1","0","1","1","0","1","0","0","0","15","33","48","8","14","22","2","0","2","1","1","2","0","0","0","0","0","0","0","0","0","0","0","0","0","1","1","0","1","1","0","0","0","28","50","78"
"경기도교육청","경기도교육청","경기도 하남시","S090006541","풍산고등학교","04","공립","N","","0","1","1","0","1","1","0","0","0","11","33","44","4","5","9","1","0","1","0","0","0","0","0","0","0","0","0","0","2","2","0","1","1","0","1","1","0","0","0","0","0","0","16","44","60"
"경기도교육청","경기도교육청","경기도 수원시 권선구","S090006542","호매실고등학교","04","공립","N","","1","0","1","1","0","1","0","0","0","12","29","41","3","7","10","0","1","1","1","1","2","0","0","0","0","0","0","0","1","1","0","0","0","0","1","1","0","0","0","0","0","0","18","40","58"
"경기도교육청","경기도교육청","경기도 고양시 일산동구","S090006561","고양국제고등학교","04","공립","N","","0","1","1","1","0","1","0","0","0","25","30","55","5","8","13","0","0","0","0","0","0","0","0","0","0","0","0","0","1","1","0","1","1","0","1","1","0","2","2","0","0","0","31","44","75"
"경기도교육청","경기도교육청","경기도 고양시 일산동구","S090006562","저현고등학교","04","공립","N","","1","0","1","1","1","2","0","0","0","16","48","64","1","11","12","1","1","2","0","0","0","0","0","0","0","0","0","0","1","1","0","0","0","0","2","2","0","0","0","0","0","0","20","64","84"
"경기도교육청","경기도교육청","","S090006577","동탄국제고등학교","04","공립","N","","1","0","1","1","0","1","0","0","0","20","34","54","2","13","15","0","0","0","0","0","0","0","0","0","0","0","0","0","0","0","0","0","0","0","1","1","0","1","1","0","0","0","24","49","73"
"경기도교육청","경기도교육청","경기도 고양시 덕양구","S090006624","고양동산고등학교","04","공립","N","","1","0","1","2","0","2","0","0","0","8","30","38","2","9","11","0","2","2","0","0","0","0","0","0","0","0","0","0","1","1","0","1","1","0","1","1","0","1","1","0","0","0","13","45","58"
"경기도교육청","경기도교육청","경기도 광명시","S090006645","광휘고등학교","04","공립","N","","0","1","1","1","0","1","0","0","0","12","51","63","2","6","8","0","1","1","0","1","1","0","0","0","0","0","0","0","1","1","0","0","0","0","1","1","0","1","1","0","0","0","15","63","78"
"경기도교육청","경기도교육청","경기도 화성시 병점구","S090006700","화성반월고등학교","04","공립","N","","1","0","1","1","0","1","0","0","0","15","33","48","5","7","12","0","2","2","0","0","0","0","0","0","0","0","0","0","1","1","0","0","0","0","1","1","0","1","1","0","0","0","22","45","67"
"경기도교육청","경기도교육청","경기도 오산시","S090006701","매홀고등학교","04","공립","N","","0","1","1","1","0","1","0","0","0","15","31","46","6","15","21","1","0","1","0","1","1","0","0","0","0","0","0","0","0","0","0","0","0","0","1","1","0","1","1","0","0","0","23","50","73"
"경기도교육청","경기도교육청","경기도 수원시 권선구","S090006702","수원칠보고등학교","04","공립","N","","1","0","1","0","1","1","0","0","0","20","39","59","2","3","5","1","1","2","0","1","1","0","0","0","0","0","0","0","0","0","0","1","1","0","1","1","0","1","1","0","0","0","24","48","72"
"경기도교육청","경기도교육청","경기도 수원시 권선구","S090006703","곡정고등학교","04","공립","N","","1","0","1","1","0","1","0","0","0","18","42","60","2","6","8","0","2","2","0","0","0","0","0","0","0","0","0","0","2","2","0","1","1","0","1","1","0","2","2","0","0","0","22","56","78"
"경기도교육청","경기도교육청","경기도 김포시","S090006717","운양고등학교","04","공립","N","","1","0","1","0","1","1","0","0","0","10","47","57","3","17","20","0","1","1","0","1","1","0","0","0","0","0","0","0","1","1","0","0","0","0","2","2","0","0","0","0","0","0","14","70","84"
"경기도교육청","경기도교육청","경기도 파주시","S090006763","한민고등학교","04","사립","N","","2","0","2","1","0","1","0","0","0","12","13","25","30","27","57","0","0","0","0","0","0","0","0","0","0","0","0","0","0","0","0","1","1","0","1","1","0","1","1","0","0","0","45","43","88"
"경기도교육청","경기도교육청","경기도 고양시 덕양구","S090006764","도래울고등학교","04","공립","N","","0","1","1","1","0","1","0","0","0","11","35","46","3","12","15","0","2","2","0","0","0","0","0","0","0","0","0","0","1","1","0","1","1","0","1","1","0","1","1","0","0","0","15","54","69"
"경기도교육청","경기도교육청","경기도 양주시","S090006765","옥정고등학교","04","공립","N","","1","0","1","1","0","1","0","0","0","15","33","48","4","14","18","0","0","0","0","0","0","0","0","0","0","0","0","0","1","1","1","0","1","0","2","2","0","1","1","0","0","0","22","51","73"
"경기도교육청","경기도교육청","경기도 하남시","S090006810","미사고등학교","04","공립","N","","0","1","1","1","0","1","0","1","1","10","47","57","5","4","9","0","2","2","0","0","0","0","0","0","0","0","0","0","1","1","0","0","0","0","1","1","0","1","1","0","0","0","16","58","74"
"경기도교육청","경기도교육청","","S090006811","한백고등학교","04","공립","N","","1","0","1","1","0","1","0","0","0","16","42","58","4","9","13","0","1","1","0","0","0","0","0","0","0","0","0","0","1","1","1","0","1","0","1","1","0","2","2","0","0","0","23","56","79"
"경기도교육청","경기도교육청","경기도 화성시 동탄구","S090006812","동탄중앙고등학교","04","공립","N","","1","0","1","1","1","2","0","0","0","12","30","42","7","20","27","0","3","3","0","0","0","0","0","0","0","0","0","0","1","1","0","0","0","0","2","2","0","2","2","0","0","0","21","59","80"
"경기도교육청","경기도교육청","경기도 수원시 영통구","S090006813","이의고등학교","04","공립","N","","1","0","1","2","0","2","0","0","0","14","58","72","1","3","4","0","1","1","0","0","0","0","0","0","0","0","0","0","1","1","0","0","0","0","1","1","0","1","1","0","0","0","18","65","83"
"경기도교육청","경기도교육청","경기도 김포시","S090006814","김포제일고등학교","04","공립","N","","0","1","1","1","1","2","0","0","0","20","46","66","2","11","13","0","0","0","0","0","0","0","0","0","0","0","0","0","1","1","0","1","1","0","1","1","0","1","1","0","0","0","23","63","86"
"경기도교육청","경기도교육청","경기도 파주시","S090006903","지산고등학교","04","공립","N","","1","0","1","1","0","1","0","0","0","20","50","70","1","9","10","0","0","0","1","2","3","0","0","0","0","0","0","0","1","1","0","0","0","0","1","1","0","1","1","0","0","0","24","64","88"
"경기도교육청","경기도교육청","경기도 남양주시","S090006905","별가람고등학교","04","공립","N","","0","1","1","1","0","1","0","0","0","13","38","51","3","12","15","1","3","4","0","1","1","0","0","0","0","0","0","0","1","1","0","1","1","0","1","1","0","1","1","0","0","0","18","59","77"
"경기도교육청","경기도교육청","경기도 구리시","S090006906","갈매고등학교","04","공립","N","","0","1","1","0","1","1","0","0","0","8","34","42","9","14","23","0","1","1","0","0","0","0","0","0","0","0","0","0","1","1","0","0","0","0","1","1","0","1","1","0","0","0","17","54","71"
"경기도교육청","경기도교육청","경기도 파주시","S090006908","한빛고등학교","04","공립","N","","0","1","1","0","1","1","0","0","0","19","57","76","4","5","9","1","1","2","0","1","1","0","0","0","0","0","0","0","1","1","0","1","1","0","1","1","0","1","1","0","0","0","24","70","94"
"경기도교육청","경기도교육청","경기도 하남시","S090006919","미사강변고등학교","04","공립","N","","1","0","1","0","1","1","0","0","0","12","40","52","2","10","12","0","2","2","0","0","0","0","0","0","0","0","0","0","1","1","0","1","1","0","1","1","0","1","1","0","0","0","15","57","72"
"경기도교육청","경기도교육청","경기도 광주시","S090006920","태전고등학교","04","공립","N","","0","1","1","1","0","1","0","0","0","10","33","43","6","18","24","0","1","1","0","1","1","0","0","0","0","0","0","0","1","1","0","0","0","0","1","1","0","1","1","0","0","0","17","57","74"
"경기도교육청","경기도교육청","경기도 용인시 처인구","S090006921","용인삼계고등학교","04","공립","N","","1","0","1","0","1","1","0","0","0","16","29","45","5","5","10","0","0","0","0","1","1","0","0","0","0","0","0","0","0","0","0","1","1","0","1","1","0","1","1","0","0","0","22","39","61"
"경기도교육청","경기도교육청","경기도 용인시 처인구","S090006924","고림고등학교","04","공립","N","","1","0","1","1","0","1","0","0","0","14","51","65","3","10","13","0","3","3","0","0","0","0","0","0","0","0","0","0","2","2","0","0","0","0","1","1","0","1","1","0","0","0","19","68","87"
"경기도교육청","경기도교육청","경기도 시흥시","S090006925","배곧고등학교","04","공립","N","","1","0","1","1","1","2","0","0","0","20","35","55","2","9","11","0","2","2","0","0","0","0","0","0","0","0","0","0","1","1","0","1","1","0","1","1","0","1","1","0","0","0","24","51","75"
"경기도교육청","경기도교육청","경기도 하남시","S090007014","위례고등학교","04","공립","N","","1","0","1","1","0","1","0","1","1","4","35","39","5","13","18","0","0","0","0","0","0","0","0","0","0","0","0","1","0","1","0","1","1","0","1","1","0","1","1","0","0","0","12","52","64"
"경기도교육청","경기도교육청","경기도 화성시 만세구","S090007015","하길고등학교","04","공립","N","","1","0","1","1","0","1","0","0","0","14","24","38","6","21","27","0","0","0","0","0","0","0","0","0","0","0","0","0","1","1","0","1","1","0","1","1","0","1","1","0","0","0","22","49","71"
"경기도교육청","경기도교육청","경기도 성남시 수정구","S090007016","위례한빛고등학교","04","공립","N","","1","0","1","0","1","1","0","0","0","20","57","77","4","6","10","1","2","3","0","0","0","0","0","0","0","0","0","0","1","1","0","1","1","0","1","1","0","2","2","0","0","0","26","71","97"
"경기도교육청","경기도교육청","경기도 화성시 동탄구","S090007130","이산고등학교","04","공립","N","","1","1","2","0","1","1","0","0","0","22","40","62","5","10","15","0","1","1","0","0","0","0","0","0","0","0","0","0","0","0","0","1","1","0","3","3","0","1","1","0","0","0","28","58","86"
"경기도교육청","경기도교육청","경기도 화성시 동탄구","S090007131","창의고등학교","04","공립","N","","1","0","1","0","1","1","0","0","0","22","36","58","6","18","24","0","0","0","0","0","0","0","0","0","0","0","0","0","1","1","0","1","1","0","2","2","0","1","1","0","0","0","29","60","89"
"경기도교육청","경기도교육청","","S090007243","정현고등학교","04","공립","N","","1","0","1","1","0","1","0","0","0","24","39","63","4","14","18","0","2","2","0","1","1","0","0","0","0","0","0","0","2","2","0","1","1","0","1","1","0","1","1","0","0","0","30","61","91"
"경기도교육청","경기도교육청","경기도 화성시 효행구","S090007278","와우고등학교","04","공립","N","","1","0","1","1","0","1","1","0","1","7","12","19","5","4","9","0","1","1","0","0","0","0","0","0","0","0","0","0","0","0","0","0","0","0","2","2","0","1","1","0","0","0","15","20","35"
"경기도교육청","경기도교육청","경기도 김포시","S090007314","고촌고등학교","04","공립","N","","0","1","1","1","0","1","0","0","0","19","35","54","3","7","10","0","1","1","0","0","0","0","0","0","0","0","0","0","1","1","0","1","1","0","1","1","0","1","1","0","0","0","23","48","71"
"경기도교육청","경기도교육청","경기도 화성시 만세구","S090007315","새솔고등학교","04","공립","N","","1","0","1","0","1","1","0","0","0","8","12","20","5","20","25","0","1","1","0","2","2","0","0","0","0","0","0","0","1","1","1","0","1","0","1","1","0","2","2","0","0","0","15","40","55"
"경기도교육청","경기도교육청","경기도 화성시 동탄구","S090007316","서연고등학교","04","공립","N","","2","0","2","0","0","0","0","0","0","16","42","58","5","15","20","0","0","0","0","0","0","0","0","0","0","0","0","1","1","2","0","1","1","0","1","1","0","1","1","0","0","0","24","61","85"
"경기도교육청","경기도교육청","경기도 남양주시","S090007317","남양주다산고등학교","04","공립","N","","1","0","1","1","0","1","1","0","1","25","35","60","3","8","11","1","1","2","0","0","0","0","0","0","0","0","0","1","0","1","0","1","1","0","1","1","0","1","1","0","0","0","33","47","80"
"경기도교육청","경기도교육청","경기도 시흥시","S090007318","목감고등학교","04","공립","N","","1","0","1","1","0","1","0","0","0","14","31","45","4","8","12","1","1","2","0","0","0","0","0","0","0","0","0","0","1","1","0","1","1","0","1","1","0","1","1","0","0","0","21","44","65"
"경기도교육청","경기도교육청","경기도 하남시","S090007408","감일고등학교","04","공립","N","","1","0","1","1","0","1","0","0","0","6","38","44","2","3","5","0","1","1","0","0","0","0","0","0","0","0","0","1","0","1","0","1","1","0","1","1","0","1","1","0","0","0","11","45","56"
"경기도교육청","경기도교육청","경기도 양주시","S090007409","옥빛고등학교","04","공립","N","","1","0","1","1","0","1","0","0","0","17","28","45","7","8","15","1","1","2","0","0","0","0","0","0","0","0","0","1","0","1","0","1","1","0","1","1","0","1","1","0","0","0","28","40","68"
"경기도교육청","경기도교육청","경기도 용인시 처인구","S090007439","처인고등학교","04","공립","N","","0","1","1","1","0","1","0","0","0","13","26","39","2","9","11","0","0","0","0","0","0","0","0","0","0","0","0","1","0","1","0","1","1","0","1","1","0","2","2","0","0","0","17","40","57"
"경기도교육청","경기도교육청","경기도 고양시 덕양구","S090007444","신원고등학교","04","공립","N","","0","1","1","1","0","1","0","0","0","15","20","35","6","15","21","0","0","0","0","2","2","0","0","0","0","0","0","0","1","1","0","1","1","0","1","1","0","1","1","0","0","0","22","42","64"
"경기도교육청","경기도교육청","경기도 고양시 덕양구","S090007445","향동고등학교","04","공립","N","","2","0","2","0","1","1","0","0","0","6","22","28","1","6","7","0","1","1","0","1","1","0","0","0","0","0","0","0","0","0","0","1","1","0","1","1","0","1","1","0","0","0","9","34","43"
"경기도교육청","경기도교육청","경기도 화성시 동탄구","S090007568","이솔고등학교","04","공립","N","","0","1","1","0","1","1","0","0","0","18","27","45","3","13","16","0","0","0","0","0","0","0","0","0","0","0","0","0","1","1","0","1","1","0","1","1","0","1","1","0","0","0","21","46","67"