"시도교육청","교육지원청","지역","정보공시 학교코드","학교명","학교급코드","설립구분","제외여부","제외사유","교장(남)","교장(여)","교장(계)","교감(남)","교감(여)","교감(계)","수석교사(남)","수석교사(여)","수석교사(계)","정교사(1정)(남)","정교사(1정)(여)","정교사(1정)(계)","정교사(2정)(남)","정교사(2정)(여)","정교사(2정)(계)","특수1정(남)","특수1정(여)","특수1정(계)","특수2정(남)","특수2정(여)","특수2정(계)","준교사(남)","준교사(여)","준교사(계)","실기교사(남)","실기교사(여)","실기교사(계)","전문상담교사(남)","전문상담교사(여)","전문상담교사(계)","사서교사(남)","사서교사(여)","사서교사(계)","보건교사(남)","보건교사(여)","보건교사(계)","영양교사(남)","영양교사(여)","영양교사(계)","해당없음(남)","해당없음(여)","해당없음(계)","계(남)","계(여)","계"
"경기도교육청","경기도가평교육지원청","경기도 가평군","S090000445","가평고등학교","04","공립","N","","0","1","1","1","0","1","1","0","1","5","16","21","11","18","29","0","2","2","1","1","2","0","0","0","0","0","0","0","1","1","0","1","1","0","1","1","0","0","0","0","0","0","19","41","60"
"경기도교육청","경기도수원교육지원청","경기도 수원시 장안구","S090000447","경기과학고등학교","04","공립","N","","0","0","0","1","0","1","0","0","0","44","33","77","0","1","1","0","0","0","0","0","0","0","0","0","0","0","0","0","1","1","0","1","1","0","1","1","0","2","2","0","0","0","45","39","84"
"경기도교육청","경기도수원교육지원청","경기도 수원시 권선구","S090000448","경기대명고등학교","04","공립","N","","1","0","1","1","0","1","0","0","0","9","11","20","0","3","3","0","0","0","0","0","0","0","0","0","0","1","1","0","1","1","0","0","0","0","1","1","0","1","1","2","1","3","13","19","32"
"경기도교육청","경기도수원교육지원청","경기도 수원시 장안구","S090000449","경기체육고등학교","04","공립","N","","1","0","1","1","0","1","0","0","0","16","12","28","2","2","4","0","0","0","0","0","0","0","0","0","0","0","0","0","1","1","0","1","1","0","1","1","0","2","2","0","0","0","20","19","39"
"경기도교육청","경기도이천교육지원청","경기도 이천시","S090000450","이천세무고등학교","04","공립","N","","0","1","1","1","0","1","0","0","0","6","3","9","4","2","6","0","0","0","0","0","0","0","0","0","0","0","0","0","0","0","1","0","1","0","1","1","0","0","0","0","0","0","12","7","19"
"경기도교육청","경기도의정부교육지원청","경기도 의정부시","S090000451","경민고등학교","04","사립","N","","1","0","1","1","0","1","0","0","0","26","17","43","7","9","16","0","0","0","0","0","0","0","0","0","0","0","0","0","1","1","0","0","0","0","1","1","0","1","1","0","0","0","35","29","64"
"경기도교육청","경기도의정부교육지원청","경기도 의정부시","S090000453","경민비즈니스고등학교","04","사립","N","","0","1","1","1","0","1","0","0","0","17","29","46","4","6","10","0","0","0","0","0","0","0","0","0","0","0","0","0","1","1","0","0","0","0","2","2","0","1","1","0","0","0","22","40","62"
"경기도교육청","경기도의정부교육지원청","경기도 의정부시","S090000455","경민IT고등학교","04","사립","N","","1","0","1","1","0","1","0","0","0","20","16","36","4","8","12","0","0","0","0","0","0","0","0","0","0","0","0","2","0","2","0","0","0","0","5","5","0","0","0","0","0","0","28","29","57"
"경기도교육청","경기도안산교육지원청","경기도 안산시 단원구","S090000457","경안고등학교","04","사립","N","","1","0","1","1","0","1","0","0","0","41","21","62","8","6","14","0","0","0","0","0","0","0","0","0","0","0","0","0","1","1","0","1","1","0","1","1","0","0","0","0","0","0","51","30","81"
"경기도교육청","경기도안산교육지원청","경기도 안산시 단원구","S090000458","경일고등학교","04","사립","N","","1","0","1","0","0","0","0","0","0","25","43","68","7","13","20","0","0","0","0","0","0","0","0","0","0","0","0","0","1","1","0","1","1","0","1","1","0","1","1","0","0","0","33","60","93"
"경기도교육청","경기도광주하남교육지원청","경기도 광주시","S090000460","경화여자고등학교","04","사립","N","","0","1","1","0","1","1","0","0","0","42","20","62","3","5","8","0","0","0","0","0","0","0","0","0","0","0","0","0","1","1","0","1","1","0","1","1","0","1","1","0","0","0","45","31","76"
"경기도교육청","경기도부천교육지원청","경기도 부천시 원미구","S090000463","계남고등학교","04","공립","N","","1","0","1","0","1","1","0","0","0","13","42","55","1","4","5","0","4","4","0","0","0","0","0","0","0","0","0","0","2","2","0","0","0","0","1","1","0","0","0","0","0","0","15","54","69"
"경기도교육청","경기도성남교육지원청","경기도 성남시 분당구","S090000466","계원예술고등학교","04","사립","N","","1","0","1","1","0","1","0","0","0","12","25","37","1","8","9","0","0","0","0","0","0","0","0","0","0","0","0","0","0","0","0","0","0","0","1","1","0","0","0","0","0","0","15","34","49"
"경기도교육청","경기도고양교육지원청","경기도 고양시 일산서구","S090000468","백송고등학교","04","사립","N","","1","0","1","1","0","1","0","0","0","10","12","22","2","7","9","0","0","0","0","0","0","0","0","0","0","0","0","0","1","1","0","1","1","0","1","1","0","0","0","0","0","0","14","22","36"
"경기도교육청","경기도고양교육지원청","경기도 고양시 덕양구","S090000469","고양외국어고등학교","04","사립","N","","1","0","1","0","1","1","1","0","1","27","19","46","3","10","13","0","0","0","0","0","0","0","0","0","0","0","0","0","0","0","0","0","0","0","1","1","0","1","1","0","1","1","32","33","65"
"경기도교육청","경기도고양교육지원청","경기도 고양시 덕양구","S090000470","고양고등학교","04","공립","N","","1","0","1","1","0","1","0","0","0","13","31","44","4","8","12","1","6","7","0","0","0","1","0","1","0","0","0","0","1","1","0","0","0","0","1","1","0","0","0","0","0","0","21","47","68"
"경기도교육청","경기도안산교육지원청","경기도 안산시 단원구","S090000471","고잔고등학교","04","공립","N","","1","0","1","1","1","2","0","0","0","20","41","61","3","9","12","0","3","3","2","0","2","0","0","0","0","0","0","0","1","1","0","1","1","0","1","1","0","0","0","0","0","0","27","57","84"
"경기도교육청","경기도안양과천교육지원청","경기도 과천시","S090000472","과천고등학교","04","공립","N","","1","0","1","1","0","1","0","1","1","11","39","50","1","4","5","0","3","3","0","0","0","0","0","0","0","0","0","0","0","0","0","1","1","0","1","1","0","1","1","0","0","0","14","50","64"
"경기도교육청","경기도안양과천교육지원청","경기도 과천시","S090000473","과천여자고등학교","04","사립","N","","1","0","1","1","0","1","0","0","0","26","10","36","0","1","1","0","0","0","0","0","0","0","0","0","0","0","0","0","0","0","0","0","0","0","1","1","0","0","0","0","0","0","28","12","40"
"경기도교육청","경기도안양과천교육지원청","경기도 과천시","S090000474","과천외국어고등학교","04","사립","N","","0","1","1","1","0","1","0","0","0","36","9","45","3","10","13","0","0","0","0","0","0","0","0","0","0","0","0","0","0","0","0","0","0","0","1","1","0","0","0","0","0","0","40","21","61"
"경기도교육청","경기도안양과천교육지원청","경기도 과천시","S090000475","과천중앙고등학교","04","공립","N","","0","0","0","1","1","2","0","0","0","14","36","50","1","2","3","2","1","3","0","0","0","0","0","0","0","0","0","0","0","0","0","1","1","0","1","1","0","1","1","0","0","0","18","43","61"
"경기도교육청","경기도안양과천교육지원청","경기도 안양시 동안구","S090000476","경기게임마이스터고등학교","04","공립","N","","0","0","0","1","0","1","0","0","0","8","16","24","0","7","7","0","1","1","0","0","0","0","0","0","0","0","0","1","0","1","0","1","1","0","1","1","0","0","0","1","0","1","11","26","37"
"경기도교육청","경기도안양과천교육지원청","경기도 안양시 동안구","S090000477","관양고등학교","04","공립","N","","0","1","1","0","1","1","0","0","0","11","60","71","2","4","6","2","2","4","0","0","0","0","0","0","0","0","0","0","0","0","0","0","0","0","2","2","0","1","1","0","0","0","15","71","86"
"경기도교육청","경기도포천교육지원청","경기도 포천시","S090000478","관인고등학교","04","공립","N","","1","0","1","1","0","1","0","0","0","4","3","7","1","6","7","0","0","0","1","0","1","0","0","0","0","0","0","0","0","0","0","0","0","0","1","1","0","0","0","0","0","0","8","10","18"
"경기도교육청","경기도구리남양주교육지원청","경기도 남양주시","S090000479","광동고등학교","04","사립","N","","1","0","1","1","0","1","0","0","0","36","33","69","0","5","5","0","0","0","0","0","0","0","0","0","0","0","0","1","1","2","0","0","0","0","1","1","0","0","0","0","0","0","39","40","79"
"경기도교육청","경기도의정부교육지원청","경기도 의정부시","S090000480","의정부광동고등학교","04","사립","N","","1","0","1","1","0","1","0","0","0","22","13","35","8","9","17","0","0","0","0","0","0","0","0","0","0","0","0","0","1","1","0","1","1","0","1","1","0","0","0","0","0","0","32","25","57"
"경기도교육청","경기도광명교육지원청","경기도 광명시","S090000482","광명고등학교","04","공립","N","","1","0","1","1","0","1","0","0","0","17","48","65","0","5","5","0","3","3","0","0","0","0","0","0","0","0","0","0","0","0","0","0","0","0","1","1","0","1","1","0","0","0","19","58","77"
"경기도교육청","경기도광명교육지원청","경기도 광명시","S090000483","경기항공고등학교","04","사립","N","","1","0","1","1","0","1","0","0","0","11","3","14","9","3","12","0","0","0","0","0","0","1","0","1","0","0","0","0","1","1","1","0","1","0","1","1","0","0","0","0","0","0","24","8","32"
"경기도교육청","경기도광명교육지원청","경기도 광명시","S090000484","광명북고등학교","04","공립","N","","1","0","1","0","1","1","0","0","0","11","57","68","3","9","12","1","5","6","5","0","5","0","0","0","0","0","0","0","0","0","0","1","1","0","1","1","0","1","1","0","0","0","21","75","96"
"경기도교육청","경기도광명교육지원청","경기도 광명시","S090000487","명문고등학교","04","공립","N","","1","0","1","1","0","1","0","0","0","18","49","67","1","4","5","0","4","4","0","0","0","0","0","0","0","0","0","0","0","0","0","0","0","0","1","1","0","0","0","0","0","0","21","58","79"
"경기도교육청","경기도광명교육지원청","경기도 광명시","S090000488","창의경영고등학교","04","공립","N","","1","0","1","0","1","1","0","0","0","5","48","53","2","7","9","0","2","2","0","0","0","0","0","0","0","0","0","0","1","1","0","0","0","0","1","1","0","0","0","0","0","0","8","60","68"
"경기도교육청","경기도광명교육지원청","경기도 광명시","S090000489","광문고등학교","04","공립","N","","0","1","1","1","0","1","0","0","0","14","52","66","1","3","4","1","0","1","0","0","0","0","0","0","0","0","0","0","0","0","0","0","0","0","1","1","0","0","0","0","0","0","17","57","74"
"경기도교육청","경기도광주하남교육지원청","경기도 광주시","S090000490","광주고등학교","04","공립","N","","1","1","2","1","0","1","0","0","0","19","44","63","3","10","13","0","1","1","1","0","1","0","0","0","0","0","0","0","1","1","0","0","0","0","1","1","0","0","0","0","0","0","25","58","83"
"경기도교육청","경기도광주하남교육지원청","경기도 광주시","S090000492","곤지암고등학교","04","공립","N","","1","0","1","1","0","1","0","0","0","9","24","33","4","7","11","0","2","2","0","0","0","0","0","0","0","0","0","1","1","2","0","1","1","0","1","1","0","1","1","0","0","0","16","37","53"
"경기도교육청","경기도광주하남교육지원청","경기도 광주시","S090000493","광주중앙고등학교","04","공립","N","","1","0","1","2","0","2","0","0","0","16","49","65","7","20","27","1","1","2","0","2","2","0","0","0","0","0","0","0","1","1","0","1","1","0","2","2","0","1","1","0","0","0","27","77","104"
"경기도교육청","경기도파주교육지원청","경기도 파주시","S090000494","광탄고등학교","04","사립","N","","1","0","1","1","1","2","0","0","0","14","9","23","1","1","2","1","0","1","0","0","0","0","0","0","0","0","0","0","1","1","0","1","1","0","1","1","0","1","1","0","0","0","18","15","33"
"경기도교육청","경기도구리남양주교육지원청","경기도 구리시","S090000496","구리고등학교","04","공립","N","","1","0","1","0","1","1","0","0","0","17","31","48","0","6","6","0","0","0","0","0","0","0","0","0","0","0","0","0","0","0","0","0","0","0","1","1","0","0","0","0","0","0","18","39","57"
"경기도교육청","경기도구리남양주교육지원청","경기도 구리시","S090000497","구리여자고등학교","04","공립","N","","0","1","1","1","0","1","0","0","0","11","32","43","1","8","9","0","3","3","0","0","0","0","0","0","0","0","0","0","0","0","0","1","1","0","1","1","0","0","0","0","0","0","13","46","59"
"경기도교육청","경기도시흥교육지원청","경기도 시흥시","S090000499","군자디지털과학고등학교","04","공립","N","","1","0","1","2","0","2","0","0","0","28","23","51","2","4","6","1","3","4","0","1","1","0","0","0","0","0","0","0","1","1","0","0","0","0","2","2","0","0","0","0","0","0","34","34","68"
"경기도교육청","경기도군포의왕교육지원청","경기도 군포시","S090000502","군포고등학교","04","사립","N","","1","0","1","0","0","0","0","0","0","30","16","46","7","14","21","0","0","0","0","0","0","0","0","0","0","0","0","1","0","1","0","1","1","0","1","1","0","0","0","0","0","0","39","32","71"
"경기도교육청","경기도군포의왕교육지원청","경기도 군포시","S090000504","군포e비즈니스고등학교","04","공립","N","","0","0","0","2","0","2","0","0","0","3","48","51","4","7","11","2","6","8","1","0","1","0","0","0","0","0","0","0","2","2","0","0","0","0","2","2","0","1","1","0","0","0","12","66","78"
"경기도교육청","경기도수원교육지원청","경기도 수원시 권선구","S090000505","권선고등학교","04","공립","N","","1","0","1","1","0","1","0","0","0","17","56","73","1","3","4","0","4","4","1","0","1","0","0","0","0","0","0","0","2","2","0","1","1","0","2","2","0","0","0","0","0","0","21","68","89"
"경기도교육청","경기도안양과천교육지원청","경기도 안양시 만안구","S090000507","근명고등학교","04","사립","N","","1","0","1","0","0","0","0","0","0","17","15","32","1","25","26","0","0","0","0","0","0","0","0","0","0","0","0","0","1","1","0","1","1","0","1","1","0","0","0","0","0","0","19","43","62"
"경기도교육청","경기도구리남양주교육지원청","경기도 남양주시","S090000508","금곡고등학교","04","공립","N","","1","0","1","1","0","1","0","0","0","22","39","61","6","10","16","0","0","0","0","0","0","0","0","0","0","0","0","0","1","1","0","1","1","0","1","1","0","1","1","0","0","0","30","53","83"
"경기도교육청","경기도용인교육지원청","경기도 용인시 기흥구","S090000509","기흥고등학교","04","공립","N","","1","0","1","1","0","1","0","0","0","15","48","63","3","5","8","0","2","2","0","0","0","0","0","0","0","0","0","1","0","1","0","0","0","0","1","1","0","1","1","0","0","0","21","57","78"
"경기도교육청","경기도김포교육지원청","경기도 김포시","S090000510","김포고등학교","04","공립","N","","0","1","1","2","0","2","0","0","0","17","35","52","3","11","14","0","1","1","0","0","0","0","0","0","0","0","0","0","0","0","0","1","1","0","1","1","0","0","0","0","0","0","22","50","72"
"경기도교육청","경기도김포교육지원청","경기도 김포시","S090000511","김포과학기술고등학교","04","공립","N","","1","0","1","1","0","1","0","0","0","18","22","40","9","8","17","2","0","2","0","0","0","0","0","0","0","0","0","0","1","1","0","0","0","0","1","1","0","1","1","0","0","0","31","33","64"
"경기도교육청","경기도성남교육지원청","경기도 성남시 분당구","S090000515","낙생고등학교","04","사립","N","","1","0","1","1","0","1","0","0","0","25","8","33","12","14","26","0","0","0","0","0","0","0","1","1","0","0","0","1","1","2","0","1","1","0","1","1","0","0","0","0","0","0","40","26","66"
"경기도교육청","경기도동두천양주교육지원청","경기도 양주시","S090000517","한국외식과학고등학교","04","사립","N","","1","0","1","0","0","0","0","0","0","10","6","16","7","5","12","0","0","0","0","0","0","0","0","0","0","0","0","0","1","1","0","1","1","0","1","1","0","1","1","0","0","0","18","15","33"
"경기도교육청","경기도화성오산교육지원청","","S090000518","남양고등학교","04","공립","N","","1","0","1","1","0","1","0","0","0","8","14","22","12","12","24","2","0","2","1","0","1","0","0","0","0","0","0","0","1","1","0","1","1","0","1","1","0","0","0","0","0","0","25","29","54"
"경기도교육청","경기도구리남양주교육지원청","경기도 남양주시","S090000519","남양주고등학교","04","공립","N","","1","0","1","1","0","1","0","0","0","20","12","32","7","7","14","0","2","2","0","0","0","0","0","0","0","0","0","1","1","2","0","0","0","0","2","2","0","0","0","1","0","1","31","24","55"
"경기도교육청","경기도광주하남교육지원청","경기도 하남시","S090000520","남한고등학교","04","공립","N","","1","0","1","1","0","1","0","0","0","12","36","48","3","9","12","2","1","3","0","1","1","0","0","0","0","0","0","0","1","1","0","1","1","0","1","1","0","1","1","0","0","0","19","51","70"
"경기도교육청","경기도고양교육지원청","경기도 고양시 덕양구","S090000521","능곡고등학교","04","공립","N","","1","0","1","0","1","1","0","0","0","13","45","58","4","11","15","0","0","0","0","0","0","0","0","0","0","0","0","0","1","1","0","0","0","0","1","1","0","1","1","0","0","0","18","60","78"
"경기도교육청","경기도안산교육지원청","경기도 안산시 단원구","S090000524","대부고등학교","04","공립","N","","1","0","1","1","0","1","0","0","0","4","2","6","3","4","7","0","1","1","1","0","1","0","0","0","0","0","0","0","1","1","0","1","1","0","1","1","0","1","1","0","0","0","10","11","21"
"경기도교육청","경기도여주교육지원청","경기도 여주시","S090000525","대신고등학교","04","사립","N","","1","0","1","1","0","1","0","0","0","14","2","16","1","1","2","0","0","0","1","0","1","0","0","0","0","0","0","0","0","0","0","1","1","0","1","1","0","0","0","0","0","0","18","5","23"
"경기도교육청","경기도수원교육지원청","경기도 수원시 장안구","S090000527","대평고등학교","04","공립","N","","1","0","1","1","0","1","0","0","0","15","42","57","0","3","3","0","2","2","0","0","0","0","0","0","0","0","0","1","0","1","0","0","0","0","1","1","0","0","0","0","0","0","18","48","66"
"경기도교육청","경기도부천교육지원청","경기도 부천시 오정구","S090000528","덕산고등학교","04","공립","N","","1","0","1","2","0","2","0","0","0","10","34","44","1","3","4","1","0","1","0","1","1","0","0","0","0","0","0","0","1","1","0","1","1","0","1","1","0","0","0","0","0","0","15","41","56"
"경기도교육청","경기도구리남양주교육지원청","경기도 남양주시","S090000529","덕소고등학교","04","사립","N","","0","0","0","1","0","1","0","0","0","18","18","36","18","17","35","0","0","0","0","0","0","0","0","0","0","0","0","0","1","1","0","0","0","0","1","1","0","1","1","0","0","0","37","38","75"
"경기도교육청","경기도동두천양주교육지원청","경기도 양주시","S090000532","덕정고등학교","04","공립","N","","1","0","1","0","2","2","0","0","0","17","28","45","5","5","10","0","2","2","1","0","1","0","0","0","0","0","0","1","0","1","0","0","0","0","1","1","0","1","1","0","0","0","25","39","64"
"경기도교육청","경기도부천교육지원청","경기도 부천시 원미구","S090000533","도당고등학교","04","공립","N","","0","1","1","1","0","1","0","0","0","17","39","56","1","5","6","0","2","2","1","0","1","0","0","0","0","0","0","0","1","1","0","1","1","0","1","1","0","1","1","0","0","0","20","51","71"
"경기도교육청","경기도포천교육지원청","경기도 포천시","S090000534","동남고등학교","04","사립","N","","0","1","1","0","0","0","0","0","0","28","19","47","6","7","13","1","0","1","1","0","1","0","0","0","0","0","0","0","0","0","0","1","1","0","1","1","0","0","0","0","0","0","36","29","65"
"경기도교육청","경기도동두천양주교육지원청","경기도 동두천시","S090000536","동두천고등학교","04","사립","N","","0","1","1","1","0","1","0","0","0","8","10","18","1","12","13","0","0","0","0","0","0","0","0","0","0","0","0","1","0","1","0","1","1","0","1","1","0","1","1","0","0","0","11","26","37"
"경기도교육청","경기도동두천양주교육지원청","경기도 동두천시","S090000538","한국문화영상고등학교","04","사립","N","","1","0","1","1","0","1","0","0","0","15","17","32","6","4","10","0","0","0","0","0","0","0","0","0","0","0","0","0","1","1","0","0","0","0","1","1","0","1","1","0","0","0","23","24","47"
"경기도교육청","경기도동두천양주교육지원청","경기도 동두천시","S090000539","동두천중앙고등학교","04","공립","N","","1","0","1","1","0","1","0","0","0","11","11","22","12","10","22","1","0","1","0","3","3","0","0","0","1","0","1","0","1","1","0","0","0","0","1","1","0","1","1","0","0","0","27","27","54"
"경기도교육청","경기도안양과천교육지원청","경기도 안양시 동안구","S090000541","동안고등학교","04","공립","N","","1","0","1","0","1","1","0","0","0","19","63","82","0","3","3","0","0","0","0","0","0","0","0","0","0","0","0","1","1","2","0","1","1","0","2","2","0","0","0","0","0","0","21","71","92"
"경기도교육청","경기도수원교육지원청","경기도 수원시 장안구","S090000542","동우여자고등학교","04","사립","N","","1","0","1","1","0","1","0","0","0","25","22","47","2","8","10","0","0","0","0","0","0","0","0","0","0","0","0","0","1","1","0","1","1","0","1","1","0","0","0","0","0","0","29","33","62"
"경기도교육청","경기도수원교육지원청","경기도 수원시 장안구","S090000543","동원동우고등학교","04","사립","N","","1","0","1","0","0","0","0","0","0","41","9","50","11","4","15","0","0","0","0","0","0","0","0","0","0","0","0","0","1","1","0","1","1","0","1","1","0","0","0","0","0","0","53","16","69"
"경기도교육청","경기도평택교육지원청","경기도 평택시","S090000544","동일공업고등학교","04","사립","N","","1","0","1","1","0","1","0","0","0","30","11","41","20","6","26","0","0","0","0","0","0","0","0","0","0","0","0","0","1","1","0","1","1","0","1","1","0","1","1","0","0","0","52","21","73"
"경기도교육청","경기도구리남양주교육지원청","경기도 남양주시","S090000545","동화고등학교","04","사립","N","","1","0","1","2","0","2","0","0","0","44","34","78","6","9","15","0","0","0","0","0","0","0","0","0","0","0","0","0","1","1","1","0","1","0","2","2","0","1","1","0","0","0","54","47","101"
"경기도교육청","경기도화성오산교육지원청","","S090000546","두레자연고등학교","04","사립","N","","1","0","1","1","0","1","0","0","0","9","3","12","2","1","3","0","0","0","0","0","0","0","0","0","0","0","0","0","1","1","0","1","1","0","1","1","0","1","1","0","0","0","13","8","21"
"경기도교육청","경기도이천교육지원청","경기도 이천시","S090000548","마장고등학교","04","공립","N","","0","1","1","0","1","1","0","0","0","8","9","17","5","3","8","1","0","1","0","0","0","0","0","0","0","0","0","0","1","1","0","1","1","0","1","1","0","2","2","0","0","0","14","19","33"
"경기도교육청","경기도수원교육지원청","경기도 수원시 팔달구","S090000552","매향여자정보고등학교","04","사립","N","","0","1","1","1","0","1","0","1","1","28","25","53","2","15","17","0","0","0","0","0","0","0","0","0","0","0","0","0","1","1","0","1","1","0","7","7","0","0","0","0","0","0","31","51","82"
"경기도교육청","경기도고양교육지원청","경기도 고양시 덕양구","S090000553","무원고등학교","04","공립","N","","0","1","1","0","1","1","0","0","0","7","43","50","3","14","17","0","2","2","0","1","1","0","0","0","0","0","0","1","0","1","0","1","1","0","1","1","0","1","1","0","0","0","11","65","76"
"경기도교육청","경기도파주교육지원청","경기도 파주시","S090000554","문산고등학교","04","공립","N","","1","0","1","1","0","1","0","0","0","10","17","27","2","2","4","0","2","2","1","1","2","0","0","0","0","0","0","0","0","0","0","0","0","0","1","1","0","1","1","0","0","0","15","24","39"
"경기도교육청","경기도파주교육지원청","경기도 파주시","S090000555","문산수억고등학교","04","사립","N","","0","1","1","1","0","1","0","0","0","23","25","48","4","11","15","1","1","2","0","0","0","0","0","0","0","0","0","0","1","1","0","1","1","0","1","1","0","1","1","0","0","0","29","42","71"
"경기도교육청","경기도파주교육지원청","경기도 파주시","S090000556","문산제일고등학교","04","공립","N","","1","0","1","2","0","2","0","0","0","17","40","57","0","8","8","1","1","2","1","0","1","0","0","0","0","0","0","0","1","1","0","1","1","0","1","1","0","0","0","0","0","0","22","52","74"
"경기도교육청","경기도안산교육지원청","경기도 안산시 상록구","S090000558","경기모바일과학고등학교","04","공립","N","","0","1","1","0","1","1","0","0","0","7","29","36","4","12","16","1","0","1","0","0","0","0","0","0","0","0","0","0","1","1","0","0","0","0","1","1","0","0","0","0","0","0","12","45","57"
"경기도교육청","경기도화성오산교육지원청","경기도 화성시 만세구","S090000559","발안바이오과학고등학교","04","공립","N","","1","0","1","1","0","1","0","0","0","8","21","29","2","5","7","0","0","0","0","0","0","0","0","0","0","0","0","0","1","1","0","1","1","0","1","1","0","1","1","0","0","0","12","30","42"
"경기도교육청","경기도고양교육지원청","경기도 고양시 일산동구","S090000563","백마고등학교","04","공립","N","","1","0","1","1","1","2","0","0","0","13","50","63","0","4","4","0","0","0","0","0","0","0","0","0","0","0","0","0","0","0","0","0","0","0","1","1","0","2","2","0","0","0","15","58","73"
"경기도교육청","경기도고양교육지원청","경기도 고양시 일산동구","S090000564","백석고등학교","04","공립","N","","2","0","2","0","1","1","0","0","0","13","53","66","0","5","5","0","0","0","0","0","0","0","0","0","0","0","0","0","0","0","0","0","0","0","1","1","0","0","0","0","0","0","15","60","75"
"경기도교육청","경기도고양교육지원청","경기도 고양시 일산동구","S090000565","백신고등학교","04","공립","N","","1","1","2","1","0","1","0","0","0","17","45","62","3","6","9","1","2","3","0","0","0","0","0","0","0","0","0","0","0","0","0","1","1","0","1","1","0","2","2","0","1","1","23","59","82"
"경기도교육청","경기도용인교육지원청","경기도 용인시 처인구","S090000566","백암고등학교","04","공립","N","","1","0","1","1","0","1","0","0","0","8","10","18","0","4","4","0","0","0","1","0","1","0","0","0","0","0","0","1","0","1","0","0","0","0","1","1","0","1","1","0","0","0","12","16","28"
"경기도교육청","경기도고양교육지원청","경기도 고양시 덕양구","S090000567","백양고등학교","04","공립","N","","1","0","1","1","0","1","0","0","0","18","45","63","0","7","7","0","2","2","0","0","0","0","0","0","0","0","0","0","1","1","0","1","1","0","2","2","0","2","2","0","0","0","20","60","80"
"경기도교육청","경기도안양과천교육지원청","경기도 안양시 동안구","S090000568","백영고등학교","04","사립","N","","1","0","1","1","0","1","0","0","0","39","15","54","5","14","19","0","0","0","0","0","0","0","0","0","0","0","0","0","0","0","0","1","1","0","1","1","0","1","1","0","0","0","46","32","78"
"경기도교육청","경기도군포의왕교육지원청","경기도 의왕시","S090000569","백운고등학교","04","공립","N","","1","0","1","1","0","1","0","0","0","16","48","64","4","4","8","0","2","2","1","0","1","0","0","0","0","0","0","0","1","1","0","1","1","0","1","1","0","1","1","0","0","0","23","58","81"
"경기도교육청","경기도동두천양주교육지원청","경기도 동두천시","S090000572","한빛누리고등학교","04","사립","N","","0","1","1","1","0","1","0","0","0","14","15","29","4","7","11","2","1","3","0","0","0","0","0","0","0","0","0","0","2","2","0","0","0","0","1","1","0","1","1","0","0","0","21","28","49"
"경기도교육청","경기도부천교육지원청","경기도 부천시 원미구","S090000576","부명고등학교","04","공립","N","","0","1","1","1","0","1","0","0","0","15","35","50","4","6","10","1","0","1","0","1","1","0","0","0","0","0","0","0","1","1","0","1","1","0","1","1","0","1","1","0","0","0","21","47","68"
"경기도교육청","경기도부천교육지원청","경기도 부천시 원미구","S090000577","경기국제통상고등학교","04","공립","N","","1","0","1","1","0","1","0","0","0","5","41","46","4","13","17","1","4","5","0","0","0","0","0","0","0","0","0","0","1","1","0","1","1","0","1","1","0","0","0","0","0","0","12","61","73"
"경기도교육청","경기도부천교육지원청","경기도 부천시 원미구","S090000578","상동고등학교","04","공립","N","","1","0","1","1","0","1","0","0","0","11","43","54","1","5","6","0","0","0","0","0","0","0","0","0","0","0","0","0","1","1","0","1","1","0","1","1","0","1","1","0","0","0","14","52","66"
"경기도교육청","경기도부천교육지원청","경기도 부천시 소사구","S090000579","부천고등학교","04","공립","N","","1","0","1","3","0","3","0","0","0","17","36","53","1","3","4","0","0","0","0","0","0","0","0","0","0","0","0","0","1","1","0","1","1","0","1","1","0","0","0","0","0","0","22","42","64"
"경기도교육청","경기도부천교육지원청","경기도 부천시 소사구","S090000580","부천공업고등학교","04","공립","N","","1","0","1","1","0","1","0","0","0","26","23","49","7","10","17","0","1","1","1","1","2","0","0","0","0","0","0","0","1","1","0","1","1","0","2","2","0","0","0","0","0","0","36","39","75"
"경기도교육청","경기도부천교육지원청","경기도 부천시 원미구","S090000581","부천북고등학교","04","공립","N","","1","0","1","1","0","1","0","0","0","14","42","56","3","2","5","0","1","1","1","0","1","0","0","0","0","0","0","0","1","1","0","1","1","0","1","1","0","2","2","0","0","0","20","50","70"
"경기도교육청","경기도부천교육지원청","경기도 부천시 원미구","S090000584","부천여자고등학교","04","공립","N","","1","0","1","0","1","1","0","0","0","8","40","48","0","4","4","0","0","0","0","0","0","0","0","0","0","0","0","0","1","1","0","0","0","0","2","2","0","0","0","0","0","0","9","48","57"
"경기도교육청","경기도부천교육지원청","경기도 부천시 원미구","S090000585","부천정보산업고등학교","04","공립","N","","1","0","1","1","0","1","0","0","0","12","55","67","1","8","9","2","8","10","1","0","1","0","0","0","0","0","0","0","1","1","0","1","1","0","1","1","0","0","0","0","0","0","18","74","92"
"경기도교육청","경기도안양과천교육지원청","경기도 안양시 동안구","S090000586","부흥고등학교","04","공립","N","","0","1","1","0","1","1","0","0","0","9","68","77","3","6","9","1","2","3","0","0","0","0","0","0","0","0","0","1","0","1","0","1","1","0","3","3","0","0","0","0","0","0","14","82","96"
"경기도교육청","경기도성남교육지원청","경기도 성남시 분당구","S090000587","분당고등학교","04","공립","N","","0","1","1","1","1","2","0","0","0","12","45","57","1","10","11","0","2","2","0","0","0","0","0","0","0","0","0","0","1","1","0","0","0","0","1","1","0","1","1","0","0","0","14","62","76"
"경기도교육청","경기도성남교육지원청","경기도 성남시 분당구","S090000588","분당대진고등학교","04","사립","N","","1","0","1","1","0","1","0","0","0","18","38","56","4","14","18","0","0","0","0","0","0","0","0","0","0","0","0","0","1","1","0","0","0","0","1","1","0","0","0","0","0","0","24","54","78"
"경기도교육청","경기도성남교육지원청","경기도 성남시 분당구","S090000589","분당경영고등학교","04","공립","N","","1","0","1","1","0","1","0","1","1","8","52","60","3","8","11","0","2","2","0","0","0","0","0","0","0","0","0","0","1","1","0","1","1","0","1","1","0","1","1","0","0","0","13","67","80"
"경기도교육청","경기도성남교육지원청","경기도 성남시 분당구","S090000590","분당중앙고등학교","04","공립","N","","1","0","1","1","0","1","0","0","0","13","43","56","4","3","7","0","0","0","0","0","0","0","0","0","0","0","0","0","1","1","0","0","0","0","1","1","0","1","1","0","0","0","19","49","68"
"경기도교육청","경기도성남교육지원청","경기도 성남시 분당구","S090000591","불곡고등학교","04","공립","N","","1","0","1","0","1","1","0","0","0","8","49","57","1","4","5","1","2","3","0","0","0","0","0","0","0","0","0","0","1","1","0","0","0","0","1","1","0","0","0","0","0","0","11","58","69"
"경기도교육청","경기도화성오산교육지원청","","S090000594","비봉고등학교","04","사립","N","","2","0","2","1","0","1","0","0","0","37","13","50","7","11","18","0","0","0","0","0","0","0","0","0","0","0","0","0","0","0","0","1","1","0","1","1","0","1","1","0","0","0","47","27","74"
"경기도교육청","경기도김포교육지원청","경기도 김포시","S090000596","사우고등학교","04","공립","N","","0","1","1","0","1","1","0","0","0","16","37","53","7","13","20","0","3","3","0","0","0","0","0","0","0","0","0","0","1","1","0","0","0","0","1","1","0","0","0","0","0","0","23","57","80"
"경기도교육청","경기도군포의왕교육지원청","경기도 군포시","S090000597","산본고등학교","04","공립","N","","0","1","1","1","0","1","0","0","0","18","60","78","1","7","8","0","2","2","1","0","1","0","0","0","0","0","0","0","1","1","0","1","1","0","2","2","0","0","0","0","0","0","21","74","95"
"경기도교육청","경기도군포의왕교육지원청","경기도 군포시","S090000598","경기폴리텍고등학교","04","공립","N","","1","0","1","1","0","1","0","0","0","13","17","30","1","2","3","0","0","0","0","0","0","0","0","0","0","0","0","0","1","1","0","0","0","0","5","5","0","1","1","0","0","0","16","26","42"
"경기도교육청","경기도파주교육지원청","경기도 파주시","S090000599","삼광고등학교","04","사립","N","","1","0","1","1","0","1","0","0","0","9","5","14","0","1","1","0","0","0","0","0","0","0","0","0","0","0","0","0","0","0","0","0","0","0","1","1","0","0","0","0","0","0","11","7","18"
"경기도교육청","경기도화성오산교육지원청","경기도 화성시 만세구","S090000600","삼괴고등학교","04","사립","N","","1","0","1","0","0","0","0","0","0","22","18","40","6","4","10","2","1","3","0","0","0","0","0","0","0","0","0","0","1","1","0","1","1","0","2","2","0","1","1","0","0","0","31","28","59"
"경기도교육청","경기도수원교육지원청","경기도 수원시 팔달구","S090000602","삼일공업고등학교","04","사립","N","","1","0","1","0","1","1","0","0","0","38","25","63","17","18","35","0","0","0","0","0","0","0","0","0","0","0","0","1","0","1","0","1","1","0","2","2","0","1","1","0","0","0","57","48","105"
"경기도교육청","경기도수원교육지원청","경기도 수원시 팔달구","S090000603","삼일고등학교","04","사립","N","","1","0","1","0","1","1","0","0","0","28","38","66","4","10","14","0","0","0","0","0","0","0","0","0","0","0","0","0","1","1","0","1","1","0","1","1","0","0","0","0","0","0","33","52","85"
"경기도교육청","경기도구리남양주교육지원청","경기도 구리시","S090000606","서울삼육고등학교","04","사립","N","","1","0","1","0","1","1","0","0","0","24","17","41","1","5","6","0","0","0","0","0","0","0","0","0","0","0","0","0","1","1","0","1","1","0","1","1","0","0","0","0","0","0","26","26","52"
"경기도교육청","경기도시흥교육지원청","경기도 시흥시","S090000607","서해고등학교","04","공립","N","","0","1","1","2","0","2","0","0","0","22","28","50","4","14","18","1","2","3","0","1","1","0","0","0","0","0","0","0","1","1","0","0","0","0","1","1","0","1","1","0","0","0","29","49","78"
"경기도교육청","경기도성남교육지원청","경기도 성남시 분당구","S090000608","서현고등학교","04","공립","N","","1","0","1","1","0","1","0","0","0","12","54","66","1","1","2","0","0","0","0","0","0","0","0","0","0","0","0","0","0","0","0","0","0","0","1","1","0","0","0","0","0","0","15","56","71"
"경기도교육청","경기도가평교육지원청","경기도 가평군","S090000609","설악고등학교","04","공립","N","","0","1","1","1","0","1","0","0","0","2","4","6","3","6","9","1","0","1","0","1","1","0","0","0","0","0","0","1","0","1","0","0","0","0","1","1","0","0","0","0","0","0","8","13","21"
"경기도교육청","경기도성남교육지원청","경기도 성남시 중원구","S090000610","성남테크노과학고등학교","04","공립","N","","1","0","1","0","1","1","0","0","0","11","29","40","4","5","9","1","4","5","0","0","0","0","0","0","0","0","0","0","1","1","0","0","0","0","1","1","0","0","0","0","0","0","17","41","58"
"경기도교육청","경기도성남교육지원청","경기도 성남시 중원구","S090000611","성남고등학교","04","공립","N","","1","0","1","0","1","1","0","0","0","8","40","48","2","5","7","0","2","2","0","1","1","0","0","0","0","0","0","0","0","0","0","1","1","0","1","1","0","1","1","0","0","0","11","52","63"
"경기도교육청","경기도성남교육지원청","경기도 성남시 중원구","S090000612","성남여자고등학교","04","공립","N","","0","1","1","0","1","1","0","0","0","7","49","56","2","3","5","0","2","2","0","0","0","0","0","0","0","0","0","0","0","0","0","1","1","0","1","1","0","0","0","0","0","0","9","58","67"
"경기도교육청","경기도성남교육지원청","경기도 성남시 분당구","S090000613","분당아람고등학교","04","공립","N","","1","0","1","1","0","1","0","1","1","7","48","55","4","10","14","1","6","7","1","1","2","0","0","0","0","0","0","0","2","2","0","0","0","0","1","1","0","0","0","0","0","0","15","69","84"
"경기도교육청","경기도안양과천교육지원청","경기도 안양시 만안구","S090000614","성문고등학교","04","사립","N","","1","0","1","1","0","1","0","0","0","39","20","59","1","2","3","0","0","0","0","0","0","0","0","0","0","0","0","0","0","0","0","1","1","0","1","1","0","1","1","0","0","0","42","25","67"
"경기도교육청","경기도성남교육지원청","경기도 성남시 수정구","S090000617","성보경영고등학교","04","사립","N","","1","0","1","0","1","1","0","0","0","12","25","37","19","21","40","0","1","1","1","0","1","0","0","0","0","0","0","0","1","1","0","1","1","0","8","8","0","0","0","0","0","0","33","58","91"
"경기도교육청","경기도안산교육지원청","경기도 안산시 상록구","S090000618","성안고등학교","04","공립","N","","2","0","2","0","1","1","0","0","0","12","33","45","10","18","28","1","2","3","0","1","1","0","0","0","0","0","0","0","1","1","0","0","0","0","1","1","0","0","0","0","0","0","25","57","82"
"경기도교육청","경기도성남교육지원청","경기도 성남시 중원구","S090000620","성일고등학교","04","사립","N","","1","0","1","1","0","1","0","0","0","35","21","56","6","6","12","0","0","0","0","0","0","0","0","0","0","0","0","0","1","1","0","1","1","0","2","2","0","1","1","0","0","0","43","32","75"
"경기도교육청","경기도성남교육지원청","경기도 성남시 중원구","S090000622","동광고등학교","04","사립","N","","0","1","1","1","0","1","0","0","0","13","28","41","4","9","13","1","0","1","0","1","1","0","0","0","0","0","0","0","1","1","0","1","1","0","1","1","0","0","0","0","0","0","19","42","61"
"경기도교육청","경기도성남교육지원청","경기도 성남시 중원구","S090000624","성일정보고등학교","04","사립","N","","1","0","1","0","1","1","0","0","0","35","25","60","9","16","25","0","0","0","0","0","0","0","0","0","0","0","0","0","1","1","0","1","1","0","1","1","0","0","0","0","0","0","45","45","90"
"경기도교육청","경기도화성오산교육지원청","경기도 오산시","S090000626","성호고등학교","04","공립","N","","1","0","1","1","0","1","0","0","0","16","26","42","8","14","22","0","1","1","0","0","0","0","0","0","0","0","0","0","1","1","0","1","1","1","0","1","0","0","0","0","0","0","27","43","70"
"경기도교육청","경기도고양교육지원청","경기도 고양시 일산동구","S090000627","세원고등학교","04","사립","N","","1","0","1","1","0","1","0","0","0","28","11","39","2","5","7","0","0","0","0","0","0","0","0","0","0","0","0","0","1","1","0","1","1","0","1","1","0","0","0","0","0","0","32","19","51"
"경기도교육청","경기도시흥교육지원청","경기도 시흥시","S090000628","소래고등학교","04","공립","N","","1","0","1","1","0","1","0","0","0","18","44","62","7","11","18","1","1","2","0","0","0","0","0","0","0","0","0","1","0","1","0","0","0","0","2","2","0","0","0","0","0","0","29","58","87"
"경기도교육청","경기도부천교육지원청","경기도 부천시 원미구","S090000630","소명여자고등학교","04","사립","N","","0","1","1","1","0","1","0","0","0","32","21","53","2","5","7","0","0","0","0","2","2","0","0","0","0","0","0","1","0","1","0","0","0","0","1","1","0","1","1","0","0","0","36","31","67"
"경기도교육청","경기도부천교육지원청","경기도 부천시 소사구","S090000631","소사고등학교","04","공립","N","","0","1","1","0","1","1","0","0","0","17","33","50","2","10","12","1","2","3","0","1","1","0","0","0","0","0","0","0","1","1","0","1","1","0","1","1","0","1","1","0","0","0","20","52","72"
"경기도교육청","경기도광명교육지원청","경기도 광명시","S090000632","소하고등학교","04","공립","N","","0","1","1","0","1","1","0","0","0","14","51","65","1","6","7","0","2","2","0","2","2","0","0","0","0","0","0","0","1","1","0","1","1","0","1","1","0","1","1","0","0","0","15","67","82"
"경기도교육청","경기도성남교육지원청","경기도 성남시 분당구","S090000633","송림고등학교","04","사립","N","","1","0","1","0","0","0","0","0","0","26","25","51","2","11","13","0","0","0","0","0","0","0","0","0","0","0","0","0","1","1","0","1","1","0","1","1","0","1","1","0","0","0","29","40","69"
"경기도교육청","경기도화성오산교육지원청","경기도 화성시 만세구","S090000634","송산고등학교","04","사립","N","","1","0","1","1","0","1","0","0","0","6","5","11","6","7","13","1","0","1","0","1","1","0","0","0","0","0","0","0","1","1","0","0","0","0","1","1","0","0","0","0","0","0","15","15","30"
"경기도교육청","경기도평택교육지원청","경기도 평택시","S090000636","송탄고등학교","04","공립","N","","1","0","1","1","0","1","0","0","0","13","14","27","5","9","14","3","1","4","0","1","1","0","0","0","0","0","0","0","1","1","0","0","0","0","1","1","0","1","1","0","0","0","23","28","51"
"경기도교육청","경기도평택교육지원청","경기도 평택시","S090000637","라온고등학교","04","사립","N","","1","0","1","1","0","1","0","0","0","11","12","23","9","9","18","0","0","0","0","0","0","0","0","0","0","0","0","0","0","0","0","1","1","0","1","1","0","1","1","0","0","0","22","24","46"
"경기도교육청","경기도의정부교육지원청","경기도 의정부시","S090000638","송현고등학교","04","공립","N","","1","0","1","1","0","1","0","0","0","16","46","62","3","3","6","2","0","2","1","0","1","0","0","0","0","0","0","0","1","1","0","0","0","0","1","1","0","1","1","0","0","0","24","52","76"
"경기도교육청","경기도성남교육지원청","경기도 성남시 분당구","S090000639","수내고등학교","04","공립","N","","0","2","2","1","0","1","0","0","0","10","41","51","2","7","9","0","2","2","1","0","1","0","0","0","0","0","0","0","1","1","0","1","1","0","1","1","0","1","1","0","0","0","14","56","70"
"경기도교육청","경기도군포의왕교육지원청","경기도 군포시","S090000640","수리고등학교","04","공립","N","","0","2","2","0","0","0","0","0","0","26","58","84","0","6","6","0","0","0","0","0","0","0","0","0","0","0","0","0","1","1","0","1","1","0","2","2","0","0","0","0","0","0","26","70","96"
"경기도교육청","경기도수원교육지원청","경기도 수원시 장안구","S090000641","수성고등학교","04","공립","N","","1","0","1","1","0","1","0","0","0","25","49","74","0","4","4","0","0","0","0","0","0","0","0","0","0","0","0","0","1","1","0","1","1","0","2","2","0","0","0","0","0","0","27","57","84"
"경기도교육청","경기도화성오산교육지원청","경기도 화성시 효행구","S090000644","홍익디자인고등학교","04","사립","N","","1","0","1","0","0","0","0","0","0","7","11","18","2","8","10","0","0","0","0","0","0","0","0","0","0","0","0","0","1","1","0","1","1","0","1","1","0","1","1","0","0","0","10","23","33"
"경기도교육청","경기도수원교육지원청","경기도 수원시 팔달구","S090000645","수원고등학교","04","사립","N","","1","0","1","0","0","0","0","0","0","35","29","64","3","11","14","0","0","0","0","0","0","0","0","0","0","0","0","0","1","1","0","1","1","0","2","2","0","1","1","0","0","0","39","45","84"
"경기도교육청","경기도수원교육지원청","경기도 수원시 팔달구","S090000646","수원공업고등학교","04","사립","N","","1","0","1","2","0","2","0","0","0","34","24","58","27","17","44","0","0","0","0","0","0","1","0","1","0","0","0","1","0","1","0","1","1","0","2","2","0","0","0","0","0","0","66","44","110"
"경기도교육청","경기도수원교육지원청","경기도 수원시 장안구","S090000648","수원농생명과학고등학교","04","공립","N","","1","0","1","1","0","1","0","0","0","22","50","72","0","9","9","3","3","6","0","0","0","0","0","0","0","0","0","0","1","1","0","0","0","0","1","1","0","2","2","0","0","0","27","66","93"
"경기도교육청","경기도수원교육지원청","경기도 수원시 팔달구","S090000649","수원여자고등학교","04","공립","N","","0","1","1","0","1","1","0","0","0","19","50","69","1","4","5","0","0","0","0","0","0","0","0","0","0","0","0","0","1","1","0","1","1","0","2","2","0","1","1","0","0","0","20","61","81"
"경기도교육청","경기도수원교육지원청","경기도 수원시 영통구","S090000651","수원정보과학고등학교","04","공립","N","","1","0","1","2","0","2","0","0","0","20","28","48","4","5","9","2","2","4","0","0","0","0","0","0","0","0","0","0","2","2","0","1","1","0","1","1","0","1","1","0","0","0","29","40","69"
"경기도교육청","경기도수원교육지원청","경기도 수원시 권선구","S090000653","한봄고등학교","04","사립","N","","1","0","1","0","0","0","0","0","0","20","35","55","4","11","15","0","0","0","0","0","0","0","0","0","0","0","0","0","1","1","0","0","0","0","1","1","0","0","0","0","0","0","25","48","73"
"경기도교육청","경기도수원교육지원청","경기도 수원시 장안구","S090000654","수일고등학교","04","공립","N","","1","0","1","1","0","1","0","0","0","12","51","63","2","4","6","0","0","0","0","0","0","0","0","0","0","0","0","0","1","1","0","1","1","0","1","1","0","0","0","0","0","0","16","58","74"
"경기도교육청","경기도용인교육지원청","경기도 용인시 수지구","S090000655","수지고등학교","04","공립","N","","1","0","1","1","0","1","0","0","0","11","56","67","6","15","21","0","2","2","0","0","0","0","0","0","0","0","0","0","1","1","0","1","1","0","2","2","0","1","1","0","0","0","19","78","97"
"경기도교육청","경기도구리남양주교육지원청","경기도 구리시","S090000656","수택고등학교","04","공립","N","","1","1","2","0","0","0","0","0","0","12","35","47","1","5","6","3","5","8","1","1","2","0","0","0","0","0","0","0","1","1","0","1","1","0","1","1","0","0","0","0","0","0","18","50","68"
"경기도교육청","경기도수원교육지원청","경기도 수원시 팔달구","S090000657","숙지고등학교","04","공립","N","","1","0","1","0","1","1","0","0","0","18","47","65","2","5","7","1","3","4","0","1","1","0","0","0","0","0","0","1","0","1","0","0","0","0","1","1","0","1","1","0","0","0","23","59","82"
"경기도교육청","경기도성남교육지원청","경기도 성남시 중원구","S090000658","숭신고등학교","04","사립","N","","0","1","1","0","1","1","0","0","0","19","26","45","4","11","15","0","0","0","0","0","0","0","0","0","0","0","0","0","1","1","0","1","1","0","1","1","0","0","0","0","0","0","23","42","65"
"경기도교육청","경기도부천교육지원청","경기도 부천시 소사구","S090000659","시온고등학교","04","사립","N","","1","0","1","0","1","1","0","0","0","37","23","60","4","5","9","0","0","0","0","0","0","0","0","0","0","0","0","0","1","1","0","0","0","0","2","2","0","0","0","0","0","0","42","32","74"
"경기도교육청","경기도시흥교육지원청","경기도 시흥시","S090000660","경기스마트고등학교","04","공립","N","","1","0","1","1","0","1","0","0","0","28","17","45","10","13","23","1","1","2","1","1","2","0","0","0","0","0","0","0","1","1","0","0","0","0","1","1","0","1","1","0","0","0","42","35","77"
"경기도교육청","경기도용인교육지원청","경기도 용인시 기흥구","S090000661","신갈고등학교","04","사립","N","","1","0","1","1","0","1","0","0","0","17","14","31","8","20","28","0","0","0","0","0","0","0","0","0","0","0","0","0","1","1","0","1","1","0","1","1","0","1","1","0","0","0","27","38","65"
"경기도교육청","경기도안양과천교육지원청","경기도 안양시 만안구","S090000662","신성고등학교","04","사립","N","","1","0","1","0","0","0","0","0","0","51","9","60","6","6","12","0","0","0","0","0","0","0","0","0","0","0","0","0","0","0","0","0","0","0","1","1","0","0","0","0","0","0","58","16","74"
"경기도교육청","경기도고양교육지원청","경기도 고양시 일산서구","S090000665","신일비즈니스고등학교","04","공립","N","","0","1","1","1","0","1","0","0","0","9","36","45","4","7","11","0","0","0","0","1","1","0","0","0","0","0","0","0","1","1","0","1","1","1","3","4","0","0","0","0","0","0","15","50","65"
"경기도교육청","경기도평택교육지원청","경기도 평택시","S090000666","신한고등학교","04","사립","N","","1","0","1","1","0","1","0","0","0","27","16","43","5","16","21","0","1","1","1","0","1","0","0","0","0","0","0","0","1","1","0","1","1","0","1","1","0","1","1","0","0","0","35","37","72"
"경기도교육청","경기도동두천양주교육지원청","경기도 동두천시","S090000667","신흥고등학교","04","사립","N","","1","0","1","0","0","0","0","0","0","18","5","23","2","1","3","0","0","0","0","0","0","0","0","0","0","0","0","0","1","1","0","1","1","0","1","1","0","1","1","0","0","0","21","10","31"
"경기도교육청","경기도구리남양주교육지원청","경기도 남양주시","S090000669","심석고등학교","04","사립","N","","1","0","1","1","0","1","0","0","0","40","12","52","13","8","21","0","0","0","0","0","0","0","0","0","0","0","0","0","1","1","0","1","1","0","1","1","0","1","1","0","0","0","55","24","79"
"경기도교육청","경기도부천교육지원청","경기도 부천시 원미구","S090000671","심원고등학교","04","공립","N","","1","0","1","1","0","1","1","0","1","13","42","55","3","4","7","1","1","2","0","0","0","0","0","0","0","0","0","0","1","1","0","1","1","0","1","1","0","0","0","0","0","0","20","50","70"
"경기도교육청","경기도안성교육지원청","경기도 안성시","S090000672","안법고등학교","04","사립","N","","1","0","1","1","0","1","0","0","0","24","8","32","8","7","15","0","0","0","0","0","0","0","0","0","0","0","0","0","1","1","0","1","1","0","1","1","0","1","1","0","0","0","34","19","53"
"경기도교육청","경기도안산교육지원청","경기도 안산시 단원구","S090000673","안산강서고등학교","04","사립","N","","1","0","1","1","0","1","0","0","0","47","16","63","3","8","11","0","0","0","0","0","0","0","0","0","0","0","0","0","1","1","0","1","1","0","1","1","0","0","0","0","0","0","52","27","79"
"경기도교육청","경기도안산교육지원청","경기도 안산시 상록구","S090000674","안산국제비즈니스고등학교","04","사립","N","","0","0","0","1","0","1","0","0","0","26","28","54","5","10","15","0","0","0","0","0","0","0","0","0","0","0","0","0","1","1","0","1","1","0","6","6","0","0","0","0","0","0","32","46","78"
"경기도교육청","경기도안산교육지원청","경기도 안산시 상록구","S090000675","안산고등학교","04","사립","N","","1","0","1","1","0","1","0","0","0","20","26","46","7","16","23","0","0","0","0","0","0","0","0","0","0","0","0","0","1","1","0","1","1","0","1","1","0","0","0","0","0","0","29","45","74"
"경기도교육청","경기도안산교육지원청","경기도 안산시 상록구","S090000676","안산공업고등학교","04","사립","N","","1","0","1","1","0","1","0","0","0","48","30","78","11","18","29","0","0","0","0","0","0","0","0","0","0","0","0","0","1","1","0","1","1","0","2","2","0","1","1","0","0","0","61","53","114"
"경기도교육청","경기도안산교육지원청","경기도 안산시 상록구","S090000677","안산동산고등학교","04","사립","N","","1","0","1","1","0","1","0","0","0","39","20","59","9","16","25","0","0","0","0","0","0","0","0","0","0","0","0","0","1","1","0","0","0","0","1","1","0","1","1","1","0","1","51","39","90"
"경기도교육청","경기도안산교육지원청","경기도 안산시 상록구","S090000680","안산디자인문화고등학교","04","사립","N","","1","0","1","1","0","1","0","0","0","38","29","67","2","9","11","0","0","0","0","0","0","0","0","0","0","0","0","1","0","1","0","1","1","0","1","1","0","0","0","0","0","0","43","40","83"
"경기도교육청","경기도안성교육지원청","경기도 안성시","S090000684","안성고등학교","04","공립","N","","0","1","1","1","0","1","0","0","0","8","13","21","8","15","23","2","3","5","1","0","1","0","0","0","0","0","0","1","1","2","0","0","0","0","1","1","0","1","1","0","0","0","21","35","56"
"경기도교육청","경기도안성교육지원청","경기도 안성시","S090000685","두원공업고등학교","04","사립","N","","1","0","1","1","0","1","0","0","0","30","9","39","9","5","14","0","0","0","0","0","0","0","0","0","0","0","0","1","0","1","0","1","1","0","1","1","0","1","1","0","0","0","42","17","59"
"경기도교육청","경기도안성교육지원청","경기도 안성시","S090000686","안성여자고등학교","04","공립","N","","1","1","2","0","0","0","0","0","0","13","9","22","0","17","17","0","3","3","0","1","1","0","0","0","0","0","0","0","1","1","0","0","0","0","1","1","0","0","0","0","0","0","14","33","47"
"경기도교육청","경기도안성교육지원청","경기도 안성시","S090000689","가온고등학교","04","사립","N","","1","0","1","1","0","1","0","0","0","30","13","43","8","9","17","0","0","0","0","0","0","0","0","0","0","0","0","1","0","1","1","0","1","0","1","1","0","1","1","0","0","0","42","24","66"
"경기도교육청","경기도안양과천교육지원청","경기도 안양시 만안구","S090000690","안양고등학교","04","공립","N","","1","0","1","0","1","1","0","0","0","11","55","66","5","10","15","0","2","2","0","1","1","0","0","0","0","0","0","0","0","0","0","1","1","0","1","1","0","0","0","0","0","0","17","71","88"
"경기도교육청","경기도안양과천교육지원청","경기도 안양시 만안구","S090000691","안양공업고등학교","04","공립","N","","1","0","1","1","1","2","0","1","1","26","25","51","0","8","8","2","12","14","0","0","0","0","0","0","0","0","0","1","0","1","0","0","0","0","1","1","0","0","0","0","0","0","31","48","79"
"경기도교육청","경기도안양과천교육지원청","경기도 안양시 만안구","S090000693","안양여자고등학교","04","사립","N","","1","0","1","0","1","1","0","0","0","20","18","38","4","7","11","0","0","0","0","0","0","0","0","0","0","0","0","0","1","1","0","0","0","0","1","1","0","0","0","0","0","0","25","28","53"
"경기도교육청","경기도안양과천교육지원청","경기도 안양시 만안구","S090000694","안양문화고등학교","04","사립","N","","1","0","1","0","2","2","0","0","0","11","22","33","2","10","12","0","0","0","0","0","0","0","0","0","0","0","0","0","1","1","0","0","0","1","8","9","0","0","0","0","0","0","15","43","58"
"경기도교육청","경기도안양과천교육지원청","경기도 안양시 만안구","S090000696","안양예술고등학교","04","사립","N","","0","1","1","1","0","1","0","0","0","17","7","24","8","4","12","0","0","0","0","0","0","0","0","0","0","0","0","0","0","0","0","0","0","0","1","1","0","0","0","6","6","12","32","19","51"
"경기도교육청","경기도안양과천교육지원청","경기도 안양시 만안구","S090000697","안양외국어고등학교","04","사립","N","","1","0","1","1","0","1","0","0","0","26","29","55","4","11","15","0","0","0","0","0","0","0","0","0","0","0","0","0","1","1","0","0","0","0","1","1","0","0","0","3","1","4","35","43","78"
"경기도교육청","경기도평택교육지원청","경기도 평택시","S090000699","경기물류고등학교","04","공립","N","","1","1","2","0","0","0","0","0","0","13","20","33","2","7","9","0","3","3","0","1","1","0","0","0","0","0","0","0","1","1","0","0","0","0","1","1","0","2","2","0","0","0","16","36","52"
"경기도교육청","경기도평택교육지원청","경기도 평택시","S090000701","안중고등학교","04","사립","N","","1","0","1","1","0","1","0","0","0","25","4","29","9","7","16","0","0","0","0","0","0","2","0","2","0","0","0","0","0","0","0","1","1","0","1","1","0","1","1","0","0","0","38","14","52"
"경기도교육청","경기도성남교육지원청","경기도 성남시 분당구","S090000702","야탑고등학교","04","사립","N","","2","0","2","1","0","1","0","0","0","32","18","50","7","4","11","0","0","0","0","0","0","0","0","0","0","0","0","0","0","0","0","0","0","0","1","1","0","1","1","0","0","0","42","24","66"
"경기도교육청","경기도김포교육지원청","경기도 김포시","S090000703","양곡고등학교","04","사립","N","","1","0","1","1","0","1","0","0","0","20","8","28","11","9","20","0","0","0","0","0","0","0","0","0","0","0","0","0","2","2","0","1","1","0","1","1","0","1","1","0","0","0","33","22","55"
"경기도교육청","경기도양평교육지원청","경기도 양평군","S090000704","양동고등학교","04","사립","N","","1","0","1","0","0","0","0","0","0","7","9","16","1","1","2","1","0","1","1","0","1","0","0","0","0","0","0","0","0","0","0","0","0","0","1","1","0","1","1","0","0","0","11","12","23"
"경기도교육청","경기도안양과천교육지원청","경기도 안양시 만안구","S090000705","양명고등학교","04","사립","N","","1","0","1","1","0","1","0","0","0","31","19","50","12","7","19","0","0","0","0","0","0","0","0","0","0","0","0","1","0","1","0","0","0","0","1","1","0","0","0","0","0","0","46","27","73"
"경기도교육청","경기도안양과천교육지원청","경기도 안양시 만안구","S090000706","양명여자고등학교","04","사립","N","","1","0","1","1","0","1","0","0","0","27","19","46","8","8","16","0","0","0","0","0","0","0","0","0","0","0","0","0","1","1","0","1","1","0","1","1","0","0","0","0","0","0","37","30","67"
"경기도교육청","경기도양평교육지원청","경기도 양평군","S090000707","양서고등학교","04","사립","N","","1","0","1","1","0","1","0","0","0","32","13","45","2","8","10","0","0","0","0","0","0","0","0","0","0","0","0","0","1","1","0","0","0","0","1","1","0","0","0","0","0","0","36","23","59"
"경기도교육청","경기도성남교육지원청","경기도 성남시 분당구","S090000708","양영디지털고등학교","04","공립","N","","0","1","1","0","1","1","0","0","0","10","33","43","4","3","7","0","0","0","0","0","0","0","0","0","0","0","0","0","1","1","0","0","0","0","1","1","0","2","2","0","0","0","14","42","56"
"경기도교육청","경기도양평교육지원청","경기도 양평군","S090000711","양일고등학교","04","사립","N","","1","0","1","1","0","1","0","0","0","26","14","40","9","1","10","1","1","2","0","1","1","0","0","0","0","0","0","0","1","1","0","0","0","0","1","1","0","1","1","0","0","0","38","20","58"
"경기도교육청","경기도안산교육지원청","경기도 안산시 단원구","S090000713","양지고등학교","04","공립","N","","2","0","2","1","0","1","0","0","0","20","38","58","4","10","14","1","1","2","0","1","1","0","0","0","0","0","0","0","1","1","0","0","0","0","1","1","0","0","0","0","0","0","28","52","80"
"경기도교육청","경기도양평교육지원청","경기도 양평군","S090000714","양평전자과학고등학교","04","공립","N","","1","0","1","1","0","1","0","0","0","9","4","13","6","4","10","0","0","0","0","0","0","0","0","0","0","0","0","0","0","0","0","1","1","0","1","1","0","0","0","0","0","0","17","10","27"
"경기도교육청","경기도양평교육지원청","경기도 양평군","S090000716","양평고등학교","04","공립","N","","1","0","1","0","1","1","1","0","1","14","20","34","3","10","13","1","2","3","1","2","3","0","0","0","0","0","0","0","0","0","0","1","1","0","1","1","0","0","0","0","0","0","21","37","58"
"경기도교육청","경기도여주교육지원청","경기도 여주시","S090000717","여강고등학교","04","사립","N","","1","0","1","1","0","1","0","0","0","10","3","13","2","3","5","1","0","1","0","0","0","0","0","0","0","0","0","1","0","1","0","0","0","0","1","1","0","0","0","0","0","0","16","7","23"
"경기도교육청","경기도여주교육지원청","경기도 여주시","S090000718","여주고등학교","04","사립","N","","1","0","1","2","0","2","0","0","0","18","9","27","1","8","9","0","0","0","0","0","0","0","0","0","0","0","0","0","1","1","0","1","1","0","1","1","0","1","1","0","0","0","22","21","43"
"경기도교육청","경기도여주교육지원청","경기도 여주시","S090000720","세종고등학교","04","공립","N","","1","0","1","1","0","1","1","0","1","8","12","20","6","13","19","0","2","2","2","0","2","0","0","0","0","0","0","0","1","1","0","1","1","0","2","2","0","0","0","0","0","0","19","31","50"
"경기도교육청","경기도여주교육지원청","경기도 여주시","S090000722","여주자영농업고등학교","04","공립","N","","0","0","0","2","0","2","0","0","0","23","15","38","7","19","26","1","1","2","0","1","1","0","0","0","0","0","0","0","1","1","0","1","1","0","1","1","0","1","1","0","0","0","33","40","73"
"경기도교육청","경기도여주교육지원청","경기도 여주시","S090000723","여주제일고등학교","04","사립","N","","1","0","1","1","0","1","0","0","0","18","6","24","5","8","13","0","1","1","0","0","0","0","0","0","0","0","0","0","1","1","0","0","0","0","1","1","0","0","0","0","0","0","25","17","42"
"경기도교육청","경기도연천교육지원청","경기도 연천군","S090000726","연천고등학교","04","공립","N","","1","0","1","1","0","1","0","0","0","6","5","11","2","12","14","1","2","3","0","0","0","0","0","0","0","0","0","1","0","1","0","1","1","0","1","1","0","0","0","0","0","0","12","21","33"
"경기도교육청","경기도수원교육지원청","경기도 수원시 영통구","S090000728","영덕고등학교","04","공립","N","","0","1","1","0","1","1","0","0","0","14","61","75","1","4","5","0","0","0","0","0","0","0","0","0","0","0","0","0","2","2","0","1","1","0","1","1","0","1","1","0","0","0","15","72","87"
"경기도교육청","경기도성남교육지원청","경기도 성남시 분당구","S090000729","분당영덕여자고등학교","04","사립","N","","1","0","1","1","0","1","0","0","0","21","21","42","6","17","23","0","0","0","0","0","0","0","0","0","0","0","0","0","1","1","0","1","1","0","1","1","0","1","1","0","0","0","29","42","71"
"경기도교육청","경기도수원교육지원청","경기도 수원시 팔달구","S090000730","영복여자고등학교","04","사립","N","","0","0","0","1","0","1","0","0","0","28","22","50","4","16","20","0","0","0","0","0","0","0","0","0","0","0","0","0","1","1","0","1","1","0","1","1","0","1","1","0","0","0","33","42","75"
"경기도교육청","경기도포천교육지원청","경기도 포천시","S090000731","영북고등학교","04","공립","N","","0","0","0","1","0","1","0","1","1","8","3","11","5","4","9","0","0","0","0","0","0","0","0","0","0","0","0","0","1","1","0","0","0","1","0","1","0","0","0","0","0","0","15","9","24"
"경기도교육청","경기도수원교육지원청","경기도 수원시 장안구","S090000732","영생고등학교","04","사립","N","","1","0","1","1","1","2","0","0","0","27","23","50","5","12","17","0","0","0","0","0","0","0","0","0","0","0","0","0","1","1","0","1","1","0","1","1","0","0","0","0","0","0","34","39","73"
"경기도교육청","경기도의정부교육지원청","경기도 의정부시","S090000733","동국대학교사범대학부속영석고등학교","04","사립","N","","1","0","1","1","1","2","0","0","0","26","15","41","6","15","21","0","0","0","0","0","0","0","0","0","0","0","0","1","1","2","0","0","0","0","1","1","0","1","1","0","0","0","35","34","69"
"경기도교육청","경기도수원교육지원청","경기도 수원시 권선구","S090000734","영신여자고등학교","04","사립","N","","1","0","1","0","1","1","0","0","0","22","27","49","5","10","15","0","0","0","0","0","0","0","0","0","0","0","0","1","0","1","0","1","1","0","1","1","0","0","0","0","0","0","29","40","69"
"경기도교육청","경기도화성오산교육지원청","경기도 오산시","S090000736","오산고등학교","04","사립","N","","2","0","2","0","1","1","0","0","0","23","23","46","5","10","15","0","0","0","0","0","0","0","0","0","0","0","0","0","0","0","0","1","1","0","1","1","0","0","0","0","0","0","30","36","66"
"경기도교육청","경기도화성오산교육지원청","경기도 오산시","S090000737","오산정보고등학교","04","공립","N","","1","0","1","1","0","1","0","0","0","15","27","42","6","12","18","0","4","4","0","0","0","0","0","0","0","0","0","0","2","2","0","1","1","0","1","1","0","0","0","0","0","0","23","47","70"
"경기도교육청","경기도양평교육지원청","경기도 양평군","S090000739","용문고등학교","04","사립","N","","1","0","1","1","0","1","0","0","0","15","9","24","7","4","11","0","2","2","0","0","0","0","0","0","0","0","0","0","1","1","0","0","0","0","1","1","0","0","0","0","0","0","24","17","41"
"경기도교육청","경기도용인교육지원청","경기도 용인시 처인구","S090000740","용인고등학교","04","공립","N","","1","0","1","0","1","1","0","0","0","15","49","64","5","17","22","3","3","6","1","0","1","0","0","0","0","0","0","0","2","2","0","0","0","0","3","3","0","1","1","0","0","0","25","76","101"
"경기도교육청","경기도용인교육지원청","경기도 용인시 처인구","S090000741","용인바이오고등학교","04","공립","N","","0","0","0","2","0","2","0","0","0","6","13","19","1","5","6","1","1","2","0","0","0","0","0","0","0","0","0","0","0","0","0","0","0","0","1","1","0","1","1","0","0","0","10","21","31"
"경기도교육청","경기도용인교육지원청","경기도 용인시 처인구","S090000744","덕영고등학교","04","사립","N","","1","0","1","0","0","0","0","0","0","28","22","50","3","4","7","0","0","0","0","0","0","0","0","0","0","0","0","0","1","1","0","1","1","0","6","6","0","1","1","0","0","0","32","35","67"
"경기도교육청","경기도군포의왕교육지원청","경기도 군포시","S090000745","용호고등학교","04","공립","N","","0","1","1","1","1","2","0","0","0","20","61","81","4","5","9","1","2","3","0","0","0","0","0","0","0","0","0","0","1","1","0","0","0","0","2","2","0","1","1","0","0","0","26","74","100"
"경기도교육청","경기도군포의왕교육지원청","경기도 의왕시","S090000746","우성고등학교","04","사립","N","","1","0","1","1","0","1","0","0","0","24","27","51","5","8","13","0","0","0","0","0","0","0","0","0","0","0","0","0","1","1","0","1","1","0","1","1","0","0","0","0","0","0","31","38","69"
"경기도교육청","경기도안산교육지원청","경기도 안산시 단원구","S090000747","원곡고등학교","04","공립","N","","1","0","1","1","0","1","0","0","0","30","35","65","6","14","20","2","2","4","0","0","0","0","0","0","0","0","0","0","1","1","0","1","1","1","1","2","0","0","0","0","0","0","41","54","95"
"경기도교육청","경기도부천교육지원청","경기도 부천시 원미구","S090000748","원미고등학교","04","공립","N","","1","0","1","1","0","1","0","0","0","9","39","48","2","3","5","1","0","1","0","3","3","0","0","0","0","0","0","1","0","1","0","0","0","0","1","1","0","0","0","0","0","0","15","46","61"
"경기도교육청","경기도부천교육지원청","경기도 부천시 오정구","S090000749","원종고등학교","04","공립","N","","1","0","1","1","0","1","0","0","0","12","40","52","3","4","7","1","2","3","0","0","0","0","0","0","0","0","0","1","1","2","0","0","0","0","1","1","0","0","0","0","0","0","19","48","67"
"경기도교육청","경기도수원교육지원청","경기도 수원시 팔달구","S090000750","유신고등학교","04","사립","N","","1","0","1","1","0","1","0","0","0","52","17","69","6","3","9","0","0","0","0","0","0","0","0","0","0","0","0","1","0","1","0","1","1","0","1","1","0","1","1","0","0","0","61","23","84"
"경기도교육청","경기도파주교육지원청","경기도 파주시","S090000751","율곡고등학교","04","사립","N","","1","0","1","0","1","1","0","0","0","15","14","29","4","6","10","0","1","1","1","0","1","0","0","0","0","0","0","0","1","1","1","0","1","0","1","1","0","0","0","0","0","0","22","24","46"
"경기도교육청","경기도이천교육지원청","경기도 이천시","S090000753","율면고등학교","04","공립","N","","1","0","1","0","1","1","0","0","0","4","3","7","2","3","5","0","1","1","0","0","0","0","0","0","0","0","0","0","0","0","0","1","1","0","0","0","0","0","0","0","0","0","7","9","16"
"경기도교육청","경기도시흥교육지원청","경기도 시흥시","S090000754","은행고등학교","04","공립","N","","0","1","1","1","0","1","0","0","0","18","36","54","4","16","20","1","2","3","0","0","0","0","0","0","0","0","0","0","1","1","0","1","1","0","1","1","0","0","0","0","0","0","24","58","82"
"경기도교육청","경기도평택교육지원청","경기도 평택시","S090000755","은혜고등학교","04","사립","N","","1","0","1","0","1","1","0","0","0","24","25","49","3","10","13","0","0","0","0","0","0","0","0","0","0","0","0","0","1","1","0","1","1","0","1","1","0","1","1","0","0","0","28","40","68"
"경기도교육청","경기도의정부교육지원청","경기도 의정부시","S090000756","의정부고등학교","04","공립","N","","1","0","1","1","0","1","0","0","0","14","40","54","2","8","10","0","2","2","0","0","0","0","0","0","0","0","0","0","0","0","0","0","0","0","1","1","0","2","2","0","0","0","18","53","71"
"경기도교육청","경기도의정부교육지원청","경기도 의정부시","S090000757","한국모빌리티고등학교","04","공립","N","","1","0","1","2","0","2","0","0","0","44","29","73","4","7","11","2","2","4","0","0","0","0","0","0","0","0","0","0","1","1","0","0","0","0","1","1","0","0","0","0","0","0","53","40","93"
"경기도교육청","경기도의정부교육지원청","경기도 의정부시","S090000758","의정부여자고등학교","04","공립","N","","0","1","1","1","0","1","0","0","0","12","43","55","0","1","1","0","2","2","0","0","0","0","0","0","0","0","0","0","1","1","0","1","1","0","1","1","0","1","1","0","0","0","13","51","64"
"경기도교육청","경기도성남교육지원청","경기도 성남시 분당구","S090000759","이매고등학교","04","공립","N","","0","1","1","0","1","1","0","0","0","12","48","60","0","7","7","0","0","0","0","0","0","0","0","0","0","0","0","0","0","0","0","2","2","0","1","1","0","1","1","0","0","0","12","61","73"
"경기도교육청","경기도이천교육지원청","경기도 이천시","S090000760","이천고등학교","04","공립","N","","1","0","1","1","0","1","0","0","0","17","21","38","10","16","26","1","1","2","0","0","0","0","0","0","0","0","0","0","1","1","0","1","1","0","1","1","0","0","0","0","0","0","30","41","71"
"경기도교육청","경기도이천교육지원청","경기도 이천시","S090000762","이천제일고등학교","04","공립","N","","1","0","1","0","1","1","0","0","0","35","25","60","13","25","38","0","3","3","1","5","6","0","0","0","0","0","0","0","1","1","0","1","1","0","2","2","0","0","0","0","0","0","50","63","113"
"경기도교육청","경기도이천교육지원청","경기도 이천시","S090000763","이천양정여자고등학교","04","사립","N","","1","0","1","1","0","1","0","0","0","21","28","49","0","10","10","0","0","0","0","0","0","0","0","0","0","0","0","0","1","1","0","1","1","0","1","1","0","2","2","0","0","0","23","43","66"
"경기도교육청","경기도이천교육지원청","경기도 이천시","S090000765","다산고등학교","04","사립","N","","1","0","1","0","1","1","1","0","1","21","16","37","3","5","8","0","0","0","0","0","0","0","0","0","0","0","0","0","1","1","0","1","1","0","7","7","0","0","0","0","0","0","26","31","57"
"경기도교육청","경기도여주교육지원청","경기도 여주시","S090000767","이포고등학교","04","공립","N","","1","0","1","1","0","1","0","0","0","6","5","11","4","3","7","0","0","0","0","1","1","0","0","0","0","0","0","0","0","0","0","0","0","0","1","1","0","0","0","0","0","0","12","10","22"
"경기도교육청","경기도구리남양주교육지원청","경기도 구리시","S090000769","인창고등학교","04","공립","N","","0","1","1","0","1","1","0","0","0","11","36","47","0","8","8","0","1","1","0","2","2","0","0","0","0","0","0","0","0","0","0","0","0","0","1","1","0","1","1","0","0","0","11","51","62"
"경기도교육청","경기도포천교육지원청","경기도 포천시","S090000770","일동고등학교","04","공립","N","","0","1","1","0","1","1","0","0","0","11","5","16","2","14","16","1","1","2","1","2","3","0","0","0","0","0","0","1","0","1","0","1","1","0","2","2","0","0","0","0","0","0","16","27","43"
"경기도교육청","경기도고양교육지원청","경기도 고양시 일산서구","S090000771","일산고등학교","04","공립","N","","1","0","1","2","2","4","1","0","1","17","25","42","6","19","25","0","0","0","0","0","0","0","0","0","0","0","0","0","1","1","0","0","0","0","1","1","0","0","0","0","0","0","27","48","75"
"경기도교육청","경기도고양교육지원청","경기도 고양시 일산서구","S090000772","일산대진고등학교","04","사립","N","","1","0","1","1","0","1","0","0","0","30","46","76","0","7","7","0","0","0","0","0","0","0","0","0","0","0","0","0","0","0","0","1","1","0","2","2","0","0","0","0","0","0","32","56","88"
"경기도교육청","경기도고양교육지원청","경기도 고양시 일산서구","S090000773","일산동고등학교","04","공립","N","","1","0","1","1","0","1","0","0","0","12","46","58","2","12","14","0","1","1","0","2","2","0","0","0","0","1","1","0","1","1","0","1","1","0","1","1","0","1","1","0","0","0","16","66","82"
"경기도교육청","경기도고양교육지원청","경기도 고양시 일산서구","S090000775","일산국제컨벤션고등학교","04","공립","N","","1","0","1","1","0","1","0","0","0","15","38","53","3","18","21","0","1","1","1","0","1","0","0","0","0","0","0","0","1","1","0","1","1","0","1","1","0","1","1","0","0","0","21","61","82"
"경기도교육청","경기도안성교육지원청","경기도 안성시","S090000777","일죽고등학교","04","공립","N","","1","0","1","0","1","1","0","0","0","6","7","13","0","3","3","0","0","0","0","0","0","0","0","0","0","0","0","0","0","0","0","0","0","0","1","1","0","0","0","0","0","0","7","12","19"
"경기도교육청","경기도시흥교육지원청","경기도 시흥시","S090000778","장곡고등학교","04","공립","N","","0","1","1","0","1","1","0","0","0","13","35","48","1","7","8","1","1","2","1","0","1","0","0","0","0","0","0","0","1","1","0","0","0","0","2","2","0","0","0","0","0","0","16","48","64"
"경기도교육청","경기도수원교육지원청","경기도 수원시 장안구","S090000779","장안고등학교","04","공립","N","","2","0","2","0","0","0","0","0","0","16","42","58","2","6","8","1","2","3","0","0","0","0","0","0","0","0","0","1","0","1","0","1","1","0","1","1","0","0","0","0","0","0","22","52","74"
"경기도교육청","경기도이천교육지원청","경기도 이천시","S090000780","부원고등학교","04","사립","N","","1","0","1","1","0","1","0","0","0","14","7","21","8","4","12","0","0","0","0","0","0","0","0","0","0","0","0","0","1","1","0","0","0","0","1","1","0","1","1","0","0","0","24","14","38"
"경기도교육청","경기도이천교육지원청","경기도 이천시","S090000781","장호원고등학교","04","공립","N","","1","0","1","1","0","1","0","0","0","8","6","14","4","14","18","1","1","2","1","0","1","0","0","0","0","0","0","1","0","1","1","0","1","0","1","1","0","2","2","0","0","0","18","24","42"
"경기도교육청","경기도고양교육지원청","경기도 고양시 일산동구","S090000783","저동고등학교","04","공립","N","","0","1","1","1","0","1","0","0","0","11","44","55","5","12","17","0","1","1","0","1","1","0","0","0","0","0","0","0","1","1","0","0","0","0","1","1","0","0","0","0","0","0","17","61","78"
"경기도교육청","경기도파주교육지원청","경기도 파주시","S090000784","적성융합고등학교","04","공립","N","","0","1","1","1","0","1","0","0","0","6","9","15","0","0","0","0","1","1","0","0","0","0","0","0","0","0","0","0","0","0","0","0","0","0","1","1","0","0","0","1","0","1","8","12","20"
"경기도교육청","경기도연천교육지원청","경기도 연천군","S090000786","전곡고등학교","04","공립","N","","1","0","1","1","0","1","0","1","1","17","3","20","15","26","41","0","0","0","2","3","5","0","0","0","0","0","0","0","1","1","0","1","1","0","1","1","0","2","2","0","0","0","36","38","74"
"경기도교육청","경기도여주교육지원청","경기도 여주시","S090000787","점동고등학교","04","공립","N","","1","0","1","1","0","1","0","0","0","7","4","11","2","3","5","0","4","4","0","0","0","0","0","0","0","0","0","0","0","0","0","0","0","0","1","1","0","0","0","0","0","0","11","12","23"
"경기도교육청","경기도부천교육지원청","경기도 부천시 소사구","S090000788","정명고등학교","04","사립","N","","0","1","1","1","0","1","0","0","0","22","19","41","7","11","18","0","0","0","0","0","0","0","0","0","0","0","0","1","0","1","0","1","1","0","1","1","0","0","0","0","0","0","31","33","64"
"경기도교육청","경기도부천교육지원청","경기도 부천시 소사구","S090000790","경기경영고등학교","04","사립","N","","0","1","1","1","0","1","0","0","0","26","13","39","4","17","21","0","1","1","0","0","0","0","0","0","0","0","0","0","1","1","0","1","1","0","1","1","0","1","1","0","0","0","31","36","67"
"경기도교육청","경기도고양교육지원청","경기도 고양시 일산동구","S090000791","정발고등학교","04","공립","N","","1","0","1","0","1","1","0","0","0","17","42","59","4","10","14","0","3","3","0","0","0","0","0","0","0","0","0","0","0","0","0","1","1","0","1","1","0","0","0","0","0","0","22","58","80"
"경기도교육청","경기도시흥교육지원청","경기도 시흥시","S090000792","정왕고등학교","04","공립","N","","0","1","1","1","0","1","0","0","0","22","33","55","3","14","17","0","0","0","0","0","0","0","0","0","0","0","0","0","1","1","0","0","0","0","2","2","0","1","1","0","0","0","26","52","78"
"경기도교육청","경기도가평교육지원청","경기도 가평군","S090000796","조종고등학교","04","공립","N","","1","0","1","1","0","1","0","0","0","7","6","13","3","7","10","0","0","0","0","2","2","0","0","0","0","0","0","0","1","1","0","1","1","0","1","1","0","0","0","0","0","0","12","18","30"
"경기도교육청","경기도고양교육지원청","경기도 고양시 일산서구","S090000797","주엽고등학교","04","공립","N","","0","1","1","0","1","1","0","1","1","17","52","69","3","2","5","0","2","2","1","0","1","0","0","0","0","0","0","1","0","1","0","0","0","0","2","2","0","2","2","0","0","0","22","63","85"
"경기도교육청","경기도고양교육지원청","경기도 고양시 일산서구","S090000798","경기영상과학고등학교","04","공립","N","","1","0","1","0","1","1","0","0","0","19","30","49","4","12","16","0","0","0","0","0","0","0","0","0","0","0","0","0","1","1","0","1","1","0","1","1","0","1","1","0","0","0","24","47","71"
"경기도교육청","경기도안성교육지원청","경기도 안성시","S090000800","죽산고등학교","04","공립","N","","1","0","1","1","0","1","0","0","0","7","6","13","6","6","12","1","0","1","0","0","0","0","0","0","0","0","0","0","0","0","0","0","0","0","1","1","0","0","0","0","0","0","16","13","29"
"경기도교육청","경기도용인교육지원청","경기도 용인시 수지구","S090000801","죽전고등학교","04","공립","N","","1","0","1","1","0","1","0","0","0","15","55","70","1","8","9","0","0","0","0","0","0","0","0","0","0","0","0","0","1","1","0","0","0","0","1","1","0","1","1","0","0","0","18","66","84"
"경기도교육청","경기도고양교육지원청","경기도 고양시 일산동구","S090000802","중산고등학교","04","공립","N","","0","1","1","1","0","1","0","0","0","16","43","59","1","8","9","1","0","1","0","0","0","0","0","0","0","0","0","0","0","0","0","0","0","0","1","1","0","0","0","0","0","0","19","53","72"
"경기도교육청","경기도부천교육지원청","경기도 부천시 원미구","S090000803","중원고등학교","04","공립","N","","2","0","2","0","0","0","0","0","0","14","37","51","4","6","10","1","2","3","0","0","0","0","0","0","0","0","0","0","0","0","0","1","1","0","1","1","0","1","1","0","0","0","21","48","69"
"경기도교육청","경기도부천교육지원청","경기도 부천시 원미구","S090000804","중흥고등학교","04","공립","N","","1","0","1","1","1","2","0","0","0","13","42","55","1","6","7","1","1","2","0","0","0","0","0","0","0","0","0","0","2","2","0","1","1","0","1","1","0","0","0","0","0","0","17","54","71"
"경기도교육청","경기도양평교육지원청","경기도 양평군","S090000805","지평고등학교","04","공립","N","","1","0","1","1","0","1","0","0","0","4","6","10","1","2","3","0","1","1","0","1","1","0","0","0","0","0","0","1","0","1","0","1","1","0","4","4","0","1","1","0","0","0","8","16","24"
"경기도교육청","경기도구리남양주교육지원청","경기도 남양주시","S090000806","진건고등학교","04","공립","N","","1","0","1","1","0","1","0","0","0","18","39","57","5","13","18","0","1","1","1","1","2","0","0","0","0","0","0","0","1","1","0","1","1","0","1","1","0","1","1","0","0","0","26","58","84"
"경기도교육청","경기도광명교육지원청","경기도 광명시","S090000807","진성고등학교","04","사립","N","","0","1","1","1","0","1","0","0","0","26","17","43","7","12","19","0","0","0","0","0","0","0","0","0","0","0","0","0","1","1","0","0","0","0","1","1","0","0","0","0","0","0","34","32","66"
"경기도교육청","경기도평택교육지원청","경기도 평택시","S090000810","진위고등학교","04","사립","N","","0","1","1","0","0","0","0","0","0","14","16","30","11","8","19","0","0","0","0","0","0","0","0","0","0","0","0","0","1","1","0","0","0","0","1","1","0","1","1","0","0","0","25","28","53"
"경기도교육청","경기도여주교육지원청","경기도 여주시","S090000811","경기관광고등학교","04","사립","N","","1","0","1","1","0","1","0","0","0","9","15","24","0","2","2","0","0","0","0","0","0","0","0","0","0","0","0","0","1","1","0","0","0","0","1","1","0","1","1","0","0","0","11","20","31"
"경기도교육청","경기도수원교육지원청","경기도 수원시 팔달구","S090000812","창현고등학교","04","사립","N","","1","0","1","1","0","1","0","0","0","48","21","69","4","9","13","0","0","0","0","0","0","0","0","0","0","0","0","0","1","1","1","0","1","0","3","3","0","1","1","0","0","0","55","35","90"
"경기도교육청","경기도평택교육지원청","경기도 평택시","S090000813","청담고등학교","04","사립","N","","1","0","1","1","0","1","0","0","0","26","19","45","7","7","14","0","0","0","0","0","0","0","0","0","0","0","0","0","1","1","0","0","0","0","1","1","0","0","0","0","0","0","35","28","63"
"경기도교육청","경기도수원교육지원청","경기도 수원시 영통구","S090000815","청명고등학교","04","공립","N","","1","0","1","1","0","1","0","0","0","16","54","70","2","8","10","0","3","3","0","0","0","0","0","0","0","0","0","0","1","1","0","0","0","0","1","1","0","1","1","0","0","0","20","68","88"
"경기도교육청","경기도양평교육지원청","경기도 양평군","S090000816","청운고등학교","04","공립","N","","2","0","2","1","0","1","0","0","0","5","4","9","0","3","3","0","0","0","0","0","0","0","0","0","0","0","0","0","1","1","0","0","0","0","1","1","0","0","0","0","0","0","8","9","17"
"경기도교육청","경기도가평교육지원청","경기도 가평군","S090000817","청평고등학교","04","공립","N","","1","0","1","2","0","2","0","0","0","10","4","14","1","10","11","2","2","4","1","1","2","0","0","0","0","0","0","0","1","1","0","0","0","0","1","1","0","1","1","0","0","0","17","20","37"
"경기도교육청","경기도구리남양주교육지원청","경기도 남양주시","S090000818","청학고등학교","04","공립","N","","0","1","1","1","0","1","0","0","0","12","24","36","4","6","10","0","0","0","0","0","0","0","0","0","0","0","0","0","1","1","0","0","0","0","2","2","0","1","1","0","0","0","17","35","52"
"경기도교육청","경기도안산교육지원청","경기도 안산시 단원구","S090000819","초지고등학교","04","공립","N","","0","1","1","1","0","1","0","0","0","21","29","50","5","9","14","1","1","2","0","0","0","0","0","0","0","0","0","0","1","1","0","0","0","0","3","3","0","0","0","0","0","0","28","44","72"
"경기도교육청","경기도광명교육지원청","경기도 광명시","S090000820","충현고등학교","04","공립","N","","0","1","1","0","1","1","0","0","0","14","48","62","4","2","6","0","0","0","0","0","0","0","0","0","0","0","0","0","1","1","0","0","0","0","1","1","0","0","0","0","0","0","18","54","72"
"경기도교육청","경기도평택교육지원청","경기도 평택시","S090000821","태광고등학교","04","사립","N","","1","0","1","0","0","0","0","0","0","24","15","39","8","11","19","0","0","0","0","0","0","0","0","0","0","0","0","0","1","1","0","1","1","0","1","1","0","1","1","0","0","0","33","30","63"
"경기도교육청","경기도용인교육지원청","경기도 용인시 처인구","S090000822","태성고등학교","04","사립","N","","1","0","1","1","0","1","0","0","0","22","13","35","8","12","20","0","0","0","0","0","0","0","0","0","0","0","0","0","1","1","0","1","1","0","1","1","0","0","0","0","0","0","32","28","60"
"경기도교육청","경기도성남교육지원청","경기도 성남시 분당구","S090000823","태원고등학교","04","사립","N","","1","0","1","1","0","1","0","0","0","21","39","60","4","8","12","0","0","0","0","0","0","0","0","0","0","0","0","0","1","1","0","1","1","0","1","1","0","1","1","0","0","0","27","51","78"
"경기도교육청","경기도수원교육지원청","경기도 수원시 영통구","S090000824","태장고등학교","04","공립","N","","1","0","1","0","1","1","0","1","1","20","51","71","2","6","8","1","3","4","0","0","0","0","0","0","0","0","0","0","0","0","0","0","0","0","1","1","0","1","1","0","0","0","24","64","88"
"경기도교육청","경기도구리남양주교육지원청","경기도 구리시","S090000825","토평고등학교","04","공립","N","","2","0","2","0","0","0","0","0","0","6","41","47","2","8","10","0","3","3","0","0","0","0","0","0","0","0","0","0","1","1","0","1","1","0","1","1","0","0","0","0","0","0","10","55","65"
"경기도교육청","경기도김포교육지원청","경기도 김포시","S090000826","통진고등학교","04","사립","N","","1","0","1","1","0","1","0","0","0","30","26","56","4","4","8","1","1","2","0","0","0","0","0","0","0","0","0","0","1","1","0","1","1","0","1","1","0","1","1","0","0","0","37","35","72"
"경기도교육청","경기도구리남양주교육지원청","경기도 남양주시","S090000827","퇴계원고등학교","04","공립","N","","1","1","2","1","0","1","0","0","0","26","35","61","8","10","18","0","3","3","0","1","1","0","0","0","0","0","0","0","2","2","0","1","1","0","1","1","0","1","1","0","0","0","36","55","91"
"경기도교육청","경기도파주교육지원청","경기도 파주시","S090000829","세경고등학교","04","사립","N","","1","1","2","1","0","1","0","0","0","30","13","43","11","8","19","0","0","0","0","0","0","0","0","0","0","0","0","0","1","1","0","0","0","0","5","5","0","0","0","0","0","0","43","28","71"
"경기도교육청","경기도파주교육지원청","경기도 파주시","S090000831","정목고등학교","04","사립","N","","2","0","2","0","0","0","0","0","0","13","16","29","10","12","22","0","0","0","0","0","0","0","0","0","0","0","0","0","1","1","0","0","0","0","1","1","0","0","0","0","0","0","25","30","55"
"경기도교육청","경기도파주교육지원청","경기도 파주시","S090000832","파주고등학교","04","사립","N","","0","1","1","1","0","1","0","0","0","9","13","22","1","8","9","0","0","0","0","0","0","0","0","0","0","0","0","0","0","0","0","1","1","0","1","1","0","0","0","0","0","0","11","24","35"
"경기도교육청","경기도수원교육지원청","경기도 수원시 영통구","S090000833","수원하이텍고등학교","04","공립","N","","0","0","0","1","0","1","0","0","0","28","26","54","1","2","3","0","0","0","0","0","0","0","0","0","0","0","0","0","1","1","0","1","1","0","2","2","0","1","1","1","0","1","31","33","64"
"경기도교육청","경기도안양과천교육지원청","경기도 안양시 동안구","S090000834","평촌고등학교","04","공립","N","","1","1","2","0","0","0","0","0","0","23","48","71","3","9","12","0","2","2","0","2","2","0","0","0","0","0","0","1","0","1","0","1","1","0","2","2","0","1","1","0","0","0","28","66","94"
"경기도교육청","경기도안양과천교육지원청","경기도 안양시 동안구","S090000835","평촌과학기술고등학교","04","공립","N","","1","0","1","1","0","1","0","0","0","18","27","45","5","5","10","1","1","2","0","0","0","0","0","0","0","0","0","1","0","1","0","0","0","0","1","1","0","0","0","0","0","0","27","34","61"
"경기도교육청","경기도안양과천교육지원청","경기도 안양시 동안구","S090000836","평촌경영고등학교","04","공립","N","","1","0","1","0","1","1","0","0","0","15","59","74","2","15","17","1","3","4","0","1","1","0","0","0","0","0","0","0","1","1","0","0","0","0","1","1","0","1","1","0","0","0","19","82","101"
"경기도교육청","경기도평택교육지원청","경기도 평택시","S090000837","평택고등학교","04","공립","N","","1","0","1","1","0","1","0","0","0","18","33","51","7","4","11","1","2","3","0","0","0","0","0","0","0","0","0","0","1","1","0","1","1","0","1","1","0","1","1","0","0","0","28","43","71"
"경기도교육청","경기도평택교육지원청","경기도 평택시","S090000838","평택마이스터고등학교","04","공립","N","","1","0","1","1","0","1","0","0","0","31","16","47","4","8","12","0","3","3","0","0","0","0","0","0","0","0","0","0","1","1","0","1","1","0","1","1","0","1","1","0","0","0","37","31","68"
"경기도교육청","경기도평택교육지원청","경기도 평택시","S090000840","평택여자고등학교","04","공립","N","","1","0","1","0","1","1","0","0","0","13","34","47","10","19","29","0","2","2","0","1","1","0","0","0","0","0","0","0","1","1","0","0","0","0","1","1","0","0","0","0","0","0","24","59","83"
"경기도교육청","경기도포천교육지원청","경기도 포천시","S090000841","포천고등학교","04","공립","N","","1","0","1","1","1","2","0","0","0","16","31","47","3","7","10","1","1","2","1","1","2","0","0","0","0","0","0","0","0","0","0","0","0","0","1","1","0","0","0","0","0","0","23","42","65"
"경기도교육청","경기도포천교육지원청","경기도 포천시","S090000843","포천일고등학교","04","공립","N","","1","0","1","1","0","1","0","0","0","10","22","32","12","29","41","1","1","2","1","1","2","0","0","0","0","0","0","0","1","1","0","0","0","0","1","1","0","1","1","0","0","0","26","56","82"
"경기도교육청","경기도용인교육지원청","경기도 용인시 수지구","S090000844","풍덕고등학교","04","공립","N","","1","0","1","1","0","1","0","0","0","13","58","71","5","8","13","0","1","1","1","0","1","0","0","0","0","0","0","0","1","1","0","0","0","0","2","2","0","2","2","0","0","0","21","72","93"
"경기도교육청","경기도성남교육지원청","경기도 성남시 수정구","S090000847","풍생고등학교","04","사립","N","","1","0","1","0","1","1","0","0","0","35","19","54","4","7","11","0","0","0","0","0","0","0","0","0","0","0","0","1","0","1","0","1","1","0","1","1","0","1","1","0","0","0","41","30","71"
"경기도교육청","경기도광주하남교육지원청","경기도 하남시","S090000848","하남고등학교","04","사립","N","","1","0","1","0","0","0","0","0","0","26","15","41","8","12","20","0","0","0","0","0","0","0","0","0","0","0","0","0","1","1","0","1","1","0","1","1","0","0","0","0","1","1","35","31","66"
"경기도교육청","경기도광주하남교육지원청","경기도 하남시","S090000849","하남경영고등학교","04","공립","N","","2","0","2","0","1","1","0","0","0","9","41","50","1","4","5","0","3","3","0","0","0","0","0","0","0","0","0","0","1","1","0","0","0","0","10","10","0","0","0","0","0","0","12","60","72"
"경기도교육청","경기도김포교육지원청","경기도 김포시","S090000850","하성고등학교","04","공립","N","","1","0","1","0","1","1","0","0","0","9","15","24","3","4","7","0","0","0","0","0","0","0","0","0","0","0","0","0","1","1","0","1","1","0","1","1","0","0","0","0","0","0","13","23","36"
"경기도교육청","경기도평택교육지원청","경기도 평택시","S090000851","한광고등학교","04","사립","N","","1","0","1","1","0","1","0","0","0","27","12","39","6","15","21","0","0","0","0","0","0","0","0","0","0","0","0","0","0","0","0","1","1","0","1","1","0","0","0","0","0","0","35","29","64"
"경기도교육청","경기도평택교육지원청","경기도 평택시","S090000852","한광여자고등학교","04","사립","N","","0","1","1","1","0","1","0","0","0","20","37","57","10","5","15","0","0","0","0","0","0","0","0","0","0","0","0","0","0","0","0","1","1","0","1","1","0","1","1","0","0","0","31","46","77"
"경기도교육청","경기도평택교육지원청","경기도 평택시","S090000853","한국관광고등학교","04","사립","N","","1","1","2","1","0","1","0","0","0","7","8","15","1","2","3","0","0","0","0","0","0","0","0","0","0","0","0","0","0","0","1","0","1","0","1","1","0","1","1","0","0","0","11","13","24"
"경기도교육청","경기도이천교육지원청","경기도 이천시","S090000854","한국도예고등학교","04","공립","N","","0","0","0","0","1","1","0","0","0","5","6","11","2","8","10","0","0","0","0","0","0","0","0","0","0","0","0","0","0","0","0","1","1","0","1","1","0","1","1","0","0","0","7","18","25"
"경기도교육청","경기도안산교육지원청","경기도 안산시 단원구","S090000855","한국디지털미디어고등학교","04","사립","N","","1","0","1","1","0","1","0","0","0","12","7","19","9","7","16","0","0","0","0","0","0","0","0","0","0","0","0","0","0","0","0","0","0","0","1","1","0","0","0","2","0","2","25","15","40"
"경기도교육청","경기도광주하남교육지원청","경기도 하남시","S090000856","한국애니메이션고등학교","04","공립","N","","0","1","1","0","1","1","0","0","0","7","20","27","0","2","2","0","0","0","0","0","0","0","0","0","0","0","0","0","1","1","0","1","1","0","1","1","0","1","1","2","1","3","9","29","38"
"경기도교육청","경기도시흥교육지원청","경기도 시흥시","S090000857","한국조리과학고등학교","04","사립","N","","1","0","1","1","0","1","0","0","0","9","9","18","9","7","16","0","0","0","0","0","0","0","0","0","1","1","2","0","1","1","0","1","1","0","1","1","0","0","0","0","0","0","21","20","41"
"경기도교육청","경기도성남교육지원청","경기도 성남시 분당구","S090000858","한솔고등학교","04","공립","N","","1","0","1","0","1","1","0","0","0","6","57","63","3","9","12","0","0","0","0","2","2","0","0","0","0","0","0","0","0","0","0","1","1","0","2","2","0","1","1","0","0","0","10","73","83"
"경기도교육청","경기도시흥교육지원청","경기도 시흥시","S090000859","경기자동차과학고등학교","04","사립","N","","0","1","1","1","0","1","0","0","0","24","13","37","10","8","18","0","0","0","0","0","0","1","0","1","0","0","0","0","2","2","0","1","1","0","1","1","0","1","1","0","0","0","36","27","63"
"경기도교육청","경기도시흥교육지원청","경기도 시흥시","S090000862","함현고등학교","04","공립","N","","0","1","1","1","1","2","0","0","0","20","31","51","1","8","9","1","1","2","1","0","1","0","0","0","0","0","0","0","1","1","0","0","0","0","2","2","0","2","2","0","0","0","24","47","71"
"경기도교육청","경기도고양교육지원청","경기도 고양시 덕양구","S090000863","행신고등학교","04","공립","N","","0","1","1","0","2","2","0","0","0","13","50","63","2","3","5","1","1","2","0","1","1","0","0","0","0","0","0","0","1","1","0","0","0","0","1","1","0","1","1","0","0","0","16","61","77"
"경기도교육청","경기도의정부교육지원청","경기도 의정부시","S090000865","호원고등학교","04","공립","N","","1","0","1","1","0","1","0","0","0","14","49","63","0","3","3","0","3","3","0","1","1","0","0","0","0","0","0","0","0","0","0","0","0","0","1","1","0","0","0","0","0","0","16","57","73"
"경기도교육청","경기도화성오산교육지원청","경기도 화성시 만세구","S090000867","화성고등학교","04","사립","N","","1","0","1","1","0","1","0","0","0","30","16","46","5","6","11","0","0","0","0","0","0","0","0","0","0","0","0","0","1","1","0","1","1","0","1","1","0","2","2","0","0","0","37","27","64"
"경기도교육청","경기도고양교육지원청","경기도 고양시 덕양구","S090000868","화수고등학교","04","공립","N","","0","2","2","0","1","1","0","0","0","10","49","59","2","5","7","1","2","3","0","0","0","0","0","0","0","0","0","0","1","1","1","0","1","0","1","1","0","0","0","0","0","0","14","61","75"
"경기도교육청","경기도고양교육지원청","경기도 고양시 덕양구","S090000869","화정고등학교","04","공립","N","","0","1","1","1","0","1","0","0","0","17","47","64","2","2","4","1","0","1","0","0","0","0","0","0","0","0","0","0","1","1","0","0","0","0","1","1","0","2","2","0","0","0","21","54","75"
"경기도교육청","경기도수원교육지원청","경기도 수원시 권선구","S090000870","화홍고등학교","04","공립","N","","1","0","1","1","0","1","0","1","1","17","50","67","3","7","10","0","0","0","0","0","0","0","0","0","0","0","0","1","0","1","0","1","1","0","2","2","0","0","0","0","0","0","23","61","84"
"경기도교육청","경기도평택교육지원청","경기도 평택시","S090000871","효명고등학교","04","사립","N","","1","0","1","0","0","0","0","0","0","26","23","49","4","7","11","0","0","0","0","0","0","0","0","0","0","0","0","0","1","1","0","1","1","0","1","1","0","1","1","0","0","0","31","34","65"
"경기도교육청","경기도성남교육지원청","경기도 성남시 수정구","S090000872","효성고등학교","04","사립","N","","0","1","1","1","0","1","0","0","0","29","16","45","2","6","8","0","0","0","0","0","0","0","0","0","0","0","0","0","2","2","0","1","1","0","1","1","0","1","1","0","0","0","32","28","60"
"경기도교육청","경기도수원교육지원청","경기도 수원시 영통구","S090000873","효원고등학교","04","공립","N","","1","0","1","1","0","1","0","0","0","22","56","78","2","5","7","0","0","0","0","0","0","0","0","0","0","0","0","0","0","0","0","0","0","0","2","2","0","1","1","0","0","0","26","64","90"
"경기도교육청","경기도군포의왕교육지원청","경기도 군포시","S090000874","흥진고등학교","04","공립","N","","1","0","1","1","0","1","0","1","1","20","48","68","1","3","4","0","0","0","1","2","3","0","0","0","0","0","0","0","1","1","1","0","1","0","1","1","0","1","1","0","0","0","25","57","82"
"경기도교육청","경기도성남교육지원청","경기도 성남시 분당구","S090004768","돌마고등학교","04","공립","N","","1","0","1","0","1","1","0","0","0","10","49","59","0","2","2","0","3","3","0","0","0","0","0","0","0","0","0","0","1","1","0","0","0","0","1","1","0","1","1","0","0","0","11","58","69"
"경기도교육청","경기도의정부교육지원청","경기도 의정부시","S090004831","부용고등학교","04","공립","N","","1","0","1","0","1","1","0","0","0","14","47","61","3","7","10","0","2","2","0","0","0","0","0","0","0","0","0","0","1","1","0","0","0","0","1","1","0","0","0","0","0","0","18","59","77"
"경기도교육청","경기도부천교육지원청","경기도 부천시 원미구","S090004832","경기예술고등학교","04","공립","N","","1","0","1","1","0","1","0","0","0","11","21","32","3","5","8","0","0","0","0","0","0","0","0","0","0","0","0","0","1","1","0","1","1","0","1","1","0","0","0","0","0","0","16","29","45"
"경기도교육청","경기도안산교육지원청","경기도 안산시 상록구","S090004833","송호고등학교","04","공립","N","","1","0","1","1","0","1","1","0","1","17","36","53","7","13","20","1","0","1","0","1","1","0","0","0","0","0","0","0","1","1","0","0","0","0","1","1","0","1","1","0","0","0","28","53","81"
"경기도교육청","경기도시흥교육지원청","경기도 시흥시","S090004834","시흥고등학교","04","공립","N","","2","0","2","1","0","1","0","0","0","19","43","62","2","6","8","0","3","3","0","2","2","0","0","0","0","0","0","0","1","1","0","0","0","0","1","1","0","1","1","0","0","0","24","57","81"
"경기도교육청","경기도화성오산교육지원청","경기도 오산시","S090004835","운천고등학교","04","공립","N","","1","0","1","1","0","1","0","0","0","14","30","44","8","14","22","0","3","3","0","2","2","0","0","0","0","0","0","0","0","0","0","1","1","0","2","2","0","0","0","0","0","0","24","52","76"
"경기도교육청","경기도용인교육지원청","경기도 용인시 수지구","S090004893","서원고등학교","04","공립","N","","1","0","1","1","0","1","0","0","0","14","52","66","3","9","12","0","2","2","0","0","0","0","0","0","0","0","0","0","0","0","0","1","1","0","1","1","0","1","1","0","0","0","19","66","85"
"경기도교육청","경기도수원교육지원청","경기도 수원시 장안구","S090004895","천천고등학교","04","공립","N","","0","1","1","1","0","1","0","0","0","21","37","58","0","5","5","0","3","3","0","0","0","0","0","0","0","0","0","0","0","0","0","1","1","0","1","1","0","0","0","0","0","0","22","48","70"
"경기도교육청","경기도수원교육지원청","경기도 수원시 장안구","S090004896","조원고등학교","04","공립","N","","1","0","1","1","0","1","0","0","0","11","45","56","3","7","10","0","2","2","0","1","1","0","0","0","0","0","0","0","1","1","0","1","1","0","1","1","0","1","1","0","0","0","16","59","75"
"경기도교육청","경기도성남교육지원청","경기도 성남시 분당구","S090004897","늘푸른고등학교","04","공립","N","","1","0","1","0","1","1","0","0","0","10","49","59","1","1","2","0","1","1","0","0","0","0","0","0","0","0","0","0","1","1","0","0","0","0","1","1","0","0","0","0","0","0","12","54","66"
"경기도교육청","경기도안양과천교육지원청","경기도 안양시 만안구","S090004898","충훈고등학교","04","공립","N","","1","0","1","0","1","1","0","0","0","10","51","61","1","7","8","1","2","3","0","0","0","0","0","0","0","0","0","0","0","0","0","0","0","0","2","2","0","1","1","0","0","0","13","64","77"
"경기도교육청","경기도부천교육지원청","경기도 부천시 원미구","S090004899","상일고등학교","04","공립","N","","1","0","1","1","0","1","0","0","0","14","35","49","3","5","8","0","0","0","0","0","0","0","0","0","0","0","0","0","2","2","0","1","1","0","1","1","0","0","0","0","0","0","19","44","63"
"경기도교육청","경기도부천교육지원청","경기도 부천시 소사구","S090004900","송내고등학교","04","공립","N","","1","1","2","2","0","2","0","0","0","12","34","46","4","5","9","0","0","0","0","0","0","0","0","0","0","0","0","1","0","1","0","0","0","0","1","1","0","1","1","0","0","0","20","42","62"
"경기도교육청","경기도용인교육지원청","경기도 용인시 기흥구","S090004901","구성고등학교","04","공립","N","","1","0","1","0","1","1","0","0","0","15","44","59","2","8","10","1","3","4","0","0","0","0","0","0","0","0","0","1","0","1","0","1","1","0","1","1","0","0","0","0","0","0","20","58","78"
"경기도교육청","경기도수원교육지원청","경기도 수원시 영통구","S090004902","매탄고등학교","04","공립","N","","0","1","1","1","0","1","0","0","0","19","52","71","1","5","6","1","3","4","0","0","0","0","0","0","0","0","0","0","1","1","0","0","0","0","1","1","0","1","1","0","0","0","22","64","86"
"경기도교육청","경기도안양과천교육지원청","경기도 안양시 동안구","S090004905","인덕원고등학교","04","공립","N","","1","0","1","0","1","1","0","0","0","10","60","70","1","3","4","0","0","0","0","0","0","0","0","0","0","0","0","0","2","2","0","0","0","0","1","1","0","0","0","0","0","0","12","67","79"
"경기도교육청","경기도부천교육지원청","경기도 부천시 소사구","S090004906","범박고등학교","04","공립","N","","0","1","1","0","1","1","0","0","0","14","43","57","0","4","4","2","1","3","0","0","0","0","0","0","0","0","0","0","1","1","0","1","1","0","1","1","0","0","0","0","0","0","16","53","69"
"경기도교육청","경기도동두천양주교육지원청","경기도 양주시","S090004908","덕계고등학교","04","공립","N","","1","0","1","0","1","1","0","0","0","13","24","37","1","12","13","2","0","2","1","0","1","0","0","0","0","0","0","0","1","1","0","1","1","0","1","1","0","1","1","0","0","0","18","41","59"
"경기도교육청","경기도안산교육지원청","경기도 안산시 단원구","S090004909","단원고등학교","04","공립","N","","1","0","1","1","0","1","0","0","0","14","32","46","5","14","19","2","2","4","0","2","2","0","0","0","0","0","0","0","2","2","0","0","0","0","1","1","0","2","2","0","0","0","23","55","78"
"경기도교육청","경기도시흥교육지원청","경기도 시흥시","S090004910","군서고등학교","04","공립","N","","0","1","1","1","0","1","0","0","0","19","40","59","1","10","11","2","1","3","0","1","1","0","0","0","0","0","0","0","1","1","0","0","0","0","1","1","0","0","0","0","0","0","23","55","78"
"경기도교육청","경기도고양교육지원청","경기도 고양시 일산동구","S090004912","풍동고등학교","04","공립","N","","0","1","1","1","0","1","0","0","0","15","32","47","5","14","19","1","0","1","1","0","1","0","0","0","0","0","0","1","0","1","0","1","1","0","1","1","0","1","1","0","0","0","24","50","74"
"경기도교육청","경기도구리남양주교육지원청","경기도 남양주시","S090004914","도농고등학교","04","공립","N","","0","1","1","1","0","1","0","0","0","13","38","51","4","7","11","0","2","2","0","1","1","0","0","0","0","0","0","0","0","0","0","0","0","0","2","2","0","1","1","0","0","0","18","52","70"
"경기도교육청","경기도구리남양주교육지원청","경기도 남양주시","S090004915","평내고등학교","04","공립","N","","1","0","1","0","1","1","0","0","0","18","26","44","7","11","18","0","1","1","1","1","2","0","0","0","0","0","0","0","1","1","0","1","1","1","0","1","0","0","0","0","0","0","28","42","70"
"경기도교육청","경기도광주하남교육지원청","경기도 하남시","S090004916","신장고등학교","04","공립","N","","1","0","1","1","1","2","0","0","0","12","41","53","2","4","6","0","3","3","0","1","1","0","0","0","0","0","0","1","0","1","0","1","1","0","2","2","0","0","0","0","1","1","17","54","71"
"경기도교육청","경기도이천교육지원청","경기도 이천시","S090004917","효양고등학교","04","공립","N","","1","0","1","3","0","3","0","0","0","17","28","45","5","11","16","1","2","3","2","0","2","0","0","0","0","0","0","0","1","1","0","0","0","0","1","1","0","0","0","0","0","0","29","43","72"
"경기도교육청","경기도용인교육지원청","경기도 용인시 기흥구","S090004918","보정고등학교","04","공립","N","","1","0","1","0","1","1","0","0","0","13","54","67","0","8","8","0","3","3","0","0","0","0","0","0","0","0","0","0","0","0","0","1","1","0","2","2","0","1","1","0","0","0","14","70","84"
"경기도교육청","경기도김포교육지원청","경기도 김포시","S090004919","풍무고등학교","04","공립","N","","0","1","1","1","0","1","0","0","0","13","35","48","5","19","24","0","1","1","1","0","1","0","0","0","0","0","0","0","1","1","0","0","0","0","1","1","0","0","0","0","0","0","20","58","78"
"경기도교육청","경기도화성오산교육지원청","","S090004920","병점고등학교","04","공립","N","","2","0","2","0","0","0","0","0","0","16","39","55","8","6","14","3","0","3","0","0","0","0","0","0","0","0","0","1","0","1","0","0","0","0","1","1","0","0","0","0","0","0","30","46","76"
"경기도교육청","경기도파주교육지원청","경기도 파주시","S090004921","봉일천고등학교","04","공립","N","","0","0","0","1","0","1","0","0","0","28","27","55","1","6","7","1","1","2","0","2","2","0","0","0","0","0","0","0","1","1","0","0","0","0","1","1","0","1","1","0","0","0","31","39","70"
"경기도교육청","경기도파주교육지원청","경기도 파주시","S090004922","교하고등학교","04","공립","N","","1","0","1","1","0","1","0","0","0","17","46","63","1","3","4","0","3","3","0","0","0","0","0","0","0","0","0","0","0","0","0","0","0","0","1","1","0","0","0","0","0","0","20","53","73"
"경기도교육청","경기도의정부교육지원청","경기도 의정부시","S090004923","상우고등학교","04","사립","N","","0","1","1","1","0","1","0","0","0","34","18","52","8","1","9","1","0","1","0","1","1","0","0","0","0","0","0","1","0","1","0","1","1","0","1","1","0","1","1","0","0","0","45","24","69"
"경기도교육청","경기도성남교육지원청","경기도 성남시 분당구","S090004945","이우고등학교","04","사립","N","","1","0","1","0","0","0","0","0","0","12","9","21","2","10","12","0","0","0","0","0","0","0","0","0","0","0","0","0","0","0","0","1","1","0","1","1","0","1","1","2","2","4","17","24","41"
"경기도교육청","경기도군포의왕교육지원청","경기도 의왕시","S090005040","경기외국어고등학교","04","사립","N","","1","0","1","1","0","1","0","0","0","16","21","37","4","9","13","0","0","0","0","0","0","0","0","0","0","0","0","0","1","1","0","0","0","0","1","1","0","0","0","10","2","12","32","34","66"
"경기도교육청","경기도의정부교육지원청","경기도 의정부시","S090005167","경기북과학고등학교","04","공립","N","","1","0","1","0","1","1","0","0","0","20","20","40","4","5","9","0","0","0","0","0","0","0","0","0","0","0","0","0","0","0","0","1","1","0","1","1","0","2","2","0","0","0","25","30","55"
"경기도교육청","경기도동두천양주교육지원청","경기도 동두천시","S090005168","동두천외국어고등학교","04","공립","N","","0","1","1","1","0","1","0","0","0","19","23","42","3","8","11","0","0","0","0","0","0","0","0","0","0","0","0","0","1","1","0","1","1","0","1","1","0","1","1","4","4","8","27","40","67"
"경기도교육청","경기도파주교육지원청","경기도 파주시","S090005169","금촌고등학교","04","공립","N","","0","1","1","1","0","1","0","0","0","12","60","72","1","5","6","1","3","4","1","1","2","0","0","0","0","0","0","0","1","1","0","0","0","0","2","2","0","0","0","0","0","0","16","73","89"
"경기도교육청","경기도용인교육지원청","경기도 용인시 처인구","S090005170","용인한국외국어대학교부설고등학교","04","사립","N","","1","0","1","1","0","1","0","0","0","26","16","42","10","15","25","0","0","0","0","0","0","0","0","0","0","0","0","0","0","0","0","0","0","0","1","1","0","0","0","2","7","9","40","39","79"
"경기도교육청","경기도동두천양주교육지원청","경기도 양주시","S090005280","양주백석고등학교","04","공립","N","","1","0","1","1","0","1","0","0","0","14","25","39","7","11","18","2","2","4","1","2","3","0","0","0","0","0","0","0","2","2","0","0","0","0","1","1","0","0","0","0","0","0","26","43","69"
"경기도교육청","경기도성남교육지원청","경기도 성남시 분당구","S090005282","성남외국어고등학교","04","공립","N","","0","1","1","0","1","1","0","0","0","18","32","50","0","2","2","0","0","0","0","0","0","0","0","0","0","0","0","0","1","1","0","0","0","0","1","1","0","1","1","3","4","7","21","43","64"
"경기도교육청","경기도안산교육지원청","경기도 안산시 상록구","S090005283","성포고등학교","04","공립","N","","1","0","1","1","0","1","0","0","0","9","37","46","4","18","22","1","2","3","0","1","1","0","0","0","0","0","0","0","1","1","0","0","0","0","2","2","0","0","0","0","0","0","16","61","77"
"경기도교육청","경기도수원교육지원청","경기도 수원시 영통구","S090005284","수원외국어고등학교","04","공립","N","","0","1","1","0","1","1","0","0","0","21","31","52","1","3","4","0","0","0","0","0","0","0","0","0","0","0","0","0","0","0","0","1","1","0","1","1","0","1","1","0","0","0","22","39","61"
"경기도교육청","경기도가평교육지원청","경기도 가평군","S090005286","청심국제고등학교","04","사립","N","","1","0","1","1","0","1","0","0","0","8","10","18","2","3","5","0","0","0","0","0","0","0","0","0","0","0","0","0","0","0","0","0","0","0","2","2","0","0","0","2","2","4","14","17","31"
"경기도교육청","경기도평택교육지원청","경기도 평택시","S090005290","현화고등학교","04","공립","N","","1","0","1","0","1","1","0","0","0","18","17","35","10","16","26","1","1","2","0","1","1","0","0","0","0","0","0","0","1","1","0","0","0","0","1","1","0","0","0","0","0","0","30","38","68"
"경기도교육청","경기도구리남양주교육지원청","경기도 남양주시","S090005291","호평고등학교","04","공립","N","","1","0","1","0","1","1","0","0","0","16","38","54","2","9","11","2","2","4","0","0","0","0","0","0","0","0","0","0","0","0","0","1","1","0","2","2","0","1","1","0","0","0","21","54","75"
"경기도교육청","경기도김포교육지원청","경기도 김포시","S090005292","김포외국어고등학교","04","사립","N","","0","0","0","1","0","1","0","0","0","26","7","33","5","4","9","0","0","0","0","0","0","0","0","0","0","0","0","0","0","0","0","0","0","0","1","1","0","0","0","0","2","2","32","14","46"
"경기도교육청","경기도용인교육지원청","경기도 용인시 기흥구","S090005319","용인백현고등학교","04","공립","N","","0","1","1","2","0","2","0","0","0","14","39","53","1","5","6","1","0","1","0","1","1","0","0","0","0","0","0","0","1","1","0","0","0","0","2","2","0","0","0","0","0","0","18","49","67"
"경기도교육청","경기도안성교육지원청","경기도 안성시","S090005320","한겨레고등학교","04","사립","N","","0","1","1","1","0","1","0","0","0","6","7","13","1","2","3","0","0","0","0","0","0","0","0","0","0","0","0","0","1","1","0","0","0","0","1","1","0","1","1","0","0","0","8","13","21"
"경기도교육청","경기도고양교육지원청","경기도 고양시 일산서구","S090005380","가좌고등학교","04","공립","N","","2","0","2","1","0","1","0","0","0","14","46","60","3","14","17","0","1","1","0","0","0","0","0","0","0","0","0","0","1","1","0","0","0","0","1","1","0","1","1","0","0","0","20","64","84"
"경기도교육청","경기도동두천양주교육지원청","경기도 양주시","S090005381","양주고등학교","04","공립","N","","1","0","1","1","0","1","0","0","0","14","27","41","2","10","12","1","1","2","0","0","0","0","0","0","0","0","0","0","1","1","0","0","0","0","1","1","0","1","1","0","0","0","19","41","60"
"경기도교육청","경기도포천교육지원청","경기도 포천시","S090005382","송우고등학교","04","공립","N","","1","0","1","1","0","1","0","0","0","25","27","52","3","6","9","0","1","1","2","1","3","0","0","0","0","0","0","0","1","1","0","0","0","0","1","1","0","0","0","0","0","0","32","37","69"
"경기도교육청","경기도부천교육지원청","경기도 부천시 원미구","S090005399","상원고등학교","04","공립","N","","0","1","1","0","1","1","0","0","0","17","38","55","1","3","4","0","0","0","0","0","0","0","0","0","0","0","0","0","1","1","0","1","1","0","2","2","0","0","0","0","0","0","18","47","65"
"경기도교육청","경기도고양교육지원청","경기도 고양시 덕양구","S090005413","성사고등학교","04","공립","N","","0","1","1","1","0","1","0","0","0","13","44","57","0","9","9","0","3","3","0","2","2","0","0","0","0","0","0","1","1","2","0","1","1","0","1","1","0","1","1","0","0","0","15","63","78"
"경기도교육청","경기도용인교육지원청","경기도 용인시 기흥구","S090005414","성지고등학교","04","공립","N","","1","0","1","1","0","1","0","0","0","16","42","58","5","15","20","1","1","2","0","0","0","0","0","0","0","0","0","0","0","0","0","0","0","0","1","1","0","0","0","1","0","1","25","59","84"
"경기도교육청","경기도용인교육지원청","경기도 용인시 수지구","S090005415","현암고등학교","04","공립","N","","1","0","1","1","0","1","0","0","0","4","38","42","3","5","8","0","0","0","0","0","0","0","0","0","0","0","0","0","1","1","0","1","1","0","1","1","0","0","0","0","0","0","9","46","55"
"경기도교육청","경기도용인교육지원청","경기도 용인시 수지구","S090005416","용인홍천고등학교","04","공립","N","","1","0","1","0","1","1","0","0","0","16","59","75","2","5","7","0","2","2","0","2","2","0","0","0","0","0","0","0","1","1","0","0","0","0","2","2","0","0","0","0","0","0","19","72","91"
"경기도교육청","경기도의정부교육지원청","경기도 의정부시","S090005417","효자고등학교","04","공립","N","","1","0","1","0","2","2","0","0","0","18","42","60","2","3","5","0","2","2","0","2","2","0","0","0","0","0","0","0","0","0","0","0","0","0","1","1","0","0","0","0","0","0","21","52","73"
"경기도교육청","경기도고양교육지원청","경기도 고양시 일산서구","S090005418","고양예술고등학교","04","사립","N","","1","0","1","0","1","1","0","0","0","11","11","22","9","6","15","0","0","0","0","0","0","0","0","0","0","0","0","0","0","0","0","0","0","0","1","1","0","0","0","2","7","9","23","26","49"
"경기도교육청","경기도용인교육지원청","경기도 용인시 수지구","S090005458","대지고등학교","04","공립","N","","2","0","2","0","0","0","0","0","0","8","48","56","1","11","12","1","1","2","0","0","0","0","0","0","0","0","0","0","1","1","0","0","0","0","1","1","0","0","0","0","0","0","12","62","74"
"경기도교육청","경기도화성오산교육지원청","","S090005459","동탄고등학교","04","공립","N","","1","0","1","1","0","1","0","0","0","15","47","62","2","8","10","1","1","2","0","0","0","0","0","0","0","0","0","0","1","1","0","1","1","0","1","1","0","1","1","0","0","0","20","60","80"
"경기도교육청","경기도화성오산교육지원청","경기도 화성시 병점구","S090005460","안화고등학교","04","공립","N","","1","0","1","1","0","1","0","0","0","18","37","55","1","14","15","1","3","4","0","1","1","0","0","0","0","0","0","0","1","1","0","1","1","0","1","1","0","1","1","0","0","0","22","59","81"
"경기도교육청","경기도화성오산교육지원청","경기도 오산시","S090005461","운암고등학교","04","공립","N","","1","0","1","1","0","1","0","0","0","13","20","33","5","11","16","1","1","2","0","0","0","0","0","0","0","0","0","0","0","0","0","0","0","0","1","1","0","0","0","0","0","0","21","33","54"
"경기도교육청","경기도용인교육지원청","경기도 용인시 기흥구","S090005488","동백고등학교","04","공립","N","","1","0","1","0","1","1","0","0","0","12","44","56","0","7","7","1","1","2","0","0","0","0","0","0","0","0","0","0","0","0","0","0","0","0","1","1","0","1","1","0","0","0","14","55","69"
"경기도교육청","경기도수원교육지원청","경기도 수원시 영통구","S090005576","망포고등학교","04","공립","N","","1","0","1","0","1","1","0","0","0","19","38","57","2","10","12","1","1","2","1","0","1","0","0","0","0","0","0","0","1","1","0","1","1","0","1","1","0","1","1","0","0","0","24","54","78"
"경기도교육청","경기도수원교육지원청","경기도 수원시 영통구","S090005577","매원고등학교","04","공립","N","","1","0","1","0","1","1","0","0","0","15","45","60","1","11","12","0","2","2","0","1","1","0","0","0","0","0","0","0","1","1","0","0","0","0","1","1","0","1","1","0","0","0","17","63","80"
"경기도교육청","경기도화성오산교육지원청","","S090005578","반송고등학교","04","공립","N","","1","0","1","1","0","1","0","0","0","14","38","52","5","9","14","0","0","0","0","0","0","0","0","0","0","0","0","0","0","0","0","0","0","0","1","1","0","1","1","0","0","0","21","49","70"
"경기도교육청","경기도화성오산교육지원청","경기도 화성시 효행구","S090005579","봉담고등학교","04","공립","N","","0","1","1","1","0","1","0","0","0","16","29","45","3","4","7","1","3","4","0","0","0","0","0","0","0","0","0","0","0","0","0","0","0","0","1","1","0","1","1","0","0","0","21","39","60"
"경기도교육청","경기도화성오산교육지원청","경기도 화성시 동탄구","S090005580","예당고등학교","04","공립","N","","1","0","1","1","0","1","0","0","0","20","34","54","3","12","15","0","2","2","0","0","0","0","0","0","0","0","0","0","1","1","0","1","1","0","1","1","0","1","1","0","0","0","25","52","77"
"경기도교육청","경기도부천교육지원청","경기도 부천시 오정구","S090005581","수주고등학교","04","공립","N","","1","0","1","0","1","1","0","0","0","11","32","43","6","4","10","0","4","4","0","0","0","0","0","0","0","0","0","0","1","1","0","1","1","0","1","1","0","1","1","0","0","0","18","45","63"
"경기도교육청","경기도고양교육지원청","경기도 고양시 덕양구","S090005599","고양일고등학교","04","공립","N","","0","1","1","0","1","1","0","0","0","10","27","37","2","9","11","0","2","2","1","0","1","0","0","0","0","0","0","0","1","1","0","1","1","0","1","1","0","0","0","0","0","0","13","43","56"
"경기도교육청","경기도고양교육지원청","경기도 고양시 일산동구","S090005600","안곡고등학교","04","공립","N","","1","0","1","1","0","1","0","0","0","14","49","63","4","11","15","0","1","1","0","2","2","0","0","0","0","0","0","0","1","1","0","1","1","0","2","2","0","1","1","0","0","0","20","68","88"
"경기도교육청","경기도구리남양주교육지원청","경기도 남양주시","S090005601","와부고등학교","04","공립","N","","0","1","1","1","0","1","0","0","0","14","24","38","5","9","14","2","2","4","0","0","0","0","0","0","0","0","0","0","1","1","0","1","1","0","1","1","0","1","1","0","0","0","22","40","62"
"경기도교육청","경기도수원교육지원청","경기도 수원시 권선구","S090005653","고색고등학교","04","공립","N","","1","0","1","1","0","1","0","0","0","23","33","56","6","5","11","1","2","3","0","0","0","0","0","0","0","0","0","0","0","0","0","0","0","0","1","1","0","0","0","0","0","0","32","41","73"
"경기도교육청","경기도화성오산교육지원청","","S090005655","나루고등학교","04","공립","N","","1","0","1","0","1","1","0","0","0","21","25","46","1","2","3","0","0","0","0","0","0","0","0","0","0","0","0","0","1","1","0","0","0","0","1","1","0","1","1","0","0","0","23","31","54"
"경기도교육청","경기도용인교육지원청","경기도 용인시 기흥구","S090005656","보라고등학교","04","공립","N","","1","0","1","0","1","1","0","0","0","12","35","47","4","8","12","1","3","4","0","2","2","0","0","0","0","0","0","0","1","1","0","1","1","0","1","1","0","1","1","0","0","0","18","53","71"
"경기도교육청","경기도용인교육지원청","경기도 용인시 기흥구","S090005658","초당고등학교","04","공립","N","","1","0","1","1","0","1","0","0","0","17","46","63","0","4","4","0","0","0","0","0","0","0","0","0","0","0","0","0","0","0","0","1","1","0","2","2","0","1","1","0","0","0","19","54","73"
"경기도교육청","경기도성남교육지원청","경기도 성남시 수정구","S090005659","복정고등학교","04","공립","N","","1","1","2","0","0","0","0","0","0","10","37","47","0","7","7","0","0","0","0","0","0","0","0","0","0","0","0","0","1","1","0","1","1","0","1","1","0","1","1","0","0","0","11","49","60"
"경기도교육청","경기도용인교육지원청","경기도 용인시 처인구","S090005660","포곡고등학교","04","공립","N","","1","0","1","1","2","3","0","1","1","19","38","57","3","7","10","1","4","5","0","1","1","0","0","0","0","0","0","0","1","1","0","1","1","0","1","1","0","1","1","0","0","0","25","57","82"
"경기도교육청","경기도화성오산교육지원청","경기도 화성시 만세구","S090005663","향남고등학교","04","공립","N","","2","0","2","0","0","0","0","0","0","8","28","36","3","17","20","2","1","3","0","0","0","0","0","0","0","0","0","0","1","1","0","0","0","0","1","1","0","1","1","0","0","0","15","49","64"
"경기도교육청","경기도용인교육지원청","경기도 용인시 기흥구","S090005664","청덕고등학교","04","공립","N","","1","0","1","0","1","1","0","0","0","10","51","61","2","8","10","1","2","3","0","0","0","0","0","0","0","0","0","1","0","1","0","0","0","0","1","1","0","0","0","0","0","0","15","63","78"
"경기도교육청","경기도시흥교육지원청","경기도 시흥시","S090005665","시흥능곡고등학교","04","공립","N","","0","1","1","0","1","1","0","0","0","17","31","48","3","13","16","3","0","3","0","0","0","0","0","0","0","0","0","0","1","1","0","1","1","0","1","1","0","0","0","0","0","0","23","49","72"
"경기도교육청","경기도시흥교육지원청","경기도 시흥시","S090005666","시흥매화고등학교","04","공립","N","","1","0","1","2","0","2","0","0","0","10","28","38","3","8","11","1","0","1","0","1","1","0","0","0","0","0","0","0","0","0","0","1","1","0","1","1","0","0","0","0","0","0","17","39","56"
"경기도교육청","경기도의정부교육지원청","경기도 의정부시","S090005667","발곡고등학교","04","공립","N","","1","0","1","1","0","1","0","0","0","13","43","56","3","4","7","1","1","2","0","1","1","0","0","0","0","0","0","1","0","1","0","1","1","0","2","2","0","2","2","0","0","0","20","54","74"
"경기도교육청","경기도시흥교육지원청","경기도 시흥시","S090005668","신천고등학교","04","공립","N","","0","1","1","1","0","1","0","0","0","13","40","53","1","8","9","1","3","4","0","1","1","0","0","0","0","0","0","1","0","1","0","1","1","0","1","1","0","1","1","0","0","0","17","56","73"
"경기도교육청","경기도안산교육지원청","경기도 안산시 단원구","S090005669","선부고등학교","04","공립","N","","1","0","1","1","0","1","0","0","0","9","27","36","11","21","32","1","0","1","1","2","3","0","0","0","0","0","0","0","0","0","0","1","1","1","0","1","0","0","0","0","0","0","25","51","76"
"경기도교육청","경기도구리남양주교육지원청","경기도 남양주시","S090005670","오남고등학교","04","공립","N","","1","0","1","1","0","1","0","0","0","27","34","61","4","14","18","0","2","2","1","1","2","0","0","0","0","0","0","0","0","0","0","1","1","0","1","1","0","0","0","0","0","0","34","53","87"
"경기도교육청","경기도군포의왕교육지원청","경기도 의왕시","S090005671","의왕고등학교","04","공립","N","","1","0","1","0","1","1","0","0","0","10","35","45","2","6","8","0","2","2","0","1","1","0","0","0","0","0","0","0","2","2","0","0","0","0","1","1","0","0","0","0","0","0","13","48","61"
"경기도교육청","경기도평택교육지원청","경기도 평택시","S090005672","이충고등학교","04","공립","N","","1","0","1","0","2","2","0","0","0","14","18","32","11","21","32","2","1","3","1","0","1","0","0","0","0","0","0","0","0","0","0","1","1","0","1","1","0","1","1","0","0","0","29","45","74"
"경기도교육청","경기도김포교육지원청","경기도 김포시","S090005673","장기고등학교","04","공립","N","","1","1","2","0","0","0","0","0","0","16","41","57","4","9","13","1","2","3","0","1","1","0","0","0","0","0","0","0","0","0","0","0","0","0","1","1","0","0","0","0","0","0","22","55","77"
"경기도교육청","경기도안산교육지원청","경기도 안산시 단원구","S090005674","신길고등학교","04","공립","N","","1","0","1","1","0","1","0","0","0","13","29","42","6","23","29","0","2","2","0","0","0","0","0","0","0","0","0","0","0","0","0","0","0","0","1","1","0","0","0","0","0","0","21","55","76"
"경기도교육청","경기도광주하남교육지원청","경기도 광주시","S090005675","광남고등학교","04","공립","N","","0","1","1","0","1","1","0","0","0","13","38","51","5","11","16","1","2","3","0","0","0","0","0","0","0","0","0","0","2","2","0","0","0","0","1","1","0","1","1","0","0","0","19","57","76"
"경기도교육청","경기도안산교육지원청","경기도 안산시 상록구","S090005676","광덕고등학교","04","공립","N","","0","1","1","1","0","1","0","0","0","12","29","41","7","13","20","1","0","1","0","0","0","0","0","0","0","0","0","0","1","1","0","1","1","0","2","2","0","1","1","0","0","0","21","48","69"
"경기도교육청","경기도용인교육지원청","경기도 용인시 기흥구","S090005677","흥덕고등학교","04","공립","N","","1","0","1","1","0","1","0","0","0","15","34","49","2","6","8","0","1","1","0","0","0","0","0","0","0","0","0","0","1","1","0","1","1","0","1","1","0","1","1","0","0","0","19","45","64"
"경기도교육청","경기도동두천양주교육지원청","경기도 양주시","S090005796","덕현고등학교","04","공립","N","","1","0","1","0","1","1","0","0","0","21","32","53","4","11","15","1","1","2","1","1","2","0","0","0","0","0","0","0","1","1","0","0","0","0","2","2","0","1","1","0","0","0","28","50","78"
"경기도교육청","경기도고양교육지원청","경기도 고양시 덕양구","S090005797","서정고등학교","04","공립","N","","1","0","1","0","1","1","0","0","0","7","50","57","0","7","7","0","3","3","0","2","2","0","0","0","0","0","0","0","1","1","0","0","0","0","1","1","0","1","1","0","0","0","8","66","74"
"경기도교육청","경기도광명교육지원청","경기도 광명시","S090005798","운산고등학교","04","공립","N","","1","0","1","1","0","1","0","0","0","12","52","64","4","2","6","0","2","2","1","1","2","0","0","0","0","0","0","0","1","1","0","0","0","0","1","1","0","0","0","0","0","0","19","59","78"
"경기도교육청","경기도파주교육지원청","경기도 파주시","S090005799","운정고등학교","04","공립","N","","1","0","1","0","1","1","0","0","0","27","39","66","1","13","14","0","0","0","0","0","0","0","0","0","0","0","0","0","1","1","0","0","0","0","2","2","0","1","1","0","0","0","29","57","86"
"경기도교육청","경기도구리남양주교육지원청","경기도 남양주시","S090005800","마석고등학교","04","공립","N","","0","1","1","1","2","3","0","0","0","19","42","61","1","4","5","2","1","3","2","0","2","0","0","0","0","0","0","0","0","0","0","1","1","0","1","1","0","1","1","0","0","0","25","53","78"
"경기도교육청","경기도안산교육지원청","경기도 안산시 상록구","S090005801","상록고등학교","04","공립","N","","1","0","1","1","0","1","0","0","0","21","37","58","4","9","13","1","2","3","0","1","1","0","0","0","0","0","0","0","0","0","0","1","1","0","1","1","0","1","1","0","0","0","28","52","80"
"경기도교육청","경기도구리남양주교육지원청","경기도 남양주시","S090005803","진접고등학교","04","공립","N","","0","1","1","0","1","1","0","1","1","22","40","62","6","12","18","1","3","4","0","0","0","0","0","0","0","0","0","0","0","0","0","0","0","0","1","1","0","2","2","0","0","0","29","61","90"
"경기도교육청","경기도평택교육지원청","경기도 평택시","S090005804","청북고등학교","04","공립","N","","1","1","2","0","0","0","0","0","0","18","16","34","7","18","25","1","0","1","0","0","0","0","0","0","0","0","0","0","1","1","0","0","0","0","1","1","0","1","1","0","0","0","27","38","65"
"경기도교육청","경기도화성오산교육지원청","경기도 오산시","S090005806","세마고등학교","04","공립","N","","1","0","1","1","0","1","0","0","0","23","33","56","2","7","9","1","1","2","0","0","0","0","0","0","0","0","0","0","0","0","0","0","0","0","1","1","0","2","2","0","0","0","28","44","72"
"경기도교육청","경기도화성오산교육지원청","경기도 화성시 동탄구","S090005808","능동고등학교","04","공립","N","","1","0","1","1","0","1","0","0","0","14","28","42","3","15","18","0","2","2","1","0","1","0","0","0","0","0","0","0","1","1","0","0","0","0","1","1","0","2","2","0","0","0","20","49","69"
"경기도교육청","경기도김포교육지원청","경기도 김포시","S090005811","마송고등학교","04","공립","N","","1","1","2","0","0","0","0","0","0","10","28","38","2","8","10","1","2","3","0","0","0","0","0","0","0","0","0","0","0","0","0","1","1","0","1","1","0","1","1","0","0","0","14","42","56"
"경기도교육청","경기도군포의왕교육지원청","경기도 의왕시","S090005815","모락고등학교","04","공립","N","","1","0","1","1","0","1","0","0","0","8","39","47","1","2","3","1","1","2","0","1","1","0","0","0","0","0","0","0","1","1","0","1","1","0","1","1","0","0","0","1","0","1","13","46","59"
"경기도교육청","경기도광주하남교육지원청","경기도 광주시","S090005820","경화여자English Business고등학교","04","사립","N","","1","0","1","0","1","1","0","0","0","8","14","22","5","6","11","0","0","0","0","0","0","0","0","0","0","0","0","0","1","1","0","1","1","0","1","1","0","0","0","0","0","0","14","24","38"
"경기도교육청","경기도안성교육지원청","경기도 안성시","S090005831","경기창조고등학교","04","공립","N","","1","0","1","0","1","1","0","0","0","18","23","41","10","14","24","1","4","5","1","0","1","0","0","0","0","0","0","1","0","1","0","0","0","0","1","1","0","1","1","0","0","0","32","44","76"
"경기도교육청","경기도성남교육지원청","경기도 성남시 분당구","S090005836","보평고등학교","04","공립","N","","1","0","1","0","1","1","0","0","0","7","42","49","2","2","4","0","2","2","0","0","0","0","0","0","0","0","0","0","1","1","0","1","1","0","1","1","0","1","1","0","0","0","10","51","61"
"경기도교육청","경기도성남교육지원청","경기도 성남시 분당구","S090005844","운중고등학교","04","공립","N","","0","1","1","1","0","1","0","0","0","10","37","47","1","4","5","0","2","2","0","0","0","0","0","0","0","0","0","0","0","0","0","0","0","0","1","1","0","1","1","0","0","0","12","46","58"
"경기도교육청","경기도구리남양주교육지원청","경기도 남양주시","S090005898","가운고등학교","04","공립","N","","1","0","1","1","1","2","0","0","0","15","38","53","2","13","15","0","0","0","1","1","2","0","0","0","0","0","0","0","1","1","0","1","1","0","2","2","0","1","1","0","0","0","20","58","78"
"경기도교육청","경기도파주교육지원청","경기도 파주시","S090005899","동패고등학교","04","공립","N","","1","0","1","1","0","1","0","0","0","20","54","74","1","1","2","2","2","4","0","0","0","0","0","0","0","0","0","0","0","0","0","0","0","0","1","1","0","1","1","0","0","0","25","59","84"
"경기도교육청","경기도부천교육지원청","경기도 부천시 원미구","S090005900","역곡고등학교","04","공립","N","","0","1","1","1","0","1","0","0","0","3","26","29","3","5","8","1","2","3","0","0","0","0","0","0","0","0","0","0","1","1","0","1","1","0","1","1","0","1","1","0","0","0","8","38","46"
"경기도교육청","경기도성남교육지원청","경기도 성남시 분당구","S090005901","판교고등학교","04","공립","N","","0","1","1","1","0","1","0","0","0","9","36","45","2","3","5","1","0","1","0","0","0","0","0","0","0","0","0","0","1","1","0","1","1","0","1","1","0","0","0","0","0","0","13","43","56"
"경기도교육청","경기도화성오산교육지원청","경기도 오산시","S090005902","세교고등학교","04","공립","N","","1","0","1","1","0","1","1","0","1","15","31","46","5","14","19","1","2","3","1","0","1","0","0","0","0","0","0","0","1","1","0","0","0","0","1","1","0","1","1","0","0","0","25","50","75"
"경기도교육청","경기도용인교육지원청","경기도 용인시 기흥구","S090005903","서천고등학교","04","공립","N","","2","0","2","2","0","2","0","0","0","9","40","49","1","4","5","0","2","2","0","0","0","0","0","0","0","0","0","0","1","1","0","0","0","0","1","1","0","1","1","0","0","0","14","49","63"
"경기도교육청","경기도용인교육지원청","경기도 용인시 수지구","S090005904","성복고등학교","04","공립","N","","1","0","1","0","1","1","0","0","0","17","54","71","0","6","6","1","2","3","0","0","0","0","0","0","0","0","0","0","0","0","0","0","0","0","2","2","0","2","2","0","0","0","19","67","86"
"경기도교육청","경기도고양교육지원청","경기도 고양시 일산서구","S090005905","대화고등학교","04","공립","N","","0","1","1","1","1","2","0","0","0","18","40","58","2","10","12","2","0","2","0","0","0","0","0","0","0","0","0","0","1","1","0","1","1","0","1","1","0","1","1","0","0","0","23","56","79"
"경기도교육청","경기도이천교육지원청","경기도 이천시","S090005906","이현고등학교","04","공립","N","","1","0","1","1","0","1","0","0","0","18","18","36","7","18","25","1","2","3","1","1","2","0","0","0","0","0","0","0","0","0","0","1","1","0","1","1","0","0","0","0","2","2","29","43","72"
"경기도교육청","경기도광주하남교육지원청","경기도 광주시","S090005908","초월고등학교","04","공립","N","","0","1","1","0","1","1","0","0","0","19","38","57","9","14","23","0","3","3","1","2","3","0","0","0","0","0","0","0","1","1","1","0","1","0","2","2","0","2","2","0","0","0","30","64","94"
"경기도교육청","경기도화성오산교육지원청","경기도 화성시 만세구","S090005909","향일고등학교","04","공립","N","","1","0","1","1","0","1","0","0","0","19","16","35","4","11","15","0","3","3","0","0","0","0","0","0","0","0","0","0","1","1","1","0","1","0","1","1","0","0","0","0","0","0","26","32","58"
"경기도교육청","경기도구리남양주교육지원청","경기도 남양주시","S090005910","판곡고등학교","04","공립","N","","0","1","1","1","0","1","0","0","0","17","48","65","5","9","14","1","1","2","0","0","0","0","0","0","0","0","0","0","0","0","0","1","1","0","1","1","0","0","0","0","0","0","24","61","85"
"경기도교육청","경기도수원교육지원청","경기도 수원시 영통구","S090005984","광교고등학교","04","공립","N","","1","0","1","1","0","1","0","0","0","7","51","58","1","5","6","1","1","2","0","1","1","0","0","0","0","0","0","0","1","1","0","0","0","0","2","2","0","0","0","0","0","0","11","61","72"
"경기도교육청","경기도수원교육지원청","경기도 수원시 팔달구","S090006514","율천고등학교","04","공립","N","","1","0","1","0","1","1","0","0","0","8","24","32","1","3","4","1","1","2","0","1","1","0","0","0","0","0","0","0","2","2","0","1","1","0","2","2","0","0","0","0","0","0","11","35","46"
"경기도교육청","경기도고양교육지원청","경기도 고양시 일산서구","S090006518","덕이고등학교","04","공립","N","","1","0","1","1","1","2","0","0","0","20","38","58","2","12","14","0","0","0","0","0","0","0","0","0","0","0","0","0","1","1","0","1","1","0","1","1","1","1","2","0","0","0","25","55","80"
"경기도교육청","경기도의정부교육지원청","경기도 의정부시","S090006519","송양고등학교","04","공립","N","","0","1","1","0","1","1","0","1","1","16","52","68","2","7","9","2","0","2","0","0","0","0","0","0","0","0","0","0","1","1","0","1","1","0","1","1","0","1","1","0","0","0","20","66","86"
"경기도교육청","경기도구리남양주교육지원청","경기도 남양주시","S090006520","별내고등학교","04","공립","N","","0","1","1","0","1","1","0","0","0","17","41","58","3","10","13","0","1","1","1","1","2","0","0","0","0","0","0","0","1","1","0","1","1","0","1","1","0","1","1","0","2","2","21","61","82"
"경기도교육청","경기도군포의왕교육지원청","경기도 군포시","S090006521","군포중앙고등학교","04","공립","N","","0","1","1","1","0","1","0","0","0","12","35","47","2","4","6","0","2","2","0","0","0","0","0","0","0","0","0","0","1","1","0","1","1","0","1","1","0","0","0","0","0","0","15","45","60"
"경기도교육청","경기도용인교육지원청","경기도 용인시 수지구","S090006522","상현고등학교","04","공립","N","","1","0","1","1","0","1","0","0","0","13","45","58","1","4","5","1","1","2","0","0","0","0","0","0","0","0","0","0","1","1","0","1","1","0","1","1","0","1","1","0","0","0","17","54","71"
"경기도교육청","경기도김포교육지원청","경기도 김포시","S090006523","솔터고등학교","04","공립","N","","0","1","1","1","0","1","0","0","0","12","39","51","2","14","16","0","2","2","0","0","0","0","0","0","0","0","0","0","1","1","0","1","1","0","1","1","0","2","2","0","0","0","15","61","76"
"경기도교육청","경기도용인교육지원청","경기도 용인시 수지구","S090006525","신봉고등학교","04","공립","N","","1","0","1","0","1","1","0","0","0","14","53","67","4","7","11","0","1","1","1","0","1","0","0","0","0","0","0","0","1","1","0","1","1","0","1","1","0","1","1","0","0","0","20","66","86"
"경기도교육청","경기도평택교육지원청","경기도 평택시","S090006539","비전고등학교","04","공립","N","","1","0","1","1","0","1","1","0","1","21","26","47","4","11","15","0","3","3","0","0","0","0","0","0","0","0","0","0","0","0","1","0","1","0","1","1","0","1","1","0","0","0","29","42","71"
"경기도교육청","경기도안산교육지원청","경기도 안산시 상록구","S090006540","부곡고등학교","04","공립","N","","1","0","1","1","0","1","0","0","0","21","22","43","6","21","27","1","1","2","1","1","2","0","0","0","0","0","0","0","0","0","0","0","0","0","1","1","0","1","1","0","0","0","31","47","78"
"경기도교육청","경기도광주하남교육지원청","경기도 하남시","S090006541","풍산고등학교","04","공립","N","","1","0","1","0","2","2","0","0","0","11","35","46","1","4","5","1","1","2","0","1","1","0","0","0","0","0","0","0","2","2","0","1","1","0","1","1","0","0","0","0","0","0","14","47","61"
"경기도교육청","경기도수원교육지원청","경기도 수원시 권선구","S090006542","호매실고등학교","04","공립","N","","1","0","1","1","0","1","0","0","0","10","29","39","4","8","12","0","0","0","2","1","3","0","0","0","0","0","0","0","1","1","0","0","0","0","1","1","0","0","0","0","0","0","18","40","58"
"경기도교육청","경기도고양교육지원청","경기도 고양시 일산동구","S090006561","고양국제고등학교","04","공립","N","","0","1","1","0","1","1","0","0","0","24","28","52","7","5","12","0","0","0","0","0","0","0","0","0","0","0","0","0","1","1","0","1","1","0","1","1","0","2","2","0","0","0","31","40","71"
"경기도교육청","경기도고양교육지원청","경기도 고양시 일산동구","S090006562","저현고등학교","04","공립","N","","1","0","1","1","0","1","0","0","0","14","53","67","0","5","5","0","1","1","0","0","0","0","0","0","0","0","0","0","1","1","0","0","0","0","1","1","0","0","0","0","0","0","16","61","77"
"경기도교육청","경기도화성오산교육지원청","","S090006577","동탄국제고등학교","04","공립","N","","2","0","2","0","0","0","0","0","0","16","41","57","3","8","11","0","0","0","0","0","0","0","0","0","0","0","0","1","0","1","0","0","0","0","1","1","0","1","1","0","0","0","22","51","73"
"경기도교육청","경기도고양교육지원청","경기도 고양시 덕양구","S090006624","고양동산고등학교","04","공립","N","","0","1","1","1","0","1","0","0","0","8","32","40","2","11","13","0","2","2","0","0","0","0","0","0","0","0","0","0","1","1","0","1","1","0","1","1","0","2","2","0","0","0","11","51","62"
"경기도교육청","경기도광명교육지원청","경기도 광명시","S090006645","광휘고등학교","04","공립","N","","0","1","1","0","1","1","0","0","0","16","47","63","0","3","3","0","2","2","0","0","0","0","0","0","0","0","0","0","1","1","0","0","0","0","1","1","0","1","1","0","0","0","16","57","73"
"경기도교육청","경기도화성오산교육지원청","경기도 화성시 병점구","S090006700","화성반월고등학교","04","공립","N","","1","0","1","1","0","1","0","0","0","18","34","52","3","8","11","0","1","1","0","0","0","0","0","0","0","0","0","0","1","1","0","0","0","0","1","1","0","1","1","0","0","0","23","46","69"
"경기도교육청","경기도화성오산교육지원청","경기도 오산시","S090006701","매홀고등학교","04","공립","N","","0","1","1","1","0","1","0","0","0","20","25","45","6","14","20","1","0","1","0","1","1","0","0","0","0","0","0","0","0","0","0","0","0","0","1","1","0","2","2","0","0","0","28","44","72"
"경기도교육청","경기도수원교육지원청","경기도 수원시 권선구","S090006702","수원칠보고등학교","04","공립","N","","1","0","1","0","2","2","0","0","0","16","40","56","4","4","8","0","2","2","0","1","1","0","0","0","0","0","0","0","0","0","0","1","1","0","1","1","0","1","1","0","0","0","21","52","73"
"경기도교육청","경기도수원교육지원청","경기도 수원시 권선구","S090006703","곡정고등학교","04","공립","N","","1","0","1","1","0","1","0","0","0","20","35","55","3","8","11","0","2","2","0","0","0","0","0","0","0","0","0","0","2","2","0","1","1","0","1","1","0","1","1","0","0","0","25","50","75"
"경기도교육청","경기도김포교육지원청","경기도 김포시","S090006717","운양고등학교","04","공립","N","","1","0","1","0","1","1","0","0","0","9","46","55","6","9","15","0","1","1","0","0","0","0","0","0","0","0","0","0","1","1","0","1","1","0","1","1","0","0","0","0","0","0","16","60","76"
"경기도교육청","경기도파주교육지원청","경기도 파주시","S090006763","한민고등학교","04","사립","N","","1","0","1","1","0","1","0","0","0","13","15","28","28","28","56","0","0","0","0","0","0","0","0","0","0","0","0","0","0","0","0","1","1","0","3","3","0","1","1","0","0","0","43","48","91"
"경기도교육청","경기도고양교육지원청","경기도 고양시 덕양구","S090006764","도래울고등학교","04","공립","N","","0","1","1","1","0","1","0","0","0","15","34","49","2","6","8","0","2","2","0","0","0","0","0","0","0","0","0","0","1","1","0","1","1","0","1","1","0","1","1","0","0","0","18","47","65"
"경기도교육청","경기도동두천양주교육지원청","경기도 양주시","S090006765","옥정고등학교","04","공립","N","","2","0","2","0","0","0","0","0","0","17","36","53","3","8","11","0","1","1","1","0","1","0","0","0","0","0","0","0","1","1","1","0","1","0","2","2","0","1","1","0","0","0","24","49","73"
"경기도교육청","경기도광주하남교육지원청","경기도 하남시","S090006810","미사고등학교","04","공립","N","","0","1","1","1","0","1","0","0","0","14","49","63","2","4","6","0","2","2","0","0","0","0","0","0","0","0","0","0","1","1","0","0","0","0","1","1","0","1","1","0","0","0","17","59","76"
"경기도교육청","경기도화성오산교육지원청","","S090006811","한백고등학교","04","공립","N","","1","0","1","0","1","1","0","0","0","14","38","52","6","10","16","0","1","1","0","0","0","0","0","0","0","0","0","0","1","1","1","0","1","0","1","1","0","2","2","0","0","0","22","54","76"
"경기도교육청","경기도화성오산교육지원청","경기도 화성시 동탄구","S090006812","동탄중앙고등학교","04","공립","N","","1","0","1","1","0","1","0","0","0","16","35","51","2","16","18","0","3","3","0","0","0","0","0","0","0","0","0","0","1","1","0","0","0","0","2","2","0","1","1","0","0","0","20","58","78"
"경기도교육청","경기도수원교육지원청","경기도 수원시 영통구","S090006813","이의고등학교","04","공립","N","","1","0","1","1","1","2","0","0","0","21","53","74","2","4","6","0","1","1","0","0","0","0","0","0","0","0","0","0","1","1","0","0","0","0","1","1","0","1","1","0","0","0","25","62","87"
"경기도교육청","경기도김포교육지원청","경기도 김포시","S090006814","김포제일고등학교","04","공립","N","","1","1","2","1","0","1","0","0","0","17","49","66","4","10","14","0","0","0","0","0","0","0","0","0","0","0","0","0","1","1","0","1","1","0","2","2","0","1","1","0","0","0","23","65","88"
"경기도교육청","경기도파주교육지원청","경기도 파주시","S090006903","지산고등학교","04","공립","N","","1","0","1","1","0","1","0","0","0","21","49","70","1","5","6","1","0","1","0","2","2","0","0","0","0","0","0","0","1","1","0","0","0","0","1","1","0","1","1","0","0","0","25","59","84"
"경기도교육청","경기도구리남양주교육지원청","경기도 남양주시","S090006905","별가람고등학교","04","공립","N","","0","1","1","1","0","1","0","0","0","13","44","57","0","11","11","3","2","5","0","1","1","0","0","0","0","0","0","0","1","1","0","1","1","0","1","1","0","1","1","0","0","0","17","63","80"
"경기도교육청","경기도구리남양주교육지원청","경기도 구리시","S090006906","갈매고등학교","04","공립","N","","1","0","1","0","1","1","0","0","0","8","33","41","5","13","18","0","2","2","0","0","0","0","0","0","0","0","0","0","1","1","0","0","0","0","1","1","0","1","1","0","0","0","14","52","66"
"경기도교육청","경기도파주교육지원청","경기도 파주시","S090006908","한빛고등학교","04","공립","N","","1","0","1","0","1","1","0","0","0","17","58","75","2","5","7","1","2","3","0","0","0","0","0","0","0","0","0","0","1","1","0","1","1","0","1","1","0","1","1","0","0","0","21","70","91"
"경기도교육청","경기도광주하남교육지원청","경기도 하남시","S090006919","미사강변고등학교","04","공립","N","","1","0","1","1","0","1","0","0","0","10","44","54","2","11","13","0","2","2","0","0","0","0","0","0","0","0","0","0","2","2","0","1","1","0","1","1","0","1","1","0","1","1","14","63","77"
"경기도교육청","경기도광주하남교육지원청","경기도 광주시","S090006920","태전고등학교","04","공립","N","","0","1","1","1","0","1","0","0","0","16","34","50","3","13","16","0","1","1","0","0","0","0","0","0","0","0","0","0","1","1","0","0","0","0","1","1","0","1","1","0","0","0","20","52","72"
"경기도교육청","경기도용인교육지원청","경기도 용인시 처인구","S090006921","용인삼계고등학교","04","공립","N","","1","0","1","0","1","1","0","0","0","15","30","45","3","8","11","0","0","0","0","1","1","0","0","0","0","0","0","0","0","0","0","1","1","0","1","1","0","1","1","0","0","0","19","43","62"
"경기도교육청","경기도용인교육지원청","경기도 용인시 처인구","S090006924","고림고등학교","04","공립","N","","1","0","1","1","0","1","0","0","0","14","47","61","2","16","18","1","2","3","0","0","0","0","0","0","0","0","0","0","2","2","0","0","0","0","1","1","0","1","1","0","0","0","19","69","88"
"경기도교육청","경기도시흥교육지원청","경기도 시흥시","S090006925","배곧고등학교","04","공립","N","","1","1","2","1","0","1","0","0","0","21","34","55","2","8","10","0","2","2","0","0","0","0","0","0","0","0","0","0","1","1","0","2","2","0","1","1","0","1","1","0","0","0","25","50","75"
"경기도교육청","경기도광주하남교육지원청","경기도 하남시","S090007014","위례고등학교","04","공립","N","","1","0","1","1","0","1","0","1","1","5","42","47","0","13","13","1","0","1","0","0","0","0","0","0","0","0","0","1","0","1","0","2","2","0","1","1","0","1","1","0","0","0","9","60","69"
"경기도교육청","경기도화성오산교육지원청","경기도 화성시 만세구","S090007015","하길고등학교","04","공립","N","","1","0","1","1","0","1","0","0","0","12","20","32","10","23","33","0","0","0","0","0","0","0","0","0","0","0","0","0","1","1","0","1","1","0","1","1","0","1","1","0","0","0","24","47","71"
"경기도교육청","경기도성남교육지원청","경기도 성남시 수정구","S090007016","위례한빛고등학교","04","공립","N","","0","1","1","0","1","1","0","0","0","16","59","75","3","7","10","1","2","3","0","0","0","0","0","0","0","0","0","0","1","1","0","1","1","0","1","1","0","1","1","0","0","0","20","74","94"
"경기도교육청","경기도화성오산교육지원청","경기도 화성시 동탄구","S090007130","이산고등학교","04","공립","N","","1","0","1","1","1","2","0","0","0","23","37","60","5","15","20","0","1","1","0","0","0","0","0","0","0","0","0","0","0","0","0","1","1","0","3","3","0","1","1","0","0","0","30","59","89"
"경기도교육청","경기도화성오산교육지원청","경기도 화성시 동탄구","S090007131","창의고등학교","04","공립","N","","1","0","1","0","1","1","0","0","0","21","34","55","7","19","26","0","0","0","0","0","0","0","0","0","0","0","0","0","1","1","0","1","1","0","1","1","0","1","1","0","0","0","29","58","87"
"경기도교육청","경기도화성오산교육지원청","","S090007243","정현고등학교","04","공립","N","","1","0","1","1","0","1","0","0","0","23","45","68","2","8","10","1","1","2","0","0","0","0","0","0","0","0","0","0","1","1","0","1","1","0","1","1","0","1","1","0","0","0","28","58","86"
"경기도교육청","경기도화성오산교육지원청","경기도 화성시 효행구","S090007278","와우고등학교","04","공립","N","","1","0","1","1","0","1","1","0","1","20","20","40","4","10","14","0","2","2","1","0","1","0","0","0","0","0","0","0","0","0","0","0","0","0","1","1","0","1","1","0","0","0","28","34","62"
"경기도교육청","경기도김포교육지원청","경기도 김포시","S090007314","고촌고등학교","04","공립","N","","0","1","1","1","0","1","0","0","0","20","46","66","0","3","3","0","1","1","0","1","1","0","0","0","0","0","0","0","1","1","0","1","1","0","1","1","0","2","2","0","0","0","21","57","78"
"경기도교육청","경기도화성오산교육지원청","경기도 화성시 만세구","S090007315","새솔고등학교","04","공립","N","","1","0","1","0","1","1","0","0","0","12","18","30","3","16","19","0","2","2","0","1","1","0","0","0","0","0","0","0","1","1","1","0","1","0","1","1","0","2","2","0","0","0","17","42","59"
"경기도교육청","경기도화성오산교육지원청","경기도 화성시 동탄구","S090007316","서연고등학교","04","공립","N","","1","0","1","1","0","1","0","0","0","16","38","54","7","20","27","0","0","0","0","0","0","0","0","0","0","0","0","0","1","1","0","1","1","0","1","1","0","1","1","0","0","0","25","62","87"
"경기도교육청","경기도구리남양주교육지원청","경기도 남양주시","S090007317","남양주다산고등학교","04","공립","N","","1","0","1","2","1","3","1","0","1","23","32","55","7","8","15","1","2","3","0","0","0","0","0","0","0","0","0","1","0","1","0","1","1","0","1","1","0","2","2","0","0","0","36","47","83"
"경기도교육청","경기도시흥교육지원청","경기도 시흥시","S090007318","목감고등학교","04","공립","N","","1","0","1","2","0","2","0","0","0","15","35","50","5","8","13","0","2","2","0","0","0","0","0","0","0","0","0","0","1","1","0","1","1","0","1","1","0","2","2","0","0","0","23","50","73"
"경기도교육청","경기도광주하남교육지원청","경기도 하남시","S090007408","감일고등학교","04","공립","N","","1","0","1","1","0","1","0","0","0","7","45","52","2","4","6","0","1","1","0","0","0","0","0","0","0","0","0","0","1","1","0","1","1","0","1","1","0","1","1","0","0","0","11","54","65"
"경기도교육청","경기도동두천양주교육지원청","경기도 양주시","S090007409","옥빛고등학교","04","공립","N","","1","0","1","1","0","1","0","0","0","25","32","57","3","9","12","1","1","2","0","0","0","0","0","0","0","0","0","1","0","1","0","1","1","0","1","1","0","1","1","0","0","0","32","45","77"
"경기도교육청","경기도용인교육지원청","경기도 용인시 처인구","S090007439","처인고등학교","04","공립","N","","0","1","1","1","0","1","0","0","0","13","26","39","3","10","13","1","0","1","0","0","0","0","0","0","0","0","0","1","0","1","0","1","1","0","1","1","0","1","1","0","0","0","19","40","59"
"경기도교육청","경기도고양교육지원청","경기도 고양시 덕양구","S090007444","신원고등학교","04","공립","N","","0","1","1","1","0","1","0","0","0","17","22","39","9","15","24","0","0","0","0","2","2","0","0","0","0","0","0","0","1","1","0","1","1","0","1","1","0","1","1","0","0","0","27","44","71"
"경기도교육청","경기도고양교육지원청","경기도 고양시 덕양구","S090007445","향동고등학교","04","공립","N","","1","0","1","0","1","1","0","0","0","11","32","43","5","3","8","0","2","2","0","0","0","0","0","0","0","0","0","0","0","0","0","1","1","0","1","1","0","1","1","0","0","0","17","41","58"
"경기도교육청","경기도화성오산교육지원청","경기도 화성시 동탄구","S090007568","이솔고등학교","04","공립","N","","1","0","1","1","1","2","0","0","0","20","42","62","7","15","22","0","0","0","0","0","0","0","0","0","0","0","0","0","1","1","0","1","1","0","2","2","0","1","1","0","0","0","29","63","92"
"경기도교육청","경기도파주교육지원청","경기도 파주시","S090007625","심학고등학교","04","공립","N","","1","0","1","1","1","2","0","1","1","7","12","19","0","3","3","0","0","0","0","0","0","0","0","0","0","0","0","0","0","0","0","1","1","0","1","1","0","1","1","0","0","0","9","20","29"
"경기도교육청","경기도화성오산교육지원청","","S090007863","치동고등학교","04","공립","N","","0","1","1","0","1","1","0","1","1","7","15","22","4","6","10","0","0","0","0","0","0","0","0","0","0","0","0","0","0","0","0","1","1","0","2","2","0","1","1","0","0","0","11","28","39"
"경기도교육청","경기도김포교육지원청","경기도 김포시","S090007869","운유고등학교","04","공립","N","","0","1","1","0","1","1","1","0","1","6","12","18","2","7","9","0","1","1","0","0","0","0","0","0","0","0","0","0","0","0","0","1","1","0","1","1","0","1","1","0","0","0","9","25","34"