"시도교육청","교육지원청","지역","정보공시 학교코드","학교명","학교급코드","설립구분","제외여부","제외사유","교장(남)","교장(여)","교장(계)","교감(남)","교감(여)","교감(계)","수석교사(남)","수석교사(여)","수석교사(계)","정교사(1정)(남)","정교사(1정)(여)","정교사(1정)(계)","정교사(2정)(남)","정교사(2정)(여)","정교사(2정)(계)","특수1정(남)","특수1정(여)","특수1정(계)","특수2정(남)","특수2정(여)","특수2정(계)","준교사(남)","준교사(여)","준교사(계)","실기교사(남)","실기교사(여)","실기교사(계)","전문상담교사(남)","전문상담교사(여)","전문상담교사(계)","사서교사(남)","사서교사(여)","사서교사(계)","보건교사(남)","보건교사(여)","보건교사(계)","영양교사(남)","영양교사(여)","영양교사(계)","해당없음(남)","해당없음(여)","해당없음(계)","계(남)","계(여)","계"
"경기도교육청","경기도가평교육지원청","경기도 가평군","S090000445","가평고등학교","04","공립","N","","1","0","1","1","0","1","1","0","1","5","12","17","12","21","33","0","2","2","0","2","2","0","0","0","0","0","0","0","2","2","0","1","1","0","1","1","0","0","0","0","0","0","20","41","61"
"경기도교육청","경기도수원교육지원청","경기도 수원시 장안구","S090000447","경기과학고등학교","04","공립","N","","0","0","0","1","0","1","0","0","0","41","33","74","0","1","1","0","0","0","0","0","0","0","0","0","0","0","0","0","1","1","0","1","1","0","1","1","0","2","2","0","3","3","42","42","84"
"경기도교육청","경기도수원교육지원청","경기도 수원시 권선구","S090000448","경기대명고등학교","04","공립","N","","1","0","1","1","0","1","0","0","0","10","10","20","0","4","4","0","0","0","0","0","0","0","0","0","0","1","1","0","1","1","0","0","0","0","1","1","0","1","1","2","0","2","14","18","32"
"경기도교육청","경기도수원교육지원청","경기도 수원시 장안구","S090000449","경기체육고등학교","04","공립","N","","1","0","1","1","0","1","0","0","0","14","16","30","2","2","4","0","0","0","0","0","0","0","0","0","0","0","0","0","1","1","0","1","1","0","1","1","0","2","2","0","0","0","18","23","41"
"경기도교육청","경기도이천교육지원청","경기도 이천시","S090000450","이천세무고등학교","04","공립","N","","1","0","1","1","0","1","0","0","0","4","5","9","2","4","6","0","0","0","0","0","0","0","0","0","0","0","0","0","1","1","1","0","1","0","1","1","0","0","0","0","0","0","9","11","20"
"경기도교육청","경기도의정부교육지원청","경기도 의정부시","S090000451","경민고등학교","04","사립","N","","1","0","1","1","0","1","0","0","0","29","18","47","5","7","12","0","0","0","0","0","0","0","0","0","0","0","0","0","1","1","0","0","0","0","1","1","0","1","1","0","0","0","36","28","64"
"경기도교육청","경기도의정부교육지원청","경기도 의정부시","S090000453","경민비즈니스고등학교","04","사립","N","","0","1","1","1","0","1","0","0","0","18","29","47","6","7","13","0","0","0","0","0","0","0","0","0","0","0","0","0","1","1","0","0","0","0","2","2","0","1","1","0","0","0","25","41","66"
"경기도교육청","경기도의정부교육지원청","경기도 의정부시","S090000455","경민IT고등학교","04","사립","N","","1","0","1","1","0","1","0","0","0","19","14","33","6","10","16","0","0","0","0","0","0","0","0","0","0","0","0","1","0","1","0","0","0","0","4","4","0","0","0","0","0","0","28","28","56"
"경기도교육청","경기도안산교육지원청","경기도 안산시 단원구","S090000457","경안고등학교","04","사립","N","","1","0","1","0","0","0","0","0","0","46","22","68","2","4","6","0","0","0","0","0","0","0","0","0","0","0","0","0","1","1","0","1","1","0","2","2","0","0","0","0","0","0","49","30","79"
"경기도교육청","경기도안산교육지원청","경기도 안산시 단원구","S090000458","경일고등학교","04","사립","N","","1","0","1","1","0","1","0","0","0","23","47","70","5","10","15","0","0","0","0","0","0","0","0","0","0","0","0","0","1","1","0","1","1","0","2","2","0","1","1","0","0","0","30","62","92"
"경기도교육청","경기도광주하남교육지원청","경기도 광주시","S090000460","경화여자고등학교","04","사립","N","","0","1","1","0","1","1","0","0","0","43","21","64","2","5","7","0","0","0","0","0","0","0","0","0","0","0","0","0","1","1","0","1","1","0","1","1","0","1","1","0","0","0","45","32","77"
"경기도교육청","경기도부천교육지원청","경기도 부천시 원미구","S090000463","계남고등학교","04","공립","N","","1","0","1","0","1","1","0","0","0","9","43","52","0","7","7","1","3","4","0","0","0","0","0","0","0","0","0","0","2","2","0","0","0","0","1","1","0","0","0","0","0","0","11","57","68"
"경기도교육청","경기도성남교육지원청","경기도 성남시 분당구","S090000466","계원예술고등학교","04","사립","N","","1","0","1","0","1","1","0","0","0","11","23","34","1","10","11","0","0","0","0","0","0","0","0","0","0","0","0","0","0","0","0","0","0","0","1","1","0","0","0","0","0","0","13","35","48"
"경기도교육청","경기도고양교육지원청","경기도 고양시 일산서구","S090000468","백송고등학교","04","사립","N","","1","0","1","1","0","1","0","0","0","10","14","24","2","5","7","0","0","0","0","0","0","0","0","0","0","0","0","0","1","1","0","1","1","0","1","1","0","0","0","0","0","0","14","22","36"
"경기도교육청","경기도고양교육지원청","경기도 고양시 덕양구","S090000469","고양외국어고등학교","04","사립","N","","1","0","1","0","1","1","1","0","1","27","18","45","2","9","11","0","0","0","0","0","0","0","0","0","0","0","0","0","0","0","0","0","0","0","1","1","0","1","1","1","5","6","32","35","67"
"경기도교육청","경기도고양교육지원청","경기도 고양시 덕양구","S090000470","고양고등학교","04","공립","N","","1","0","1","0","1","1","0","0","0","11","33","44","2","10","12","1","6","7","0","0","0","0","0","0","0","0","0","0","1","1","0","0","0","0","1","1","0","0","0","0","0","0","15","52","67"
"경기도교육청","경기도안산교육지원청","경기도 안산시 단원구","S090000471","고잔고등학교","04","공립","N","","1","0","1","0","1","1","0","0","0","22","39","61","2","9","11","2","2","4","0","0","0","0","0","0","0","0","0","0","1","1","0","1","1","0","1","1","0","0","0","0","0","0","27","54","81"
"경기도교육청","경기도안양과천교육지원청","경기도 과천시","S090000472","과천고등학교","04","공립","N","","0","1","1","1","0","1","0","1","1","7","44","51","3","4","7","0","3","3","0","0","0","0","0","0","0","0","0","0","0","0","0","1","1","0","1","1","0","2","2","0","0","0","11","57","68"
"경기도교육청","경기도안양과천교육지원청","경기도 과천시","S090000473","과천여자고등학교","04","사립","N","","0","0","0","2","0","2","0","0","0","24","8","32","0","3","3","0","0","0","0","0","0","0","0","0","0","0","0","0","0","0","0","1","1","0","1","1","0","0","0","0","0","0","26","13","39"
"경기도교육청","경기도안양과천교육지원청","경기도 과천시","S090000474","과천외국어고등학교","04","사립","N","","0","1","1","1","0","1","0","0","0","33","9","42","4","9","13","0","0","0","0","0","0","0","0","0","0","0","0","0","0","0","0","0","0","0","1","1","0","0","0","0","0","0","38","20","58"
"경기도교육청","경기도안양과천교육지원청","경기도 과천시","S090000475","과천중앙고등학교","04","공립","N","","0","0","0","1","1","2","0","0","0","16","37","53","0","1","1","1","1","2","0","0","0","0","0","0","0","0","0","0","0","0","0","1","1","0","1","1","0","1","1","0","0","0","18","43","61"
"경기도교육청","경기도안양과천교육지원청","경기도 안양시 동안구","S090000476","경기게임마이스터고등학교","04","공립","N","","1","0","1","1","0","1","0","0","0","7","17","24","0","6","6","0","1","1","0","0","0","0","0","0","0","0","0","1","0","1","0","1","1","0","1","1","0","0","0","0","0","0","10","26","36"
"경기도교육청","경기도안양과천교육지원청","경기도 안양시 동안구","S090000477","관양고등학교","04","공립","N","","0","1","1","0","1","1","0","0","0","9","60","69","3","2","5","1","1","2","0","0","0","0","0","0","0","0","0","0","0","0","0","0","0","0","2","2","0","1","1","0","0","0","13","68","81"
"경기도교육청","경기도포천교육지원청","경기도 포천시","S090000478","관인고등학교","04","공립","N","","1","0","1","1","0","1","0","0","0","4","1","5","2","7","9","0","0","0","1","0","1","0","0","0","0","0","0","0","0","0","0","1","1","0","1","1","0","0","0","0","0","0","9","10","19"
"경기도교육청","경기도구리남양주교육지원청","경기도 남양주시","S090000479","광동고등학교","04","사립","N","","1","0","1","2","0","2","0","0","0","31","33","64","4","7","11","0","0","0","0","0","0","0","0","0","0","0","0","1","1","2","0","0","0","0","1","1","0","0","0","0","0","0","39","42","81"
"경기도교육청","경기도의정부교육지원청","경기도 의정부시","S090000480","의정부광동고등학교","04","사립","N","","0","1","1","1","0","1","0","0","0","23","13","36","8","10","18","0","0","0","0","0","0","0","0","0","0","0","0","0","1","1","0","1","1","0","1","1","0","0","0","0","0","0","32","27","59"
"경기도교육청","경기도광명교육지원청","경기도 광명시","S090000482","광명고등학교","04","공립","N","","1","0","1","1","0","1","0","0","0","18","48","66","0","2","2","0","3","3","0","0","0","0","0","0","0","0","0","0","0","0","0","0","0","0","1","1","0","1","1","0","0","0","20","55","75"
"경기도교육청","경기도광명교육지원청","경기도 광명시","S090000483","경기항공고등학교","04","사립","N","","1","0","1","1","0","1","0","0","0","12","3","15","10","1","11","0","0","0","0","0","0","1","0","1","0","0","0","0","1","1","1","0","1","0","1","1","0","0","0","0","0","0","26","6","32"
"경기도교육청","경기도광명교육지원청","경기도 광명시","S090000484","광명북고등학교","04","공립","N","","1","0","1","1","0","1","0","0","0","11","55","66","2","9","11","2","4","6","3","1","4","0","0","0","0","0","0","0","0","0","0","1","1","0","1","1","0","2","2","0","0","0","20","73","93"
"경기도교육청","경기도광명교육지원청","경기도 광명시","S090000487","명문고등학교","04","공립","N","","1","0","1","1","0","1","0","0","0","20","49","69","2","2","4","0","4","4","0","0","0","0","0","0","0","0","0","0","0","0","0","0","0","0","1","1","0","0","0","0","0","0","24","56","80"
"경기도교육청","경기도광명교육지원청","경기도 광명시","S090000488","창의경영고등학교","04","공립","N","","1","1","2","0","0","0","0","0","0","5","46","51","2","6","8","0","2","2","0","0","0","0","0","0","0","0","0","0","1","1","0","0","0","0","1","1","0","0","0","0","0","0","8","57","65"
"경기도교육청","경기도광명교육지원청","경기도 광명시","S090000489","광문고등학교","04","공립","N","","0","1","1","1","0","1","0","0","0","19","49","68","4","6","10","1","1","2","1","0","1","0","0","0","0","0","0","0","0","0","0","0","0","0","2","2","0","0","0","0","0","0","26","59","85"
"경기도교육청","경기도광주하남교육지원청","경기도 광주시","S090000490","광주고등학교","04","공립","N","","0","1","1","1","0","1","0","0","0","13","40","53","7","11","18","0","1","1","1","0","1","0","0","0","0","0","0","0","1","1","0","0","0","0","1","1","0","0","0","0","0","0","22","55","77"
"경기도교육청","경기도광주하남교육지원청","경기도 광주시","S090000492","곤지암고등학교","04","공립","N","","1","0","1","2","1","3","0","0","0","4","21","25","4","9","13","0","1","1","0","0","0","0","0","0","0","0","0","0","2","2","0","1","1","0","2","2","0","1","1","0","0","0","11","38","49"
"경기도교육청","경기도광주하남교육지원청","경기도 광주시","S090000493","광주중앙고등학교","04","공립","N","","1","0","1","2","0","2","0","0","0","22","41","63","9","22","31","1","1","2","0","2","2","0","0","0","0","0","0","0","1","1","0","1","1","0","2","2","0","1","1","0","0","0","35","71","106"
"경기도교육청","경기도파주교육지원청","경기도 파주시","S090000494","광탄고등학교","04","사립","N","","1","0","1","0","2","2","0","0","0","14","8","22","1","1","2","1","0","1","0","0","0","0","0","0","0","0","0","0","2","2","0","1","1","0","1","1","0","1","1","0","0","0","17","16","33"
"경기도교육청","경기도구리남양주교육지원청","경기도 구리시","S090000496","구리고등학교","04","공립","N","","1","0","1","1","1","2","0","0","0","14","28","42","3","8","11","0","0","0","0","0","0","0","0","0","0","0","0","0","0","0","0","0","0","0","1","1","0","0","0","0","0","0","19","38","57"
"경기도교육청","경기도구리남양주교육지원청","경기도 구리시","S090000497","구리여자고등학교","04","공립","N","","0","1","1","0","1","1","0","0","0","9","31","40","2","12","14","0","3","3","0","1","1","0","0","0","0","0","0","0","0","0","0","1","1","0","1","1","0","0","0","0","0","0","11","51","62"
"경기도교육청","경기도시흥교육지원청","경기도 시흥시","S090000499","군자디지털과학고등학교","04","공립","N","","1","0","1","1","1","2","0","0","0","24","25","49","2","5","7","2","2","4","0","1","1","0","0","0","0","0","0","0","1","1","0","0","0","0","2","2","0","0","0","0","0","0","30","37","67"
"경기도교육청","경기도군포의왕교육지원청","경기도 군포시","S090000502","군포고등학교","04","사립","N","","1","0","1","1","0","1","0","0","0","28","17","45","9","7","16","0","0","0","0","0","0","0","0","0","0","0","0","1","0","1","0","1","1","0","1","1","0","0","0","0","0","0","40","26","66"
"경기도교육청","경기도군포의왕교육지원청","경기도 군포시","S090000504","군포e비즈니스고등학교","04","공립","N","","1","0","1","1","0","1","0","0","0","4","46","50","4","7","11","1","6","7","1","2","3","0","0","0","0","0","0","0","2","2","0","0","0","0","1","1","0","1","1","0","0","0","12","65","77"
"경기도교육청","경기도수원교육지원청","경기도 수원시 권선구","S090000505","권선고등학교","04","공립","N","","0","1","1","1","0","1","0","0","0","17","53","70","0","8","8","1","3","4","2","0","2","0","0","0","0","0","0","0","1","1","0","1","1","0","2","2","0","0","0","0","0","0","21","69","90"
"경기도교육청","경기도안양과천교육지원청","경기도 안양시 만안구","S090000507","근명고등학교","04","사립","N","","1","0","1","0","1","1","0","0","0","20","19","39","2","15","17","0","0","0","0","0","0","0","0","0","0","0","0","0","1","1","0","1","1","0","1","1","0","0","0","0","0","0","23","38","61"
"경기도교육청","경기도구리남양주교육지원청","경기도 남양주시","S090000508","금곡고등학교","04","공립","N","","1","0","1","1","0","1","0","0","0","23","39","62","8","6","14","0","0","0","0","0","0","0","0","0","0","0","0","0","1","1","0","1","1","0","2","2","0","1","1","0","0","0","33","50","83"
"경기도교육청","경기도용인교육지원청","경기도 용인시 기흥구","S090000509","기흥고등학교","04","공립","N","","1","0","1","1","0","1","0","0","0","16","46","62","3","5","8","0","2","2","0","0","0","0","0","0","0","0","0","1","0","1","0","0","0","0","1","1","0","1","1","0","0","0","22","55","77"
"경기도교육청","경기도김포교육지원청","경기도 김포시","S090000510","김포고등학교","04","공립","N","","0","1","1","1","0","1","0","0","0","17","31","48","6","12","18","0","1","1","0","0","0","0","0","0","0","0","0","0","0","0","0","1","1","0","1","1","0","1","1","0","0","0","24","48","72"
"경기도교육청","경기도김포교육지원청","경기도 김포시","S090000511","김포과학기술고등학교","04","공립","N","","0","0","0","1","0","1","1","0","1","19","22","41","10","6","16","2","0","2","0","0","0","1","0","1","0","0","0","0","1","1","0","0","0","0","2","2","0","1","1","0","0","0","34","32","66"
"경기도교육청","경기도성남교육지원청","경기도 성남시 분당구","S090000515","낙생고등학교","04","사립","N","","1","0","1","1","0","1","0","0","0","25","12","37","14","10","24","0","0","0","0","0","0","0","0","0","0","0","0","1","1","2","0","1","1","0","1","1","0","0","0","0","0","0","42","25","67"
"경기도교육청","경기도동두천양주교육지원청","경기도 양주시","S090000517","한국외식과학고등학교","04","사립","N","","1","0","1","1","0","1","0","0","0","13","7","20","3","3","6","0","0","0","0","0","0","0","0","0","0","0","0","0","1","1","0","1","1","0","1","1","0","1","1","0","1","1","18","15","33"
"경기도교육청","경기도화성오산교육지원청","","S090000518","남양고등학교","04","공립","N","","1","0","1","1","0","1","0","0","0","8","12","20","14","11","25","2","0","2","1","0","1","0","0","0","0","0","0","0","1","1","0","1","1","0","1","1","0","0","0","0","0","0","27","26","53"
"경기도교육청","경기도구리남양주교육지원청","경기도 남양주시","S090000519","남양주고등학교","04","공립","N","","1","0","1","1","0","1","0","0","0","15","15","30","6","9","15","1","1","2","1","0","1","0","0","0","0","0","0","1","0","1","0","0","0","0","1","1","0","0","0","0","0","0","26","26","52"
"경기도교육청","경기도광주하남교육지원청","경기도 하남시","S090000520","남한고등학교","04","공립","N","","1","0","1","0","1","1","0","0","0","10","37","47","3","12","15","2","1","3","0","1","1","0","0","0","0","0","0","0","1","1","0","1","1","0","1","1","0","1","1","0","0","0","16","56","72"
"경기도교육청","경기도고양교육지원청","경기도 고양시 덕양구","S090000521","능곡고등학교","04","공립","N","","0","1","1","1","0","1","0","0","0","14","37","51","5","12","17","0","0","0","0","0","0","0","0","0","0","0","0","0","1","1","0","0","0","0","1","1","0","1","1","0","0","0","20","53","73"
"경기도교육청","경기도안산교육지원청","경기도 안산시 단원구","S090000524","대부고등학교","04","공립","N","","1","0","1","1","0","1","0","0","0","2","1","3","4","6","10","1","1","2","1","1","2","0","0","0","0","0","0","0","1","1","0","1","1","0","1","1","0","1","1","0","0","0","10","13","23"
"경기도교육청","경기도여주교육지원청","경기도 여주시","S090000525","대신고등학교","04","사립","N","","1","0","1","1","0","1","0","0","0","14","2","16","1","1","2","1","0","1","0","0","0","0","0","0","0","0","0","0","0","0","0","1","1","0","1","1","0","0","0","0","0","0","18","5","23"
"경기도교육청","경기도수원교육지원청","경기도 수원시 장안구","S090000527","대평고등학교","04","공립","N","","1","0","1","1","0","1","0","0","0","15","43","58","3","7","10","0","2","2","0","0","0","0","0","0","0","0","0","1","0","1","0","0","0","0","1","1","0","1","1","0","0","0","21","54","75"
"경기도교육청","경기도부천교육지원청","경기도 부천시 오정구","S090000528","덕산고등학교","04","공립","N","","1","0","1","0","1","1","0","0","0","9","32","41","2","4","6","1","2","3","0","0","0","0","0","0","0","0","0","0","1","1","0","1","1","0","2","2","0","0","0","0","0","0","13","43","56"
"경기도교육청","경기도구리남양주교육지원청","경기도 남양주시","S090000529","덕소고등학교","04","사립","N","","1","0","1","0","0","0","0","0","0","18","17","35","19","16","35","0","0","0","0","0","0","0","0","0","0","0","0","0","1","1","0","0","0","0","1","1","0","1","1","0","0","0","38","36","74"
"경기도교육청","경기도동두천양주교육지원청","경기도 양주시","S090000532","덕정고등학교","04","공립","N","","1","0","1","0","1","1","0","0","0","16","28","44","5","10","15","0","3","3","1","0","1","0","0","0","0","0","0","1","0","1","0","0","0","0","1","1","0","1","1","0","0","0","24","44","68"
"경기도교육청","경기도부천교육지원청","경기도 부천시 원미구","S090000533","도당고등학교","04","공립","N","","0","1","1","1","0","1","0","0","0","14","39","53","1","6","7","0","3","3","0","0","0","0","0","0","0","0","0","0","1","1","0","1","1","0","1","1","0","1","1","0","0","0","16","53","69"
"경기도교육청","경기도포천교육지원청","경기도 포천시","S090000534","동남고등학교","04","사립","N","","1","0","1","1","0","1","0","0","0","25","20","45","8","8","16","1","0","1","1","0","1","0","0","0","0","0","0","0","0","0","0","1","1","0","1","1","0","0","0","0","0","0","37","30","67"
"경기도교육청","경기도동두천양주교육지원청","경기도 동두천시","S090000536","동두천고등학교","04","사립","N","","0","1","1","1","0","1","0","0","0","9","11","20","2","8","10","0","0","0","0","0","0","0","0","0","0","0","0","0","1","1","0","1","1","0","1","1","0","1","1","0","0","0","12","24","36"
"경기도교육청","경기도동두천양주교육지원청","경기도 동두천시","S090000538","한국문화영상고등학교","04","사립","N","","1","0","1","1","0","1","0","0","0","14","17","31","5","4","9","0","0","0","0","0","0","0","0","0","0","0","0","0","1","1","0","1","1","0","1","1","0","1","1","0","0","0","21","25","46"
"경기도교육청","경기도동두천양주교육지원청","경기도 동두천시","S090000539","동두천중앙고등학교","04","공립","N","","1","0","1","1","0","1","0","0","0","14","11","25","11","9","20","1","1","2","0","3","3","0","0","0","1","0","1","0","1","1","0","0","0","0","1","1","0","1","1","0","0","0","29","27","56"
"경기도교육청","경기도안양과천교육지원청","경기도 안양시 동안구","S090000541","동안고등학교","04","공립","N","","0","1","1","2","1","3","0","0","0","17","62","79","2","2","4","0","0","0","0","0","0","0","0","0","0","0","0","1","0","1","0","1","1","0","2","2","0","0","0","0","0","0","22","69","91"
"경기도교육청","경기도수원교육지원청","경기도 수원시 장안구","S090000542","동우여자고등학교","04","사립","N","","1","0","1","1","0","1","0","0","0","19","14","33","1","3","4","0","0","0","0","0","0","0","0","0","0","0","0","0","1","1","0","1","1","0","1","1","0","0","0","0","0","0","22","20","42"
"경기도교육청","경기도수원교육지원청","경기도 수원시 장안구","S090000543","동원동우고등학교","04","사립","N","","1","0","1","0","0","0","0","0","0","39","15","54","3","15","18","0","0","0","0","0","0","0","0","0","0","0","0","0","1","1","0","1","1","0","1","1","0","0","0","0","0","0","43","33","76"
"경기도교육청","경기도평택교육지원청","경기도 평택시","S090000544","동일공업고등학교","04","사립","N","","1","0","1","1","0","1","0","0","0","25","12","37","24","7","31","0","0","0","0","0","0","0","0","0","0","0","0","0","1","1","0","1","1","0","1","1","0","1","1","0","0","0","51","23","74"
"경기도교육청","경기도구리남양주교육지원청","경기도 남양주시","S090000545","동화고등학교","04","사립","N","","1","0","1","2","0","2","0","0","0","43","29","72","9","8","17","0","0","0","0","0","0","0","0","0","0","0","0","0","1","1","1","0","1","0","3","3","0","1","1","0","0","0","56","42","98"
"경기도교육청","경기도화성오산교육지원청","","S090000546","두레자연고등학교","04","사립","N","","1","0","1","1","0","1","0","0","0","10","3","13","0","2","2","0","0","0","0","0","0","0","0","0","0","0","0","0","1","1","0","1","1","0","1","1","0","1","1","0","0","0","12","9","21"
"경기도교육청","경기도이천교육지원청","경기도 이천시","S090000548","마장고등학교","04","공립","N","","0","1","1","1","0","1","0","0","0","8","10","18","6","5","11","1","0","1","0","0","0","0","0","0","0","0","0","0","1","1","0","1","1","0","1","1","0","1","1","0","0","0","16","20","36"
"경기도교육청","경기도수원교육지원청","경기도 수원시 팔달구","S090000552","매향여자정보고등학교","04","사립","N","","1","0","1","1","0","1","0","0","0","25","23","48","2","14","16","0","0","0","0","0","0","0","0","0","0","0","0","0","1","1","0","1","1","0","8","8","0","1","1","0","0","0","29","48","77"
"경기도교육청","경기도고양교육지원청","경기도 고양시 덕양구","S090000553","무원고등학교","04","공립","N","","0","1","1","0","1","1","0","0","0","7","45","52","2","15","17","0","1","1","0","2","2","0","0","0","0","0","0","1","0","1","0","1","1","0","1","1","0","1","1","0","0","0","10","68","78"
"경기도교육청","경기도파주교육지원청","경기도 파주시","S090000554","문산고등학교","04","공립","N","","1","0","1","1","0","1","0","0","0","9","16","25","2","4","6","0","2","2","1","1","2","0","0","0","0","0","0","0","1","1","0","0","0","0","1","1","0","1","1","0","0","0","14","26","40"
"경기도교육청","경기도파주교육지원청","경기도 파주시","S090000555","문산수억고등학교","04","사립","N","","0","1","1","1","0","1","0","0","0","24","30","54","5","1","6","0","1","1","0","1","1","0","0","0","0","0","0","0","1","1","0","1","1","0","1","1","0","1","1","0","0","0","30","38","68"
"경기도교육청","경기도파주교육지원청","경기도 파주시","S090000556","문산제일고등학교","04","공립","N","","1","0","1","1","1","2","0","0","0","17","40","57","1","8","9","2","1","3","1","0","1","0","0","0","0","0","0","0","1","1","0","1","1","0","1","1","0","0","0","0","0","0","23","53","76"
"경기도교육청","경기도안산교육지원청","경기도 안산시 상록구","S090000558","경기모바일과학고등학교","04","공립","N","","1","0","1","0","1","1","0","0","0","5","35","40","3","9","12","1","0","1","0","0","0","0","0","0","0","0","0","1","0","1","0","0","0","0","1","1","0","0","0","0","0","0","11","46","57"
"경기도교육청","경기도화성오산교육지원청","경기도 화성시 만세구","S090000559","발안바이오과학고등학교","04","공립","N","","1","0","1","1","1","2","0","0","0","6","17","23","0","11","11","0","0","0","0","0","0","0","0","0","0","0","0","0","1","1","0","1","1","0","1","1","0","1","1","0","0","0","8","33","41"
"경기도교육청","경기도고양교육지원청","경기도 고양시 일산동구","S090000563","백마고등학교","04","공립","N","","1","0","1","1","0","1","0","0","0","12","51","63","2","3","5","0","0","0","0","0","0","0","0","0","0","0","0","0","0","0","0","0","0","0","1","1","0","2","2","0","0","0","16","57","73"
"경기도교육청","경기도고양교육지원청","경기도 고양시 일산동구","S090000564","백석고등학교","04","공립","N","","1","0","1","0","1","1","0","0","0","13","52","65","2","6","8","0","0","0","0","0","0","0","0","0","0","0","0","0","0","0","0","0","0","0","1","1","0","0","0","0","0","0","16","60","76"
"경기도교육청","경기도고양교육지원청","경기도 고양시 일산동구","S090000565","백신고등학교","04","공립","N","","1","0","1","0","1","1","0","0","0","20","40","60","5","7","12","1","2","3","0","0","0","0","0","0","0","0","0","0","0","0","0","0","0","0","1","1","0","1","1","0","1","1","27","53","80"
"경기도교육청","경기도용인교육지원청","경기도 용인시 처인구","S090000566","백암고등학교","04","공립","N","","1","0","1","1","0","1","0","0","0","9","7","16","0","7","7","0","1","1","1","0","1","0","0","0","0","0","0","1","0","1","0","0","0","0","1","1","0","1","1","0","0","0","13","17","30"
"경기도교육청","경기도고양교육지원청","경기도 고양시 덕양구","S090000567","백양고등학교","04","공립","N","","1","0","1","0","1","1","0","0","0","19","48","67","1","3","4","0","2","2","0","0","0","0","0","0","0","0","0","0","1","1","0","1","1","0","1","1","0","1","1","0","0","0","21","58","79"
"경기도교육청","경기도안양과천교육지원청","경기도 안양시 동안구","S090000568","백영고등학교","04","사립","N","","1","0","1","1","0","1","0","0","0","40","15","55","4","12","16","0","0","0","0","0","0","0","0","0","0","0","0","0","0","0","0","1","1","0","1","1","0","1","1","0","0","0","46","30","76"
"경기도교육청","경기도군포의왕교육지원청","경기도 의왕시","S090000569","백운고등학교","04","공립","N","","1","0","1","0","1","1","0","0","0","18","51","69","1","2","3","1","1","2","0","0","0","0","0","0","0","0","0","0","1","1","0","1","1","0","1","1","0","1","1","0","0","0","21","59","80"
"경기도교육청","경기도동두천양주교육지원청","경기도 동두천시","S090000572","한빛누리고등학교","04","사립","N","","0","1","1","1","0","1","0","0","0","13","16","29","3","8","11","2","1","3","0","0","0","0","0","0","0","0","0","0","2","2","0","0","0","0","1","1","0","1","1","0","0","0","19","30","49"
"경기도교육청","경기도부천교육지원청","경기도 부천시 원미구","S090000576","부명고등학교","04","공립","N","","0","1","1","1","0","1","0","0","0","15","32","47","5","6","11","1","1","2","0","0","0","0","0","0","0","0","0","0","1","1","0","1","1","0","1","1","0","1","1","0","0","0","22","44","66"
"경기도교육청","경기도부천교육지원청","경기도 부천시 원미구","S090000577","경기국제통상고등학교","04","공립","N","","1","0","1","1","0","1","0","0","0","10","41","51","3","9","12","1","3","4","0","0","0","0","0","0","0","0","0","0","1","1","0","1","1","0","1","1","0","0","0","0","0","0","16","56","72"
"경기도교육청","경기도부천교육지원청","경기도 부천시 원미구","S090000578","상동고등학교","04","공립","N","","1","0","1","1","0","1","0","0","0","14","37","51","2","3","5","0","0","0","0","0","0","0","0","0","0","0","0","0","1","1","0","1","1","0","1","1","0","1","1","0","0","0","18","44","62"
"경기도교육청","경기도부천교육지원청","경기도 부천시 소사구","S090000579","부천고등학교","04","공립","N","","1","0","1","2","0","2","0","0","0","17","31","48","3","4","7","0","0","0","0","0","0","0","0","0","0","0","0","1","1","2","0","1","1","0","1","1","0","0","0","0","0","0","24","38","62"
"경기도교육청","경기도부천교육지원청","경기도 부천시 소사구","S090000580","부천공업고등학교","04","공립","N","","0","0","0","2","0","2","0","0","0","25","26","51","3","3","6","0","1","1","1","1","2","0","0","0","0","0","0","0","1","1","0","1","1","0","1","1","0","0","0","0","0","0","31","34","65"
"경기도교육청","경기도부천교육지원청","경기도 부천시 원미구","S090000581","부천북고등학교","04","공립","N","","1","0","1","1","0","1","0","0","0","17","38","55","2","5","7","0","1","1","0","1","1","0","0","0","0","0","0","0","1","1","0","1","1","0","1","1","0","2","2","0","0","0","21","50","71"
"경기도교육청","경기도부천교육지원청","경기도 부천시 원미구","S090000584","부천여자고등학교","04","공립","N","","0","1","1","0","1","1","0","0","0","6","32","38","0","2","2","0","0","0","0","0","0","0","0","0","0","0","0","0","1","1","0","0","0","0","1","1","0","0","0","0","0","0","6","38","44"
"경기도교육청","경기도부천교육지원청","경기도 부천시 원미구","S090000585","부천정보산업고등학교","04","공립","N","","1","0","1","1","0","1","0","0","0","10","51","61","1","9","10","2","8","10","0","0","0","0","0","0","0","0","0","0","1","1","0","1","1","0","2","2","0","0","0","0","0","0","15","72","87"
"경기도교육청","경기도안양과천교육지원청","경기도 안양시 동안구","S090000586","부흥고등학교","04","공립","N","","0","1","1","1","0","1","0","0","0","7","67","74","2","8","10","1","2","3","0","0","0","0","0","0","0","0","0","1","1","2","0","1","1","0","3","3","0","0","0","0","0","0","12","83","95"
"경기도교육청","경기도성남교육지원청","경기도 성남시 분당구","S090000587","분당고등학교","04","공립","N","","0","1","1","1","0","1","0","0","0","14","46","60","2","8","10","0","1","1","0","0","0","0","0","0","0","0","0","0","1","1","0","0","0","0","1","1","0","1","1","0","0","0","17","59","76"
"경기도교육청","경기도성남교육지원청","경기도 성남시 분당구","S090000588","분당대진고등학교","04","사립","N","","1","0","1","1","0","1","0","0","0","17","40","57","4","15","19","0","0","0","0","0","0","0","0","0","0","0","0","0","1","1","0","0","0","0","1","1","0","0","0","0","0","0","23","57","80"
"경기도교육청","경기도성남교육지원청","경기도 성남시 분당구","S090000589","분당경영고등학교","04","공립","N","","1","0","1","1","0","1","0","1","1","6","46","52","2","9","11","0","2","2","0","0","0","0","0","0","0","0","0","0","1","1","0","1","1","0","1","1","0","1","1","0","0","0","10","62","72"
"경기도교육청","경기도성남교육지원청","경기도 성남시 분당구","S090000590","분당중앙고등학교","04","공립","N","","1","0","1","0","1","1","0","0","0","16","42","58","2","2","4","0","0","0","0","0","0","0","0","0","0","0","0","0","1","1","0","0","0","0","1","1","0","1","1","0","0","0","19","48","67"
"경기도교육청","경기도성남교육지원청","경기도 성남시 분당구","S090000591","불곡고등학교","04","공립","N","","1","0","1","0","1","1","0","0","0","6","49","55","2","2","4","0","2","2","0","0","0","0","0","0","0","0","0","0","1","1","0","0","0","0","1","1","0","0","0","0","0","0","9","56","65"
"경기도교육청","경기도화성오산교육지원청","","S090000594","비봉고등학교","04","사립","N","","1","0","1","0","0","0","0","0","0","34","15","49","7","8","15","0","0","0","0","0","0","0","0","0","0","0","0","0","0","0","0","1","1","0","1","1","0","1","1","0","0","0","42","26","68"
"경기도교육청","경기도김포교육지원청","경기도 김포시","S090000596","사우고등학교","04","공립","N","","0","1","1","0","1","1","0","0","0","19","43","62","5","10","15","0","3","3","0","0","0","0","0","0","0","0","0","0","1","1","0","0","0","0","1","1","0","0","0","0","0","0","24","60","84"
"경기도교육청","경기도군포의왕교육지원청","경기도 군포시","S090000597","산본고등학교","04","공립","N","","0","1","1","0","1","1","0","0","0","12","66","78","1","9","10","0","1","1","0","1","1","0","0","0","0","0","0","0","1","1","0","1","1","0","2","2","0","0","0","0","0","0","13","83","96"
"경기도교육청","경기도군포의왕교육지원청","경기도 군포시","S090000598","경기폴리텍고등학교","04","공립","N","","1","0","1","3","0","3","0","0","0","15","20","35","2","0","2","0","0","0","0","0","0","0","0","0","0","0","0","0","1","1","0","0","0","0","5","5","0","1","1","0","0","0","21","27","48"
"경기도교육청","경기도파주교육지원청","경기도 파주시","S090000599","삼광고등학교","04","사립","N","","1","0","1","1","0","1","0","0","0","8","5","13","1","1","2","0","0","0","0","0","0","0","0","0","0","0","0","0","0","0","0","0","0","0","1","1","0","0","0","0","0","0","11","7","18"
"경기도교육청","경기도화성오산교육지원청","경기도 화성시 만세구","S090000600","삼괴고등학교","04","사립","N","","1","0","1","0","1","1","0","0","0","21","12","33","8","7","15","2","1","3","0","0","0","0","0","0","0","0","0","0","1","1","0","1","1","0","1","1","0","1","1","0","0","0","32","25","57"
"경기도교육청","경기도수원교육지원청","경기도 수원시 팔달구","S090000602","삼일공업고등학교","04","사립","N","","0","1","1","0","0","0","0","0","0","40","27","67","14","16","30","0","0","0","0","0","0","0","0","0","0","0","0","1","0","1","0","1","1","0","2","2","0","1","1","0","0","0","55","48","103"
"경기도교육청","경기도수원교육지원청","경기도 수원시 팔달구","S090000603","삼일고등학교","04","사립","N","","0","1","1","0","0","0","0","0","0","26","37","63","4","16","20","0","0","0","0","0","0","0","0","0","0","0","0","0","1","1","0","1","1","0","2","2","0","0","0","0","0","0","30","58","88"
"경기도교육청","경기도구리남양주교육지원청","경기도 구리시","S090000606","서울삼육고등학교","04","사립","N","","1","0","1","0","1","1","0","0","0","25","20","45","2","3","5","0","0","0","0","0","0","0","0","0","0","0","0","0","1","1","0","1","1","0","1","1","0","0","0","0","0","0","28","27","55"
"경기도교육청","경기도시흥교육지원청","경기도 시흥시","S090000607","서해고등학교","04","공립","N","","0","1","1","1","0","1","0","0","0","25","30","55","4","10","14","1","2","3","0","2","2","0","0","0","0","0","0","0","1","1","0","0","0","0","1","1","0","1","1","0","0","0","31","48","79"
"경기도교육청","경기도성남교육지원청","경기도 성남시 분당구","S090000608","서현고등학교","04","공립","N","","1","0","1","1","0","1","0","0","0","11","52","63","2","3","5","0","0","0","0","0","0","0","0","0","0","0","0","0","0","0","0","0","0","0","1","1","0","0","0","0","0","0","15","56","71"
"경기도교육청","경기도가평교육지원청","경기도 가평군","S090000609","설악고등학교","04","공립","N","","1","0","1","1","0","1","0","0","0","1","6","7","2","7","9","0","0","0","0","2","2","0","0","0","0","0","0","1","0","1","0","1","1","0","1","1","0","0","0","0","0","0","6","17","23"
"경기도교육청","경기도성남교육지원청","경기도 성남시 중원구","S090000610","성남테크노과학고등학교","04","공립","N","","1","0","1","0","1","1","0","0","0","8","25","33","2","11","13","2","3","5","0","1","1","0","0","0","0","0","0","0","1","1","0","0","0","0","1","1","0","0","0","0","0","0","13","43","56"
"경기도교육청","경기도성남교육지원청","경기도 성남시 중원구","S090000611","성남고등학교","04","공립","N","","1","0","1","0","1","1","0","0","0","6","42","48","2","3","5","0","3","3","0","1","1","0","0","0","0","0","0","0","0","0","0","1","1","0","1","1","0","1","1","0","0","0","9","53","62"
"경기도교육청","경기도성남교육지원청","경기도 성남시 중원구","S090000612","성남여자고등학교","04","공립","N","","0","1","1","1","0","1","0","0","0","9","46","55","0","8","8","0","3","3","0","2","2","0","0","0","0","0","0","0","0","0","0","1","1","0","1","1","0","1","1","0","0","0","10","63","73"
"경기도교육청","경기도성남교육지원청","경기도 성남시 분당구","S090000613","분당아람고등학교","04","공립","N","","1","0","1","1","0","1","0","1","1","10","46","56","5","12","17","0","7","7","0","1","1","0","0","0","0","0","0","0","1","1","0","0","0","0","1","1","0","0","0","0","0","0","17","69","86"
"경기도교육청","경기도안양과천교육지원청","경기도 안양시 만안구","S090000614","성문고등학교","04","사립","N","","1","0","1","2","0","2","0","0","0","37","20","57","1","2","3","0","0","0","0","0","0","0","0","0","0","0","0","0","1","1","0","1","1","0","1","1","0","1","1","1","0","1","42","26","68"
"경기도교육청","경기도성남교육지원청","경기도 성남시 수정구","S090000617","성보경영고등학교","04","사립","N","","1","0","1","0","1","1","0","0","0","16","28","44","12","16","28","1","1","2","0","0","0","0","0","0","0","0","0","0","1","1","0","1","1","0","9","9","0","0","0","0","0","0","30","57","87"
"경기도교육청","경기도안산교육지원청","경기도 안산시 상록구","S090000618","성안고등학교","04","공립","N","","1","0","1","1","1","2","0","0","0","19","34","53","6","14","20","1","3","4","0","1","1","0","0","0","0","0","0","0","1","1","0","0","0","0","1","1","0","0","0","0","0","0","28","55","83"
"경기도교육청","경기도성남교육지원청","경기도 성남시 중원구","S090000620","성일고등학교","04","사립","N","","1","0","1","0","0","0","0","0","0","30","22","52","8","7","15","0","0","0","0","0","0","0","0","0","0","0","0","0","1","1","0","1","1","0","2","2","0","1","1","0","0","0","39","34","73"
"경기도교육청","경기도성남교육지원청","경기도 성남시 중원구","S090000622","동광고등학교","04","사립","N","","0","1","1","1","0","1","0","0","0","12","31","43","4","8","12","1","0","1","0","1","1","0","0","0","0","0","0","0","1","1","0","1","1","0","1","1","0","0","0","0","0","0","18","44","62"
"경기도교육청","경기도성남교육지원청","경기도 성남시 중원구","S090000624","성일정보고등학교","04","사립","N","","0","1","1","1","0","1","0","0","0","29","25","54","12","18","30","0","0","0","0","0","0","0","0","0","0","0","0","0","1","1","0","1","1","0","1","1","0","0","0","0","0","0","42","47","89"
"경기도교육청","경기도화성오산교육지원청","경기도 오산시","S090000626","성호고등학교","04","공립","N","","1","0","1","1","0","1","0","0","0","10","29","39","14","11","25","0","2","2","0","0","0","0","0","0","0","0","0","0","1","1","0","0","0","1","0","1","0","0","0","0","0","0","27","43","70"
"경기도교육청","경기도고양교육지원청","경기도 고양시 일산동구","S090000627","세원고등학교","04","사립","N","","1","0","1","1","0","1","0","0","0","28","13","41","1","5","6","0","0","0","0","0","0","0","0","0","0","0","0","0","1","1","0","1","1","0","1","1","0","0","0","0","0","0","31","21","52"
"경기도교육청","경기도시흥교육지원청","경기도 시흥시","S090000628","소래고등학교","04","공립","N","","2","0","2","0","0","0","0","0","0","24","35","59","7","15","22","1","0","1","0","0","0","0","0","0","0","0","0","1","0","1","0","1","1","0","2","2","0","0","0","0","0","0","35","53","88"
"경기도교육청","경기도부천교육지원청","경기도 부천시 원미구","S090000630","소명여자고등학교","04","사립","N","","0","1","1","1","0","1","0","0","0","32","24","56","1","4","5","0","0","0","0","1","1","0","0","0","0","0","0","1","0","1","0","0","0","0","1","1","0","1","1","0","0","0","35","32","67"
"경기도교육청","경기도부천교육지원청","경기도 부천시 소사구","S090000631","소사고등학교","04","공립","N","","1","0","1","1","0","1","0","0","0","18","34","52","2","9","11","2","1","3","0","1","1","0","0","0","0","0","0","0","1","1","0","1","1","0","1","1","0","1","1","0","0","0","24","49","73"
"경기도교육청","경기도광명교육지원청","경기도 광명시","S090000632","소하고등학교","04","공립","N","","0","1","1","0","1","1","0","0","0","12","55","67","1","1","2","0","3","3","0","1","1","0","0","0","0","0","0","0","2","2","0","1","1","0","1","1","0","1","1","0","0","0","13","67","80"
"경기도교육청","경기도성남교육지원청","경기도 성남시 분당구","S090000633","송림고등학교","04","사립","N","","1","0","1","1","0","1","0","0","0","17","29","46","4","9","13","0","0","0","0","0","0","0","0","0","0","0","0","0","1","1","1","0","1","0","1","1","0","1","1","0","0","0","24","41","65"
"경기도교육청","경기도화성오산교육지원청","경기도 화성시 만세구","S090000634","송산고등학교","04","사립","N","","1","0","1","1","0","1","0","0","0","6","6","12","5","6","11","0","0","0","0","1","1","0","0","0","0","0","0","0","1","1","0","1","1","0","1","1","0","0","0","0","0","0","13","16","29"
"경기도교육청","경기도평택교육지원청","경기도 평택시","S090000636","송탄고등학교","04","공립","N","","0","1","1","1","0","1","0","0","0","12","15","27","7","14","21","2","2","4","0","1","1","0","0","0","0","0","0","0","1","1","0","0","0","0","2","2","0","2","2","0","0","0","22","38","60"
"경기도교육청","경기도평택교육지원청","경기도 평택시","S090000637","라온고등학교","04","사립","N","","1","0","1","1","0","1","0","0","0","11","13","24","12","10","22","0","0","0","0","0","0","0","0","0","0","0","0","0","1","1","1","0","1","0","1","1","0","1","1","0","0","0","26","26","52"
"경기도교육청","경기도의정부교육지원청","경기도 의정부시","S090000638","송현고등학교","04","공립","N","","1","0","1","3","0","3","0","0","0","13","48","61","1","4","5","2","1","3","0","0","0","0","0","0","0","0","0","0","1","1","0","0","0","0","1","1","0","1","1","0","0","0","20","56","76"
"경기도교육청","경기도성남교육지원청","경기도 성남시 분당구","S090000639","수내고등학교","04","공립","N","","0","1","1","0","1","1","0","0","0","11","41","52","1","8","9","0","1","1","0","0","0","0","0","0","0","0","0","0","1","1","0","1","1","0","1","1","0","1","1","0","0","0","12","56","68"
"경기도교육청","경기도군포의왕교육지원청","경기도 군포시","S090000640","수리고등학교","04","공립","N","","1","0","1","0","1","1","0","0","0","23","61","84","0","4","4","0","0","0","0","0","0","0","0","0","0","0","0","0","1","1","0","1","1","0","2","2","0","0","0","0","0","0","24","70","94"
"경기도교육청","경기도수원교육지원청","경기도 수원시 장안구","S090000641","수성고등학교","04","공립","N","","1","0","1","0","1","1","0","0","0","26","49","75","2","5","7","0","0","0","0","0","0","0","0","0","0","0","0","0","1","1","0","1","1","0","3","3","0","0","0","0","0","0","29","60","89"
"경기도교육청","경기도화성오산교육지원청","경기도 화성시 효행구","S090000644","홍익디자인고등학교","04","사립","N","","1","0","1","1","0","1","0","0","0","5","12","17","1","10","11","0","0","0","0","0","0","0","0","0","0","0","0","0","1","1","0","1","1","0","1","1","0","1","1","0","0","0","8","26","34"
"경기도교육청","경기도수원교육지원청","경기도 수원시 팔달구","S090000645","수원고등학교","04","사립","N","","1","0","1","0","0","0","0","0","0","29","31","60","5","8","13","0","0","0","0","0","0","0","0","0","0","0","0","0","1","1","0","1","1","0","2","2","0","1","1","0","0","0","35","44","79"
"경기도교육청","경기도수원교육지원청","경기도 수원시 팔달구","S090000646","수원공업고등학교","04","사립","N","","0","1","1","2","0","2","0","0","0","33","30","63","19","12","31","0","0","0","0","0","0","1","0","1","0","0","0","1","0","1","0","1","1","0","2","2","0","0","0","0","0","0","56","46","102"
"경기도교육청","경기도수원교육지원청","경기도 수원시 장안구","S090000648","수원농생명과학고등학교","04","공립","N","","1","0","1","2","0","2","0","0","0","19","51","70","3","12","15","1","3","4","0","0","0","0","0","0","0","0","0","0","1","1","0","0","0","0","1","1","0","2","2","0","0","0","26","70","96"
"경기도교육청","경기도수원교육지원청","경기도 수원시 팔달구","S090000649","수원여자고등학교","04","공립","N","","0","1","1","0","1","1","1","0","1","15","50","65","2","3","5","0","0","0","0","0","0","0","0","0","0","0","0","0","1","1","0","1","1","0","2","2","0","2","2","0","0","0","18","61","79"
"경기도교육청","경기도수원교육지원청","경기도 수원시 영통구","S090000651","수원정보과학고등학교","04","공립","N","","1","0","1","1","0","1","0","0","0","16","32","48","4","6","10","2","2","4","0","0","0","0","0","0","0","0","0","0","2","2","0","1","1","0","2","2","0","1","1","0","0","0","24","46","70"
"경기도교육청","경기도수원교육지원청","경기도 수원시 권선구","S090000653","한봄고등학교","04","사립","N","","1","0","1","0","1","1","0","0","0","20","29","49","3","13","16","0","0","0","0","0","0","0","0","0","0","0","0","0","1","1","0","0","0","0","1","1","0","0","0","0","0","0","24","45","69"
"경기도교육청","경기도수원교육지원청","경기도 수원시 장안구","S090000654","수일고등학교","04","공립","N","","1","0","1","0","1","1","0","0","0","11","47","58","4","5","9","0","0","0","0","0","0","0","0","0","0","0","0","0","1","1","0","1","1","0","1","1","0","0","0","0","0","0","16","56","72"
"경기도교육청","경기도용인교육지원청","경기도 용인시 수지구","S090000655","수지고등학교","04","공립","N","","1","0","1","1","0","1","0","0","0","15","60","75","4","7","11","0","2","2","0","0","0","0","0","0","0","0","0","0","1","1","0","1","1","0","3","3","0","1","1","0","0","0","21","75","96"
"경기도교육청","경기도구리남양주교육지원청","경기도 구리시","S090000656","수택고등학교","04","공립","N","","1","1","2","0","0","0","0","0","0","11","37","48","0","5","5","4","7","11","0","1","1","0","0","0","0","0","0","0","1","1","0","1","1","0","1","1","0","0","0","0","0","0","16","54","70"
"경기도교육청","경기도수원교육지원청","경기도 수원시 팔달구","S090000657","숙지고등학교","04","공립","N","","1","0","1","0","1","1","0","0","0","15","57","72","1","5","6","1","4","5","0","0","0","0","0","0","0","0","0","1","0","1","0","0","0","0","1","1","0","1","1","0","0","0","19","69","88"
"경기도교육청","경기도성남교육지원청","경기도 성남시 중원구","S090000658","숭신고등학교","04","사립","N","","0","1","1","0","1","1","0","0","0","19","26","45","5","10","15","0","0","0","0","0","0","0","0","0","0","0","0","0","1","1","0","1","1","0","1","1","0","0","0","0","0","0","24","41","65"
"경기도교육청","경기도부천교육지원청","경기도 부천시 소사구","S090000659","시온고등학교","04","사립","N","","0","1","1","0","0","0","0","0","0","38","22","60","3","1","4","0","0","0","0","0","0","0","0","0","0","0","0","0","1","1","0","0","0","0","2","2","0","0","0","0","0","0","41","27","68"
"경기도교육청","경기도시흥교육지원청","경기도 시흥시","S090000660","경기스마트고등학교","04","공립","N","","1","0","1","1","0","1","0","0","0","31","14","45","8","10","18","1","1","2","1","1","2","0","0","0","0","0","0","0","1","1","0","1","1","0","1","1","0","1","1","0","0","0","43","30","73"
"경기도교육청","경기도용인교육지원청","경기도 용인시 기흥구","S090000661","신갈고등학교","04","사립","N","","1","0","1","1","0","1","0","0","0","19","21","40","7","13","20","0","0","0","0","0","0","0","0","0","0","0","0","0","1","1","0","1","1","0","1","1","0","1","1","0","0","0","28","38","66"
"경기도교육청","경기도안양과천교육지원청","경기도 안양시 만안구","S090000662","신성고등학교","04","사립","N","","1","0","1","1","0","1","0","0","0","52","10","62","6","3","9","0","0","0","0","0","0","0","0","0","0","0","0","0","0","0","0","0","0","0","1","1","0","0","0","0","0","0","60","14","74"
"경기도교육청","경기도고양교육지원청","경기도 고양시 일산서구","S090000665","신일비즈니스고등학교","04","공립","N","","0","1","1","1","0","1","0","0","0","9","39","48","4","4","8","0","0","0","1","1","2","0","0","0","0","0","0","0","1","1","0","1","1","1","3","4","0","0","0","0","0","0","16","50","66"
"경기도교육청","경기도평택교육지원청","경기도 평택시","S090000666","신한고등학교","04","사립","N","","0","0","0","1","0","1","0","0","0","26","18","44","7","14","21","0","1","1","0","1","1","0","0","0","0","0","0","0","1","1","0","1","1","0","1","1","0","1","1","0","0","0","34","38","72"
"경기도교육청","경기도동두천양주교육지원청","경기도 동두천시","S090000667","신흥고등학교","04","사립","N","","1","0","1","1","0","1","0","0","0","17","7","24","1","0","1","0","0","0","0","0","0","0","0","0","0","0","0","0","1","1","1","0","1","0","1","1","0","1","1","0","0","0","21","10","31"
"경기도교육청","경기도구리남양주교육지원청","경기도 남양주시","S090000669","심석고등학교","04","사립","N","","1","0","1","1","0","1","0","0","0","42","12","54","13","6","19","0","0","0","0","0","0","0","0","0","0","0","0","0","2","2","0","1","1","0","1","1","0","1","1","0","0","0","57","23","80"
"경기도교육청","경기도부천교육지원청","경기도 부천시 원미구","S090000671","심원고등학교","04","공립","N","","1","0","1","2","0","2","1","0","1","13","38","51","3","7","10","1","1","2","0","0","0","0","0","0","0","0","0","0","1","1","0","1","1","0","1","1","0","0","0","0","0","0","21","49","70"
"경기도교육청","경기도안성교육지원청","경기도 안성시","S090000672","안법고등학교","04","사립","N","","1","0","1","1","0","1","0","0","0","27","11","38","3","7","10","0","0","0","0","0","0","0","0","0","0","0","0","0","1","1","0","1","1","0","1","1","0","1","1","0","0","0","32","22","54"
"경기도교육청","경기도안산교육지원청","경기도 안산시 단원구","S090000673","안산강서고등학교","04","사립","N","","1","0","1","1","0","1","0","0","0","40","17","57","7","9","16","0","0","0","0","0","0","0","0","0","0","0","0","0","1","1","0","1","1","0","1","1","0","0","0","0","0","0","49","29","78"
"경기도교육청","경기도안산교육지원청","경기도 안산시 상록구","S090000674","안산국제비즈니스고등학교","04","사립","N","","0","0","0","1","0","1","0","0","0","28","31","59","5","9","14","0","0","0","0","0","0","0","0","0","0","0","0","0","0","0","0","1","1","0","5","5","0","0","0","0","0","0","34","46","80"
"경기도교육청","경기도안산교육지원청","경기도 안산시 상록구","S090000675","안산고등학교","04","사립","N","","1","0","1","1","0","1","0","0","0","22","25","47","5","16","21","0","0","0","0","0","0","0","0","0","0","0","0","0","1","1","0","1","1","0","1","1","0","0","0","0","0","0","29","44","73"
"경기도교육청","경기도안산교육지원청","경기도 안산시 상록구","S090000676","안산공업고등학교","04","사립","N","","1","0","1","1","0","1","0","0","0","49","31","80","9","10","19","0","0","0","0","0","0","0","0","0","0","0","0","0","1","1","0","1","1","0","2","2","0","1","1","0","0","0","60","46","106"
"경기도교육청","경기도안산교육지원청","경기도 안산시 상록구","S090000677","안산동산고등학교","04","사립","N","","1","0","1","1","0","1","0","0","0","41","20","61","11","9","20","0","0","0","0","0","0","0","0","0","0","0","0","0","1","1","0","0","0","0","1","1","0","1","1","1","3","4","55","35","90"
"경기도교육청","경기도안산교육지원청","경기도 안산시 상록구","S090000680","안산디자인문화고등학교","04","사립","N","","1","0","1","1","0","1","0","0","0","37","28","65","1","9","10","0","0","0","0","0","0","0","0","0","0","0","0","1","0","1","0","1","1","0","1","1","0","0","0","0","0","0","41","39","80"
"경기도교육청","경기도안성교육지원청","경기도 안성시","S090000684","안성고등학교","04","공립","N","","1","0","1","1","0","1","0","0","0","10","7","17","14","15","29","1","3","4","1","1","2","0","0","0","0","0","0","0","1","1","0","0","0","0","1","1","0","1","1","0","0","0","28","29","57"
"경기도교육청","경기도안성교육지원청","경기도 안성시","S090000685","두원공업고등학교","04","사립","N","","1","0","1","1","0","1","0","0","0","29","12","41","8","5","13","0","0","0","0","0","0","1","0","1","0","0","0","1","0","1","0","1","1","0","1","1","0","1","1","0","0","0","41","20","61"
"경기도교육청","경기도안성교육지원청","경기도 안성시","S090000686","안성여자고등학교","04","공립","N","","0","1","1","1","1","2","0","0","0","11","9","20","0","16","16","0","3","3","0","2","2","0","0","0","0","0","0","1","0","1","0","0","0","0","1","1","0","0","0","0","0","0","13","33","46"
"경기도교육청","경기도안성교육지원청","경기도 안성시","S090000689","가온고등학교","04","사립","N","","1","0","1","1","0","1","0","0","0","24","13","37","13","11","24","0","0","0","0","0","0","0","0","0","0","0","0","0","1","1","1","0","1","0","1","1","0","1","1","0","0","0","40","27","67"
"경기도교육청","경기도안양과천교육지원청","경기도 안양시 만안구","S090000690","안양고등학교","04","공립","N","","1","0","1","1","0","1","0","0","0","16","51","67","6","9","15","0","1","1","1","0","1","0","0","0","0","0","0","0","1","1","0","2","2","0","2","2","0","0","0","0","0","0","25","66","91"
"경기도교육청","경기도안양과천교육지원청","경기도 안양시 만안구","S090000691","안양공업고등학교","04","공립","N","","1","0","1","0","1","1","0","1","1","27","27","54","3","7","10","2","10","12","0","0","0","1","0","1","0","0","0","2","0","2","0","0","0","0","1","1","0","0","0","0","0","0","36","47","83"
"경기도교육청","경기도안양과천교육지원청","경기도 안양시 만안구","S090000693","안양여자고등학교","04","사립","N","","1","0","1","0","1","1","0","0","0","21","16","37","4","8","12","0","0","0","0","0","0","0","0","0","0","0","0","0","1","1","0","0","0","0","1","1","0","0","0","0","0","0","26","27","53"
"경기도교육청","경기도안양과천교육지원청","경기도 안양시 만안구","S090000694","안양문화고등학교","04","사립","N","","1","0","1","0","2","2","0","0","0","10","22","32","6","7","13","0","0","0","0","0","0","0","0","0","0","0","0","0","1","1","0","0","0","1","6","7","0","0","0","0","0","0","18","38","56"
"경기도교육청","경기도안양과천교육지원청","경기도 안양시 만안구","S090000696","안양예술고등학교","04","사립","N","","1","0","1","1","0","1","0","0","0","16","6","22","5","14","19","0","0","0","0","0","0","0","0","0","0","0","0","0","0","0","0","0","0","0","1","1","0","0","0","5","3","8","28","24","52"
"경기도교육청","경기도안양과천교육지원청","경기도 안양시 만안구","S090000697","안양외국어고등학교","04","사립","N","","1","0","1","1","0","1","0","0","0","25","32","57","2","8","10","0","0","0","0","0","0","0","0","0","0","0","0","0","1","1","0","0","0","0","1","1","0","0","0","0","0","0","29","42","71"
"경기도교육청","경기도평택교육지원청","경기도 평택시","S090000699","경기물류고등학교","04","공립","N","","1","0","1","0","1","1","0","0","0","12","21","33","1","6","7","1","2","3","0","1","1","0","0","0","0","0","0","0","1","1","1","0","1","0","1","1","0","1","1","0","0","0","16","34","50"
"경기도교육청","경기도평택교육지원청","경기도 평택시","S090000701","안중고등학교","04","사립","N","","1","0","1","1","0","1","0","0","0","25","4","29","10","6","16","0","0","0","0","0","0","1","0","1","0","0","0","0","0","0","0","1","1","0","1","1","0","1","1","0","0","0","38","13","51"
"경기도교육청","경기도성남교육지원청","경기도 성남시 분당구","S090000702","야탑고등학교","04","사립","N","","2","0","2","1","0","1","0","0","0","29","17","46","4","12","16","0","0","0","0","0","0","0","0","0","0","0","0","0","1","1","0","1","1","0","1","1","0","1","1","0","0","0","36","33","69"
"경기도교육청","경기도김포교육지원청","경기도 김포시","S090000703","양곡고등학교","04","사립","N","","1","0","1","1","0","1","0","0","0","21","10","31","10","11","21","0","0","0","0","0","0","0","0","0","0","0","0","0","1","1","0","1","1","0","1","1","0","1","1","0","0","0","33","25","58"
"경기도교육청","경기도양평교육지원청","경기도 양평군","S090000704","양동고등학교","04","사립","N","","1","0","1","1","0","1","0","0","0","5","7","12","4","1","5","0","0","0","1","0","1","0","0","0","0","0","0","0","0","0","0","0","0","0","1","1","0","1","1","0","0","0","12","10","22"
"경기도교육청","경기도안양과천교육지원청","경기도 안양시 만안구","S090000705","양명고등학교","04","사립","N","","1","0","1","1","0","1","0","0","0","26","19","45","14","8","22","0","0","0","0","0","0","0","0","0","0","0","0","1","0","1","0","0","0","0","1","1","0","0","0","0","0","0","43","28","71"
"경기도교육청","경기도안양과천교육지원청","경기도 안양시 만안구","S090000706","양명여자고등학교","04","사립","N","","1","0","1","1","0","1","0","0","0","25","19","44","9","10","19","0","0","0","0","0","0","0","0","0","0","0","0","0","1","1","1","0","1","0","1","1","0","0","0","0","0","0","37","31","68"
"경기도교육청","경기도양평교육지원청","경기도 양평군","S090000707","양서고등학교","04","사립","N","","1","0","1","1","0","1","0","0","0","30","12","42","3","8","11","0","0","0","0","0","0","0","0","0","0","0","0","0","1","1","0","0","0","0","1","1","0","0","0","0","0","0","35","22","57"
"경기도교육청","경기도성남교육지원청","경기도 성남시 분당구","S090000708","양영디지털고등학교","04","공립","N","","0","1","1","0","1","1","0","0","0","9","31","40","3","5","8","0","0","0","0","0","0","0","0","0","0","0","0","0","1","1","0","0","0","0","1","1","0","2","2","0","0","0","12","42","54"
"경기도교육청","경기도양평교육지원청","경기도 양평군","S090000711","양일고등학교","04","사립","N","","1","0","1","1","0","1","0","0","0","27","13","40","7","2","9","1","0","1","1","1","2","0","0","0","0","0","0","0","1","1","0","0","0","0","1","1","0","1","1","0","0","0","38","19","57"
"경기도교육청","경기도안산교육지원청","경기도 안산시 단원구","S090000713","양지고등학교","04","공립","N","","1","0","1","2","0","2","0","0","0","21","35","56","3","10","13","1","1","2","0","1","1","0","0","0","0","0","0","0","1","1","0","0","0","0","1","1","0","0","0","0","0","0","28","49","77"
"경기도교육청","경기도양평교육지원청","경기도 양평군","S090000714","양평전자과학고등학교","04","공립","N","","1","0","1","1","0","1","0","0","0","8","2","10","3","6","9","0","0","0","0","0","0","0","0","0","0","0","0","0","0","0","0","1","1","0","1","1","0","1","1","0","0","0","13","11","24"
"경기도교육청","경기도양평교육지원청","경기도 양평군","S090000716","양평고등학교","04","공립","N","","1","0","1","0","1","1","1","0","1","9","19","28","4","13","17","1","1","2","0","2","2","0","0","0","0","0","0","0","0","0","0","1","1","0","1","1","0","0","0","0","0","0","16","38","54"
"경기도교육청","경기도여주교육지원청","경기도 여주시","S090000717","여강고등학교","04","사립","N","","1","0","1","1","0","1","0","0","0","9","3","12","1","5","6","1","0","1","0","1","1","0","0","0","0","0","0","1","0","1","0","1","1","0","1","1","0","0","0","0","0","0","14","11","25"
"경기도교육청","경기도여주교육지원청","경기도 여주시","S090000718","여주고등학교","04","사립","N","","1","0","1","2","0","2","0","0","0","18","9","27","3","7","10","0","0","0","0","0","0","0","0","0","0","0","0","0","1","1","0","1","1","0","1","1","0","1","1","0","0","0","24","20","44"
"경기도교육청","경기도여주교육지원청","경기도 여주시","S090000720","세종고등학교","04","공립","N","","1","0","1","0","1","1","0","0","0","8","8","16","6","16","22","0","2","2","1","0","1","0","0","0","0","0","0","0","1","1","0","1","1","0","2","2","0","0","0","0","0","0","16","31","47"
"경기도교육청","경기도여주교육지원청","경기도 여주시","S090000722","여주자영농업고등학교","04","공립","N","","3","0","3","2","0","2","0","0","0","18","15","33","8","22","30","1","1","2","0","2","2","0","0","0","0","0","0","0","1","1","0","1","1","0","1","1","0","2","2","0","0","0","32","45","77"
"경기도교육청","경기도여주교육지원청","경기도 여주시","S090000723","여주제일고등학교","04","사립","N","","1","0","1","1","0","1","0","0","0","16","8","24","6","6","12","1","1","2","0","0","0","0","0","0","0","0","0","0","1","1","0","1","1","0","1","1","0","0","0","0","0","0","25","18","43"
"경기도교육청","경기도연천교육지원청","경기도 연천군","S090000726","연천고등학교","04","공립","N","","1","0","1","1","0","1","0","0","0","6","4","10","1","8","9","0","1","1","1","1","2","0","0","0","0","0","0","1","0","1","0","1","1","0","1","1","0","0","0","0","0","0","11","16","27"
"경기도교육청","경기도수원교육지원청","경기도 수원시 영통구","S090000728","영덕고등학교","04","공립","N","","0","1","1","1","0","1","0","0","0","14","59","73","0","5","5","0","0","0","0","0","0","0","0","0","0","0","0","0","2","2","0","1","1","0","2","2","0","2","2","0","0","0","15","72","87"
"경기도교육청","경기도성남교육지원청","경기도 성남시 분당구","S090000729","분당영덕여자고등학교","04","사립","N","","1","0","1","1","0","1","0","0","0","18","26","44","3","16","19","0","0","0","0","0","0","0","0","0","0","0","0","0","1","1","0","1","1","0","1","1","0","1","1","0","0","0","23","46","69"
"경기도교육청","경기도수원교육지원청","경기도 수원시 팔달구","S090000730","영복여자고등학교","04","사립","N","","1","0","1","1","0","1","0","0","0","26","22","48","5","16","21","0","0","0","0","0","0","0","0","0","0","0","0","0","1","1","0","1","1","0","1","1","0","1","1","0","0","0","33","42","75"
"경기도교육청","경기도포천교육지원청","경기도 포천시","S090000731","영북고등학교","04","공립","N","","1","0","1","1","0","1","0","0","0","8","4","12","5","3","8","0","0","0","0","0","0","0","0","0","0","0","0","0","1","1","0","0","0","1","0","1","0","0","0","0","0","0","16","8","24"
"경기도교육청","경기도수원교육지원청","경기도 수원시 장안구","S090000732","영생고등학교","04","사립","N","","1","0","1","0","1","1","0","1","1","26","28","54","4","11","15","0","0","0","0","0","0","0","0","0","0","0","0","0","1","1","0","1","1","0","1","1","0","0","0","0","0","0","31","44","75"
"경기도교육청","경기도의정부교육지원청","경기도 의정부시","S090000733","동국대학교사범대학부속영석고등학교","04","사립","N","","1","0","1","1","1","2","0","0","0","25","15","40","7","18","25","0","0","0","0","0","0","0","0","0","0","0","0","1","0","1","0","0","0","0","1","1","0","1","1","0","0","0","35","36","71"
"경기도교육청","경기도수원교육지원청","경기도 수원시 권선구","S090000734","영신여자고등학교","04","사립","N","","1","0","1","1","0","1","0","0","0","20","25","45","6","11","17","0","0","0","0","0","0","0","0","0","0","0","0","1","0","1","0","1","1","0","1","1","0","0","0","0","0","0","29","38","67"
"경기도교육청","경기도화성오산교육지원청","경기도 오산시","S090000736","오산고등학교","04","사립","N","","1","0","1","0","1","1","0","0","0","23","26","49","7","7","14","0","0","0","0","0","0","0","0","0","0","0","0","0","0","0","0","1","1","0","1","1","0","0","0","0","0","0","31","36","67"
"경기도교육청","경기도화성오산교육지원청","경기도 오산시","S090000737","오산정보고등학교","04","공립","N","","1","0","1","1","0","1","0","0","0","13","27","40","6","5","11","0","4","4","0","1","1","0","0","0","0","0","0","0","1","1","0","1","1","0","1","1","0","0","0","0","0","0","21","40","61"
"경기도교육청","경기도양평교육지원청","경기도 양평군","S090000739","용문고등학교","04","사립","N","","1","0","1","1","0","1","0","0","0","15","12","27","2","7","9","0","2","2","0","0","0","0","0","0","0","0","0","0","1","1","0","0","0","0","1","1","0","0","0","0","0","0","19","23","42"
"경기도교육청","경기도용인교육지원청","경기도 용인시 처인구","S090000740","용인고등학교","04","공립","N","","1","0","1","0","3","3","0","0","0","13","51","64","1","16","17","4","3","7","0","0","0","0","0","0","0","0","0","0","2","2","0","0","0","0","3","3","0","1","1","0","0","0","19","79","98"
"경기도교육청","경기도용인교육지원청","경기도 용인시 처인구","S090000741","용인바이오고등학교","04","공립","N","","0","0","0","2","0","2","0","0","0","6","13","19","1","4","5","0","2","2","0","0","0","0","0","0","0","0","0","0","0","0","0","0","0","0","1","1","0","2","2","0","0","0","9","22","31"
"경기도교육청","경기도용인교육지원청","경기도 용인시 처인구","S090000744","덕영고등학교","04","사립","N","","1","0","1","0","0","0","0","0","0","24","23","47","2","5","7","0","0","0","0","0","0","0","0","0","0","0","0","0","1","1","0","1","1","0","6","6","0","1","1","0","0","0","27","37","64"
"경기도교육청","경기도군포의왕교육지원청","경기도 군포시","S090000745","용호고등학교","04","공립","N","","0","1","1","0","1","1","0","0","0","19","59","78","5","4","9","1","3","4","0","0","0","0","0","0","0","0","0","0","1","1","0","0","0","0","2","2","0","1","1","0","0","0","25","72","97"
"경기도교육청","경기도군포의왕교육지원청","경기도 의왕시","S090000746","우성고등학교","04","사립","N","","1","0","1","0","0","0","0","0","0","28","25","53","5","7","12","0","0","0","0","0","0","0","0","0","0","0","0","0","1","1","0","1","1","0","1","1","0","0","0","0","0","0","34","35","69"
"경기도교육청","경기도안산교육지원청","경기도 안산시 단원구","S090000747","원곡고등학교","04","공립","N","","1","0","1","1","0","1","0","0","0","28","35","63","4","12","16","1","2","3","1","0","1","0","0","0","0","0","0","0","1","1","0","0","0","1","1","2","0","0","0","0","0","0","37","51","88"
"경기도교육청","경기도부천교육지원청","경기도 부천시 원미구","S090000748","원미고등학교","04","공립","N","","0","1","1","1","0","1","0","0","0","9","37","46","4","5","9","1","1","2","0","1","1","0","0","0","0","0","0","1","0","1","0","0","0","0","1","1","0","0","0","0","0","0","16","46","62"
"경기도교육청","경기도부천교육지원청","경기도 부천시 오정구","S090000749","원종고등학교","04","공립","N","","1","0","1","1","0","1","0","0","0","15","37","52","3","7","10","1","2","3","1","0","1","0","0","0","0","0","0","1","0","1","0","0","0","0","1","1","0","1","1","0","0","0","23","48","71"
"경기도교육청","경기도수원교육지원청","경기도 수원시 팔달구","S090000750","유신고등학교","04","사립","N","","1","0","1","1","0","1","0","0","0","50","17","67","5","2","7","0","0","0","0","0","0","0","0","0","0","0","0","1","0","1","0","1","1","0","1","1","0","1","1","0","0","0","58","22","80"
"경기도교육청","경기도파주교육지원청","경기도 파주시","S090000751","율곡고등학교","04","사립","N","","1","0","1","0","1","1","0","0","0","13","16","29","6","5","11","1","1","2","0","0","0","0","0","0","0","0","0","1","0","1","1","0","1","0","1","1","0","0","0","0","0","0","23","24","47"
"경기도교육청","경기도이천교육지원청","경기도 이천시","S090000753","율면고등학교","04","공립","N","","1","0","1","0","1","1","0","0","0","2","4","6","1","5","6","0","1","1","0","0","0","0","0","0","0","0","0","0","0","0","0","1","1","0","0","0","0","0","0","0","0","0","4","12","16"
"경기도교육청","경기도시흥교육지원청","경기도 시흥시","S090000754","은행고등학교","04","공립","N","","0","1","1","1","0","1","0","1","1","14","39","53","5","16","21","0","2","2","1","0","1","0","0","0","0","0","0","0","1","1","0","0","0","0","1","1","0","0","0","0","0","0","21","61","82"
"경기도교육청","경기도평택교육지원청","경기도 평택시","S090000755","은혜고등학교","04","사립","N","","1","0","1","0","1","1","0","0","0","25","26","51","4","9","13","0","0","0","0","0","0","0","0","0","0","0","0","0","1","1","0","1","1","0","1","1","0","1","1","0","0","0","30","40","70"
"경기도교육청","경기도의정부교육지원청","경기도 의정부시","S090000756","의정부고등학교","04","공립","N","","1","0","1","2","0","2","0","0","0","15","39","54","0","2","2","0","2","2","0","0","0","0","0","0","0","0","0","0","0","0","0","0","0","0","1","1","0","3","3","0","0","0","18","47","65"
"경기도교육청","경기도의정부교육지원청","경기도 의정부시","S090000757","한국모빌리티고등학교","04","공립","N","","1","0","1","1","0","1","0","0","0","43","25","68","7","7","14","2","2","4","0","0","0","0","0","0","0","0","0","0","2","2","0","0","0","0","2","2","0","0","0","0","0","0","54","38","92"
"경기도교육청","경기도의정부교육지원청","경기도 의정부시","S090000758","의정부여자고등학교","04","공립","N","","0","1","1","1","0","1","0","0","0","11","37","48","0","1","1","0","3","3","0","0","0","0","0","0","0","0","0","0","1","1","0","1","1","0","1","1","0","1","1","0","0","0","12","46","58"
"경기도교육청","경기도성남교육지원청","경기도 성남시 분당구","S090000759","이매고등학교","04","공립","N","","0","1","1","0","1","1","0","0","0","13","47","60","1","5","6","0","0","0","0","0","0","0","0","0","0","0","0","0","0","0","0","1","1","0","1","1","0","1","1","0","0","0","14","57","71"
"경기도교육청","경기도이천교육지원청","경기도 이천시","S090000760","이천고등학교","04","공립","N","","1","0","1","1","0","1","0","0","0","15","22","37","9","16","25","1","1","2","0","0","0","0","0","0","0","0","0","0","1","1","0","1","1","0","1","1","0","1","1","0","0","0","27","43","70"
"경기도교육청","경기도이천교육지원청","경기도 이천시","S090000762","이천제일고등학교","04","공립","N","","1","0","1","3","1","4","0","0","0","35","31","66","16","19","35","1","3","4","1","3","4","0","0","0","0","0","0","0","1","1","0","1","1","0","2","2","0","0","0","0","0","0","57","61","118"
"경기도교육청","경기도이천교육지원청","경기도 이천시","S090000763","이천양정여자고등학교","04","사립","N","","1","0","1","1","0","1","0","0","0","23","24","47","1","12","13","0","0","0","0","0","0","0","0","0","0","0","0","0","1","1","0","1","1","0","1","1","0","2","2","0","0","0","26","41","67"
"경기도교육청","경기도이천교육지원청","경기도 이천시","S090000765","다산고등학교","04","사립","N","","1","0","1","0","1","1","1","0","1","17","15","32","5","8","13","0","0","0","0","0","0","0","0","0","0","0","0","0","1","1","0","1","1","0","7","7","0","0","0","0","0","0","24","33","57"
"경기도교육청","경기도여주교육지원청","경기도 여주시","S090000767","이포고등학교","04","공립","N","","1","0","1","1","0","1","0","0","0","6","6","12","5","1","6","1","0","1","0","0","0","0","0","0","0","0","0","0","1","1","1","0","1","0","1","1","0","0","0","0","0","0","15","9","24"
"경기도교육청","경기도구리남양주교육지원청","경기도 구리시","S090000769","인창고등학교","04","공립","N","","0","2","2","0","1","1","0","0","0","13","31","44","2","6","8","1","2","3","0","0","0","0","0","0","0","0","0","0","0","0","0","0","0","0","1","1","0","1","1","0","0","0","16","44","60"
"경기도교육청","경기도포천교육지원청","경기도 포천시","S090000770","일동고등학교","04","공립","N","","0","1","1","0","1","1","0","0","0","10","7","17","4","10","14","1","1","2","2","1","3","0","0","0","0","0","0","1","0","1","1","0","1","0","2","2","0","0","0","0","0","0","19","23","42"
"경기도교육청","경기도고양교육지원청","경기도 고양시 일산서구","S090000771","일산고등학교","04","공립","N","","1","0","1","1","1","2","0","0","0","14","25","39","7","25","32","0","0","0","0","0","0","0","0","0","0","0","0","0","1","1","0","0","0","0","1","1","0","0","0","0","0","0","23","53","76"
"경기도교육청","경기도고양교육지원청","경기도 고양시 일산서구","S090000772","일산대진고등학교","04","사립","N","","1","0","1","1","0","1","0","0","0","27","44","71","2","7","9","0","0","0","0","0","0","0","0","0","0","0","0","0","1","1","0","1","1","0","2","2","0","0","0","0","0","0","31","55","86"
"경기도교육청","경기도고양교육지원청","경기도 고양시 일산서구","S090000773","일산동고등학교","04","공립","N","","1","0","1","1","3","4","0","0","0","10","41","51","4","13","17","0","1","1","0","3","3","0","0","0","0","0","0","0","1","1","0","1","1","0","1","1","0","1","1","0","0","0","16","65","81"
"경기도교육청","경기도고양교육지원청","경기도 고양시 일산서구","S090000775","일산국제컨벤션고등학교","04","공립","N","","1","0","1","1","0","1","0","0","0","12","41","53","3","11","14","2","1","3","0","0","0","0","0","0","0","0","0","0","1","1","0","1","1","0","2","2","0","1","1","0","0","0","19","58","77"
"경기도교육청","경기도안성교육지원청","경기도 안성시","S090000777","일죽고등학교","04","공립","N","","1","0","1","1","0","1","0","0","0","8","5","13","1","2","3","0","0","0","0","0","0","0","0","0","0","0","0","0","0","0","0","0","0","0","1","1","0","0","0","0","0","0","11","8","19"
"경기도교육청","경기도시흥교육지원청","경기도 시흥시","S090000778","장곡고등학교","04","공립","N","","0","1","1","1","1","2","0","0","0","11","32","43","7","10","17","1","1","2","1","0","1","0","0","0","0","0","0","0","1","1","0","0","0","0","1","1","0","0","0","0","0","0","21","47","68"
"경기도교육청","경기도수원교육지원청","경기도 수원시 장안구","S090000779","장안고등학교","04","공립","N","","1","0","1","1","0","1","0","0","0","19","40","59","0","3","3","0","3","3","0","1","1","0","0","0","0","0","0","1","0","1","0","0","0","0","2","2","0","0","0","0","0","0","22","49","71"
"경기도교육청","경기도이천교육지원청","경기도 이천시","S090000780","부원고등학교","04","사립","N","","1","0","1","1","0","1","0","0","0","22","9","31","1","3","4","0","0","0","0","0","0","0","0","0","0","0","0","0","1","1","0","0","0","0","1","1","0","1","1","0","0","0","25","15","40"
"경기도교육청","경기도이천교육지원청","경기도 이천시","S090000781","장호원고등학교","04","공립","N","","1","0","1","1","0","1","0","0","0","5","11","16","5","12","17","2","0","2","0","0","0","0","0","0","0","0","0","1","0","1","1","0","1","0","1","1","0","1","1","0","0","0","16","25","41"
"경기도교육청","경기도고양교육지원청","경기도 고양시 일산동구","S090000783","저동고등학교","04","공립","N","","0","1","1","0","1","1","0","0","0","8","48","56","3","8","11","0","3","3","0","0","0","0","0","0","0","0","0","0","1","1","0","0","0","0","1","1","0","1","1","0","0","0","11","64","75"
"경기도교육청","경기도파주교육지원청","경기도 파주시","S090000784","적성융합고등학교","04","공립","N","","0","1","1","1","0","1","0","0","0","5","9","14","2","0","2","0","0","0","0","1","1","0","0","0","0","0","0","0","0","0","0","0","0","0","1","1","0","0","0","1","0","1","9","12","21"
"경기도교육청","경기도연천교육지원청","경기도 연천군","S090000786","전곡고등학교","04","공립","N","","1","0","1","1","0","1","0","1","1","20","9","29","12","20","32","1","0","1","1","3","4","0","0","0","0","0","0","1","1","2","0","1","1","0","2","2","0","2","2","0","0","0","37","39","76"
"경기도교육청","경기도여주교육지원청","경기도 여주시","S090000787","점동고등학교","04","공립","N","","1","0","1","1","0","1","0","0","0","5","5","10","1","4","5","0","2","2","0","0","0","0","0","0","0","0","0","0","0","0","0","0","0","0","1","1","0","0","0","0","0","0","8","12","20"
"경기도교육청","경기도부천교육지원청","경기도 부천시 소사구","S090000788","정명고등학교","04","사립","N","","0","1","1","1","0","1","0","0","0","21","16","37","9","13","22","0","0","0","0","0","0","0","0","0","0","0","0","1","0","1","0","1","1","0","1","1","0","0","0","0","0","0","32","32","64"
"경기도교육청","경기도부천교육지원청","경기도 부천시 소사구","S090000790","경기경영고등학교","04","사립","N","","1","0","1","1","0","1","0","0","0","21","9","30","7","24","31","0","1","1","0","0","0","0","0","0","0","0","0","0","1","1","0","1","1","0","1","1","0","1","1","0","0","0","30","38","68"
"경기도교육청","경기도고양교육지원청","경기도 고양시 일산동구","S090000791","정발고등학교","04","공립","N","","1","0","1","0","1","1","0","0","0","18","35","53","5","12","17","0","3","3","0","0","0","0","0","0","0","0","0","0","0","0","0","0","0","0","2","2","0","0","0","0","0","0","24","53","77"
"경기도교육청","경기도시흥교육지원청","경기도 시흥시","S090000792","정왕고등학교","04","공립","N","","0","1","1","1","0","1","0","0","0","22","31","53","2","12","14","0","0","0","0","0","0","0","0","0","0","0","0","0","1","1","0","0","0","0","1","1","0","1","1","0","0","0","25","47","72"
"경기도교육청","경기도가평교육지원청","경기도 가평군","S090000796","조종고등학교","04","공립","N","","1","0","1","1","0","1","0","0","0","5","5","10","3","11","14","0","0","0","0","2","2","0","0","0","0","0","0","0","0","0","0","1","1","0","1","1","0","0","0","0","0","0","10","20","30"
"경기도교육청","경기도고양교육지원청","경기도 고양시 일산서구","S090000797","주엽고등학교","04","공립","N","","0","1","1","0","1","1","0","0","0","19","50","69","3","5","8","0","2","2","1","0","1","0","0","0","0","0","0","1","0","1","0","0","0","0","3","3","0","1","1","0","0","0","24","63","87"
"경기도교육청","경기도고양교육지원청","경기도 고양시 일산서구","S090000798","경기영상과학고등학교","04","공립","N","","1","0","1","0","1","1","0","1","1","19","32","51","2","8","10","0","0","0","0","0","0","0","0","0","0","0","0","0","1","1","0","1","1","0","1","1","0","1","1","0","0","0","22","46","68"
"경기도교육청","경기도안성교육지원청","경기도 안성시","S090000800","죽산고등학교","04","공립","N","","1","0","1","1","1","2","0","0","0","7","4","11","6","6","12","1","0","1","0","0","0","0","0","0","0","0","0","0","0","0","0","0","0","0","1","1","0","0","0","0","0","0","16","12","28"
"경기도교육청","경기도용인교육지원청","경기도 용인시 수지구","S090000801","죽전고등학교","04","공립","N","","1","0","1","1","0","1","0","0","0","15","52","67","3","6","9","0","0","0","0","0","0","0","0","0","0","0","0","0","1","1","0","0","0","0","1","1","0","1","1","0","0","0","20","61","81"
"경기도교육청","경기도고양교육지원청","경기도 고양시 일산동구","S090000802","중산고등학교","04","공립","N","","0","1","1","2","0","2","0","0","0","13","43","56","2","8","10","1","0","1","0","0","0","0","0","0","0","0","0","0","0","0","0","0","0","0","1","1","0","1","1","0","0","0","18","54","72"
"경기도교육청","경기도부천교육지원청","경기도 부천시 원미구","S090000803","중원고등학교","04","공립","N","","1","0","1","1","0","1","0","0","0","14","35","49","2","7","9","1","1","2","0","0","0","0","0","0","0","0","0","0","0","0","0","1","1","0","1","1","0","1","1","0","0","0","19","46","65"
"경기도교육청","경기도부천교육지원청","경기도 부천시 원미구","S090000804","중흥고등학교","04","공립","N","","1","0","1","0","1","1","0","0","0","14","42","56","1","6","7","1","0","1","0","1","1","0","0","0","0","0","0","0","1","1","0","1","1","0","1","1","0","0","0","0","0","0","17","53","70"
"경기도교육청","경기도양평교육지원청","경기도 양평군","S090000805","지평고등학교","04","공립","N","","0","1","1","1","0","1","0","0","0","5","5","10","1","3","4","0","1","1","1","0","1","0","0","0","0","0","0","1","0","1","0","1","1","0","4","4","0","1","1","0","0","0","9","16","25"
"경기도교육청","경기도구리남양주교육지원청","경기도 남양주시","S090000806","진건고등학교","04","공립","N","","1","0","1","1","0","1","0","0","0","22","39","61","4","9","13","1","1","2","0","1","1","0","0","0","0","0","0","0","1","1","0","1","1","0","2","2","0","1","1","0","0","0","29","55","84"
"경기도교육청","경기도광명교육지원청","경기도 광명시","S090000807","진성고등학교","04","사립","N","","0","1","1","1","0","1","0","0","0","27","19","46","3","7","10","0","0","0","0","0","0","0","0","0","0","0","0","0","1","1","0","0","0","0","1","1","0","0","0","0","0","0","31","29","60"
"경기도교육청","경기도평택교육지원청","경기도 평택시","S090000810","진위고등학교","04","사립","N","","0","1","1","1","0","1","0","0","0","17","16","33","4","11","15","0","0","0","0","0","0","0","0","0","0","0","0","0","1","1","0","1","1","0","1","1","0","1","1","0","0","0","22","32","54"
"경기도교육청","경기도여주교육지원청","경기도 여주시","S090000811","경기관광고등학교","04","사립","N","","1","0","1","1","0","1","0","0","0","9","16","25","0","1","1","0","0","0","0","0","0","0","0","0","0","0","0","0","1","1","0","0","0","0","1","1","0","1","1","0","0","0","11","20","31"
"경기도교육청","경기도수원교육지원청","경기도 수원시 팔달구","S090000812","창현고등학교","04","사립","N","","1","0","1","1","0","1","0","0","0","48","19","67","6","10","16","0","0","0","0","0","0","0","0","0","0","0","0","0","1","1","1","0","1","0","2","2","0","1","1","0","0","0","57","33","90"
"경기도교육청","경기도평택교육지원청","경기도 평택시","S090000813","청담고등학교","04","사립","N","","1","0","1","0","1","1","0","0","0","24","16","40","13","9","22","0","0","0","0","0","0","0","0","0","0","0","0","0","1","1","0","0","0","0","1","1","0","0","0","0","0","0","38","28","66"
"경기도교육청","경기도수원교육지원청","경기도 수원시 영통구","S090000815","청명고등학교","04","공립","N","","1","0","1","1","0","1","0","0","0","17","55","72","1","6","7","0","3","3","0","0","0","0","0","0","0","0","0","0","1","1","0","1","1","0","2","2","0","1","1","0","0","0","20","69","89"
"경기도교육청","경기도양평교육지원청","경기도 양평군","S090000816","청운고등학교","04","공립","N","","1","0","1","1","0","1","0","0","0","4","5","9","1","2","3","0","0","0","0","0","0","0","0","0","0","0","0","0","1","1","0","0","0","0","1","1","0","1","1","0","0","0","7","10","17"
"경기도교육청","경기도가평교육지원청","경기도 가평군","S090000817","청평고등학교","04","공립","N","","1","0","1","0","1","1","0","0","0","11","4","15","5","7","12","1","1","2","2","1","3","0","0","0","0","0","0","0","1","1","0","0","0","0","1","1","0","1","1","0","0","0","20","17","37"
"경기도교육청","경기도구리남양주교육지원청","경기도 남양주시","S090000818","청학고등학교","04","공립","N","","0","1","1","1","0","1","0","0","0","11","20","31","4","10","14","0","0","0","0","0","0","0","0","0","0","0","0","0","1","1","0","0","0","0","2","2","0","1","1","0","0","0","16","35","51"
"경기도교육청","경기도안산교육지원청","경기도 안산시 단원구","S090000819","초지고등학교","04","공립","N","","0","1","1","1","0","1","0","0","0","23","27","50","4","13","17","1","0","1","0","0","0","0","0","0","0","0","0","0","1","1","0","0","0","0","2","2","0","0","0","0","0","0","29","44","73"
"경기도교육청","경기도광명교육지원청","경기도 광명시","S090000820","충현고등학교","04","공립","N","","0","1","1","0","1","1","0","0","0","17","46","63","1","2","3","0","0","0","0","0","0","0","0","0","0","0","0","0","1","1","0","0","0","0","1","1","0","0","0","0","0","0","18","52","70"
"경기도교육청","경기도평택교육지원청","경기도 평택시","S090000821","태광고등학교","04","사립","N","","1","0","1","1","0","1","0","0","0","22","19","41","6","12","18","0","0","0","0","0","0","0","0","0","0","0","0","0","1","1","0","1","1","0","1","1","0","1","1","0","0","0","30","35","65"
"경기도교육청","경기도용인교육지원청","경기도 용인시 처인구","S090000822","태성고등학교","04","사립","N","","1","0","1","1","0","1","0","0","0","23","14","37","7","13","20","0","0","0","0","0","0","0","0","0","0","0","0","0","1","1","0","1","1","0","1","1","0","0","0","0","0","0","32","30","62"
"경기도교육청","경기도성남교육지원청","경기도 성남시 분당구","S090000823","태원고등학교","04","사립","N","","1","0","1","1","0","1","0","0","0","18","40","58","7","6","13","0","0","0","0","0","0","0","0","0","0","0","0","0","1","1","0","1","1","0","1","1","0","1","1","0","0","0","27","50","77"
"경기도교육청","경기도수원교육지원청","경기도 수원시 영통구","S090000824","태장고등학교","04","공립","N","","1","0","1","0","1","1","0","1","1","16","55","71","2","5","7","0","3","3","0","1","1","0","0","0","0","0","0","0","0","0","0","0","0","0","2","2","0","1","1","0","0","0","19","69","88"
"경기도교육청","경기도구리남양주교육지원청","경기도 구리시","S090000825","토평고등학교","04","공립","N","","1","0","1","1","0","1","0","0","0","5","41","46","3","3","6","0","3","3","0","0","0","0","0","0","0","0","0","0","1","1","0","1","1","0","1","1","0","0","0","0","0","0","10","50","60"
"경기도교육청","경기도김포교육지원청","경기도 김포시","S090000826","통진고등학교","04","사립","N","","1","0","1","1","0","1","0","0","0","31","27","58","3","6","9","1","1","2","0","0","0","0","0","0","0","0","0","0","1","1","1","0","1","0","1","1","0","1","1","0","0","0","38","37","75"
"경기도교육청","경기도구리남양주교육지원청","경기도 남양주시","S090000827","퇴계원고등학교","04","공립","N","","0","1","1","1","0","1","0","0","0","28","27","55","7","7","14","0","2","2","0","1","1","0","0","0","0","0","0","0","2","2","0","1","1","0","1","1","0","1","1","0","0","0","36","43","79"
"경기도교육청","경기도파주교육지원청","경기도 파주시","S090000829","세경고등학교","04","사립","N","","1","0","1","1","0","1","0","0","0","29","14","43","14","6","20","0","0","0","0","0","0","0","0","0","0","0","0","0","1","1","0","1","1","0","4","4","0","0","0","1","0","1","46","26","72"
"경기도교육청","경기도파주교육지원청","경기도 파주시","S090000831","정목고등학교","04","사립","N","","2","0","2","0","1","1","0","0","0","13","14","27","7","12","19","0","0","0","0","0","0","0","0","0","0","0","0","0","1","1","0","0","0","0","1","1","0","0","0","0","0","0","22","29","51"
"경기도교육청","경기도파주교육지원청","경기도 파주시","S090000832","파주고등학교","04","사립","N","","0","1","1","1","1","2","0","0","0","9","13","22","2","8","10","0","0","0","0","0","0","0","0","0","0","0","0","0","0","0","0","1","1","0","1","1","0","1","1","0","0","0","12","26","38"
"경기도교육청","경기도수원교육지원청","경기도 수원시 영통구","S090000833","수원하이텍고등학교","04","공립","N","","0","0","0","0","1","1","0","0","0","29","24","53","1","3","4","0","0","0","0","0","0","0","0","0","0","0","0","1","0","1","0","1","1","0","1","1","0","1","1","1","0","1","32","31","63"
"경기도교육청","경기도안양과천교육지원청","경기도 안양시 동안구","S090000834","평촌고등학교","04","공립","N","","0","1","1","1","0","1","0","0","0","19","58","77","1","6","7","0","4","4","0","1","1","0","0","0","0","0","0","1","0","1","0","1","1","0","2","2","0","2","2","0","0","0","22","75","97"
"경기도교육청","경기도안양과천교육지원청","경기도 안양시 동안구","S090000835","평촌과학기술고등학교","04","공립","N","","1","0","1","1","0","1","0","0","0","17","31","48","2","8","10","1","1","2","0","0","0","0","0","0","0","0","0","1","0","1","0","0","0","0","1","1","0","0","0","0","0","0","23","41","64"
"경기도교육청","경기도안양과천교육지원청","경기도 안양시 동안구","S090000836","평촌경영고등학교","04","공립","N","","1","0","1","0","1","1","0","0","0","15","49","64","2","13","15","1","3","4","0","0","0","0","0","0","0","0","0","0","1","1","0","0","0","0","1","1","0","1","1","0","0","0","19","69","88"
"경기도교육청","경기도평택교육지원청","경기도 평택시","S090000837","평택고등학교","04","공립","N","","1","0","1","1","0","1","0","0","0","17","23","40","11","12","23","1","2","3","0","1","1","0","0","0","0","0","0","1","1","2","0","1","1","0","1","1","0","1","1","0","0","0","32","42","74"
"경기도교육청","경기도평택교육지원청","경기도 평택시","S090000838","평택마이스터고등학교","04","공립","N","","1","0","1","1","0","1","0","0","0","30","16","46","5","8","13","0","3","3","0","1","1","0","0","0","0","0","0","0","1","1","0","1","1","0","1","1","0","1","1","0","0","0","37","32","69"
"경기도교육청","경기도평택교육지원청","경기도 평택시","S090000840","평택여자고등학교","04","공립","N","","1","0","1","0","1","1","0","0","0","14","34","48","6","26","32","0","2","2","0","1","1","0","0","0","0","0","0","0","1","1","0","0","0","0","2","2","0","0","0","0","0","0","21","67","88"
"경기도교육청","경기도포천교육지원청","경기도 포천시","S090000841","포천고등학교","04","공립","N","","1","0","1","1","1","2","0","0","0","15","32","47","2","7","9","0","1","1","1","1","2","0","0","0","0","0","0","0","0","0","0","0","0","0","1","1","0","0","0","0","0","0","20","43","63"
"경기도교육청","경기도포천교육지원청","경기도 포천시","S090000843","포천일고등학교","04","공립","N","","1","0","1","1","0","1","0","0","0","17","20","37","4","31","35","2","0","2","0","1","1","0","0","0","0","0","0","0","1","1","0","0","0","0","1","1","0","1","1","0","0","0","25","55","80"
"경기도교육청","경기도용인교육지원청","경기도 용인시 수지구","S090000844","풍덕고등학교","04","공립","N","","1","0","1","1","0","1","0","0","0","15","57","72","2","4","6","1","1","2","1","0","1","0","0","0","0","0","0","0","1","1","0","0","0","0","2","2","0","1","1","0","0","0","21","66","87"
"경기도교육청","경기도성남교육지원청","경기도 성남시 수정구","S090000847","풍생고등학교","04","사립","N","","1","0","1","0","0","0","0","0","0","33","18","51","5","9","14","0","0","0","0","0","0","0","0","0","0","0","0","1","0","1","0","1","1","0","2","2","0","1","1","0","0","0","40","31","71"
"경기도교육청","경기도광주하남교육지원청","경기도 하남시","S090000848","하남고등학교","04","사립","N","","1","0","1","1","0","1","0","0","0","25","14","39","9","14","23","0","0","0","0","0","0","0","0","0","0","0","0","0","1","1","0","1","1","0","1","1","0","1","1","0","1","1","36","33","69"
"경기도교육청","경기도광주하남교육지원청","경기도 하남시","S090000849","하남경영고등학교","04","공립","N","","1","0","1","1","0","1","0","0","0","8","40","48","1","5","6","0","2","2","0","0","0","0","0","0","0","0","0","0","1","1","0","0","0","0","9","9","0","0","0","0","0","0","11","57","68"
"경기도교육청","경기도김포교육지원청","경기도 김포시","S090000850","하성고등학교","04","공립","N","","1","0","1","0","1","1","0","0","0","8","15","23","5","5","10","0","0","0","0","0","0","0","0","0","0","0","0","0","1","1","0","1","1","0","1","1","0","0","0","0","0","0","14","24","38"
"경기도교육청","경기도평택교육지원청","경기도 평택시","S090000851","한광고등학교","04","사립","N","","1","0","1","1","0","1","0","0","0","25","12","37","8","14","22","0","0","0","0","0","0","0","0","0","0","0","0","0","0","0","1","0","1","0","1","1","0","0","0","0","0","0","36","27","63"
"경기도교육청","경기도평택교육지원청","경기도 평택시","S090000852","한광여자고등학교","04","사립","N","","0","1","1","1","0","1","0","0","0","20","36","56","11","2","13","0","0","0","0","0","0","0","0","0","0","0","0","0","0","0","0","1","1","0","1","1","0","1","1","0","0","0","32","42","74"
"경기도교육청","경기도평택교육지원청","경기도 평택시","S090000853","한국관광고등학교","04","사립","N","","1","1","2","1","0","1","0","0","0","7","8","15","1","2","3","0","0","0","0","0","0","0","0","0","0","0","0","0","0","0","0","0","0","0","1","1","0","1","1","0","0","0","10","13","23"
"경기도교육청","경기도이천교육지원청","경기도 이천시","S090000854","한국도예고등학교","04","공립","N","","0","0","0","1","0","1","0","0","0","5","6","11","2","7","9","0","0","0","0","0","0","0","0","0","0","0","0","0","0","0","0","1","1","0","1","1","0","1","1","0","0","0","8","16","24"
"경기도교육청","경기도안산교육지원청","경기도 안산시 단원구","S090000855","한국디지털미디어고등학교","04","사립","N","","1","0","1","1","0","1","0","0","0","12","8","20","9","6","15","0","0","0","0","0","0","0","0","0","0","0","0","0","0","0","0","0","0","0","1","1","0","0","0","2","0","2","25","15","40"
"경기도교육청","경기도광주하남교육지원청","경기도 하남시","S090000856","한국애니메이션고등학교","04","공립","N","","0","1","1","0","1","1","0","0","0","6","20","26","0","4","4","0","0","0","0","0","0","1","0","1","0","0","0","0","1","1","0","1","1","0","1","1","0","1","1","1","1","2","8","31","39"
"경기도교육청","경기도시흥교육지원청","경기도 시흥시","S090000857","한국조리과학고등학교","04","사립","N","","2","0","2","1","0","1","0","0","0","7","9","16","9","6","15","0","0","0","0","0","0","0","0","0","1","1","2","0","1","1","0","1","1","0","1","1","0","0","0","0","0","0","20","19","39"
"경기도교육청","경기도성남교육지원청","경기도 성남시 분당구","S090000858","한솔고등학교","04","공립","N","","1","0","1","1","0","1","0","0","0","7","56","63","3","3","6","0","2","2","0","0","0","0","0","0","0","0","0","0","0","0","0","1","1","0","2","2","0","1","1","0","0","0","12","65","77"
"경기도교육청","경기도시흥교육지원청","경기도 시흥시","S090000859","경기자동차과학고등학교","04","사립","N","","1","0","1","0","0","0","0","0","0","28","13","41","5","10","15","0","0","0","0","0","0","0","0","0","0","0","0","0","1","1","0","1","1","0","1","1","0","1","1","0","0","0","34","27","61"
"경기도교육청","경기도시흥교육지원청","경기도 시흥시","S090000862","함현고등학교","04","공립","N","","0","1","1","2","1","3","0","0","0","18","31","49","1","9","10","1","1","2","1","0","1","0","0","0","0","0","0","0","1","1","0","0","0","0","2","2","0","1","1","0","0","0","23","47","70"
"경기도교육청","경기도고양교육지원청","경기도 고양시 덕양구","S090000863","행신고등학교","04","공립","N","","0","1","1","0","1","1","0","0","0","14","48","62","2","3","5","1","1","2","0","1","1","0","0","0","0","0","0","0","1","1","0","0","0","0","1","1","0","1","1","0","0","0","17","58","75"
"경기도교육청","경기도의정부교육지원청","경기도 의정부시","S090000865","호원고등학교","04","공립","N","","1","0","1","0","1","1","0","0","0","16","50","66","1","4","5","0","3","3","0","0","0","0","0","0","0","0","0","0","0","0","0","0","0","0","2","2","0","0","0","0","0","0","18","60","78"
"경기도교육청","경기도화성오산교육지원청","경기도 화성시 만세구","S090000867","화성고등학교","04","사립","N","","1","0","1","0","1","1","0","0","0","30","13","43","7","7","14","0","0","0","0","0","0","0","0","0","0","0","0","0","1","1","0","1","1","0","1","1","0","2","2","0","0","0","38","26","64"
"경기도교육청","경기도고양교육지원청","경기도 고양시 덕양구","S090000868","화수고등학교","04","공립","N","","0","2","2","0","0","0","0","0","0","12","47","59","1","7","8","1","4","5","0","0","0","0","0","0","0","0","0","0","1","1","0","0","0","0","2","2","0","1","1","0","0","0","14","64","78"
"경기도교육청","경기도고양교육지원청","경기도 고양시 덕양구","S090000869","화정고등학교","04","공립","N","","1","1","2","1","1","2","0","0","0","19","43","62","3","3","6","1","0","1","0","1","1","0","0","0","0","0","0","0","1","1","0","0","0","0","1","1","0","1","1","0","0","0","25","52","77"
"경기도교육청","경기도수원교육지원청","경기도 수원시 권선구","S090000870","화홍고등학교","04","공립","N","","1","0","1","1","0","1","0","1","1","14","53","67","4","6","10","0","0","0","0","0","0","0","0","0","0","0","0","1","0","1","0","1","1","0","3","3","0","0","0","0","0","0","21","64","85"
"경기도교육청","경기도평택교육지원청","경기도 평택시","S090000871","효명고등학교","04","사립","N","","1","0","1","1","0","1","0","0","0","25","21","46","7","9","16","0","0","0","0","0","0","0","0","0","0","0","0","0","0","0","0","1","1","0","1","1","0","1","1","0","0","0","34","33","67"
"경기도교육청","경기도성남교육지원청","경기도 성남시 수정구","S090000872","효성고등학교","04","사립","N","","0","1","1","1","0","1","0","0","0","28","21","49","0","5","5","0","0","0","0","0","0","0","0","0","0","0","0","0","2","2","0","1","1","0","1","1","0","1","1","0","0","0","29","32","61"
"경기도교육청","경기도수원교육지원청","경기도 수원시 영통구","S090000873","효원고등학교","04","공립","N","","1","0","1","1","0","1","0","0","0","20","58","78","1","3","4","0","0","0","0","0","0","0","0","0","0","0","0","0","0","0","0","1","1","0","2","2","0","1","1","0","0","0","23","65","88"
"경기도교육청","경기도군포의왕교육지원청","경기도 군포시","S090000874","흥진고등학교","04","공립","N","","1","0","1","3","0","3","0","1","1","14","52","66","2","4","6","1","0","1","0","2","2","0","0","0","0","0","0","0","1","1","1","0","1","0","2","2","0","1","1","0","0","0","22","63","85"
"경기도교육청","경기도성남교육지원청","경기도 성남시 분당구","S090004768","돌마고등학교","04","공립","N","","1","0","1","0","1","1","0","0","0","11","50","61","1","1","2","0","3","3","1","0","1","0","0","0","0","0","0","0","1","1","0","0","0","0","1","1","0","1","1","0","0","0","14","58","72"
"경기도교육청","경기도의정부교육지원청","경기도 의정부시","S090004831","부용고등학교","04","공립","N","","1","0","1","0","1","1","0","0","0","18","41","59","5","9","14","0","2","2","0","0","0","0","0","0","0","0","0","0","1","1","0","0","0","0","1","1","0","0","0","0","0","0","24","55","79"
"경기도교육청","경기도부천교육지원청","경기도 부천시 원미구","S090004832","경기예술고등학교","04","공립","N","","1","0","1","1","0","1","0","0","0","11","20","31","3","8","11","0","0","0","0","0","0","0","0","0","0","0","0","0","1","1","0","1","1","0","1","1","0","0","0","0","0","0","16","31","47"
"경기도교육청","경기도안산교육지원청","경기도 안산시 상록구","S090004833","송호고등학교","04","공립","N","","1","0","1","0","1","1","1","0","1","14","38","52","5","16","21","2","1","3","0","0","0","0","0","0","0","0","0","0","1","1","0","0","0","0","1","1","0","1","1","0","0","0","23","59","82"
"경기도교육청","경기도시흥교육지원청","경기도 시흥시","S090004834","시흥고등학교","04","공립","N","","2","0","2","1","1","2","0","0","0","19","42","61","3","5","8","0","3","3","0","1","1","0","0","0","0","0","0","0","1","1","0","0","0","0","1","1","0","1","1","0","0","0","25","55","80"
"경기도교육청","경기도화성오산교육지원청","경기도 오산시","S090004835","운천고등학교","04","공립","N","","1","0","1","1","0","1","0","0","0","14","28","42","10","13","23","0","5","5","0","0","0","0","0","0","0","0","0","0","0","0","0","1","1","0","2","2","0","0","0","0","0","0","26","49","75"
"경기도교육청","경기도용인교육지원청","경기도 용인시 수지구","S090004893","서원고등학교","04","공립","N","","2","0","2","1","0","1","0","0","0","12","51","63","2","9","11","0","2","2","0","0","0","0","0","0","0","0","0","0","0","0","0","1","1","0","2","2","0","1","1","0","0","0","17","66","83"
"경기도교육청","경기도수원교육지원청","경기도 수원시 장안구","S090004895","천천고등학교","04","공립","N","","0","1","1","1","0","1","0","0","0","24","33","57","0","9","9","0","4","4","0","0","0","0","0","0","0","0","0","0","0","0","0","1","1","0","1","1","0","0","0","0","0","0","25","49","74"
"경기도교육청","경기도수원교육지원청","경기도 수원시 장안구","S090004896","조원고등학교","04","공립","N","","1","0","1","1","0","1","0","0","0","8","52","60","2","7","9","0","3","3","0","0","0","0","0","0","0","0","0","0","2","2","0","1","1","0","1","1","0","1","1","0","0","0","12","67","79"
"경기도교육청","경기도성남교육지원청","경기도 성남시 분당구","S090004897","늘푸른고등학교","04","공립","N","","1","0","1","1","0","1","0","0","0","13","46","59","0","1","1","0","2","2","0","0","0","0","0","0","0","0","0","0","1","1","0","0","0","0","1","1","0","0","0","0","0","0","15","51","66"
"경기도교육청","경기도안양과천교육지원청","경기도 안양시 만안구","S090004898","충훈고등학교","04","공립","N","","1","0","1","0","1","1","0","0","0","12","49","61","1","5","6","1","2","3","0","0","0","0","0","0","0","0","0","0","0","0","0","0","0","0","2","2","0","1","1","0","0","0","15","60","75"
"경기도교육청","경기도부천교육지원청","경기도 부천시 원미구","S090004899","상일고등학교","04","공립","N","","1","0","1","2","0","2","0","0","0","13","39","52","1","0","1","0","0","0","0","0","0","0","0","0","0","0","0","0","1","1","0","1","1","0","1","1","0","0","0","0","0","0","17","42","59"
"경기도교육청","경기도부천교육지원청","경기도 부천시 소사구","S090004900","송내고등학교","04","공립","N","","0","1","1","2","0","2","0","0","0","13","39","52","2","3","5","0","0","0","0","0","0","0","0","0","0","0","0","1","0","1","0","0","0","0","1","1","0","2","2","0","0","0","18","46","64"
"경기도교육청","경기도용인교육지원청","경기도 용인시 기흥구","S090004901","구성고등학교","04","공립","N","","1","0","1","0","1","1","0","0","0","16","42","58","1","7","8","2","3","5","0","1","1","0","0","0","0","0","0","1","0","1","0","1","1","0","1","1","0","0","0","0","0","0","21","56","77"
"경기도교육청","경기도수원교육지원청","경기도 수원시 영통구","S090004902","매탄고등학교","04","공립","N","","0","1","1","1","0","1","0","0","0","16","57","73","1","2","3","1","3","4","0","0","0","0","0","0","0","0","0","0","1","1","0","0","0","0","3","3","0","1","1","0","0","0","19","68","87"
"경기도교육청","경기도안양과천교육지원청","경기도 안양시 동안구","S090004905","인덕원고등학교","04","공립","N","","1","0","1","1","0","1","0","0","0","10","58","68","2","5","7","1","0","1","0","0","0","0","0","0","0","0","0","0","3","3","0","1","1","0","2","2","0","0","0","0","0","0","15","69","84"
"경기도교육청","경기도부천교육지원청","경기도 부천시 소사구","S090004906","범박고등학교","04","공립","N","","0","1","1","0","1","1","0","0","0","15","41","56","2","4","6","2","2","4","0","0","0","0","0","0","0","0","0","0","2","2","0","1","1","0","1","1","0","0","0","0","0","0","19","53","72"
"경기도교육청","경기도동두천양주교육지원청","경기도 양주시","S090004908","덕계고등학교","04","공립","N","","1","0","1","0","1","1","0","0","0","12","23","35","2","14","16","1","0","1","1","1","2","0","0","0","0","0","0","0","1","1","0","1","1","0","1","1","0","1","1","0","0","0","17","43","60"
"경기도교육청","경기도안산교육지원청","경기도 안산시 단원구","S090004909","단원고등학교","04","공립","N","","1","0","1","1","0","1","0","0","0","11","36","47","4","13","17","1","3","4","1","1","2","0","0","0","0","0","0","0","2","2","0","0","0","0","1","1","0","1","1","0","0","0","19","57","76"
"경기도교육청","경기도시흥교육지원청","경기도 시흥시","S090004910","군서고등학교","04","공립","N","","0","1","1","1","0","1","0","0","0","18","45","63","1","10","11","1","1","2","0","2","2","0","0","0","0","0","0","0","1","1","0","0","0","0","1","1","0","0","0","0","0","0","21","61","82"
"경기도교육청","경기도고양교육지원청","경기도 고양시 일산동구","S090004912","풍동고등학교","04","공립","N","","0","1","1","1","0","1","0","0","0","14","25","39","8","16","24","1","0","1","1","0","1","0","0","0","0","0","0","1","0","1","0","1","1","0","1","1","0","1","1","0","0","0","26","45","71"
"경기도교육청","경기도구리남양주교육지원청","경기도 남양주시","S090004914","도농고등학교","04","공립","N","","0","1","1","1","0","1","0","0","0","13","38","51","3","10","13","0","3","3","0","0","0","0","0","0","0","0","0","0","1","1","0","0","0","0","1","1","0","1","1","0","0","0","17","55","72"
"경기도교육청","경기도구리남양주교육지원청","경기도 남양주시","S090004915","평내고등학교","04","공립","N","","1","0","1","0","1","1","0","0","0","19","32","51","7","7","14","0","3","3","0","0","0","0","0","0","0","0","0","0","1","1","0","1","1","1","0","1","0","0","0","0","0","0","28","45","73"
"경기도교육청","경기도광주하남교육지원청","경기도 하남시","S090004916","신장고등학교","04","공립","N","","1","0","1","0","2","2","0","0","0","15","45","60","2","2","4","0","2","2","0","0","0","0","0","0","0","0","0","1","0","1","0","1","1","0","1","1","0","0","0","0","0","0","19","53","72"
"경기도교육청","경기도이천교육지원청","경기도 이천시","S090004917","효양고등학교","04","공립","N","","1","0","1","1","0","1","0","0","0","14","32","46","4","12","16","0","3","3","1","0","1","0","0","0","0","0","0","0","1","1","0","0","0","0","1","1","0","0","0","0","0","0","21","49","70"
"경기도교육청","경기도용인교육지원청","경기도 용인시 기흥구","S090004918","보정고등학교","04","공립","N","","1","0","1","1","0","1","0","0","0","12","52","64","2","5","7","1","3","4","0","0","0","0","0","0","0","0","0","0","0","0","0","2","2","0","2","2","0","1","1","0","0","0","17","65","82"
"경기도교육청","경기도김포교육지원청","경기도 김포시","S090004919","풍무고등학교","04","공립","N","","0","1","1","1","0","1","0","0","0","9","31","40","8","22","30","0","1","1","1","0","1","0","0","0","0","0","0","0","1","1","0","0","0","0","1","1","0","1","1","0","0","0","19","58","77"
"경기도교육청","경기도화성오산교육지원청","","S090004920","병점고등학교","04","공립","N","","1","0","1","1","0","1","0","0","0","19","36","55","1","8","9","3","0","3","0","0","0","0","0","0","0","0","0","0","0","0","0","0","0","0","1","1","0","0","0","0","0","0","25","45","70"
"경기도교육청","경기도파주교육지원청","경기도 파주시","S090004921","봉일천고등학교","04","공립","N","","1","0","1","2","1","3","0","0","0","24","29","53","0","9","9","1","1","2","0","1","1","0","0","0","0","0","0","0","1","1","0","0","0","0","1","1","0","1","1","0","0","0","28","44","72"
"경기도교육청","경기도파주교육지원청","경기도 파주시","S090004922","교하고등학교","04","공립","N","","1","0","1","1","0","1","0","0","0","18","44","62","1","3","4","0","3","3","0","0","0","0","0","0","0","0","0","0","0","0","0","0","0","0","1","1","0","0","0","0","0","0","21","51","72"
"경기도교육청","경기도의정부교육지원청","경기도 의정부시","S090004923","상우고등학교","04","사립","N","","0","1","1","0","0","0","0","0","0","35","19","54","5","3","8","1","1","2","0","0","0","0","0","0","0","0","0","1","0","1","1","0","1","0","1","1","0","1","1","0","0","0","43","26","69"
"경기도교육청","경기도성남교육지원청","경기도 성남시 분당구","S090004945","이우고등학교","04","사립","N","","1","0","1","1","0","1","0","0","0","9","11","20","2","8","10","0","0","0","0","0","0","0","0","0","0","0","0","0","1","1","0","1","1","0","1","1","0","1","1","2","2","4","15","25","40"
"경기도교육청","경기도군포의왕교육지원청","경기도 의왕시","S090005040","경기외국어고등학교","04","사립","N","","1","0","1","1","0","1","0","0","0","12","20","32","8","11","19","0","0","0","0","0","0","0","0","0","0","0","0","0","0","0","0","0","0","0","1","1","0","0","0","10","3","13","32","35","67"
"경기도교육청","경기도의정부교육지원청","경기도 의정부시","S090005167","경기북과학고등학교","04","공립","N","","1","0","1","0","1","1","0","0","0","19","20","39","5","5","10","0","0","0","0","0","0","0","0","0","0","0","0","0","0","0","0","1","1","0","1","1","0","3","3","0","0","0","25","31","56"
"경기도교육청","경기도동두천양주교육지원청","경기도 동두천시","S090005168","동두천외국어고등학교","04","공립","N","","0","1","1","1","0","1","0","0","0","19","25","44","3","9","12","0","0","0","0","0","0","0","0","0","0","0","0","0","1","1","0","1","1","0","1","1","0","1","1","0","0","0","23","39","62"
"경기도교육청","경기도파주교육지원청","경기도 파주시","S090005169","금촌고등학교","04","공립","N","","1","1","2","0","0","0","0","0","0","17","53","70","1","8","9","1","3","4","1","1","2","0","0","0","0","0","0","0","1","1","0","0","0","0","1","1","0","0","0","0","0","0","21","68","89"
"경기도교육청","경기도용인교육지원청","경기도 용인시 처인구","S090005170","용인한국외국어대학교부설고등학교","04","사립","N","","1","0","1","1","0","1","0","0","0","26","19","45","12","13","25","0","0","0","0","0","0","0","0","0","0","0","0","0","0","0","0","0","0","0","1","1","0","0","0","2","4","6","42","37","79"
"경기도교육청","경기도동두천양주교육지원청","경기도 양주시","S090005280","양주백석고등학교","04","공립","N","","0","1","1","1","1","2","0","0","0","13","27","40","9","9","18","4","2","6","0","1","1","0","0","0","0","0","0","0","1","1","0","0","0","0","1","1","0","0","0","0","0","0","27","43","70"
"경기도교육청","경기도성남교육지원청","경기도 성남시 분당구","S090005282","성남외국어고등학교","04","공립","N","","0","1","1","0","1","1","0","0","0","17","34","51","1","3","4","0","0","0","0","0","0","0","0","0","0","0","0","0","0","0","0","0","0","0","1","1","0","2","2","3","4","7","21","46","67"
"경기도교육청","경기도안산교육지원청","경기도 안산시 상록구","S090005283","성포고등학교","04","공립","N","","1","0","1","1","0","1","0","0","0","12","37","49","5","15","20","1","2","3","0","1","1","0","0","0","0","0","0","0","1","1","0","0","0","0","2","2","0","0","0","0","0","0","20","58","78"
"경기도교육청","경기도수원교육지원청","경기도 수원시 영통구","S090005284","수원외국어고등학교","04","공립","N","","0","1","1","0","1","1","0","0","0","25","28","53","1","3","4","0","0","0","0","0","0","0","0","0","0","0","0","0","0","0","0","1","1","0","1","1","0","1","1","0","0","0","26","36","62"
"경기도교육청","경기도가평교육지원청","경기도 가평군","S090005286","청심국제고등학교","04","사립","N","","1","0","1","1","0","1","0","0","0","6","10","16","3","4","7","0","0","0","0","0","0","0","0","0","0","0","0","0","0","0","0","0","0","0","2","2","0","0","0","2","2","4","13","18","31"
"경기도교육청","경기도평택교육지원청","경기도 평택시","S090005290","현화고등학교","04","공립","N","","1","0","1","0","1","1","0","0","0","18","19","37","11","14","25","1","0","1","0","2","2","0","0","0","0","0","0","0","1","1","0","0","0","0","1","1","0","1","1","0","0","0","31","39","70"
"경기도교육청","경기도구리남양주교육지원청","경기도 남양주시","S090005291","호평고등학교","04","공립","N","","1","0","1","0","1","1","0","0","0","16","37","53","0","9","9","1","2","3","1","0","1","0","0","0","0","0","0","0","0","0","0","1","1","0","1","1","0","1","1","0","0","0","19","52","71"
"경기도교육청","경기도김포교육지원청","경기도 김포시","S090005292","김포외국어고등학교","04","사립","N","","0","0","0","1","0","1","0","0","0","24","7","31","6","7","13","0","0","0","0","0","0","0","0","0","0","0","0","0","0","0","0","0","0","0","1","1","0","0","0","0","0","0","31","15","46"
"경기도교육청","경기도용인교육지원청","경기도 용인시 기흥구","S090005319","용인백현고등학교","04","공립","N","","0","1","1","2","0","2","0","0","0","14","37","51","0","5","5","0","1","1","0","1","1","0","0","0","0","0","0","0","1","1","0","0","0","0","1","1","0","0","0","0","0","0","16","47","63"
"경기도교육청","경기도안성교육지원청","경기도 안성시","S090005320","한겨레고등학교","04","사립","N","","0","1","1","1","0","1","0","0","0","8","7","15","1","1","2","0","0","0","0","0","0","0","0","0","0","0","0","0","1","1","0","1","1","0","1","1","0","1","1","0","0","0","10","13","23"
"경기도교육청","경기도고양교육지원청","경기도 고양시 일산서구","S090005380","가좌고등학교","04","공립","N","","1","0","1","2","0","2","0","0","0","13","46","59","4","8","12","1","0","1","0","0","0","0","0","0","0","0","0","0","1","1","0","0","0","0","1","1","0","1","1","0","0","0","21","57","78"
"경기도교육청","경기도동두천양주교육지원청","경기도 양주시","S090005381","양주고등학교","04","공립","N","","1","0","1","1","0","1","0","0","0","14","24","38","2","8","10","1","1","2","0","0","0","0","0","0","0","0","0","0","1","1","0","0","0","0","1","1","0","1","1","0","0","0","19","36","55"
"경기도교육청","경기도포천교육지원청","경기도 포천시","S090005382","송우고등학교","04","공립","N","","1","0","1","1","0","1","0","0","0","26","22","48","4","13","17","0","0","0","2","2","4","0","0","0","0","0","0","0","1","1","0","0","0","0","1","1","0","0","0","0","0","0","34","39","73"
"경기도교육청","경기도부천교육지원청","경기도 부천시 원미구","S090005399","상원고등학교","04","공립","N","","0","1","1","1","0","1","0","0","0","16","37","53","2","4","6","0","0","0","0","0","0","0","0","0","0","0","0","0","1","1","0","1","1","0","1","1","0","0","0","0","0","0","19","45","64"
"경기도교육청","경기도고양교육지원청","경기도 고양시 덕양구","S090005413","성사고등학교","04","공립","N","","0","1","1","1","0","1","0","0","0","11","49","60","0","7","7","1","3","4","0","1","1","0","0","0","0","0","0","1","0","1","0","1","1","0","1","1","0","1","1","0","0","0","14","64","78"
"경기도교육청","경기도용인교육지원청","경기도 용인시 기흥구","S090005414","성지고등학교","04","공립","N","","1","0","1","1","1","2","0","0","0","18","47","65","2","8","10","1","1","2","0","0","0","0","0","0","0","0","0","0","1","1","0","0","0","0","1","1","0","1","1","1","0","1","24","60","84"
"경기도교육청","경기도용인교육지원청","경기도 용인시 수지구","S090005415","현암고등학교","04","공립","N","","1","0","1","1","0","1","0","0","0","5","36","41","3","6","9","0","0","0","0","0","0","0","0","0","0","0","0","0","1","1","0","1","1","0","1","1","0","0","0","0","0","0","10","45","55"
"경기도교육청","경기도용인교육지원청","경기도 용인시 수지구","S090005416","용인홍천고등학교","04","공립","N","","1","0","1","0","1","1","0","0","0","14","57","71","1","7","8","0","3","3","0","1","1","0","0","0","0","0","0","0","1","1","0","0","0","0","2","2","0","0","0","0","0","0","16","72","88"
"경기도교육청","경기도의정부교육지원청","경기도 의정부시","S090005417","효자고등학교","04","공립","N","","1","0","1","0","1","1","0","0","0","22","37","59","1","4","5","0","3","3","0","2","2","0","0","0","0","0","0","0","0","0","0","0","0","0","1","1","0","0","0","0","0","0","24","48","72"
"경기도교육청","경기도고양교육지원청","경기도 고양시 일산서구","S090005418","고양예술고등학교","04","사립","N","","0","0","0","0","1","1","0","0","0","10","10","20","9","9","18","0","0","0","0","0","0","0","0","0","0","0","0","0","0","0","0","0","0","0","1","1","0","0","0","7","24","31","26","45","71"
"경기도교육청","경기도용인교육지원청","경기도 용인시 수지구","S090005458","대지고등학교","04","공립","N","","1","0","1","1","0","1","0","0","0","9","45","54","2","11","13","1","2","3","0","0","0","0","0","0","0","0","0","0","1","1","0","0","0","0","1","1","0","0","0","0","0","0","14","60","74"
"경기도교육청","경기도화성오산교육지원청","","S090005459","동탄고등학교","04","공립","N","","1","0","1","1","0","1","0","0","0","14","34","48","5","12","17","0","2","2","0","0","0","0","0","0","0","0","0","0","1","1","0","1","1","0","1","1","0","1","1","0","0","0","21","52","73"
"경기도교육청","경기도화성오산교육지원청","경기도 화성시 병점구","S090005460","안화고등학교","04","공립","N","","1","0","1","1","0","1","0","0","0","20","34","54","3","10","13","0","3","3","0","1","1","0","0","0","0","0","0","0","1","1","0","0","0","0","2","2","0","1","1","0","0","0","25","52","77"
"경기도교육청","경기도화성오산교육지원청","경기도 오산시","S090005461","운암고등학교","04","공립","N","","1","0","1","1","0","1","1","0","1","7","23","30","8","12","20","1","1","2","0","0","0","0","0","0","0","0","0","0","0","0","0","0","0","0","2","2","0","0","0","0","0","0","19","38","57"
"경기도교육청","경기도용인교육지원청","경기도 용인시 기흥구","S090005488","동백고등학교","04","공립","N","","1","1","2","0","0","0","0","0","0","14","44","58","2","2","4","0","2","2","0","0","0","0","0","0","0","0","0","0","0","0","0","0","0","0","1","1","0","1","1","0","0","0","17","51","68"
"경기도교육청","경기도수원교육지원청","경기도 수원시 영통구","S090005576","망포고등학교","04","공립","N","","1","0","1","0","1","1","0","0","0","17","44","61","0","2","2","1","1","2","0","0","0","0","0","0","0","0","0","0","1","1","0","1","1","0","2","2","0","1","1","0","0","0","19","53","72"
"경기도교육청","경기도수원교육지원청","경기도 수원시 영통구","S090005577","매원고등학교","04","공립","N","","1","0","1","0","1","1","0","0","0","16","50","66","0","4","4","0","2","2","0","1","1","0","0","0","0","0","0","0","1","1","0","0","0","0","1","1","0","2","2","0","0","0","17","62","79"
"경기도교육청","경기도화성오산교육지원청","","S090005578","반송고등학교","04","공립","N","","1","0","1","1","0","1","0","0","0","18","39","57","3","8","11","0","0","0","0","0","0","0","0","0","0","0","0","0","0","0","0","0","0","0","1","1","0","1","1","0","0","0","23","49","72"
"경기도교육청","경기도화성오산교육지원청","경기도 화성시 효행구","S090005579","봉담고등학교","04","공립","N","","0","1","1","2","0","2","0","0","0","14","28","42","3","5","8","1","2","3","1","0","1","0","0","0","0","0","0","0","0","0","0","0","0","0","1","1","0","1","1","0","0","0","21","38","59"
"경기도교육청","경기도화성오산교육지원청","경기도 화성시 동탄구","S090005580","예당고등학교","04","공립","N","","1","0","1","2","0","2","0","0","0","20","38","58","3","6","9","0","2","2","0","0","0","0","0","0","0","0","0","0","1","1","0","1","1","0","1","1","0","2","2","0","0","0","26","51","77"
"경기도교육청","경기도부천교육지원청","경기도 부천시 오정구","S090005581","수주고등학교","04","공립","N","","1","0","1","0","1","1","0","0","0","14","32","46","6","3","9","1","2","3","0","1","1","0","0","0","0","0","0","0","1","1","0","1","1","0","1","1","0","1","1","0","0","0","22","43","65"
"경기도교육청","경기도고양교육지원청","경기도 고양시 덕양구","S090005599","고양일고등학교","04","공립","N","","0","1","1","0","1","1","0","0","0","10","31","41","0","10","10","0","3","3","0","0","0","0","0","0","0","0","0","0","1","1","0","1","1","0","1","1","0","0","0","0","0","0","10","49","59"
"경기도교육청","경기도고양교육지원청","경기도 고양시 일산동구","S090005600","안곡고등학교","04","공립","N","","0","1","1","1","0","1","0","0","0","13","50","63","3","12","15","1","3","4","0","2","2","0","0","0","0","0","0","0","1","1","0","1","1","0","3","3","0","1","1","0","0","0","18","74","92"
"경기도교육청","경기도구리남양주교육지원청","경기도 남양주시","S090005601","와부고등학교","04","공립","N","","0","1","1","1","0","1","0","0","0","17","30","47","2","2","4","1","3","4","0","0","0","0","0","0","0","0","0","0","2","2","0","1","1","0","2","2","0","1","1","0","0","0","21","42","63"
"경기도교육청","경기도수원교육지원청","경기도 수원시 권선구","S090005653","고색고등학교","04","공립","N","","1","0","1","1","0","1","0","0","0","27","28","55","6","7","13","1","2","3","0","0","0","0","0","0","0","0","0","0","0","0","0","0","0","0","1","1","0","0","0","0","0","0","36","38","74"
"경기도교육청","경기도화성오산교육지원청","","S090005655","나루고등학교","04","공립","N","","1","0","1","0","1","1","0","0","0","16","25","41","4","6","10","0","0","0","0","0","0","0","0","0","0","0","0","0","1","1","0","1","1","0","1","1","0","1","1","0","0","0","21","36","57"
"경기도교육청","경기도용인교육지원청","경기도 용인시 기흥구","S090005656","보라고등학교","04","공립","N","","1","0","1","0","1","1","0","0","0","12","37","49","3","6","9","0","3","3","1","2","3","0","0","0","0","0","0","0","1","1","0","0","0","0","1","1","0","1","1","0","0","0","17","52","69"
"경기도교육청","경기도용인교육지원청","경기도 용인시 기흥구","S090005658","초당고등학교","04","공립","N","","1","0","1","1","0","1","0","0","0","11","47","58","0","7","7","0","0","0","0","0","0","0","0","0","0","0","0","0","0","0","0","1","1","0","2","2","0","2","2","0","0","0","13","59","72"
"경기도교육청","경기도성남교육지원청","경기도 성남시 수정구","S090005659","복정고등학교","04","공립","N","","0","1","1","1","0","1","0","0","0","8","41","49","2","8","10","0","0","0","0","0","0","0","0","0","0","0","0","0","2","2","0","1","1","0","1","1","0","1","1","0","0","0","11","55","66"
"경기도교육청","경기도용인교육지원청","경기도 용인시 처인구","S090005660","포곡고등학교","04","공립","N","","1","0","1","0","1","1","0","1","1","20","35","55","4","12","16","0","6","6","0","0","0","0","0","0","0","0","0","0","1","1","0","1","1","0","1","1","0","1","1","0","0","0","25","59","84"
"경기도교육청","경기도화성오산교육지원청","경기도 화성시 만세구","S090005663","향남고등학교","04","공립","N","","1","0","1","1","1","2","0","0","0","14","18","32","3","20","23","2","1","3","0","0","0","0","0","0","0","0","0","0","1","1","0","0","0","0","1","1","0","1","1","0","0","0","21","43","64"
"경기도교육청","경기도용인교육지원청","경기도 용인시 기흥구","S090005664","청덕고등학교","04","공립","N","","1","0","1","0","1","1","0","0","0","9","52","61","4","9","13","1","2","3","0","0","0","0","0","0","0","0","0","1","1","2","0","0","0","0","1","1","0","1","1","0","0","0","16","67","83"
"경기도교육청","경기도시흥교육지원청","경기도 시흥시","S090005665","시흥능곡고등학교","04","공립","N","","0","1","1","1","0","1","0","0","0","15","31","46","5","13","18","3","0","3","0","1","1","0","0","0","0","0","0","0","1","1","0","0","0","0","1","1","0","0","0","0","0","0","24","48","72"
"경기도교육청","경기도시흥교육지원청","경기도 시흥시","S090005666","시흥매화고등학교","04","공립","N","","1","0","1","1","0","1","0","0","0","12","27","39","4","6","10","1","0","1","0","2","2","0","0","0","0","0","0","0","1","1","0","1","1","0","1","1","0","0","0","0","0","0","19","38","57"
"경기도교육청","경기도의정부교육지원청","경기도 의정부시","S090005667","발곡고등학교","04","공립","N","","1","0","1","1","0","1","0","0","0","10","42","52","3","6","9","1","1","2","0","1","1","0","0","0","0","0","0","1","1","2","0","0","0","0","1","1","0","1","1","0","0","0","17","53","70"
"경기도교육청","경기도시흥교육지원청","경기도 시흥시","S090005668","신천고등학교","04","공립","N","","0","1","1","1","0","1","0","0","0","10","40","50","2","9","11","1","4","5","1","0","1","0","0","0","0","0","0","1","0","1","0","1","1","0","1","1","0","1","1","0","0","0","16","57","73"
"경기도교육청","경기도안산교육지원청","경기도 안산시 단원구","S090005669","선부고등학교","04","공립","N","","1","0","1","1","0","1","0","0","0","13","25","38","8","18","26","1","1","2","1","1","2","0","0","0","0","0","0","0","0","0","0","1","1","1","0","1","0","0","0","0","0","0","26","46","72"
"경기도교육청","경기도구리남양주교육지원청","경기도 남양주시","S090005670","오남고등학교","04","공립","N","","1","0","1","2","0","2","0","0","0","27","34","61","4","9","13","0","2","2","1","1","2","0","0","0","0","0","0","0","0","0","0","1","1","0","2","2","0","0","0","0","0","0","35","49","84"
"경기도교육청","경기도군포의왕교육지원청","경기도 의왕시","S090005671","의왕고등학교","04","공립","N","","1","0","1","0","1","1","0","0","0","14","35","49","0","2","2","0","3","3","0","0","0","0","0","0","0","0","0","0","2","2","0","0","0","0","1","1","0","0","0","0","0","0","15","44","59"
"경기도교육청","경기도평택교육지원청","경기도 평택시","S090005672","이충고등학교","04","공립","N","","1","0","1","0","1","1","0","0","0","14","28","42","7","18","25","1","1","2","0","2","2","0","0","0","0","0","0","0","0","0","0","1","1","0","1","1","0","1","1","0","0","0","23","53","76"
"경기도교육청","경기도김포교육지원청","경기도 김포시","S090005673","장기고등학교","04","공립","N","","0","1","1","1","0","1","0","0","0","17","43","60","6","6","12","1","2","3","0","1","1","0","0","0","0","0","0","0","0","0","0","0","0","0","1","1","0","0","0","0","0","0","25","54","79"
"경기도교육청","경기도안산교육지원청","경기도 안산시 단원구","S090005674","신길고등학교","04","공립","N","","1","0","1","1","0","1","0","0","0","10","24","34","9","27","36","0","2","2","0","0","0","0","0","0","0","0","0","0","0","0","0","0","0","0","1","1","0","0","0","0","0","0","21","54","75"
"경기도교육청","경기도광주하남교육지원청","경기도 광주시","S090005675","광남고등학교","04","공립","N","","0","1","1","0","1","1","0","0","0","12","44","56","6","5","11","1","2","3","0","0","0","0","0","0","0","0","0","0","1","1","0","0","0","0","1","1","0","1","1","0","0","0","19","56","75"
"경기도교육청","경기도안산교육지원청","경기도 안산시 상록구","S090005676","광덕고등학교","04","공립","N","","0","1","1","2","1","3","0","0","0","11","31","42","6","11","17","1","0","1","0","0","0","0","0","0","0","0","0","1","0","1","0","1","1","0","2","2","0","1","1","0","0","0","21","48","69"
"경기도교육청","경기도용인교육지원청","경기도 용인시 기흥구","S090005677","흥덕고등학교","04","공립","N","","1","0","1","1","0","1","0","0","0","17","36","53","0","5","5","0","1","1","0","0","0","0","0","0","0","0","0","0","1","1","0","0","0","0","1","1","0","1","1","0","0","0","19","45","64"
"경기도교육청","경기도동두천양주교육지원청","경기도 양주시","S090005796","덕현고등학교","04","공립","N","","1","0","1","1","0","1","0","0","0","17","34","51","5","14","19","1","0","1","2","1","3","0","0","0","0","0","0","0","1","1","0","0","0","0","1","1","0","1","1","0","0","0","27","52","79"
"경기도교육청","경기도고양교육지원청","경기도 고양시 덕양구","S090005797","서정고등학교","04","공립","N","","0","1","1","0","1","1","0","0","0","9","54","63","4","6","10","0","4","4","0","0","0","0","0","0","0","0","0","0","1","1","0","0","0","0","1","1","0","1","1","0","0","0","13","69","82"
"경기도교육청","경기도광명교육지원청","경기도 광명시","S090005798","운산고등학교","04","공립","N","","0","1","1","1","0","1","0","0","0","13","50","63","2","5","7","0","2","2","1","0","1","0","0","0","0","0","0","0","1","1","0","0","0","0","1","1","0","0","0","0","0","0","17","60","77"
"경기도교육청","경기도파주교육지원청","경기도 파주시","S090005799","운정고등학교","04","공립","N","","0","1","1","2","0","2","0","0","0","21","42","63","4","11","15","0","0","0","0","0","0","0","0","0","0","0","0","0","1","1","0","0","0","0","2","2","0","1","1","0","0","0","27","58","85"
"경기도교육청","경기도구리남양주교육지원청","경기도 남양주시","S090005800","마석고등학교","04","공립","N","","0","1","1","0","2","2","0","0","0","20","43","63","3","6","9","2","0","2","2","0","2","0","0","0","0","0","0","0","0","0","0","1","1","0","1","1","0","2","2","0","0","0","27","56","83"
"경기도교육청","경기도안산교육지원청","경기도 안산시 상록구","S090005801","상록고등학교","04","공립","N","","1","0","1","1","0","1","0","0","0","18","30","48","7","13","20","1","2","3","0","1","1","0","0","0","0","0","0","0","0","0","0","1","1","0","1","1","0","1","1","0","0","0","28","49","77"
"경기도교육청","경기도구리남양주교육지원청","경기도 남양주시","S090005803","진접고등학교","04","공립","N","","1","0","1","1","0","1","0","1","1","20","41","61","6","11","17","1","3","4","0","0","0","0","0","0","0","0","0","0","0","0","0","0","0","0","2","2","0","1","1","0","0","0","29","59","88"
"경기도교육청","경기도평택교육지원청","경기도 평택시","S090005804","청북고등학교","04","공립","N","","1","0","1","1","0","1","0","0","0","18","15","33","7","21","28","1","0","1","0","1","1","0","0","0","0","0","0","0","1","1","0","1","1","0","1","1","0","1","1","0","0","0","28","41","69"
"경기도교육청","경기도화성오산교육지원청","경기도 오산시","S090005806","세마고등학교","04","공립","N","","1","0","1","1","0","1","0","0","0","18","38","56","3","4","7","1","0","1","0","1","1","0","0","0","0","0","0","0","0","0","0","0","0","0","1","1","0","2","2","0","0","0","24","46","70"
"경기도교육청","경기도화성오산교육지원청","경기도 화성시 동탄구","S090005808","능동고등학교","04","공립","N","","1","0","1","1","0","1","0","0","0","15","27","42","4","13","17","0","1","1","1","0","1","0","0","0","0","0","0","0","1","1","0","0","0","0","1","1","0","2","2","0","0","0","22","45","67"
"경기도교육청","경기도김포교육지원청","경기도 김포시","S090005811","마송고등학교","04","공립","N","","1","0","1","1","0","1","0","0","0","10","22","32","4","15","19","1","2","3","0","0","0","0","0","0","0","0","0","0","0","0","0","1","1","0","1","1","0","1","1","0","0","0","17","42","59"
"경기도교육청","경기도군포의왕교육지원청","경기도 의왕시","S090005815","모락고등학교","04","공립","N","","0","1","1","1","0","1","0","0","0","6","40","46","1","1","2","1","1","2","0","1","1","0","0","0","0","0","0","0","1","1","0","1","1","0","1","1","0","0","0","1","0","1","10","47","57"
"경기도교육청","경기도광주하남교육지원청","경기도 광주시","S090005820","경화여자English Business고등학교","04","사립","N","","1","0","1","0","1","1","0","0","0","7","17","24","3","4","7","0","0","0","0","0","0","0","0","0","0","0","0","0","1","1","0","1","1","0","1","1","0","0","0","0","0","0","11","25","36"
"경기도교육청","경기도안성교육지원청","경기도 안성시","S090005831","경기창조고등학교","04","공립","N","","1","0","1","0","1","1","0","0","0","21","23","44","7","13","20","0","4","4","1","0","1","0","0","0","0","0","0","0","1","1","0","0","0","0","1","1","0","1","1","0","0","0","30","44","74"
"경기도교육청","경기도성남교육지원청","경기도 성남시 분당구","S090005836","보평고등학교","04","공립","N","","0","1","1","0","1","1","0","0","0","9","40","49","0","2","2","0","1","1","0","0","0","0","0","0","0","0","0","0","1","1","0","1","1","0","1","1","0","1","1","0","0","0","9","49","58"
"경기도교육청","경기도성남교육지원청","경기도 성남시 분당구","S090005844","운중고등학교","04","공립","N","","1","0","1","0","1","1","0","0","0","9","40","49","0","2","2","0","2","2","0","0","0","0","0","0","0","0","0","0","0","0","0","1","1","0","1","1","0","1","1","0","0","0","10","48","58"
"경기도교육청","경기도구리남양주교육지원청","경기도 남양주시","S090005898","가운고등학교","04","공립","N","","1","0","1","0","1","1","0","0","0","18","43","61","1","7","8","0","0","0","1","1","2","0","0","0","0","0","0","0","1","1","0","1","1","0","2","2","0","1","1","0","0","0","21","57","78"
"경기도교육청","경기도파주교육지원청","경기도 파주시","S090005899","동패고등학교","04","공립","N","","1","0","1","1","0","1","0","0","0","21","54","75","2","2","4","1","2","3","0","0","0","0","0","0","0","0","0","0","0","0","0","0","0","0","1","1","0","1","1","0","0","0","26","60","86"
"경기도교육청","경기도부천교육지원청","경기도 부천시 원미구","S090005900","역곡고등학교","04","공립","N","","0","1","1","1","0","1","0","0","0","5","21","26","1","8","9","0","2","2","0","0","0","0","0","0","0","0","0","0","1","1","0","1","1","0","2","2","0","1","1","0","0","0","7","37","44"
"경기도교육청","경기도성남교육지원청","경기도 성남시 분당구","S090005901","판교고등학교","04","공립","N","","0","1","1","1","0","1","0","0","0","12","34","46","2","4","6","1","1","2","1","0","1","0","0","0","0","0","0","0","1","1","0","1","1","0","1","1","0","0","0","0","0","0","17","43","60"
"경기도교육청","경기도화성오산교육지원청","경기도 오산시","S090005902","세교고등학교","04","공립","N","","1","0","1","1","0","1","1","0","1","12","30","42","6","16","22","0","2","2","0","1","1","0","0","0","0","0","0","0","1","1","0","0","0","0","1","1","0","1","1","0","0","0","21","52","73"
"경기도교육청","경기도용인교육지원청","경기도 용인시 기흥구","S090005903","서천고등학교","04","공립","N","","1","0","1","3","0","3","0","0","0","9","43","52","0","3","3","0","2","2","0","0","0","0","0","0","0","0","0","0","1","1","0","1","1","0","1","1","0","1","1","0","0","0","13","52","65"
"경기도교육청","경기도용인교육지원청","경기도 용인시 수지구","S090005904","성복고등학교","04","공립","N","","1","0","1","0","1","1","0","0","0","15","49","64","3","9","12","0","2","2","0","0","0","0","0","0","0","0","0","0","0","0","0","0","0","0","1","1","0","2","2","0","0","0","19","64","83"
"경기도교육청","경기도고양교육지원청","경기도 고양시 일산서구","S090005905","대화고등학교","04","공립","N","","0","1","1","1","0","1","0","0","0","13","48","61","3","9","12","1","0","1","0","0","0","0","0","0","0","0","0","0","1","1","0","1","1","0","1","1","0","1","1","0","0","0","18","62","80"
"경기도교육청","경기도이천교육지원청","경기도 이천시","S090005906","이현고등학교","04","공립","N","","1","0","1","2","0","2","0","0","0","20","17","37","5","17","22","1","0","1","1","2","3","0","0","0","0","0","0","0","0","0","0","1","1","0","1","1","0","0","0","0","0","0","30","38","68"
"경기도교육청","경기도광주하남교육지원청","경기도 광주시","S090005908","초월고등학교","04","공립","N","","1","0","1","0","1","1","0","0","0","17","41","58","5","12","17","0","5","5","1","1","2","0","0","0","0","0","0","0","1","1","1","0","1","1","2","3","0","1","1","0","0","0","26","64","90"
"경기도교육청","경기도화성오산교육지원청","경기도 화성시 만세구","S090005909","향일고등학교","04","공립","N","","1","0","1","1","0","1","0","0","0","14","15","29","5","15","20","0","3","3","0","0","0","0","0","0","0","0","0","0","1","1","1","0","1","0","1","1","0","0","0","0","0","0","22","35","57"
"경기도교육청","경기도구리남양주교육지원청","경기도 남양주시","S090005910","판곡고등학교","04","공립","N","","0","1","1","2","0","2","0","0","0","17","46","63","8","12","20","1","2","3","0","0","0","0","0","0","0","0","0","0","0","0","0","1","1","0","2","2","0","0","0","0","0","0","28","64","92"
"경기도교육청","경기도수원교육지원청","경기도 수원시 영통구","S090005984","광교고등학교","04","공립","N","","1","0","1","1","0","1","0","0","0","7","46","53","4","9","13","1","0","1","0","0","0","0","0","0","0","0","0","0","1","1","0","0","0","0","2","2","0","0","0","0","0","0","14","58","72"
"경기도교육청","경기도수원교육지원청","경기도 수원시 팔달구","S090006514","율천고등학교","04","공립","N","","1","0","1","0","1","1","0","0","0","8","21","29","2","9","11","0","1","1","0","1","1","0","0","0","0","0","0","0","2","2","0","1","1","0","2","2","0","0","0","0","0","0","11","38","49"
"경기도교육청","경기도고양교육지원청","경기도 고양시 일산서구","S090006518","덕이고등학교","04","공립","N","","1","0","1","1","1","2","0","0","0","22","40","62","2","9","11","0","0","0","0","0","0","0","0","0","0","0","0","0","1","1","1","0","1","0","1","1","0","1","1","0","0","0","27","53","80"
"경기도교육청","경기도의정부교육지원청","경기도 의정부시","S090006519","송양고등학교","04","공립","N","","0","1","1","0","1","1","0","1","1","20","49","69","2","4","6","1","1","2","0","0","0","0","0","0","0","0","0","0","1","1","0","1","1","0","1","1","0","1","1","0","0","0","23","61","84"
"경기도교육청","경기도구리남양주교육지원청","경기도 남양주시","S090006520","별내고등학교","04","공립","N","","0","1","1","0","1","1","0","0","0","15","42","57","5","14","19","0","1","1","1","1","2","0","0","0","0","0","0","0","1","1","0","1","1","0","1","1","0","1","1","0","1","1","21","65","86"
"경기도교육청","경기도군포의왕교육지원청","경기도 군포시","S090006521","군포중앙고등학교","04","공립","N","","0","1","1","1","0","1","0","0","0","11","33","44","3","2","5","0","1","1","0","0","0","0","0","0","0","0","0","1","0","1","0","1","1","0","1","1","0","0","0","0","0","0","16","39","55"
"경기도교육청","경기도용인교육지원청","경기도 용인시 수지구","S090006522","상현고등학교","04","공립","N","","1","0","1","1","0","1","0","0","0","11","46","57","0","5","5","2","0","2","0","0","0","0","0","0","0","0","0","0","1","1","0","1","1","0","1","1","0","1","1","0","0","0","15","55","70"
"경기도교육청","경기도김포교육지원청","경기도 김포시","S090006523","솔터고등학교","04","공립","N","","0","1","1","1","1","2","0","0","0","8","37","45","4","17","21","1","0","1","0","1","1","0","0","0","0","0","0","0","1","1","0","1","1","0","1","1","0","2","2","0","0","0","14","62","76"
"경기도교육청","경기도용인교육지원청","경기도 용인시 수지구","S090006525","신봉고등학교","04","공립","N","","1","0","1","0","1","1","0","0","0","8","62","70","5","5","10","0","1","1","2","0","2","0","0","0","0","0","0","0","1","1","0","1","1","0","1","1","0","1","1","0","0","0","16","73","89"
"경기도교육청","경기도평택교육지원청","경기도 평택시","S090006539","비전고등학교","04","공립","N","","1","0","1","1","0","1","1","0","1","18","24","42","6","13","19","1","2","3","0","0","0","0","0","0","0","0","0","0","0","0","0","0","0","0","1","1","0","1","1","0","0","0","28","41","69"
"경기도교육청","경기도안산교육지원청","경기도 안산시 상록구","S090006540","부곡고등학교","04","공립","N","","0","0","0","2","0","2","0","0","0","22","23","45","7","18","25","1","2","3","1","0","1","0","0","0","0","0","0","0","0","0","0","0","0","0","1","1","0","1","1","0","0","0","33","45","78"
"경기도교육청","경기도광주하남교육지원청","경기도 하남시","S090006541","풍산고등학교","04","공립","N","","1","0","1","1","2","3","0","0","0","12","34","46","1","1","2","1","1","2","0","0","0","0","0","0","0","0","0","0","2","2","0","1","1","0","1","1","0","0","0","0","0","0","16","42","58"
"경기도교육청","경기도수원교육지원청","경기도 수원시 권선구","S090006542","호매실고등학교","04","공립","N","","1","0","1","1","0","1","0","0","0","10","30","40","4","11","15","0","0","0","2","1","3","0","0","0","0","0","0","0","1","1","0","0","0","0","1","1","0","0","0","0","0","0","18","44","62"
"경기도교육청","경기도고양교육지원청","경기도 고양시 일산동구","S090006561","고양국제고등학교","04","공립","N","","1","0","1","0","1","1","0","0","0","26","26","52","5","8","13","0","0","0","0","0","0","0","0","0","0","0","0","0","1","1","0","1","1","0","1","1","0","2","2","0","0","0","32","40","72"
"경기도교육청","경기도고양교육지원청","경기도 고양시 일산동구","S090006562","저현고등학교","04","공립","N","","1","0","1","1","0","1","0","0","0","13","56","69","1","8","9","0","1","1","0","0","0","0","0","0","0","0","0","0","1","1","0","0","0","0","2","2","0","0","0","0","0","0","16","68","84"
"경기도교육청","경기도화성오산교육지원청","","S090006577","동탄국제고등학교","04","공립","N","","1","0","1","1","0","1","0","0","0","16","38","54","1","12","13","0","0","0","0","0","0","0","0","0","0","0","0","1","0","1","0","1","1","0","1","1","0","1","1","0","0","0","20","53","73"
"경기도교육청","경기도고양교육지원청","경기도 고양시 덕양구","S090006624","고양동산고등학교","04","공립","N","","0","1","1","0","1","1","0","0","0","9","29","38","5","10","15","0","2","2","0","0","0","0","0","0","0","0","0","0","2","2","0","1","1","0","1","1","0","2","2","0","0","0","14","49","63"
"경기도교육청","경기도광명교육지원청","경기도 광명시","S090006645","광휘고등학교","04","공립","N","","1","0","1","0","1","1","0","0","0","15","46","61","0","9","9","0","2","2","0","0","0","0","0","0","0","0","0","0","1","1","0","0","0","0","1","1","0","1","1","0","0","0","16","61","77"
"경기도교육청","경기도화성오산교육지원청","경기도 화성시 병점구","S090006700","화성반월고등학교","04","공립","N","","2","0","2","0","0","0","0","0","0","12","41","53","4","9","13","0","1","1","1","0","1","0","0","0","0","0","0","0","1","1","0","0","0","0","1","1","0","1","1","0","0","0","19","54","73"
"경기도교육청","경기도화성오산교육지원청","경기도 오산시","S090006701","매홀고등학교","04","공립","N","","0","1","1","1","0","1","0","0","0","19","23","42","8","12","20","1","0","1","0","1","1","0","0","0","0","0","0","0","0","0","0","0","0","0","1","1","0","2","2","0","0","0","29","40","69"
"경기도교육청","경기도수원교육지원청","경기도 수원시 권선구","S090006702","수원칠보고등학교","04","공립","N","","1","0","1","0","1","1","0","0","0","20","32","52","4","11","15","0","2","2","0","1","1","0","0","0","0","0","0","0","0","0","0","1","1","0","1","1","0","1","1","0","0","0","25","50","75"
"경기도교육청","경기도수원교육지원청","경기도 수원시 권선구","S090006703","곡정고등학교","04","공립","N","","1","0","1","1","0","1","0","0","0","14","32","46","6","12","18","0","2","2","0","0","0","0","0","0","0","0","0","0","2","2","0","1","1","0","1","1","0","1","1","0","0","0","22","51","73"
"경기도교육청","경기도김포교육지원청","경기도 김포시","S090006717","운양고등학교","04","공립","N","","0","1","1","2","1","3","0","0","0","13","35","48","7","10","17","0","1","1","0","0","0","0","0","0","0","0","0","1","0","1","0","1","1","0","1","1","0","0","0","0","0","0","23","50","73"
"경기도교육청","경기도파주교육지원청","경기도 파주시","S090006763","한민고등학교","04","사립","N","","1","0","1","2","0","2","0","0","0","40","35","75","2","10","12","0","0","0","0","0","0","0","0","0","0","0","0","0","0","0","0","1","1","0","2","2","0","1","1","0","0","0","45","49","94"
"경기도교육청","경기도고양교육지원청","경기도 고양시 덕양구","S090006764","도래울고등학교","04","공립","N","","0","1","1","1","0","1","0","0","0","15","32","47","1","9","10","0","0","0","0","1","1","0","0","0","0","0","0","0","1","1","0","1","1","0","1","1","0","1","1","0","0","0","17","47","64"
"경기도교육청","경기도동두천양주교육지원청","경기도 양주시","S090006765","옥정고등학교","04","공립","N","","1","0","1","2","0","2","0","0","0","13","34","47","7","10","17","1","1","2","0","1","1","0","0","0","0","0","0","0","1","1","0","1","1","0","2","2","0","1","1","0","0","0","24","51","75"
"경기도교육청","경기도광주하남교육지원청","경기도 하남시","S090006810","미사고등학교","04","공립","N","","0","1","1","1","0","1","0","0","0","13","46","59","5","2","7","0","2","2","0","0","0","0","0","0","0","0","0","0","1","1","0","0","0","0","1","1","0","1","1","0","0","0","19","54","73"
"경기도교육청","경기도화성오산교육지원청","","S090006811","한백고등학교","04","공립","N","","1","0","1","0","1","1","0","0","0","18","34","52","6","9","15","0","2","2","0","0","0","0","0","0","0","0","0","0","1","1","1","0","1","0","2","2","0","1","1","0","0","0","26","50","76"
"경기도교육청","경기도화성오산교육지원청","경기도 화성시 동탄구","S090006812","동탄중앙고등학교","04","공립","N","","1","0","1","2","0","2","0","0","0","14","36","50","1","15","16","1","2","3","0","0","0","0","0","0","0","0","0","0","1","1","0","0","0","0","1","1","0","1","1","0","0","0","19","56","75"
"경기도교육청","경기도수원교육지원청","경기도 수원시 영통구","S090006813","이의고등학교","04","공립","N","","1","0","1","1","1","2","0","0","0","18","56","74","0","4","4","0","1","1","0","0","0","0","0","0","0","0","0","0","1","1","0","0","0","0","2","2","0","1","1","0","0","0","20","66","86"
"경기도교육청","경기도김포교육지원청","경기도 김포시","S090006814","김포제일고등학교","04","공립","N","","0","1","1","1","0","1","0","0","0","14","47","61","7","10","17","0","0","0","0","0","0","0","0","0","0","0","0","0","1","1","0","1","1","0","2","2","0","1","1","0","0","0","22","63","85"
"경기도교육청","경기도파주교육지원청","경기도 파주시","S090006903","지산고등학교","04","공립","N","","1","0","1","1","0","1","0","0","0","20","53","73","1","5","6","1","0","1","0","2","2","0","0","0","0","0","0","0","1","1","0","0","0","0","1","1","0","1","1","0","0","0","24","63","87"
"경기도교육청","경기도구리남양주교육지원청","경기도 남양주시","S090006905","별가람고등학교","04","공립","N","","0","1","1","1","0","1","0","0","0","14","41","55","0","11","11","3","4","7","0","0","0","0","0","0","0","0","0","0","1","1","0","1","1","0","1","1","0","1","1","0","0","0","18","61","79"
"경기도교육청","경기도구리남양주교육지원청","경기도 구리시","S090006906","갈매고등학교","04","공립","N","","1","0","1","0","1","1","0","0","0","5","40","45","4","10","14","0","1","1","1","0","1","0","0","0","0","0","0","0","2","2","0","0","0","0","1","1","0","1","1","0","0","0","11","56","67"
"경기도교육청","경기도파주교육지원청","경기도 파주시","S090006908","한빛고등학교","04","공립","N","","1","0","1","1","0","1","0","0","0","18","56","74","2","6","8","0","3","3","0","0","0","0","0","0","0","0","0","0","1","1","0","1","1","0","1","1","0","1","1","0","0","0","22","69","91"
"경기도교육청","경기도광주하남교육지원청","경기도 하남시","S090006919","미사강변고등학교","04","공립","N","","0","1","1","1","0","1","0","0","0","12","44","56","1","12","13","0","2","2","0","0","0","0","0","0","0","0","0","0","1","1","0","1","1","0","1","1","0","1","1","0","0","0","14","63","77"
"경기도교육청","경기도광주하남교육지원청","경기도 광주시","S090006920","태전고등학교","04","공립","N","","0","1","1","1","0","1","0","0","0","15","33","48","4","15","19","0","1","1","0","1","1","0","0","0","0","0","0","0","1","1","0","0","0","0","1","1","0","1","1","0","0","0","20","54","74"
"경기도교육청","경기도용인교육지원청","경기도 용인시 처인구","S090006921","용인삼계고등학교","04","공립","N","","0","0","0","1","0","1","0","0","0","19","30","49","0","7","7","0","0","0","0","1","1","0","0","0","0","0","0","0","0","0","0","1","1","0","1","1","0","1","1","0","0","0","20","41","61"
"경기도교육청","경기도용인교육지원청","경기도 용인시 처인구","S090006924","고림고등학교","04","공립","N","","1","0","1","1","0","1","0","0","0","14","44","58","4","16","20","1","2","3","0","0","0","0","0","0","0","0","0","0","2","2","0","0","0","0","1","1","0","1","1","0","0","0","21","66","87"
"경기도교육청","경기도시흥교육지원청","경기도 시흥시","S090006925","배곧고등학교","04","공립","N","","1","0","1","1","1","2","0","0","0","20","32","52","4","8","12","0","2","2","0","0","0","0","0","0","0","0","0","0","1","1","0","2","2","0","1","1","0","1","1","0","0","0","26","48","74"
"경기도교육청","경기도광주하남교육지원청","경기도 하남시","S090007014","위례고등학교","04","공립","N","","1","0","1","0","1","1","0","0","0","5","47","52","2","15","17","1","0","1","0","0","0","0","0","0","0","0","0","1","0","1","0","2","2","0","1","1","0","1","1","0","0","0","10","67","77"
"경기도교육청","경기도화성오산교육지원청","경기도 화성시 만세구","S090007015","하길고등학교","04","공립","N","","1","0","1","1","0","1","0","0","0","13","22","35","8","21","29","0","0","0","0","0","0","0","0","0","0","0","0","0","1","1","0","1","1","0","1","1","0","1","1","0","0","0","23","47","70"
"경기도교육청","경기도성남교육지원청","경기도 성남시 수정구","S090007016","위례한빛고등학교","04","공립","N","","0","1","1","0","1","1","0","0","0","12","61","73","2","6","8","1","2","3","0","0","0","0","0","0","0","0","0","0","2","2","0","1","1","0","2","2","0","1","1","0","0","0","15","77","92"
"경기도교육청","경기도화성오산교육지원청","경기도 화성시 동탄구","S090007130","이산고등학교","04","공립","N","","1","0","1","0","1","1","0","0","0","20","43","63","5","11","16","1","1","2","0","0","0","0","0","0","0","0","0","0","0","0","0","1","1","0","3","3","0","1","1","0","0","0","27","61","88"
"경기도교육청","경기도화성오산교육지원청","경기도 화성시 동탄구","S090007131","창의고등학교","04","공립","N","","1","0","1","1","0","1","0","0","0","19","33","52","6","19","25","0","0","0","0","0","0","0","0","0","0","0","0","0","1","1","0","1","1","0","2","2","0","1","1","0","0","0","27","57","84"
"경기도교육청","경기도화성오산교육지원청","","S090007243","정현고등학교","04","공립","N","","1","0","1","1","0","1","0","0","0","18","47","65","4","14","18","1","1","2","0","0","0","0","0","0","0","0","0","0","2","2","0","1","1","0","2","2","0","1","1","0","0","0","25","68","93"
"경기도교육청","경기도화성오산교육지원청","경기도 화성시 효행구","S090007278","와우고등학교","04","공립","N","","1","0","1","1","0","1","1","0","1","26","23","49","9","15","24","0","2","2","1","0","1","0","0","0","0","0","0","1","0","1","0","0","0","0","2","2","0","1","1","0","0","0","40","43","83"
"경기도교육청","경기도김포교육지원청","경기도 김포시","S090007314","고촌고등학교","04","공립","N","","0","1","1","1","0","1","0","0","0","15","42","57","1","7","8","0","1","1","0","1","1","0","0","0","0","0","0","0","1","1","0","1","1","0","1","1","0","2","2","0","0","0","17","57","74"
"경기도교육청","경기도화성오산교육지원청","경기도 화성시 만세구","S090007315","새솔고등학교","04","공립","N","","1","0","1","1","0","1","0","0","0","11","25","36","3","13","16","0","1","1","0","1","1","0","0","0","0","0","0","0","1","1","1","0","1","0","1","1","0","1","1","0","0","0","17","43","60"
"경기도교육청","경기도화성오산교육지원청","경기도 화성시 동탄구","S090007316","서연고등학교","04","공립","N","","1","0","1","1","0","1","0","0","0","16","34","50","7","20","27","0","0","0","0","0","0","0","0","0","0","0","0","0","1","1","0","1","1","0","2","2","0","1","1","0","0","0","25","59","84"
"경기도교육청","경기도구리남양주교육지원청","경기도 남양주시","S090007317","남양주다산고등학교","04","공립","N","","1","0","1","0","1","1","0","0","0","17","31","48","9","11","20","1","3","4","0","0","0","0","0","0","0","0","0","1","0","1","0","1","1","0","1","1","0","1","1","0","0","0","29","49","78"
"경기도교육청","경기도시흥교육지원청","경기도 시흥시","S090007318","목감고등학교","04","공립","N","","1","0","1","1","0","1","0","0","0","18","39","57","1","7","8","0","2","2","0","1","1","0","0","0","0","0","0","0","1","1","0","1","1","0","1","1","0","1","1","0","0","0","21","53","74"
"경기도교육청","경기도광주하남교육지원청","경기도 하남시","S090007408","감일고등학교","04","공립","N","","1","0","1","0","1","1","0","0","0","6","46","52","4","8","12","0","1","1","0","0","0","0","0","0","0","0","0","0","1","1","0","1","1","0","1","1","0","1","1","0","0","0","11","60","71"
"경기도교육청","경기도동두천양주교육지원청","경기도 양주시","S090007409","옥빛고등학교","04","공립","N","","1","0","1","1","0","1","0","0","0","24","34","58","5","8","13","1","1","2","0","1","1","0","0","0","0","0","0","1","0","1","0","1","1","0","1","1","0","1","1","0","0","0","33","47","80"
"경기도교육청","경기도용인교육지원청","경기도 용인시 처인구","S090007439","처인고등학교","04","공립","N","","0","1","1","1","0","1","0","0","0","13","27","40","4","9","13","1","0","1","0","0","0","0","0","0","0","0","0","1","0","1","0","1","1","0","1","1","0","1","1","0","0","0","20","40","60"
"경기도교육청","경기도고양교육지원청","경기도 고양시 덕양구","S090007444","신원고등학교","04","공립","N","","0","1","1","0","1","1","0","0","0","22","28","50","6","9","15","0","2","2","0","0","0","0","0","0","0","0","0","0","1","1","0","1","1","0","1","1","0","1","1","0","0","0","28","45","73"
"경기도교육청","경기도고양교육지원청","경기도 고양시 덕양구","S090007445","향동고등학교","04","공립","N","","1","0","1","0","1","1","0","0","0","9","38","47","4","6","10","0","1","1","0","0","0","0","0","0","0","0","0","0","1","1","0","1","1","0","1","1","0","1","1","0","0","0","14","50","64"
"경기도교육청","경기도화성오산교육지원청","경기도 화성시 동탄구","S090007568","이솔고등학교","04","공립","N","","1","0","1","1","0","1","0","0","0","20","38","58","7","16","23","0","0","0","0","0","0","0","0","0","0","0","0","1","0","1","0","1","1","0","2","2","0","2","2","0","0","0","30","59","89"
"경기도교육청","경기도파주교육지원청","경기도 파주시","S090007625","심학고등학교","04","공립","N","","1","0","1","0","1","1","0","1","1","14","30","44","0","4","4","0","3","3","0","0","0","0","0","0","0","0","0","0","0","0","0","1","1","0","1","1","0","1","1","0","0","0","15","42","57"
"경기도교육청","경기도화성오산교육지원청","","S090007863","치동고등학교","04","공립","N","","0","1","1","0","1","1","0","1","1","20","26","46","5","6","11","0","0","0","0","0","0","0","0","0","0","0","0","0","1","1","0","1","1","0","1","1","0","1","1","0","0","0","25","39","64"
"경기도교육청","경기도김포교육지원청","경기도 김포시","S090007869","운유고등학교","04","공립","N","","0","1","1","0","1","1","1","0","1","9","19","28","8","17","25","1","1","2","0","0","0","0","0","0","0","0","0","0","1","1","0","1","1","0","1","1","0","1","1","0","0","0","19","43","62"
"경기도교육청","경기도화성오산교육지원청","경기도 화성시 효행구","S090007907","화담고등학교","04","공립","N","","1","0","1","0","1","1","0","0","0","5","9","14","3","6","9","0","1","1","0","0","0","0","0","0","0","0","0","0","0","0","0","0","0","0","2","2","0","1","1","0","0","0","9","20","29"
"경기도교육청","경기도화성오산교육지원청","경기도 화성시 동탄구","S090007916","신동고등학교","04","공립","N","","0","1","1","1","0","1","0","0","0","5","6","11","0","5","5","0","0","0","0","2","2","0","0","0","0","0","0","0","0","0","0","0","0","0","1","1","0","1","1","0","0","0","6","16","22"
"경기도교육청","경기도김포교육지원청","경기도 김포시","S090007922","김포호수고등학교","04","공립","N","","1","0","1","0","1","1","0","1","1","10","11","21","3","4","7","0","1","1","0","0","0","0","0","0","0","0","0","0","1","1","0","0","0","0","1","1","0","1","1","0","0","0","14","21","35"
"경기도교육청","경기도군포의왕교육지원청","경기도 의왕시","S090008026","내손고등학교","04","공립","N","","1","0","1","0","0","0","0","0","0","1","3","4","0","1","1","0","0","0","0","0","0","0","0","0","0","0","0","0","0","0","0","0","0","0","0","0","0","0","0","0","0","0","2","4","6"
"경기도교육청","경기도수원교육지원청","경기도 수원시 영통구","S090008033","중앙기독고등학교","04","사립","N","","0","0","0","0","0","0","0","0","0","4","0","4","0","3","3","0","0","0","0","0","0","0","0","0","0","0","0","0","0","0","0","0","0","0","0","0","0","0","0","0","0","0","4","3","7"