"시도교육청","교육지원청","지역","정보공시 학교코드","학교명","학교급코드","설립구분","제외여부","제외사유","1학년 학급수","1학년 학생수","1학년 학급당 학생수","2학년 학급수","2학년 학생수","2학년 학급당 학생수","3학년 학급수","3학년 학생수","3학년 학급당 학생수","특수학급 학급수","특수학급 학생수","특수학급 학급당 학생수","순회학급 학급수","순회학급 학생수","순회학급 학급당 학생수","학급수(계)","학생수(계)","학급당 학생수(계)","교사수","수업교원 1인당 학생수"
"경기도교육청","경기도가평교육지원청","경기도 가평군","S090000876","가평중학교","03","공립","N","","6","171","28.5","6","159","26.5","7","172","24.6","2","11","5.5","0","0","0","21","513","24.4","38","13.5"
"경기도교육청","경기도가평교육지원청","경기도 가평군","S090000877","가평북중학교","03","공립","N","","1","10","10","1","10","10","1","12","12","1","4","4","0","0","0","4","36","9","13","2.8"
"경기도교육청","경기도가평교육지원청","경기도 가평군","S090000878","설악중학교","03","공립","N","","3","56","18.7","3","59","19.7","3","56","18.7","1","4","4","0","0","0","10","175","17.5","20","8.8"
"경기도교육청","경기도가평교육지원청","경기도 가평군","S090000879","조종중학교","03","공립","N","","3","82","27.3","3","68","22.7","3","76","25.3","1","8","8","0","0","0","10","234","23.4","20","11.7"
"경기도교육청","경기도가평교육지원청","경기도 가평군","S090000880","청평중학교","03","공립","N","","3","70","23.3","3","67","22.3","3","71","23.7","1","6","6","0","0","0","10","214","21.4","21","10.2"
"경기도교육청","경기도고양교육지원청","경기도 고양시 덕양구","S090000944","가람중학교","03","공립","N","","5","139","27.8","5","134","26.8","5","137","27.4","1","3","3","0","0","0","16","413","25.8","28","14.8"
"경기도교육청","경기도고양교육지원청","경기도 고양시 덕양구","S090000946","고양중학교","03","공립","N","","10","276","27.6","10","276","27.6","8","223","27.9","1","9","9","0","0","0","29","784","27","51","15.4"
"경기도교육청","경기도고양교육지원청","경기도 고양시 덕양구","S090000947","능곡중학교","03","공립","N","","6","153","25.5","5","120","24","5","137","27.4","0","0","0","0","0","0","16","410","25.6","28","14.6"
"경기도교육청","경기도고양교육지원청","경기도 고양시 일산서구","S090000948","대화중학교","03","공립","N","","6","153","25.5","5","132","26.4","7","177","25.3","0","0","0","0","0","0","18","462","25.7","32","14.4"
"경기도교육청","경기도고양교육지원청","경기도 고양시 덕양구","S090000949","덕양중학교","03","공립","N","","3","57","19","3","66","22","3","59","19.7","1","6","6","0","0","0","10","188","18.8","20","9.4"
"경기도교육청","경기도고양교육지원청","경기도 고양시 덕양구","S090000950","무원중학교","03","공립","N","","6","151","25.2","6","153","25.5","7","172","24.6","1","6","6","1","2","2","21","484","23","35","13.8"
"경기도교육청","경기도고양교육지원청","경기도 고양시 일산서구","S090000951","발산중학교","03","공립","N","","10","278","27.8","10","275","27.5","10","298","29.8","1","1","1","0","0","0","31","852","27.5","54","15.8"
"경기도교육청","경기도고양교육지원청","경기도 고양시 일산동구","S090000952","백마중학교","03","공립","N","","7","194","27.7","7","193","27.6","8","218","27.3","1","6","6","0","0","0","23","611","26.6","41","14.9"
"경기도교육청","경기도고양교육지원청","경기도 고양시 일산동구","S090000953","백석중학교","03","공립","N","","5","139","27.8","5","135","27","6","162","27","1","5","5","0","0","0","17","441","25.9","29","15.2"
"경기도교육청","경기도고양교육지원청","경기도 고양시 일산동구","S090000954","백신중학교","03","공립","N","","10","280","28","10","274","27.4","10","276","27.6","1","5","5","0","0","0","31","835","26.9","54","15.5"
"경기도교육청","경기도고양교육지원청","경기도 고양시 덕양구","S090000955","백양중학교","03","공립","N","","4","107","26.8","4","103","25.8","5","126","25.2","1","4","4","0","0","0","14","340","24.3","24","14.2"
"경기도교육청","경기도고양교육지원청","경기도 고양시 덕양구","S090000956","고양제일중학교","03","사립","N","","10","274","27.4","11","289","26.3","11","308","28","0","0","0","0","0","0","32","871","27.2","57","15.3"
"경기도교육청","경기도고양교육지원청","경기도 고양시 덕양구","S090000957","신능중학교","03","공립","N","","4","109","27.3","4","95","23.8","5","126","25.2","1","6","6","0","0","0","14","336","24","24","14"
"경기도교육청","경기도고양교육지원청","경기도 고양시 일산서구","S090000958","신일중학교","03","공립","N","","10","277","27.7","11","309","28.1","12","339","28.3","1","4","4","0","0","0","34","929","27.3","59","15.7"
"경기도교육청","경기도고양교육지원청","경기도 고양시 일산서구","S090000959","오마중학교","03","공립","N","","11","309","28.1","11","312","28.4","13","367","28.2","0","0","0","0","0","0","35","988","28.2","62","15.9"
"경기도교육청","경기도고양교육지원청","경기도 고양시 덕양구","S090000960","원당중학교","03","공립","N","","3","58","19.3","3","60","20","3","64","21.3","0","0","0","0","0","0","9","182","20.2","18","10.1"
"경기도교육청","경기도고양교육지원청","경기도 고양시 일산서구","S090000961","일산동중학교","03","공립","N","","7","185","26.4","7","188","26.9","7","181","25.9","2","11","5.5","0","0","0","23","565","24.6","39","14.5"
"경기도교육청","경기도고양교육지원청","경기도 고양시 일산서구","S090000962","일산중학교","03","공립","N","","6","148","24.7","5","127","25.4","5","119","23.8","1","3","3","0","0","0","17","397","23.4","29","13.7"
"경기도교육청","경기도고양교육지원청","경기도 고양시 일산서구","S090000963","장성중학교","03","공립","N","","5","139","27.8","5","133","26.6","7","174","24.9","2","7","3.5","0","0","0","19","453","23.8","32","14.2"
"경기도교육청","경기도고양교육지원청","경기도 고양시 일산동구","S090000964","저동중학교","03","공립","N","","6","160","26.7","6","146","24.3","6","154","25.7","1","5","5","0","0","0","19","465","24.5","33","14.1"
"경기도교육청","경기도고양교육지원청","경기도 고양시 일산동구","S090000965","정발중학교","03","공립","N","","11","308","28","11","299","27.2","12","336","28","0","0","0","0","0","0","34","943","27.7","60","15.7"
"경기도교육청","경기도고양교육지원청","경기도 고양시 일산동구","S090000966","중산중학교","03","공립","N","","6","155","25.8","6","153","25.5","7","174","24.9","1","3","3","0","0","0","20","485","24.3","34","14.3"
"경기도교육청","경기도고양교육지원청","경기도 고양시 덕양구","S090000967","지도중학교","03","공립","N","","6","166","27.7","6","153","25.5","7","177","25.3","1","5","5","0","0","0","20","501","25.1","34","14.7"
"경기도교육청","경기도고양교육지원청","경기도 고양시 일산서구","S090000969","한수중학교","03","공립","N","","10","273","27.3","10","274","27.4","10","278","27.8","2","12","6","0","0","0","32","837","26.2","57","14.7"
"경기도교육청","경기도고양교육지원청","경기도 고양시 덕양구","S090000970","행신중학교","03","공립","N","","5","140","28","6","149","24.8","6","150","25","1","2","2","0","0","0","18","441","24.5","31","14.2"
"경기도교육청","경기도고양교육지원청","경기도 고양시 일산서구","S090000971","호곡중학교","03","공립","N","","10","281","28.1","9","232","25.8","9","243","27","1","6","6","0","0","0","29","762","26.3","50","15.2"
"경기도교육청","경기도고양교육지원청","경기도 고양시 덕양구","S090000972","화수중학교","03","공립","N","","9","248","27.6","9","241","26.8","10","271","27.1","3","11","3.7","0","0","0","31","771","24.9","54","14.3"
"경기도교육청","경기도고양교육지원청","경기도 고양시 덕양구","S090000973","화정중학교","03","공립","N","","8","224","28","8","216","27","9","250","27.8","0","0","0","0","0","0","25","690","27.6","44","15.7"
"경기도교육청","경기도광명교육지원청","경기도 광명시","S090001188","가림중학교","03","공립","N","","6","149","24.8","6","156","26","6","152","25.3","2","13","6.5","0","0","0","20","470","23.5","34","13.8"
"경기도교육청","경기도광명교육지원청","경기도 광명시","S090001189","광남중학교","03","공립","N","","9","257","28.6","10","274","27.4","10","300","30","2","12","6","0","0","0","31","843","27.2","53","15.9"
"경기도교육청","경기도광명교육지원청","경기도 광명시","S090001190","광명북중학교","03","공립","N","","5","138","27.6","6","154","25.7","5","140","28","2","6","3","1","2","2","19","440","23.2","31","14.2"
"경기도교육청","경기도광명교육지원청","경기도 광명시","S090001191","하안북중학교","03","공립","N","","11","320","29.1","10","297","29.7","11","334","30.4","1","6","6","0","0","0","33","957","29","57","16.8"
"경기도교육청","경기도광명교육지원청","경기도 광명시","S090001192","광명중학교","03","공립","N","","8","234","29.3","5","127","25.4","5","124","24.8","2","9","4.5","0","0","0","20","494","24.7","35","14.1"
"경기도교육청","경기도광명교육지원청","경기도 광명시","S090001194","소하중학교","03","공립","N","","13","375","28.8","12","354","29.5","15","441","29.4","1","7","7","0","0","0","41","1177","28.7","71","16.6"
"경기도교육청","경기도광명교육지원청","경기도 광명시","S090001195","안서중학교","03","공립","N","","4","102","25.5","3","70","23.3","4","114","28.5","1","4","4","0","0","0","12","290","24.2","20","14.5"
"경기도교육청","경기도광명교육지원청","경기도 광명시","S090001196","철산중학교","03","공립","N","","13","386","29.7","15","446","29.7","15","456","30.4","1","5","5","0","0","0","44","1293","29.4","78","16.6"
"경기도교육청","경기도광명교육지원청","경기도 광명시","S090001198","하안중학교","03","공립","N","","7","193","27.6","6","173","28.8","8","232","29","1","3","3","0","0","0","22","601","27.3","38","15.8"
"경기도교육청","경기도광주하남교육지원청","경기도 광주시","S090001267","경안중학교","03","공립","N","","12","377","31.4","12","375","31.3","11","344","31.3","2","11","5.5","0","0","0","37","1107","29.9","62","17.9"
"경기도교육청","경기도광주하남교육지원청","경기도 광주시","S090001268","경화여자중학교","03","사립","N","","10","300","30","10","299","29.9","10","311","31.1","0","0","0","0","0","0","30","910","30.3","56","16.3"
"경기도교육청","경기도광주하남교육지원청","경기도 광주시","S090001269","광수중학교","03","공립","N","","4","105","26.3","5","111","22.2","5","115","23","1","3","3","0","0","0","15","334","22.3","26","12.8"
"경기도교육청","경기도광주하남교육지원청","경기도 광주시","S090001270","광일중학교","03","공립","N","","2","42","21","2","39","19.5","2","40","20","1","1","1","0","0","0","7","122","17.4","15","8.1"
"경기도교육청","경기도광주하남교육지원청","경기도 광주시","S090001271","곤지암중학교","03","공립","N","","6","149","24.8","6","149","24.8","6","156","26","1","3","3","0","0","0","19","457","24.1","32","14.3"
"경기도교육청","경기도광주하남교육지원청","경기도 광주시","S090001272","광주중학교","03","공립","N","","7","180","25.7","7","196","28","7","202","28.9","1","5","5","0","0","0","22","583","26.5","38","15.3"
"경기도교육청","경기도광주하남교육지원청","경기도 하남시","S090001273","남한중학교","03","공립","N","","2","56","28","2","43","21.5","2","49","24.5","1","4","4","1","4","4","8","156","19.5","16","9.8"
"경기도교육청","경기도광주하남교육지원청","경기도 하남시","S090001274","동부중학교","03","공립","N","","3","69","23","3","66","22","4","91","22.8","2","10","5","0","0","0","12","236","19.7","23","10.3"
"경기도교육청","경기도광주하남교육지원청","경기도 하남시","S090001275","신장중학교","03","공립","N","","3","90","30","4","94","23.5","4","97","24.3","0","0","0","0","0","0","11","281","25.5","19","14.8"
"경기도교육청","경기도광주하남교육지원청","경기도 광주시","S090001276","탄벌중학교","03","공립","N","","15","443","29.5","14","392","28","15","420","28","3","17","5.7","0","0","0","47","1272","27.1","81","15.7"
"경기도교육청","경기도광주하남교육지원청","경기도 하남시","S090001277","하남중학교","03","공립","N","","5","130","26","5","130","26","5","139","27.8","1","6","6","0","0","0","16","405","25.3","27","15"
"경기도교육청","경기도군포의왕교육지원청","경기도 의왕시","S090001365","갈뫼중학교","03","공립","N","","10","272","27.2","9","242","26.9","9","255","28.3","1","5","5","0","0","0","29","774","26.7","50","15.5"
"경기도교육청","경기도군포의왕교육지원청","경기도 의왕시","S090001366","고천중학교","03","공립","N","","5","141","28.2","4","107","26.8","5","139","27.8","0","0","0","0","0","0","14","387","27.6","25","15.5"
"경기도교육청","경기도군포의왕교육지원청","경기도 군포시","S090001367","곡란중학교","03","공립","N","","3","85","28.3","4","105","26.3","5","119","23.8","1","7","7","0","0","0","13","316","24.3","22","14.4"
"경기도교육청","경기도군포의왕교육지원청","경기도 군포시","S090001368","군포중학교","03","공립","N","","4","92","23","4","100","25","4","102","25.5","2","10","5","2","10","5","16","314","19.6","25","12.6"
"경기도교육청","경기도군포의왕교육지원청","경기도 군포시","S090001369","궁내중학교","03","공립","N","","9","252","28","9","248","27.6","10","254","25.4","0","0","0","0","0","0","28","754","26.9","50","15.1"
"경기도교육청","경기도군포의왕교육지원청","경기도 군포시","S090001370","금정중학교","03","공립","N","","5","133","26.6","4","105","26.3","5","129","25.8","1","3","3","0","0","0","15","370","24.7","28","13.2"
"경기도교육청","경기도군포의왕교육지원청","경기도 군포시","S090001371","도장중학교","03","공립","N","","8","202","25.3","8","215","26.9","8","206","25.8","1","7","7","0","0","0","25","630","25.2","43","14.7"
"경기도교육청","경기도군포의왕교육지원청","경기도 의왕시","S090001372","백운중학교","03","공립","N","","8","202","25.3","7","190","27.1","5","125","25","1","2","2","0","0","0","21","519","24.7","36","14.4"
"경기도교육청","경기도군포의왕교육지원청","경기도 군포시","S090001374","산본중학교","03","공립","N","","10","280","28","10","271","27.1","10","287","28.7","0","0","0","0","0","0","30","838","27.9","54","15.5"
"경기도교육청","경기도군포의왕교육지원청","경기도 군포시","S090001375","수리중학교","03","공립","N","","8","207","25.9","7","188","26.9","8","224","28","1","6","6","0","0","0","24","625","26","43","14.5"
"경기도교육청","경기도군포의왕교육지원청","경기도 군포시","S090001376","용호중학교","03","공립","N","","8","224","28","8","224","28","8","225","28.1","1","6","6","0","0","0","25","679","27.2","44","15.4"
"경기도교육청","경기도군포의왕교육지원청","경기도 의왕시","S090001377","의왕부곡중학교","03","공립","N","","6","167","27.8","8","214","26.8","8","218","27.3","2","7","3.5","0","0","0","24","606","25.3","42","14.4"
"경기도교육청","경기도군포의왕교육지원청","경기도 의왕시","S090001378","의왕중학교","03","공립","N","","2","35","17.5","3","57","19","3","60","20","1","7","7","0","0","0","9","159","17.7","16","9.9"
"경기도교육청","경기도군포의왕교육지원청","경기도 군포시","S090001379","흥진중학교","03","공립","N","","6","155","25.8","6","145","24.2","7","177","25.3","1","4","4","0","0","0","20","481","24.1","35","13.7"
"경기도교육청","경기도김포교육지원청","경기도 김포시","S090001487","고촌중학교","03","공립","N","","6","164","27.3","5","135","27","5","159","31.8","1","2","2","0","0","0","17","460","27.1","28","16.4"
"경기도교육청","경기도김포교육지원청","경기도 김포시","S090001488","김포여자중학교","03","공립","N","","2","59","29.5","3","80","26.7","4","109","27.3","1","2","2","0","0","0","10","250","25","19","13.2"
"경기도교육청","경기도김포교육지원청","경기도 김포시","S090001489","금파중학교","03","공립","N","","11","347","31.5","11","345","31.4","11","367","33.4","1","6","6","0","0","0","34","1065","31.3","59","18.1"
"경기도교육청","경기도김포교육지원청","경기도 김포시","S090001490","김포중학교","03","공립","N","","3","88","29.3","3","83","27.7","3","78","26","1","3","3","0","0","0","10","252","25.2","19","13.3"
"경기도교육청","경기도김포교육지원청","경기도 김포시","S090001491","대곶중학교","03","공립","N","","2","47","23.5","2","49","24.5","2","44","22","2","4","2","0","0","0","8","144","18","16","9"
"경기도교육청","경기도김포교육지원청","경기도 김포시","S090001492","분진중학교","03","사립","N","","1","9","9","1","17","17","1","14","14","0","0","0","0","0","0","3","40","13.3","12","3.3"
"경기도교육청","경기도김포교육지원청","경기도 김포시","S090001493","양곡중학교","03","사립","N","","5","139","27.8","4","113","28.3","6","160","26.7","0","0","0","0","0","0","15","412","27.5","26","15.8"
"경기도교육청","경기도김포교육지원청","경기도 김포시","S090001494","장기중학교","03","공립","N","","12","404","33.7","12","402","33.5","11","377","34.3","1","6","6","0","0","0","36","1189","33","63","18.9"
"경기도교육청","경기도김포교육지원청","경기도 김포시","S090001495","통진중학교","03","사립","N","","6","166","27.7","5","135","27","6","168","28","2","8","4","0","0","0","19","477","25.1","33","14.5"
"경기도교육청","경기도김포교육지원청","경기도 김포시","S090001496","풍무중학교","03","공립","N","","12","381","31.8","12","374","31.2","12","394","32.8","1","4","4","0","0","0","37","1153","31.2","64","18"
"경기도교육청","경기도김포교육지원청","경기도 김포시","S090001497","하성중학교","03","공립","N","","2","35","17.5","2","43","21.5","2","28","14","1","3","3","0","0","0","7","109","15.6","16","6.8"
"경기도교육청","경기도구리남양주교육지원청","경기도 남양주시","S090001575","광동중학교","03","사립","N","","8","219","27.4","7","202","28.9","8","224","28","0","0","0","0","0","0","23","645","28","41","15.7"
"경기도교육청","경기도구리남양주교육지원청","경기도 구리시","S090001576","교문중학교","03","공립","N","","6","154","25.7","7","167","23.9","7","174","24.9","1","7","7","0","0","0","21","502","23.9","36","13.9"
"경기도교육청","경기도구리남양주교육지원청","경기도 구리시","S090001577","구리중학교","03","공립","N","","3","77","25.7","3","82","27.3","3","82","27.3","1","4","4","0","0","0","10","245","24.5","19","12.9"
"경기도교육청","경기도구리남양주교육지원청","경기도 구리시","S090001578","구리여자중학교","03","공립","N","","3","76","25.3","3","79","26.3","4","91","22.8","2","9","4.5","0","0","0","12","255","21.3","20","12.8"
"경기도교육청","경기도구리남양주교육지원청","경기도 남양주시","S090001579","금곡중학교","03","공립","N","","4","85","21.3","3","72","24","3","69","23","2","7","3.5","0","0","0","12","233","19.4","21","11.1"
"경기도교육청","경기도구리남양주교육지원청","경기도 남양주시","S090001581","덕소중학교","03","공립","N","","7","194","27.7","7","205","29.3","7","193","27.6","2","8","4","0","0","0","23","600","26.1","39","15.4"
"경기도교육청","경기도구리남양주교육지원청","경기도 남양주시","S090001582","도농중학교","03","공립","N","","6","163","27.2","7","207","29.6","6","175","29.2","2","11","5.5","0","0","0","21","556","26.5","35","15.9"
"경기도교육청","경기도구리남양주교육지원청","경기도 구리시","S090001583","동구중학교","03","공립","N","","10","267","26.7","9","250","27.8","9","237","26.3","0","0","0","0","0","0","28","754","26.9","49","15.4"
"경기도교육청","경기도구리남양주교육지원청","경기도 남양주시","S090001584","동화중학교","03","사립","N","","7","195","27.9","6","178","29.7","7","207","29.6","0","0","0","0","0","0","20","580","29","35","16.6"
"경기도교육청","경기도구리남양주교육지원청","경기도 남양주시","S090001585","마석중학교","03","공립","N","","10","304","30.4","9","276","30.7","10","320","32","2","9","4.5","0","0","0","31","909","29.3","53","17.2"
"경기도교육청","경기도구리남양주교육지원청","경기도 남양주시","S090001586","미금중학교","03","공립","N","","5","137","27.4","4","101","25.3","4","96","24","0","0","0","0","0","0","13","334","25.7","24","13.9"
"경기도교육청","경기도구리남양주교육지원청","경기도 남양주시","S090001587","별내중학교","03","공립","N","","6","157","26.2","6","153","25.5","6","170","28.3","1","3","3","0","0","0","19","483","25.4","33","14.6"
"경기도교육청","경기도구리남양주교육지원청","경기도 남양주시","S090001588","수동중학교","03","사립","N","","2","36","18","2","50","25","2","49","24.5","1","5","5","0","0","0","7","140","20","15","9.3"
"경기도교육청","경기도구리남양주교육지원청","경기도 남양주시","S090001589","심석중학교","03","사립","N","","8","263","32.9","8","256","32","9","286","31.8","0","0","0","0","0","0","25","805","32.2","44","18.3"
"경기도교육청","경기도구리남양주교육지원청","경기도 남양주시","S090001590","오남중학교","03","공립","N","","6","153","25.5","6","157","26.2","6","152","25.3","1","2","2","0","0","0","19","464","24.4","33","14.1"
"경기도교육청","경기도구리남양주교육지원청","경기도 남양주시","S090001591","와부중학교","03","공립","N","","8","223","27.9","8","240","30","9","265","29.4","1","5","5","0","0","0","26","733","28.2","47","15.6"
"경기도교육청","경기도구리남양주교육지원청","경기도 남양주시","S090001592","연세중학교","03","사립","N","","1","16","16","1","16","16","1","31","31","0","0","0","0","0","0","3","63","21","16","3.9"
"경기도교육청","경기도구리남양주교육지원청","경기도 구리시","S090001593","인창중학교","03","공립","N","","10","272","27.2","10","271","27.1","12","311","25.9","2","13","6.5","0","0","0","34","867","25.5","58","14.9"
"경기도교육청","경기도구리남양주교육지원청","경기도 구리시","S090001594","장자중학교","03","공립","N","","8","221","27.6","7","195","27.9","6","154","25.7","0","0","0","0","0","0","21","570","27.1","37","15.4"
"경기도교육청","경기도구리남양주교육지원청","경기도 남양주시","S090001595","진건중학교","03","공립","N","","5","135","27","6","141","23.5","6","137","22.8","2","11","5.5","0","0","0","19","424","22.3","32","13.3"
"경기도교육청","경기도구리남양주교육지원청","경기도 구리시","S090001596","토평중학교","03","공립","N","","6","156","26","6","165","27.5","6","155","25.8","2","14","7","0","0","0","20","490","24.5","34","14.4"
"경기도교육청","경기도구리남양주교육지원청","경기도 남양주시","S090001597","퇴계원중학교","03","공립","N","","7","199","28.4","7","180","25.7","8","221","27.6","2","8","4","0","0","0","24","608","25.3","41","14.8"
"경기도교육청","경기도구리남양주교육지원청","경기도 남양주시","S090001598","호평중학교","03","공립","N","","9","248","27.6","10","275","27.5","10","277","27.7","1","6","6","0","0","0","30","806","26.9","53","15.2"
"경기도교육청","경기도구리남양주교육지원청","경기도 남양주시","S090001599","화광중학교","03","공립","N","","5","152","30.4","4","122","30.5","4","127","31.8","0","0","0","0","0","0","13","401","30.8","23","17.4"
"경기도교육청","경기도동두천양주교육지원청","경기도 양주시","S090001771","고암중학교","03","공립","N","","6","165","27.5","6","166","27.7","7","184","26.3","0","0","0","0","0","0","19","515","27.1","35","14.7"
"경기도교육청","경기도동두천양주교육지원청","경기도 양주시","S090001772","남문중학교","03","사립","N","","3","72","24","2","52","26","3","56","18.7","0","0","0","0","0","0","8","180","22.5","18","10"
"경기도교육청","경기도동두천양주교육지원청","경기도 양주시","S090001773","덕계중학교","03","공립","N","","6","167","27.8","6","149","24.8","7","172","24.6","3","17","5.7","0","0","0","22","505","23","37","13.6"
"경기도교육청","경기도동두천양주교육지원청","경기도 양주시","S090001774","덕정중학교","03","공립","N","","5","127","25.4","5","130","26","5","132","26.4","1","4","4","0","0","0","16","393","24.6","27","14.6"
"경기도교육청","경기도동두천양주교육지원청","경기도 동두천시","S090001775","동두천여자중학교","03","사립","N","","5","116","23.2","5","120","24","4","102","25.5","0","0","0","0","0","0","14","338","24.1","25","13.5"
"경기도교육청","경기도동두천양주교육지원청","경기도 동두천시","S090001777","동두천중학교","03","사립","N","","4","92","23","4","110","27.5","5","116","23.2","0","0","0","0","0","0","13","318","24.5","23","13.8"
"경기도교육청","경기도동두천양주교육지원청","경기도 동두천시","S090001778","한빛누리중학교","03","사립","N","","5","121","24.2","5","117","23.4","4","109","27.3","1","3","3","0","0","0","15","350","23.3","27","13"
"경기도교육청","경기도동두천양주교육지원청","경기도 동두천시","S090001779","신흥중학교","03","사립","N","","5","124","24.8","4","100","25","4","112","28","0","0","0","0","0","0","13","336","25.8","24","14"
"경기도교육청","경기도동두천양주교육지원청","경기도 양주시","S090001780","양주백석중학교","03","공립","N","","7","179","25.6","7","186","26.6","7","180","25.7","2","9","4.5","1","4","4","24","558","23.3","40","14"
"경기도교육청","경기도동두천양주교육지원청","경기도 양주시","S090001781","조양중학교","03","사립","N","","4","83","20.8","4","93","23.3","4","83","20.8","1","7","7","0","0","0","13","266","20.5","22","12.1"
"경기도교육청","경기도부천교육지원청","경기도 부천시 원미구","S090001873","계남중학교","03","공립","N","","6","168","28","8","207","25.9","8","203","25.4","0","0","0","0","0","0","22","578","26.3","40","14.5"
"경기도교육청","경기도부천교육지원청","경기도 부천시 오정구","S090001874","내동중학교","03","공립","N","","2","50","25","3","63","21","3","78","26","2","7","3.5","1","3","3","11","201","18.3","19","10.6"
"경기도교육청","경기도부천교육지원청","경기도 부천시 오정구","S090001878","덕산중학교","03","공립","N","","10","276","27.6","11","294","26.7","10","276","27.6","2","12","6","0","0","0","33","858","26","57","15.1"
"경기도교육청","경기도부천교육지원청","경기도 부천시 원미구","S090001882","부명중학교","03","공립","N","","8","218","27.3","7","187","26.7","7","183","26.1","2","10","5","0","0","0","24","598","24.9","41","14.6"
"경기도교육청","경기도부천교육지원청","경기도 부천시 원미구","S090001883","부인중학교","03","공립","N","","6","159","26.5","4","105","26.3","7","182","26","1","5","5","0","0","0","18","451","25.1","31","14.5"
"경기도교육청","경기도부천교육지원청","경기도 부천시 소사구","S090001884","부일중학교","03","공립","N","","4","101","25.3","3","73","24.3","5","123","24.6","1","5","5","0","0","0","13","302","23.2","22","13.7"
"경기도교육청","경기도부천교육지원청","경기도 부천시 소사구","S090001885","부천남중학교","03","공립","N","","7","191","27.3","7","188","26.9","6","163","27.2","3","13","4.3","0","0","0","23","555","24.1","39","14.2"
"경기도교육청","경기도부천교육지원청","경기도 부천시 소사구","S090001886","부천동여자중학교","03","공립","N","","3","66","22","4","95","23.8","5","124","24.8","0","0","0","0","0","0","12","285","23.8","21","13.6"
"경기도교육청","경기도부천교육지원청","경기도 부천시 소사구","S090001887","부천동중학교","03","공립","N","","3","88","29.3","3","82","27.3","4","101","25.3","0","0","0","0","0","0","10","271","27.1","19","14.3"
"경기도교육청","경기도부천교육지원청","경기도 부천시 원미구","S090001888","부천부곡중학교","03","공립","N","","5","138","27.6","5","127","25.4","5","134","26.8","2","11","5.5","0","0","0","17","410","24.1","28","14.6"
"경기도교육청","경기도부천교육지원청","경기도 부천시 원미구","S090001889","부천부흥중학교","03","공립","N","","5","121","24.2","5","126","25.2","5","133","26.6","2","9","4.5","0","0","0","17","389","22.9","28","13.9"
"경기도교육청","경기도부천교육지원청","경기도 부천시 오정구","S090001892","부천여월중학교","03","공립","N","","6","155","25.8","5","122","24.4","6","156","26","3","14","4.7","0","0","0","20","447","22.4","34","13.1"
"경기도교육청","경기도부천교육지원청","경기도 부천시 소사구","S090001893","부천여자중학교","03","공립","N","","6","148","24.7","5","134","26.8","8","205","25.6","0","0","0","0","0","0","19","487","25.6","33","14.8"
"경기도교육청","경기도부천교육지원청","경기도 부천시 원미구","S090001894","부천중학교","03","공립","N","","9","250","27.8","10","260","26","10","271","27.1","2","9","4.5","0","0","0","31","790","25.5","53","14.9"
"경기도교육청","경기도부천교육지원청","경기도 부천시 원미구","S090001896","상도중학교","03","공립","N","","7","195","27.9","5","138","27.6","7","166","23.7","1","3","3","0","0","0","20","502","25.1","34","14.8"
"경기도교육청","경기도부천교육지원청","경기도 부천시 원미구","S090001897","상동중학교","03","공립","N","","4","117","29.3","3","72","24","3","75","25","1","5","5","0","0","0","11","269","24.5","21","12.8"
"경기도교육청","경기도부천교육지원청","경기도 부천시 원미구","S090001898","상일중학교","03","공립","N","","9","270","30","10","303","30.3","10","276","27.6","1","4","4","0","0","0","30","853","28.4","53","16.1"
"경기도교육청","경기도부천교육지원청","경기도 부천시 원미구","S090001899","석천중학교","03","공립","N","","12","357","29.8","11","331","30.1","14","394","28.1","1","5","5","0","0","0","38","1087","28.6","67","16.2"
"경기도교육청","경기도부천교육지원청","경기도 부천시 오정구","S090001900","성곡중학교","03","공립","N","","6","158","26.3","6","156","26","6","164","27.3","2","9","4.5","0","0","0","20","487","24.4","33","14.8"
"경기도교육청","경기도부천교육지원청","경기도 부천시 소사구","S090001901","성주중학교","03","공립","N","","8","217","27.1","7","186","26.6","8","210","26.3","1","5","5","0","0","0","24","618","25.8","42","14.7"
"경기도교육청","경기도부천교육지원청","경기도 부천시 원미구","S090001902","소명여자중학교","03","사립","N","","4","100","25","4","108","27","4","106","26.5","1","3","3","0","0","0","13","317","24.4","22","14.4"
"경기도교육청","경기도부천교육지원청","경기도 부천시 소사구","S090001903","소사중학교","03","공립","N","","5","138","27.6","6","167","27.8","7","181","25.9","1","8","8","0","0","0","19","494","26","36","13.7"
"경기도교육청","경기도부천교육지원청","경기도 부천시 원미구","S090001905","심원중학교","03","공립","N","","7","193","27.6","8","203","25.4","8","199","24.9","2","9","4.5","0","0","0","25","604","24.2","43","14"
"경기도교육청","경기도부천교육지원청","경기도 부천시 원미구","S090001906","역곡중학교","03","공립","N","","9","230","25.6","10","268","26.8","8","238","29.8","2","6","3","0","0","0","29","742","25.6","49","15.1"
"경기도교육청","경기도부천교육지원청","경기도 부천시 원미구","S090001911","중원중학교","03","공립","N","","7","167","23.9","6","144","24","6","127","21.2","2","14","7","0","0","0","21","452","21.5","35","12.9"
"경기도교육청","경기도부천교육지원청","경기도 부천시 원미구","S090001912","중흥중학교","03","공립","N","","9","251","27.9","8","219","27.4","10","280","28","0","0","0","0","0","0","27","750","27.8","47","16"
"경기도교육청","경기도성남교육지원청","경기도 성남시 중원구","S090002174","금광중학교","03","공립","N","","7","201","28.7","6","186","31","7","206","29.4","1","7","7","0","0","0","21","600","28.6","37","16.2"
"경기도교육청","경기도성남교육지원청","경기도 성남시 분당구","S090002176","내정중학교","03","공립","N","","11","380","34.5","10","340","34","10","335","33.5","0","0","0","0","0","0","31","1055","34","54","19.5"
"경기도교육청","경기도성남교육지원청","경기도 성남시 중원구","S090002177","대원중학교","03","공립","N","","3","63","21","2","39","19.5","2","60","30","0","0","0","0","0","0","7","162","23.1","15","10.8"
"경기도교육청","경기도성남교육지원청","경기도 성남시 분당구","S090002178","매송중학교","03","공립","N","","6","187","31.2","5","140","28","5","144","28.8","0","0","0","0","0","0","16","471","29.4","28","16.8"
"경기도교육청","경기도성남교육지원청","경기도 성남시 분당구","S090002180","백현중학교","03","공립","N","","8","269","33.6","7","234","33.4","9","288","32","1","5","5","0","0","0","25","796","31.8","43","18.5"
"경기도교육청","경기도성남교육지원청","경기도 성남시 분당구","S090002181","분당중학교","03","공립","N","","5","149","29.8","4","125","31.3","5","137","27.4","1","2","2","0","0","0","15","413","27.5","26","15.9"
"경기도교육청","경기도성남교육지원청","경기도 성남시 분당구","S090002182","불곡중학교","03","공립","N","","8","250","31.3","8","231","28.9","7","220","31.4","1","1","1","0","0","0","24","702","29.3","41","17.1"
"경기도교육청","경기도성남교육지원청","경기도 성남시 수정구","S090002183","상원여자중학교","03","공립","N","","4","92","23","4","91","22.8","3","77","25.7","0","0","0","0","0","0","11","260","23.6","19","13.7"
"경기도교육청","경기도성남교육지원청","경기도 성남시 분당구","S090002184","서현중학교","03","공립","N","","12","402","33.5","12","396","33","11","361","32.8","1","3","3","0","0","0","36","1162","32.3","62","18.7"
"경기도교육청","경기도성남교육지원청","경기도 성남시 중원구","S090002185","성남동중학교","03","공립","N","","7","198","28.3","7","179","25.6","7","192","27.4","2","13","6.5","0","0","0","23","582","25.3","40","14.6"
"경기도교육청","경기도성남교육지원청","경기도 성남시 수정구","S090002186","성남문원중학교","03","공립","N","","3","64","21.3","2","47","23.5","3","69","23","1","5","5","0","0","0","9","185","20.6","17","10.9"
"경기도교육청","경기도성남교육지원청","경기도 성남시 수정구","S090002187","성남서중학교","03","공립","N","","6","177","29.5","6","156","26","6","169","28.2","2","7","3.5","1","1","1","21","510","24.3","35","14.6"
"경기도교육청","경기도성남교육지원청","경기도 성남시 수정구","S090002188","성남여자중학교","03","공립","N","","6","149","24.8","4","117","29.3","6","155","25.8","1","6","6","0","0","0","17","427","25.1","30","14.2"
"경기도교육청","경기도성남교육지원청","경기도 성남시 중원구","S090002189","성남중학교","03","공립","N","","2","56","28","3","64","21.3","3","69","23","0","0","0","0","0","0","8","189","23.6","16","11.8"
"경기도교육청","경기도성남교육지원청","경기도 성남시 중원구","S090002190","동광중학교","03","사립","N","","3","60","20","3","66","22","3","71","23.7","1","11","11","0","0","0","10","208","20.8","20","10.4"
"경기도교육청","경기도성남교육지원청","경기도 성남시 중원구","S090002191","성일중학교","03","사립","N","","8","232","29","8","238","29.8","8","228","28.5","0","0","0","0","0","0","24","698","29.1","43","16.2"
"경기도교육청","경기도성남교육지원청","경기도 성남시 분당구","S090002192","송림중학교","03","사립","N","","4","118","29.5","3","87","29","4","116","29","0","0","0","0","0","0","11","321","29.2","20","16.1"
"경기도교육청","경기도성남교육지원청","경기도 성남시 분당구","S090002193","수내중학교","03","공립","N","","11","371","33.7","11","373","33.9","10","333","33.3","0","0","0","0","0","0","32","1077","33.7","56","19.2"
"경기도교육청","경기도성남교육지원청","경기도 성남시 중원구","S090002194","숭신중학교","03","사립","N","","3","63","21","3","64","21.3","3","72","24","0","0","0","0","0","0","9","199","22.1","18","11.1"
"경기도교육청","경기도성남교육지원청","경기도 성남시 분당구","S090002195","야탑중학교","03","공립","N","","10","298","29.8","9","285","31.7","9","271","30.1","1","4","4","0","0","0","29","858","29.6","51","16.8"
"경기도교육청","경기도성남교육지원청","경기도 성남시 분당구","S090002196","양영중학교","03","공립","N","","7","222","31.7","7","222","31.7","8","258","32.3","0","0","0","0","0","0","22","702","31.9","40","17.6"
"경기도교육청","경기도성남교육지원청","경기도 성남시 중원구","S090002198","영성중학교","03","공립","N","","3","77","25.7","3","69","23","4","103","25.8","2","8","4","0","0","0","12","257","21.4","22","11.7"
"경기도교육청","경기도성남교육지원청","경기도 성남시 중원구","S090002199","은행중학교","03","공립","N","","5","135","27","4","113","28.3","4","115","28.8","1","5","5","0","0","0","14","368","26.3","25","14.7"
"경기도교육청","경기도성남교육지원청","경기도 성남시 분당구","S090002200","이매중학교","03","공립","N","","9","305","33.9","10","327","32.7","10","332","33.2","0","0","0","0","0","0","29","964","33.2","52","18.5"
"경기도교육청","경기도성남교육지원청","경기도 성남시 분당구","S090002201","장안중학교","03","공립","N","","5","139","27.8","3","95","31.7","5","149","29.8","0","0","0","0","0","0","13","383","29.5","23","16.7"
"경기도교육청","경기도성남교육지원청","경기도 성남시 분당구","S090002202","정자중학교","03","공립","N","","4","117","29.3","4","117","29.3","4","121","30.3","1","5","5","0","0","0","13","360","27.7","22","16.4"
"경기도교육청","경기도성남교육지원청","경기도 성남시 분당구","S090002205","청솔중학교","03","공립","N","","1","8","8","1","13","13","2","37","18.5","1","1","1","0","0","0","5","59","11.8","14","4.2"
"경기도교육청","경기도성남교육지원청","경기도 성남시 수정구","S090002206","태평중학교","03","공립","N","","8","211","26.4","8","213","26.6","8","221","27.6","2","12","6","0","0","0","26","657","25.3","45","14.6"
"경기도교육청","경기도성남교육지원청","경기도 성남시 수정구","S090002207","풍생중학교","03","사립","N","","5","145","29","5","145","29","5","147","29.4","0","0","0","0","0","0","15","437","29.1","26","16.8"
"경기도교육청","경기도성남교육지원청","경기도 성남시 분당구","S090002208","하탑중학교","03","공립","N","","6","173","28.8","5","131","26.2","6","156","26","2","9","4.5","0","0","0","19","469","24.7","32","14.7"
"경기도교육청","경기도수원교육지원청","경기도 수원시 권선구","S090002406","고색중학교","03","공립","N","","3","67","22.3","4","91","22.8","3","85","28.3","2","11","5.5","1","4","4","13","258","19.8","22","11.7"
"경기도교육청","경기도수원교육지원청","경기도 수원시 권선구","S090002407","곡선중학교","03","공립","N","","4","116","29","4","104","26","5","144","28.8","1","4","4","1","1","1","15","369","24.6","25","14.8"
"경기도교육청","경기도수원교육지원청","경기도 수원시 권선구","S090002408","구운중학교","03","공립","N","","6","170","28.3","7","188","26.9","7","210","30","1","4","4","0","0","0","21","572","27.2","36","15.9"
"경기도교육청","경기도수원교육지원청","경기도 수원시 권선구","S090002409","권선중학교","03","공립","N","","3","90","30","3","78","26","2","58","29","1","5","5","0","0","0","9","231","25.7","18","12.8"
"경기도교육청","경기도수원교육지원청","경기도 수원시 권선구","S090002410","남수원중학교","03","공립","N","","10","309","30.9","10","304","30.4","10","302","30.2","1","9","9","0","0","0","31","924","29.8","55","16.8"
"경기도교육청","경기도수원교육지원청","경기도 수원시 장안구","S090002411","대평중학교","03","공립","N","","12","397","33.1","12","395","32.9","14","455","32.5","0","0","0","0","0","0","38","1247","32.8","67","18.6"
"경기도교육청","경기도수원교육지원청","경기도 수원시 팔달구","S090002412","동성중학교","03","공립","N","","6","172","28.7","7","194","27.7","7","209","29.9","0","0","0","0","0","0","20","575","28.8","35","16.4"
"경기도교육청","경기도수원교육지원청","경기도 수원시 영통구","S090002413","동수원중학교","03","공립","N","","7","203","29","7","194","27.7","7","210","30","0","0","0","0","0","0","21","607","28.9","37","16.4"
"경기도교육청","경기도수원교육지원청","경기도 수원시 영통구","S090002414","매원중학교","03","공립","N","","5","123","24.6","6","170","28.3","7","183","26.1","1","3","3","0","0","0","19","479","25.2","33","14.5"
"경기도교육청","경기도수원교육지원청","경기도 수원시 팔달구","S090002415","매향중학교","03","사립","N","","6","167","27.8","4","111","27.8","4","115","28.8","0","0","0","0","0","0","14","393","28.1","26","15.1"
"경기도교육청","경기도수원교육지원청","경기도 수원시 영통구","S090002416","매현중학교","03","공립","N","","6","154","25.7","5","146","29.2","6","149","24.8","1","5","5","0","0","0","18","454","25.2","31","14.6"
"경기도교육청","경기도수원교육지원청","경기도 수원시 장안구","S090002417","명인중학교","03","공립","N","","9","291","32.3","9","286","31.8","9","275","30.6","1","9","9","1","3","3","29","864","29.8","51","16.9"
"경기도교육청","경기도수원교육지원청","경기도 수원시 장안구","S090002418","송원중학교","03","공립","N","","4","105","26.3","3","85","28.3","3","84","28","0","0","0","0","0","0","10","274","27.4","20","13.7"
"경기도교육청","경기도수원교육지원청","경기도 수원시 영통구","S090002419","산남중학교","03","공립","N","","9","262","29.1","9","263","29.2","10","283","28.3","2","10","5","1","1","1","31","819","26.4","53","15.5"
"경기도교육청","경기도수원교육지원청","경기도 수원시 팔달구","S090002420","삼일중학교","03","사립","N","","5","140","28","5","132","26.4","6","168","28","0","0","0","0","0","0","16","440","27.5","29","15.2"
"경기도교육청","경기도수원교육지원청","경기도 수원시 장안구","S090002421","창용중학교","03","공립","N","","1","18","18","1","18","18","2","33","16.5","1","6","6","0","0","0","5","75","15","14","5.4"
"경기도교육청","경기도수원교육지원청","경기도 수원시 장안구","S090002422","수성중학교","03","공립","N","","5","132","26.4","5","136","27.2","6","178","29.7","0","0","0","0","0","0","16","446","27.9","31","14.4"
"경기도교육청","경기도수원교육지원청","경기도 수원시 장안구","S090002423","수원북중학교","03","공립","N","","3","70","23.3","3","74","24.7","3","81","27","2","11","5.5","0","0","0","11","236","21.5","20","11.8"
"경기도교육청","경기도수원교육지원청","경기도 수원시 팔달구","S090002424","수원제일중학교","03","공립","N","","1","25","25","3","63","21","2","51","25.5","2","12","6","0","0","0","8","151","18.9","17","8.9"
"경기도교육청","경기도수원교육지원청","경기도 수원시 팔달구","S090002425","수원중학교","03","사립","N","","7","214","30.6","7","210","30","7","216","30.9","0","0","0","0","0","0","21","640","30.5","37","17.3"
"경기도교육청","경기도수원교육지원청","경기도 수원시 장안구","S090002426","수일여자중학교","03","공립","N","","4","114","28.5","5","133","26.6","5","142","28.4","0","0","0","0","0","0","14","389","27.8","25","15.6"
"경기도교육청","경기도수원교육지원청","경기도 수원시 장안구","S090002427","수일중학교","03","공립","N","","2","54","27","2","61","30.5","3","80","26.7","0","0","0","0","0","0","7","195","27.9","15","13"
"경기도교육청","경기도수원교육지원청","경기도 수원시 팔달구","S090002428","숙지중학교","03","공립","N","","7","198","28.3","7","202","28.9","7","194","27.7","3","20","6.7","0","0","0","24","614","25.6","41","15"
"경기도교육청","경기도수원교육지원청","경기도 수원시 영통구","S090002429","연무중학교","03","공립","N","","11","356","32.4","10","310","31","11","346","31.5","1","2","2","0","0","0","33","1014","30.7","60","16.9"
"경기도교육청","경기도수원교육지원청","경기도 수원시 영통구","S090002430","영덕중학교","03","공립","N","","9","297","33","9","295","32.8","10","326","32.6","1","3","3","1","1","1","30","922","30.7","51","18.1"
"경기도교육청","경기도수원교육지원청","경기도 수원시 팔달구","S090002431","영복여자중학교","03","사립","N","","6","177","29.5","5","149","29.8","6","179","29.8","0","0","0","0","0","0","17","505","29.7","33","15.3"
"경기도교육청","경기도수원교육지원청","경기도 수원시 권선구","S090002432","영신중학교","03","사립","N","","7","209","29.9","8","234","29.3","8","217","27.1","0","0","0","0","0","0","23","660","28.7","40","16.5"
"경기도교육청","경기도수원교육지원청","경기도 수원시 영통구","S090002433","영일중학교","03","공립","N","","7","228","32.6","7","225","32.1","8","230","28.8","0","0","0","0","0","0","22","683","31","40","17.1"
"경기도교육청","경기도수원교육지원청","경기도 수원시 영통구","S090002434","영통중학교","03","공립","N","","3","90","30","3","73","24.3","3","66","22","1","4","4","0","0","0","10","233","23.3","19","12.3"
"경기도교육청","경기도수원교육지원청","경기도 수원시 영통구","S090002435","원천중학교","03","공립","N","","2","47","23.5","2","35","17.5","2","36","18","1","6","6","0","0","0","7","124","17.7","16","7.8"
"경기도교육청","경기도수원교육지원청","경기도 수원시 장안구","S090002436","율전중학교","03","공립","N","","4","104","26","5","131","26.2","5","152","30.4","1","5","5","0","0","0","15","392","26.1","27","14.5"
"경기도교육청","경기도수원교육지원청","경기도 수원시 팔달구","S090002437","율현중학교","03","공립","N","","9","274","30.4","9","264","29.3","10","299","29.9","0","0","0","0","0","0","28","837","29.9","51","16.4"
"경기도교육청","경기도수원교육지원청","경기도 수원시 장안구","S090002438","이목중학교","03","공립","N","","10","287","28.7","10","292","29.2","10","297","29.7","1","5","5","0","0","0","31","881","28.4","56","15.7"
"경기도교육청","경기도수원교육지원청","경기도 수원시 장안구","S090002439","천천중학교","03","공립","N","","11","362","32.9","10","316","31.6","11","355","32.3","0","0","0","0","0","0","32","1033","32.3","56","18.4"
"경기도교육청","경기도수원교육지원청","경기도 수원시 영통구","S090002440","청명중학교","03","공립","N","","5","128","25.6","5","135","27","6","179","29.8","1","4","4","0","0","0","17","446","26.2","29","15.4"
"경기도교육청","경기도수원교육지원청","경기도 수원시 영통구","S090002441","태장중학교","03","공립","N","","7","209","29.9","6","176","29.3","8","232","29","2","9","4.5","0","0","0","23","626","27.2","39","16.1"
"경기도교육청","경기도수원교육지원청","경기도 수원시 권선구","S090002442","호매실중학교","03","공립","N","","8","238","29.8","8","239","29.9","9","275","30.6","1","9","9","0","0","0","26","761","29.3","45","16.9"
"경기도교육청","경기도수원교육지원청","경기도 수원시 권선구","S090002443","화홍중학교","03","공립","N","","9","296","32.9","9","297","33","9","295","32.8","0","0","0","0","0","0","27","888","32.9","47","18.9"
"경기도교육청","경기도안산교육지원청","경기도 안산시 상록구","S090002683","경수중학교","03","공립","N","","6","165","27.5","5","130","26","6","166","27.7","1","6","6","0","0","0","18","467","25.9","31","15.1"
"경기도교육청","경기도안산교육지원청","경기도 안산시 단원구","S090002684","관산중학교","03","공립","N","","4","69","17.3","5","88","17.6","7","118","16.9","0","0","0","0","0","0","16","275","17.2","28","9.8"
"경기도교육청","경기도시흥교육지원청","경기도 시흥시","S090002685","군자중학교","03","공립","N","","7","188","26.9","7","195","27.9","7","193","27.6","3","12","4","1","4","4","25","592","23.7","42","14.1"
"경기도교육청","경기도안산교육지원청","경기도 안산시 단원구","S090002686","대부중학교","03","공립","N","","2","34","17","2","27","13.5","2","38","19","2","7","3.5","1","5","5","9","111","12.3","17","6.5"
"경기도교육청","경기도시흥교육지원청","경기도 시흥시","S090002687","대흥중학교","03","공립","N","","5","133","26.6","3","78","26","4","103","25.8","1","5","5","0","0","0","13","319","24.5","22","14.5"
"경기도교육청","경기도안산교육지원청","경기도 안산시 상록구","S090002688","반월중학교","03","공립","N","","5","126","25.2","4","99","24.8","5","115","23","1","5","5","0","0","0","15","345","23","26","13.3"
"경기도교육청","경기도안산교육지원청","경기도 안산시 단원구","S090002689","별망중학교","03","공립","N","","6","161","26.8","5","135","27","7","189","27","2","9","4.5","0","0","0","20","494","24.7","34","14.5"
"경기도교육청","경기도안산교육지원청","경기도 안산시 상록구","S090002690","본오중학교","03","공립","N","","10","276","27.6","10","287","28.7","10","256","25.6","2","12","6","0","0","0","32","831","26","55","15.1"
"경기도교육청","경기도안산교육지원청","경기도 안산시 상록구","S090002691","상록중학교","03","공립","N","","6","173","28.8","6","178","29.7","6","171","28.5","1","6","6","0","0","0","19","528","27.8","33","16"
"경기도교육청","경기도시흥교육지원청","경기도 시흥시","S090002692","서해중학교","03","공립","N","","9","248","27.6","9","268","29.8","8","238","29.8","1","5","5","0","0","0","27","759","28.1","48","15.8"
"경기도교육청","경기도안산교육지원청","경기도 안산시 단원구","S090002693","선부중학교","03","공립","N","","6","171","28.5","7","185","26.4","7","200","28.6","2","12","6","0","0","0","22","568","25.8","36","15.8"
"경기도교육청","경기도안산교육지원청","경기도 안산시 상록구","S090002694","성안중학교","03","공립","N","","7","186","26.6","7","187","26.7","8","199","24.9","2","11","5.5","0","0","0","24","583","24.3","41","14.2"
"경기도교육청","경기도시흥교육지원청","경기도 시흥시","S090002695","한국글로벌중학교","03","사립","N","","2","62","31","2","45","22.5","2","54","27","1","5","5","0","0","0","7","166","23.7","16","10.4"
"경기도교육청","경기도안산교육지원청","경기도 안산시 상록구","S090002696","성포중학교","03","공립","N","","6","163","27.2","6","163","27.2","6","162","27","1","6","6","1","2","2","20","496","24.8","33","15"
"경기도교육청","경기도시흥교육지원청","경기도 시흥시","S090002697","소래중학교","03","공립","N","","10","303","30.3","9","275","30.6","10","297","29.7","1","5","5","0","0","0","30","880","29.3","53","16.6"
"경기도교육청","경기도시흥교육지원청","경기도 시흥시","S090002698","송운중학교","03","공립","N","","5","127","25.4","6","166","27.7","7","192","27.4","1","6","6","0","0","0","19","491","25.8","33","14.9"
"경기도교육청","경기도안산교육지원청","경기도 안산시 단원구","S090002699","송호중학교","03","공립","N","","7","192","27.4","6","157","26.2","7","211","30.1","1","6","6","0","0","0","21","566","27","37","15.3"
"경기도교육청","경기도안산교육지원청","경기도 안산시 상록구","S090002700","시곡중학교","03","공립","N","","11","311","28.3","11","314","28.5","10","277","27.7","2","10","5","1","4","4","35","916","26.2","59","15.5"
"경기도교육청","경기도시흥교육지원청","경기도 시흥시","S090002701","시흥은행중학교","03","공립","N","","11","334","30.4","12","363","30.3","11","351","31.9","2","13","6.5","0","0","0","36","1061","29.5","63","16.8"
"경기도교육청","경기도시흥교육지원청","경기도 시흥시","S090002702","시흥중학교","03","공립","N","","7","170","24.3","7","191","27.3","8","215","26.9","2","8","4","0","0","0","24","584","24.3","40","14.6"
"경기도교육청","경기도시흥교육지원청","경기도 시흥시","S090002703","신천중학교","03","공립","N","","3","63","21","4","88","22","4","94","23.5","3","16","5.3","0","0","0","14","261","18.6","24","10.9"
"경기도교육청","경기도안산교육지원청","경기도 안산시 상록구","S090002704","안산부곡중학교","03","공립","N","","5","152","30.4","5","140","28","6","148","24.7","2","8","4","0","0","0","18","448","24.9","30","14.9"
"경기도교육청","경기도안산교육지원청","경기도 안산시 상록구","S090002705","안산중학교","03","사립","N","","3","64","21.3","2","51","25.5","3","79","26.3","0","0","0","0","0","0","8","194","24.3","19","10.2"
"경기도교육청","경기도안산교육지원청","경기도 안산시 단원구","S090002706","양지중학교","03","공립","N","","11","336","30.5","11","326","29.6","11","318","28.9","0","0","0","0","0","0","33","980","29.7","57","17.2"
"경기도교육청","경기도시흥교육지원청","경기도 시흥시","S090002707","연성중학교","03","공립","N","","6","154","25.7","6","156","26","7","198","28.3","2","9","4.5","0","0","0","21","517","24.6","35","14.8"
"경기도교육청","경기도안산교육지원청","경기도 안산시 단원구","S090002708","와동중학교","03","공립","N","","5","141","28.2","6","158","26.3","6","173","28.8","3","17","5.7","0","0","0","20","489","24.5","34","14.4"
"경기도교육청","경기도안산교육지원청","경기도 안산시 단원구","S090002709","원곡중학교","03","공립","N","","12","365","30.4","11","337","30.6","10","311","31.1","2","11","5.5","0","0","0","35","1024","29.3","60","17.1"
"경기도교육청","경기도안산교육지원청","경기도 안산시 단원구","S090002710","원일중학교","03","공립","N","","9","258","28.7","9","252","28","9","257","28.6","2","12","6","0","0","0","29","779","26.9","49","15.9"
"경기도교육청","경기도시흥교육지원청","경기도 시흥시","S090002711","장곡중학교","03","공립","N","","8","198","24.8","6","140","23.3","7","177","25.3","3","17","5.7","0","0","0","24","532","22.2","42","12.7"
"경기도교육청","경기도시흥교육지원청","경기도 시흥시","S090002712","정왕중학교","03","공립","N","","8","220","27.5","7","200","28.6","7","188","26.9","3","13","4.3","0","0","0","25","621","24.8","42","14.8"
"경기도교육청","경기도안산교육지원청","경기도 안산시 단원구","S090002713","중앙중학교","03","공립","N","","9","266","29.6","10","273","27.3","10","289","28.9","1","4","4","0","0","0","30","832","27.7","54","15.4"
"경기도교육청","경기도시흥교육지원청","경기도 시흥시","S090002714","함현중학교","03","공립","N","","7","188","26.9","7","204","29.1","7","206","29.4","1","3","3","0","0","0","22","601","27.3","38","15.8"
"경기도교육청","경기도안성교육지원청","경기도 안성시","S090002917","공도중학교","03","공립","N","","10","318","31.8","10","318","31.8","10","327","32.7","2","12","6","0","0","0","32","975","30.5","54","18.1"
"경기도교육청","경기도안성교육지원청","경기도 안성시","S090002918","명륜여자중학교","03","사립","N","","5","139","27.8","5","145","29","5","150","30","0","0","0","0","0","0","15","434","28.9","27","16.1"
"경기도교육청","경기도안성교육지원청","경기도 안성시","S090002919","서운중학교","03","공립","N","","1","13","13","1","18","18","1","17","17","1","2","2","0","0","0","4","50","12.5","12","4.2"
"경기도교육청","경기도안성교육지원청","경기도 안성시","S090002920","안성여자중학교","03","공립","N","","6","161","26.8","6","159","26.5","6","173","28.8","2","12","6","0","0","0","20","505","25.3","33","15.3"
"경기도교육청","경기도안성교육지원청","경기도 안성시","S090002921","안성중학교","03","공립","N","","6","158","26.3","6","169","28.2","6","175","29.2","2","10","5","0","0","0","20","512","25.6","34","15.1"
"경기도교육청","경기도안성교육지원청","경기도 안성시","S090002922","안청중학교","03","사립","N","","5","133","26.6","5","145","29","5","152","30.4","0","0","0","0","0","0","15","430","28.7","26","16.5"
"경기도교육청","경기도안성교육지원청","경기도 안성시","S090002923","양성중학교","03","공립","N","","1","15","15","1","21","21","1","19","19","1","2","2","1","1","1","5","58","11.6","13","4.5"
"경기도교육청","경기도안성교육지원청","경기도 안성시","S090002924","일죽중학교","03","공립","N","","1","19","19","1","22","22","1","18","18","0","0","0","0","0","0","3","59","19.7","11","5.4"
"경기도교육청","경기도안성교육지원청","경기도 안성시","S090002925","죽산중학교","03","공립","N","","2","39","19.5","2","41","20.5","2","39","19.5","1","2","2","0","0","0","7","121","17.3","15","8.1"
"경기도교육청","경기도안양과천교육지원청","경기도 과천시","S090003014","과천문원중학교","03","공립","N","","13","402","30.9","13","398","30.6","12","371","30.9","1","4","4","0","0","0","39","1175","30.1","67","17.5"
"경기도교육청","경기도안양과천교육지원청","경기도 과천시","S090003016","과천중학교","03","공립","N","","11","301","27.4","12","319","26.6","12","302","25.2","2","8","4","0","0","0","37","930","25.1","63","14.8"
"경기도교육청","경기도안양과천교육지원청","경기도 안양시 동안구","S090003017","인덕원중학교","03","공립","N","","4","102","25.5","3","62","20.7","3","78","26","1","4","4","0","0","0","11","246","22.4","20","12.3"
"경기도교육청","경기도안양과천교육지원청","경기도 안양시 동안구","S090003018","관양중학교","03","공립","N","","4","115","28.8","5","131","26.2","5","142","28.4","1","5","5","0","0","0","15","393","26.2","26","15.1"
"경기도교육청","경기도안양과천교육지원청","경기도 안양시 동안구","S090003019","귀인중학교","03","공립","N","","13","402","30.9","13","397","30.5","12","368","30.7","0","0","0","0","0","0","38","1167","30.7","67","17.4"
"경기도교육청","경기도안양과천교육지원청","경기도 안양시 만안구","S090003020","근명중학교","03","사립","N","","7","201","28.7","6","170","28.3","7","173","24.7","0","0","0","0","0","0","20","544","27.2","33","16.5"
"경기도교육청","경기도안양과천교육지원청","경기도 안양시 동안구","S090003021","대안여자중학교","03","공립","N","","6","179","29.8","7","193","27.6","7","199","28.4","0","0","0","0","0","0","20","571","28.6","36","15.9"
"경기도교육청","경기도안양과천교육지원청","경기도 안양시 동안구","S090003022","대안중학교","03","공립","N","","6","185","30.8","6","158","26.3","7","196","28","0","0","0","0","0","0","19","539","28.4","33","16.3"
"경기도교육청","경기도안양과천교육지원청","경기도 안양시 동안구","S090003024","범계중학교","03","공립","N","","8","242","30.3","8","239","29.9","10","307","30.7","3","18","6","0","0","0","29","806","27.8","51","15.8"
"경기도교육청","경기도안양과천교육지원청","경기도 안양시 동안구","S090003025","부림중학교","03","공립","N","","9","257","28.6","7","196","28","9","260","28.9","1","6","6","0","0","0","26","719","27.7","46","15.6"
"경기도교육청","경기도안양과천교육지원청","경기도 안양시 동안구","S090003026","부안중학교","03","공립","N","","7","216","30.9","7","195","27.9","6","187","31.2","1","2","2","0","0","0","21","600","28.6","37","16.2"
"경기도교육청","경기도안양과천교육지원청","경기도 안양시 만안구","S090003029","성문중학교","03","사립","N","","3","80","26.7","3","83","27.7","3","73","24.3","0","0","0","0","0","0","9","236","26.2","21","11.2"
"경기도교육청","경기도안양과천교육지원청","경기도 안양시 동안구","S090003030","신기중학교","03","공립","N","","7","208","29.7","6","185","30.8","6","183","30.5","1","5","5","0","0","0","20","581","29.1","36","16.1"
"경기도교육청","경기도안양과천교육지원청","경기도 안양시 만안구","S090003031","신성중학교","03","사립","N","","8","224","28","8","223","27.9","9","243","27","0","0","0","0","0","0","25","690","27.6","44","15.7"
"경기도교육청","경기도안양과천교육지원청","경기도 안양시 만안구","S090003032","신안중학교","03","공립","N","","3","84","28","3","84","28","3","84","28","0","0","0","0","0","0","9","252","28","18","14"
"경기도교육청","경기도안양과천교육지원청","경기도 안양시 동안구","S090003033","안양부흥중학교","03","공립","N","","12","370","30.8","12","369","30.8","12","368","30.7","1","6","6","0","0","0","37","1113","30.1","65","17.1"
"경기도교육청","경기도안양과천교육지원청","경기도 안양시 만안구","S090003035","안양서중학교","03","공립","N","","3","61","20.3","3","62","20.7","3","70","23.3","2","7","3.5","0","0","0","11","200","18.2","20","10"
"경기도교육청","경기도안양과천교육지원청","경기도 안양시 만안구","S090003036","안양여자중학교","03","사립","N","","5","141","28.2","5","128","25.6","5","149","29.8","0","0","0","0","0","0","15","418","27.9","26","16.1"
"경기도교육청","경기도안양과천교육지원청","경기도 안양시 만안구","S090003037","안양중학교","03","공립","N","","5","140","28","6","142","23.7","6","147","24.5","1","3","3","0","0","0","18","432","24","31","13.9"
"경기도교육청","경기도안양과천교육지원청","경기도 안양시 만안구","S090003038","연현중학교","03","공립","N","","8","217","27.1","9","232","25.8","10","257","25.7","2","9","4.5","0","0","0","29","715","24.7","49","14.6"
"경기도교육청","경기도안양과천교육지원청","경기도 안양시 동안구","S090003039","평촌중학교","03","공립","N","","14","435","31.1","13","402","30.9","14","434","31","0","0","0","0","0","0","41","1271","31","72","17.7"
"경기도교육청","경기도안양과천교육지원청","경기도 안양시 동안구","S090003041","호계중학교","03","공립","N","","7","196","28","7","177","25.3","6","171","28.5","1","2","2","0","0","0","21","546","26","37","14.8"
"경기도교육청","경기도양평교육지원청","경기도 양평군","S090003199","강하중학교","03","공립","N","","1","9","9","1","13","13","1","13","13","1","3","3","0","0","0","4","38","9.5","12","3.2"
"경기도교육청","경기도양평교육지원청","경기도 양평군","S090003200","개군중학교","03","사립","N","","2","37","18.5","2","45","22.5","2","43","21.5","1","2","2","0","0","0","7","127","18.1","17","7.5"
"경기도교육청","경기도양평교육지원청","경기도 양평군","S090003201","국수중학교","03","공립","N","","1","18","18","2","41","20.5","1","28","28","0","0","0","0","0","0","4","87","21.8","13","6.7"
"경기도교육청","경기도양평교육지원청","경기도 양평군","S090003202","양수중학교","03","공립","N","","2","47","23.5","2","45","22.5","2","64","32","1","3","3","0","0","0","7","159","22.7","16","9.9"
"경기도교육청","경기도양평교육지원청","경기도 양평군","S090003203","단월중학교","03","사립","N","","2","41","20.5","2","33","16.5","2","38","19","1","2","2","0","0","0","7","114","16.3","18","6.3"
"경기도교육청","경기도양평교육지원청","경기도 양평군","S090003204","서종중학교","03","사립","N","","3","99","33","3","73","24.3","3","84","28","1","3","3","0","0","0","10","259","25.9","19","13.6"
"경기도교육청","경기도양평교육지원청","경기도 양평군","S090003205","양동중학교","03","사립","N","","1","14","14","1","7","7","1","17","17","1","1","1","0","0","0","4","39","9.8","13","3"
"경기도교육청","경기도양평교육지원청","경기도 양평군","S090003206","양일중학교","03","사립","N","","7","189","27","8","227","28.4","7","223","31.9","1","11","11","0","0","0","23","650","28.3","42","15.5"
"경기도교육청","경기도양평교육지원청","경기도 양평군","S090003208","양평중학교","03","공립","N","","11","309","28.1","9","231","25.7","9","238","26.4","2","8","4","0","0","0","31","786","25.4","55","14.3"
"경기도교육청","경기도양평교육지원청","경기도 양평군","S090003210","용문중학교","03","사립","N","","6","145","24.2","5","134","26.8","5","122","24.4","1","5","5","0","0","0","17","406","23.9","29","14"
"경기도교육청","경기도양평교육지원청","경기도 양평군","S090003211","지평중학교","03","공립","N","","1","24","24","2","37","18.5","2","40","20","1","5","5","0","0","0","6","106","17.7","14","7.6"
"경기도교육청","경기도양평교육지원청","경기도 양평군","S090003212","청운중학교","03","공립","N","","1","2","2","1","10","10","1","8","8","0","0","0","0","0","0","3","20","6.7","11","1.8"
"경기도교육청","경기도여주교육지원청","경기도 여주시","S090003314","강천중학교","03","공립","N","","1","19","19","1","12","12","1","18","18","0","0","0","0","0","0","3","49","16.3","11","4.5"
"경기도교육청","경기도여주교육지원청","경기도 여주시","S090003315","대신중학교","03","사립","N","","1","15","15","1","15","15","1","22","22","1","2","2","0","0","0","4","54","13.5","12","4.5"
"경기도교육청","경기도여주교육지원청","경기도 여주시","S090003316","상품중학교","03","공립","N","","1","21","21","1","28","28","1","21","21","1","3","3","0","0","0","4","73","18.3","12","6.1"
"경기도교육청","경기도여주교육지원청","경기도 여주시","S090003317","세정중학교","03","사립","N","","1","22","22","1","17","17","1","13","13","1","1","1","0","0","0","4","53","13.3","13","4.1"
"경기도교육청","경기도여주교육지원청","경기도 여주시","S090003318","여강중학교","03","사립","N","","3","63","21","3","70","23.3","2","53","26.5","1","6","6","0","0","0","9","192","21.3","18","10.7"
"경기도교육청","경기도여주교육지원청","경기도 여주시","S090003319","여주제일중학교","03","사립","N","","4","111","27.8","5","111","22.2","4","84","21","1","10","10","0","0","0","14","316","22.6","26","12.2"
"경기도교육청","경기도여주교육지원청","경기도 여주시","S090003320","여흥중학교","03","공립","N","","6","178","29.7","6","158","26.3","6","174","29","1","4","4","0","0","0","19","514","27.1","33","15.6"
"경기도교육청","경기도여주교육지원청","경기도 여주시","S090003321","여주중학교","03","공립","N","","6","158","26.3","5","139","27.8","6","141","23.5","1","2","2","0","0","0","18","440","24.4","31","14.2"
"경기도교육청","경기도여주교육지원청","경기도 여주시","S090003322","이포중학교","03","공립","N","","1","10","10","1","15","15","1","12","12","1","3","3","0","0","0","4","40","10","12","3.3"
"경기도교육청","경기도여주교육지원청","경기도 여주시","S090003323","점동중학교","03","공립","N","","1","22","22","1","17","17","1","16","16","1","4","4","1","1","1","5","60","12","13","4.6"
"경기도교육청","경기도여주교육지원청","경기도 여주시","S090003324","창명여자중학교","03","사립","N","","1","16","16","1","19","19","1","10","10","1","4","4","0","0","0","4","49","12.3","14","3.5"
"경기도교육청","경기도여주교육지원청","경기도 여주시","S090003325","흥천중학교","03","공립","N","","1","15","15","1","12","12","1","9","9","0","0","0","0","0","0","3","36","12","11","3.3"
"경기도교육청","경기도연천교육지원청","경기도 연천군","S090003406","군남중학교","03","공립","N","","1","11","11","1","10","10","1","14","14","1","1","1","0","0","0","4","36","9","12","3"
"경기도교육청","경기도연천교육지원청","경기도 연천군","S090003407","대광중학교","03","공립","N","","1","6","6","1","9","9","1","7","7","1","1","1","0","0","0","4","23","5.8","12","1.9"
"경기도교육청","경기도연천교육지원청","경기도 연천군","S090003408","백학중학교","03","공립","N","","1","16","16","1","13","13","1","18","18","1","1","1","0","0","0","4","48","12","13","3.7"
"경기도교육청","경기도연천교육지원청","경기도 연천군","S090003409","연천중학교","03","공립","N","","2","32","16","2","29","14.5","1","22","22","1","2","2","0","0","0","6","85","14.2","15","5.7"
"경기도교육청","경기도연천교육지원청","경기도 연천군","S090003410","전곡중학교","03","공립","N","","8","206","25.8","7","169","24.1","7","185","26.4","1","5","5","0","0","0","23","565","24.6","41","13.8"
"경기도교육청","경기도연천교육지원청","경기도 연천군","S090003411","청산중학교","03","공립","N","","1","18","18","1","5","5","1","13","13","1","2","2","0","0","0","4","38","9.5","12","3.2"
"경기도교육청","경기도용인교육지원청","경기도 용인시 기흥구","S090003467","구갈중학교","03","공립","N","","9","261","29","7","193","27.6","8","229","28.6","0","0","0","0","0","0","24","683","28.5","41","16.7"
"경기도교육청","경기도용인교육지원청","경기도 용인시 기흥구","S090003468","구성중학교","03","공립","N","","12","342","28.5","10","295","29.5","10","297","29.7","2","12","6","0","0","0","34","946","27.8","58","16.3"
"경기도교육청","경기도용인교육지원청","경기도 용인시 기흥구","S090003470","나곡중학교","03","공립","N","","8","235","29.4","7","195","27.9","8","228","28.5","1","2","2","0","0","0","24","660","27.5","41","16.1"
"경기도교육청","경기도용인교육지원청","경기도 용인시 처인구","S090003471","남사중학교","03","사립","N","","1","24","24","1","22","22","1","22","22","0","0","0","0","0","0","3","68","22.7","12","5.7"
"경기도교육청","경기도용인교육지원청","경기도 용인시 수지구","S090003472","대지중학교","03","공립","N","","7","187","26.7","5","137","27.4","5","147","29.4","1","8","8","0","0","0","18","479","26.6","31","15.5"
"경기도교육청","경기도용인교육지원청","경기도 용인시 처인구","S090003473","모현중학교","03","공립","N","","6","169","28.2","6","171","28.5","6","166","27.7","1","4","4","0","0","0","19","510","26.8","33","15.5"
"경기도교육청","경기도용인교육지원청","경기도 용인시 수지구","S090003474","문정중학교","03","사립","N","","6","185","30.8","5","160","32","5","165","33","0","0","0","0","0","0","16","510","31.9","31","16.5"
"경기도교육청","경기도용인교육지원청","경기도 용인시 처인구","S090003475","백암중학교","03","공립","N","","2","36","18","2","29","14.5","2","29","14.5","2","10","5","0","0","0","8","104","13","16","6.5"
"경기도교육청","경기도용인교육지원청","경기도 용인시 기흥구","S090003476","상갈중학교","03","공립","N","","6","155","25.8","5","143","28.6","5","136","27.2","2","9","4.5","0","0","0","18","443","24.6","29","15.3"
"경기도교육청","경기도용인교육지원청","경기도 용인시 수지구","S090003477","상현중학교","03","공립","N","","9","239","26.6","8","241","30.1","10","297","29.7","1","6","6","0","0","0","28","783","28","49","16"
"경기도교육청","경기도용인교육지원청","경기도 용인시 수지구","S090003478","서원중학교","03","공립","N","","12","332","27.7","10","323","32.3","9","296","32.9","1","5","5","1","5","5","33","961","29.1","56","17.2"
"경기도교육청","경기도용인교육지원청","경기도 용인시 수지구","S090003479","성복중학교","03","공립","N","","9","286","31.8","10","319","31.9","9","288","32","0","0","0","0","0","0","28","893","31.9","50","17.9"
"경기도교육청","경기도용인교육지원청","경기도 용인시 기흥구","S090003480","소현중학교","03","공립","N","","6","168","28","7","211","30.1","8","230","28.8","1","2","2","0","0","0","22","611","27.8","38","16.1"
"경기도교육청","경기도용인교육지원청","경기도 용인시 처인구","S090003481","송전중학교","03","공립","N","","2","51","25.5","2","51","25.5","2","40","20","1","3","3","0","0","0","7","145","20.7","16","9.1"
"경기도교육청","경기도용인교육지원청","경기도 용인시 수지구","S090003482","수지중학교","03","공립","N","","10","321","32.1","10","317","31.7","12","390","32.5","0","0","0","0","0","0","32","1028","32.1","57","18"
"경기도교육청","경기도용인교육지원청","경기도 용인시 기흥구","S090003483","신갈중학교","03","공립","N","","3","67","22.3","4","96","24","4","91","22.8","2","10","5","1","4","4","14","268","19.1","22","12.2"
"경기도교육청","경기도용인교육지원청","경기도 용인시 처인구","S090003484","영문중학교","03","공립","N","","8","226","28.3","8","229","28.6","10","278","27.8","1","4","4","1","4","4","28","741","26.5","48","15.4"
"경기도교육청","경기도용인교육지원청","경기도 용인시 처인구","S090003485","용동중학교","03","사립","N","","6","163","27.2","6","158","26.3","5","157","31.4","0","0","0","0","0","0","17","478","28.1","30","15.9"
"경기도교육청","경기도용인교육지원청","경기도 용인시 처인구","S090003487","용인중학교","03","공립","N","","11","310","28.2","11","308","28","10","291","29.1","2","14","7","1","3","3","35","926","26.5","58","16"
"경기도교육청","경기도용인교육지원청","경기도 용인시 처인구","S090003488","원삼중학교","03","공립","N","","2","40","20","2","38","19","2","33","16.5","0","0","0","0","0","0","6","111","18.5","17","6.5"
"경기도교육청","경기도용인교육지원청","경기도 용인시 수지구","S090003489","이현중학교","03","공립","N","","12","333","27.8","10","327","32.7","10","345","34.5","1","4","4","0","0","0","33","1009","30.6","56","18"
"경기도교육청","경기도용인교육지원청","경기도 용인시 수지구","S090003490","정평중학교","03","공립","N","","11","352","32","12","379","31.6","11","358","32.5","1","5","5","0","0","0","35","1094","31.3","61","17.9"
"경기도교육청","경기도용인교육지원청","경기도 용인시 수지구","S090003491","죽전중학교","03","공립","N","","8","238","29.8","8","237","29.6","8","244","30.5","1","7","7","0","0","0","25","726","29","43","16.9"
"경기도교육청","경기도용인교육지원청","경기도 용인시 처인구","S090003492","태성중학교","03","사립","N","","3","90","30","3","83","27.7","3","72","24","0","0","0","0","0","0","9","245","27.2","18","13.6"
"경기도교육청","경기도용인교육지원청","경기도 용인시 처인구","S090003493","포곡중학교","03","공립","N","","7","205","29.3","7","186","26.6","7","211","30.1","2","14","7","0","0","0","23","616","26.8","39","15.8"
"경기도교육청","경기도용인교육지원청","경기도 용인시 수지구","S090003494","홍천중학교","03","공립","N","","9","288","32","8","256","32","9","285","31.7","1","3","3","0","0","0","27","832","30.8","47","17.7"
"경기도교육청","경기도의정부교육지원청","경기도 의정부시","S090003639","경민여자중학교","03","사립","N","","4","100","25","4","94","23.5","5","124","24.8","0","0","0","0","0","0","13","318","24.5","23","13.8"
"경기도교육청","경기도의정부교육지원청","경기도 의정부시","S090003640","경민중학교","03","사립","N","","4","117","29.3","5","120","24","5","121","24.2","0","0","0","0","0","0","14","358","25.6","24","14.9"
"경기도교육청","경기도의정부교육지원청","경기도 의정부시","S090003641","금오중학교","03","공립","N","","4","103","25.8","4","103","25.8","4","119","29.8","0","0","0","0","0","0","12","325","27.1","21","15.5"
"경기도교육청","경기도의정부교육지원청","경기도 의정부시","S090003642","민락중학교","03","공립","N","","8","231","28.9","8","231","28.9","8","228","28.5","1","5","5","0","0","0","25","695","27.8","43","16.2"
"경기도교육청","경기도의정부교육지원청","경기도 의정부시","S090003643","발곡중학교","03","공립","N","","9","247","27.4","9","249","27.7","10","259","25.9","3","13","4.3","0","0","0","31","768","24.8","52","14.8"
"경기도교육청","경기도의정부교육지원청","경기도 의정부시","S090003645","부용중학교","03","공립","N","","8","223","27.9","8","224","28","8","212","26.5","2","7","3.5","0","0","0","26","666","25.6","44","15.1"
"경기도교육청","경기도의정부교육지원청","경기도 의정부시","S090003646","신곡중학교","03","공립","N","","10","281","28.1","9","239","26.6","10","265","26.5","1","5","5","1","4","4","31","794","25.6","53","15"
"경기도교육청","경기도의정부교육지원청","경기도 의정부시","S090003648","다온중학교","03","공립","N","","3","76","25.3","4","100","25","4","109","27.3","2","11","5.5","0","0","0","13","296","22.8","22","13.5"
"경기도교육청","경기도의정부교육지원청","경기도 의정부시","S090003649","의정부여자중학교","03","공립","N","","4","107","26.8","4","106","26.5","4","93","23.3","2","12","6","0","0","0","14","318","22.7","23","13.8"
"경기도교육청","경기도의정부교육지원청","경기도 의정부시","S090003650","의정부중학교","03","공립","N","","4","113","28.3","4","93","23.3","4","101","25.3","2","10","5","0","0","0","14","317","22.6","24","13.2"
"경기도교육청","경기도의정부교육지원청","경기도 의정부시","S090003651","천보중학교","03","공립","N","","10","275","27.5","10","266","26.6","10","259","25.9","2","12","6","0","0","0","32","812","25.4","57","14.2"
"경기도교육청","경기도의정부교육지원청","경기도 의정부시","S090003652","충의중학교","03","공립","N","","10","289","28.9","10","290","29","9","276","30.7","1","5","5","0","0","0","30","860","28.7","52","16.5"
"경기도교육청","경기도의정부교육지원청","경기도 의정부시","S090003653","호원중학교","03","공립","N","","10","286","28.6","10","301","30.1","9","256","28.4","1","5","5","0","0","0","30","848","28.3","52","16.3"
"경기도교육청","경기도의정부교육지원청","경기도 의정부시","S090003654","회룡중학교","03","공립","N","","8","228","28.5","7","204","29.1","8","245","30.6","1","6","6","0","0","0","24","683","28.5","41","16.7"
"경기도교육청","경기도의정부교육지원청","경기도 의정부시","S090003655","효자중학교","03","공립","N","","8","205","25.6","7","175","25","8","214","26.8","2","8","4","0","0","0","25","602","24.1","42","14.3"
"경기도교육청","경기도이천교육지원청","경기도 이천시","S090003740","이천경남중학교","03","공립","N","","1","16","16","1","9","9","1","10","10","0","0","0","0","0","0","3","35","11.7","11","3.2"
"경기도교육청","경기도이천교육지원청","경기도 이천시","S090003741","대월중학교","03","공립","N","","1","18","18","1","18","18","1","25","25","1","1","1","0","0","0","4","62","15.5","12","5.2"
"경기도교육청","경기도이천교육지원청","경기도 이천시","S090003742","마장중학교","03","공립","N","","5","116","23.2","4","99","24.8","4","92","23","1","7","7","0","0","0","14","314","22.4","24","13.1"
"경기도교육청","경기도이천교육지원청","경기도 이천시","S090003743","모가중학교","03","공립","N","","1","17","17","1","20","20","1","27","27","1","1","1","0","0","0","4","65","16.3","12","5.4"
"경기도교육청","경기도이천교육지원청","경기도 이천시","S090003745","백사중학교","03","공립","N","","2","50","25","2","42","21","2","48","24","0","0","0","0","0","0","6","140","23.3","14","10"
"경기도교육청","경기도이천교육지원청","경기도 이천시","S090003746","부발중학교","03","공립","N","","3","65","21.7","3","61","20.3","3","83","27.7","1","3","3","1","1","1","11","213","19.4","20","10.7"
"경기도교육청","경기도이천교육지원청","경기도 이천시","S090003747","설봉중학교","03","공립","N","","9","288","32","9","251","27.9","9","274","30.4","2","13","6.5","0","0","0","29","826","28.5","49","16.9"
"경기도교육청","경기도이천교육지원청","경기도 이천시","S090003749","율면중학교","03","공립","N","","1","11","11","1","3","3","1","8","8","1","4","4","0","0","0","4","26","6.5","12","2.2"
"경기도교육청","경기도이천교육지원청","경기도 이천시","S090003750","이천송정중학교","03","공립","N","","9","243","27","8","222","27.8","8","219","27.4","1","5","5","0","0","0","26","689","26.5","44","15.7"
"경기도교육청","경기도이천교육지원청","경기도 이천시","S090003751","이천양정여자중학교","03","사립","N","","5","131","26.2","6","143","23.8","6","175","29.2","0","0","0","0","0","0","17","449","26.4","30","15"
"경기도교육청","경기도이천교육지원청","경기도 이천시","S090003752","이천중학교","03","공립","N","","9","255","28.3","10","263","26.3","10","284","28.4","1","6","6","0","0","0","30","808","26.9","52","15.5"
"경기도교육청","경기도이천교육지원청","경기도 이천시","S090003754","장호원중학교","03","공립","N","","5","135","27","5","113","22.6","5","132","26.4","1","6","6","0","0","0","16","386","24.1","28","13.8"
"경기도교육청","경기도이천교육지원청","경기도 이천시","S090003756","효양중학교","03","공립","N","","9","233","25.9","7","185","26.4","8","205","25.6","2","7","3.5","0","0","0","26","630","24.2","44","14.3"
"경기도교육청","경기도파주교육지원청","경기도 파주시","S090003860","광탄중학교","03","사립","N","","2","52","26","3","65","21.7","3","71","23.7","1","5","5","0","0","0","9","193","21.4","18","10.7"
"경기도교육청","경기도파주교육지원청","경기도 파주시","S090003861","교하중학교","03","공립","N","","8","257","32.1","7","219","31.3","10","301","30.1","2","8","4","0","0","0","27","785","29.1","47","16.7"
"경기도교육청","경기도파주교육지원청","경기도 파주시","S090003862","문산동중학교","03","사립","N","","2","61","30.5","2","60","30","2","57","28.5","0","0","0","0","0","0","6","178","29.7","14","12.7"
"경기도교육청","경기도파주교육지원청","경기도 파주시","S090003863","문산북중학교","03","공립","N","","4","117","29.3","4","115","28.8","3","86","28.7","2","11","5.5","0","0","0","13","329","25.3","21","15.7"
"경기도교육청","경기도파주교육지원청","경기도 파주시","S090003864","문산수억중학교","03","사립","N","","6","179","29.8","5","145","29","5","163","32.6","0","0","0","0","0","0","16","487","30.4","29","16.8"
"경기도교육청","경기도파주교육지원청","경기도 파주시","S090003865","문산중학교","03","공립","N","","9","265","29.4","8","236","29.5","9","246","27.3","2","11","5.5","0","0","0","28","758","27.1","48","15.8"
"경기도교육청","경기도파주교육지원청","경기도 파주시","S090003866","법원여자중학교","03","공립","N","","1","24","24","1","21","21","1","17","17","1","4","4","0","0","0","4","66","16.5","13","5.1"
"경기도교육청","경기도파주교육지원청","경기도 파주시","S090003867","봉일천중학교","03","공립","N","","9","245","27.2","8","214","26.8","9","254","28.2","2","11","5.5","0","0","0","28","724","25.9","48","15.1"
"경기도교육청","경기도파주교육지원청","경기도 파주시","S090003868","삼광중학교","03","사립","N","","2","37","18.5","2","51","25.5","2","47","23.5","1","3","3","0","0","0","7","138","19.7","16","8.6"
"경기도교육청","경기도파주교육지원청","경기도 파주시","S090003869","어유중학교","03","공립","N","","1","12","12","1","7","7","1","13","13","0","0","0","0","0","0","3","32","10.7","12","2.7"
"경기도교육청","경기도파주교육지원청","경기도 파주시","S090003870","율곡중학교","03","사립","N","","1","21","21","1","18","18","2","43","21.5","1","3","3","0","0","0","5","85","17","15","5.7"
"경기도교육청","경기도파주교육지원청","경기도 파주시","S090003871","지산중학교","03","공립","N","","10","343","34.3","10","339","33.9","10","351","35.1","2","8","4","0","0","0","32","1041","32.5","55","18.9"
"경기도교육청","경기도파주교육지원청","경기도 파주시","S090003872","정목중학교","03","사립","N","","3","68","22.7","3","79","26.3","2","47","23.5","0","0","0","0","0","0","8","194","24.3","17","11.4"
"경기도교육청","경기도파주교육지원청","경기도 파주시","S090003873","파주중학교","03","사립","N","","2","47","23.5","2","57","28.5","2","49","24.5","1","6","6","0","0","0","7","159","22.7","16","9.9"
"경기도교육청","경기도파주교육지원청","경기도 파주시","S090003874","파평중학교","03","공립","N","","1","11","11","1","14","14","1","14","14","0","0","0","0","0","0","3","39","13","11","3.5"
"경기도교육청","경기도파주교육지원청","경기도 파주시","S090003875","탄현중학교","03","공립","N","","3","86","28.7","3","66","22","3","85","28.3","2","7","3.5","0","0","0","11","244","22.2","20","12.2"
"경기도교육청","경기도평택교육지원청","경기도 평택시","S090003988","세교중학교","03","공립","N","","12","369","30.8","13","400","30.8","9","307","34.1","3","15","5","2","6","3","39","1097","28.1","67","16.4"
"경기도교육청","경기도평택교육지원청","경기도 평택시","S090003989","라온중학교","03","사립","N","","6","159","26.5","7","205","29.3","6","181","30.2","0","0","0","0","0","0","19","545","28.7","33","16.5"
"경기도교육청","경기도평택교육지원청","경기도 평택시","S090003990","송탄중학교","03","공립","N","","5","116","23.2","6","153","25.5","6","169","28.2","3","19","6.3","0","0","0","20","457","22.9","34","13.4"
"경기도교육청","경기도평택교육지원청","경기도 평택시","S090003992","신한중학교","03","사립","N","","9","279","31","8","247","30.9","9","315","35","0","0","0","0","0","0","26","841","32.3","46","18.3"
"경기도교육청","경기도평택교육지원청","경기도 평택시","S090003993","안일중학교","03","공립","N","","9","231","25.7","9","248","27.6","10","267","26.7","1","6","6","0","0","0","29","752","25.9","50","15"
"경기도교육청","경기도평택교육지원청","경기도 평택시","S090003994","안중중학교","03","사립","N","","3","67","22.3","3","79","26.3","3","82","27.3","0","0","0","0","0","0","9","228","25.3","18","12.7"
"경기도교육청","경기도평택교육지원청","경기도 평택시","S090003995","오성중학교","03","사립","N","","2","44","22","2","34","17","2","44","22","1","4","4","0","0","0","7","126","18","15","8.4"
"경기도교육청","경기도평택교육지원청","경기도 평택시","S090003996","은혜중학교","03","사립","N","","6","149","24.8","6","165","27.5","5","147","29.4","0","0","0","0","0","0","17","461","27.1","30","15.4"
"경기도교육청","경기도평택교육지원청","경기도 평택시","S090003997","진위중학교","03","사립","N","","2","48","24","2","46","23","2","55","27.5","0","0","0","0","0","0","6","149","24.8","14","10.6"
"경기도교육청","경기도평택교육지원청","경기도 평택시","S090003998","청담중학교","03","사립","N","","4","118","29.5","4","112","28","4","120","30","0","0","0","0","0","0","12","350","29.2","23","15.2"
"경기도교육청","경기도평택교육지원청","경기도 평택시","S090003999","청북중학교","03","공립","N","","1","25","25","1","30","30","1","23","23","0","0","0","0","0","0","3","78","26","11","7.1"
"경기도교육청","경기도평택교육지원청","경기도 평택시","S090004000","태광중학교","03","사립","N","","6","166","27.7","8","205","25.6","7","189","27","0","0","0","0","0","0","21","560","26.7","37","15.1"
"경기도교육청","경기도평택교육지원청","경기도 평택시","S090004002","평택여자중학교","03","공립","N","","13","402","30.9","12","361","30.1","13","422","32.5","2","13","6.5","0","0","0","40","1198","30","69","17.4"
"경기도교육청","경기도평택교육지원청","경기도 평택시","S090004003","평택중학교","03","공립","N","","10","288","28.8","10","280","28","11","346","31.5","2","12","6","0","0","0","33","926","28.1","56","16.5"
"경기도교육청","경기도평택교육지원청","경기도 평택시","S090004004","포승중학교","03","공립","N","","2","54","27","2","46","23","3","61","20.3","1","3","3","0","0","0","8","164","20.5","16","10.3"
"경기도교육청","경기도평택교육지원청","경기도 평택시","S090004005","한광여자중학교","03","사립","N","","8","244","30.5","11","338","30.7","10","340","34","0","0","0","0","0","0","29","922","31.8","51","18.1"
"경기도교육청","경기도평택교육지원청","경기도 평택시","S090004006","한광중학교","03","사립","N","","8","240","30","10","297","29.7","9","320","35.6","0","0","0","0","0","0","27","857","31.7","47","18.2"
"경기도교육청","경기도평택교육지원청","경기도 평택시","S090004007","현화중학교","03","공립","N","","8","208","26","8","236","29.5","8","206","25.8","3","17","5.7","0","0","0","27","667","24.7","46","14.5"
"경기도교육청","경기도평택교육지원청","경기도 평택시","S090004008","효명중학교","03","사립","N","","6","154","25.7","8","206","25.8","7","182","26","0","0","0","0","0","0","21","542","25.8","38","14.3"
"경기도교육청","경기도포천교육지원청","경기도 포천시","S090004164","갈월중학교","03","공립","N","","3","75","25","3","64","21.3","3","72","24","1","5","5","0","0","0","10","216","21.6","19","11.4"
"경기도교육청","경기도포천교육지원청","경기도 포천시","S090004165","경북중학교","03","공립","N","","1","21","21","1","14","14","1","20","20","1","5","5","0","0","0","4","60","15","14","4.3"
"경기도교육청","경기도포천교육지원청","경기도 포천시","S090004166","관인중학교","03","공립","N","","1","10","10","1","3","3","1","8","8","1","2","2","0","0","0","4","23","5.8","12","1.9"
"경기도교육청","경기도포천교육지원청","경기도 포천시","S090004167","내촌중학교","03","공립","N","","1","9","9","1","8","8","1","10","10","1","4","4","0","0","0","4","31","7.8","13","2.4"
"경기도교육청","경기도포천교육지원청","경기도 포천시","S090004168","동남중학교","03","사립","N","","4","119","29.8","5","143","28.6","5","148","29.6","1","1","1","0","0","0","15","411","27.4","27","15.2"
"경기도교육청","경기도포천교육지원청","경기도 포천시","S090004169","삼성중학교","03","공립","N","","1","10","10","1","10","10","1","10","10","2","8","4","1","1","1","6","39","6.5","16","2.4"
"경기도교육청","경기도포천교육지원청","경기도 포천시","S090004170","영북중학교","03","공립","N","","2","37","18.5","2","38","19","2","35","17.5","1","1","1","0","0","0","7","111","15.9","16","6.9"
"경기도교육청","경기도포천교육지원청","경기도 포천시","S090004171","영중중학교","03","공립","N","","1","19","19","1","20","20","1","20","20","1","2","2","0","0","0","4","61","15.3","14","4.4"
"경기도교육청","경기도포천교육지원청","경기도 포천시","S090004172","이동중학교","03","공립","N","","2","32","16","2","32","16","1","20","20","0","0","0","0","0","0","5","84","16.8","14","6"
"경기도교육청","경기도포천교육지원청","경기도 포천시","S090004173","일동중학교","03","공립","N","","3","83","27.7","4","96","24","3","83","27.7","2","10","5","0","0","0","12","272","22.7","21","13"
"경기도교육청","경기도포천교육지원청","경기도 포천시","S090004174","포천여자중학교","03","공립","N","","5","129","25.8","5","122","24.4","5","135","27","1","5","5","0","0","0","16","391","24.4","27","14.5"
"경기도교육청","경기도포천교육지원청","경기도 포천시","S090004175","포천중학교","03","공립","N","","6","145","24.2","6","154","25.7","5","143","28.6","1","6","6","0","0","0","18","448","24.9","30","14.9"
"경기도교육청","경기도화성오산교육지원청","","S090004259","남양중학교","03","공립","N","","6","147","24.5","4","100","25","6","149","24.8","2","7","3.5","1","2","2","19","405","21.3","30","13.5"
"경기도교육청","경기도화성오산교육지원청","","S090004260","동학중학교","03","공립","N","","8","225","28.1","7","207","29.6","7","199","28.4","1","4","4","0","0","0","23","635","27.6","40","15.9"
"경기도교육청","경기도화성오산교육지원청","경기도 화성시 동탄구","S090004261","동탄중학교","03","공립","N","","10","336","33.6","10","355","35.5","10","360","36","0","0","0","0","0","0","30","1051","35","53","19.8"
"경기도교육청","경기도화성오산교육지원청","","S090004263","발안중학교","03","공립","N","","11","338","30.7","6","170","28.3","6","162","27","2","16","8","0","0","0","25","686","27.4","42","16.3"
"경기도교육청","경기도화성오산교육지원청","경기도 화성시 효행구","S090004265","봉담중학교","03","공립","N","","8","261","32.6","10","324","32.4","9","287","31.9","1","6","6","0","0","0","28","878","31.4","48","18.3"
"경기도교육청","경기도화성오산교육지원청","","S090004266","비봉중학교","03","사립","N","","2","58","29","2","48","24","2","53","26.5","0","0","0","0","0","0","6","159","26.5","14","11.4"
"경기도교육청","경기도화성오산교육지원청","경기도 화성시 만세구","S090004267","삼괴중학교","03","사립","N","","3","83","27.7","4","96","24","4","103","25.8","1","3","3","0","0","0","12","285","23.8","21","13.6"
"경기도교육청","경기도화성오산교육지원청","","S090004268","서신중학교","03","사립","N","","1","12","12","1","17","17","1","22","22","1","3","3","0","0","0","4","54","13.5","12","4.5"
"경기도교육청","경기도화성오산교육지원청","경기도 오산시","S090004269","성호중학교","03","공립","N","","8","258","32.3","6","193","32.2","7","214","30.6","1","5","5","0","0","0","22","670","30.5","39","17.2"
"경기도교육청","경기도화성오산교육지원청","","S090004270","송산중학교","03","사립","N","","4","85","21.3","4","94","23.5","4","92","23","1","2","2","0","0","0","13","273","21","23","11.9"
"경기도교육청","경기도화성오산교육지원청","","S090004271","안용중학교","03","사립","N","","6","155","25.8","6","156","26","6","173","28.8","0","0","0","0","0","0","18","484","26.9","33","14.7"
"경기도교육청","경기도화성오산교육지원청","경기도 화성시 만세구","S090004272","양감중학교","03","공립","N","","1","8","8","1","10","10","1","6","6","0","0","0","0","0","0","3","24","8","11","2.2"
"경기도교육청","경기도화성오산교육지원청","경기도 오산시","S090004273","매홀중학교","03","공립","N","","12","409","34.1","10","322","32.2","12","395","32.9","2","8","4","0","0","0","36","1134","31.5","62","18.3"
"경기도교육청","경기도화성오산교육지원청","경기도 오산시","S090004274","오산중학교","03","사립","N","","8","223","27.9","8","248","31","8","225","28.1","0","0","0","0","0","0","24","696","29","41","17"
"경기도교육청","경기도화성오산교육지원청","경기도 오산시","S090004275","운암중학교","03","공립","N","","7","242","34.6","8","274","34.3","8","275","34.4","1","6","6","0","0","0","24","797","33.2","41","19.4"
"경기도교육청","경기도화성오산교육지원청","경기도 오산시","S090004276","운천중학교","03","공립","N","","9","285","31.7","9","287","31.9","10","329","32.9","1","7","7","1","3","3","30","911","30.4","52","17.5"
"경기도교육청","경기도화성오산교육지원청","경기도 화성시 만세구","S090004277","장안여자중학교","03","사립","N","","3","87","29","3","86","28.7","3","61","20.3","1","6","6","0","0","0","10","240","24","19","12.6"
"경기도교육청","경기도화성오산교육지원청","","S090004278","정남중학교","03","공립","N","","2","36","18","2","48","24","2","42","21","1","2","2","0","0","0","7","128","18.3","15","8.5"
"경기도교육청","경기도화성오산교육지원청","경기도 화성시 병점구","S090004279","진안중학교","03","공립","N","","7","214","30.6","6","165","27.5","8","235","29.4","0","0","0","0","0","0","21","614","29.2","38","16.2"
"경기도교육청","경기도화성오산교육지원청","","S090004280","화도중학교","03","사립","N","","2","54","27","2","42","21","2","39","19.5","0","0","0","0","0","0","6","135","22.5","15","9"
"경기도교육청","경기도화성오산교육지원청","경기도 화성시 만세구","S090004281","화성중학교","03","사립","N","","5","171","34.2","5","172","34.4","5","171","34.2","0","0","0","0","0","0","15","514","34.3","26","19.8"
"경기도교육청","경기도광명교육지원청","경기도 광명시","S090004699","광문중학교","03","공립","N","","6","159","26.5","6","173","28.8","5","144","28.8","2","11","5.5","0","0","0","19","487","25.6","32","15.2"
"경기도교육청","경기도수원교육지원청","경기도 수원시 권선구","S090004860","곡반중학교","03","공립","N","","6","191","31.8","4","133","33.3","4","110","27.5","1","4","4","0","0","0","15","438","29.2","26","16.8"
"경기도교육청","경기도수원교육지원청","경기도 수원시 영통구","S090004861","망포중학교","03","공립","N","","12","373","31.1","10","307","30.7","11","329","29.9","2","7","3.5","0","0","0","35","1016","29","65","15.6"
"경기도교육청","경기도수원교육지원청","경기도 수원시 팔달구","S090004862","정천중학교","03","공립","N","","7","200","28.6","6","191","31.8","8","246","30.8","2","8","4","0","0","0","23","645","28","39","16.5"
"경기도교육청","경기도수원교육지원청","경기도 수원시 권선구","S090004863","칠보중학교","03","공립","N","","8","249","31.1","8","229","28.6","6","180","30","2","12","6","0","0","0","24","670","27.9","40","16.8"
"경기도교육청","경기도성남교육지원청","경기도 성남시 분당구","S090004864","분당구미중학교","03","공립","N","","3","89","29.7","4","119","29.8","4","113","28.3","0","0","0","0","0","0","11","321","29.2","19","16.9"
"경기도교육청","경기도안양과천교육지원청","경기도 안양시 동안구","S090004865","호성중학교","03","공립","N","","6","184","30.7","6","181","30.2","6","176","29.3","1","4","4","1","3","3","20","548","27.4","34","16.1"
"경기도교육청","경기도부천교육지원청","경기도 부천시 소사구","S090004866","부천일신중학교","03","공립","N","","13","385","29.6","12","356","29.7","13","412","31.7","2","11","5.5","0","0","0","40","1164","29.1","68","17.1"
"경기도교육청","경기도안산교육지원청","경기도 안산시 단원구","S090004867","선일중학교","03","공립","N","","7","113","16.1","6","103","17.2","4","80","20","2","9","4.5","0","0","0","19","305","16.1","31","9.8"
"경기도교육청","경기도구리남양주교육지원청","경기도 남양주시","S090004869","진접중학교","03","공립","N","","8","216","27","8","215","26.9","7","170","24.3","2","13","6.5","0","0","0","25","614","24.6","43","14.3"
"경기도교육청","경기도고양교육지원청","경기도 고양시 일산서구","S090004870","대송중학교","03","공립","N","","6","157","26.2","6","147","24.5","7","172","24.6","1","2","2","0","0","0","20","478","23.9","34","14.1"
"경기도교육청","경기도고양교육지원청","경기도 고양시 일산서구","S090004871","현산중학교","03","공립","N","","5","131","26.2","5","125","25","5","137","27.4","1","1","1","1","3","3","17","397","23.4","28","14.2"
"경기도교육청","경기도용인교육지원청","경기도 용인시 처인구","S090004894","헌산중학교","03","사립","N","","2","29","14.5","2","24","12","2","18","9","0","0","0","0","0","0","6","71","11.8","17","4.2"
"경기도교육청","경기도동두천양주교육지원청","경기도 동두천시","S090004948","생연중학교","03","공립","N","","7","174","24.9","7","189","27","7","190","27.1","3","14","4.7","1","3","3","25","570","22.8","43","13.3"
"경기도교육청","경기도용인교육지원청","경기도 용인시 수지구","S090004970","현암중학교","03","공립","N","","6","169","28.2","6","167","27.8","6","168","28","0","0","0","0","0","0","18","504","28","32","15.8"
"경기도교육청","경기도용인교육지원청","경기도 용인시 기흥구","S090004971","용인신릉중학교","03","공립","N","","8","230","28.8","7","225","32.1","7","215","30.7","1","4","4","0","0","0","23","674","29.3","40","16.9"
"경기도교육청","경기도용인교육지원청","경기도 용인시 기흥구","S090004972","용인신촌중학교","03","공립","N","","10","303","30.3","10","314","31.4","10","328","32.8","0","0","0","0","0","0","30","945","31.5","54","17.5"
"경기도교육청","경기도용인교육지원청","경기도 용인시 수지구","S090004973","용인대덕중학교","03","공립","N","","8","236","29.5","7","207","29.6","7","196","28","1","2","2","0","0","0","23","641","27.9","40","16"
"경기도교육청","경기도용인교육지원청","경기도 용인시 수지구","S090004974","손곡중학교","03","공립","N","","7","221","31.6","7","220","31.4","7","221","31.6","1","8","8","0","0","0","22","670","30.5","38","17.6"
"경기도교육청","경기도용인교육지원청","경기도 용인시 기흥구","S090004975","성지중학교","03","공립","N","","9","245","27.2","7","211","30.1","8","234","29.3","1","2","2","0","0","0","25","692","27.7","43","16.1"
"경기도교육청","경기도용인교육지원청","경기도 용인시 기흥구","S090004976","언동중학교","03","공립","N","","6","163","27.2","6","166","27.7","6","169","28.2","1","1","1","0","0","0","19","499","26.3","34","14.7"
"경기도교육청","경기도용인교육지원청","경기도 용인시 처인구","S090004977","용신중학교","03","공립","N","","9","286","31.8","9","284","31.6","10","344","34.4","1","7","7","0","0","0","29","921","31.8","50","18.4"
"경기도교육청","경기도안산교육지원청","경기도 안산시 단원구","S090004979","초지중학교","03","공립","N","","7","212","30.3","6","166","27.7","7","212","30.3","1","5","5","1","2","2","22","597","27.1","36","16.6"
"경기도교육청","경기도파주교육지원청","경기도 파주시","S090004982","금릉중학교","03","공립","N","","9","278","30.9","8","247","30.9","8","237","29.6","2","8","4","0","0","0","27","770","28.5","46","16.7"
"경기도교육청","경기도성남교육지원청","경기도 성남시 분당구","S090004984","이우중학교","03","사립","N","","3","62","20.7","3","60","20","3","61","20.3","0","0","0","0","0","0","9","183","20.3","26","7"
"경기도교육청","경기도포천교육지원청","경기도 포천시","S090004999","대경중학교","03","공립","N","","4","113","28.3","5","113","22.6","5","117","23.4","3","14","4.7","0","0","0","17","357","21","29","12.3"
"경기도교육청","경기도군포의왕교육지원청","경기도 군포시","S090005002","당동중학교","03","공립","N","","11","304","27.6","10","276","27.6","11","309","28.1","1","6","6","0","0","0","33","895","27.1","58","15.4"
"경기도교육청","경기도화성오산교육지원청","경기도 화성시 병점구","S090005020","안화중학교","03","공립","N","","12","386","32.2","12","383","31.9","12","389","32.4","2","13","6.5","0","0","0","38","1171","30.8","67","17.5"
"경기도교육청","경기도화성오산교육지원청","경기도 오산시","S090005021","대호중학교","03","공립","N","","5","119","23.8","5","134","26.8","5","139","27.8","2","12","6","0","0","0","17","404","23.8","28","14.4"
"경기도교육청","경기도화성오산교육지원청","경기도 화성시 만세구","S090005022","두레자연중학교","03","사립","N","","1","20","20","1","20","20","1","20","20","0","0","0","0","0","0","3","60","20","11","5.5"
"경기도교육청","경기도구리남양주교육지원청","경기도 남양주시","S090005033","송라중학교","03","공립","N","","10","299","29.9","9","272","30.2","9","274","30.4","3","15","5","0","0","0","31","860","27.7","53","16.2"
"경기도교육청","경기도구리남양주교육지원청","경기도 남양주시","S090005034","장내중학교","03","공립","N","","9","265","29.4","8","229","28.6","10","272","27.2","1","6","6","0","0","0","28","772","27.6","47","16.4"
"경기도교육청","경기도고양교육지원청","경기도 고양시 덕양구","S090005035","목암중학교","03","공립","N","","10","270","27","10","276","27.6","10","270","27","2","8","4","0","0","0","32","824","25.8","56","14.7"
"경기도교육청","경기도안양과천교육지원청","경기도 안양시 동안구","S090005046","비산중학교","03","공립","N","","3","68","22.7","3","67","22.3","5","127","25.4","1","1","1","0","0","0","12","263","21.9","20","13.2"
"경기도교육청","경기도이천교육지원청","경기도 이천시","S090005111","증포중학교","03","공립","N","","12","376","31.3","11","297","27","10","307","30.7","2","13","6.5","0","0","0","35","993","28.4","61","16.3"
"경기도교육청","경기도의정부교육지원청","경기도 의정부시","S090005132","동암중학교","03","공립","N","","9","249","27.7","8","221","27.6","8","226","28.3","0","0","0","0","0","0","25","696","27.8","44","15.8"
"경기도교육청","경기도동두천양주교육지원청","경기도 양주시","S090005133","덕현중학교","03","공립","N","","11","301","27.4","12","383","31.9","11","342","31.1","1","6","6","0","0","0","35","1032","29.5","61","16.9"
"경기도교육청","경기도성남교육지원청","경기도 성남시 분당구","S090005136","늘푸른중학교","03","공립","N","","7","196","28","7","205","29.3","7","220","31.4","1","1","1","0","0","0","22","622","28.3","38","16.4"
"경기도교육청","경기도수원교육지원청","경기도 수원시 영통구","S090005153","영동중학교","03","공립","N","","5","134","26.8","5","152","30.4","5","133","26.6","0","0","0","0","0","0","15","419","27.9","26","16.1"
"경기도교육청","경기도동두천양주교육지원청","경기도 양주시","S090005159","삼숭중학교","03","공립","N","","11","302","27.5","10","304","30.4","10","285","28.5","2","12","6","0","0","0","33","903","27.4","56","16.1"
"경기도교육청","경기도평택교육지원청","경기도 평택시","S090005161","장당중학교","03","공립","N","","6","148","24.7","6","154","25.7","6","181","30.2","2","9","4.5","0","0","0","20","492","24.6","34","14.5"
"경기도교육청","경기도구리남양주교육지원청","경기도 남양주시","S090005162","평내중학교","03","공립","N","","7","198","28.3","8","215","26.9","8","217","27.1","2","11","5.5","1","4","4","26","645","24.8","42","15.4"
"경기도교육청","경기도화성오산교육지원청","경기도 화성시 병점구","S090005164","병점중학교","03","공립","N","","11","359","32.6","11","354","32.2","11","354","32.2","2","13","6.5","0","0","0","35","1080","30.9","60","18"
"경기도교육청","경기도수원교육지원청","경기도 수원시 장안구","S090005172","조원중학교","03","공립","N","","8","232","29","8","238","29.8","8","229","28.6","2","11","5.5","0","0","0","26","710","27.3","45","15.8"
"경기도교육청","경기도수원교육지원청","경기도 수원시 권선구","S090005173","세류중학교","03","공립","N","","6","145","24.2","6","155","25.8","6","170","28.3","3","14","4.7","0","0","0","21","484","23","38","12.7"
"경기도교육청","경기도평택교육지원청","경기도 평택시","S090005174","비전중학교","03","공립","N","","11","334","30.4","13","392","30.2","11","379","34.5","3","19","6.3","0","0","0","38","1124","29.6","65","17.3"
"경기도교육청","경기도화성오산교육지원청","","S090005175","기안중학교","03","공립","N","","7","199","28.4","7","193","27.6","6","175","29.2","2","11","5.5","0","0","0","22","578","26.3","36","16.1"
"경기도교육청","경기도안산교육지원청","경기도 안산시 상록구","S090005266","석호중학교","03","공립","N","","3","78","26","3","83","27.7","4","90","22.5","0","0","0","0","0","0","10","251","25.1","20","12.6"
"경기도교육청","경기도안산교육지원청","경기도 안산시 상록구","S090005268","광덕중학교","03","공립","N","","2","57","28.5","3","74","24.7","3","75","25","0","0","0","0","0","0","8","206","25.8","16","12.9"
"경기도교육청","경기도포천교육지원청","경기도 포천시","S090005287","송우중학교","03","공립","N","","6","169","28.2","7","178","25.4","7","177","25.3","1","5","5","0","0","0","21","529","25.2","36","14.7"
"경기도교육청","경기도안성교육지원청","경기도 안성시","S090005321","한겨레중학교","03","사립","N","","1","9","9","1","11","11","2","18","9","0","0","0","0","0","0","4","38","9.5","13","2.9"
"경기도교육청","경기도군포의왕교육지원청","경기도 군포시","S090005323","당정중학교","03","공립","N","","4","107","26.8","4","101","25.3","4","93","23.3","1","2","2","0","0","0","13","303","23.3","23","13.2"
"경기도교육청","경기도용인교육지원청","경기도 용인시 기흥구","S090005329","동백중학교","03","공립","N","","11","349","31.7","13","435","33.5","13","447","34.4","2","9","4.5","0","0","0","39","1240","31.8","67","18.5"
"경기도교육청","경기도용인교육지원청","경기도 용인시 기흥구","S090005331","용인백현중학교","03","공립","N","","11","351","31.9","9","276","30.7","8","258","32.3","0","0","0","0","0","0","28","885","31.6","48","18.4"
"경기도교육청","경기도동두천양주교육지원청","경기도 동두천시","S090005335","송내중앙중학교","03","공립","N","","6","147","24.5","6","152","25.3","6","139","23.2","2","7","3.5","0","0","0","20","445","22.3","34","13.1"
"경기도교육청","경기도용인교육지원청","경기도 용인시 기흥구","S090005338","초당중학교","03","공립","N","","11","351","31.9","10","336","33.6","11","379","34.5","1","5","5","0","0","0","33","1071","32.5","58","18.5"
"경기도교육청","경기도광주하남교육지원청","경기도 광주시","S090005342","광주광남중학교","03","공립","N","","11","333","30.3","15","449","29.9","15","479","31.9","1","2","2","0","0","0","42","1263","30.1","74","17.1"
"경기도교육청","경기도평택교육지원청","경기도 평택시","S090005345","도곡중학교","03","공립","N","","5","116","23.2","5","113","22.6","6","185","30.8","1","7","7","0","0","0","17","421","24.8","28","15"
"경기도교육청","경기도여주교육지원청","경기도 여주시","S090005350","세종중학교","03","공립","N","","8","239","29.9","8","236","29.5","9","267","29.7","1","4","4","0","0","0","26","746","28.7","45","16.6"
"경기도교육청","경기도광주하남교육지원청","경기도 하남시","S090005351","신평중학교","03","공립","N","","8","256","32","8","251","31.4","8","228","28.5","1","1","1","0","0","0","25","736","29.4","47","15.7"
"경기도교육청","경기도구리남양주교육지원청","경기도 남양주시","S090005352","양오중학교","03","공립","N","","6","160","26.7","7","184","26.3","7","166","23.7","2","9","4.5","0","0","0","22","519","23.6","37","14"
"경기도교육청","경기도시흥교육지원청","경기도 시흥시","S090005353","월곶중학교","03","공립","N","","5","152","30.4","5","142","28.4","5","150","30","1","7","7","0","0","0","16","451","28.2","27","16.7"
"경기도교육청","경기도평택교육지원청","경기도 평택시","S090005354","이충중학교","03","공립","N","","6","150","25","7","194","27.7","6","167","27.8","2","9","4.5","0","0","0","21","520","24.8","36","14.4"
"경기도교육청","경기도구리남양주교육지원청","경기도 남양주시","S090005356","판곡중학교","03","공립","N","","11","314","28.5","11","346","31.5","10","318","31.8","1","6","6","0","0","0","33","984","29.8","57","17.3"
"경기도교육청","경기도고양교육지원청","경기도 고양시 일산동구","S090005358","풍산중학교","03","공립","N","","6","162","27","5","124","24.8","6","161","26.8","1","3","3","0","0","0","18","450","25","31","14.5"
"경기도교육청","경기도고양교육지원청","경기도 고양시 덕양구","S090005360","서정중학교","03","공립","N","","5","127","25.4","6","151","25.2","7","164","23.4","1","4","4","0","0","0","19","446","23.5","34","13.1"
"경기도교육청","경기도동두천양주교육지원청","경기도 양주시","S090005362","회천중학교","03","공립","N","","5","130","26","4","112","28","5","136","27.2","2","13","6.5","0","0","0","16","391","24.4","27","14.5"
"경기도교육청","경기도시흥교육지원청","경기도 시흥시","S090005387","시화중학교","03","공립","N","","4","81","20.3","4","92","23","5","97","19.4","2","8","4","0","0","0","15","278","18.5","24","11.6"
"경기도교육청","경기도김포교육지원청","경기도 김포시","S090005389","감정중학교","03","공립","N","","9","281","31.2","6","189","31.5","7","226","32.3","1","6","6","0","0","0","23","702","30.5","40","17.6"
"경기도교육청","경기도고양교육지원청","경기도 고양시 일산서구","S090005390","고양송산중학교","03","공립","N","","8","197","24.6","7","193","27.6","8","196","24.5","1","3","3","0","0","0","24","589","24.5","42","14"
"경기도교육청","경기도파주교육지원청","경기도 파주시","S090005391","금촌중학교","03","공립","N","","7","208","29.7","7","205","29.3","7","212","30.3","2","8","4","1","2","2","24","635","26.5","42","15.1"
"경기도교육청","경기도시흥교육지원청","경기도 시흥시","S090005392","논곡중학교","03","공립","N","","3","60","20","2","53","26.5","3","59","19.7","1","5","5","0","0","0","9","177","19.7","17","10.4"
"경기도교육청","경기도안산교육지원청","경기도 안산시 단원구","S090005394","단원중학교","03","공립","N","","8","206","25.8","6","159","26.5","8","219","27.4","2","11","5.5","0","0","0","24","595","24.8","40","14.9"
"경기도교육청","경기도파주교육지원청","경기도 파주시","S090005396","두일중학교","03","공립","N","","6","190","31.7","6","191","31.8","8","249","31.1","1","3","3","0","0","0","21","633","30.1","36","17.6"
"경기도교육청","경기도안성교육지원청","경기도 안성시","S090005398","비룡중학교","03","공립","N","","9","221","24.6","8","234","29.3","7","168","24","3","15","5","0","0","0","27","638","23.6","45","14.2"
"경기도교육청","경기도수원교육지원청","경기도 수원시 권선구","S090005400","서호중학교","03","공립","N","","3","81","27","3","77","25.7","4","98","24.5","2","8","4","0","0","0","12","264","22","21","12.6"
"경기도교육청","경기도안산교육지원청","경기도 안산시 단원구","S090005401","석수중학교","03","공립","N","","6","156","26","5","143","28.6","5","145","29","2","11","5.5","0","0","0","18","455","25.3","32","14.2"
"경기도교육청","경기도안산교육지원청","경기도 안산시 상록구","S090005405","안산성호중학교","03","공립","N","","8","247","30.9","8","223","27.9","8","232","29","1","5","5","1","1","1","26","708","27.2","44","16.1"
"경기도교육청","경기도용인교육지원청","경기도 용인시 처인구","S090005407","용천중학교","03","공립","N","","5","111","22.2","5","122","24.4","5","123","24.6","1","6","6","0","0","0","16","362","22.6","28","12.9"
"경기도교육청","경기도안양과천교육지원청","경기도 안양시 동안구","S090005409","임곡중학교","03","공립","N","","8","248","31","8","220","27.5","7","214","30.6","1","5","5","0","0","0","24","687","28.6","42","16.4"
"경기도교육청","경기도고양교육지원청","경기도 고양시 일산동구","S090005410","풍동중학교","03","공립","N","","10","276","27.6","8","207","25.9","9","234","26","1","6","6","0","0","0","28","723","25.8","48","15.1"
"경기도교육청","경기도가평교육지원청","경기도 가평군","S090005419","청심국제중학교","03","사립","N","","4","106","26.5","4","108","27","4","107","26.8","0","0","0","0","0","0","12","321","26.8","23","14"
"경기도교육청","경기도안산교육지원청","경기도 안산시 상록구","S090005420","안산해양중학교","03","공립","N","","6","175","29.2","6","168","28","7","186","26.6","1","3","3","0","0","0","20","532","26.6","34","15.6"
"경기도교육청","경기도화성오산교육지원청","경기도 오산시","S090005462","오산원일중학교","03","공립","N","","10","336","33.6","11","365","33.2","10","349","34.9","2","10","5","1","3","3","34","1063","31.3","58","18.3"
"경기도교육청","경기도용인교육지원청","경기도 용인시 처인구","S090005468","고림중학교","03","공립","N","","11","311","28.3","10","296","29.6","9","270","30","1","7","7","0","0","0","31","884","28.5","54","16.4"
"경기도교육청","경기도수원교육지원청","경기도 수원시 권선구","S090005469","상촌중학교","03","공립","N","","11","359","32.6","10","325","32.5","10","312","31.2","1","4","4","0","0","0","32","1000","31.3","56","17.9"
"경기도교육청","경기도화성오산교육지원청","경기도 화성시 병점구","S090005470","기산중학교","03","공립","N","","6","189","31.5","5","157","31.4","6","202","33.7","1","2","2","0","0","0","18","550","30.6","31","17.7"
"경기도교육청","경기도화성오산교육지원청","경기도 화성시 동탄구","S090005473","석우중학교","03","공립","N","","10","330","33","10","336","33.6","10","339","33.9","1","6","6","0","0","0","31","1011","32.6","54","18.7"
"경기도교육청","경기도구리남양주교육지원청","경기도 남양주시","S090005475","어람중학교","03","공립","N","","8","190","23.8","8","215","26.9","9","248","27.6","1","6","6","0","0","0","26","659","25.3","44","15"
"경기도교육청","경기도수원교육지원청","경기도 수원시 영통구","S090005477","잠원중학교","03","공립","N","","12","397","33.1","9","297","33","11","358","32.5","1","6","6","0","0","0","33","1058","32.1","57","18.6"
"경기도교육청","경기도용인교육지원청","경기도 용인시 기흥구","S090005479","보라중학교","03","공립","N","","12","354","29.5","11","316","28.7","12","353","29.4","2","14","7","0","0","0","37","1037","28","63","16.5"
"경기도교육청","경기도의정부교육지원청","경기도 의정부시","S090005489","녹양중학교","03","공립","N","","5","133","26.6","4","102","25.5","5","125","25","1","6","6","0","0","0","15","366","24.4","26","14.1"
"경기도교육청","경기도의정부교육지원청","경기도 의정부시","S090005490","솔뫼중학교","03","공립","N","","4","116","29","6","139","23.2","6","167","27.8","0","0","0","0","0","0","16","422","26.4","28","15.1"
"경기도교육청","경기도수원교육지원청","경기도 수원시 영통구","S090005521","중앙기독중학교","03","사립","N","","3","84","28","3","87","29","3","82","27.3","1","10","10","0","0","0","10","263","26.3","19","13.8"
"경기도교육청","경기도화성오산교육지원청","경기도 화성시 효행구","S090005587","화성동화중학교","03","공립","N","","7","209","29.9","6","191","31.8","7","202","28.9","1","6","6","0","0","0","21","608","29","36","16.9"
"경기도교육청","경기도화성오산교육지원청","경기도 화성시 동탄구","S090005590","반송중학교","03","공립","N","","10","337","33.7","10","335","33.5","10","341","34.1","1","6","6","0","0","0","31","1019","32.9","56","18.2"
"경기도교육청","경기도화성오산교육지원청","경기도 화성시 동탄구","S090005592","솔빛중학교","03","공립","N","","10","339","33.9","10","345","34.5","10","346","34.6","1","5","5","0","0","0","31","1035","33.4","53","19.5"
"경기도교육청","경기도부천교육지원청","경기도 부천시 오정구","S090005604","수주중학교","03","공립","N","","7","194","27.7","7","189","27","6","162","27","2","10","5","0","0","0","22","555","25.2","37","15"
"경기도교육청","경기도부천교육지원청","경기도 부천시 원미구","S090005605","원미중학교","03","공립","N","","5","107","21.4","4","109","27.3","5","135","27","3","15","5","0","0","0","17","366","21.5","29","12.6"
"경기도교육청","경기도부천교육지원청","경기도 부천시 오정구","S090005606","까치울중학교","03","공립","N","","6","166","27.7","7","168","24","5","131","26.2","1","7","7","0","0","0","19","472","24.8","33","14.3"
"경기도교육청","경기도고양교육지원청","경기도 고양시 일산동구","S090005608","안곡중학교","03","공립","N","","10","262","26.2","10","269","26.9","10","271","27.1","4","13","3.3","0","0","0","34","815","24","59","13.8"
"경기도교육청","경기도용인교육지원청","경기도 용인시 기흥구","S090005609","청덕중학교","03","공립","N","","7","172","24.6","6","165","27.5","7","173","24.7","1","5","5","0","0","0","21","515","24.5","36","14.3"
"경기도교육청","경기도김포교육지원청","경기도 김포시","S090005611","고창중학교","03","공립","N","","11","372","33.8","10","332","33.2","9","309","34.3","0","0","0","0","0","0","30","1013","33.8","52","19.5"
"경기도교육청","경기도시흥교육지원청","경기도 시흥시","S090005613","시흥능곡중학교","03","공립","N","","7","201","28.7","6","157","26.2","7","202","28.9","1","7","7","0","0","0","21","567","27","36","15.8"
"경기도교육청","경기도시흥교육지원청","경기도 시흥시","S090005614","응곡중학교","03","공립","N","","8","231","28.9","8","221","27.6","7","202","28.9","0","0","0","1","3","3","24","657","27.4","41","16"
"경기도교육청","경기도시흥교육지원청","경기도 시흥시","S090005615","시흥매화중학교","03","공립","N","","3","82","27.3","4","85","21.3","3","80","26.7","1","2","2","0","0","0","11","249","22.6","20","12.5"
"경기도교육청","경기도군포의왕교육지원청","경기도 의왕시","S090005616","모락중학교","03","공립","N","","8","215","26.9","8","217","27.1","8","228","28.5","1","6","6","0","0","0","25","666","26.6","43","15.5"
"경기도교육청","경기도시흥교육지원청","경기도 시흥시","S090005619","은계중학교","03","공립","N","","10","309","30.9","10","303","30.3","10","311","31.1","1","2","2","0","0","0","31","925","29.8","55","16.8"
"경기도교육청","경기도성남교육지원청","경기도 성남시 중원구","S090005620","도촌중학교","03","공립","N","","5","152","30.4","5","138","27.6","5","158","31.6","1","2","2","0","0","0","16","450","28.1","27","16.7"
"경기도교육청","경기도성남교육지원청","경기도 성남시 분당구","S090005622","샛별중학교","03","공립","N","","5","135","27","6","177","29.5","6","187","31.2","1","4","4","0","0","0","18","503","27.9","31","16.2"
"경기도교육청","경기도성남교육지원청","경기도 성남시 수정구","S090005623","수진중학교","03","공립","N","","3","62","20.7","2","56","28","3","60","20","2","11","5.5","0","0","0","10","189","18.9","20","9.5"
"경기도교육청","경기도화성오산교육지원청","","S090005654","능동중학교","03","공립","N","","10","326","32.6","9","283","31.4","9","302","33.6","2","9","4.5","0","0","0","30","920","30.7","53","17.4"
"경기도교육청","경기도화성오산교육지원청","","S090005657","와우중학교","03","공립","N","","10","332","33.2","10","298","29.8","10","338","33.8","1","6","6","0","0","0","31","974","31.4","54","18"
"경기도교육청","경기도화성오산교육지원청","경기도 화성시 동탄구","S090005661","푸른중학교","03","공립","N","","10","337","33.7","9","288","32","10","335","33.5","1","6","6","0","0","0","30","966","32.2","52","18.6"
"경기도교육청","경기도화성오산교육지원청","경기도 화성시 만세구","S090005662","향남중학교","03","공립","N","","11","393","35.7","13","434","33.4","13","460","35.4","1","10","10","0","0","0","38","1297","34.1","66","19.7"
"경기도교육청","경기도구리남양주교육지원청","경기도 남양주시","S090005679","광릉중학교","03","공립","N","","3","67","22.3","4","90","22.5","3","76","25.3","1","3","3","0","0","0","11","236","21.5","20","11.8"
"경기도교육청","경기도김포교육지원청","경기도 김포시","S090005681","김포신곡중학교","03","공립","N","","9","288","32","9","286","31.8","9","295","32.8","1","3","3","0","0","0","28","872","31.1","48","18.2"
"경기도교육청","경기도구리남양주교육지원청","경기도 남양주시","S090005683","예봉중학교","03","공립","N","","8","226","28.3","7","186","26.6","8","220","27.5","1","5","5","0","0","0","24","637","26.5","41","15.5"
"경기도교육청","경기도안성교육지원청","경기도 안성시","S090005684","양진중학교","03","공립","N","","5","125","25","5","134","26.8","6","150","25","2","7","3.5","0","0","0","18","416","23.1","30","13.9"
"경기도교육청","경기도안산교육지원청","경기도 안산시 단원구","S090005689","신길중학교","03","공립","N","","8","210","26.3","10","250","25","10","254","25.4","2","9","4.5","0","0","0","30","723","24.1","52","13.9"
"경기도교육청","경기도파주교육지원청","경기도 파주시","S090005691","한빛중학교","03","공립","N","","10","354","35.4","10","345","34.5","10","353","35.3","0","0","0","0","0","0","30","1052","35.1","54","19.5"
"경기도교육청","경기도수원교육지원청","경기도 수원시 영통구","S090005694","매탄중학교","03","공립","N","","8","258","32.3","8","252","31.5","8","228","28.5","1","3","3","0","0","0","25","741","29.6","43","17.2"
"경기도교육청","경기도성남교육지원청","경기도 성남시 분당구","S090005698","보평중학교","03","공립","N","","8","253","31.6","8","233","29.1","8","234","29.3","1","5","5","0","0","0","25","725","29","43","16.9"
"경기도교육청","경기도성남교육지원청","경기도 성남시 분당구","S090005700","운중중학교","03","공립","N","","7","196","28","7","201","28.7","7","216","30.9","1","2","2","0","0","0","22","615","28","39","15.8"
"경기도교육청","경기도성남교육지원청","경기도 성남시 분당구","S090005701","판교중학교","03","공립","N","","6","187","31.2","6","157","26.2","6","178","29.7","1","3","3","0","0","0","19","525","27.6","33","15.9"
"경기도교육청","경기도구리남양주교육지원청","경기도 남양주시","S090005704","가운중학교","03","공립","N","","4","96","24","3","74","24.7","3","73","24.3","3","13","4.3","0","0","0","13","256","19.7","24","10.7"
"경기도교육청","경기도고양교육지원청","경기도 고양시 덕양구","S090005707","성사중학교","03","공립","N","","6","140","23.3","7","186","26.6","7","177","25.3","2","10","5","0","0","0","22","513","23.3","36","14.3"
"경기도교육청","경기도구리남양주교육지원청","경기도 남양주시","S090005709","풍양중학교","03","공립","N","","12","377","31.4","11","342","31.1","14","430","30.7","2","14","7","0","0","0","39","1163","29.8","67","17.4"
"경기도교육청","경기도광주하남교육지원청","경기도 하남시","S090005713","덕풍중학교","03","공립","N","","8","236","29.5","8","225","28.1","8","223","27.9","1","2","2","0","0","0","25","686","27.4","43","16"
"경기도교육청","경기도김포교육지원청","경기도 김포시","S090005746","신양중학교","03","공립","N","","4","92","23","4","94","23.5","5","110","22","1","3","3","0","0","0","14","299","21.4","23","13"
"경기도교육청","경기도용인교육지원청","경기도 용인시 수지구","S090005749","용인한빛중학교","03","공립","N","","6","185","30.8","5","149","29.8","5","158","31.6","1","6","6","0","0","0","17","498","29.3","30","16.6"
"경기도교육청","경기도김포교육지원청","경기도 김포시","S090005752","마송중학교","03","공립","N","","4","99","24.8","4","91","22.8","2","55","27.5","1","5","5","0","0","0","11","250","22.7","20","12.5"
"경기도교육청","경기도안산교육지원청","경기도 안산시 상록구","S090005755","이호중학교","03","공립","N","","10","292","29.2","9","259","28.8","10","275","27.5","2","11","5.5","0","0","0","31","837","27","53","15.8"
"경기도교육청","경기도화성오산교육지원청","경기도 오산시","S090005760","세마중학교","03","공립","N","","8","283","35.4","8","285","35.6","8","281","35.1","1","11","11","0","0","0","25","860","34.4","45","19.1"
"경기도교육청","경기도광명교육지원청","경기도 광명시","S090005764","충현중학교","03","공립","N","","6","170","28.3","6","150","25","7","194","27.7","1","4","4","0","0","0","20","518","25.9","35","14.8"
"경기도교육청","경기도수원교육지원청","경기도 수원시 영통구","S090005767","수원원일중학교","03","공립","N","","1","27","27","2","53","26.5","3","88","29.3","0","0","0","0","0","0","6","168","28","14","12"
"경기도교육청","경기도용인교육지원청","경기도 용인시 기흥구","S090005775","흥덕중학교","03","공립","N","","11","307","27.9","10","287","28.7","11","325","29.5","1","1","1","0","0","0","33","920","27.9","57","16.1"
"경기도교육청","경기도구리남양주교육지원청","경기도 남양주시","S090005779","별가람중학교","03","공립","N","","12","385","32.1","10","340","34","10","324","32.4","1","9","9","0","0","0","33","1058","32.1","60","17.6"
"경기도교육청","경기도화성오산교육지원청","경기도 오산시","S090005832","문시중학교","03","공립","N","","13","463","35.6","10","353","35.3","10","349","34.9","2","11","5.5","0","0","0","35","1176","33.6","61","19.3"
"경기도교육청","경기도성남교육지원청","경기도 성남시 분당구","S090005834","삼평중학교","03","공립","N","","7","204","29.1","5","150","30","6","170","28.3","1","6","6","0","0","0","19","530","27.9","35","15.1"
"경기도교육청","경기도고양교육지원청","경기도 고양시 일산서구","S090005857","덕이중학교","03","공립","N","","12","336","28","11","304","27.6","12","320","26.7","1","4","4","0","0","0","36","964","26.8","63","15.3"
"경기도교육청","경기도안성교육지원청","경기도 안성시","S090005859","만정중학교","03","공립","N","","10","322","32.2","9","277","30.8","10","322","32.2","1","6","6","0","0","0","30","927","30.9","52","17.8"
"경기도교육청","경기도용인교육지원청","경기도 용인시 기흥구","S090005861","상하중학교","03","공립","N","","5","122","24.4","4","111","27.8","6","150","25","0","0","0","0","0","0","15","383","25.5","26","14.7"
"경기도교육청","경기도용인교육지원청","경기도 용인시 기흥구","S090005863","서천중학교","03","공립","N","","11","274","24.9","9","247","27.4","10","255","25.5","2","8","4","0","0","0","32","784","24.5","55","14.3"
"경기도교육청","경기도파주교육지원청","경기도 파주시","S090005865","선유중학교","03","공립","N","","7","201","28.7","7","190","27.1","6","171","28.5","2","7","3.5","0","0","0","22","569","25.9","37","15.4"
"경기도교육청","경기도용인교육지원청","경기도 용인시 수지구","S090005868","성서중학교","03","공립","N","","10","320","32","9","284","31.6","10","317","31.7","1","5","5","0","0","0","30","926","30.9","52","17.8"
"경기도교육청","경기도화성오산교육지원청","","S090005875","예당중학교","03","공립","N","","8","259","32.4","8","261","32.6","8","272","34","1","6","6","0","0","0","25","798","31.9","43","18.6"
"경기도교육청","경기도광주하남교육지원청","경기도 광주시","S090005876","신현중학교","03","공립","N","","10","324","32.4","10","278","27.8","10","283","28.3","1","5","5","0","0","0","31","890","28.7","55","16.2"
"경기도교육청","경기도파주교육지원청","경기도 파주시","S090005877","한가람중학교","03","공립","N","","9","313","34.8","9","306","34","10","322","32.2","1","5","5","0","0","0","29","946","32.6","50","18.9"
"경기도교육청","경기도수원교육지원청","경기도 수원시 영통구","S090005878","광교중학교","03","공립","N","","6","188","31.3","5","148","29.6","5","161","32.2","0","0","0","0","0","0","16","497","31.1","28","17.8"
"경기도교육청","경기도수원교육지원청","경기도 수원시 영통구","S090005881","이의중학교","03","공립","N","","7","200","28.6","5","130","26","6","159","26.5","1","4","4","0","0","0","19","493","25.9","32","15.4"
"경기도교육청","경기도김포교육지원청","경기도 김포시","S090005884","푸른솔중학교","03","공립","N","","11","368","33.5","10","334","33.4","10","331","33.1","1","7","7","0","0","0","32","1040","32.5","56","18.6"
"경기도교육청","경기도평택교육지원청","경기도 평택시","S090005887","청옥중학교","03","공립","N","","14","422","30.1","11","315","28.6","12","352","29.3","2","10","5","0","0","0","39","1099","28.2","67","16.4"
"경기도교육청","경기도광주하남교육지원청","경기도 광주시","S090005889","초월중학교","03","공립","N","","13","378","29.1","12","360","30","12","341","28.4","2","12","6","0","0","0","39","1091","28","68","16"
"경기도교육청","경기도김포교육지원청","경기도 김포시","S090005911","운양중학교","03","공립","N","","12","404","33.7","11","366","33.3","11","387","35.2","1","9","9","0","0","0","35","1166","33.3","63","18.5"
"경기도교육청","경기도용인교육지원청","경기도 용인시 수지구","S090006035","신봉중학교","03","공립","N","","7","210","30","7","220","31.4","5","163","32.6","1","6","6","0","0","0","20","599","30","34","17.6"
"경기도교육청","경기도용인교육지원청","경기도 용인시 처인구","S090006036","한숲중학교","03","공립","N","","9","275","30.6","8","238","29.8","8","253","31.6","1","5","5","0","0","0","26","771","29.7","45","17.1"
"경기도교육청","경기도김포교육지원청","경기도 김포시","S090006045","하늘빛중학교","03","공립","N","","12","406","33.8","10","335","33.5","10","354","35.4","1","3","3","0","0","0","33","1098","33.3","57","19.3"
"경기도교육청","경기도동두천양주교육지원청","경기도 양주시","S090006060","옥빛중학교","03","공립","N","","11","332","30.2","12","353","29.4","16","462","28.9","1","10","10","0","0","0","40","1157","28.9","73","15.8"
"경기도교육청","경기도성남교육지원청","경기도 성남시 수정구","S090006105","위례중앙중학교","03","공립","N","","4","114","28.5","4","97","24.3","4","102","25.5","0","0","0","0","0","0","12","313","26.1","21","14.9"
"경기도교육청","경기도성남교육지원청","경기도 성남시 수정구","S090006106","위례한빛중학교","03","공립","N","","13","379","29.2","10","290","29","10","274","27.4","1","6","6","0","0","0","34","949","27.9","61","15.6"
"경기도교육청","경기도시흥교육지원청","경기도 시흥시","S090006119","배곧중학교","03","공립","N","","14","469","33.5","16","487","30.4","15","449","29.9","2","13","6.5","0","0","0","47","1418","30.2","83","17.1"
"경기도교육청","경기도시흥교육지원청","경기도 시흥시","S090006148","시흥가온중학교","03","공립","N","","10","286","28.6","9","255","28.3","8","225","28.1","1","3","3","0","0","0","28","769","27.5","48","16"
"경기도교육청","경기도화성오산교육지원청","경기도 화성시 만세구","S090006155","하길중학교","03","공립","N","","10","354","35.4","10","322","32.2","10","347","34.7","2","11","5.5","0","0","0","32","1034","32.3","56","18.5"
"경기도교육청","경기도파주교육지원청","경기도 파주시","S090006158","산내중학교","03","공립","N","","10","352","35.2","10","330","33","9","288","32","1","6","6","0","0","0","30","976","32.5","52","18.8"
"경기도교육청","경기도파주교육지원청","경기도 파주시","S090006159","산들중학교","03","공립","N","","10","346","34.6","8","280","35","10","347","34.7","1","5","5","0","0","0","29","978","33.7","49","20"
"경기도교육청","경기도파주교육지원청","경기도 파주시","S090006160","운정중학교","03","공립","N","","10","324","32.4","10","297","29.7","9","288","32","2","12","6","0","0","0","31","921","29.7","53","17.4"
"경기도교육청","경기도성남교육지원청","경기도 성남시 분당구","S090006422","낙원중학교","03","공립","N","","6","182","30.3","6","198","33","6","190","31.7","1","2","2","0","0","0","19","572","30.1","33","17.3"
"경기도교육청","경기도군포의왕교육지원청","경기도 의왕시","S090006423","덕장중학교","03","공립","N","","4","88","22","4","91","22.8","5","115","23","1","3","3","0","0","0","14","297","21.2","26","11.4"
"경기도교육청","경기도파주교육지원청","경기도 파주시","S090006424","동패중학교","03","공립","N","","12","375","31.3","10","324","32.4","12","381","31.8","2","12","6","0","0","0","36","1092","30.3","62","17.6"
"경기도교육청","경기도군포의왕교육지원청","경기도 군포시","S090006430","부곡중앙중학교","03","공립","N","","8","225","28.1","7","191","27.3","8","224","28","1","7","7","0","0","0","24","647","27","42","15.4"
"경기도교육청","경기도성남교육지원청","경기도 성남시 분당구","S090006438","신백현중학교","03","공립","N","","4","109","27.3","4","105","26.3","4","107","26.8","1","6","6","0","0","0","13","327","25.2","22","14.9"
"경기도교육청","경기도김포교육지원청","경기도 김포시","S090006442","양도중학교","03","공립","N","","10","299","29.9","9","260","28.9","8","247","30.9","1","7","7","0","0","0","28","813","29","48","16.9"
"경기도교육청","경기도이천교육지원청","경기도 이천시","S090006448","이천사동중학교","03","공립","N","","8","222","27.8","8","220","27.5","8","229","28.6","1","6","6","0","0","0","25","677","27.1","44","15.4"
"경기도교육청","경기도고양교육지원청","경기도 고양시 일산동구","S090006450","일산양일중학교","03","공립","N","","17","518","30.5","17","481","28.3","15","452","30.1","1","8","8","0","0","0","50","1459","29.2","88","16.6"
"경기도교육청","경기도구리남양주교육지원청","경기도 남양주시","S090006451","주곡중학교","03","공립","N","","8","245","30.6","9","271","30.1","8","233","29.1","1","6","6","0","0","0","26","755","29","47","16.1"
"경기도교육청","경기도파주교육지원청","경기도 파주시","S090006457","해솔중학교","03","공립","N","","8","258","32.3","7","226","32.3","6","194","32.3","2","8","4","0","0","0","23","686","29.8","40","17.2"
"경기도교육청","경기도의정부교육지원청","경기도 의정부시","S090006560","송양중학교","03","공립","N","","10","289","28.9","10","276","27.6","10","295","29.5","1","7","7","0","0","0","31","867","28","58","14.9"
"경기도교육청","경기도수원교육지원청","경기도 수원시 장안구","S090006576","경기체육중학교","03","공립","N","","1","23","23","1","26","26","1","34","34","0","0","0","0","0","0","3","83","27.7","11","7.5"
"경기도교육청","경기도화성오산교육지원청","경기도 화성시 병점구","S090006652","화성반월중학교","03","공립","N","","8","253","31.6","8","233","29.1","7","212","30.3","1","3","3","0","0","0","24","701","29.2","42","16.7"
"경기도교육청","경기도김포교육지원청","경기도 김포시","S090006779","은여울중학교","03","공립","N","","10","313","31.3","9","275","30.6","14","429","30.6","1","2","2","0","0","0","34","1019","30","59","17.3"
"경기도교육청","경기도고양교육지원청","경기도 고양시 덕양구","S090006780","신원중학교","03","공립","N","","12","330","27.5","11","304","27.6","8","218","27.3","2","12","6","0","0","0","33","864","26.2","56","15.4"
"경기도교육청","경기도수원교육지원청","경기도 수원시 영통구","S090006781","수원다산중학교","03","공립","N","","11","360","32.7","11","354","32.2","11","353","32.1","1","4","4","0","0","0","34","1071","31.5","58","18.5"
"경기도교육청","경기도수원교육지원청","경기도 수원시 권선구","S090006782","능실중학교","03","공립","N","","10","310","31","8","252","31.5","7","220","31.4","2","9","4.5","0","0","0","27","791","29.3","46","17.2"
"경기도교육청","경기도김포교육지원청","경기도 김포시","S090006783","김포한가람중학교","03","공립","N","","10","298","29.8","9","272","30.2","10","315","31.5","1","6","6","0","0","0","30","891","29.7","52","17.1"
"경기도교육청","경기도용인교육지원청","경기도 용인시 기흥구","S090006784","어정중학교","03","공립","N","","9","257","28.6","8","251","31.4","8","229","28.6","1","7","7","0","0","0","26","744","28.6","46","16.2"
"경기도교육청","경기도구리남양주교육지원청","경기도 남양주시","S090006800","천마중학교","03","공립","N","","5","154","30.8","6","186","31","7","217","31","2","12","6","0","0","0","20","569","28.5","34","16.7"
"경기도교육청","경기도동두천양주교육지원청","경기도 양주시","S090006805","옥정중학교","03","공립","N","","19","574","30.2","12","357","29.8","9","283","31.4","1","7","7","0","0","0","41","1221","29.8","71","17.2"
"경기도교육청","경기도광주하남교육지원청","경기도 하남시","S090006912","미사강변중학교","03","공립","N","","14","443","31.6","12","361","30.1","12","379","31.6","1","5","5","0","0","0","39","1188","30.5","72","16.5"
"경기도교육청","경기도화성오산교육지원청","","S090006934","한백중학교","03","공립","N","","12","408","34","12","407","33.9","12","397","33.1","1","4","4","0","0","0","37","1216","32.9","64","19"
"경기도교육청","경기도화성오산교육지원청","경기도 화성시 동탄구","S090006939","청계중학교","03","공립","N","","12","405","33.8","12","424","35.3","12","423","35.3","1","4","4","0","0","0","37","1256","33.9","64","19.6"
"경기도교육청","경기도화성오산교육지원청","","S090006944","방교중학교","03","공립","N","","12","401","33.4","7","235","33.6","10","318","31.8","1","3","3","0","0","0","30","957","31.9","52","18.4"
"경기도교육청","경기도고양교육지원청","경기도 고양시 덕양구","S090006953","도래울중학교","03","공립","N","","13","366","28.2","12","331","27.6","11","315","28.6","1","6","6","0","0","0","37","1018","27.5","65","15.7"
"경기도교육청","경기도구리남양주교육지원청","경기도 남양주시","S090006966","한별중학교","03","공립","N","","10","313","31.3","8","259","32.4","9","292","32.4","1","6","6","0","0","0","28","870","31.1","48","18.1"
"경기도교육청","경기도광주하남교육지원청","경기도 하남시","S090007035","위례중학교","03","공립","N","","15","440","29.3","13","383","29.5","12","361","30.1","1","6","6","0","0","0","41","1190","29","72","16.5"
"경기도교육청","경기도광주하남교육지원청","경기도 하남시","S090007036","은가람중학교","03","공립","N","","9","258","28.7","5","155","31","6","182","30.3","1","3","3","0","0","0","21","598","28.5","36","16.6"
"경기도교육청","경기도광주하남교육지원청","경기도 하남시","S090007037","미사중학교","03","공립","N","","14","445","31.8","11","351","31.9","12","353","29.4","1","6","6","0","0","0","38","1155","30.4","67","17.2"
"경기도교육청","경기도시흥교육지원청","경기도 시흥시","S090007065","조남중학교","03","공립","N","","11","328","29.8","10","317","31.7","9","258","28.7","2","8","4","0","0","0","32","911","28.5","55","16.6"
"경기도교육청","경기도부천교육지원청","경기도 부천시 소사구","S090007115","옥길중학교","03","공립","N","","11","305","27.7","9","254","28.2","11","310","28.2","1","5","5","0","0","0","32","874","27.3","56","15.6"
"경기도교육청","경기도안양과천교육지원청","경기도 안양시 만안구","S090007124","박달중학교","03","공립","N","","6","167","27.8","6","140","23.3","8","196","24.5","2","12","6","0","0","0","22","515","23.4","36","14.3"
"경기도교육청","경기도화성오산교육지원청","","S090007127","다원중학교","03","공립","N","","12","403","33.6","12","422","35.2","12","419","34.9","0","0","0","0","0","0","36","1244","34.6","63","19.7"
"경기도교육청","경기도구리남양주교육지원청","경기도 구리시","S090007157","갈매중학교","03","공립","N","","9","291","32.3","9","260","28.9","7","202","28.9","1","4","4","0","0","0","26","757","29.1","44","17.2"
"경기도교육청","경기도광주하남교육지원청","경기도 하남시","S090007158","윤슬중학교","03","공립","N","","13","411","31.6","14","431","30.8","12","381","31.8","1","5","5","0","0","0","40","1228","30.7","70","17.5"
"경기도교육청","경기도화성오산교육지원청","경기도 화성시 만세구","S090007189","송린중학교","03","공립","N","","13","339","26.1","11","307","27.9","10","277","27.7","2","8","4","0","0","0","36","931","25.9","61","15.3"
"경기도교육청","경기도화성오산교육지원청","경기도 화성시 동탄구","S090007219","청림중학교","03","공립","N","","12","397","33.1","12","398","33.2","11","365","33.2","1","6","6","0","0","0","36","1166","32.4","62","18.8"
"경기도교육청","경기도평택교육지원청","경기도 평택시","S090007237","용이중학교","03","공립","N","","9","276","30.7","13","395","30.4","9","317","35.2","2","16","8","0","0","0","33","1004","30.4","57","17.6"
"경기도교육청","경기도구리남양주교육지원청","경기도 남양주시","S090007238","남양주다산중학교","03","공립","N","","11","354","32.2","8","263","32.9","15","490","32.7","1","3","3","0","0","0","35","1110","31.7","62","17.9"
"경기도교육청","경기도화성오산교육지원청","경기도 화성시 동탄구","S090007242","동탄목동중학교","03","공립","N","","12","409","34.1","12","406","33.8","12","395","32.9","0","0","0","0","0","0","36","1210","33.6","64","18.9"
"경기도교육청","경기도광주하남교육지원청","경기도 광주시","S090007253","매양중학교","03","공립","N","","10","291","29.1","11","298","27.1","11","319","29","1","6","6","0","0","0","33","914","27.7","57","16"
"경기도교육청","경기도성남교육지원청","경기도 성남시 수정구","S090007254","창성중학교","03","공립","N","","3","81","27","4","95","23.8","5","123","24.6","1","6","6","0","0","0","13","305","23.5","22","13.9"
"경기도교육청","경기도화성오산교육지원청","","S090007256","이산중학교","03","공립","N","","8","262","32.8","7","223","31.9","8","266","33.3","0","0","0","0","0","0","23","751","32.7","40","18.8"
"경기도교육청","경기도부천교육지원청","경기도 부천시 원미구","S090007311","도당중학교","03","공립","N","","7","175","25","7","173","24.7","9","243","27","1","4","4","0","0","0","24","595","24.8","41","14.5"
"경기도교육청","경기도구리남양주교육지원청","경기도 남양주시","S090007319","다산한강중학교","03","공립","N","","9","282","31.3","7","203","29","7","204","29.1","1","4","4","0","0","0","24","693","28.9","42","16.5"
"경기도교육청","경기도시흥교육지원청","경기도 시흥시","S090007324","배곧해솔중학교","03","공립","N","","18","568","31.6","13","387","29.8","16","467","29.2","1","4","4","0","0","0","48","1426","29.7","84","17"
"경기도교육청","경기도화성오산교육지원청","경기도 화성시 만세구","S090007330","신백중학교","03","공립","N","","10","273","27.3","9","249","27.7","10","275","27.5","1","9","9","0","0","0","30","806","26.9","53","15.2"
"경기도교육청","경기도화성오산교육지원청","","S090007332","서연중학교","03","공립","N","","12","402","33.5","11","350","31.8","12","404","33.7","1","6","6","0","0","0","36","1162","32.3","62","18.7"
"경기도교육청","경기도광명교육지원청","경기도 광명시","S090007339","빛가온중학교","03","공립","N","","7","219","31.3","6","188","31.3","7","212","30.3","1","3","3","0","0","0","21","622","29.6","38","16.4"
"경기도교육청","경기도고양교육지원청","경기도 고양시 덕양구","S090007376","향동중학교","03","공립","N","","7","194","27.7","6","156","26","6","144","24","1","4","4","0","0","0","20","498","24.9","34","14.6"
"경기도교육청","경기도광주하남교육지원청","경기도 하남시","S090007377","감일중학교","03","공립","N","","9","254","28.2","9","257","28.6","9","274","30.4","1","3","3","0","0","0","28","788","28.1","48","16.4"
"경기도교육청","경기도화성오산교육지원청","","S090007395","수현중학교","03","공립","N","","8","249","31.1","6","191","31.8","6","172","28.7","2","15","7.5","0","0","0","22","627","28.5","37","16.9"
"경기도교육청","경기도광주하남교육지원청","경기도 광주시","S090007406","태전중학교","03","공립","N","","10","318","31.8","0","0","0","0","0","0","1","1","1","0","0","0","11","319","29","21","15.2"
"경기도교육청","경기도고양교육지원청","경기도 고양시 덕양구","S090007440","지축중학교","03","공립","N","","11","282","25.6","10","258","25.8","9","254","28.2","1","5","5","0","0","0","31","799","25.8","54","14.8"
"경기도교육청","경기도안산교육지원청","경기도 안산시 상록구","S090007442","안산해솔중학교","03","공립","N","","10","291","29.1","9","276","30.7","10","301","30.1","1","5","5","0","0","0","30","873","29.1","52","16.8"
"경기도교육청","경기도구리남양주교육지원청","경기도 남양주시","S090007518","다산새봄중학교","03","공립","N","","12","393","32.8","11","351","31.9","2","56","28","1","3","3","0","0","0","26","803","30.9","45","17.8"
"경기도교육청","경기도광주하남교육지원청","경기도 하남시","S090007519","감일백제중학교","03","공립","N","","6","179","29.8","3","77","25.7","1","34","34","0","0","0","0","0","0","10","290","29","21","13.8"
"경기도교육청","경기도화성오산교육지원청","경기도 화성시 동탄구","S090007521","화성세정중학교","03","공립","N","","8","265","33.1","5","152","30.4","3","97","32.3","0","0","0","0","0","0","16","514","32.1","28","18.4"
"경기도교육청","경기도화성오산교육지원청","","S090007522","치동중학교","03","공립","N","","8","249","31.1","4","116","29","2","52","26","1","1","1","0","0","0","15","418","27.9","26","16.1"
"경기도교육청","경기도평택교육지원청","경기도 평택시","S090007572","민세중학교","03","공립","N","","13","334","25.7","7","91","13","6","53","8.8","1","2","2","0","0","0","27","480","17.8","47","10.2"
"경기도교육청","경기도파주교육지원청","경기도 파주시","S090007577","심학중학교","03","공립","N","","5","151","30.2","5","112","22.4","2","32","16","1","4","4","0","0","0","13","299","23","24","12.5"
"경기도교육청","경기도김포교육지원청","경기도 김포시","S090007580","나래중학교","03","공립","N","","9","303","33.7","10","313","31.3","0","0","0","1","3","3","0","0","0","20","619","31","34","18.2"
"경기도교육청","경기도부천교육지원청","경기도 부천시 소사구","S090007582","범박중학교","03","공립","N","","11","313","28.5","9","251","27.9","0","0","0","1","5","5","0","0","0","21","569","27.1","36","15.8"
"경기도교육청","경기도수원교육지원청","경기도 수원시 영통구","S090007608","광교호수중학교","03","공립","N","","8","229","28.6","7","202","28.9","6","185","30.8","1","5","5","0","0","0","22","621","28.2","38","16.3"
"경기도교육청","경기도김포교육지원청","경기도 김포시","S090007613","향산중학교","03","공립","N","","4","123","30.8","4","98","24.5","4","120","30","0","0","0","0","0","0","12","341","28.4","21","16.2"
"경기도교육청","경기도고양교육지원청","경기도 고양시 덕양구","S090007626","덕은한강중학교","03","공립","N","","5","133","26.6","4","97","24.3","3","61","20.3","1","1","1","0","0","0","13","292","22.5","23","12.7"
"경기도교육청","경기도평택교육지원청","경기도 평택시","S090007628","동삭중학교","03","공립","N","","11","341","31","0","0","0","0","0","0","1","1","1","0","0","0","12","342","28.5","24","14.3"
"경기도교육청","경기도구리남양주교육지원청","경기도 남양주시","S090007654","하랑중학교","03","공립","N","","3","93","31","3","71","23.7","2","60","30","0","0","0","0","0","0","8","224","28","16","14"
"경기도교육청","경기도성남교육지원청","경기도 성남시 분당구","S090007669","판교대장중학교","03","공립","N","","4","119","29.8","3","99","33","3","79","26.3","0","0","0","0","0","0","10","297","29.7","19","15.6"
"경기도교육청","경기도의정부교육지원청","경기도 의정부시","S090007913","훈민중학교","03","공립","N","","8","224","28","2","50","25","1","32","32","1","5","5","0","0","0","12","311","25.9","21","14.8"
"경기도교육청","경기도시흥교육지원청","경기도 시흥시","S090007928","시화나래중학교","03","공립","N","","3","40","13.3","2","25","12.5","2","38","19","4","9","2.3","0","0","0","11","112","10.2","23","4.9"
"경기도교육청","경기도평택교육지원청","경기도 평택시","S090007930","배다리중학교","03","공립","N","","5","155","31","0","0","0","0","0","0","0","0","0","0","0","0","5","155","31","13","11.9"
"경기도교육청","경기도의정부교육지원청","경기도 의정부시","S090006968","호원중학교부설방송통신중학교","25","공립","N","","3","74","24.7","3","65","21.7","3","59","19.7","0","0","0","0","0","0","9","198","22","28","7.1"
"경기도교육청","경기도수원교육지원청","경기도 수원시 팔달구","S090006969","수원제일중학교부설방송통신중학교","25","공립","N","","3","75","25","3","66","22","3","61","20.3","0","0","0","0","0","0","9","202","22.4","24","8.4"
"경기도교육청","경기도광명교육지원청","경기도 광명시","S090007165","광명중학교부설방송통신중학교","25","공립","N","","3","69","23","3","70","23.3","3","66","22","0","0","0","0","0","0","9","205","22.8","25","8.2"
"경기도교육청","경기도성남교육지원청","경기도 성남시 분당구","S090007166","삼평중학교부설방송통신중학교","25","공립","N","","3","62","20.7","3","69","23","3","66","22","0","0","0","0","0","0","9","197","21.9","24","8.2"