"시도교육청","교육지원청","지역","정보공시 학교코드","학교명","학교급코드","설립구분","제외여부","제외사유","1학년 학급수","1학년 학생수","1학년 학급당 학생수","2학년 학급수","2학년 학생수","2학년 학급당 학생수","3학년 학급수","3학년 학생수","3학년 학급당 학생수","특수학급 학급수","특수학급 학생수","특수학급 학급당 학생수","순회학급 학급수","순회학급 학생수","순회학급 학급당 학생수","학급수(계)","학생수(계)","학급당 학생수(계)","교사수","수업교원 1인당 학생수"
"경기도교육청","경기도가평교육지원청","경기도 가평군","S090000876","가평중학교","03","공립","N","","7","181","25.9","7","187","26.7","7","176","25.1","2","7","3.5","0","0","0","23","551","24","40","13.8"
"경기도교육청","경기도가평교육지원청","경기도 가평군","S090000877","가평북중학교","03","공립","N","","1","14","14","1","13","13","1","9","9","1","2","2","0","0","0","4","38","9.5","14","2.7"
"경기도교육청","경기도가평교육지원청","경기도 가평군","S090000878","설악중학교","03","공립","N","","3","61","20.3","2","49","24.5","2","57","28.5","1","4","4","0","0","0","8","171","21.4","18","9.5"
"경기도교육청","경기도가평교육지원청","경기도 가평군","S090000879","조종중학교","03","공립","N","","3","85","28.3","3","60","20","3","70","23.3","1","7","7","0","0","0","10","222","22.2","21","10.6"
"경기도교육청","경기도가평교육지원청","경기도 가평군","S090000880","청평중학교","03","공립","N","","3","53","17.7","3","60","20","3","69","23","1","3","3","0","0","0","10","185","18.5","19","9.7"
"경기도교육청","경기도고양교육지원청","경기도 고양시 덕양구","S090000944","가람중학교","03","공립","N","","5","125","25","5","112","22.4","5","138","27.6","1","3","3","0","0","0","16","378","23.6","28","13.5"
"경기도교육청","경기도고양교육지원청","경기도 고양시 덕양구","S090000946","고양중학교","03","공립","N","","10","278","27.8","10","274","27.4","10","259","25.9","2","12","6","0","0","0","32","823","25.7","51","16.1"
"경기도교육청","경기도고양교육지원청","경기도 고양시 덕양구","S090000947","능곡중학교","03","공립","N","","5","120","24","6","132","22","6","148","24.7","2","11","5.5","0","0","0","19","411","21.6","32","12.8"
"경기도교육청","경기도고양교육지원청","경기도 고양시 일산서구","S090000948","대화중학교","03","공립","N","","7","197","28.1","7","173","24.7","5","139","27.8","0","0","0","0","0","0","19","509","26.8","33","15.4"
"경기도교육청","경기도고양교육지원청","경기도 고양시 덕양구","S090000949","덕양중학교","03","공립","N","","3","59","19.7","3","55","18.3","3","54","18","1","7","7","0","0","0","10","175","17.5","22","8"
"경기도교육청","경기도고양교육지원청","경기도 고양시 덕양구","S090000950","무원중학교","03","공립","N","","6","147","24.5","6","152","25.3","6","147","24.5","1","5","5","1","5","5","20","456","22.8","33","13.8"
"경기도교육청","경기도고양교육지원청","경기도 고양시 일산서구","S090000951","발산중학교","03","공립","N","","9","253","28.1","9","249","27.7","10","277","27.7","1","6","6","0","0","0","29","785","27.1","51","15.4"
"경기도교육청","경기도고양교육지원청","경기도 고양시 일산동구","S090000952","백마중학교","03","공립","N","","7","196","28","7","190","27.1","8","207","25.9","1","5","5","0","0","0","23","598","26","40","15"
"경기도교육청","경기도고양교육지원청","경기도 고양시 일산동구","S090000953","백석중학교","03","공립","N","","5","136","27.2","5","114","22.8","5","137","27.4","1","3","3","0","0","0","16","390","24.4","27","14.4"
"경기도교육청","경기도고양교육지원청","경기도 고양시 일산동구","S090000954","백신중학교","03","공립","N","","10","278","27.8","10","276","27.6","10","278","27.8","1","3","3","0","0","0","31","835","26.9","55","15.2"
"경기도교육청","경기도고양교육지원청","경기도 고양시 덕양구","S090000955","백양중학교","03","공립","N","","5","124","24.8","5","120","24","4","112","28","1","5","5","0","0","0","15","361","24.1","26","13.9"
"경기도교육청","경기도고양교육지원청","경기도 고양시 덕양구","S090000956","고양제일중학교","03","사립","N","","11","285","25.9","10","265","26.5","10","268","26.8","0","0","0","0","0","0","31","818","26.4","54","15.1"
"경기도교육청","경기도고양교육지원청","경기도 고양시 덕양구","S090000957","신능중학교","03","공립","N","","3","59","19.7","3","79","26.3","4","100","25","2","8","4","0","0","0","12","246","20.5","21","11.7"
"경기도교육청","경기도고양교육지원청","경기도 고양시 일산서구","S090000958","신일중학교","03","공립","N","","10","283","28.3","10","283","28.3","10","279","27.9","1","7","7","0","0","0","31","852","27.5","54","15.8"
"경기도교육청","경기도고양교육지원청","경기도 고양시 일산서구","S090000959","오마중학교","03","공립","N","","11","314","28.5","11","308","28","11","305","27.7","0","0","0","0","0","0","33","927","28.1","62","15"
"경기도교육청","경기도고양교육지원청","경기도 고양시 덕양구","S090000960","원당중학교","03","공립","N","","3","56","18.7","3","55","18.3","3","60","20","1","2","2","0","0","0","10","173","17.3","19","9.1"
"경기도교육청","경기도고양교육지원청","경기도 고양시 일산서구","S090000961","일산동중학교","03","공립","N","","8","202","25.3","8","213","26.6","7","188","26.9","2","12","6","0","0","0","25","615","24.6","44","14"
"경기도교육청","경기도고양교육지원청","경기도 고양시 일산서구","S090000962","일산중학교","03","공립","N","","5","130","26","5","133","26.6","6","151","25.2","1","5","5","0","0","0","17","419","24.6","32","13.1"
"경기도교육청","경기도고양교육지원청","경기도 고양시 일산서구","S090000963","장성중학교","03","공립","N","","4","112","28","5","117","23.4","5","137","27.4","2","11","5.5","0","0","0","16","377","23.6","27","14"
"경기도교육청","경기도고양교육지원청","경기도 고양시 일산동구","S090000964","저동중학교","03","공립","N","","6","163","27.2","6","142","23.7","6","159","26.5","1","6","6","0","0","0","19","470","24.7","33","14.2"
"경기도교육청","경기도고양교육지원청","경기도 고양시 일산동구","S090000965","정발중학교","03","공립","N","","11","307","27.9","11","306","27.8","11","308","28","1","1","1","0","0","0","34","922","27.1","59","15.6"
"경기도교육청","경기도고양교육지원청","경기도 고양시 일산동구","S090000966","중산중학교","03","공립","N","","6","141","23.5","6","150","25","6","150","25","1","4","4","0","0","0","19","445","23.4","33","13.5"
"경기도교육청","경기도고양교육지원청","경기도 고양시 덕양구","S090000967","지도중학교","03","공립","N","","6","154","25.7","6","138","23","6","161","26.8","1","5","5","0","0","0","19","458","24.1","33","13.9"
"경기도교육청","경기도고양교육지원청","경기도 고양시 일산서구","S090000969","한수중학교","03","공립","N","","10","277","27.7","10","272","27.2","10","270","27","2","12","6","0","0","0","32","831","26","55","15.1"
"경기도교육청","경기도고양교육지원청","경기도 고양시 덕양구","S090000970","행신중학교","03","공립","N","","5","128","25.6","5","132","26.4","6","140","23.3","1","1","1","0","0","0","17","401","23.6","29","13.8"
"경기도교육청","경기도고양교육지원청","경기도 고양시 일산서구","S090000971","호곡중학교","03","공립","N","","11","283","25.7","9","239","26.6","10","275","27.5","2","9","4.5","0","0","0","32","806","25.2","55","14.7"
"경기도교육청","경기도고양교육지원청","경기도 고양시 덕양구","S090000972","화수중학교","03","공립","N","","9","232","25.8","9","246","27.3","9","243","27","4","17","4.3","0","0","0","31","738","23.8","55","13.4"
"경기도교육청","경기도고양교육지원청","경기도 고양시 덕양구","S090000973","화정중학교","03","공립","N","","8","223","27.9","8","225","28.1","8","222","27.8","0","0","0","0","0","0","24","670","27.9","42","16"
"경기도교육청","경기도광명교육지원청","경기도 광명시","S090001188","가림중학교","03","공립","N","","5","148","29.6","6","151","25.2","6","157","26.2","2","13","6.5","0","0","0","19","469","24.7","33","14.2"
"경기도교육청","경기도광명교육지원청","경기도 광명시","S090001189","광남중학교","03","공립","N","","10","276","27.6","8","231","28.9","9","253","28.1","2","12","6","0","0","0","29","772","26.6","49","15.8"
"경기도교육청","경기도광명교육지원청","경기도 광명시","S090001190","광명북중학교","03","공립","N","","7","198","28.3","6","174","29","5","146","29.2","2","8","4","1","2","2","21","528","25.1","35","15.1"
"경기도교육청","경기도광명교육지원청","경기도 광명시","S090001191","하안북중학교","03","공립","N","","10","301","30.1","11","322","29.3","11","311","28.3","1","7","7","0","0","0","33","941","28.5","57","16.5"
"경기도교육청","경기도광명교육지원청","경기도 광명시","S090001192","광명중학교","03","공립","N","","9","247","27.4","8","208","26","8","231","28.9","2","11","5.5","0","0","0","27","697","25.8","47","14.8"
"경기도교육청","경기도광명교육지원청","경기도 광명시","S090001194","소하중학교","03","공립","N","","13","363","27.9","13","368","28.3","12","356","29.7","1","5","5","0","0","0","39","1092","28","68","16.1"
"경기도교육청","경기도광명교육지원청","경기도 광명시","S090001195","안서중학교","03","공립","N","","3","74","24.7","3","80","26.7","4","98","24.5","2","9","4.5","0","0","0","12","261","21.8","22","11.9"
"경기도교육청","경기도광명교육지원청","경기도 광명시","S090001196","철산중학교","03","공립","N","","14","426","30.4","13","371","28.5","13","369","28.4","1","5","5","0","0","0","41","1171","28.6","73","16"
"경기도교육청","경기도광명교육지원청","경기도 광명시","S090001198","하안중학교","03","공립","N","","5","148","29.6","7","179","25.6","7","191","27.3","1","5","5","0","0","0","20","523","26.2","34","15.4"
"경기도교육청","경기도광주하남교육지원청","경기도 광주시","S090001267","경안중학교","03","공립","N","","13","407","31.3","12","359","29.9","12","365","30.4","2","12","6","0","0","0","39","1143","29.3","69","16.6"
"경기도교육청","경기도광주하남교육지원청","경기도 광주시","S090001268","경화여자중학교","03","사립","N","","10","316","31.6","9","261","29","10","295","29.5","0","0","0","0","0","0","29","872","30.1","53","16.5"
"경기도교육청","경기도광주하남교육지원청","경기도 광주시","S090001269","광수중학교","03","공립","N","","5","121","24.2","5","124","24.8","4","101","25.3","1","5","5","0","0","0","15","351","23.4","26","13.5"
"경기도교육청","경기도광주하남교육지원청","경기도 광주시","S090001270","광일중학교","03","공립","N","","2","30","15","2","39","19.5","2","39","19.5","1","3","3","0","0","0","7","111","15.9","15","7.4"
"경기도교육청","경기도광주하남교육지원청","경기도 광주시","S090001271","곤지암중학교","03","공립","N","","5","144","28.8","5","153","30.6","7","164","23.4","1","2","2","0","0","0","18","463","25.7","31","14.9"
"경기도교육청","경기도광주하남교육지원청","경기도 광주시","S090001272","광주중학교","03","공립","N","","7","202","28.9","7","203","29","6","184","30.7","1","5","5","0","0","0","21","594","28.3","38","15.6"
"경기도교육청","경기도광주하남교육지원청","경기도 하남시","S090001273","남한중학교","03","공립","N","","3","73","24.3","2","58","29","2","57","28.5","1","6","6","1","4","4","9","198","22","17","11.6"
"경기도교육청","경기도광주하남교육지원청","경기도 하남시","S090001274","동부중학교","03","공립","N","","3","79","26.3","3","78","26","3","77","25.7","1","4","4","0","0","0","10","238","23.8","19","12.5"
"경기도교육청","경기도광주하남교육지원청","경기도 하남시","S090001275","신장중학교","03","공립","N","","3","88","29.3","3","71","23.7","4","93","23.3","0","0","0","0","0","0","10","252","25.2","19","13.3"
"경기도교육청","경기도광주하남교육지원청","경기도 광주시","S090001276","탄벌중학교","03","공립","N","","13","397","30.5","15","460","30.7","14","441","31.5","3","17","5.7","0","0","0","45","1315","29.2","78","16.9"
"경기도교육청","경기도광주하남교육지원청","경기도 하남시","S090001277","하남중학교","03","공립","N","","5","135","27","5","137","27.4","5","128","25.6","1","6","6","0","0","0","16","406","25.4","27","15"
"경기도교육청","경기도군포의왕교육지원청","경기도 의왕시","S090001365","갈뫼중학교","03","공립","N","","9","230","25.6","8","191","23.9","10","258","25.8","1","8","8","0","0","0","28","687","24.5","52","13.2"
"경기도교육청","경기도군포의왕교육지원청","경기도 의왕시","S090001366","고천중학교","03","공립","N","","4","112","28","5","122","24.4","5","135","27","0","0","0","0","0","0","14","369","26.4","25","14.8"
"경기도교육청","경기도군포의왕교육지원청","경기도 군포시","S090001367","곡란중학교","03","공립","N","","3","64","21.3","4","85","21.3","3","80","26.7","1","5","5","0","0","0","11","234","21.3","20","11.7"
"경기도교육청","경기도군포의왕교육지원청","경기도 군포시","S090001368","군포중학교","03","공립","N","","3","81","27","3","70","23.3","4","95","23.8","2","13","6.5","2","6","3","14","265","18.9","24","11"
"경기도교육청","경기도군포의왕교육지원청","경기도 군포시","S090001369","궁내중학교","03","공립","N","","9","252","28","10","266","26.6","9","245","27.2","0","0","0","0","0","0","28","763","27.3","49","15.6"
"경기도교육청","경기도군포의왕교육지원청","경기도 군포시","S090001370","금정중학교","03","공립","N","","4","90","22.5","5","137","27.4","5","122","24.4","1","5","5","0","0","0","15","354","23.6","27","13.1"
"경기도교육청","경기도군포의왕교육지원청","경기도 군포시","S090001371","도장중학교","03","공립","N","","8","211","26.4","7","184","26.3","8","191","23.9","2","13","6.5","0","0","0","25","599","24","44","13.6"
"경기도교육청","경기도군포의왕교육지원청","경기도 의왕시","S090001372","백운중학교","03","공립","N","","6","148","24.7","7","181","25.9","7","175","25","1","4","4","0","0","0","21","508","24.2","36","14.1"
"경기도교육청","경기도군포의왕교육지원청","경기도 군포시","S090001374","산본중학교","03","공립","N","","10","277","27.7","10","280","28","10","266","26.6","0","0","0","0","0","0","30","823","27.4","53","15.5"
"경기도교육청","경기도군포의왕교육지원청","경기도 군포시","S090001375","수리중학교","03","공립","N","","7","193","27.6","9","234","26","8","200","25","1","7","7","0","0","0","25","634","25.4","43","14.7"
"경기도교육청","경기도군포의왕교육지원청","경기도 군포시","S090001376","용호중학교","03","공립","N","","7","189","27","7","164","23.4","8","205","25.6","1","3","3","0","0","0","23","561","24.4","41","13.7"
"경기도교육청","경기도군포의왕교육지원청","경기도 의왕시","S090001377","의왕부곡중학교","03","공립","N","","8","206","25.8","8","195","24.4","6","163","27.2","2","12","6","0","0","0","24","576","24","43","13.4"
"경기도교육청","경기도군포의왕교육지원청","경기도 의왕시","S090001378","의왕중학교","03","공립","N","","2","39","19.5","1","9","9","2","35","17.5","1","5","5","0","0","0","6","88","14.7","14","6.3"
"경기도교육청","경기도군포의왕교육지원청","경기도 군포시","S090001379","흥진중학교","03","공립","N","","6","170","28.3","5","132","26.4","6","154","25.7","1","7","7","0","0","0","18","463","25.7","33","14"
"경기도교육청","경기도김포교육지원청","경기도 김포시","S090001487","고촌중학교","03","공립","N","","9","286","31.8","7","230","32.9","6","168","28","1","6","6","0","0","0","23","690","30","41","16.8"
"경기도교육청","경기도김포교육지원청","경기도 김포시","S090001488","김포여자중학교","03","공립","N","","2","44","22","4","101","25.3","3","57","19","1","3","3","0","0","0","10","205","20.5","19","10.8"
"경기도교육청","경기도김포교육지원청","경기도 김포시","S090001489","금파중학교","03","공립","N","","11","362","32.9","11","347","31.5","11","337","30.6","1","6","6","0","0","0","34","1052","30.9","59","17.8"
"경기도교육청","경기도김포교육지원청","경기도 김포시","S090001490","김포중학교","03","공립","N","","5","164","32.8","3","89","29.7","3","84","28","1","6","6","0","0","0","12","343","28.6","20","17.2"
"경기도교육청","경기도김포교육지원청","경기도 김포시","S090001491","대곶중학교","03","공립","N","","2","35","17.5","2","47","23.5","2","43","21.5","1","5","5","1","2","2","8","132","16.5","17","7.8"
"경기도교육청","경기도김포교육지원청","경기도 김포시","S090001492","분진중학교","03","사립","N","","1","11","11","1","17","17","1","10","10","0","0","0","0","0","0","3","38","12.7","12","3.2"
"경기도교육청","경기도김포교육지원청","경기도 김포시","S090001493","양곡중학교","03","사립","N","","5","135","27","5","132","26.4","5","135","27","0","0","0","0","0","0","15","402","26.8","27","14.9"
"경기도교육청","경기도김포교육지원청","경기도 김포시","S090001494","장기중학교","03","공립","N","","12","428","35.7","12","420","35","12","396","33","1","6","6","0","0","0","37","1250","33.8","65","19.2"
"경기도교육청","경기도김포교육지원청","경기도 김포시","S090001495","통진중학교","03","사립","N","","6","167","27.8","6","162","27","6","164","27.3","2","9","4.5","0","0","0","20","502","25.1","37","13.6"
"경기도교육청","경기도김포교육지원청","경기도 김포시","S090001496","풍무중학교","03","공립","N","","12","394","32.8","12","373","31.1","12","370","30.8","2","8","4","0","0","0","38","1145","30.1","66","17.3"
"경기도교육청","경기도김포교육지원청","경기도 김포시","S090001497","하성중학교","03","공립","N","","2","36","18","2","42","21","2","36","18","1","6","6","0","0","0","7","120","17.1","15","8"
"경기도교육청","경기도구리남양주교육지원청","경기도 남양주시","S090001575","광동중학교","03","사립","N","","8","214","26.8","7","193","27.6","8","218","27.3","0","0","0","0","0","0","23","625","27.2","40","15.6"
"경기도교육청","경기도구리남양주교육지원청","경기도 구리시","S090001576","교문중학교","03","공립","N","","6","149","24.8","6","154","25.7","6","157","26.2","2","7","3.5","0","0","0","20","467","23.4","34","13.7"
"경기도교육청","경기도구리남양주교육지원청","경기도 구리시","S090001577","구리중학교","03","공립","N","","3","57","19","3","54","18","3","73","24.3","1","5","5","0","0","0","10","189","18.9","19","9.9"
"경기도교육청","경기도구리남양주교육지원청","경기도 구리시","S090001578","구리여자중학교","03","공립","N","","3","58","19.3","3","58","19.3","3","74","24.7","3","18","6","0","0","0","12","208","17.3","24","8.7"
"경기도교육청","경기도구리남양주교육지원청","경기도 남양주시","S090001579","금곡중학교","03","공립","N","","3","68","22.7","3","65","21.7","4","87","21.8","1","6","6","0","0","0","11","226","20.5","20","11.3"
"경기도교육청","경기도구리남양주교육지원청","경기도 남양주시","S090001581","덕소중학교","03","공립","N","","7","189","27","6","163","27.2","7","189","27","2","11","5.5","0","0","0","22","552","25.1","40","13.8"
"경기도교육청","경기도구리남양주교육지원청","경기도 남양주시","S090001582","도농중학교","03","공립","N","","8","215","26.9","8","222","27.8","6","161","26.8","2","14","7","0","0","0","24","612","25.5","42","14.6"
"경기도교육청","경기도구리남양주교육지원청","경기도 구리시","S090001583","동구중학교","03","공립","N","","9","239","26.6","9","229","25.4","10","254","25.4","1","4","4","0","0","0","29","726","25","51","14.2"
"경기도교육청","경기도구리남양주교육지원청","경기도 남양주시","S090001584","동화중학교","03","사립","N","","6","174","29","7","193","27.6","7","188","26.9","0","0","0","0","0","0","20","555","27.8","35","15.9"
"경기도교육청","경기도구리남양주교육지원청","경기도 남양주시","S090001585","마석중학교","03","공립","N","","9","294","32.7","11","353","32.1","10","302","30.2","2","11","5.5","0","0","0","32","960","30","55","17.5"
"경기도교육청","경기도구리남양주교육지원청","경기도 남양주시","S090001586","미금중학교","03","공립","N","","5","144","28.8","4","113","28.3","5","136","27.2","0","0","0","0","0","0","14","393","28.1","25","15.7"
"경기도교육청","경기도구리남양주교육지원청","경기도 남양주시","S090001587","별내중학교","03","공립","N","","6","142","23.7","6","144","24","6","151","25.2","1","6","6","0","0","0","19","443","23.3","33","13.4"
"경기도교육청","경기도구리남양주교육지원청","경기도 남양주시","S090001588","수동중학교","03","사립","N","","2","27","13.5","2","41","20.5","2","31","15.5","1","6","6","0","0","0","7","105","15","15","7"
"경기도교육청","경기도구리남양주교육지원청","경기도 남양주시","S090001589","심석중학교","03","사립","N","","8","264","33","9","283","31.4","8","259","32.4","0","0","0","0","0","0","25","806","32.2","46","17.5"
"경기도교육청","경기도구리남양주교육지원청","경기도 남양주시","S090001590","오남중학교","03","공립","N","","5","111","22.2","5","117","23.4","6","153","25.5","1","4","4","0","0","0","17","385","22.6","29","13.3"
"경기도교육청","경기도구리남양주교육지원청","경기도 남양주시","S090001591","와부중학교","03","공립","N","","8","223","27.9","8","221","27.6","9","230","25.6","1","8","8","0","0","0","26","682","26.2","47","14.5"
"경기도교육청","경기도구리남양주교육지원청","경기도 남양주시","S090001592","연세중학교","03","사립","N","","1","22","22","1","23","23","1","20","20","0","0","0","0","0","0","3","65","21.7","12","5.4"
"경기도교육청","경기도구리남양주교육지원청","경기도 구리시","S090001593","인창중학교","03","공립","N","","10","274","27.4","11","300","27.3","10","259","25.9","2","15","7.5","0","0","0","33","848","25.7","58","14.6"
"경기도교육청","경기도구리남양주교육지원청","경기도 구리시","S090001594","장자중학교","03","공립","N","","7","196","28","6","162","27","8","221","27.6","0","0","0","0","0","0","21","579","27.6","38","15.2"
"경기도교육청","경기도구리남양주교육지원청","경기도 남양주시","S090001595","진건중학교","03","공립","N","","5","130","26","5","123","24.6","6","135","22.5","2","7","3.5","0","0","0","18","395","21.9","30","13.2"
"경기도교육청","경기도구리남양주교육지원청","경기도 구리시","S090001596","토평중학교","03","공립","N","","6","151","25.2","6","148","24.7","6","152","25.3","3","18","6","0","0","0","21","469","22.3","37","12.7"
"경기도교육청","경기도구리남양주교육지원청","경기도 남양주시","S090001597","퇴계원중학교","03","공립","N","","7","177","25.3","8","204","25.5","7","190","27.1","3","16","5.3","0","0","0","25","587","23.5","43","13.7"
"경기도교육청","경기도구리남양주교육지원청","경기도 남양주시","S090001598","호평중학교","03","공립","N","","10","295","29.5","11","308","28","8","237","29.6","1","7","7","0","0","0","30","847","28.2","53","16"
"경기도교육청","경기도구리남양주교육지원청","경기도 남양주시","S090001599","화광중학교","03","공립","N","","4","132","33","4","132","33","5","140","28","0","0","0","0","0","0","13","404","31.1","24","16.8"
"경기도교육청","경기도동두천양주교육지원청","경기도 양주시","S090001771","고암중학교","03","공립","N","","8","205","25.6","8","214","26.8","6","164","27.3","0","0","0","0","0","0","22","583","26.5","39","14.9"
"경기도교육청","경기도동두천양주교육지원청","경기도 양주시","S090001772","남문중학교","03","사립","N","","3","81","27","3","54","18","3","67","22.3","0","0","0","0","0","0","9","202","22.4","20","10.1"
"경기도교육청","경기도동두천양주교육지원청","경기도 양주시","S090001773","덕계중학교","03","공립","N","","10","260","26","9","241","26.8","8","204","25.5","3","21","7","0","0","0","30","726","24.2","55","13.2"
"경기도교육청","경기도동두천양주교육지원청","경기도 양주시","S090001774","덕정중학교","03","공립","N","","5","125","25","4","107","26.8","5","133","26.6","1","7","7","0","0","0","15","372","24.8","26","14.3"
"경기도교육청","경기도동두천양주교육지원청","경기도 동두천시","S090001775","동두천여자중학교","03","사립","N","","4","93","23.3","4","95","23.8","5","114","22.8","0","0","0","0","0","0","13","302","23.2","23","13.1"
"경기도교육청","경기도동두천양주교육지원청","경기도 동두천시","S090001777","동두천중학교","03","사립","N","","4","91","22.8","3","66","22","4","91","22.8","0","0","0","0","0","0","11","248","22.5","19","13.1"
"경기도교육청","경기도동두천양주교육지원청","경기도 동두천시","S090001778","한빛누리중학교","03","사립","N","","4","103","25.8","5","127","25.4","5","121","24.2","1","7","7","0","0","0","15","358","23.9","26","13.8"
"경기도교육청","경기도동두천양주교육지원청","경기도 동두천시","S090001779","신흥중학교","03","사립","N","","4","106","26.5","4","106","26.5","5","123","24.6","0","0","0","0","0","0","13","335","25.8","24","14"
"경기도교육청","경기도동두천양주교육지원청","경기도 양주시","S090001780","양주백석중학교","03","공립","N","","7","174","24.9","8","204","25.5","7","187","26.7","2","11","5.5","1","2","2","25","578","23.1","43","13.4"
"경기도교육청","경기도동두천양주교육지원청","경기도 양주시","S090001781","조양중학교","03","사립","N","","4","98","24.5","3","78","26","3","77","25.7","1","5","5","0","0","0","11","258","23.5","20","12.9"
"경기도교육청","경기도부천교육지원청","경기도 부천시 원미구","S090001873","계남중학교","03","공립","N","","8","224","28","6","168","28","6","166","27.7","0","0","0","0","0","0","20","558","27.9","35","15.9"
"경기도교육청","경기도부천교육지원청","경기도 부천시 오정구","S090001874","내동중학교","03","공립","N","","3","66","22","3","57","19","2","51","25.5","1","5","5","1","3","3","10","182","18.2","18","10.1"
"경기도교육청","경기도부천교육지원청","경기도 부천시 오정구","S090001878","덕산중학교","03","공립","N","","10","276","27.6","10","266","26.6","10","262","26.2","2","9","4.5","0","0","0","32","813","25.4","55","14.8"
"경기도교육청","경기도부천교육지원청","경기도 부천시 원미구","S090001882","부명중학교","03","공립","N","","7","192","27.4","7","190","27.1","8","220","27.5","2","13","6.5","0","0","0","24","615","25.6","42","14.6"
"경기도교육청","경기도부천교육지원청","경기도 부천시 원미구","S090001883","부인중학교","03","공립","N","","5","122","24.4","5","130","26","6","149","24.8","1","5","5","0","0","0","17","406","23.9","29","14"
"경기도교육청","경기도부천교육지원청","경기도 부천시 소사구","S090001884","부일중학교","03","공립","N","","4","114","28.5","3","72","24","4","100","25","1","4","4","0","0","0","12","290","24.2","20","14.5"
"경기도교육청","경기도부천교육지원청","경기도 부천시 소사구","S090001885","부천남중학교","03","공립","N","","6","165","27.5","6","157","26.2","7","192","27.4","3","18","6","0","0","0","22","532","24.2","37","14.4"
"경기도교육청","경기도부천교육지원청","경기도 부천시 소사구","S090001886","부천동여자중학교","03","공립","N","","2","61","30.5","3","62","20.7","3","65","21.7","0","0","0","0","0","0","8","188","23.5","16","11.8"
"경기도교육청","경기도부천교육지원청","경기도 부천시 소사구","S090001887","부천동중학교","03","공립","N","","2","60","30","3","79","26.3","3","79","26.3","0","0","0","0","0","0","8","218","27.3","16","13.6"
"경기도교육청","경기도부천교육지원청","경기도 부천시 원미구","S090001888","부천부곡중학교","03","공립","N","","4","112","28","5","136","27.2","5","131","26.2","2","8","4","0","0","0","16","387","24.2","27","14.3"
"경기도교육청","경기도부천교육지원청","경기도 부천시 원미구","S090001889","부천부흥중학교","03","공립","N","","5","137","27.4","5","128","25.6","5","120","24","2","9","4.5","0","0","0","17","394","23.2","28","14.1"
"경기도교육청","경기도부천교육지원청","경기도 부천시 오정구","S090001892","부천여월중학교","03","공립","N","","5","135","27","6","154","25.7","6","155","25.8","2","12","6","0","0","0","19","456","24","33","13.8"
"경기도교육청","경기도부천교육지원청","경기도 부천시 소사구","S090001893","부천여자중학교","03","공립","N","","6","153","25.5","6","163","27.2","6","151","25.2","0","0","0","0","0","0","18","467","25.9","33","14.2"
"경기도교육청","경기도부천교육지원청","경기도 부천시 원미구","S090001894","부천중학교","03","공립","N","","10","279","27.9","10","266","26.6","9","241","26.8","2","9","4.5","0","0","0","31","795","25.6","51","15.6"
"경기도교육청","경기도부천교육지원청","경기도 부천시 원미구","S090001896","상도중학교","03","공립","N","","6","167","27.8","6","152","25.3","7","184","26.3","1","3","3","0","0","0","20","506","25.3","34","14.9"
"경기도교육청","경기도부천교육지원청","경기도 부천시 원미구","S090001897","상동중학교","03","공립","N","","4","115","28.8","4","111","27.8","4","111","27.8","1","4","4","0","0","0","13","341","26.2","22","15.5"
"경기도교육청","경기도부천교육지원청","경기도 부천시 원미구","S090001898","상일중학교","03","공립","N","","9","256","28.4","9","255","28.3","10","260","26","1","5","5","0","0","0","29","776","26.8","52","14.9"
"경기도교육청","경기도부천교육지원청","경기도 부천시 원미구","S090001899","석천중학교","03","공립","N","","12","345","28.8","12","339","28.3","12","339","28.3","2","11","5.5","0","0","0","38","1034","27.2","65","15.9"
"경기도교육청","경기도부천교육지원청","경기도 부천시 오정구","S090001900","성곡중학교","03","공립","N","","5","115","23","6","154","25.7","6","148","24.7","2","8","4","0","0","0","19","425","22.4","32","13.3"
"경기도교육청","경기도부천교육지원청","경기도 부천시 소사구","S090001901","성주중학교","03","공립","N","","7","191","27.3","8","208","26","8","208","26","1","7","7","0","0","0","24","614","25.6","41","15"
"경기도교육청","경기도부천교육지원청","경기도 부천시 원미구","S090001902","소명여자중학교","03","사립","N","","4","111","27.8","4","109","27.3","4","98","24.5","1","7","7","0","0","0","13","325","25","23","14.1"
"경기도교육청","경기도부천교육지원청","경기도 부천시 소사구","S090001903","소사중학교","03","공립","N","","6","180","30","5","144","28.8","5","140","28","2","10","5","0","0","0","18","474","26.3","31","15.3"
"경기도교육청","경기도부천교육지원청","경기도 부천시 원미구","S090001905","심원중학교","03","공립","N","","8","221","27.6","7","192","27.4","7","189","27","2","12","6","0","0","0","24","614","25.6","42","14.6"
"경기도교육청","경기도부천교육지원청","경기도 부천시 원미구","S090001906","역곡중학교","03","공립","N","","9","247","27.4","9","230","25.6","8","223","27.9","2","10","5","0","0","0","28","710","25.4","48","14.8"
"경기도교육청","경기도부천교육지원청","경기도 부천시 원미구","S090001911","중원중학교","03","공립","N","","6","145","24.2","7","168","24","7","169","24.1","2","14","7","0","0","0","22","496","22.5","38","13.1"
"경기도교육청","경기도부천교육지원청","경기도 부천시 원미구","S090001912","중흥중학교","03","공립","N","","9","252","28","9","253","28.1","9","251","27.9","0","0","0","0","0","0","27","756","28","47","16.1"
"경기도교육청","경기도성남교육지원청","경기도 성남시 중원구","S090002174","금광중학교","03","공립","N","","6","164","27.3","7","185","26.4","7","194","27.7","2","11","5.5","0","0","0","22","554","25.2","38","14.6"
"경기도교육청","경기도성남교육지원청","경기도 성남시 분당구","S090002176","내정중학교","03","공립","N","","10","319","31.9","10","314","31.4","11","343","31.2","0","0","0","0","0","0","31","976","31.5","54","18.1"
"경기도교육청","경기도성남교육지원청","경기도 성남시 중원구","S090002177","대원중학교","03","공립","N","","3","74","24.7","3","70","23.3","3","64","21.3","0","0","0","0","0","0","9","208","23.1","18","11.6"
"경기도교육청","경기도성남교육지원청","경기도 성남시 분당구","S090002178","매송중학교","03","공립","N","","5","153","30.6","5","156","31.2","6","175","29.2","0","0","0","0","0","0","16","484","30.3","28","17.3"
"경기도교육청","경기도성남교육지원청","경기도 성남시 분당구","S090002180","백현중학교","03","공립","N","","7","221","31.6","9","285","31.7","8","253","31.6","1","5","5","0","0","0","25","764","30.6","43","17.8"
"경기도교육청","경기도성남교육지원청","경기도 성남시 분당구","S090002181","분당중학교","03","공립","N","","4","128","32","4","123","30.8","5","157","31.4","1","4","4","0","0","0","14","412","29.4","25","16.5"
"경기도교육청","경기도성남교육지원청","경기도 성남시 분당구","S090002182","불곡중학교","03","공립","N","","7","220","31.4","8","245","30.6","8","252","31.5","1","5","5","0","0","0","24","722","30.1","42","17.2"
"경기도교육청","경기도성남교육지원청","경기도 성남시 수정구","S090002183","상원여자중학교","03","공립","N","","4","88","22","3","58","19.3","4","86","21.5","0","0","0","0","0","0","11","232","21.1","20","11.6"
"경기도교육청","경기도성남교육지원청","경기도 성남시 분당구","S090002184","서현중학교","03","공립","N","","12","382","31.8","11","349","31.7","12","383","31.9","1","1","1","0","0","0","36","1115","31","62","18"
"경기도교육청","경기도성남교육지원청","경기도 성남시 중원구","S090002185","성남동중학교","03","공립","N","","7","183","26.1","7","193","27.6","8","195","24.4","2","13","6.5","0","0","0","24","584","24.3","42","13.9"
"경기도교육청","경기도성남교육지원청","경기도 성남시 수정구","S090002186","성남문원중학교","03","공립","N","","3","55","18.3","3","58","19.3","3","60","20","1","4","4","0","0","0","10","177","17.7","19","9.3"
"경기도교육청","경기도성남교육지원청","경기도 성남시 수정구","S090002187","성남서중학교","03","공립","N","","7","190","27.1","7","183","26.1","7","181","25.9","2","15","7.5","1","1","1","24","570","23.8","42","13.6"
"경기도교육청","경기도성남교육지원청","경기도 성남시 수정구","S090002188","성남여자중학교","03","공립","N","","6","160","26.7","5","117","23.4","6","144","24","2","11","5.5","0","0","0","19","432","22.7","33","13.1"
"경기도교육청","경기도성남교육지원청","경기도 성남시 중원구","S090002189","성남중학교","03","공립","N","","3","82","27.3","3","64","21.3","3","56","18.7","0","0","0","0","0","0","9","202","22.4","18","11.2"
"경기도교육청","경기도성남교육지원청","경기도 성남시 중원구","S090002190","동광중학교","03","사립","N","","4","87","21.8","3","59","19.7","3","68","22.7","1","10","10","0","0","0","11","224","20.4","21","10.7"
"경기도교육청","경기도성남교육지원청","경기도 성남시 중원구","S090002191","성일중학교","03","사립","N","","8","221","27.6","8","223","27.9","8","226","28.3","0","0","0","0","0","0","24","670","27.9","42","16"
"경기도교육청","경기도성남교육지원청","경기도 성남시 분당구","S090002192","송림중학교","03","사립","N","","3","96","32","3","99","33","4","110","27.5","0","0","0","0","0","0","10","305","30.5","19","16.1"
"경기도교육청","경기도성남교육지원청","경기도 성남시 분당구","S090002193","수내중학교","03","공립","N","","11","351","31.9","11","352","32","11","362","32.9","0","0","0","0","0","0","33","1065","32.3","59","18.1"
"경기도교육청","경기도성남교육지원청","경기도 성남시 중원구","S090002194","숭신중학교","03","사립","N","","2","52","26","3","60","20","3","62","20.7","0","0","0","0","0","0","8","174","21.8","16","10.9"
"경기도교육청","경기도성남교육지원청","경기도 성남시 분당구","S090002195","야탑중학교","03","공립","N","","9","283","31.4","9","280","31.1","9","283","31.4","2","10","5","0","0","0","29","856","29.5","51","16.8"
"경기도교육청","경기도성남교육지원청","경기도 성남시 분당구","S090002196","양영중학교","03","공립","N","","7","225","32.1","8","249","31.1","7","221","31.6","1","1","1","0","0","0","23","696","30.3","40","17.4"
"경기도교육청","경기도성남교육지원청","경기도 성남시 중원구","S090002198","영성중학교","03","공립","N","","3","73","24.3","3","67","22.3","3","72","24","2","8","4","0","0","0","11","220","20","20","11"
"경기도교육청","경기도성남교육지원청","경기도 성남시 중원구","S090002199","은행중학교","03","공립","N","","3","82","27.3","4","102","25.5","5","128","25.6","2","8","4","0","0","0","14","320","22.9","25","12.8"
"경기도교육청","경기도성남교육지원청","경기도 성남시 분당구","S090002200","이매중학교","03","공립","N","","10","320","32","10","318","31.8","9","291","32.3","0","0","0","0","0","0","29","929","32","52","17.9"
"경기도교육청","경기도성남교육지원청","경기도 성남시 분당구","S090002201","장안중학교","03","공립","N","","6","174","29","4","109","27.3","5","130","26","0","0","0","0","0","0","15","413","27.5","27","15.3"
"경기도교육청","경기도성남교육지원청","경기도 성남시 분당구","S090002202","정자중학교","03","공립","N","","5","159","31.8","3","94","31.3","4","126","31.5","1","5","5","0","0","0","13","384","29.5","22","17.5"
"경기도교육청","경기도성남교육지원청","경기도 성남시 수정구","S090002206","태평중학교","03","공립","N","","7","175","25","7","184","26.3","8","206","25.8","2","12","6","0","0","0","24","577","24","41","14.1"
"경기도교육청","경기도성남교육지원청","경기도 성남시 수정구","S090002207","풍생중학교","03","사립","N","","5","137","27.4","5","135","27","5","137","27.4","0","0","0","0","0","0","15","409","27.3","26","15.7"
"경기도교육청","경기도성남교육지원청","경기도 성남시 분당구","S090002208","하탑중학교","03","공립","N","","5","152","30.4","5","138","27.6","6","164","27.3","2","9","4.5","0","0","0","18","463","25.7","30","15.4"
"경기도교육청","경기도수원교육지원청","경기도 수원시 권선구","S090002406","고색중학교","03","공립","N","","3","67","22.3","4","87","21.8","3","60","20","3","13","4.3","1","4","4","14","231","16.5","24","9.6"
"경기도교육청","경기도수원교육지원청","경기도 수원시 권선구","S090002407","곡선중학교","03","공립","N","","3","67","22.3","3","74","24.7","4","105","26.3","2","11","5.5","1","2","2","13","259","19.9","23","11.3"
"경기도교육청","경기도수원교육지원청","경기도 수원시 권선구","S090002408","구운중학교","03","공립","N","","6","164","27.3","7","177","25.3","7","181","25.9","1","9","9","0","0","0","21","531","25.3","39","13.6"
"경기도교육청","경기도수원교육지원청","경기도 수원시 권선구","S090002409","권선중학교","03","공립","N","","4","81","20.3","4","83","20.8","4","93","23.3","2","8","4","0","0","0","14","265","18.9","25","10.6"
"경기도교육청","경기도수원교육지원청","경기도 수원시 권선구","S090002410","남수원중학교","03","공립","N","","10","325","32.5","11","362","32.9","10","299","29.9","1","5","5","0","0","0","32","991","31","56","17.7"
"경기도교육청","경기도수원교육지원청","경기도 수원시 장안구","S090002411","대평중학교","03","공립","N","","12","379","31.6","12","383","31.9","13","395","30.4","1","8","8","0","0","0","38","1165","30.7","70","16.6"
"경기도교육청","경기도수원교육지원청","경기도 수원시 팔달구","S090002412","동성중학교","03","공립","N","","7","203","29","6","160","26.7","6","172","28.7","0","0","0","0","0","0","19","535","28.2","34","15.7"
"경기도교육청","경기도수원교육지원청","경기도 수원시 영통구","S090002413","동수원중학교","03","공립","N","","7","201","28.7","8","227","28.4","7","200","28.6","0","0","0","0","0","0","22","628","28.5","39","16.1"
"경기도교육청","경기도수원교육지원청","경기도 수원시 영통구","S090002414","매원중학교","03","공립","N","","4","111","27.8","6","160","26.7","5","140","28","1","3","3","0","0","0","16","414","25.9","27","15.3"
"경기도교육청","경기도수원교육지원청","경기도 수원시 팔달구","S090002415","매향중학교","03","사립","N","","4","120","30","6","164","27.3","6","158","26.3","0","0","0","0","0","0","16","442","27.6","30","14.7"
"경기도교육청","경기도수원교육지원청","경기도 수원시 영통구","S090002416","매현중학교","03","공립","N","","5","134","26.8","6","152","25.3","6","154","25.7","1","4","4","0","0","0","18","444","24.7","34","13.1"
"경기도교육청","경기도수원교육지원청","경기도 수원시 장안구","S090002417","명인중학교","03","공립","N","","10","317","31.7","10","316","31.6","10","290","29","1","8","8","1","4","4","32","935","29.2","57","16.4"
"경기도교육청","경기도수원교육지원청","경기도 수원시 장안구","S090002418","송원중학교","03","공립","N","","5","137","27.4","5","135","27","4","101","25.3","0","0","0","0","0","0","14","373","26.6","27","13.8"
"경기도교육청","경기도수원교육지원청","경기도 수원시 영통구","S090002419","산남중학교","03","공립","N","","10","271","27.1","8","224","28","10","266","26.6","2","14","7","1","3","3","31","778","25.1","54","14.4"
"경기도교육청","경기도수원교육지원청","경기도 수원시 팔달구","S090002420","삼일중학교","03","사립","N","","5","152","30.4","6","171","28.5","5","137","27.4","0","0","0","0","0","0","16","460","28.8","29","15.9"
"경기도교육청","경기도수원교육지원청","경기도 수원시 장안구","S090002421","창용중학교","03","공립","N","","1","22","22","1","19","19","1","17","17","1","8","8","0","0","0","4","66","16.5","13","5.1"
"경기도교육청","경기도수원교육지원청","경기도 수원시 장안구","S090002422","수성중학교","03","공립","N","","5","149","29.8","4","119","29.8","5","136","27.2","0","0","0","0","0","0","14","404","28.9","26","15.5"
"경기도교육청","경기도수원교육지원청","경기도 수원시 장안구","S090002423","수원북중학교","03","공립","N","","3","72","24","3","72","24","3","73","24.3","3","14","4.7","0","0","0","12","231","19.3","25","9.2"
"경기도교육청","경기도수원교육지원청","경기도 수원시 팔달구","S090002424","수원제일중학교","03","공립","N","","1","25","25","2","41","20.5","2","23","11.5","2","13","6.5","0","0","0","7","102","14.6","16","6.4"
"경기도교육청","경기도수원교육지원청","경기도 수원시 팔달구","S090002425","수원중학교","03","사립","N","","6","186","31","8","224","28","7","213","30.4","0","0","0","0","0","0","21","623","29.7","36","17.3"
"경기도교육청","경기도수원교육지원청","경기도 수원시 장안구","S090002426","수일여자중학교","03","공립","N","","5","145","29","4","94","23.5","4","117","29.3","0","0","0","0","0","0","13","356","27.4","23","15.5"
"경기도교육청","경기도수원교육지원청","경기도 수원시 장안구","S090002427","수일중학교","03","공립","N","","2","53","26.5","2","42","21","3","62","20.7","0","0","0","0","0","0","7","157","22.4","15","10.5"
"경기도교육청","경기도수원교육지원청","경기도 수원시 팔달구","S090002428","숙지중학교","03","공립","N","","7","205","29.3","7","202","28.9","7","201","28.7","3","16","5.3","0","0","0","24","624","26","40","15.6"
"경기도교육청","경기도수원교육지원청","경기도 수원시 영통구","S090002429","연무중학교","03","공립","N","","10","328","32.8","12","394","32.8","11","359","32.6","1","4","4","0","0","0","34","1085","31.9","60","18.1"
"경기도교육청","경기도수원교육지원청","경기도 수원시 영통구","S090002430","영덕중학교","03","공립","N","","10","312","31.2","10","305","30.5","10","304","30.4","1","3","3","1","3","3","32","927","29","55","16.9"
"경기도교육청","경기도수원교육지원청","경기도 수원시 팔달구","S090002431","영복여자중학교","03","사립","N","","5","153","30.6","5","148","29.6","6","175","29.2","0","0","0","0","0","0","16","476","29.8","31","15.4"
"경기도교육청","경기도수원교육지원청","경기도 수원시 권선구","S090002432","영신중학교","03","사립","N","","9","231","25.7","8","201","25.1","8","207","25.9","0","0","0","0","0","0","25","639","25.6","44","14.5"
"경기도교육청","경기도수원교육지원청","경기도 수원시 영통구","S090002433","영일중학교","03","공립","N","","7","214","30.6","6","177","29.5","8","233","29.1","0","0","0","0","0","0","21","624","29.7","38","16.4"
"경기도교육청","경기도수원교육지원청","경기도 수원시 영통구","S090002434","영통중학교","03","공립","N","","3","57","19","3","69","23","4","89","22.3","1","3","3","0","0","0","11","218","19.8","20","10.9"
"경기도교육청","경기도수원교육지원청","경기도 수원시 영통구","S090002435","원천중학교","03","공립","N","","2","37","18.5","2","31","15.5","2","48","24","2","9","4.5","0","0","0","8","125","15.6","17","7.4"
"경기도교육청","경기도수원교육지원청","경기도 수원시 장안구","S090002436","율전중학교","03","공립","N","","3","74","24.7","4","98","24.5","4","97","24.3","1","4","4","0","0","0","12","273","22.8","20","13.7"
"경기도교육청","경기도수원교육지원청","경기도 수원시 팔달구","S090002437","율현중학교","03","공립","N","","9","252","28","9","250","27.8","10","264","26.4","0","0","0","0","0","0","28","766","27.4","50","15.3"
"경기도교육청","경기도수원교육지원청","경기도 수원시 장안구","S090002438","이목중학교","03","공립","N","","9","284","31.6","9","280","31.1","9","280","31.1","1","5","5","0","0","0","28","849","30.3","49","17.3"
"경기도교육청","경기도수원교육지원청","경기도 수원시 장안구","S090002439","천천중학교","03","공립","N","","10","320","32","10","321","32.1","12","357","29.8","0","0","0","0","0","0","32","998","31.2","56","17.8"
"경기도교육청","경기도수원교육지원청","경기도 수원시 영통구","S090002440","청명중학교","03","공립","N","","7","198","28.3","7","215","30.7","5","153","30.6","1","2","2","0","0","0","20","568","28.4","36","15.8"
"경기도교육청","경기도수원교육지원청","경기도 수원시 영통구","S090002441","태장중학교","03","공립","N","","7","204","29.1","7","209","29.9","7","206","29.4","2","7","3.5","0","0","0","23","626","27.2","41","15.3"
"경기도교육청","경기도수원교육지원청","경기도 수원시 권선구","S090002442","호매실중학교","03","공립","N","","10","345","34.5","10","307","30.7","8","233","29.1","1","9","9","0","0","0","29","894","30.8","51","17.5"
"경기도교육청","경기도수원교육지원청","경기도 수원시 권선구","S090002443","화홍중학교","03","공립","N","","9","297","33","9","296","32.9","9","289","32.1","0","0","0","0","0","0","27","882","32.7","47","18.8"
"경기도교육청","경기도안산교육지원청","경기도 안산시 상록구","S090002683","경수중학교","03","공립","N","","6","141","23.5","6","155","25.8","6","150","25","2","14","7","0","0","0","20","460","23","35","13.1"
"경기도교육청","경기도안산교육지원청","경기도 안산시 단원구","S090002684","관산중학교","03","공립","N","","4","71","17.8","4","69","17.3","8","141","17.6","0","0","0","0","0","0","16","281","17.6","28","10"
"경기도교육청","경기도시흥교육지원청","경기도 시흥시","S090002685","군자중학교","03","공립","N","","7","194","27.7","7","187","26.7","7","177","25.3","3","14","4.7","1","3","3","25","575","23","43","13.4"
"경기도교육청","경기도안산교육지원청","경기도 안산시 단원구","S090002686","대부중학교","03","공립","N","","2","34","17","1","21","21","2","37","18.5","1","3","3","1","3","3","7","98","14","15","6.5"
"경기도교육청","경기도시흥교육지원청","경기도 시흥시","S090002687","대흥중학교","03","공립","N","","2","56","28","4","116","29","5","126","25.2","1","7","7","0","0","0","12","305","25.4","21","14.5"
"경기도교육청","경기도안산교육지원청","경기도 안산시 상록구","S090002688","반월중학교","03","공립","N","","4","105","26.3","4","92","23","5","124","24.8","1","3","3","0","0","0","14","324","23.1","24","13.5"
"경기도교육청","경기도안산교육지원청","경기도 안산시 단원구","S090002689","별망중학교","03","공립","N","","7","178","25.4","7","177","25.3","6","156","26","2","11","5.5","0","0","0","22","522","23.7","37","14.1"
"경기도교육청","경기도안산교육지원청","경기도 안산시 상록구","S090002690","본오중학교","03","공립","N","","8","231","28.9","10","276","27.6","10","284","28.4","3","17","5.7","0","0","0","31","808","26.1","53","15.2"
"경기도교육청","경기도안산교육지원청","경기도 안산시 상록구","S090002691","상록중학교","03","공립","N","","6","161","26.8","7","193","27.6","6","172","28.7","2","8","4","0","0","0","21","534","25.4","34","15.7"
"경기도교육청","경기도시흥교육지원청","경기도 시흥시","S090002692","서해중학교","03","공립","N","","10","283","28.3","7","199","28.4","9","242","26.9","2","12","6","0","0","0","28","736","26.3","49","15"
"경기도교육청","경기도안산교육지원청","경기도 안산시 단원구","S090002693","선부중학교","03","공립","N","","7","200","28.6","7","192","27.4","6","168","28","3","16","5.3","0","0","0","23","576","25","39","14.8"
"경기도교육청","경기도안산교육지원청","경기도 안산시 상록구","S090002694","성안중학교","03","공립","N","","7","158","22.6","7","188","26.9","8","244","30.5","2","13","6.5","0","0","0","24","603","25.1","43","14"
"경기도교육청","경기도시흥교육지원청","경기도 시흥시","S090002695","한국글로벌중학교","03","사립","N","","2","58","29","2","53","26.5","2","59","29.5","1","1","1","0","0","0","7","171","24.4","16","10.7"
"경기도교육청","경기도안산교육지원청","경기도 안산시 상록구","S090002696","성포중학교","03","공립","N","","6","166","27.7","6","164","27.3","6","158","26.3","1","5","5","1","4","4","20","497","24.9","34","14.6"
"경기도교육청","경기도시흥교육지원청","경기도 시흥시","S090002697","소래중학교","03","공립","N","","12","362","30.2","10","302","30.2","10","297","29.7","2","9","4.5","0","0","0","34","970","28.5","57","17"
"경기도교육청","경기도시흥교육지원청","경기도 시흥시","S090002698","송운중학교","03","공립","N","","6","164","27.3","7","192","27.4","5","124","24.8","2","8","4","0","0","0","20","488","24.4","34","14.4"
"경기도교육청","경기도안산교육지원청","경기도 안산시 단원구","S090002699","송호중학교","03","공립","N","","6","159","26.5","7","193","27.6","7","187","26.7","1","3","3","0","0","0","21","542","25.8","37","14.6"
"경기도교육청","경기도안산교육지원청","경기도 안산시 상록구","S090002700","시곡중학교","03","공립","N","","10","292","29.2","10","281","28.1","11","305","27.7","3","18","6","1","3","3","35","899","25.7","58","15.5"
"경기도교육청","경기도시흥교육지원청","경기도 시흥시","S090002701","시흥은행중학교","03","공립","N","","12","368","30.7","11","332","30.2","11","326","29.6","2","7","3.5","0","0","0","36","1033","28.7","64","16.1"
"경기도교육청","경기도시흥교육지원청","경기도 시흥시","S090002702","시흥중학교","03","공립","N","","7","186","26.6","8","225","28.1","6","168","28","3","17","5.7","0","0","0","24","596","24.8","42","14.2"
"경기도교육청","경기도시흥교육지원청","경기도 시흥시","S090002703","신천중학교","03","공립","N","","3","75","25","4","83","20.8","3","64","21.3","4","15","3.8","0","0","0","14","237","16.9","25","9.5"
"경기도교육청","경기도안산교육지원청","경기도 안산시 상록구","S090002704","안산부곡중학교","03","공립","N","","5","138","27.6","5","124","24.8","6","154","25.7","2","14","7","0","0","0","18","430","23.9","31","13.9"
"경기도교육청","경기도안산교육지원청","경기도 안산시 상록구","S090002705","안산중학교","03","사립","N","","3","64","21.3","3","63","21","3","64","21.3","0","0","0","0","0","0","9","191","21.2","19","10.1"
"경기도교육청","경기도안산교육지원청","경기도 안산시 단원구","S090002706","양지중학교","03","공립","N","","11","294","26.7","11","302","27.5","12","331","27.6","0","0","0","0","0","0","34","927","27.3","60","15.5"
"경기도교육청","경기도시흥교육지원청","경기도 시흥시","S090002707","연성중학교","03","공립","N","","5","130","26","5","123","24.6","6","151","25.2","2","10","5","0","0","0","18","414","23","31","13.4"
"경기도교육청","경기도안산교육지원청","경기도 안산시 단원구","S090002708","와동중학교","03","공립","N","","6","164","27.3","6","138","23","6","135","22.5","3","19","6.3","0","0","0","21","456","21.7","36","12.7"
"경기도교육청","경기도안산교육지원청","경기도 안산시 단원구","S090002709","원곡중학교","03","공립","N","","11","337","30.6","12","368","30.7","12","365","30.4","2","13","6.5","0","0","0","37","1083","29.3","64","16.9"
"경기도교육청","경기도안산교육지원청","경기도 안산시 단원구","S090002710","원일중학교","03","공립","N","","9","273","30.3","9","265","29.4","9","261","29","2","15","7.5","0","0","0","29","814","28.1","50","16.3"
"경기도교육청","경기도시흥교육지원청","경기도 시흥시","S090002711","장곡중학교","03","공립","N","","8","210","26.3","5","138","27.6","8","209","26.1","2","9","4.5","0","0","0","23","566","24.6","40","14.2"
"경기도교육청","경기도시흥교육지원청","경기도 시흥시","S090002712","정왕중학교","03","공립","N","","7","199","28.4","7","199","28.4","8","225","28.1","2","13","6.5","0","0","0","24","636","26.5","41","15.5"
"경기도교육청","경기도안산교육지원청","경기도 안산시 단원구","S090002713","중앙중학교","03","공립","N","","10","268","26.8","10","272","27.2","10","254","25.4","1","6","6","0","0","0","31","800","25.8","53","15.1"
"경기도교육청","경기도시흥교육지원청","경기도 시흥시","S090002714","함현중학교","03","공립","N","","7","198","28.3","6","160","26.7","7","181","25.9","1","5","5","0","0","0","21","544","25.9","36","15.1"
"경기도교육청","경기도안성교육지원청","경기도 안성시","S090002917","공도중학교","03","공립","N","","11","372","33.8","11","346","31.5","10","327","32.7","2","11","5.5","0","0","0","34","1056","31.1","57","18.5"
"경기도교육청","경기도안성교육지원청","경기도 안성시","S090002918","명륜여자중학교","03","사립","N","","5","145","29","5","143","28.6","5","143","28.6","0","0","0","0","0","0","15","431","28.7","27","16"
"경기도교육청","경기도안성교육지원청","경기도 안성시","S090002919","서운중학교","03","공립","N","","1","9","9","1","20","20","1","14","14","1","3","3","0","0","0","4","46","11.5","12","3.8"
"경기도교육청","경기도안성교육지원청","경기도 안성시","S090002920","안성여자중학교","03","공립","N","","7","203","29","7","194","27.7","6","162","27","2","9","4.5","0","0","0","22","568","25.8","36","15.8"
"경기도교육청","경기도안성교육지원청","경기도 안성시","S090002921","안성중학교","03","공립","N","","7","199","28.4","8","231","28.9","6","149","24.8","2","13","6.5","0","0","0","23","592","25.7","40","14.8"
"경기도교육청","경기도안성교육지원청","경기도 안성시","S090002922","안청중학교","03","사립","N","","5","144","28.8","5","145","29","5","134","26.8","0","0","0","0","0","0","15","423","28.2","26","16.3"
"경기도교육청","경기도안성교육지원청","경기도 안성시","S090002923","양성중학교","03","공립","N","","1","13","13","1","20","20","1","15","15","1","3","3","1","2","2","5","53","10.6","13","4.1"
"경기도교육청","경기도안성교육지원청","경기도 안성시","S090002924","일죽중학교","03","공립","N","","1","22","22","1","26","26","1","14","14","0","0","0","0","0","0","3","62","20.7","11","5.6"
"경기도교육청","경기도안성교육지원청","경기도 안성시","S090002925","죽산중학교","03","공립","N","","2","36","18","2","40","20","2","40","20","1","2","2","0","0","0","7","118","16.9","16","7.4"
"경기도교육청","경기도안양과천교육지원청","경기도 과천시","S090003014","과천문원중학교","03","공립","N","","13","401","30.8","12","355","29.6","13","381","29.3","1","4","4","0","0","0","39","1141","29.3","68","16.8"
"경기도교육청","경기도안양과천교육지원청","경기도 과천시","S090003016","과천중학교","03","공립","N","","9","244","27.1","10","286","28.6","10","290","29","2","7","3.5","0","0","0","31","827","26.7","54","15.3"
"경기도교육청","경기도안양과천교육지원청","경기도 안양시 동안구","S090003017","인덕원중학교","03","공립","N","","3","52","17.3","3","75","25","4","99","24.8","1","4","4","0","0","0","11","230","20.9","20","11.5"
"경기도교육청","경기도안양과천교육지원청","경기도 안양시 동안구","S090003018","관양중학교","03","공립","N","","4","112","28","4","111","27.8","4","113","28.3","1","3","3","0","0","0","13","339","26.1","22","15.4"
"경기도교육청","경기도안양과천교육지원청","경기도 안양시 동안구","S090003019","귀인중학교","03","공립","N","","13","403","31","13","403","31","13","400","30.8","0","0","0","0","0","0","39","1206","30.9","70","17.2"
"경기도교육청","경기도안양과천교육지원청","경기도 안양시 만안구","S090003020","근명중학교","03","사립","N","","6","168","28","7","174","24.9","8","208","26","0","0","0","0","0","0","21","550","26.2","37","14.9"
"경기도교육청","경기도안양과천교육지원청","경기도 안양시 동안구","S090003021","대안여자중학교","03","공립","N","","7","217","31","7","210","30","6","185","30.8","0","0","0","0","0","0","20","612","30.6","37","16.5"
"경기도교육청","경기도안양과천교육지원청","경기도 안양시 동안구","S090003022","대안중학교","03","공립","N","","6","175","29.2","6","162","27","6","186","31","0","0","0","0","0","0","18","523","29.1","32","16.3"
"경기도교육청","경기도안양과천교육지원청","경기도 안양시 동안구","S090003024","범계중학교","03","공립","N","","11","337","30.6","8","243","30.4","8","238","29.8","3","18","6","0","0","0","30","836","27.9","51","16.4"
"경기도교육청","경기도안양과천교육지원청","경기도 안양시 동안구","S090003025","부림중학교","03","공립","N","","8","235","29.4","9","265","29.4","9","272","30.2","1","3","3","0","0","0","27","775","28.7","48","16.1"
"경기도교육청","경기도안양과천교육지원청","경기도 안양시 동안구","S090003026","부안중학교","03","공립","N","","7","199","28.4","6","185","30.8","7","216","30.9","1","3","3","0","0","0","21","603","28.7","37","16.3"
"경기도교육청","경기도안양과천교육지원청","경기도 안양시 만안구","S090003029","성문중학교","03","사립","N","","3","68","22.7","3","77","25.7","3","74","24.7","0","0","0","0","0","0","9","219","24.3","21","10.4"
"경기도교육청","경기도안양과천교육지원청","경기도 안양시 동안구","S090003030","신기중학교","03","공립","N","","10","313","31.3","10","305","30.5","8","246","30.8","1","4","4","0","0","0","29","868","29.9","50","17.4"
"경기도교육청","경기도안양과천교육지원청","경기도 안양시 만안구","S090003031","신성중학교","03","사립","N","","8","216","27","8","214","26.8","9","231","25.7","0","0","0","0","0","0","25","661","26.4","44","15"
"경기도교육청","경기도안양과천교육지원청","경기도 안양시 만안구","S090003032","신안중학교","03","공립","N","","2","52","26","3","74","24.7","3","77","25.7","0","0","0","0","0","0","8","203","25.4","16","12.7"
"경기도교육청","경기도안양과천교육지원청","경기도 안양시 동안구","S090003033","안양부흥중학교","03","공립","N","","12","371","30.9","12","365","30.4","12","371","30.9","1","7","7","0","0","0","37","1114","30.1","67","16.6"
"경기도교육청","경기도안양과천교육지원청","경기도 안양시 만안구","S090003035","안양서중학교","03","공립","N","","3","53","17.7","3","51","17","3","58","19.3","2","11","5.5","0","0","0","11","173","15.7","20","8.7"
"경기도교육청","경기도안양과천교육지원청","경기도 안양시 만안구","S090003036","안양여자중학교","03","사립","N","","5","131","26.2","5","132","26.4","5","135","27","0","0","0","0","0","0","15","398","26.5","26","15.3"
"경기도교육청","경기도안양과천교육지원청","경기도 안양시 만안구","S090003037","안양중학교","03","공립","N","","5","117","23.4","5","122","24.4","5","132","26.4","2","10","5","0","0","0","17","381","22.4","28","13.6"
"경기도교육청","경기도안양과천교육지원청","경기도 안양시 만안구","S090003038","연현중학교","03","공립","N","","10","263","26.3","9","240","26.7","8","211","26.4","3","13","4.3","0","0","0","30","727","24.2","51","14.3"
"경기도교육청","경기도안양과천교육지원청","경기도 안양시 동안구","S090003039","평촌중학교","03","공립","N","","13","401","30.8","14","430","30.7","14","432","30.9","0","0","0","0","0","0","41","1263","30.8","72","17.5"
"경기도교육청","경기도안양과천교육지원청","경기도 안양시 동안구","S090003041","호계중학교","03","공립","N","","9","277","30.8","8","232","29","7","212","30.3","1","1","1","0","0","0","25","722","28.9","44","16.4"
"경기도교육청","경기도양평교육지원청","경기도 양평군","S090003199","강하중학교","03","공립","N","","1","12","12","1","14","14","1","10","10","1","3","3","0","0","0","4","39","9.8","12","3.3"
"경기도교육청","경기도양평교육지원청","경기도 양평군","S090003200","개군중학교","03","사립","N","","2","37","18.5","2","35","17.5","2","34","17","1","3","3","0","0","0","7","109","15.6","16","6.8"
"경기도교육청","경기도양평교육지원청","경기도 양평군","S090003201","국수중학교","03","공립","N","","1","26","26","1","25","25","1","20","20","0","0","0","0","0","0","3","71","23.7","12","5.9"
"경기도교육청","경기도양평교육지원청","경기도 양평군","S090003202","양수중학교","03","공립","N","","2","59","29.5","2","55","27.5","2","47","23.5","1","2","2","0","0","0","7","163","23.3","15","10.9"
"경기도교육청","경기도양평교육지원청","경기도 양평군","S090003203","단월중학교","03","사립","N","","1","33","33","2","31","15.5","2","35","17.5","1","3","3","0","0","0","6","102","17","17","6"
"경기도교육청","경기도양평교육지원청","경기도 양평군","S090003204","서종중학교","03","사립","N","","3","78","26","3","92","30.7","3","91","30.3","1","2","2","0","0","0","10","263","26.3","19","13.8"
"경기도교육청","경기도양평교육지원청","경기도 양평군","S090003205","양동중학교","03","사립","N","","1","13","13","1","15","15","1","10","10","1","3","3","0","0","0","4","41","10.3","14","2.9"
"경기도교육청","경기도양평교육지원청","경기도 양평군","S090003206","양일중학교","03","사립","N","","8","211","26.4","8","196","24.5","8","198","24.8","2","12","6","0","0","0","26","617","23.7","44","14"
"경기도교육청","경기도양평교육지원청","경기도 양평군","S090003208","양평중학교","03","공립","N","","11","277","25.2","12","312","26","12","321","26.8","2","13","6.5","0","0","0","37","923","24.9","64","14.4"
"경기도교육청","경기도양평교육지원청","경기도 양평군","S090003210","용문중학교","03","사립","N","","6","159","26.5","6","137","22.8","6","134","22.3","1","8","8","0","0","0","19","438","23.1","34","12.9"
"경기도교육청","경기도양평교육지원청","경기도 양평군","S090003211","지평중학교","03","공립","N","","1","17","17","1","19","19","1","21","21","1","1","1","1","1","1","5","59","11.8","14","4.2"
"경기도교육청","경기도양평교육지원청","경기도 양평군","S090003212","청운중학교","03","공립","N","","1","11","11","1","9","9","1","2","2","1","4","4","1","5","5","5","31","6.2","13","2.4"
"경기도교육청","경기도여주교육지원청","경기도 여주시","S090003314","강천중학교","03","공립","N","","1","17","17","1","12","12","1","19","19","0","0","0","0","0","0","3","48","16","11","4.4"
"경기도교육청","경기도여주교육지원청","경기도 여주시","S090003315","대신중학교","03","사립","N","","1","15","15","1","22","22","1","16","16","1","6","6","0","0","0","4","59","14.8","14","4.2"
"경기도교육청","경기도여주교육지원청","경기도 여주시","S090003316","상품중학교","03","공립","N","","1","16","16","1","11","11","1","24","24","1","3","3","0","0","0","4","54","13.5","12","4.5"
"경기도교육청","경기도여주교육지원청","경기도 여주시","S090003317","세정중학교","03","사립","N","","1","19","19","1","17","17","1","22","22","1","5","5","0","0","0","4","63","15.8","13","4.8"
"경기도교육청","경기도여주교육지원청","경기도 여주시","S090003318","여강중학교","03","사립","N","","4","82","20.5","4","94","23.5","3","65","21.7","1","9","9","0","0","0","12","250","20.8","23","10.9"
"경기도교육청","경기도여주교육지원청","경기도 여주시","S090003319","여주제일중학교","03","사립","N","","4","95","23.8","4","92","23","5","110","22","1","3","3","0","0","0","14","300","21.4","24","12.5"
"경기도교육청","경기도여주교육지원청","경기도 여주시","S090003320","여흥중학교","03","공립","N","","6","151","25.2","7","183","26.1","7","177","25.3","1","5","5","0","0","0","21","516","24.6","37","13.9"
"경기도교육청","경기도여주교육지원청","경기도 여주시","S090003321","여주중학교","03","공립","N","","6","153","25.5","6","156","26","6","156","26","1","6","6","0","0","0","19","471","24.8","33","14.3"
"경기도교육청","경기도여주교육지원청","경기도 여주시","S090003322","이포중학교","03","공립","N","","1","11","11","1","15","15","1","9","9","1","3","3","0","0","0","4","38","9.5","13","2.9"
"경기도교육청","경기도여주교육지원청","경기도 여주시","S090003323","점동중학교","03","공립","N","","1","21","21","1","15","15","1","23","23","2","9","4.5","0","0","0","5","68","13.6","13","5.2"
"경기도교육청","경기도여주교육지원청","경기도 여주시","S090003324","창명여자중학교","03","사립","N","","1","14","14","1","13","13","1","15","15","1","6","6","0","0","0","4","48","12","15","3.2"
"경기도교육청","경기도여주교육지원청","경기도 여주시","S090003325","흥천중학교","03","공립","N","","1","8","8","1","5","5","1","13","13","0","0","0","0","0","0","3","26","8.7","11","2.4"
"경기도교육청","경기도연천교육지원청","경기도 연천군","S090003406","군남중학교","03","공립","N","","1","17","17","1","4","4","1","11","11","1","2","2","0","0","0","4","34","8.5","12","2.8"
"경기도교육청","경기도연천교육지원청","경기도 연천군","S090003407","대광중학교","03","공립","N","","1","6","6","1","6","6","1","6","6","1","1","1","0","0","0","4","19","4.8","12","1.6"
"경기도교육청","경기도연천교육지원청","경기도 연천군","S090003408","백학중학교","03","공립","N","","1","7","7","1","16","16","1","18","18","1","3","3","0","0","0","4","44","11","11","4"
"경기도교육청","경기도연천교육지원청","경기도 연천군","S090003409","연천중학교","03","공립","N","","2","34","17","2","33","16.5","2","32","16","1","3","3","0","0","0","7","102","14.6","15","6.8"
"경기도교육청","경기도연천교육지원청","경기도 연천군","S090003410","전곡중학교","03","공립","N","","6","162","27","7","181","25.9","8","197","24.6","2","12","6","0","0","0","23","552","24","40","13.8"
"경기도교육청","경기도연천교육지원청","경기도 연천군","S090003411","청산중학교","03","공립","N","","1","13","13","1","5","5","1","16","16","1","3","3","0","0","0","4","37","9.3","13","2.8"
"경기도교육청","경기도용인교육지원청","경기도 용인시 기흥구","S090003467","구갈중학교","03","공립","N","","8","252","31.5","9","258","28.7","8","254","31.8","1","3","3","0","0","0","26","767","29.5","47","16.3"
"경기도교육청","경기도용인교육지원청","경기도 용인시 기흥구","S090003468","구성중학교","03","공립","N","","11","313","28.5","10","286","28.6","12","339","28.3","2","13","6.5","0","0","0","35","951","27.2","61","15.6"
"경기도교육청","경기도용인교육지원청","경기도 용인시 기흥구","S090003470","나곡중학교","03","공립","N","","7","195","27.9","8","221","27.6","8","229","28.6","1","6","6","0","0","0","24","651","27.1","41","15.9"
"경기도교육청","경기도용인교육지원청","경기도 용인시 처인구","S090003471","남사중학교","03","사립","N","","1","26","26","2","27","13.5","1","18","18","0","0","0","0","0","0","4","71","17.8","13","5.5"
"경기도교육청","경기도용인교육지원청","경기도 용인시 수지구","S090003472","대지중학교","03","공립","N","","6","171","28.5","5","136","27.2","7","188","26.9","1","7","7","0","0","0","19","502","26.4","34","14.8"
"경기도교육청","경기도용인교육지원청","경기도 용인시 처인구","S090003473","모현중학교","03","공립","N","","3","64","21.3","7","186","26.6","6","161","26.8","1","4","4","0","0","0","17","415","24.4","30","13.8"
"경기도교육청","경기도용인교육지원청","경기도 용인시 수지구","S090003474","문정중학교","03","사립","N","","5","160","32","5","156","31.2","6","188","31.3","0","0","0","0","0","0","16","504","31.5","30","16.8"
"경기도교육청","경기도용인교육지원청","경기도 용인시 처인구","S090003475","백암중학교","03","공립","N","","2","25","12.5","2","27","13.5","2","34","17","1","5","5","0","0","0","7","91","13","15","6.1"
"경기도교육청","경기도용인교육지원청","경기도 용인시 기흥구","S090003476","상갈중학교","03","공립","N","","5","142","28.4","5","125","25","6","160","26.7","2","14","7","0","0","0","18","441","24.5","32","13.8"
"경기도교육청","경기도용인교육지원청","경기도 용인시 수지구","S090003477","상현중학교","03","공립","N","","9","265","29.4","10","276","27.6","8","234","29.3","1","5","5","0","0","0","28","780","27.9","48","16.3"
"경기도교육청","경기도용인교육지원청","경기도 용인시 수지구","S090003478","서원중학교","03","공립","N","","10","303","30.3","11","307","27.9","12","334","27.8","1","5","5","0","0","0","34","949","27.9","58","16.4"
"경기도교육청","경기도용인교육지원청","경기도 용인시 수지구","S090003479","성복중학교","03","공립","N","","11","349","31.7","9","283","31.4","9","274","30.4","0","0","0","0","0","0","29","906","31.2","51","17.8"
"경기도교육청","경기도용인교육지원청","경기도 용인시 기흥구","S090003480","소현중학교","03","공립","N","","8","234","29.3","9","253","28.1","6","156","26","1","5","5","0","0","0","24","648","27","41","15.8"
"경기도교육청","경기도용인교육지원청","경기도 용인시 처인구","S090003481","송전중학교","03","공립","N","","2","50","25","2","54","27","2","51","25.5","2","8","4","0","0","0","8","163","20.4","16","10.2"
"경기도교육청","경기도용인교육지원청","경기도 용인시 수지구","S090003482","수지중학교","03","공립","N","","10","321","32.1","12","381","31.8","10","317","31.7","0","0","0","0","0","0","32","1019","31.8","56","18.2"
"경기도교육청","경기도용인교육지원청","경기도 용인시 기흥구","S090003483","신갈중학교","03","공립","N","","4","120","30","3","82","27.3","3","62","20.7","2","8","4","2","5","2.5","14","277","19.8","23","12"
"경기도교육청","경기도용인교육지원청","경기도 용인시 처인구","S090003484","영문중학교","03","공립","N","","9","250","27.8","9","248","27.6","8","226","28.3","1","5","5","1","4","4","28","733","26.2","49","15"
"경기도교육청","경기도용인교육지원청","경기도 용인시 처인구","S090003485","용동중학교","03","사립","N","","5","146","29.2","6","169","28.2","6","163","27.2","0","0","0","0","0","0","17","478","28.1","30","15.9"
"경기도교육청","경기도용인교육지원청","경기도 용인시 처인구","S090003487","용인중학교","03","공립","N","","11","321","29.2","10","315","31.5","11","314","28.5","2","10","5","2","5","2.5","36","965","26.8","59","16.4"
"경기도교육청","경기도용인교육지원청","경기도 용인시 처인구","S090003488","원삼중학교","03","공립","N","","2","40","20","2","30","15","2","32","16","0","0","0","0","0","0","6","102","17","15","6.8"
"경기도교육청","경기도용인교육지원청","경기도 용인시 수지구","S090003489","이현중학교","03","공립","N","","11","327","29.7","12","336","28","11","329","29.9","1","6","6","0","0","0","35","998","28.5","60","16.6"
"경기도교육청","경기도용인교육지원청","경기도 용인시 수지구","S090003490","정평중학교","03","공립","N","","12","388","32.3","11","351","31.9","11","352","32","1","4","4","0","0","0","35","1095","31.3","61","18"
"경기도교육청","경기도용인교육지원청","경기도 용인시 수지구","S090003491","죽전중학교","03","공립","N","","8","230","28.8","8","228","28.5","8","227","28.4","1","5","5","0","0","0","25","690","27.6","44","15.7"
"경기도교육청","경기도용인교육지원청","경기도 용인시 처인구","S090003492","태성중학교","03","사립","N","","3","75","25","3","76","25.3","3","88","29.3","0","0","0","0","0","0","9","239","26.6","19","12.6"
"경기도교육청","경기도용인교육지원청","경기도 용인시 처인구","S090003493","포곡중학교","03","공립","N","","7","180","25.7","7","189","27","7","203","29","2","9","4.5","0","0","0","23","581","25.3","39","14.9"
"경기도교육청","경기도용인교육지원청","경기도 용인시 수지구","S090003494","홍천중학교","03","공립","N","","9","285","31.7","10","313","31.3","9","277","30.8","1","3","3","0","0","0","29","878","30.3","50","17.6"
"경기도교육청","경기도의정부교육지원청","경기도 의정부시","S090003639","경민여자중학교","03","사립","N","","4","107","26.8","4","100","25","4","104","26","0","0","0","0","0","0","12","311","25.9","21","14.8"
"경기도교육청","경기도의정부교육지원청","경기도 의정부시","S090003640","경민중학교","03","사립","N","","4","114","28.5","5","117","23.4","5","124","24.8","0","0","0","0","0","0","14","355","25.4","24","14.8"
"경기도교육청","경기도의정부교육지원청","경기도 의정부시","S090003641","금오중학교","03","공립","N","","4","101","25.3","4","90","22.5","4","96","24","3","12","4","0","0","0","15","299","19.9","28","10.7"
"경기도교육청","경기도의정부교육지원청","경기도 의정부시","S090003642","민락중학교","03","공립","N","","9","258","28.7","9","259","28.8","8","231","28.9","1","6","6","0","0","0","27","754","27.9","46","16.4"
"경기도교육청","경기도의정부교육지원청","경기도 의정부시","S090003643","발곡중학교","03","공립","N","","9","259","28.8","9","247","27.4","9","250","27.8","3","14","4.7","0","0","0","30","770","25.7","53","14.5"
"경기도교육청","경기도의정부교육지원청","경기도 의정부시","S090003645","부용중학교","03","공립","N","","10","269","26.9","9","256","28.4","8","229","28.6","2","9","4.5","0","0","0","29","763","26.3","49","15.6"
"경기도교육청","경기도의정부교육지원청","경기도 의정부시","S090003646","신곡중학교","03","공립","N","","9","251","27.9","10","266","26.6","10","273","27.3","2","12","6","1","4","4","32","806","25.2","54","14.9"
"경기도교육청","경기도의정부교육지원청","경기도 의정부시","S090003648","다온중학교","03","공립","N","","2","55","27.5","3","61","20.3","3","79","26.3","2","12","6","0","0","0","10","207","20.7","19","10.9"
"경기도교육청","경기도의정부교육지원청","경기도 의정부시","S090003649","의정부여자중학교","03","공립","N","","4","106","26.5","3","79","26.3","4","107","26.8","2","11","5.5","0","0","0","13","303","23.3","21","14.4"
"경기도교육청","경기도의정부교육지원청","경기도 의정부시","S090003650","의정부중학교","03","공립","N","","4","90","22.5","3","67","22.3","4","108","27","2","12","6","0","0","0","13","277","21.3","22","12.6"
"경기도교육청","경기도의정부교육지원청","경기도 의정부시","S090003651","천보중학교","03","공립","N","","10","281","28.1","10","267","26.7","10","269","26.9","2","8","4","0","0","0","32","825","25.8","55","15"
"경기도교육청","경기도의정부교육지원청","경기도 의정부시","S090003652","충의중학교","03","공립","N","","11","312","28.4","10","287","28.7","10","290","29","1","4","4","0","0","0","32","893","27.9","55","16.2"
"경기도교육청","경기도의정부교육지원청","경기도 의정부시","S090003653","호원중학교","03","공립","N","","10","285","28.5","9","257","28.6","10","276","27.6","1","3","3","0","0","0","30","821","27.4","54","15.2"
"경기도교육청","경기도의정부교육지원청","경기도 의정부시","S090003654","회룡중학교","03","공립","N","","7","199","28.4","8","205","25.6","8","226","28.3","2","7","3.5","0","0","0","25","637","25.5","43","14.8"
"경기도교육청","경기도의정부교육지원청","경기도 의정부시","S090003655","효자중학교","03","공립","N","","6","161","26.8","8","210","26.3","8","200","25","2","7","3.5","0","0","0","24","578","24.1","41","14.1"
"경기도교육청","경기도이천교육지원청","경기도 이천시","S090003740","이천경남중학교","03","공립","N","","1","13","13","1","14","14","1","18","18","0","0","0","0","0","0","3","45","15","11","4.1"
"경기도교육청","경기도이천교육지원청","경기도 이천시","S090003741","대월중학교","03","공립","N","","1","26","26","1","23","23","1","22","22","1","1","1","0","0","0","4","72","18","12","6"
"경기도교육청","경기도이천교육지원청","경기도 이천시","S090003742","마장중학교","03","공립","N","","6","149","24.8","5","133","26.6","4","111","27.8","1","5","5","0","0","0","16","398","24.9","28","14.2"
"경기도교육청","경기도이천교육지원청","경기도 이천시","S090003743","모가중학교","03","공립","N","","1","6","6","1","23","23","1","22","22","0","0","0","0","0","0","3","51","17","11","4.6"
"경기도교육청","경기도이천교육지원청","경기도 이천시","S090003745","백사중학교","03","공립","N","","3","59","19.7","2","46","23","2","54","27","0","0","0","0","0","0","7","159","22.7","15","10.6"
"경기도교육청","경기도이천교육지원청","경기도 이천시","S090003746","부발중학교","03","공립","N","","4","86","21.5","3","72","24","3","60","20","1","4","4","1","4","4","12","226","18.8","22","10.3"
"경기도교육청","경기도이천교육지원청","경기도 이천시","S090003747","설봉중학교","03","공립","N","","9","270","30","9","285","31.7","9","281","31.2","2","17","8.5","0","0","0","29","853","29.4","50","17.1"
"경기도교육청","경기도이천교육지원청","경기도 이천시","S090003749","율면중학교","03","공립","N","","1","6","6","1","4","4","1","12","12","1","3","3","0","0","0","4","25","6.3","11","2.3"
"경기도교육청","경기도이천교육지원청","경기도 이천시","S090003750","이천송정중학교","03","공립","N","","8","224","28","8","221","27.6","9","243","27","2","14","7","0","0","0","27","702","26","46","15.3"
"경기도교육청","경기도이천교육지원청","경기도 이천시","S090003751","이천양정여자중학교","03","사립","N","","5","148","29.6","6","163","27.2","5","130","26","0","0","0","0","0","0","16","441","27.6","28","15.8"
"경기도교육청","경기도이천교육지원청","경기도 이천시","S090003752","이천중학교","03","공립","N","","10","296","29.6","10","315","31.5","9","261","29","1","7","7","0","0","0","30","879","29.3","52","16.9"
"경기도교육청","경기도이천교육지원청","경기도 이천시","S090003754","장호원중학교","03","공립","N","","5","120","24","5","131","26.2","5","125","25","1","3","3","0","0","0","16","379","23.7","26","14.6"
"경기도교육청","경기도이천교육지원청","경기도 이천시","S090003756","효양중학교","03","공립","N","","7","186","26.6","8","219","27.4","9","233","25.9","2","8","4","0","0","0","26","646","24.8","43","15"
"경기도교육청","경기도파주교육지원청","경기도 파주시","S090003860","광탄중학교","03","사립","N","","3","47","15.7","3","70","23.3","3","59","19.7","1","4","4","0","0","0","10","180","18","20","9"
"경기도교육청","경기도파주교육지원청","경기도 파주시","S090003861","교하중학교","03","공립","N","","8","257","32.1","9","282","31.3","8","260","32.5","2","10","5","0","0","0","27","809","30","46","17.6"
"경기도교육청","경기도파주교육지원청","경기도 파주시","S090003862","문산동중학교","03","사립","N","","2","60","30","2","62","31","2","57","28.5","0","0","0","0","0","0","6","179","29.8","14","12.8"
"경기도교육청","경기도파주교육지원청","경기도 파주시","S090003863","문산북중학교","03","공립","N","","5","148","29.6","4","116","29","4","113","28.3","2","10","5","0","0","0","15","387","25.8","26","14.9"
"경기도교육청","경기도파주교육지원청","경기도 파주시","S090003864","문산수억중학교","03","사립","N","","6","180","30","5","150","30","6","182","30.3","0","0","0","0","0","0","17","512","30.1","32","16"
"경기도교육청","경기도파주교육지원청","경기도 파주시","S090003865","문산중학교","03","공립","N","","9","262","29.1","9","253","28.1","9","247","27.4","2","12","6","0","0","0","29","774","26.7","49","15.8"
"경기도교육청","경기도파주교육지원청","경기도 파주시","S090003866","법원여자중학교","03","공립","N","","1","19","19","1","19","19","1","24","24","1","3","3","0","0","0","4","65","16.3","14","4.6"
"경기도교육청","경기도파주교육지원청","경기도 파주시","S090003867","봉일천중학교","03","공립","N","","8","209","26.1","9","221","24.6","9","241","26.8","2","10","5","0","0","0","28","681","24.3","48","14.2"
"경기도교육청","경기도파주교육지원청","경기도 파주시","S090003868","삼광중학교","03","사립","N","","2","40","20","2","29","14.5","2","39","19.5","1","4","4","0","0","0","7","112","16","16","7"
"경기도교육청","경기도파주교육지원청","경기도 파주시","S090003869","어유중학교","03","공립","N","","1","12","12","1","9","9","1","13","13","0","0","0","0","0","0","3","34","11.3","11","3.1"
"경기도교육청","경기도파주교육지원청","경기도 파주시","S090003870","율곡중학교","03","사립","N","","1","19","19","2","27","13.5","1","28","28","1","4","4","0","0","0","5","78","15.6","15","5.2"
"경기도교육청","경기도파주교육지원청","경기도 파주시","S090003871","지산중학교","03","공립","N","","11","382","34.7","10","345","34.5","10","338","33.8","2","11","5.5","0","0","0","33","1076","32.6","56","19.2"
"경기도교육청","경기도파주교육지원청","경기도 파주시","S090003872","정목중학교","03","사립","N","","3","71","23.7","3","67","22.3","3","66","22","0","0","0","0","0","0","9","204","22.7","20","10.2"
"경기도교육청","경기도파주교육지원청","경기도 파주시","S090003873","파주중학교","03","사립","N","","2","40","20","2","43","21.5","2","50","25","1","4","4","0","0","0","7","137","19.6","17","8.1"
"경기도교육청","경기도파주교육지원청","경기도 파주시","S090003874","파평중학교","03","공립","N","","1","7","7","1","12","12","1","12","12","1","4","4","0","0","0","4","35","8.8","11","3.2"
"경기도교육청","경기도파주교육지원청","경기도 파주시","S090003875","탄현중학교","03","공립","N","","3","66","22","3","71","23.7","4","84","21","2","7","3.5","0","0","0","12","228","19","21","10.9"
"경기도교육청","경기도평택교육지원청","경기도 평택시","S090003988","세교중학교","03","공립","N","","13","376","28.9","9","269","29.9","12","363","30.3","3","15","5","2","5","2.5","39","1028","26.4","67","15.3"
"경기도교육청","경기도평택교육지원청","경기도 평택시","S090003989","라온중학교","03","사립","N","","6","153","25.5","6","163","27.2","6","158","26.3","0","0","0","0","0","0","18","474","26.3","32","14.8"
"경기도교육청","경기도평택교육지원청","경기도 평택시","S090003990","송탄중학교","03","공립","N","","5","108","21.6","6","136","22.7","5","117","23.4","4","25","6.3","0","0","0","20","386","19.3","33","11.7"
"경기도교육청","경기도평택교육지원청","경기도 평택시","S090003992","신한중학교","03","사립","N","","8","227","28.4","9","266","29.6","9","270","30","0","0","0","0","0","0","26","763","29.3","46","16.6"
"경기도교육청","경기도평택교육지원청","경기도 평택시","S090003993","안일중학교","03","공립","N","","10","261","26.1","9","243","27","9","232","25.8","1","7","7","0","0","0","29","743","25.6","51","14.6"
"경기도교육청","경기도평택교육지원청","경기도 평택시","S090003994","안중중학교","03","사립","N","","3","61","20.3","3","63","21","3","67","22.3","0","0","0","0","0","0","9","191","21.2","19","10.1"
"경기도교육청","경기도평택교육지원청","경기도 평택시","S090003995","오성중학교","03","사립","N","","2","36","18","2","26","13","2","40","20","1","6","6","0","0","0","7","108","15.4","16","6.8"
"경기도교육청","경기도평택교육지원청","경기도 평택시","S090003996","은혜중학교","03","사립","N","","5","115","23","5","115","23","6","144","24","0","0","0","0","0","0","16","374","23.4","28","13.4"
"경기도교육청","경기도평택교육지원청","경기도 평택시","S090003997","진위중학교","03","사립","N","","2","37","18.5","2","52","26","2","54","27","0","0","0","0","0","0","6","143","23.8","14","10.2"
"경기도교육청","경기도평택교육지원청","경기도 평택시","S090003998","청담중학교","03","사립","N","","5","133","26.6","5","129","25.8","4","102","25.5","0","0","0","0","0","0","14","364","26","26","14"
"경기도교육청","경기도평택교육지원청","경기도 평택시","S090003999","청북중학교","03","공립","N","","1","14","14","1","23","23","1","25","25","1","4","4","0","0","0","4","66","16.5","12","5.5"
"경기도교육청","경기도평택교육지원청","경기도 평택시","S090004000","태광중학교","03","사립","N","","7","172","24.6","6","150","25","7","170","24.3","0","0","0","0","0","0","20","492","24.6","35","14.1"
"경기도교육청","경기도평택교육지원청","경기도 평택시","S090004002","평택여자중학교","03","공립","N","","11","312","28.4","13","369","28.4","13","397","30.5","2","8","4","0","0","0","39","1086","27.8","69","15.7"
"경기도교육청","경기도평택교육지원청","경기도 평택시","S090004003","평택중학교","03","공립","N","","13","370","28.5","13","393","30.2","10","295","29.5","2","15","7.5","0","0","0","38","1073","28.2","67","16"
"경기도교육청","경기도평택교육지원청","경기도 평택시","S090004004","포승중학교","03","공립","N","","2","50","25","2","47","23.5","2","47","23.5","1","1","1","0","0","0","7","145","20.7","15","9.7"
"경기도교육청","경기도평택교육지원청","경기도 평택시","S090004005","한광여자중학교","03","사립","N","","11","318","28.9","10","286","28.6","8","239","29.9","0","0","0","0","0","0","29","843","29.1","51","16.5"
"경기도교육청","경기도평택교육지원청","경기도 평택시","S090004006","한광중학교","03","사립","N","","10","279","27.9","9","263","29.2","8","235","29.4","0","0","0","0","0","0","27","777","28.8","47","16.5"
"경기도교육청","경기도평택교육지원청","경기도 평택시","S090004007","현화중학교","03","공립","N","","8","206","25.8","8","201","25.1","8","208","26","3","15","5","0","0","0","27","630","23.3","46","13.7"
"경기도교육청","경기도평택교육지원청","경기도 평택시","S090004008","효명중학교","03","사립","N","","7","167","23.9","6","148","24.7","6","164","27.3","0","0","0","0","0","0","19","479","25.2","35","13.7"
"경기도교육청","경기도포천교육지원청","경기도 포천시","S090004164","갈월중학교","03","공립","N","","3","74","24.7","3","80","26.7","3","75","25","1","5","5","0","0","0","10","234","23.4","20","11.7"
"경기도교육청","경기도포천교육지원청","경기도 포천시","S090004165","경북중학교","03","공립","N","","1","23","23","1","17","17","1","23","23","1","3","3","0","0","0","4","66","16.5","13","5.1"
"경기도교육청","경기도포천교육지원청","경기도 포천시","S090004166","관인중학교","03","공립","N","","1","11","11","1","7","7","1","12","12","1","2","2","0","0","0","4","32","8","12","2.7"
"경기도교육청","경기도포천교육지원청","경기도 포천시","S090004167","내촌중학교","03","공립","N","","1","8","8","1","15","15","1","10","10","1","2","2","0","0","0","4","35","8.8","13","2.7"
"경기도교육청","경기도포천교육지원청","경기도 포천시","S090004168","동남중학교","03","사립","N","","4","110","27.5","4","106","26.5","5","112","22.4","1","3","3","0","0","0","14","331","23.6","25","13.2"
"경기도교육청","경기도포천교육지원청","경기도 포천시","S090004169","삼성중학교","03","공립","N","","1","10","10","1","2","2","1","13","13","2","9","4.5","1","2","2","6","36","6","15","2.4"
"경기도교육청","경기도포천교육지원청","경기도 포천시","S090004170","영북중학교","03","공립","N","","2","40","20","2","40","20","2","30","15","1","4","4","0","0","0","7","114","16.3","15","7.6"
"경기도교육청","경기도포천교육지원청","경기도 포천시","S090004171","영중중학교","03","공립","N","","1","23","23","1","30","30","1","18","18","1","2","2","0","0","0","4","73","18.3","13","5.6"
"경기도교육청","경기도포천교육지원청","경기도 포천시","S090004172","이동중학교","03","공립","N","","1","19","19","1","22","22","1","24","24","1","1","1","0","0","0","4","66","16.5","13","5.1"
"경기도교육청","경기도포천교육지원청","경기도 포천시","S090004173","일동중학교","03","공립","N","","3","91","30.3","4","95","23.8","3","74","24.7","2","9","4.5","0","0","0","12","269","22.4","22","12.2"
"경기도교육청","경기도포천교육지원청","경기도 포천시","S090004174","포천여자중학교","03","공립","N","","6","154","25.7","5","127","25.4","5","126","25.2","1","6","6","0","0","0","17","413","24.3","29","14.2"
"경기도교육청","경기도포천교육지원청","경기도 포천시","S090004175","포천중학교","03","공립","N","","6","135","22.5","5","134","26.8","6","144","24","2","11","5.5","0","0","0","19","424","22.3","34","12.5"
"경기도교육청","경기도화성오산교육지원청","","S090004259","남양중학교","03","공립","N","","7","160","22.9","6","157","26.2","8","199","24.9","2","12","6","1","4","4","24","532","22.2","39","13.6"
"경기도교육청","경기도화성오산교육지원청","","S090004260","동학중학교","03","공립","N","","9","245","27.2","8","216","27","8","219","27.4","1","6","6","0","0","0","26","686","26.4","45","15.2"
"경기도교육청","경기도화성오산교육지원청","경기도 화성시 동탄구","S090004261","동탄중학교","03","공립","N","","10","358","35.8","10","334","33.4","10","333","33.3","1","8","8","0","0","0","31","1033","33.3","55","18.8"
"경기도교육청","경기도화성오산교육지원청","","S090004263","발안중학교","03","공립","N","","5","142","28.4","5","159","31.8","11","314","28.5","2","15","7.5","0","0","0","23","630","27.4","41","15.4"
"경기도교육청","경기도화성오산교육지원청","경기도 화성시 효행구","S090004265","봉담중학교","03","공립","N","","10","295","29.5","9","280","31.1","8","249","31.1","2","15","7.5","0","0","0","29","839","28.9","49","17.1"
"경기도교육청","경기도화성오산교육지원청","","S090004266","비봉중학교","03","사립","N","","2","39","19.5","2","57","28.5","2","63","31.5","0","0","0","0","0","0","6","159","26.5","15","10.6"
"경기도교육청","경기도화성오산교육지원청","경기도 화성시 만세구","S090004267","삼괴중학교","03","사립","N","","3","76","25.3","4","98","24.5","3","82","27.3","1","6","6","0","0","0","11","262","23.8","21","12.5"
"경기도교육청","경기도화성오산교육지원청","","S090004268","서신중학교","03","사립","N","","1","7","7","1","18","18","1","14","14","1","4","4","0","0","0","4","43","10.8","13","3.3"
"경기도교육청","경기도화성오산교육지원청","경기도 오산시","S090004269","성호중학교","03","공립","N","","10","332","33.2","7","228","32.6","9","269","29.9","1","4","4","0","0","0","27","833","30.9","47","17.7"
"경기도교육청","경기도화성오산교육지원청","","S090004270","송산중학교","03","사립","N","","6","152","25.3","5","139","27.8","4","91","22.8","1","8","8","0","0","0","16","390","24.4","26","15"
"경기도교육청","경기도화성오산교육지원청","","S090004271","안용중학교","03","사립","N","","6","157","26.2","6","186","31","6","160","26.7","0","0","0","0","0","0","18","503","27.9","32","15.7"
"경기도교육청","경기도화성오산교육지원청","경기도 화성시 만세구","S090004272","양감중학교","03","공립","N","","1","10","10","1","14","14","1","6","6","1","3","3","0","0","0","4","33","8.3","13","2.5"
"경기도교육청","경기도화성오산교육지원청","경기도 오산시","S090004273","매홀중학교","03","공립","N","","12","415","34.6","12","410","34.2","12","407","33.9","2","13","6.5","0","0","0","38","1245","32.8","65","19.2"
"경기도교육청","경기도화성오산교육지원청","경기도 오산시","S090004274","오산중학교","03","사립","N","","4","87","21.8","9","236","26.2","9","233","25.9","0","0","0","0","0","0","22","556","25.3","38","14.6"
"경기도교육청","경기도화성오산교육지원청","경기도 오산시","S090004275","운암중학교","03","공립","N","","8","263","32.9","8","267","33.4","7","240","34.3","1","8","8","0","0","0","24","778","32.4","42","18.5"
"경기도교육청","경기도화성오산교육지원청","경기도 오산시","S090004276","운천중학교","03","공립","N","","8","252","31.5","9","289","32.1","9","292","32.4","2","10","5","1","3","3","29","846","29.2","49","17.3"
"경기도교육청","경기도화성오산교육지원청","경기도 화성시 만세구","S090004277","장안여자중학교","03","사립","N","","3","78","26","4","95","23.8","3","89","29.7","1","4","4","0","0","0","11","266","24.2","20","13.3"
"경기도교육청","경기도화성오산교육지원청","","S090004278","정남중학교","03","공립","N","","2","31","15.5","2","45","22.5","2","46","23","1","2","2","0","0","0","7","124","17.7","15","8.3"
"경기도교육청","경기도화성오산교육지원청","경기도 화성시 병점구","S090004279","진안중학교","03","공립","N","","6","162","27","5","146","29.2","7","203","29","0","0","0","0","0","0","18","511","28.4","32","16"
"경기도교육청","경기도화성오산교육지원청","","S090004280","화도중학교","03","사립","N","","2","60","30","2","56","28","2","56","28","0","0","0","0","0","0","6","172","28.7","14","12.3"
"경기도교육청","경기도화성오산교육지원청","경기도 화성시 만세구","S090004281","화성중학교","03","사립","N","","5","163","32.6","5","172","34.4","5","163","32.6","0","0","0","0","0","0","15","498","33.2","26","19.2"
"경기도교육청","경기도광명교육지원청","경기도 광명시","S090004699","광문중학교","03","공립","N","","7","192","27.4","7","196","28","6","162","27","2","9","4.5","0","0","0","22","559","25.4","38","14.7"
"경기도교육청","경기도수원교육지원청","경기도 수원시 권선구","S090004860","곡반중학교","03","공립","N","","4","112","28","4","124","31","6","183","30.5","1","4","4","0","0","0","15","423","28.2","26","16.3"
"경기도교육청","경기도수원교육지원청","경기도 수원시 영통구","S090004861","망포중학교","03","공립","N","","10","332","33.2","12","390","32.5","12","373","31.1","1","3","3","0","0","0","35","1098","31.4","62","17.7"
"경기도교육청","경기도수원교육지원청","경기도 수원시 팔달구","S090004862","정천중학교","03","공립","N","","8","256","32","9","260","28.9","7","193","27.6","2","12","6","0","0","0","26","721","27.7","44","16.4"
"경기도교육청","경기도수원교육지원청","경기도 수원시 권선구","S090004863","칠보중학교","03","공립","N","","9","289","32.1","8","243","30.4","8","242","30.3","2","14","7","0","0","0","27","788","29.2","46","17.1"
"경기도교육청","경기도성남교육지원청","경기도 성남시 분당구","S090004864","분당구미중학교","03","공립","N","","4","126","31.5","4","117","29.3","3","88","29.3","0","0","0","0","0","0","11","331","30.1","20","16.6"
"경기도교육청","경기도안양과천교육지원청","경기도 안양시 동안구","S090004865","호성중학교","03","공립","N","","6","161","26.8","6","170","28.3","6","184","30.7","2","8","4","1","2","2","21","525","25","35","15"
"경기도교육청","경기도부천교육지원청","경기도 부천시 소사구","S090004866","부천일신중학교","03","공립","N","","12","353","29.4","13","369","28.4","13","376","28.9","2","11","5.5","0","0","0","40","1109","27.7","70","15.8"
"경기도교육청","경기도안산교육지원청","경기도 안산시 단원구","S090004867","선일중학교","03","공립","N","","7","85","12.1","5","74","14.8","7","109","15.6","2","12","6","0","0","0","21","280","13.3","33","8.5"
"경기도교육청","경기도구리남양주교육지원청","경기도 남양주시","S090004869","진접중학교","03","공립","N","","8","213","26.6","8","219","27.4","8","211","26.4","2","12","6","0","0","0","26","655","25.2","45","14.6"
"경기도교육청","경기도고양교육지원청","경기도 고양시 일산서구","S090004870","대송중학교","03","공립","N","","6","155","25.8","6","140","23.3","6","148","24.7","2","8","4","0","0","0","20","451","22.6","35","12.9"
"경기도교육청","경기도고양교육지원청","경기도 고양시 일산서구","S090004871","현산중학교","03","공립","N","","4","79","19.8","5","109","21.8","5","125","25","1","3","3","2","5","2.5","17","321","18.9","30","10.7"
"경기도교육청","경기도용인교육지원청","경기도 용인시 처인구","S090004894","헌산중학교","03","사립","N","","2","30","15","2","28","14","2","24","12","0","0","0","0","0","0","6","82","13.7","17","4.8"
"경기도교육청","경기도동두천양주교육지원청","경기도 동두천시","S090004948","생연중학교","03","공립","N","","7","177","25.3","7","176","25.1","7","176","25.1","2","10","5","1","2","2","24","541","22.5","40","13.5"
"경기도교육청","경기도용인교육지원청","경기도 용인시 수지구","S090004970","현암중학교","03","공립","N","","7","204","29.1","6","152","25.3","6","171","28.5","0","0","0","0","0","0","19","527","27.7","33","16"
"경기도교육청","경기도용인교육지원청","경기도 용인시 기흥구","S090004971","용인신릉중학교","03","공립","N","","8","244","30.5","8","233","29.1","7","215","30.7","1","7","7","0","0","0","24","699","29.1","44","15.9"
"경기도교육청","경기도용인교육지원청","경기도 용인시 기흥구","S090004972","용인신촌중학교","03","공립","N","","10","290","29","10","290","29","10","296","29.6","0","0","0","0","0","0","30","876","29.2","52","16.8"
"경기도교육청","경기도용인교육지원청","경기도 용인시 수지구","S090004973","용인대덕중학교","03","공립","N","","7","201","28.7","7","190","27.1","8","225","28.1","1","3","3","0","0","0","23","619","26.9","41","15.1"
"경기도교육청","경기도용인교육지원청","경기도 용인시 수지구","S090004974","손곡중학교","03","공립","N","","7","219","31.3","7","212","30.3","7","214","30.6","1","4","4","0","0","0","22","649","29.5","39","16.6"
"경기도교육청","경기도용인교육지원청","경기도 용인시 기흥구","S090004975","성지중학교","03","공립","N","","9","273","30.3","9","286","31.8","8","235","29.4","1","5","5","0","0","0","27","799","29.6","47","17"
"경기도교육청","경기도용인교육지원청","경기도 용인시 기흥구","S090004976","언동중학교","03","공립","N","","7","203","29","6","151","25.2","6","161","26.8","1","6","6","0","0","0","20","521","26.1","34","15.3"
"경기도교육청","경기도용인교육지원청","경기도 용인시 처인구","S090004977","용신중학교","03","공립","N","","11","345","31.4","10","321","32.1","9","287","31.9","2","13","6.5","0","0","0","32","966","30.2","55","17.6"
"경기도교육청","경기도안산교육지원청","경기도 안산시 단원구","S090004979","초지중학교","03","공립","N","","7","196","28","7","188","26.9","8","210","26.3","1","4","4","1","3","3","24","601","25","41","14.7"
"경기도교육청","경기도파주교육지원청","경기도 파주시","S090004982","금릉중학교","03","공립","N","","8","247","30.9","8","237","29.6","9","273","30.3","2","15","7.5","0","0","0","27","772","28.6","47","16.4"
"경기도교육청","경기도성남교육지원청","경기도 성남시 분당구","S090004984","이우중학교","03","사립","N","","3","61","20.3","3","57","19","3","62","20.7","0","0","0","0","0","0","9","180","20","26","6.9"
"경기도교육청","경기도포천교육지원청","경기도 포천시","S090004999","대경중학교","03","공립","N","","4","110","27.5","5","107","21.4","5","103","20.6","3","13","4.3","0","0","0","17","333","19.6","31","10.7"
"경기도교육청","경기도군포의왕교육지원청","경기도 군포시","S090005002","당동중학교","03","공립","N","","10","279","27.9","11","286","26","11","286","26","1","7","7","0","0","0","33","858","26","59","14.5"
"경기도교육청","경기도화성오산교육지원청","경기도 화성시 병점구","S090005020","안화중학교","03","공립","N","","12","393","32.8","12","391","32.6","12","376","31.3","2","10","5","0","0","0","38","1170","30.8","65","18"
"경기도교육청","경기도화성오산교육지원청","경기도 오산시","S090005021","대호중학교","03","공립","N","","6","151","25.2","8","217","27.1","6","155","25.8","2","13","6.5","0","0","0","22","536","24.4","38","14.1"
"경기도교육청","경기도화성오산교육지원청","경기도 화성시 만세구","S090005022","두레자연중학교","03","사립","N","","1","20","20","1","20","20","1","20","20","0","0","0","0","0","0","3","60","20","11","5.5"
"경기도교육청","경기도구리남양주교육지원청","경기도 남양주시","S090005033","송라중학교","03","공립","N","","9","292","32.4","9","287","31.9","9","291","32.3","3","16","5.3","0","0","0","30","886","29.5","52","17"
"경기도교육청","경기도구리남양주교육지원청","경기도 남양주시","S090005034","장내중학교","03","공립","N","","9","248","27.6","9","249","27.7","9","249","27.7","1","7","7","0","0","0","28","753","26.9","49","15.4"
"경기도교육청","경기도고양교육지원청","경기도 고양시 덕양구","S090005035","목암중학교","03","공립","N","","9","234","26","9","237","26.3","10","246","24.6","2","11","5.5","0","0","0","30","728","24.3","51","14.3"
"경기도교육청","경기도안양과천교육지원청","경기도 안양시 동안구","S090005046","비산중학교","03","공립","N","","4","90","22.5","3","83","27.7","3","76","25.3","1","6","6","0","0","0","11","255","23.2","20","12.8"
"경기도교육청","경기도이천교육지원청","경기도 이천시","S090005111","증포중학교","03","공립","N","","11","320","29.1","10","309","30.9","12","359","29.9","2","16","8","0","0","0","35","1004","28.7","61","16.5"
"경기도교육청","경기도의정부교육지원청","경기도 의정부시","S090005132","동암중학교","03","공립","N","","8","231","28.9","8","226","28.3","9","250","27.8","0","0","0","0","0","0","25","707","28.3","45","15.7"
"경기도교육청","경기도동두천양주교육지원청","경기도 양주시","S090005133","덕현중학교","03","공립","N","","11","296","26.9","11","297","27","11","300","27.3","2","14","7","0","0","0","35","907","25.9","60","15.1"
"경기도교육청","경기도성남교육지원청","경기도 성남시 분당구","S090005136","늘푸른중학교","03","공립","N","","7","223","31.9","8","233","29.1","7","200","28.6","1","1","1","0","0","0","23","657","28.6","40","16.4"
"경기도교육청","경기도수원교육지원청","경기도 수원시 영통구","S090005153","영동중학교","03","공립","N","","12","396","33","5","157","31.4","5","141","28.2","0","0","0","0","0","0","22","694","31.5","39","17.8"
"경기도교육청","경기도동두천양주교육지원청","경기도 양주시","S090005159","삼숭중학교","03","공립","N","","10","262","26.2","11","291","26.5","11","286","26","2","14","7","0","0","0","34","853","25.1","59","14.5"
"경기도교육청","경기도평택교육지원청","경기도 평택시","S090005161","장당중학교","03","공립","N","","5","108","21.6","6","157","26.2","6","146","24.3","2","13","6.5","0","0","0","19","424","22.3","33","12.8"
"경기도교육청","경기도구리남양주교육지원청","경기도 남양주시","S090005162","평내중학교","03","공립","N","","7","179","25.6","7","181","25.9","8","205","25.6","2","8","4","1","4","4","25","577","23.1","42","13.7"
"경기도교육청","경기도화성오산교육지원청","","S090005164","병점중학교","03","공립","N","","11","356","32.4","11","338","30.7","11","343","31.2","2","15","7.5","0","0","0","35","1052","30.1","61","17.2"
"경기도교육청","경기도수원교육지원청","경기도 수원시 장안구","S090005172","조원중학교","03","공립","N","","8","232","29","8","233","29.1","8","227","28.4","3","16","5.3","0","0","0","27","708","26.2","46","15.4"
"경기도교육청","경기도수원교육지원청","경기도 수원시 권선구","S090005173","세류중학교","03","공립","N","","7","214","30.6","5","144","28.8","5","137","27.4","3","17","5.7","0","0","0","20","512","25.6","36","14.2"
"경기도교육청","경기도평택교육지원청","경기도 평택시","S090005174","비전중학교","03","공립","N","","11","312","28.4","10","304","30.4","11","328","29.8","3","17","5.7","0","0","0","35","961","27.5","60","16"
"경기도교육청","경기도화성오산교육지원청","","S090005175","기안중학교","03","공립","N","","6","178","29.7","8","240","30","7","208","29.7","2","13","6.5","0","0","0","23","639","27.8","40","16"
"경기도교육청","경기도안산교육지원청","경기도 안산시 상록구","S090005266","석호중학교","03","공립","N","","2","37","18.5","4","66","16.5","3","81","27","1","7","7","0","0","0","10","191","19.1","20","9.6"
"경기도교육청","경기도안산교육지원청","경기도 안산시 상록구","S090005268","광덕중학교","03","공립","N","","2","38","19","3","61","20.3","2","50","25","0","0","0","0","0","0","7","149","21.3","15","9.9"
"경기도교육청","경기도포천교육지원청","경기도 포천시","S090005287","송우중학교","03","공립","N","","6","165","27.5","7","169","24.1","6","162","27","2","10","5","0","0","0","21","506","24.1","35","14.5"
"경기도교육청","경기도안성교육지원청","경기도 안성시","S090005321","한겨레중학교","03","사립","N","","1","5","5","1","6","6","2","18","9","0","0","0","0","0","0","4","29","7.3","12","2.4"
"경기도교육청","경기도군포의왕교육지원청","경기도 군포시","S090005323","당정중학교","03","공립","N","","3","82","27.3","5","116","23.2","4","94","23.5","1","2","2","0","0","0","13","294","22.6","23","12.8"
"경기도교육청","경기도용인교육지원청","경기도 용인시 기흥구","S090005329","동백중학교","03","공립","N","","13","397","30.5","13","406","31.2","11","337","30.6","2","8","4","0","0","0","39","1148","29.4","66","17.4"
"경기도교육청","경기도용인교육지원청","경기도 용인시 기흥구","S090005331","용인백현중학교","03","공립","N","","9","253","28.1","8","246","30.8","11","330","30","0","0","0","0","0","0","28","829","29.6","48","17.3"
"경기도교육청","경기도동두천양주교육지원청","경기도 동두천시","S090005335","송내중앙중학교","03","공립","N","","5","123","24.6","6","147","24.5","6","144","24","2","12","6","0","0","0","19","426","22.4","32","13.3"
"경기도교육청","경기도용인교육지원청","경기도 용인시 기흥구","S090005338","초당중학교","03","공립","N","","11","335","30.5","12","375","31.3","11","336","30.5","1","8","8","0","0","0","35","1054","30.1","64","16.5"
"경기도교육청","경기도광주하남교육지원청","경기도 광주시","S090005342","광주광남중학교","03","공립","N","","15","474","31.6","13","399","30.7","11","351","31.9","1","4","4","1","3","3","41","1231","30","70","17.6"
"경기도교육청","경기도평택교육지원청","경기도 평택시","S090005345","도곡중학교","03","공립","N","","6","110","18.3","6","96","16","7","237","33.9","1","6","6","0","0","0","20","449","22.5","35","12.8"
"경기도교육청","경기도여주교육지원청","경기도 여주시","S090005350","세종중학교","03","공립","N","","9","251","27.9","9","251","27.9","9","251","27.9","1","2","2","0","0","0","28","755","27","48","15.7"
"경기도교육청","경기도광주하남교육지원청","경기도 하남시","S090005351","신평중학교","03","공립","N","","8","236","29.5","8","237","29.6","8","238","29.8","1","2","2","0","0","0","25","713","28.5","46","15.5"
"경기도교육청","경기도구리남양주교육지원청","경기도 남양주시","S090005352","양오중학교","03","공립","N","","7","186","26.6","7","185","26.4","6","153","25.5","2","9","4.5","0","0","0","22","533","24.2","37","14.4"
"경기도교육청","경기도시흥교육지원청","경기도 시흥시","S090005353","월곶중학교","03","공립","N","","5","152","30.4","5","150","30","5","154","30.8","2","8","4","0","0","0","17","464","27.3","29","16"
"경기도교육청","경기도평택교육지원청","경기도 평택시","S090005354","이충중학교","03","공립","N","","6","140","23.3","6","146","24.3","6","153","25.5","3","19","6.3","0","0","0","21","458","21.8","36","12.7"
"경기도교육청","경기도구리남양주교육지원청","경기도 남양주시","S090005356","판곡중학교","03","공립","N","","11","326","29.6","10","286","28.6","11","303","27.5","1","7","7","0","0","0","33","922","27.9","58","15.9"
"경기도교육청","경기도고양교육지원청","경기도 고양시 일산동구","S090005358","풍산중학교","03","공립","N","","6","146","24.3","5","131","26.2","6","152","25.3","1","6","6","0","0","0","18","435","24.2","30","14.5"
"경기도교육청","경기도고양교육지원청","경기도 고양시 덕양구","S090005360","서정중학교","03","공립","N","","5","114","22.8","5","112","22.4","5","118","23.6","2","7","3.5","0","0","0","17","351","20.6","29","12.1"
"경기도교육청","경기도동두천양주교육지원청","경기도 양주시","S090005362","회천중학교","03","공립","N","","5","124","24.8","5","119","23.8","5","136","27.2","2","13","6.5","0","0","0","17","392","23.1","30","13.1"
"경기도교육청","경기도시흥교육지원청","경기도 시흥시","S090005387","시화중학교","03","공립","N","","5","83","16.6","5","87","17.4","6","111","18.5","2","13","6.5","0","0","0","18","294","16.3","30","9.8"
"경기도교육청","경기도김포교육지원청","경기도 김포시","S090005389","감정중학교","03","공립","N","","8","258","32.3","10","311","31.1","9","269","29.9","2","12","6","0","0","0","29","850","29.3","49","17.3"
"경기도교육청","경기도고양교육지원청","경기도 고양시 일산서구","S090005390","고양송산중학교","03","공립","N","","8","215","26.9","7","187","26.7","8","205","25.6","1","6","6","0","0","0","24","613","25.5","43","14.3"
"경기도교육청","경기도파주교육지원청","경기도 파주시","S090005391","금촌중학교","03","공립","N","","7","180","25.7","7","191","27.3","7","198","28.3","3","13","4.3","1","2","2","25","584","23.4","42","13.9"
"경기도교육청","경기도시흥교육지원청","경기도 시흥시","S090005392","논곡중학교","03","공립","N","","3","63","21","3","53","17.7","3","59","19.7","2","12","6","0","0","0","11","187","17","20","9.4"
"경기도교육청","경기도안산교육지원청","경기도 안산시 단원구","S090005394","단원중학교","03","공립","N","","6","158","26.3","7","179","25.6","8","195","24.4","2","13","6.5","0","0","0","23","545","23.7","40","13.6"
"경기도교육청","경기도파주교육지원청","경기도 파주시","S090005396","두일중학교","03","공립","N","","8","241","30.1","6","190","31.7","7","220","31.4","1","5","5","0","0","0","22","656","29.8","38","17.3"
"경기도교육청","경기도안성교육지원청","경기도 안성시","S090005398","비룡중학교","03","공립","N","","8","182","22.8","9","218","24.2","9","216","24","3","20","6.7","0","0","0","29","636","21.9","48","13.3"
"경기도교육청","경기도수원교육지원청","경기도 수원시 권선구","S090005400","서호중학교","03","공립","N","","3","81","27","3","73","24.3","4","83","20.8","2","8","4","0","0","0","12","245","20.4","21","11.7"
"경기도교육청","경기도안산교육지원청","경기도 안산시 단원구","S090005401","석수중학교","03","공립","N","","6","166","27.7","5","151","30.2","6","158","26.3","2","13","6.5","0","0","0","19","488","25.7","31","15.7"
"경기도교육청","경기도안산교육지원청","경기도 안산시 상록구","S090005405","안산성호중학교","03","공립","N","","8","215","26.9","7","204","29.1","8","241","30.1","1","6","6","1","3","3","25","669","26.8","42","15.9"
"경기도교육청","경기도용인교육지원청","경기도 용인시 처인구","S090005407","용천중학교","03","공립","N","","5","122","24.4","5","111","22.2","4","104","26","1","5","5","0","0","0","15","342","22.8","27","12.7"
"경기도교육청","경기도안양과천교육지원청","경기도 안양시 동안구","S090005409","임곡중학교","03","공립","N","","6","186","31","7","211","30.1","8","243","30.4","1","1","1","0","0","0","22","641","29.1","38","16.9"
"경기도교육청","경기도고양교육지원청","경기도 고양시 일산동구","S090005410","풍동중학교","03","공립","N","","9","238","26.4","9","237","26.3","10","263","26.3","1","5","5","0","0","0","29","743","25.6","51","14.6"
"경기도교육청","경기도가평교육지원청","경기도 가평군","S090005419","청심국제중학교","03","사립","N","","4","108","27","4","106","26.5","4","106","26.5","0","0","0","0","0","0","12","320","26.7","26","12.3"
"경기도교육청","경기도안산교육지원청","경기도 안산시 상록구","S090005420","안산해양중학교","03","공립","N","","6","190","31.7","6","179","29.8","6","169","28.2","1","5","5","0","0","0","19","543","28.6","33","16.5"
"경기도교육청","경기도화성오산교육지원청","경기도 오산시","S090005462","오산원일중학교","03","공립","N","","11","368","33.5","10","329","32.9","10","330","33","2","15","7.5","1","2","2","34","1044","30.7","59","17.7"
"경기도교육청","경기도용인교육지원청","경기도 용인시 처인구","S090005468","고림중학교","03","공립","N","","7","186","26.6","7","183","26.1","11","302","27.5","1","9","9","0","0","0","26","680","26.2","47","14.5"
"경기도교육청","경기도수원교육지원청","경기도 수원시 권선구","S090005469","상촌중학교","03","공립","N","","10","349","34.9","10","323","32.3","11","345","31.4","1","9","9","0","0","0","32","1026","32.1","57","18"
"경기도교육청","경기도화성오산교육지원청","경기도 화성시 병점구","S090005470","기산중학교","03","공립","N","","5","152","30.4","6","188","31.3","6","182","30.3","1","7","7","0","0","0","18","529","29.4","32","16.5"
"경기도교육청","경기도화성오산교육지원청","경기도 화성시 동탄구","S090005473","석우중학교","03","공립","N","","10","336","33.6","10","339","33.9","10","331","33.1","1","8","8","0","0","0","31","1014","32.7","56","18.1"
"경기도교육청","경기도구리남양주교육지원청","경기도 남양주시","S090005475","어람중학교","03","공립","N","","8","201","25.1","8","214","26.8","8","191","23.9","1","6","6","0","0","0","25","612","24.5","46","13.3"
"경기도교육청","경기도수원교육지원청","경기도 수원시 영통구","S090005477","잠원중학교","03","공립","N","","11","338","30.7","12","387","32.3","12","384","32","1","5","5","0","0","0","36","1114","30.9","62","18"
"경기도교육청","경기도용인교육지원청","경기도 용인시 기흥구","S090005479","보라중학교","03","공립","N","","11","286","26","11","310","28.2","12","340","28.3","2","10","5","0","0","0","36","946","26.3","62","15.3"
"경기도교육청","경기도의정부교육지원청","경기도 의정부시","S090005489","녹양중학교","03","공립","N","","4","111","27.8","5","132","26.4","5","131","26.2","2","10","5","0","0","0","16","384","24","28","13.7"
"경기도교육청","경기도의정부교육지원청","경기도 의정부시","S090005490","솔뫼중학교","03","공립","N","","6","167","27.8","5","146","29.2","4","111","27.8","0","0","0","0","0","0","15","424","28.3","27","15.7"
"경기도교육청","경기도수원교육지원청","경기도 수원시 영통구","S090005521","중앙기독중학교","03","사립","N","","3","82","27.3","3","84","28","3","84","28","1","18","18","0","0","0","10","268","26.8","19","14.1"
"경기도교육청","경기도화성오산교육지원청","경기도 화성시 효행구","S090005587","화성동화중학교","03","공립","N","","7","206","29.4","8","250","31.3","7","214","30.6","1","12","12","0","0","0","23","682","29.7","41","16.6"
"경기도교육청","경기도화성오산교육지원청","경기도 화성시 동탄구","S090005590","반송중학교","03","공립","N","","10","339","33.9","10","334","33.4","10","330","33","1","5","5","0","0","0","31","1008","32.5","54","18.7"
"경기도교육청","경기도화성오산교육지원청","경기도 화성시 동탄구","S090005592","솔빛중학교","03","공립","N","","10","335","33.5","10","338","33.8","10","326","32.6","2","13","6.5","0","0","0","32","1012","31.6","55","18.4"
"경기도교육청","경기도부천교육지원청","경기도 부천시 오정구","S090005604","수주중학교","03","공립","N","","8","216","27","7","187","26.7","7","190","27.1","3","17","5.7","0","0","0","25","610","24.4","43","14.2"
"경기도교육청","경기도부천교육지원청","경기도 부천시 원미구","S090005605","원미중학교","03","공립","N","","4","108","27","4","102","25.5","4","101","25.3","3","16","5.3","0","0","0","15","327","21.8","25","13.1"
"경기도교육청","경기도부천교육지원청","경기도 부천시 오정구","S090005606","까치울중학교","03","공립","N","","7","194","27.7","6","161","26.8","6","165","27.5","1","3","3","0","0","0","20","523","26.2","34","15.4"
"경기도교육청","경기도고양교육지원청","경기도 고양시 일산동구","S090005608","안곡중학교","03","공립","N","","11","308","28","10","256","25.6","10","269","26.9","4","17","4.3","0","0","0","35","850","24.3","61","13.9"
"경기도교육청","경기도용인교육지원청","경기도 용인시 기흥구","S090005609","청덕중학교","03","공립","N","","6","148","24.7","6","149","24.8","6","164","27.3","1","5","5","0","0","0","19","466","24.5","33","14.1"
"경기도교육청","경기도김포교육지원청","경기도 김포시","S090005611","고창중학교","03","공립","N","","10","360","36","9","319","35.4","11","367","33.4","0","0","0","0","0","0","30","1046","34.9","52","20.1"
"경기도교육청","경기도시흥교육지원청","경기도 시흥시","S090005613","시흥능곡중학교","03","공립","N","","6","168","28","6","162","27","7","187","26.7","1","7","7","0","0","0","20","524","26.2","34","15.4"
"경기도교육청","경기도시흥교육지원청","경기도 시흥시","S090005614","응곡중학교","03","공립","N","","8","229","28.6","8","226","28.3","8","223","27.9","0","0","0","1","3","3","25","681","27.2","43","15.8"
"경기도교육청","경기도시흥교육지원청","경기도 시흥시","S090005615","시흥매화중학교","03","공립","N","","3","72","24","4","80","20","3","77","25.7","1","3","3","0","0","0","11","232","21.1","20","11.6"
"경기도교육청","경기도군포의왕교육지원청","경기도 의왕시","S090005616","모락중학교","03","공립","N","","8","224","28","8","200","25","8","208","26","1","2","2","0","0","0","25","634","25.4","46","13.8"
"경기도교육청","경기도시흥교육지원청","경기도 시흥시","S090005619","은계중학교","03","공립","N","","10","298","29.8","10","297","29.7","10","308","30.8","1","6","6","0","0","0","31","909","29.3","53","17.2"
"경기도교육청","경기도성남교육지원청","경기도 성남시 중원구","S090005620","도촌중학교","03","공립","N","","5","145","29","5","131","26.2","5","144","28.8","1","1","1","0","0","0","16","421","26.3","27","15.6"
"경기도교육청","경기도성남교육지원청","경기도 성남시 분당구","S090005622","샛별중학교","03","공립","N","","7","221","31.6","7","213","30.4","6","168","28","1","6","6","0","0","0","21","608","29","36","16.9"
"경기도교육청","경기도성남교육지원청","경기도 성남시 수정구","S090005623","수진중학교","03","공립","N","","2","44","22","3","55","18.3","3","61","20.3","3","18","6","0","0","0","11","178","16.2","22","8.1"
"경기도교육청","경기도화성오산교육지원청","","S090005654","능동중학교","03","공립","N","","9","294","32.7","9","281","31.2","10","316","31.6","2","12","6","0","0","0","30","903","30.1","54","16.7"
"경기도교육청","경기도화성오산교육지원청","","S090005657","와우중학교","03","공립","N","","10","318","31.8","10","313","31.3","10","325","32.5","1","6","6","0","0","0","31","962","31","54","17.8"
"경기도교육청","경기도화성오산교육지원청","경기도 화성시 동탄구","S090005661","푸른중학교","03","공립","N","","10","334","33.4","10","330","33","10","323","32.3","1","7","7","0","0","0","31","994","32.1","57","17.4"
"경기도교육청","경기도화성오산교육지원청","경기도 화성시 만세구","S090005662","향남중학교","03","공립","N","","13","440","33.8","13","450","34.6","11","381","34.6","1","7","7","0","0","0","38","1278","33.6","68","18.8"
"경기도교육청","경기도구리남양주교육지원청","경기도 남양주시","S090005679","광릉중학교","03","공립","N","","4","80","20","3","71","23.7","3","66","22","1","3","3","0","0","0","11","220","20","22","10"
"경기도교육청","경기도김포교육지원청","경기도 김포시","S090005681","김포신곡중학교","03","공립","N","","9","303","33.7","9","291","32.3","9","280","31.1","1","4","4","0","0","0","28","878","31.4","48","18.3"
"경기도교육청","경기도구리남양주교육지원청","경기도 남양주시","S090005683","예봉중학교","03","공립","N","","8","214","26.8","8","213","26.6","8","221","27.6","1","4","4","0","0","0","25","652","26.1","43","15.2"
"경기도교육청","경기도안성교육지원청","경기도 안성시","S090005684","양진중학교","03","공립","N","","5","131","26.2","6","134","22.3","5","119","23.8","1","6","6","0","0","0","17","390","22.9","29","13.4"
"경기도교육청","경기도안산교육지원청","경기도 안산시 단원구","S090005689","신길중학교","03","공립","N","","9","219","24.3","7","186","26.6","8","203","25.4","2","10","5","0","0","0","26","618","23.8","47","13.1"
"경기도교육청","경기도파주교육지원청","경기도 파주시","S090005691","한빛중학교","03","공립","N","","10","337","33.7","10","337","33.7","10","335","33.5","0","0","0","0","0","0","30","1009","33.6","54","18.7"
"경기도교육청","경기도수원교육지원청","경기도 수원시 영통구","S090005694","매탄중학교","03","공립","N","","8","231","28.9","6","177","29.5","9","255","28.3","1","4","4","0","0","0","24","667","27.8","41","16.3"
"경기도교육청","경기도성남교육지원청","경기도 성남시 분당구","S090005698","보평중학교","03","공립","N","","8","249","31.1","8","246","30.8","8","234","29.3","1","9","9","0","0","0","25","738","29.5","46","16"
"경기도교육청","경기도성남교육지원청","경기도 성남시 분당구","S090005700","운중중학교","03","공립","N","","7","224","32","6","184","30.7","6","189","31.5","2","9","4.5","0","0","0","21","606","28.9","36","16.8"
"경기도교육청","경기도성남교육지원청","경기도 성남시 분당구","S090005701","판교중학교","03","공립","N","","7","205","29.3","7","194","27.7","6","186","31","1","2","2","0","0","0","21","587","28","36","16.3"
"경기도교육청","경기도구리남양주교육지원청","경기도 남양주시","S090005704","가운중학교","03","공립","N","","3","67","22.3","3","66","22","4","94","23.5","4","14","3.5","0","0","0","14","241","17.2","27","8.9"
"경기도교육청","경기도고양교육지원청","경기도 고양시 덕양구","S090005707","성사중학교","03","공립","N","","6","149","24.8","6","139","23.2","5","130","26","2","12","6","0","0","0","19","430","22.6","32","13.4"
"경기도교육청","경기도구리남양주교육지원청","경기도 남양주시","S090005709","풍양중학교","03","공립","N","","12","358","29.8","13","376","28.9","12","358","29.8","2","13","6.5","0","0","0","39","1105","28.3","68","16.3"
"경기도교육청","경기도광주하남교육지원청","경기도 하남시","S090005713","덕풍중학교","03","공립","N","","8","239","29.9","8","212","26.5","8","234","29.3","1","7","7","0","0","0","25","692","27.7","44","15.7"
"경기도교육청","경기도김포교육지원청","경기도 김포시","S090005746","신양중학교","03","공립","N","","5","122","24.4","4","91","22.8","5","102","20.4","2","8","4","0","0","0","16","323","20.2","26","12.4"
"경기도교육청","경기도용인교육지원청","경기도 용인시 수지구","S090005749","용인한빛중학교","03","공립","N","","6","189","31.5","5","147","29.4","6","181","30.2","2","8","4","0","0","0","19","525","27.6","34","15.4"
"경기도교육청","경기도김포교육지원청","경기도 김포시","S090005752","마송중학교","03","공립","N","","4","109","27.3","4","110","27.5","4","109","27.3","2","10","5","0","0","0","14","338","24.1","23","14.7"
"경기도교육청","경기도안산교육지원청","경기도 안산시 상록구","S090005755","이호중학교","03","공립","N","","9","266","29.6","10","267","26.7","10","281","28.1","3","19","6.3","0","0","0","32","833","26","55","15.1"
"경기도교육청","경기도화성오산교육지원청","경기도 오산시","S090005760","세마중학교","03","공립","N","","12","425","35.4","9","317","35.2","8","284","35.5","2","15","7.5","0","0","0","31","1041","33.6","56","18.6"
"경기도교육청","경기도광명교육지원청","경기도 광명시","S090005764","충현중학교","03","공립","N","","4","106","26.5","5","138","27.6","6","165","27.5","1","6","6","0","0","0","16","415","25.9","28","14.8"
"경기도교육청","경기도수원교육지원청","경기도 수원시 영통구","S090005767","수원원일중학교","03","공립","N","","2","29","14.5","2","32","16","1","25","25","0","0","0","0","0","0","5","86","17.2","13","6.6"
"경기도교육청","경기도용인교육지원청","경기도 용인시 기흥구","S090005775","흥덕중학교","03","공립","N","","13","390","30","12","355","29.6","10","283","28.3","2","11","5.5","0","0","0","37","1039","28.1","63","16.5"
"경기도교육청","경기도구리남양주교육지원청","경기도 남양주시","S090005779","별가람중학교","03","공립","N","","11","319","29","9","265","29.4","12","369","30.8","1","10","10","0","0","0","33","963","29.2","57","16.9"
"경기도교육청","경기도구리남양주교육지원청","경기도 남양주시","S090005783","화접중학교","03","공립","N","","9","251","27.9","8","224","28","1","22","22","2","7","3.5","0","0","0","20","504","25.2","35","14.4"
"경기도교육청","경기도화성오산교육지원청","경기도 오산시","S090005832","문시중학교","03","공립","N","","10","353","35.3","13","453","34.8","13","425","32.7","2","14","7","0","0","0","38","1245","32.8","65","19.2"
"경기도교육청","경기도성남교육지원청","경기도 성남시 분당구","S090005834","삼평중학교","03","공립","N","","6","162","27","6","169","28.2","7","191","27.3","1","5","5","0","0","0","20","527","26.4","35","15.1"
"경기도교육청","경기도고양교육지원청","경기도 고양시 일산서구","S090005857","덕이중학교","03","공립","N","","13","356","27.4","12","318","26.5","12","321","26.8","1","9","9","0","0","0","38","1004","26.4","69","14.6"
"경기도교육청","경기도안성교육지원청","경기도 안성시","S090005859","만정중학교","03","공립","N","","10","301","30.1","10","327","32.7","10","326","32.6","1","7","7","0","0","0","31","961","31","55","17.5"
"경기도교육청","경기도용인교육지원청","경기도 용인시 기흥구","S090005861","상하중학교","03","공립","N","","4","126","31.5","4","115","28.8","4","112","28","1","5","5","0","0","0","13","358","27.5","24","14.9"
"경기도교육청","경기도용인교육지원청","경기도 용인시 기흥구","S090005863","서천중학교","03","공립","N","","11","332","30.2","9","275","30.6","9","268","29.8","2","12","6","0","0","0","31","887","28.6","52","17.1"
"경기도교육청","경기도파주교육지원청","경기도 파주시","S090005865","선유중학교","03","공립","N","","8","224","28","7","203","29","7","196","28","2","8","4","0","0","0","24","631","26.3","41","15.4"
"경기도교육청","경기도용인교육지원청","경기도 용인시 수지구","S090005868","성서중학교","03","공립","N","","10","318","31.8","10","316","31.6","10","309","30.9","1","7","7","0","0","0","31","950","30.6","56","17"
"경기도교육청","경기도화성오산교육지원청","","S090005875","예당중학교","03","공립","N","","8","265","33.1","8","266","33.3","8","253","31.6","1","8","8","0","0","0","25","792","31.7","45","17.6"
"경기도교육청","경기도광주하남교육지원청","경기도 광주시","S090005876","신현중학교","03","공립","N","","11","331","30.1","12","353","29.4","10","304","30.4","1","5","5","0","0","0","34","993","29.2","60","16.6"
"경기도교육청","경기도파주교육지원청","경기도 파주시","S090005877","한가람중학교","03","공립","N","","10","320","32","10","342","34.2","9","306","34","1","6","6","0","0","0","30","974","32.5","52","18.7"
"경기도교육청","경기도수원교육지원청","경기도 수원시 영통구","S090005878","광교중학교","03","공립","N","","7","226","32.3","6","192","32","6","178","29.7","1","5","5","0","0","0","20","601","30.1","34","17.7"
"경기도교육청","경기도수원교육지원청","경기도 수원시 영통구","S090005881","이의중학교","03","공립","N","","6","161","26.8","5","136","27.2","7","189","27","1","5","5","0","0","0","19","491","25.8","33","14.9"
"경기도교육청","경기도김포교육지원청","경기도 김포시","S090005884","푸른솔중학교","03","공립","N","","9","297","33","12","402","33.5","11","352","32","1","3","3","0","0","0","33","1054","31.9","58","18.2"
"경기도교육청","경기도평택교육지원청","경기도 평택시","S090005887","청옥중학교","03","공립","N","","15","425","28.3","13","352","27.1","14","410","29.3","2","7","3.5","0","0","0","44","1194","27.1","76","15.7"
"경기도교육청","경기도광주하남교육지원청","경기도 광주시","S090005889","초월중학교","03","공립","N","","14","430","30.7","13","387","29.8","13","376","28.9","2","9","4.5","0","0","0","42","1202","28.6","71","16.9"
"경기도교육청","경기도김포교육지원청","경기도 김포시","S090005911","운양중학교","03","공립","N","","11","394","35.8","11","389","35.4","12","395","32.9","1","6","6","0","0","0","35","1184","33.8","61","19.4"
"경기도교육청","경기도용인교육지원청","경기도 용인시 처인구","S090006027","고진중학교","03","공립","N","","8","219","27.4","8","219","27.4","2","54","27","1","9","9","0","0","0","19","501","26.4","34","14.7"
"경기도교육청","경기도용인교육지원청","경기도 용인시 수지구","S090006035","신봉중학교","03","공립","N","","7","218","31.1","7","223","31.9","7","200","28.6","1","7","7","0","0","0","22","648","29.5","39","16.6"
"경기도교육청","경기도용인교육지원청","경기도 용인시 처인구","S090006036","한숲중학교","03","공립","N","","8","251","31.4","9","268","29.8","8","251","31.4","1","7","7","0","0","0","26","777","29.9","46","16.9"
"경기도교육청","경기도김포교육지원청","경기도 김포시","S090006045","하늘빛중학교","03","공립","N","","10","357","35.7","10","352","35.2","12","391","32.6","1","5","5","0","0","0","33","1105","33.5","59","18.7"
"경기도교육청","경기도동두천양주교육지원청","경기도 양주시","S090006056","율정중학교","03","공립","N","","16","528","33","11","343","31.2","2","54","27","3","18","6","0","0","0","32","943","29.5","57","16.5"
"경기도교육청","경기도동두천양주교육지원청","경기도 양주시","S090006060","옥빛중학교","03","공립","N","","12","408","34","15","466","31.1","12","382","31.8","2","14","7","0","0","0","41","1270","31","76","16.7"
"경기도교육청","경기도고양교육지원청","경기도 고양시 덕양구","S090006089","원흥중학교","03","공립","N","","7","194","27.7","2","49","24.5","1","17","17","1","4","4","0","0","0","11","264","24","20","13.2"
"경기도교육청","경기도성남교육지원청","경기도 성남시 수정구","S090006105","위례중앙중학교","03","공립","N","","5","126","25.2","4","95","23.8","4","112","28","0","0","0","0","0","0","13","333","25.6","23","14.5"
"경기도교육청","경기도성남교육지원청","경기도 성남시 수정구","S090006106","위례한빛중학교","03","공립","N","","14","391","27.9","13","354","27.2","13","359","27.6","1","7","7","0","0","0","41","1111","27.1","74","15"
"경기도교육청","경기도시흥교육지원청","경기도 시흥시","S090006119","배곧중학교","03","공립","N","","16","481","30.1","12","360","30","14","434","31","2","14","7","0","0","0","44","1289","29.3","77","16.7"
"경기도교육청","경기도시흥교육지원청","경기도 시흥시","S090006148","시흥가온중학교","03","공립","N","","12","345","28.8","12","337","28.1","10","284","28.4","2","8","4","0","0","0","36","974","27.1","63","15.5"
"경기도교육청","경기도화성오산교육지원청","경기도 화성시 만세구","S090006155","하길중학교","03","공립","N","","13","433","33.3","13","398","30.6","10","320","32","3","14","4.7","0","0","0","39","1165","29.9","67","17.4"
"경기도교육청","경기도파주교육지원청","경기도 파주시","S090006158","산내중학교","03","공립","N","","10","351","35.1","10","352","35.2","10","354","35.4","1","5","5","0","0","0","31","1062","34.3","53","20"
"경기도교육청","경기도파주교육지원청","경기도 파주시","S090006159","산들중학교","03","공립","N","","10","351","35.1","10","345","34.5","10","348","34.8","1","5","5","0","0","0","31","1049","33.8","54","19.4"
"경기도교육청","경기도파주교육지원청","경기도 파주시","S090006160","운정중학교","03","공립","N","","11","351","31.9","9","273","30.3","10","316","31.6","2","14","7","0","0","0","32","954","29.8","56","17"
"경기도교육청","경기도성남교육지원청","경기도 성남시 분당구","S090006422","낙원중학교","03","공립","N","","6","186","31","6","191","31.8","6","181","30.2","1","7","7","0","0","0","19","565","29.7","35","16.1"
"경기도교육청","경기도군포의왕교육지원청","경기도 의왕시","S090006423","덕장중학교","03","공립","N","","4","101","25.3","4","86","21.5","4","85","21.3","1","3","3","0","0","0","13","275","21.2","23","12"
"경기도교육청","경기도파주교육지원청","경기도 파주시","S090006424","동패중학교","03","공립","N","","11","371","33.7","11","359","32.6","12","369","30.8","2","11","5.5","0","0","0","36","1110","30.8","62","17.9"
"경기도교육청","경기도군포의왕교육지원청","경기도 군포시","S090006430","부곡중앙중학교","03","공립","N","","8","223","27.9","8","212","26.5","8","209","26.1","1","7","7","0","0","0","25","651","26","46","14.2"
"경기도교육청","경기도성남교육지원청","경기도 성남시 분당구","S090006438","신백현중학교","03","공립","N","","5","145","29","4","115","28.8","4","102","25.5","1","6","6","0","0","0","14","368","26.3","24","15.3"
"경기도교육청","경기도김포교육지원청","경기도 김포시","S090006442","양도중학교","03","공립","N","","10","316","31.6","8","242","30.3","9","293","32.6","1","6","6","0","0","0","28","857","30.6","48","17.9"
"경기도교육청","경기도이천교육지원청","경기도 이천시","S090006448","이천사동중학교","03","공립","N","","10","280","28","8","223","27.9","8","221","27.6","2","10","5","0","0","0","28","734","26.2","48","15.3"
"경기도교육청","경기도고양교육지원청","경기도 고양시 일산동구","S090006450","일산양일중학교","03","공립","N","","17","488","28.7","16","458","28.6","16","485","30.3","1","7","7","0","0","0","50","1438","28.8","88","16.3"
"경기도교육청","경기도구리남양주교육지원청","경기도 남양주시","S090006451","주곡중학교","03","공립","N","","8","240","30","7","186","26.6","8","234","29.3","1","5","5","0","0","0","24","665","27.7","42","15.8"
"경기도교육청","경기도파주교육지원청","경기도 파주시","S090006457","해솔중학교","03","공립","N","","8","278","34.8","8","270","33.8","8","260","32.5","2","7","3.5","0","0","0","26","815","31.3","44","18.5"
"경기도교육청","경기도의정부교육지원청","경기도 의정부시","S090006560","송양중학교","03","공립","N","","12","350","29.2","10","289","28.9","10","284","28.4","2","10","5","0","0","0","34","933","27.4","59","15.8"
"경기도교육청","경기도수원교육지원청","경기도 수원시 장안구","S090006576","경기체육중학교","03","공립","N","","1","28","28","1","25","25","1","25","25","0","0","0","0","0","0","3","78","26","11","7.1"
"경기도교육청","경기도화성오산교육지원청","경기도 화성시 병점구","S090006652","화성반월중학교","03","공립","N","","11","322","29.3","9","270","30","8","247","30.9","1","7","7","0","0","0","29","846","29.2","51","16.6"
"경기도교육청","경기도김포교육지원청","경기도 김포시","S090006779","은여울중학교","03","공립","N","","12","403","33.6","12","382","31.8","10","300","30","1","6","6","0","0","0","35","1091","31.2","61","17.9"
"경기도교육청","경기도고양교육지원청","경기도 고양시 덕양구","S090006780","신원중학교","03","공립","N","","10","303","30.3","12","364","30.3","11","314","28.5","3","19","6.3","0","0","0","36","1000","27.8","63","15.9"
"경기도교육청","경기도수원교육지원청","경기도 수원시 영통구","S090006781","수원다산중학교","03","공립","N","","11","372","33.8","11","359","32.6","11","351","31.9","1","7","7","0","0","0","34","1089","32","60","18.2"
"경기도교육청","경기도수원교육지원청","경기도 수원시 권선구","S090006782","능실중학교","03","공립","N","","10","339","33.9","10","318","31.8","9","297","33","2","11","5.5","0","0","0","31","965","31.1","53","18.2"
"경기도교육청","경기도김포교육지원청","경기도 김포시","S090006783","김포한가람중학교","03","공립","N","","11","354","32.2","10","326","32.6","9","283","31.4","1","6","6","0","0","0","31","969","31.3","54","17.9"
"경기도교육청","경기도용인교육지원청","경기도 용인시 기흥구","S090006784","어정중학교","03","공립","N","","8","244","30.5","8","237","29.6","8","243","30.4","1","5","5","0","0","0","25","729","29.2","45","16.2"
"경기도교육청","경기도구리남양주교육지원청","경기도 남양주시","S090006800","천마중학교","03","공립","N","","7","216","30.9","6","159","26.5","5","153","30.6","1","6","6","0","0","0","19","534","28.1","33","16.2"
"경기도교육청","경기도동두천양주교육지원청","경기도 양주시","S090006805","옥정중학교","03","공립","N","","11","372","33.8","10","315","31.5","19","612","32.2","2","14","7","0","0","0","42","1313","31.3","73","18"
"경기도교육청","경기도광주하남교육지원청","경기도 하남시","S090006912","미사강변중학교","03","공립","N","","14","454","32.4","15","470","31.3","13","424","32.6","2","10","5","0","0","0","44","1358","30.9","81","16.8"
"경기도교육청","경기도화성오산교육지원청","","S090006934","한백중학교","03","공립","N","","12","429","35.8","12","401","33.4","12","391","32.6","1","4","4","0","0","0","37","1225","33.1","66","18.6"
"경기도교육청","경기도화성오산교육지원청","경기도 화성시 동탄구","S090006939","청계중학교","03","공립","N","","12","437","36.4","12","398","33.2","12","402","33.5","1","8","8","0","0","0","37","1245","33.6","65","19.2"
"경기도교육청","경기도화성오산교육지원청","","S090006944","방교중학교","03","공립","N","","12","409","34.1","12","393","32.8","12","399","33.3","1","9","9","0","0","0","37","1210","32.7","66","18.3"
"경기도교육청","경기도고양교육지원청","경기도 고양시 덕양구","S090006953","도래울중학교","03","공립","N","","15","410","27.3","15","410","27.3","12","347","28.9","2","8","4","0","0","0","44","1175","26.7","76","15.5"
"경기도교육청","경기도구리남양주교육지원청","경기도 남양주시","S090006966","한별중학교","03","공립","N","","8","217","27.1","8","240","30","10","300","30","2","9","4.5","0","0","0","28","766","27.4","49","15.6"
"경기도교육청","경기도광주하남교육지원청","경기도 하남시","S090007035","위례중학교","03","공립","N","","15","466","31.1","15","442","29.5","14","416","29.7","1","5","5","0","0","0","45","1329","29.5","80","16.6"
"경기도교육청","경기도광주하남교육지원청","경기도 하남시","S090007036","은가람중학교","03","공립","N","","8","269","33.6","6","177","29.5","8","242","30.3","2","10","5","0","0","0","24","698","29.1","41","17"
"경기도교육청","경기도광주하남교육지원청","경기도 하남시","S090007037","미사중학교","03","공립","N","","13","437","33.6","13","429","33","13","437","33.6","1","6","6","0","0","0","40","1309","32.7","69","19"
"경기도교육청","경기도시흥교육지원청","경기도 시흥시","S090007065","조남중학교","03","공립","N","","13","411","31.6","13","410","31.5","10","321","32.1","1","7","7","0","0","0","37","1149","31.1","65","17.7"
"경기도교육청","경기도부천교육지원청","경기도 부천시 소사구","S090007115","옥길중학교","03","공립","N","","10","297","29.7","11","295","26.8","10","287","28.7","2","8","4","0","0","0","33","887","26.9","55","16.1"
"경기도교육청","경기도안양과천교육지원청","경기도 안양시 만안구","S090007124","박달중학교","03","공립","N","","6","158","26.3","6","156","26","7","163","23.3","3","16","5.3","0","0","0","22","493","22.4","37","13.3"
"경기도교육청","경기도화성오산교육지원청","","S090007127","다원중학교","03","공립","N","","12","422","35.2","12","396","33","12","395","32.9","1","6","6","0","0","0","37","1219","32.9","64","19"
"경기도교육청","경기도구리남양주교육지원청","경기도 구리시","S090007157","갈매중학교","03","공립","N","","13","390","30","11","331","30.1","9","283","31.4","1","6","6","0","0","0","34","1010","29.7","59","17.1"
"경기도교육청","경기도광주하남교육지원청","경기도 하남시","S090007158","윤슬중학교","03","공립","N","","14","468","33.4","14","452","32.3","13","414","31.8","2","9","4.5","0","0","0","43","1343","31.2","76","17.7"
"경기도교육청","경기도화성오산교육지원청","경기도 화성시 만세구","S090007189","송린중학교","03","공립","N","","17","459","27","15","414","27.6","12","335","27.9","2","12","6","0","0","0","46","1220","26.5","78","15.6"
"경기도교육청","경기도화성오산교육지원청","경기도 화성시 동탄구","S090007219","청림중학교","03","공립","N","","12","407","33.9","12","392","32.7","12","393","32.8","1","10","10","0","0","0","37","1202","32.5","65","18.5"
"경기도교육청","경기도평택교육지원청","경기도 평택시","S090007237","용이중학교","03","공립","N","","11","305","27.7","9","272","30.2","9","274","30.4","2","13","6.5","0","0","0","31","864","27.9","53","16.3"
"경기도교육청","경기도구리남양주교육지원청","경기도 남양주시","S090007238","남양주다산중학교","03","공립","N","","13","424","32.6","13","404","31.1","11","362","32.9","1","7","7","0","0","0","38","1197","31.5","69","17.3"
"경기도교육청","경기도화성오산교육지원청","경기도 화성시 동탄구","S090007242","동탄목동중학교","03","공립","N","","12","414","34.5","12","395","32.9","12","398","33.2","1","9","9","0","0","0","37","1216","32.9","67","18.1"
"경기도교육청","경기도광주하남교육지원청","경기도 광주시","S090007253","매양중학교","03","공립","N","","11","318","28.9","10","290","29","10","298","29.8","1","6","6","0","0","0","32","912","28.5","55","16.6"
"경기도교육청","경기도성남교육지원청","경기도 성남시 수정구","S090007254","창성중학교","03","공립","N","","4","100","25","3","79","26.3","3","70","23.3","3","15","5","0","0","0","13","264","20.3","22","12"
"경기도교육청","경기도화성오산교육지원청","","S090007256","이산중학교","03","공립","N","","11","373","33.9","8","268","33.5","8","271","33.9","1","8","8","0","0","0","28","920","32.9","49","18.8"
"경기도교육청","경기도부천교육지원청","경기도 부천시 원미구","S090007311","도당중학교","03","공립","N","","6","167","27.8","7","181","25.9","7","174","24.9","1","7","7","0","0","0","21","529","25.2","37","14.3"
"경기도교육청","경기도구리남양주교육지원청","경기도 남양주시","S090007319","다산한강중학교","03","공립","N","","11","321","29.2","9","275","30.6","9","267","29.7","1","8","8","0","0","0","30","871","29","54","16.1"
"경기도교육청","경기도시흥교육지원청","경기도 시흥시","S090007324","배곧해솔중학교","03","공립","N","","14","427","30.5","14","417","29.8","17","511","30.1","2","10","5","0","0","0","47","1365","29","82","16.6"
"경기도교육청","경기도화성오산교육지원청","경기도 화성시 만세구","S090007330","신백중학교","03","공립","N","","10","294","29.4","10","293","29.3","10","273","27.3","1","7","7","0","0","0","31","867","28","55","15.8"
"경기도교육청","경기도화성오산교육지원청","","S090007332","서연중학교","03","공립","N","","12","419","34.9","12","400","33.3","12","394","32.8","1","6","6","0","0","0","37","1219","32.9","65","18.8"
"경기도교육청","경기도광명교육지원청","경기도 광명시","S090007339","빛가온중학교","03","공립","N","","9","257","28.6","8","217","27.1","8","212","26.5","1","4","4","0","0","0","26","690","26.5","46","15"
"경기도교육청","경기도고양교육지원청","경기도 고양시 덕양구","S090007376","향동중학교","03","공립","N","","9","229","25.4","9","226","25.1","8","191","23.9","1","4","4","0","0","0","27","650","24.1","47","13.8"
"경기도교육청","경기도광주하남교육지원청","경기도 하남시","S090007377","감일중학교","03","공립","N","","9","254","28.2","8","216","27","8","227","28.4","1","3","3","0","0","0","26","700","26.9","46","15.2"
"경기도교육청","경기도화성오산교육지원청","","S090007395","수현중학교","03","공립","N","","5","132","26.4","9","218","24.2","10","286","28.6","2","10","5","0","0","0","26","646","24.8","43","15"
"경기도교육청","경기도광주하남교육지원청","경기도 광주시","S090007406","태전중학교","03","공립","N","","13","411","31.6","12","376","31.3","10","318","31.8","1","6","6","0","0","0","36","1111","30.9","62","17.9"
"경기도교육청","경기도고양교육지원청","경기도 고양시 덕양구","S090007440","지축중학교","03","공립","N","","10","281","28.1","11","310","28.2","9","252","28","1","7","7","0","0","0","31","850","27.4","56","15.2"
"경기도교육청","경기도안산교육지원청","경기도 안산시 상록구","S090007442","안산해솔중학교","03","공립","N","","10","305","30.5","10","296","29.6","9","281","31.2","2","8","4","0","0","0","31","890","28.7","53","16.8"
"경기도교육청","경기도구리남양주교육지원청","경기도 남양주시","S090007518","다산새봄중학교","03","공립","N","","15","457","30.5","11","360","32.7","12","386","32.2","2","13","6.5","0","0","0","40","1216","30.4","72","16.9"
"경기도교육청","경기도광주하남교육지원청","경기도 하남시","S090007519","감일백제중학교","03","공립","N","","7","188","26.9","7","181","25.9","7","187","26.7","1","5","5","0","0","0","22","561","25.5","39","14.4"
"경기도교육청","경기도화성오산교육지원청","경기도 화성시 동탄구","S090007521","화성세정중학교","03","공립","N","","10","342","34.2","11","344","31.3","9","273","30.3","1","4","4","0","0","0","31","963","31.1","54","17.8"
"경기도교육청","경기도화성오산교육지원청","","S090007522","치동중학교","03","공립","N","","10","359","35.9","10","331","33.1","8","249","31.1","1","8","8","0","0","0","29","947","32.7","52","18.2"
"경기도교육청","경기도평택교육지원청","경기도 평택시","S090007572","민세중학교","03","공립","N","","11","302","27.5","11","300","27.3","12","329","27.4","1","6","6","0","0","0","35","937","26.8","62","15.1"
"경기도교육청","경기도파주교육지원청","경기도 파주시","S090007577","심학중학교","03","공립","N","","7","219","31.3","6","183","30.5","5","161","32.2","2","8","4","0","0","0","20","571","28.6","36","15.9"
"경기도교육청","경기도김포교육지원청","경기도 김포시","S090007580","나래중학교","03","공립","N","","12","397","33.1","12","376","31.3","9","296","32.9","2","11","5.5","0","0","0","35","1080","30.9","61","17.7"
"경기도교육청","경기도부천교육지원청","경기도 부천시 소사구","S090007582","범박중학교","03","공립","N","","11","327","29.7","11","315","28.6","11","299","27.2","1","6","6","0","0","0","34","947","27.9","60","15.8"
"경기도교육청","경기도수원교육지원청","경기도 수원시 영통구","S090007608","광교호수중학교","03","공립","N","","10","314","31.4","7","224","32","7","220","31.4","1","7","7","0","0","0","25","765","30.6","45","17"
"경기도교육청","경기도김포교육지원청","경기도 김포시","S090007613","향산중학교","03","공립","N","","5","164","32.8","5","141","28.2","4","123","30.8","0","0","0","0","0","0","14","428","30.6","25","17.1"
"경기도교육청","경기도고양교육지원청","경기도 고양시 덕양구","S090007626","덕은한강중학교","03","공립","N","","7","180","25.7","6","155","25.8","6","136","22.7","1","1","1","0","0","0","20","472","23.6","37","12.8"
"경기도교육청","경기도김포교육지원청","경기도 김포시","S090007627","모담중학교","03","공립","N","","7","244","34.9","1","33","33","0","0","0","1","1","1","0","0","0","9","278","30.9","18","15.4"
"경기도교육청","경기도평택교육지원청","경기도 평택시","S090007628","동삭중학교","03","공립","N","","11","310","28.2","11","337","30.6","11","323","29.4","1","4","4","0","0","0","34","974","28.6","59","16.5"
"경기도교육청","경기도수원교육지원청","경기도 수원시 권선구","S090007630","규장중학교","03","공립","N","","4","104","26","0","0","0","0","0","0","0","0","0","0","0","0","4","104","26","13","8"
"경기도교육청","경기도구리남양주교육지원청","경기도 남양주시","S090007654","하랑중학교","03","공립","N","","4","114","28.5","3","76","25.3","3","80","26.7","1","2","2","0","0","0","11","272","24.7","20","13.6"
"경기도교육청","경기도성남교육지원청","경기도 성남시 분당구","S090007669","판교대장중학교","03","공립","N","","5","144","28.8","5","139","27.8","4","126","31.5","1","3","3","0","0","0","15","412","27.5","26","15.8"
"경기도교육청","경기도안양과천교육지원청","경기도 과천시","S090007679","과천율목중학교","03","공립","N","","5","154","30.8","5","140","28","2","43","21.5","1","4","4","0","0","0","13","341","26.2","23","14.8"
"경기도교육청","경기도화성오산교육지원청","경기도 오산시","S090007866","가수중학교","03","공립","N","","8","216","27","2","46","23","2","39","19.5","1","4","4","0","0","0","13","305","23.5","23","13.3"
"경기도교육청","경기도부천교육지원청","경기도 부천시 소사구","S090007867","옥길새길중학교","03","공립","N","","4","88","22","3","58","19.3","0","0","0","0","0","0","0","0","0","7","146","20.9","16","9.1"
"경기도교육청","경기도군포의왕교육지원청","경기도 의왕시","S090007875","내손중학교","03","공립","N","","4","87","21.8","4","82","20.5","2","31","15.5","1","2","2","0","0","0","11","202","18.4","21","9.6"
"경기도교육청","경기도화성오산교육지원청","경기도 화성시 만세구","S090007878","화성상신중학교","03","공립","N","","3","90","30","1","25","25","1","29","29","1","3","3","0","0","0","6","147","24.5","16","9.2"
"경기도교육청","경기도화성오산교육지원청","경기도 화성시 효행구","S090007879","화담중학교","03","공립","N","","10","282","28.2","4","117","29.3","2","46","23","3","13","4.3","0","0","0","19","458","24.1","34","13.5"
"경기도교육청","경기도평택교육지원청","경기도 평택시","S090007883","해창중학교","03","공립","N","","12","308","25.7","8","184","23","4","96","24","1","7","7","0","0","0","25","595","23.8","43","13.8"
"경기도교육청","경기도파주교육지원청","경기도 파주시","S090007904","다율중학교","03","공립","N","","9","300","33.3","8","249","31.1","2","66","33","3","17","5.7","0","0","0","22","632","28.7","40","15.8"
"경기도교육청","경기도의정부교육지원청","경기도 의정부시","S090007913","훈민중학교","03","공립","N","","7","202","28.9","7","200","28.6","9","248","27.6","2","10","5","0","0","0","25","660","26.4","43","15.3"
"경기도교육청","경기도화성오산교육지원청","경기도 화성시 동탄구","S090007917","화성신동중학교","03","공립","N","","8","248","31","2","72","36","2","51","25.5","1","1","1","0","0","0","13","372","28.6","22","16.9"
"경기도교육청","경기도화성오산교육지원청","경기도 화성시 효행구","S090007921","청연중학교","03","공립","N","","2","55","27.5","2","25","12.5","2","25","12.5","1","1","1","0","0","0","7","106","15.1","16","6.6"
"경기도교육청","경기도평택교육지원청","경기도 평택시","S090007925","소사벌중학교","03","공립","N","","10","286","28.6","0","0","0","0","0","0","1","4","4","0","0","0","11","290","26.4","20","14.5"
"경기도교육청","경기도시흥교육지원청","경기도 시흥시","S090007928","시화나래중학교","03","공립","N","","4","89","22.3","3","62","20.7","2","46","23","4","16","4","0","0","0","13","213","16.4","27","7.9"
"경기도교육청","경기도평택교육지원청","경기도 평택시","S090007930","배다리중학교","03","공립","N","","5","131","26.2","5","153","30.6","5","155","31","1","7","7","0","0","0","16","446","27.9","29","15.4"
"경기도교육청","경기도시흥교육지원청","경기도 시흥시","S090007941","배곧라라중학교","03","공립","N","","10","279","27.9","9","256","28.4","2","51","25.5","1","4","4","0","0","0","22","590","26.8","40","14.8"
"경기도교육청","경기도용인교육지원청","경기도 용인시 처인구","S090008022","처인중학교","03","공립","N","","3","89","29.7","0","0","0","0","0","0","1","1","1","0","0","0","4","90","22.5","13","6.9"
"경기도교육청","경기도용인교육지원청","경기도 용인시 처인구","S090008023","도현중학교","03","공립","N","","5","118","23.6","2","41","20.5","2","31","15.5","2","5","2.5","0","0","0","11","195","17.7","22","8.9"
"경기도교육청","경기도의정부교육지원청","경기도 의정부시","S090006968","호원중학교부설방송통신중학교","25","공립","N","","3","65","21.7","3","71","23.7","3","68","22.7","0","0","0","0","0","0","9","204","22.7","27","7.6"
"경기도교육청","경기도수원교육지원청","경기도 수원시 팔달구","S090006969","수원제일중학교부설방송통신중학교","25","공립","N","","2","44","22","2","47","23.5","3","68","22.7","0","0","0","0","0","0","7","159","22.7","19","8.4"
"경기도교육청","경기도광명교육지원청","경기도 광명시","S090007165","광명중학교부설방송통신중학교","25","공립","N","","3","63","21","3","64","21.3","3","58","19.3","0","0","0","0","0","0","9","185","20.6","26","7.1"
"경기도교육청","경기도성남교육지원청","경기도 성남시 분당구","S090007166","삼평중학교부설방송통신중학교","25","공립","N","","3","55","18.3","3","63","21","3","63","21","0","0","0","0","0","0","9","181","20.1","24","7.5"