"시도교육청","교육지원청","지역","정보공시 학교코드","학교명","학교급코드","설립구분","제외여부","제외사유","교장(남)","교장(여)","교장(휴직교원)","교장(계)","교감(남)","교감(여)","교감(휴직교원)","교감(계)","수석교사(남)","수석교사(여)","수석교사(휴직교원)","수석교사(계)","보직교사(남)","보직교사(여)","보직교사(휴직교원)","보직교사(계)","일반교사(남)","일반교사(여)","일반교사(휴직교원)","일반교사(계)","특수교사(남)","특수교사(여)","특수교사(휴직교원)","특수교사(계)","전문상담교사(남)","전문상담교사(여)","전문상담교사(휴직교원)","전문상담교사(계)","사서교사(남)","사서교사(여)","사서교사(휴직교원)","사서교사(계)","실기교사(남)","실기교사(여)","실기교사(휴직교원)","실기교사(계)","보건교사(남)","보건교사(여)","보건교사(휴직교원)","보건교사(계)","영양교사(남)","영양교사(여)","영양교사(휴직교원)","영양교사(계)","기간제교사(남)","기간제교사(여)","기간제교사(휴직교원)","기간제교사(계)","강사(남)","강사(여)","강사(휴직교원)","강사(계)","총계(남)","총계(여)","총계(휴직교원)","총계(계)","원어민강사(남)","원어민강사(여)","원어민강사(계)","휴직교원수"
"경기도교육청","경기도교육청","경기도 가평군","S090000445","가평고등학교","04","공립","N","","0","1","0","1","1","0","0","1","1","0","0","1","4","6","0","10","8","25","3","33","0","3","1","3","0","1","0","1","0","0","0","0","0","0","0","0","0","1","0","1","0","0","0","0","4","4","0","8","0","1","0","1","18","42","4","60","0","0","0","4"
"경기도교육청","경기도교육청","경기도 수원시 장안구","S090000447","경기과학고등학교","04","공립","N","","1","0","0","1","1","0","0","1","0","0","0","0","9","5","0","14","31","29","5","60","0","0","0","0","0","1","0","1","0","1","0","1","0","0","0","0","0","1","0","1","0","1","0","1","1","3","0","4","0","0","0","0","43","41","5","84","0","0","0","5"
"경기도교육청","경기도교육청","경기도 수원시 권선구","S090000448","경기대명고등학교","04","공립","N","","1","0","0","1","1","0","0","1","0","0","0","0","4","1","0","5","2","8","1","10","0","0","0","0","0","1","0","1","0","0","0","0","0","0","0","0","0","0","0","0","0","1","0","1","3","3","0","6","2","3","0","5","13","17","1","30","0","0","0","1"
"경기도교육청","경기도교육청","경기도 수원시 장안구","S090000449","경기체육고등학교","04","공립","N","","1","0","0","1","1","0","0","1","0","0","0","0","8","3","0","11","8","11","2","19","0","0","0","0","0","0","0","0","0","0","0","0","0","0","0","0","0","1","0","1","0","2","0","2","2","1","0","3","0","0","0","0","20","18","2","38","0","0","0","2"
"경기도교육청","경기도교육청","경기도 이천시","S090000450","이천세무고등학교","04","공립","N","","1","0","0","1","1","0","0","1","0","0","0","0","3","2","0","5","5","2","0","7","0","0","0","0","0","0","0","0","0","0","0","0","0","0","0","0","0","0","0","0","0","0","0","0","3","2","0","5","0","0","0","0","13","6","0","19","0","0","0","0"
"경기도교육청","경기도교육청","경기도 의정부시","S090000451","경민고등학교","04","사립","N","","1","0","0","1","1","0","0","1","0","0","0","0","11","5","0","16","15","10","3","25","0","0","0","0","0","0","0","0","0","0","0","0","0","0","0","0","0","1","0","1","0","1","0","1","10","12","0","22","0","0","0","0","38","29","3","67","0","0","0","3"
"경기도교육청","경기도교육청","경기도 의정부시","S090000453","경민비즈니스고등학교","04","사립","N","","1","0","0","1","1","0","0","1","0","0","0","0","7","7","0","14","9","13","0","22","0","0","0","0","0","0","0","0","0","0","0","0","0","0","0","0","0","0","0","0","0","1","1","1","7","15","0","22","0","0","0","0","25","36","1","61","0","0","0","1"
"경기도교육청","경기도교육청","경기도 의정부시","S090000455","경민IT고등학교","04","사립","N","","1","0","0","1","0","1","0","1","0","0","0","0","5","3","0","8","16","11","1","27","0","0","0","0","0","0","0","0","0","0","0","0","0","0","0","0","0","1","0","1","0","0","0","0","9","13","0","22","0","0","0","0","31","29","1","60","0","0","0","1"
"경기도교육청","경기도교육청","경기도 안산시 단원구","S090000457","경안고등학교","04","사립","N","","1","0","0","1","1","0","0","1","0","0","0","0","15","0","0","15","29","20","1","49","0","0","0","0","0","0","0","0","0","0","0","0","0","0","0","0","0","1","0","1","0","0","0","0","8","7","0","15","0","0","0","0","54","28","1","82","0","0","0","1"
"경기도교육청","경기도교육청","경기도 안산시 단원구","S090000458","경일고등학교","04","사립","N","","1","0","0","1","1","0","0","1","0","0","0","0","10","5","1","15","14","31","6","45","0","0","0","0","0","0","0","0","0","0","0","0","0","0","0","0","0","1","0","1","0","1","0","1","9","19","0","28","0","0","0","0","35","57","7","92","0","0","0","7"
"경기도교육청","경기도교육청","경기도 광주시","S090000460","경화여자고등학교","04","사립","N","","1","0","0","1","0","1","0","1","0","0","0","0","6","6","0","12","29","12","3","41","0","0","0","0","0","0","0","0","0","0","0","0","0","0","0","0","0","1","0","1","0","1","0","1","9","12","0","21","0","0","0","0","45","33","3","78","0","0","0","3"
"경기도교육청","경기도교육청","경기도 부천시 원미구","S090000463","계남고등학교","04","공립","N","","1","0","0","1","0","1","0","1","0","0","0","0","5","7","0","12","5","34","3","39","0","3","0","3","0","1","0","1","0","0","0","0","0","0","0","0","0","1","0","1","0","0","0","0","3","4","0","7","0","0","0","0","14","51","3","65","0","0","0","3"
"경기도교육청","경기도교육청","경기도 성남시 분당구","S090000466","계원예술고등학교","04","사립","N","","1","0","0","1","1","0","0","1","0","0","0","0","4","4","0","8","8","20","1","28","0","0","0","0","0","0","0","0","0","0","0","0","0","0","0","0","0","1","0","1","0","0","0","0","0","9","0","9","1","0","0","1","15","34","1","49","0","0","0","1"
"경기도교육청","경기도교육청","경기도 고양시 일산서구","S090000468","백송고등학교","04","사립","N","","1","0","0","1","1","0","0","1","0","0","0","0","5","5","0","10","3","6","1","9","0","0","0","0","0","0","0","0","0","0","0","0","0","0","0","0","0","0","0","0","0","0","0","0","2","12","0","14","0","0","0","0","12","23","1","35","0","0","0","1"
"경기도교육청","경기도교육청","경기도 고양시 덕양구","S090000469","고양외국어고등학교","04","사립","N","","1","0","0","1","0","0","0","0","1","0","0","1","9","1","0","10","19","15","0","34","0","0","0","0","0","0","0","0","0","0","0","0","0","0","0","0","0","1","0","1","0","0","0","0","3","9","0","12","0","0","0","0","33","26","0","59","0","0","0","0"
"경기도교육청","경기도교육청","경기도 고양시 덕양구","S090000470","고양고등학교","04","공립","N","","1","0","0","1","1","0","0","1","0","0","0","0","6","11","0","17","3","20","5","23","0","4","0","4","0","1","0","1","0","0","0","0","0","0","0","0","0","1","0","1","0","0","0","0","4","16","0","20","1","0","0","1","16","53","5","69","0","0","0","5"
"경기도교육청","경기도교육청","경기도 안산시 단원구","S090000471","고잔고등학교","04","공립","N","","1","0","0","1","1","0","0","1","0","0","0","0","9","3","0","12","14","37","10","51","1","2","2","3","0","1","0","1","0","0","0","0","0","0","0","0","0","1","0","1","0","0","0","0","4","15","0","19","0","0","0","0","30","59","12","89","0","0","0","12"
"경기도교육청","경기도교육청","경기도 과천시","S090000472","과천고등학교","04","공립","N","","1","0","0","1","0","1","0","1","0","1","0","1","5","7","0","12","3","29","11","32","0","3","0","3","0","0","0","0","0","0","0","0","0","0","0","0","0","1","0","1","0","1","1","1","2","10","0","12","0","0","0","0","11","53","12","64","0","0","0","12"
"경기도교육청","경기도교육청","경기도 과천시","S090000473","과천여자고등학교","04","사립","N","","1","0","0","1","1","0","0","1","0","0","0","0","6","4","0","10","22","6","0","28","0","0","0","0","0","0","0","0","0","0","0","0","0","0","0","0","0","1","0","1","0","0","0","0","0","2","0","2","0","0","0","0","30","13","0","43","0","0","0","0"
"경기도교육청","경기도교육청","경기도 과천시","S090000474","과천외국어고등학교","04","사립","N","","0","1","0","1","1","0","0","1","0","0","0","0","10","1","0","11","24","9","3","33","0","0","0","0","0","0","0","0","0","0","0","0","0","0","0","0","0","1","0","1","0","0","0","0","4","8","0","12","0","4","0","4","39","24","3","63","0","0","0","3"
"경기도교육청","경기도교육청","경기도 과천시","S090000475","과천중앙고등학교","04","공립","N","","1","0","0","1","0","1","0","1","0","0","0","0","3","9","0","12","8","24","5","32","0","1","0","1","0","0","0","0","0","0","0","0","0","0","0","0","0","1","0","1","0","1","1","1","1","8","0","9","0","0","0","0","13","45","6","58","0","0","0","6"
"경기도교육청","경기도교육청","경기도 안양시 동안구","S090000476","경기게임마이스터고등학교","04","공립","N","","1","0","0","1","1","0","0","1","0","0","0","0","3","9","0","12","4","10","0","14","0","1","0","1","1","0","0","1","0","0","0","0","0","0","0","0","0","1","0","1","0","0","0","0","0","3","0","3","0","0","0","0","10","24","0","34","0","0","0","0"
"경기도교육청","경기도교육청","경기도 안양시 동안구","S090000477","관양고등학교","04","공립","N","","1","0","0","1","0","1","0","1","0","0","0","0","4","7","0","11","7","51","6","58","1","0","0","1","0","0","0","0","0","0","0","0","0","0","0","0","0","1","1","1","0","0","0","0","2","8","0","10","0","0","0","0","15","68","7","83","0","0","0","7"
"경기도교육청","경기도교육청","경기도 포천시","S090000478","관인고등학교","04","공립","N","","1","0","0","1","1","0","0","1","0","0","0","0","2","2","0","4","4","6","0","10","1","0","0","1","0","0","0","0","0","0","0","0","0","0","0","0","0","0","0","0","0","0","0","0","0","3","0","3","0","0","0","0","9","11","0","20","0","0","0","0"
"경기도교육청","경기도교육청","경기도 남양주시","S090000479","광동고등학교","04","사립","N","","1","0","0","1","1","0","0","1","0","0","0","0","6","7","0","13","27","19","3","46","0","0","0","0","0","1","0","1","0","0","0","0","0","0","0","0","0","1","0","1","0","0","0","0","3","11","0","14","0","0","0","0","38","39","3","77","0","0","0","3"
"경기도교육청","경기도교육청","경기도 의정부시","S090000480","의정부광동고등학교","04","사립","N","","1","0","0","1","1","0","0","1","0","0","0","0","8","3","2","11","13","13","1","26","0","0","0","0","0","0","0","0","0","0","0","0","0","0","0","0","0","1","0","1","0","0","0","0","9","12","0","21","0","0","0","0","32","29","3","61","0","0","0","3"
"경기도교육청","경기도교육청","경기도 광명시","S090000482","광명고등학교","04","공립","N","","1","0","0","1","0","1","0","1","0","0","0","0","4","8","0","12","9","45","7","54","0","3","0","3","0","0","0","0","0","0","0","0","0","0","0","0","0","1","0","1","0","1","0","1","1","6","0","7","0","0","0","0","15","65","7","80","0","0","0","7"
"경기도교육청","경기도교육청","경기도 광명시","S090000483","경기항공고등학교","04","사립","N","","1","0","0","1","1","0","0","1","0","0","0","0","4","2","0","6","0","1","1","1","0","0","0","0","0","0","0","0","0","0","0","0","0","0","0","0","0","0","0","0","0","0","0","0","17","7","0","24","0","0","0","0","23","10","1","33","0","0","0","1"
"경기도교육청","경기도교육청","경기도 광명시","S090000484","광명북고등학교","04","공립","N","","1","0","0","1","0","1","0","1","0","0","0","0","7","5","0","12","4","50","10","54","5","3","1","8","0","0","0","0","0","1","0","1","0","0","0","0","0","1","0","1","0","1","0","1","5","5","0","10","0","0","0","0","22","67","11","89","0","0","0","11"
"경기도교육청","경기도교육청","경기도 광명시","S090000487","명문고등학교","04","공립","N","","1","0","0","1","1","0","0","1","0","0","0","0","6","6","0","12","12","44","10","56","0","3","1","3","0","0","0","0","0","0","0","0","0","0","0","0","0","1","0","1","0","0","0","0","4","3","0","7","0","0","0","0","24","57","11","81","0","0","0","11"
"경기도교육청","경기도교육청","경기도 광명시","S090000488","창의경영고등학교","04","공립","N","","1","0","0","1","0","1","0","1","0","0","0","0","0","15","0","15","3","35","5","38","0","3","0","3","0","0","0","0","0","0","0","0","0","0","0","0","0","1","0","1","0","0","0","0","2","5","0","7","1","2","0","3","7","62","5","69","0","0","0","5"
"경기도교육청","경기도교육청","경기도 광명시","S090000489","광문고등학교","04","공립","N","","1","0","0","1","1","0","0","1","0","0","0","0","5","7","0","12","7","46","8","53","1","1","0","2","0","0","0","0","0","0","0","0","0","0","0","0","0","1","0","1","0","0","0","0","2","7","0","9","0","0","0","0","17","62","8","79","0","0","0","8"
"경기도교육청","경기도교육청","경기도 광주시","S090000490","광주고등학교","04","공립","N","","1","0","0","1","1","0","0","1","0","0","0","0","5","8","0","13","15","30","6","45","0","1","0","1","0","1","0","1","0","0","0","0","0","0","0","0","0","1","0","1","0","0","0","0","7","8","0","15","0","0","0","0","29","49","6","78","0","0","0","6"
"경기도교육청","경기도교육청","경기도 광주시","S090000492","곤지암고등학교","04","공립","N","","1","0","0","1","1","0","0","1","0","0","0","0","4","8","0","12","8","15","6","23","0","2","0","2","0","1","0","1","0","0","0","0","0","0","0","0","0","1","0","1","0","0","0","0","5","5","0","10","0","0","0","0","19","32","6","51","0","0","0","6"
"경기도교육청","경기도교육청","경기도 광주시","S090000493","광주중앙고등학교","04","공립","N","","1","0","0","1","1","0","0","1","0","0","0","0","7","12","0","19","15","46","6","61","0","2","0","2","0","1","0","1","0","0","0","0","0","0","0","0","0","1","1","1","0","1","0","1","5","13","0","18","0","0","0","0","29","76","7","105","0","0","0","7"
"경기도교육청","경기도교육청","경기도 파주시","S090000494","광탄고등학교","04","사립","N","","1","0","0","1","0","1","1","1","0","0","0","0","4","2","0","6","9","6","0","15","0","0","0","0","0","0","0","0","0","0","0","0","0","0","0","0","0","0","0","0","0","1","0","1","3","4","0","7","0","0","0","0","17","14","1","31","0","0","0","1"
"경기도교육청","경기도교육청","경기도 구리시","S090000496","구리고등학교","04","공립","N","","1","0","0","1","0","1","0","1","0","0","0","0","5","5","0","10","9","25","2","34","0","0","0","0","0","0","0","0","0","0","0","0","0","0","0","0","0","1","0","1","0","0","0","0","3","4","0","7","0","0","0","0","18","36","2","54","0","0","0","2"
"경기도교육청","경기도교육청","경기도 구리시","S090000497","구리여자고등학교","04","공립","N","","0","1","0","1","0","1","0","1","0","0","0","0","4","8","0","12","5","24","2","29","0","3","0","3","0","0","0","0","0","0","0","0","0","0","0","0","0","1","0","1","0","0","0","0","3","7","0","10","0","0","0","0","12","45","2","57","0","0","0","2"
"경기도교육청","경기도교육청","경기도 시흥시","S090000499","군자디지털과학고등학교","04","공립","N","","1","0","0","1","1","0","0","1","0","0","0","0","9","9","0","18","14","15","0","29","1","1","0","2","0","1","0","1","0","0","0","0","0","0","0","0","0","1","1","1","0","0","0","0","4","7","0","11","0","0","0","0","30","34","1","64","0","0","0","1"
"경기도교육청","경기도교육청","경기도 군포시","S090000502","군포고등학교","04","사립","N","","1","0","0","1","1","0","0","1","0","0","0","0","10","2","0","12","24","14","3","38","0","0","0","0","0","0","0","0","0","0","0","0","0","0","0","0","0","1","0","1","0","0","0","0","7","11","0","18","0","0","0","0","43","28","3","71","0","0","0","3"
"경기도교육청","경기도교육청","경기도 군포시","S090000504","군포e비즈니스고등학교","04","공립","N","","1","0","0","1","1","0","0","1","0","1","0","1","1","17","0","18","2","30","9","32","2","5","0","7","0","1","0","1","0","0","0","0","0","0","0","0","0","1","1","1","0","1","0","1","5","17","0","22","0","0","0","0","12","73","10","85","0","0","0","10"
"경기도교육청","경기도교육청","경기도 수원시 권선구","S090000505","권선고등학교","04","공립","N","","1","0","0","1","0","1","0","1","0","0","0","0","6","6","0","12","8","49","10","57","0","4","1","4","0","1","0","1","0","0","0","0","0","0","0","0","0","1","1","1","0","0","0","0","3","12","0","15","0","0","0","0","18","74","12","92","0","0","0","12"
"경기도교육청","경기도교육청","경기도 안양시 만안구","S090000507","근명고등학교","04","사립","N","","1","0","0","1","1","0","0","1","0","0","0","0","3","7","0","10","12","10","0","22","0","0","0","0","0","0","0","0","0","0","0","0","0","0","0","0","0","1","0","1","0","0","0","0","4","28","0","32","0","0","0","0","21","46","0","67","0","0","0","0"
"경기도교육청","경기도교육청","경기도 남양주시","S090000508","금곡고등학교","04","공립","N","","0","1","0","1","0","1","0","1","0","0","0","0","7","7","0","14","15","34","5","49","0","0","0","0","0","1","0","1","0","0","0","0","0","0","0","0","0","1","0","1","0","1","0","1","5","14","0","19","0","0","0","0","27","60","5","87","0","0","0","5"
"경기도교육청","경기도교육청","경기도 용인시 기흥구","S090000509","기흥고등학교","04","공립","N","","1","0","0","1","1","0","0","1","0","0","0","0","3","9","0","12","10","38","5","48","0","2","0","2","0","1","0","1","0","0","0","0","0","0","0","0","0","1","0","1","0","1","0","1","2","5","0","7","0","0","0","0","17","57","5","74","0","0","0","5"
"경기도교육청","경기도교육청","경기도 김포시","S090000510","김포고등학교","04","공립","N","","1","0","0","1","1","0","0","1","0","0","0","0","3","9","0","12","13","33","5","46","0","1","0","1","0","0","0","0","0","0","0","0","0","0","0","0","0","1","0","1","0","0","0","0","5","6","0","11","0","0","0","0","23","50","5","73","0","0","0","5"
"경기도교육청","경기도교육청","경기도 김포시","S090000511","김포과학기술고등학교","04","공립","N","","1","0","0","1","1","0","0","1","0","0","0","0","10","8","0","18","12","13","2","25","1","0","0","1","0","1","0","1","0","0","0","0","0","0","0","0","0","1","0","1","0","1","0","1","10","4","0","14","1","0","0","1","36","28","2","64","0","0","0","2"
"경기도교육청","경기도교육청","경기도 성남시 분당구","S090000515","낙생고등학교","04","사립","N","","1","0","0","1","1","0","0","1","0","0","0","0","9","3","0","12","24","4","3","28","0","0","0","0","0","0","0","0","0","0","0","0","0","0","0","0","0","0","0","0","0","0","0","0","5","20","0","25","0","0","0","0","40","27","3","67","0","0","0","3"
"경기도교육청","경기도교육청","경기도 양주시","S090000517","한국외식과학고등학교","04","사립","N","","0","1","0","1","1","0","0","1","0","0","0","0","4","2","0","6","4","3","0","7","0","0","0","0","0","0","0","0","0","0","0","0","0","0","0","0","0","1","0","1","0","1","0","1","7","8","0","15","0","0","0","0","16","16","0","32","0","0","0","0"
"경기도교육청","경기도교육청","","S090000518","남양고등학교","04","공립","N","","1","0","0","1","1","0","0","1","0","0","0","0","6","7","0","13","11","16","3","27","2","0","0","2","0","1","0","1","0","0","0","0","0","0","0","0","0","1","0","1","0","0","0","0","3","4","0","7","0","0","0","0","24","29","3","53","0","0","0","3"
"경기도교육청","경기도교육청","경기도 남양주시","S090000519","남양주고등학교","04","공립","N","","1","0","0","1","1","0","0","1","0","0","0","0","12","6","0","18","11","8","1","19","0","1","0","1","1","0","0","1","0","0","0","0","0","0","0","0","0","1","0","1","0","0","0","0","6","8","0","14","0","0","0","0","32","24","1","56","0","0","0","1"
"경기도교육청","경기도교육청","경기도 하남시","S090000520","남한고등학교","04","공립","N","","1","0","0","1","1","0","0","1","0","0","0","0","7","9","0","16","7","27","4","34","1","1","0","2","0","1","0","1","0","0","0","0","0","0","0","0","0","1","0","1","0","1","0","1","5","4","0","9","0","0","0","0","22","44","4","66","0","0","0","4"
"경기도교육청","경기도교육청","경기도 고양시 덕양구","S090000521","능곡고등학교","04","공립","N","","1","0","0","1","0","1","0","1","0","0","0","0","2","10","0","12","7","39","8","46","0","0","0","0","0","1","0","1","0","0","0","0","0","0","0","0","0","1","0","1","0","1","0","1","2","12","0","14","0","0","0","0","12","65","8","77","0","0","0","8"
"경기도교육청","경기도교육청","경기도 안산시 단원구","S090000524","대부고등학교","04","공립","N","","1","0","0","1","1","0","0","1","0","0","0","0","2","2","0","4","2","3","0","5","1","1","0","2","0","1","0","1","0","0","0","0","0","0","0","0","0","0","0","0","0","1","0","1","2","3","0","5","0","0","0","0","9","11","0","20","0","0","0","0"
"경기도교육청","경기도교육청","경기도 여주시","S090000525","대신고등학교","04","사립","N","","1","0","0","1","1","0","0","1","0","0","0","0","5","1","0","6","9","1","0","10","0","0","0","0","0","0","0","0","0","0","0","0","0","0","0","0","0","1","0","1","0","0","0","0","1","4","0","5","0","0","0","0","17","7","0","24","0","0","0","0"
"경기도교육청","경기도교육청","경기도 수원시 장안구","S090000527","대평고등학교","04","공립","N","","1","0","0","1","1","0","0","1","0","0","0","0","3","7","0","10","9","39","6","48","0","2","0","2","0","1","0","1","0","0","0","0","0","0","0","0","0","1","0","1","0","0","0","0","2","7","0","9","0","0","0","0","16","57","6","73","0","0","0","6"
"경기도교육청","경기도교육청","경기도 부천시 오정구","S090000528","덕산고등학교","04","공립","N","","1","0","0","1","1","0","0","1","0","0","0","0","3","9","0","12","5","27","4","32","1","1","0","2","0","1","0","1","0","0","0","0","0","0","0","0","0","1","1","1","0","0","0","0","4","5","0","9","0","0","0","0","15","44","5","59","0","0","0","5"
"경기도교육청","경기도교육청","경기도 남양주시","S090000529","덕소고등학교","04","사립","N","","1","0","0","1","1","0","0","1","0","0","0","0","8","4","0","12","20","14","1","34","0","0","0","0","0","0","0","0","0","0","0","0","0","0","0","0","0","0","0","0","0","0","0","0","9","21","1","30","0","0","0","0","39","39","2","78","0","0","0","2"
"경기도교육청","경기도교육청","경기도 양주시","S090000532","덕정고등학교","04","공립","N","","1","0","0","1","0","1","0","1","0","0","0","0","10","3","0","13","5","26","2","31","1","2","0","3","1","0","0","1","0","0","0","0","0","0","0","0","1","0","0","1","0","1","0","1","4","8","0","12","0","0","0","0","23","41","2","64","0","0","0","2"
"경기도교육청","경기도교육청","경기도 부천시 원미구","S090000533","도당고등학교","04","공립","N","","0","1","0","1","1","0","0","1","0","0","0","0","5","6","0","11","9","31","7","40","0","1","0","1","0","1","0","1","0","0","0","0","0","0","0","0","0","1","0","1","0","1","0","1","6","5","0","11","0","0","0","0","21","47","7","68","0","0","0","7"
"경기도교육청","경기도교육청","경기도 포천시","S090000534","동남고등학교","04","사립","N","","0","1","0","1","0","0","0","0","0","0","0","0","10","3","0","13","20","15","3","35","1","0","0","1","0","0","0","0","0","0","0","0","0","0","0","0","0","1","0","1","0","0","0","0","9","7","0","16","0","0","0","0","40","27","3","67","0","0","0","3"
"경기도교육청","경기도교육청","경기도 동두천시","S090000536","동두천고등학교","04","사립","N","","0","1","0","1","1","0","0","1","0","0","0","0","3","6","0","9","4","5","2","9","0","0","0","0","0","0","0","0","0","0","0","0","0","0","0","0","0","0","0","0","0","0","0","0","4","12","0","16","0","0","0","0","12","24","2","36","0","0","0","2"
"경기도교육청","경기도교육청","경기도 동두천시","S090000538","한국문화영상고등학교","04","사립","N","","1","0","0","1","1","0","0","1","0","0","0","0","7","4","0","11","4","9","3","13","0","0","0","0","0","0","0","0","0","0","0","0","0","0","0","0","0","0","0","0","0","0","0","0","11","11","0","22","0","0","0","0","24","24","3","48","0","0","0","3"
"경기도교육청","경기도교육청","경기도 동두천시","S090000539","동두천중앙고등학교","04","공립","N","","1","0","0","1","1","0","0","1","0","0","0","0","10","3","0","13","11","12","1","23","0","3","0","3","0","1","0","1","0","0","0","0","0","0","0","0","0","1","0","1","0","1","0","1","5","4","0","9","0","0","0","0","28","25","1","53","0","0","0","1"
"경기도교육청","경기도교육청","경기도 안양시 동안구","S090000541","동안고등학교","04","공립","N","","1","0","0","1","0","1","0","1","0","0","0","0","6","6","0","12","10","58","13","68","0","0","0","0","1","0","0","1","0","1","0","1","0","0","0","0","0","1","0","1","0","0","0","0","2","8","0","10","0","0","0","0","20","75","13","95","0","0","0","13"
"경기도교육청","경기도교육청","경기도 수원시 장안구","S090000542","동우여자고등학교","04","사립","N","","1","0","0","1","1","0","0","1","0","0","0","0","10","2","0","12","15","17","1","32","0","0","0","0","0","0","0","0","0","0","0","0","0","0","0","0","0","1","0","1","0","0","0","0","5","14","0","19","0","0","0","0","32","34","1","66","0","0","0","1"
"경기도교육청","경기도교육청","경기도 수원시 장안구","S090000543","동원동우고등학교","04","사립","N","","1","0","0","1","1","0","0","1","0","0","0","0","12","0","0","12","22","7","2","29","0","0","0","0","0","0","0","0","0","0","0","0","0","0","0","0","0","0","0","0","0","0","0","0","16","13","0","29","0","1","0","1","52","21","2","73","0","1","1","2"
"경기도교육청","경기도교육청","경기도 평택시","S090000544","동일공업고등학교","04","사립","N","","1","0","0","1","1","0","0","1","0","0","0","0","10","3","0","13","15","7","1","22","0","0","0","0","0","0","0","0","0","0","0","0","0","0","0","0","0","0","0","0","0","1","0","1","23","12","0","35","0","0","0","0","50","23","1","73","0","0","0","1"
"경기도교육청","경기도교육청","경기도 남양주시","S090000545","동화고등학교","04","사립","N","","1","0","0","1","2","0","0","2","0","0","0","0","7","5","0","12","35","20","2","55","0","0","0","0","0","1","0","1","0","0","0","0","0","0","0","0","0","1","0","1","0","0","0","0","10","17","0","27","0","0","0","0","55","44","2","99","0","0","0","2"
"경기도교육청","경기도교육청","","S090000546","두레자연고등학교","04","사립","N","","1","0","0","1","1","0","0","1","0","0","0","0","3","1","0","4","5","2","0","7","0","0","0","0","0","0","0","0","0","0","0","0","0","0","0","0","0","0","0","0","0","0","0","0","3","5","0","8","0","0","0","0","13","8","0","21","0","0","0","0"
"경기도교육청","경기도교육청","경기도 이천시","S090000548","마장고등학교","04","공립","N","","1","0","0","1","0","1","0","1","0","0","0","0","3","4","0","7","4","7","2","11","0","0","0","0","0","1","1","1","0","0","0","0","0","0","0","0","0","1","0","1","0","1","0","1","4","3","0","7","0","0","0","0","12","18","3","30","0","0","0","3"
"경기도교육청","경기도교육청","경기도 수원시 팔달구","S090000552","매향여자정보고등학교","04","사립","N","","0","1","0","1","1","0","0","1","0","1","0","1","8","7","0","15","21","21","3","42","0","0","0","0","0","1","0","1","0","0","0","0","0","0","0","0","0","0","0","0","0","0","0","0","2","17","0","19","1","4","0","5","33","52","3","85","0","0","0","3"
"경기도교육청","경기도교육청","경기도 고양시 덕양구","S090000553","무원고등학교","04","공립","N","","1","0","0","1","0","1","0","1","0","0","0","0","3","9","0","12","7","42","8","49","0","2","0","2","0","0","0","0","0","0","0","0","0","0","0","0","0","1","0","1","0","1","0","1","4","11","0","15","0","0","0","0","15","67","8","82","0","0","0","8"
"경기도교육청","경기도교육청","경기도 파주시","S090000554","문산고등학교","04","공립","N","","0","1","0","1","1","0","0","1","0","0","0","0","6","3","0","9","7","12","0","19","1","2","1","3","0","0","0","0","0","0","0","0","0","0","0","0","0","1","0","1","0","1","0","1","1","1","0","2","1","0","0","1","17","21","1","38","0","0","0","1"
"경기도교육청","경기도교육청","경기도 파주시","S090000555","문산수억고등학교","04","사립","N","","0","1","0","1","1","0","0","1","0","0","0","0","8","5","0","13","13","13","2","26","0","0","0","0","0","0","0","0","0","0","0","0","0","0","0","0","0","1","0","1","0","1","0","1","7","20","0","27","1","2","0","3","30","43","2","73","0","0","0","2"
"경기도교육청","경기도교육청","경기도 파주시","S090000556","문산제일고등학교","04","공립","N","","1","0","0","1","1","0","0","1","0","0","0","0","7","10","0","17","10","35","1","45","1","1","0","2","0","1","0","1","0","0","0","0","0","0","0","0","0","1","0","1","0","0","0","0","0","4","0","4","0","0","0","0","20","52","1","72","0","0","0","1"
"경기도교육청","경기도교육청","경기도 안산시 상록구","S090000558","경기모바일과학고등학교","04","공립","N","","0","1","0","1","0","1","0","1","0","0","0","0","3","13","0","16","9","20","7","29","0","0","0","0","0","1","0","1","0","0","0","0","0","0","0","0","0","1","1","1","0","0","0","0","5","11","0","16","0","0","0","0","17","48","8","65","0","0","0","8"
"경기도교육청","경기도교육청","경기도 화성시 만세구","S090000559","발안바이오과학고등학교","04","공립","N","","1","0","0","1","1","0","0","1","0","0","0","0","7","5","1","12","3","11","3","14","0","0","0","0","0","1","0","1","0","0","0","0","0","0","0","0","0","1","0","1","0","0","0","0","0","8","0","8","0","0","0","0","12","26","4","38","0","0","0","4"
"경기도교육청","경기도교육청","경기도 고양시 일산동구","S090000563","백마고등학교","04","공립","N","","1","0","0","1","0","1","0","1","0","0","0","0","4","8","0","12","9","38","11","47","0","0","0","0","0","0","0","0","0","0","0","0","0","0","0","0","0","1","0","1","0","1","0","1","3","13","0","16","0","0","0","0","17","62","11","79","0","0","0","11"
"경기도교육청","경기도교육청","경기도 고양시 일산동구","S090000564","백석고등학교","04","공립","N","","1","0","0","1","1","0","0","1","0","0","0","0","4","8","0","12","9","39","14","48","0","0","0","0","0","0","0","0","0","0","0","0","0","0","0","0","0","1","0","1","0","0","0","0","4","14","0","18","0","0","0","0","19","62","14","81","0","0","0","14"
"경기도교육청","경기도교육청","경기도 고양시 일산동구","S090000565","백신고등학교","04","공립","N","","1","0","0","1","0","1","0","1","0","0","0","0","5","6","0","11","9","40","8","49","1","0","0","1","0","0","0","0","0","0","0","0","0","0","0","0","0","1","0","1","0","1","0","1","6","7","0","13","0","1","0","1","22","57","8","79","0","1","1","8"
"경기도교육청","경기도교육청","경기도 용인시 처인구","S090000566","백암고등학교","04","공립","N","","1","0","0","1","1","0","0","1","0","0","0","0","6","5","0","11","2","8","1","10","1","0","0","1","1","0","0","1","0","0","0","0","0","0","0","0","0","1","0","1","0","1","0","1","1","1","0","2","0","0","0","0","13","16","1","29","0","0","0","1"
"경기도교육청","경기도교육청","경기도 고양시 덕양구","S090000567","백양고등학교","04","공립","N","","1","0","0","1","1","0","0","1","0","0","0","0","5","7","0","12","11","36","5","47","1","1","2","2","0","1","0","1","0","0","0","0","0","0","0","0","0","1","0","1","0","1","0","1","5","11","0","16","0","0","0","0","24","58","7","82","0","0","0","7"
"경기도교육청","경기도교육청","경기도 안양시 동안구","S090000568","백영고등학교","04","사립","N","","1","0","0","1","1","0","0","1","0","0","0","0","9","2","0","11","29","15","7","44","0","0","0","0","0","0","0","0","0","0","0","0","0","0","0","0","0","1","0","1","0","0","0","0","9","15","0","24","0","0","0","0","49","33","7","82","0","0","0","7"
"경기도교육청","경기도교육청","경기도 의왕시","S090000569","백운고등학교","04","공립","N","","1","0","0","1","1","0","0","1","0","0","0","0","5","8","0","13","10","39","6","49","0","2","0","2","0","1","0","1","0","0","0","0","0","0","0","0","0","1","0","1","0","1","0","1","4","6","0","10","0","0","0","0","21","58","6","79","0","0","0","6"
"경기도교육청","경기도교육청","경기도 동두천시","S090000572","한빛누리고등학교","04","사립","N","","1","0","0","1","1","0","0","1","0","0","0","0","4","5","0","9","5","6","0","11","0","0","0","0","0","0","0","0","0","0","0","0","0","0","0","0","0","1","0","1","0","0","0","0","10","13","0","23","0","0","0","0","21","25","0","46","0","0","0","0"
"경기도교육청","경기도교육청","경기도 부천시 원미구","S090000576","부명고등학교","04","공립","N","","1","0","0","1","1","0","0","1","0","0","0","0","6","6","0","12","10","28","7","38","0","1","0","1","0","1","0","1","0","1","0","1","0","0","0","0","0","1","1","1","0","1","0","1","5","8","0","13","0","0","0","0","23","47","8","70","0","0","0","8"
"경기도교육청","경기도교육청","경기도 부천시 원미구","S090000577","경기국제통상고등학교","04","공립","N","","0","1","0","1","1","0","0","1","0","0","0","0","2","16","0","18","1","30","1","31","0","4","1","4","1","0","0","1","0","0","0","0","0","0","0","0","0","1","0","1","0","0","0","0","2","9","0","11","0","2","0","2","7","63","2","70","0","0","0","2"
"경기도교육청","경기도교육청","경기도 부천시 원미구","S090000578","상동고등학교","04","공립","N","","1","0","0","1","1","0","0","1","0","0","0","0","5","8","0","13","5","34","5","39","0","0","0","0","0","0","0","0","0","0","0","0","0","0","0","0","0","1","0","1","0","1","0","1","3","7","0","10","0","0","0","0","15","51","5","66","0","0","0","5"
"경기도교육청","경기도교육청","경기도 부천시 소사구","S090000579","부천고등학교","04","공립","N","","1","0","0","1","1","0","0","1","0","0","0","0","5","7","0","12","12","28","3","40","0","0","0","0","1","0","0","1","0","0","0","0","0","0","0","0","0","1","0","1","0","0","0","0","2","7","0","9","0","0","0","0","22","43","3","65","0","0","0","3"
"경기도교육청","경기도교육청","경기도 부천시 소사구","S090000580","부천공업고등학교","04","공립","N","","1","0","0","1","1","0","0","1","0","0","0","0","12","9","1","21","18","20","6","38","1","2","0","3","0","1","0","1","0","0","0","0","1","0","0","1","0","1","1","1","0","0","0","0","3","10","0","13","0","0","0","0","37","43","8","80","0","0","0","8"
"경기도교육청","경기도교육청","경기도 부천시 원미구","S090000581","부천북고등학교","04","공립","N","","1","0","0","1","0","1","0","1","0","0","0","0","5","6","0","11","3","37","6","40","1","1","0","2","0","1","0","1","0","0","0","0","0","0","0","0","0","1","0","1","0","1","0","1","4","7","0","11","0","0","0","0","14","55","6","69","0","0","0","6"
"경기도교육청","경기도교육청","경기도 부천시 원미구","S090000584","부천여자고등학교","04","공립","N","","1","0","0","1","0","1","0","1","0","0","0","0","4","8","0","12","3","32","6","35","0","0","0","0","0","1","1","1","0","0","0","0","0","0","0","0","0","1","0","1","0","0","0","0","2","5","0","7","0","0","0","0","10","48","7","58","0","0","0","7"
"경기도교육청","경기도교육청","경기도 부천시 원미구","S090000585","부천정보산업고등학교","04","공립","N","","1","0","0","1","1","0","0","1","0","0","0","0","5","12","0","17","9","34","8","43","2","6","2","8","0","1","0","1","0","0","0","0","0","0","0","0","0","1","0","1","0","0","0","0","4","18","0","22","0","2","0","2","22","74","10","96","0","0","0","10"
"경기도교육청","경기도교육청","경기도 안양시 동안구","S090000586","부흥고등학교","04","공립","N","","1","0","0","1","0","1","0","1","0","0","0","0","3","8","0","11","10","54","11","64","1","2","1","3","1","0","0","1","0","1","0","1","0","0","0","0","0","1","0","1","0","0","0","0","3","12","0","15","0","1","0","1","19","80","12","99","0","0","0","12"
"경기도교육청","경기도교육청","경기도 성남시 분당구","S090000587","분당고등학교","04","공립","N","","0","1","0","1","1","0","0","1","0","0","0","0","6","6","0","12","3","43","12","46","0","2","1","2","0","1","0","1","0","0","0","0","0","0","0","0","0","1","0","1","0","1","0","1","3","11","0","14","0","0","0","0","13","66","13","79","0","0","0","13"
"경기도교육청","경기도교육청","경기도 성남시 분당구","S090000588","분당대진고등학교","04","사립","N","","1","0","0","1","1","0","0","1","0","0","0","0","3","9","1","12","14","28","1","42","0","0","0","0","0","0","0","0","0","0","0","0","0","0","0","0","0","1","0","1","0","0","0","0","8","11","0","19","0","0","0","0","27","49","2","76","0","0","0","2"
"경기도교육청","경기도교육청","경기도 성남시 분당구","S090000589","분당경영고등학교","04","공립","N","","0","1","0","1","1","0","0","1","0","1","0","1","2","16","0","18","3","41","13","44","0","1","0","1","0","1","0","1","0","0","0","0","0","0","0","0","0","1","0","1","0","1","0","1","2","17","0","19","0","1","0","1","8","81","13","89","0","0","0","13"
"경기도교육청","경기도교육청","경기도 성남시 분당구","S090000590","분당중앙고등학교","04","공립","N","","1","0","0","1","1","0","0","1","0","0","0","0","4","8","0","12","6","35","5","41","0","1","0","1","0","1","0","1","0","0","0","0","0","0","0","0","0","1","0","1","0","1","1","1","2","6","0","8","0","0","0","0","14","53","6","67","0","0","0","6"
"경기도교육청","경기도교육청","경기도 성남시 분당구","S090000591","불곡고등학교","04","공립","N","","1","0","0","1","0","1","0","1","0","1","0","1","2","10","0","12","5","36","5","41","1","1","0","2","0","1","0","1","0","0","0","0","0","0","0","0","0","1","0","1","0","0","0","0","3","3","0","6","0","1","0","1","12","55","5","67","0","0","0","5"
"경기도교육청","경기도교육청","","S090000594","비봉고등학교","04","사립","N","","1","0","0","1","0","0","0","0","0","0","0","0","8","3","0","11","27","5","4","32","0","0","0","0","0","0","0","0","0","0","0","0","0","0","0","0","0","0","0","0","0","1","1","1","13","20","0","33","0","0","0","0","49","29","5","78","0","0","0","5"
"경기도교육청","경기도교육청","경기도 김포시","S090000596","사우고등학교","04","공립","N","","0","1","0","1","0","1","0","1","0","0","0","0","5","7","0","12","16","33","5","49","0","3","0","3","0","1","1","1","0","0","0","0","0","0","0","0","0","1","0","1","0","0","0","0","3","12","0","15","0","0","0","0","24","59","6","83","0","0","0","6"
"경기도교육청","경기도교육청","경기도 군포시","S090000597","산본고등학교","04","공립","N","","0","1","0","1","1","0","0","1","0","0","0","0","5","8","0","13","14","50","8","64","1","2","0","3","0","1","0","1","0","0","0","0","0","0","0","0","0","1","0","1","0","0","0","0","2","8","0","10","0","0","0","0","23","71","8","94","0","0","0","8"
"경기도교육청","경기도교육청","경기도 군포시","S090000598","경기폴리텍고등학교","04","공립","N","","1","0","0","1","1","0","0","1","0","0","0","0","8","5","0","13","7","11","1","18","0","0","0","0","0","1","0","1","0","0","0","0","0","0","0","0","0","1","0","1","0","1","0","1","3","3","0","6","0","0","0","0","20","22","1","42","0","0","0","1"
"경기도교육청","경기도교육청","경기도 파주시","S090000599","삼광고등학교","04","사립","N","","1","0","0","1","1","0","0","1","0","0","0","0","3","0","0","3","5","5","0","10","0","0","0","0","0","0","0","0","0","0","0","0","0","0","0","0","0","0","0","0","0","0","0","0","1","2","0","3","0","0","0","0","11","7","0","18","0","0","0","0"
"경기도교육청","경기도교육청","경기도 화성시 만세구","S090000600","삼괴고등학교","04","사립","N","","1","0","0","1","0","1","0","1","0","0","0","0","6","3","0","9","11","8","1","19","0","0","0","0","0","0","0","0","0","0","0","0","0","0","0","0","0","1","0","1","0","1","1","1","14","11","0","25","0","0","0","0","32","25","2","57","0","0","0","2"
"경기도교육청","경기도교육청","경기도 수원시 팔달구","S090000602","삼일공업고등학교","04","사립","N","","1","0","0","1","0","1","0","1","0","0","0","0","16","8","0","24","16","11","4","27","0","0","0","0","1","0","0","1","0","0","0","0","0","0","0","0","0","1","0","1","0","1","1","1","26","23","0","49","0","0","0","0","60","45","5","105","0","0","0","5"
"경기도교육청","경기도교육청","경기도 수원시 팔달구","S090000603","삼일고등학교","04","사립","N","","1","0","0","1","0","1","0","1","0","0","0","0","8","8","0","16","17","26","5","43","0","0","0","0","0","1","0","1","0","0","0","0","0","0","0","0","0","1","0","1","0","0","0","0","9","18","0","27","0","0","0","0","35","55","5","90","0","0","0","5"
"경기도교육청","경기도교육청","경기도 구리시","S090000606","서울삼육고등학교","04","사립","N","","1","0","0","1","0","0","0","0","0","0","0","0","8","5","0","13","11","10","2","21","0","0","0","0","0","0","0","0","0","0","0","0","0","0","0","0","0","1","0","1","0","0","0","0","7","9","0","16","0","0","0","0","27","25","2","52","0","0","0","2"
"경기도교육청","경기도교육청","경기도 시흥시","S090000607","서해고등학교","04","공립","N","","0","1","0","1","0","1","0","1","0","0","0","0","6","6","0","12","19","29","5","48","1","1","0","2","0","1","0","1","0","0","0","0","0","0","0","0","0","1","0","1","0","1","0","1","2","10","0","12","0","0","0","0","28","51","5","79","0","0","0","5"
"경기도교육청","경기도교육청","경기도 성남시 분당구","S090000608","서현고등학교","04","공립","N","","1","0","0","1","0","1","0","1","0","0","0","0","4","10","0","14","7","39","9","46","0","0","0","0","0","0","0","0","0","0","0","0","0","0","0","0","0","1","1","1","0","0","0","0","4","6","0","10","0","0","0","0","16","57","10","73","0","0","0","10"
"경기도교육청","경기도교육청","경기도 가평군","S090000609","설악고등학교","04","공립","N","","0","1","0","1","1","0","0","1","0","0","0","0","2","1","0","3","1","9","0","10","1","0","0","1","0","0","0","0","0","0","0","0","0","0","0","0","0","0","0","0","0","0","0","0","1","4","0","5","0","0","0","0","6","15","0","21","0","0","0","0"
"경기도교육청","경기도교육청","경기도 성남시 중원구","S090000610","성남테크노과학고등학교","04","공립","N","","1","0","0","1","1","0","0","1","0","0","0","0","4","11","0","15","11","19","4","30","1","3","1","4","0","1","1","1","0","0","0","0","0","0","0","0","0","1","0","1","0","0","0","0","1","9","0","10","0","0","0","0","19","44","6","63","0","0","0","6"
"경기도교육청","경기도교육청","경기도 성남시 중원구","S090000611","성남고등학교","04","공립","N","","1","0","0","1","1","0","0","1","0","0","0","0","5","7","0","12","3","31","9","34","0","4","2","4","0","0","0","0","0","0","0","0","0","0","0","0","0","1","0","1","0","1","0","1","4","9","0","13","0","0","0","0","14","53","11","67","0","0","0","11"
"경기도교육청","경기도교육청","경기도 성남시 중원구","S090000612","성남여자고등학교","04","공립","N","","1","0","0","1","0","1","0","1","0","0","0","0","2","10","0","12","3","37","7","40","0","3","0","3","0","0","0","0","0","1","0","1","0","0","0","0","0","2","2","2","0","0","0","0","3","7","0","10","0","0","0","0","9","61","9","70","0","0","0","9"
"경기도교육청","경기도교육청","경기도 성남시 분당구","S090000613","분당아람고등학교","04","공립","N","","1","0","0","1","1","0","0","1","0","1","0","1","1","18","0","19","5","32","6","37","1","5","0","6","0","1","0","1","0","0","0","0","0","0","0","0","0","1","0","1","0","0","0","0","5","11","0","16","0","0","0","0","14","69","6","83","0","0","0","6"
"경기도교육청","경기도교육청","경기도 안양시 만안구","S090000614","성문고등학교","04","사립","N","","1","0","0","1","1","0","0","1","0","0","0","0","9","2","0","11","26","13","1","39","0","0","0","0","0","0","0","0","0","0","0","0","0","0","0","0","0","0","0","0","0","1","0","1","5","11","0","16","1","2","0","3","43","29","1","72","0","0","0","1"
"경기도교육청","경기도교육청","경기도 성남시 수정구","S090000617","성보경영고등학교","04","사립","N","","1","0","0","1","0","1","0","1","0","0","0","0","7","6","0","13","10","21","4","31","0","0","0","0","0","1","0","1","0","0","0","0","0","0","0","0","0","0","0","0","0","0","0","0","18","36","0","54","0","0","0","0","36","65","4","101","0","0","0","4"
"경기도교육청","경기도교육청","경기도 안산시 상록구","S090000618","성안고등학교","04","공립","N","","1","0","0","1","1","0","0","1","0","0","0","0","6","6","0","12","12","36","6","48","0","3","0","3","0","1","0","1","0","0","0","0","0","0","0","0","1","1","1","2","0","0","0","0","7","9","0","16","0","0","0","0","28","56","7","84","0","0","0","7"
"경기도교육청","경기도교육청","경기도 성남시 중원구","S090000620","성일고등학교","04","사립","N","","1","0","0","1","1","0","0","1","0","0","0","0","8","4","0","12","23","15","4","38","0","0","0","0","0","1","0","1","0","0","0","0","0","0","0","0","0","1","0","1","0","0","0","0","8","12","0","20","0","0","0","0","41","33","4","74","0","0","0","4"
"경기도교육청","경기도교육청","경기도 성남시 중원구","S090000622","동광고등학교","04","사립","N","","1","0","0","1","0","0","0","0","0","0","0","0","3","9","0","12","10","14","3","24","0","0","0","0","0","1","0","1","0","0","0","0","0","0","0","0","0","1","0","1","0","0","0","0","7","16","0","23","0","0","0","0","21","41","3","62","0","0","0","3"
"경기도교육청","경기도교육청","경기도 성남시 중원구","S090000624","성일정보고등학교","04","사립","N","","1","0","0","1","0","1","0","1","0","0","0","0","10","4","1","14","23","21","6","44","0","0","0","0","0","0","0","0","0","0","0","0","0","0","0","0","0","1","0","1","0","0","0","0","14","22","0","36","0","0","0","0","48","49","7","97","0","0","0","7"
"경기도교육청","경기도교육청","경기도 오산시","S090000626","성호고등학교","04","공립","N","","1","0","0","1","1","0","0","1","0","0","0","0","6","5","0","11","11","25","5","36","0","1","0","1","0","1","0","1","0","0","0","0","0","0","0","0","1","0","0","1","0","0","0","0","6","14","0","20","0","0","0","0","26","46","5","72","0","0","0","5"
"경기도교육청","경기도교육청","경기도 고양시 일산동구","S090000627","세원고등학교","04","사립","N","","1","0","0","1","1","0","0","1","0","0","0","0","12","1","0","13","17","8","3","25","0","0","0","0","0","0","0","0","0","0","0","0","0","0","0","0","0","1","0","1","0","0","0","0","6","8","0","14","0","0","0","0","37","18","3","55","0","0","0","3"
"경기도교육청","경기도교육청","경기도 시흥시","S090000628","소래고등학교","04","공립","N","","0","1","0","1","1","0","0","1","0","0","0","0","6","7","0","13","14","40","8","54","0","1","0","1","1","0","0","1","0","0","0","0","0","0","0","0","0","1","0","1","0","0","0","0","5","8","0","13","0","0","0","0","27","58","8","85","0","0","0","8"
"경기도교육청","경기도교육청","경기도 부천시 원미구","S090000630","소명여자고등학교","04","사립","N","","0","1","0","1","1","0","0","1","0","0","0","0","7","5","0","12","23","15","2","38","0","1","0","1","0","0","0","0","0","0","0","0","0","0","0","0","0","1","0","1","0","0","0","0","7","9","0","16","0","0","0","0","38","32","2","70","0","0","0","2"
"경기도교육청","경기도교육청","경기도 부천시 소사구","S090000631","소사고등학교","04","공립","N","","0","1","0","1","1","0","0","1","0","0","0","0","5","7","0","12","12","28","2","40","0","2","1","2","0","0","0","0","0","0","0","0","0","0","0","0","0","1","0","1","0","1","0","1","5","4","0","9","0","0","0","0","23","44","3","67","0","0","0","3"
"경기도교육청","경기도교육청","경기도 광명시","S090000632","소하고등학교","04","공립","N","","0","1","0","1","0","1","0","1","0","0","0","0","5","11","0","16","9","42","5","51","0","3","0","3","0","1","0","1","0","0","0","0","0","0","0","0","0","1","0","1","0","1","0","1","4","4","0","8","0","0","0","0","18","65","5","83","0","0","0","5"
"경기도교육청","경기도교육청","경기도 성남시 분당구","S090000633","송림고등학교","04","사립","N","","1","0","0","1","1","0","0","1","0","0","0","0","8","2","0","10","17","18","7","35","0","0","0","0","0","0","0","0","0","0","0","0","0","0","0","0","0","1","0","1","0","0","0","0","4","20","0","24","0","0","0","0","31","41","7","72","0","0","0","7"
"경기도교육청","경기도교육청","경기도 화성시 만세구","S090000634","송산고등학교","04","사립","N","","1","0","0","1","1","0","0","1","0","0","0","0","5","2","0","7","4","3","1","7","0","0","0","0","0","0","0","0","0","0","0","0","0","0","0","0","0","0","0","0","0","0","0","0","7","8","0","15","0","0","0","0","18","13","1","31","0","0","0","1"
"경기도교육청","경기도교육청","경기도 평택시","S090000636","송탄고등학교","04","공립","N","","1","0","0","1","1","0","0","1","0","0","0","0","6","8","1","14","9","6","3","15","0","1","1","1","0","1","0","1","0","0","0","0","0","0","0","0","0","1","0","1","0","1","1","1","10","10","0","20","0","0","0","0","27","28","6","55","0","0","0","6"
"경기도교육청","경기도교육청","경기도 평택시","S090000637","라온고등학교","04","사립","N","","1","0","0","1","1","0","0","1","0","0","0","0","6","7","1","13","4","8","2","12","0","0","0","0","0","0","0","0","0","0","0","0","0","0","0","0","0","1","0","1","0","0","0","0","6","10","0","16","0","0","0","0","18","26","3","44","0","0","0","3"
"경기도교육청","경기도교육청","경기도 의정부시","S090000638","송현고등학교","04","공립","N","","1","0","0","1","1","0","0","1","0","0","0","0","9","4","0","13","9","41","5","50","3","0","0","3","0","1","0","1","0","0","0","0","0","0","0","0","0","1","0","1","0","1","0","1","2","4","0","6","0","0","0","0","25","52","5","77","0","0","0","5"
"경기도교육청","경기도교육청","경기도 성남시 분당구","S090000639","수내고등학교","04","공립","N","","1","0","0","1","0","1","0","1","0","0","0","0","2","10","0","12","5","36","11","41","0","1","0","1","0","1","0","1","0","1","0","1","0","0","0","0","0","1","0","1","0","1","0","1","2","10","0","12","0","0","0","0","10","62","11","72","0","0","0","11"
"경기도교육청","경기도교육청","경기도 군포시","S090000640","수리고등학교","04","공립","N","","0","1","0","1","0","1","0","1","0","0","0","0","3","9","0","12","20","52","4","72","0","0","0","0","0","0","0","0","0","0","0","0","0","0","0","0","0","1","0","1","0","0","0","0","0","7","0","7","0","0","0","0","23","71","4","94","0","0","0","4"
"경기도교육청","경기도교육청","경기도 수원시 장안구","S090000641","수성고등학교","04","공립","N","","1","0","0","1","1","0","0","1","0","0","0","0","10","6","0","16","15","37","3","52","0","0","0","0","0","1","0","1","0","0","0","0","0","0","0","0","0","1","1","1","0","0","0","0","3","7","0","10","0","0","0","0","30","52","4","82","0","0","0","4"
"경기도교육청","경기도교육청","경기도 화성시 효행구","S090000644","홍익디자인고등학교","04","사립","N","","1","0","0","1","1","0","0","1","0","0","0","0","3","5","0","8","4","5","3","9","0","0","0","0","0","0","0","0","0","0","0","0","0","0","0","0","0","0","0","0","0","1","0","1","5","10","0","15","0","0","0","0","14","21","3","35","0","0","0","3"
"경기도교육청","경기도교육청","경기도 수원시 팔달구","S090000645","수원고등학교","04","사립","N","","1","0","0","1","1","0","0","1","0","0","0","0","10","3","0","13","25","29","4","54","0","0","0","0","0","0","0","0","0","0","0","0","0","0","0","0","0","1","0","1","0","1","0","1","7","9","0","16","0","0","0","0","44","43","4","87","0","0","0","4"
"경기도교육청","경기도교육청","경기도 수원시 팔달구","S090000646","수원공업고등학교","04","사립","N","","1","0","0","1","1","0","0","1","0","0","0","0","15","4","0","19","27","18","3","45","0","0","0","0","0","0","0","0","0","0","0","0","0","0","0","0","0","1","0","1","0","0","0","0","24","18","0","42","0","0","0","0","68","41","3","109","0","0","0","3"
"경기도교육청","경기도교육청","경기도 수원시 장안구","S090000648","수원농생명과학고등학교","04","공립","N","","1","0","0","1","1","0","0","1","0","0","0","0","5","13","0","18","13","33","10","46","1","3","2","4","0","1","1","1","0","0","0","0","0","0","0","0","0","1","0","1","0","2","0","2","7","18","0","25","0","0","0","0","28","71","13","99","0","0","0","13"
"경기도교육청","경기도교육청","경기도 수원시 팔달구","S090000649","수원여자고등학교","04","공립","N","","1","0","0","1","0","1","0","1","0","0","0","0","7","8","0","15","9","43","8","52","0","0","0","0","0","1","0","1","0","0","0","0","0","0","0","0","0","1","0","1","0","1","0","1","1","6","0","7","0","0","0","0","18","61","8","79","0","0","0","8"
"경기도교육청","경기도교육청","경기도 수원시 영통구","S090000651","수원정보과학고등학교","04","공립","N","","1","0","0","1","1","0","0","1","0","0","0","0","9","9","1","18","10","23","1","33","0","3","0","3","0","1","0","1","0","1","0","1","0","0","0","0","0","1","0","1","0","1","0","1","4","6","0","10","0","0","0","0","25","45","2","70","0","0","0","2"
"경기도교육청","경기도교육청","경기도 수원시 권선구","S090000653","한봄고등학교","04","사립","N","","1","0","0","1","1","0","0","1","0","0","0","0","4","10","0","14","14","16","1","30","0","0","0","0","0","0","0","0","0","0","0","0","0","0","0","0","0","1","0","1","0","0","0","0","4","21","0","25","0","1","0","1","24","49","1","73","0","0","0","1"
"경기도교육청","경기도교육청","경기도 수원시 장안구","S090000654","수일고등학교","04","공립","N","","1","0","0","1","1","0","0","1","0","0","0","0","6","8","1","14","8","41","8","49","0","0","0","0","0","1","0","1","0","0","0","0","0","0","0","0","0","1","0","1","0","0","0","0","5","6","0","11","0","0","0","0","21","57","9","78","0","0","0","9"
"경기도교육청","경기도교육청","경기도 용인시 수지구","S090000655","수지고등학교","04","공립","N","","1","0","0","1","1","0","0","1","0","0","0","0","4","17","1","21","8","46","6","54","0","1","0","1","0","1","0","1","0","0","0","0","0","0","0","0","0","1","0","1","0","1","0","1","5","11","0","16","0","0","0","0","19","78","7","97","0","0","0","7"
"경기도교육청","경기도교육청","경기도 구리시","S090000656","수택고등학교","04","공립","N","","1","0","0","1","0","1","0","1","0","0","0","0","3","8","0","11","8","26","4","34","2","5","0","7","0","1","0","1","0","0","0","0","0","0","0","0","0","1","1","1","0","0","0","0","3","9","0","12","0","0","0","0","17","51","5","68","0","0","0","5"
"경기도교육청","경기도교육청","경기도 수원시 팔달구","S090000657","숙지고등학교","04","공립","N","","0","1","0","1","0","1","0","1","0","0","0","0","7","9","0","16","8","41","8","49","1","4","0","5","0","0","0","0","0","0","0","0","0","0","0","0","0","1","0","1","0","1","0","1","3","8","0","11","0","0","0","0","19","66","8","85","0","0","0","8"
"경기도교육청","경기도교육청","경기도 성남시 중원구","S090000658","숭신고등학교","04","사립","N","","0","1","0","1","0","1","0","1","0","0","0","0","9","4","0","13","10","17","3","27","0","0","0","0","0","0","0","0","0","0","0","0","0","0","0","0","0","0","0","0","0","0","0","0","5","20","0","25","0","0","0","0","24","43","3","67","0","0","0","3"
"경기도교육청","경기도교육청","경기도 부천시 소사구","S090000659","시온고등학교","04","사립","N","","1","0","0","1","0","1","0","1","0","0","0","0","7","5","0","12","25","13","1","38","0","0","0","0","0","1","0","1","0","0","0","0","0","0","0","0","0","1","1","1","0","0","0","0","10","7","0","17","0","0","0","0","43","28","2","71","0","0","0","2"
"경기도교육청","경기도교육청","경기도 시흥시","S090000660","경기스마트고등학교","04","공립","N","","1","0","0","1","1","0","0","1","0","0","0","0","12","4","0","16","18","14","4","32","0","2","1","2","0","1","0","1","0","0","0","0","0","0","0","0","0","1","0","1","0","1","0","1","6","14","0","20","3","0","0","3","41","37","5","78","0","0","0","5"
"경기도교육청","경기도교육청","경기도 용인시 기흥구","S090000661","신갈고등학교","04","사립","N","","1","0","0","1","1","0","0","1","0","0","0","0","7","4","0","11","13","9","0","22","0","0","0","0","0","0","0","0","0","0","0","0","0","0","0","0","0","0","0","0","0","0","0","0","5","26","0","31","0","0","0","0","27","39","0","66","0","0","0","0"
"경기도교육청","경기도교육청","경기도 안양시 만안구","S090000662","신성고등학교","04","사립","N","","1","0","0","1","1","0","0","1","0","0","0","0","14","0","0","14","32","8","1","40","0","0","0","0","0","0","0","0","0","0","0","0","0","0","0","0","0","0","0","0","0","0","0","0","14","3","0","17","0","0","0","0","62","11","1","73","0","0","0","1"
"경기도교육청","경기도교육청","경기도 고양시 일산서구","S090000665","신일비즈니스고등학교","04","공립","N","","1","0","0","1","1","0","0","1","0","0","0","0","3","13","0","16","5","21","6","26","0","1","0","1","0","1","0","1","0","0","0","0","0","0","0","0","0","1","0","1","0","0","0","0","5","15","0","20","0","0","0","0","15","52","6","67","0","0","0","6"
"경기도교육청","경기도교육청","경기도 평택시","S090000666","신한고등학교","04","사립","N","","1","0","0","1","0","0","0","0","0","0","0","0","8","4","0","12","18","10","2","28","0","0","0","0","0","0","0","0","0","0","0","0","0","0","0","0","0","0","0","0","0","1","0","1","8","18","0","26","0","0","0","0","35","33","2","68","0","0","0","2"
"경기도교육청","경기도교육청","경기도 동두천시","S090000667","신흥고등학교","04","사립","N","","1","0","0","1","1","0","0","1","0","0","0","0","6","2","0","8","6","3","1","9","0","0","0","0","0","0","0","0","0","0","0","0","0","0","0","0","0","0","0","0","0","0","0","0","5","5","0","10","0","0","0","0","19","10","1","29","0","0","0","1"
"경기도교육청","경기도교육청","경기도 남양주시","S090000669","심석고등학교","04","사립","N","","1","0","0","1","1","0","0","1","0","0","0","0","11","2","0","13","33","11","2","44","0","0","0","0","0","0","0","0","0","0","0","0","0","0","0","0","0","1","0","1","0","1","0","1","9","9","0","18","0","0","0","0","55","24","2","79","0","0","0","2"
"경기도교육청","경기도교육청","경기도 부천시 원미구","S090000671","심원고등학교","04","공립","N","","1","0","0","1","0","1","0","1","1","0","0","1","6","6","0","12","5","32","4","37","0","0","0","0","0","1","0","1","0","0","0","0","0","0","0","0","0","1","0","1","0","0","0","0","5","5","0","10","1","0","0","1","19","46","4","65","0","0","0","4"
"경기도교육청","경기도교육청","경기도 안성시","S090000672","안법고등학교","04","사립","N","","1","0","0","1","1","0","0","1","0","0","0","0","12","1","0","13","18","10","2","28","0","0","0","0","0","0","0","0","0","0","0","0","0","0","0","0","0","0","0","0","0","0","0","0","3","8","0","11","0","0","0","0","35","19","2","54","0","0","0","2"
"경기도교육청","경기도교육청","경기도 안산시 단원구","S090000673","안산강서고등학교","04","사립","N","","1","0","0","1","1","0","0","1","0","0","0","0","12","3","0","15","42","14","4","56","0","0","0","0","0","0","0","0","0","0","0","0","0","0","0","0","0","1","0","1","0","0","0","0","0","6","0","6","0","0","0","0","56","24","4","80","0","0","0","4"
"경기도교육청","경기도교육청","경기도 안산시 상록구","S090000674","안산국제비즈니스고등학교","04","사립","N","","1","0","0","1","1","0","0","1","0","0","0","0","10","6","0","16","16","16","3","32","0","0","0","0","0","0","0","0","0","0","0","0","0","0","0","0","0","0","0","0","0","0","0","0","9","26","0","35","0","0","0","0","37","48","3","85","0","0","0","3"
"경기도교육청","경기도교육청","경기도 안산시 상록구","S090000675","안산고등학교","04","사립","N","","1","0","0","1","1","0","0","1","0","0","0","0","8","3","1","11","15","19","3","34","0","0","0","0","0","0","0","0","0","0","0","0","0","0","0","0","0","0","0","0","0","0","0","0","11","15","0","26","0","0","0","0","36","37","4","73","0","0","0","4"
"경기도교육청","경기도교육청","경기도 안산시 상록구","S090000676","안산공업고등학교","04","사립","N","","1","0","0","1","1","0","0","1","0","0","0","0","14","5","0","19","32","19","5","51","0","0","0","0","0","0","0","0","0","0","0","0","0","0","0","0","0","1","0","1","0","0","0","0","16","21","0","37","0","2","0","2","64","48","5","112","0","0","0","5"
"경기도교육청","경기도교육청","경기도 안산시 상록구","S090000677","안산동산고등학교","04","사립","N","","1","0","0","1","1","0","0","1","0","0","0","0","8","2","0","10","35","18","3","53","0","0","0","0","0","0","0","0","0","0","0","0","0","0","0","0","0","1","0","1","0","1","0","1","7","7","0","14","2","3","0","5","54","32","3","86","0","0","0","3"
"경기도교육청","경기도교육청","경기도 안산시 상록구","S090000680","안산디자인문화고등학교","04","사립","N","","1","0","0","1","1","0","0","1","0","0","0","0","12","3","0","15","24","23","3","47","0","0","0","0","0","0","0","0","0","0","0","0","0","0","0","0","0","1","0","1","0","0","0","0","7","15","0","22","0","1","0","1","45","43","3","88","0","0","0","3"
"경기도교육청","경기도교육청","경기도 안성시","S090000684","안성고등학교","04","공립","N","","0","1","0","1","1","0","0","1","0","0","0","0","5","6","0","11","10","18","2","28","1","2","1","3","0","1","0","1","0","0","0","0","0","0","0","0","0","1","0","1","0","0","0","0","4","5","0","9","0","1","0","1","21","35","3","56","0","0","0","3"
"경기도교육청","경기도교육청","경기도 안성시","S090000685","두원공업고등학교","04","사립","N","","1","0","0","1","1","0","0","1","0","0","0","0","12","6","0","18","20","2","0","22","0","0","0","0","0","0","0","0","0","0","0","0","0","0","0","0","0","1","0","1","0","1","0","1","9","6","0","15","0","0","0","0","43","16","0","59","0","0","0","0"
"경기도교육청","경기도교육청","경기도 안성시","S090000686","안성여자고등학교","04","공립","N","","1","0","0","1","0","1","0","1","0","0","0","0","7","5","0","12","3","17","2","20","0","2","0","2","0","1","0","1","0","0","0","0","0","0","0","0","0","1","0","1","0","0","0","0","2","6","0","8","0","0","0","0","13","33","2","46","0","0","0","2"
"경기도교육청","경기도교육청","경기도 안성시","S090000689","가온고등학교","04","사립","N","","1","0","0","1","0","0","0","0","0","0","0","0","8","3","0","11","14","11","1","25","0","0","0","0","0","0","0","0","0","0","0","0","0","0","0","0","0","0","0","0","0","1","0","1","16","11","0","27","1","0","0","1","40","26","1","66","0","0","0","1"
"경기도교육청","경기도교육청","경기도 안양시 만안구","S090000690","안양고등학교","04","공립","N","","1","0","0","1","0","1","0","1","0","0","0","0","5","7","0","12","6","53","12","59","0","1","1","1","0","0","0","0","0","1","0","1","0","0","0","0","0","1","0","1","0","0","0","0","5","11","0","16","0","0","0","0","17","75","13","92","0","0","0","13"
"경기도교육청","경기도교육청","경기도 안양시 만안구","S090000691","안양공업고등학교","04","공립","N","","1","0","0","1","1","0","0","1","0","1","0","1","15","5","0","20","10","23","4","33","1","9","0","10","1","0","0","1","0","0","0","0","0","0","0","0","0","1","0","1","0","0","0","0","3","5","0","8","0","1","0","1","32","45","4","77","0","0","0","4"
"경기도교육청","경기도교육청","경기도 안양시 만안구","S090000693","안양여자고등학교","04","사립","N","","1","0","0","1","0","1","0","1","0","0","0","0","7","6","1","13","15","8","4","23","0","0","0","0","0","0","0","0","0","0","0","0","0","0","0","0","0","0","0","0","0","0","0","0","2","13","0","15","0","0","0","0","25","28","5","53","0","0","0","5"
"경기도교육청","경기도교육청","경기도 안양시 만안구","S090000694","안양문화고등학교","04","사립","N","","1","0","0","1","0","1","0","1","0","0","0","0","3","7","0","10","5","9","1","14","0","0","0","0","0","1","0","1","0","0","0","0","0","0","0","0","0","1","0","1","0","0","0","0","7","23","0","30","0","0","0","0","16","42","1","58","0","0","0","1"
"경기도교육청","경기도교육청","경기도 안양시 만안구","S090000696","안양예술고등학교","04","사립","N","","0","1","0","1","1","0","0","1","0","0","0","0","5","2","0","7","7","4","1","11","0","0","0","0","0","0","0","0","0","0","0","0","0","0","0","0","0","0","0","0","0","0","0","0","12","6","0","18","6","7","0","13","31","20","1","51","0","0","0","1"
"경기도교육청","경기도교육청","경기도 안양시 만안구","S090000697","안양외국어고등학교","04","사립","N","","1","0","0","1","1","0","0","1","0","0","0","0","5","4","0","9","21","22","4","43","0","0","0","0","0","0","0","0","0","0","0","0","0","0","0","0","0","0","0","0","0","0","0","0","1","16","0","17","3","1","0","4","32","43","4","75","3","1","4","4"
"경기도교육청","경기도교육청","경기도 평택시","S090000699","경기물류고등학교","04","공립","N","","1","0","0","1","1","0","0","1","0","0","0","0","6","6","0","12","1","15","5","16","0","4","0","4","0","1","1","1","0","0","0","0","0","0","0","0","0","1","0","1","0","1","0","1","7","10","0","17","0","0","0","0","16","38","6","54","0","0","0","6"
"경기도교육청","경기도교육청","경기도 평택시","S090000701","안중고등학교","04","사립","N","","1","0","0","1","1","0","0","1","0","0","0","0","10","3","1","13","15","2","1","17","0","0","0","0","0","0","0","0","0","0","0","0","0","0","0","0","0","0","0","0","0","1","0","1","11","7","0","18","0","1","0","1","38","14","2","52","0","0","0","2"
"경기도교육청","경기도교육청","경기도 성남시 분당구","S090000702","야탑고등학교","04","사립","N","","1","0","0","1","1","0","0","1","0","0","0","0","9","2","0","11","19","8","3","27","0","0","0","0","0","0","0","0","0","0","0","0","0","0","0","0","0","1","0","1","0","0","0","0","11","13","0","24","0","0","0","0","41","24","3","65","0","0","0","3"
"경기도교육청","경기도교육청","경기도 김포시","S090000703","양곡고등학교","04","사립","N","","1","0","0","1","1","0","0","1","0","0","0","0","10","1","0","11","10","8","2","18","0","0","0","0","0","1","0","1","0","0","0","0","0","0","0","0","0","0","0","0","0","1","0","1","11","9","0","20","0","0","0","0","33","20","2","53","0","0","0","2"
"경기도교육청","경기도교육청","경기도 양평군","S090000704","양동고등학교","04","사립","N","","1","0","0","1","1","0","0","1","0","0","0","0","4","2","0","6","3","5","0","8","0","0","0","0","0","0","0","0","0","0","0","0","0","0","0","0","0","1","0","1","0","0","0","0","3","4","0","7","0","0","0","0","12","12","0","24","0","0","0","0"
"경기도교육청","경기도교육청","경기도 안양시 만안구","S090000705","양명고등학교","04","사립","N","","1","0","0","1","1","0","0","1","0","0","0","0","6","3","0","9","20","13","3","33","0","0","0","0","0","0","0","0","0","0","0","0","0","0","0","0","0","0","0","0","0","0","0","0","22","12","0","34","0","0","0","0","50","28","3","78","0","0","0","3"
"경기도교육청","경기도교육청","경기도 안양시 만안구","S090000706","양명여자고등학교","04","사립","N","","0","1","0","1","1","0","0","1","0","0","0","0","8","2","0","10","19","14","3","33","0","0","0","0","0","0","0","0","0","0","0","0","0","0","0","0","0","1","0","1","0","0","0","0","8","12","0","20","0","0","0","0","36","30","3","66","0","0","0","3"
"경기도교육청","경기도교육청","경기도 양평군","S090000707","양서고등학교","04","사립","N","","1","0","0","1","0","0","0","0","0","0","0","0","9","3","0","12","20","9","1","29","0","0","0","0","0","0","0","0","0","0","0","0","0","0","0","0","0","1","0","1","0","0","0","0","5","8","0","13","1","0","0","1","36","21","1","57","0","0","0","1"
"경기도교육청","경기도교육청","경기도 성남시 분당구","S090000708","양영디지털고등학교","04","공립","N","","0","1","0","1","1","0","0","1","0","0","0","0","5","7","0","12","5","29","5","34","0","0","0","0","0","1","0","1","0","0","0","0","0","0","0","0","0","1","0","1","0","1","1","1","4","4","0","8","3","1","0","4","18","45","6","63","0","0","0","6"
"경기도교육청","경기도교육청","경기도 양평군","S090000711","양일고등학교","04","사립","N","","1","0","0","1","1","0","0","1","0","0","0","0","11","1","0","12","10","13","2","23","1","0","0","1","0","0","0","0","0","0","0","0","0","0","0","0","0","1","1","1","0","1","0","1","15","4","0","19","0","0","0","0","39","20","3","59","0","0","0","3"
"경기도교육청","경기도교육청","경기도 안산시 단원구","S090000713","양지고등학교","04","공립","N","","1","0","0","1","1","0","0","1","0","0","0","0","7","5","0","12","9","38","7","47","1","2","0","3","0","1","0","1","0","0","0","0","0","0","0","0","0","1","0","1","0","0","0","0","3","11","0","14","0","0","0","0","22","58","7","80","0","0","0","7"
"경기도교육청","경기도교육청","경기도 양평군","S090000714","양평전자과학고등학교","04","공립","N","","1","0","0","1","1","0","0","1","0","0","0","0","9","2","0","11","9","4","1","13","0","0","0","0","0","0","0","0","0","1","0","1","0","0","0","0","0","1","0","1","0","0","0","0","1","2","0","3","0","0","0","0","21","10","1","31","0","0","0","1"
"경기도교육청","경기도교육청","경기도 양평군","S090000716","양평고등학교","04","공립","N","","1","0","0","1","0","1","0","1","1","0","0","1","9","8","1","17","8","14","2","22","1","3","1","4","0","0","0","0","0","0","0","0","0","0","0","0","0","1","0","1","0","0","0","0","3","7","0","10","0","0","0","0","23","34","4","57","0","0","0","4"
"경기도교육청","경기도교육청","경기도 여주시","S090000717","여강고등학교","04","사립","N","","1","0","0","1","1","0","0","1","0","0","0","0","3","1","0","4","6","1","0","7","1","0","0","1","0","0","0","0","0","0","0","0","0","0","0","0","0","1","0","1","0","0","0","0","3","5","0","8","0","1","0","1","15","9","0","24","0","1","1","0"
"경기도교육청","경기도교육청","경기도 여주시","S090000718","여주고등학교","04","사립","N","","1","0","0","1","1","0","0","1","0","0","0","0","7","2","0","9","11","5","1","16","0","0","0","0","0","0","0","0","0","0","0","0","0","0","0","0","0","1","0","1","0","1","0","1","3","10","0","13","0","0","0","0","23","19","1","42","0","0","0","1"
"경기도교육청","경기도교육청","경기도 여주시","S090000720","세종고등학교","04","공립","N","","1","0","0","1","1","0","0","1","1","0","0","1","6","7","0","13","10","11","3","21","3","0","0","3","0","1","0","1","0","1","0","1","0","0","0","0","0","1","0","1","0","0","0","0","2","5","0","7","0","0","0","0","24","26","3","50","0","0","0","3"
"경기도교육청","경기도교육청","경기도 여주시","S090000722","여주자영농업고등학교","04","공립","N","","1","0","0","1","2","0","0","2","0","0","0","0","9","6","0","15","11","13","1","24","0","1","0","1","0","1","0","1","0","0","0","0","0","0","0","0","0","1","0","1","0","1","0","1","9","18","0","27","0","0","0","0","32","41","1","73","0","0","0","1"
"경기도교육청","경기도교육청","경기도 여주시","S090000723","여주제일고등학교","04","사립","N","","1","0","0","1","1","0","0","1","0","0","0","0","11","2","0","13","8","5","1","13","0","1","0","1","0","0","0","0","0","0","0","0","0","0","0","0","0","0","0","0","0","0","0","0","6","9","0","15","0","0","0","0","27","17","1","44","0","0","0","1"
"경기도교육청","경기도교육청","경기도 연천군","S090000726","연천고등학교","04","공립","N","","1","0","0","1","1","0","0","1","0","0","0","0","7","2","0","9","3","13","1","16","0","1","0","1","0","0","0","0","0","1","0","1","0","0","0","0","0","1","1","1","0","0","0","0","2","4","0","6","0","0","0","0","14","22","2","36","0","0","0","2"
"경기도교육청","경기도교육청","경기도 수원시 영통구","S090000728","영덕고등학교","04","공립","N","","1","0","0","1","0","1","0","1","0","0","0","0","4","8","0","12","15","44","11","59","0","0","0","0","0","1","0","1","0","0","0","0","0","0","0","0","0","1","0","1","0","1","0","1","5","8","0","13","0","0","0","0","25","64","11","89","0","0","0","11"
"경기도교육청","경기도교육청","경기도 성남시 분당구","S090000729","분당영덕여자고등학교","04","사립","N","","1","0","0","1","1","0","0","1","0","0","0","0","9","3","0","12","10","16","2","26","0","0","0","0","0","0","0","0","0","0","0","0","0","0","0","0","0","1","0","1","0","0","0","0","5","21","0","26","0","0","0","0","26","41","2","67","0","0","0","2"
"경기도교육청","경기도교육청","경기도 수원시 팔달구","S090000730","영복여자고등학교","04","사립","N","","0","1","0","1","1","0","0","1","0","0","0","0","7","5","0","12","22","21","4","43","0","0","0","0","0","0","0","0","0","0","0","0","0","0","0","0","0","1","0","1","0","1","0","1","4","10","0","14","0","0","0","0","34","39","4","73","0","0","0","4"
"경기도교육청","경기도교육청","경기도 포천시","S090000731","영북고등학교","04","공립","N","","1","0","0","1","1","0","0","1","0","1","0","1","6","3","0","9","5","3","1","8","0","1","0","1","0","1","0","1","0","0","0","0","0","0","0","0","0","1","0","1","0","0","0","0","3","0","0","3","0","0","0","0","16","10","1","26","0","0","0","1"
"경기도교육청","경기도교육청","경기도 수원시 장안구","S090000732","영생고등학교","04","사립","N","","1","0","0","1","1","0","0","1","0","0","0","0","8","3","0","11","18","17","2","35","0","0","0","0","0","0","0","0","0","0","0","0","0","0","0","0","0","1","0","1","0","0","0","0","8","14","0","22","0","0","0","0","36","35","2","71","0","0","0","2"
"경기도교육청","경기도교육청","경기도 의정부시","S090000733","동국대학교사범대학부속영석고등학교","04","사립","N","","1","0","0","1","0","0","0","0","0","0","0","0","8","4","0","12","24","12","4","36","0","0","0","0","0","0","0","0","0","0","0","0","0","0","0","0","0","1","0","1","0","1","1","1","3","14","0","17","0","0","0","0","36","32","5","68","0","0","0","5"
"경기도교육청","경기도교육청","경기도 수원시 권선구","S090000734","영신여자고등학교","04","사립","N","","1","0","0","1","0","0","0","0","0","0","0","0","10","2","0","12","11","16","4","27","0","0","0","0","0","0","0","0","0","0","0","0","0","0","0","0","0","0","0","0","0","0","0","0","10","22","0","32","0","0","0","0","32","40","4","72","0","0","0","4"
"경기도교육청","경기도교육청","경기도 오산시","S090000736","오산고등학교","04","사립","N","","1","0","0","1","1","0","0","1","0","0","0","0","6","5","0","11","12","15","0","27","0","0","0","0","0","0","0","0","0","0","0","0","0","0","0","0","0","1","0","1","0","0","0","0","9","13","0","22","0","0","0","0","29","34","0","63","0","0","0","0"
"경기도교육청","경기도교육청","경기도 오산시","S090000737","오산정보고등학교","04","공립","N","","1","0","0","1","1","0","0","1","0","0","0","0","6","8","0","14","12","17","1","29","0","3","0","3","0","1","0","1","0","0","0","0","0","0","0","0","0","1","0","1","0","0","0","0","7","12","0","19","0","0","0","0","27","42","1","69","0","0","0","1"
"경기도교육청","경기도교육청","경기도 양평군","S090000739","용문고등학교","04","사립","N","","1","0","0","1","1","0","0","1","0","0","0","0","12","3","0","15","5","5","0","10","0","1","0","1","0","0","0","0","0","0","0","0","0","0","0","0","0","1","0","1","0","0","0","0","5","7","0","12","0","0","0","0","24","17","0","41","0","0","0","0"
"경기도교육청","경기도교육청","경기도 용인시 처인구","S090000740","용인고등학교","04","공립","N","","2","0","0","2","0","1","0","1","0","0","0","0","5","7","0","12","15","40","8","55","2","2","2","4","0","1","1","1","0","0","0","0","0","0","0","0","0","1","1","1","0","1","0","1","3","15","0","18","0","0","0","0","27","68","12","95","0","0","0","12"
"경기도교육청","경기도교육청","경기도 용인시 처인구","S090000741","용인바이오고등학교","04","공립","N","","1","0","0","1","1","0","0","1","0","0","0","0","5","7","0","12","2","8","2","10","0","2","0","2","0","0","0","0","0","0","0","0","0","0","0","0","0","1","0","1","0","1","0","1","0","2","0","2","0","0","0","0","9","21","2","30","0","0","0","2"
"경기도교육청","경기도교육청","경기도 용인시 처인구","S090000744","덕영고등학교","04","사립","N","","1","0","0","1","1","0","0","1","0","0","0","0","10","4","0","14","16","16","1","32","0","0","0","0","0","0","0","0","0","0","0","0","0","0","0","0","0","0","0","0","0","1","0","1","7","15","0","22","0","0","0","0","35","36","1","71","0","0","0","1"
"경기도교육청","경기도교육청","경기도 군포시","S090000745","용호고등학교","04","공립","N","","0","1","0","1","1","1","1","2","0","0","0","0","6","9","0","15","14","51","11","65","0","2","1","2","1","0","0","1","0","0","0","0","0","0","0","0","0","1","0","1","0","1","0","1","7","8","0","15","0","0","0","0","29","74","13","103","0","0","0","13"
"경기도교육청","경기도교육청","경기도 의왕시","S090000746","우성고등학교","04","사립","N","","1","0","0","1","1","0","0","1","0","0","0","0","9","2","0","11","17","15","2","32","0","0","0","0","0","0","0","0","0","0","0","0","0","0","0","0","0","1","0","1","0","0","0","0","8","16","0","24","0","0","0","0","36","34","2","70","0","0","0","2"
"경기도교육청","경기도교육청","경기도 안산시 단원구","S090000747","원곡고등학교","04","공립","N","","1","0","0","1","1","0","0","1","0","0","0","0","10","3","0","13","19","33","8","52","1","2","0","3","0","1","0","1","0","0","0","0","0","0","0","0","0","0","0","0","0","0","0","0","5","14","0","19","0","0","0","0","37","53","8","90","0","0","0","8"
"경기도교육청","경기도교육청","경기도 부천시 원미구","S090000748","원미고등학교","04","공립","N","","1","0","0","1","1","0","0","1","0","0","0","0","3","9","0","12","8","30","1","38","1","2","0","3","1","0","0","1","0","0","0","0","0","0","0","0","0","1","0","1","0","0","0","0","3","2","0","5","0","0","0","0","18","44","1","62","0","0","0","1"
"경기도교육청","경기도교육청","경기도 부천시 오정구","S090000749","원종고등학교","04","공립","N","","1","0","0","1","1","0","0","1","0","0","0","0","4","8","0","12","8","33","7","41","1","2","0","3","1","0","1","1","0","0","0","0","0","0","0","0","0","1","0","1","0","0","0","0","3","7","0","10","0","0","0","0","19","51","8","70","0","0","0","8"
"경기도교육청","경기도교육청","경기도 수원시 팔달구","S090000750","유신고등학교","04","사립","N","","1","0","0","1","1","0","0","1","0","0","0","0","12","0","0","12","40","9","3","49","0","0","0","0","0","0","0","0","0","0","0","0","0","0","0","0","0","0","0","0","0","0","0","0","12","10","0","22","0","1","0","1","66","20","3","86","0","1","1","3"
"경기도교육청","경기도교육청","경기도 파주시","S090000751","율곡고등학교","04","사립","N","","1","0","0","1","0","1","0","1","0","0","0","0","4","5","0","9","7","5","2","12","0","0","0","0","0","0","0","0","0","0","0","0","0","0","0","0","0","1","1","1","0","0","0","0","13","9","0","22","0","0","0","0","25","21","3","46","0","0","0","3"
"경기도교육청","경기도교육청","경기도 이천시","S090000753","율면고등학교","04","공립","N","","1","0","0","1","1","0","0","1","0","0","0","0","3","0","0","3","4","3","0","7","0","0","0","0","0","0","0","0","0","0","0","0","0","0","0","0","0","0","0","0","0","0","0","0","1","2","0","3","0","0","0","0","10","5","0","15","0","0","0","0"
"경기도교육청","경기도교육청","경기도 시흥시","S090000754","은행고등학교","04","공립","N","","0","1","0","1","1","0","0","1","0","0","0","0","7","5","0","12","6","43","7","49","1","2","1","3","0","1","0","1","0","0","0","0","0","0","0","0","0","1","0","1","0","0","0","0","6","11","0","17","0","0","0","0","21","64","8","85","0","0","0","8"
"경기도교육청","경기도교육청","경기도 평택시","S090000755","은혜고등학교","04","사립","N","","0","0","0","0","0","1","0","1","0","0","0","0","6","5","0","11","13","14","1","27","0","0","0","0","0","1","0","1","0","0","0","0","0","0","0","0","0","1","0","1","0","0","0","0","8","16","0","24","0","0","0","0","27","38","1","65","0","0","0","1"
"경기도교육청","경기도교육청","경기도 의정부시","S090000756","의정부고등학교","04","공립","N","","1","0","0","1","1","0","0","1","0","0","0","0","5","9","0","14","8","37","7","45","0","2","0","2","0","0","0","0","0","0","0","0","0","0","0","0","0","1","0","1","0","2","0","2","5","4","0","9","0","0","0","0","20","55","7","75","0","0","0","7"
"경기도교육청","경기도교육청","경기도 의정부시","S090000757","한국모빌리티고등학교","04","공립","N","","1","0","0","1","1","0","0","1","0","0","0","0","14","6","0","20","26","25","1","51","2","3","0","5","0","1","0","1","0","0","0","0","0","0","0","0","0","1","0","1","0","0","0","0","10","8","0","18","0","0","0","0","54","44","1","98","0","0","0","1"
"경기도교육청","경기도교육청","경기도 의정부시","S090000758","의정부여자고등학교","04","공립","N","","0","1","0","1","0","1","0","1","0","0","0","0","3","9","0","12","12","36","4","48","0","0","0","0","0","1","0","1","0","0","0","0","0","0","0","0","0","1","0","1","0","1","0","1","1","3","0","4","0","0","0","0","16","53","4","69","0","0","0","4"
"경기도교육청","경기도교육청","경기도 성남시 분당구","S090000759","이매고등학교","04","공립","N","","0","1","0","1","1","0","0","1","0","0","0","0","5","7","0","12","7","39","6","46","0","0","0","0","0","0","0","0","0","1","1","1","0","0","0","0","0","1","0","1","0","1","0","1","2","7","0","9","0","0","0","0","15","57","7","72","0","0","0","7"
"경기도교육청","경기도교육청","경기도 이천시","S090000760","이천고등학교","04","공립","N","","1","0","0","1","1","0","0","1","0","0","0","0","6","6","0","12","12","26","8","38","0","2","1","2","0","1","0","1","0","0","0","0","0","0","0","0","0","1","0","1","0","0","0","0","8","11","0","19","0","0","0","0","28","47","9","75","0","0","0","9"
"경기도교육청","경기도교육청","경기도 이천시","S090000762","이천제일고등학교","04","공립","N","","1","0","0","1","0","1","0","1","0","0","0","0","17","2","1","19","30","25","2","55","1","5","0","6","1","0","0","1","0","1","0","1","0","0","0","0","0","1","0","1","0","0","0","0","11","17","0","28","0","0","0","0","61","52","3","113","0","0","0","3"
"경기도교육청","경기도교육청","경기도 이천시","S090000763","이천양정여자고등학교","04","사립","N","","1","0","0","1","1","0","0","1","0","0","0","0","5","7","0","12","10","15","1","25","0","0","0","0","0","0","0","0","0","0","0","0","0","0","0","0","0","1","0","1","0","1","1","1","7","18","0","25","0","0","0","0","24","42","2","66","0","0","0","2"
"경기도교육청","경기도교육청","경기도 이천시","S090000765","다산고등학교","04","사립","N","","1","0","0","1","0","1","0","1","1","0","0","1","5","4","0","9","14","16","3","30","0","0","0","0","0","0","0","0","0","0","0","0","0","0","0","0","0","0","0","0","0","0","0","0","7","9","0","16","0","0","0","0","28","30","3","58","0","0","0","3"
"경기도교육청","경기도교육청","경기도 여주시","S090000767","이포고등학교","04","공립","N","","1","0","0","1","1","0","0","1","0","0","0","0","4","2","0","6","4","4","2","8","0","1","0","1","0","0","0","0","0","0","0","0","0","0","0","0","0","1","0","1","0","0","0","0","2","2","0","4","0","0","0","0","12","10","2","22","0","0","0","2"
"경기도교육청","경기도교육청","경기도 구리시","S090000769","인창고등학교","04","공립","N","","0","1","0","1","1","0","0","1","0","0","0","0","7","5","0","12","5","28","3","33","0","2","1","2","0","0","0","0","0","0","0","0","0","0","0","0","0","1","0","1","0","1","0","1","2","7","0","9","0","0","0","0","15","45","4","60","0","0","0","4"
"경기도교육청","경기도교육청","경기도 포천시","S090000770","일동고등학교","04","공립","N","","0","1","0","1","0","1","0","1","0","0","0","0","8","1","0","9","6","13","2","19","0","2","0","2","1","0","0","1","0","0","0","0","0","0","0","0","0","1","0","1","0","0","0","0","1","4","0","5","0","0","0","0","16","23","2","39","0","0","0","2"
"경기도교육청","경기도교육청","경기도 고양시 일산서구","S090000771","일산고등학교","04","공립","N","","1","0","0","1","1","0","0","1","1","0","0","1","9","9","0","18","10","15","2","25","0","0","0","0","0","1","0","1","0","0","0","0","0","0","0","0","0","1","0","1","0","0","0","0","7","18","0","25","0","1","0","1","29","45","2","74","0","0","0","2"
"경기도교육청","경기도교육청","경기도 고양시 일산서구","S090000772","일산대진고등학교","04","사립","N","","1","0","0","1","0","0","0","0","0","0","0","0","5","6","0","11","17","34","7","51","0","0","0","0","0","0","0","0","0","0","0","0","0","0","0","0","0","1","0","1","0","0","0","0","10","12","0","22","0","0","0","0","33","53","7","86","0","0","0","7"
"경기도교육청","경기도교육청","경기도 고양시 일산서구","S090000773","일산동고등학교","04","공립","N","","1","0","0","1","1","0","0","1","0","0","0","0","5","7","0","12","6","40","6","46","0","3","0","3","0","1","0","1","0","0","0","0","0","0","0","0","0","1","0","1","0","1","1","1","2","13","0","15","0","0","0","0","15","66","7","81","0","0","0","7"
"경기도교육청","경기도교육청","경기도 고양시 일산서구","S090000775","일산국제컨벤션고등학교","04","공립","N","","1","0","0","1","1","0","0","1","0","0","0","0","5","12","1","17","7","22","6","29","1","1","0","2","0","1","0","1","0","1","0","1","0","0","0","0","0","1","0","1","0","1","0","1","6","20","0","26","0","0","0","0","21","59","7","80","0","0","0","7"
"경기도교육청","경기도교육청","경기도 안성시","S090000777","일죽고등학교","04","공립","N","","1","0","0","1","0","1","0","1","0","0","0","0","4","2","0","6","2","6","0","8","0","0","0","0","0","0","0","0","0","0","0","0","0","0","0","0","0","0","0","0","0","0","0","0","1","1","0","2","0","0","0","0","8","10","0","18","0","0","0","0"
"경기도교육청","경기도교육청","경기도 시흥시","S090000778","장곡고등학교","04","공립","N","","0","1","0","1","0","1","0","1","0","0","0","0","5","7","0","12","9","29","4","38","2","0","0","2","0","0","0","0","0","0","0","0","0","0","0","0","0","1","1","1","0","0","0","0","2","10","0","12","0","0","0","0","18","49","5","67","0","0","0","5"
"경기도교육청","경기도교육청","경기도 수원시 장안구","S090000779","장안고등학교","04","공립","N","","1","0","0","1","1","0","0","1","0","0","0","0","4","8","0","12","15","32","6","47","0","2","0","2","0","1","0","1","0","1","0","1","0","0","0","0","0","1","0","1","0","0","0","0","3","4","0","7","0","0","0","0","24","49","6","73","0","0","0","6"
"경기도교육청","경기도교육청","경기도 이천시","S090000780","부원고등학교","04","사립","N","","1","0","0","1","1","0","0","1","0","0","0","0","7","2","0","9","13","6","0","19","0","0","0","0","1","0","0","1","0","0","0","0","0","0","0","0","0","1","0","1","0","1","0","1","2","2","0","4","0","0","0","0","25","12","0","37","0","0","0","0"
"경기도교육청","경기도교육청","경기도 이천시","S090000781","장호원고등학교","04","공립","N","","1","0","0","1","1","0","0","1","0","0","0","0","5","2","0","7","4","10","2","14","1","1","0","2","1","0","0","1","0","0","0","0","0","0","0","0","0","1","0","1","0","1","0","1","4","8","0","12","0","0","0","0","17","23","2","40","0","0","0","2"
"경기도교육청","경기도교육청","경기도 고양시 일산동구","S090000783","저동고등학교","04","공립","N","","0","1","0","1","1","0","0","1","0","0","0","0","4","8","1","12","4","43","9","47","0","1","0","1","0","1","0","1","0","0","0","0","0","0","0","0","0","1","0","1","0","0","0","0","5","11","0","16","0","0","0","0","14","66","10","80","0","0","0","10"
"경기도교육청","경기도교육청","경기도 파주시","S090000784","적성융합고등학교","04","공립","N","","0","1","0","1","0","1","0","1","0","0","0","0","2","4","0","6","5","4","0","9","0","1","0","1","0","0","0","0","0","0","0","0","0","0","0","0","0","0","0","0","0","0","0","0","0","3","0","3","1","0","0","1","8","14","0","22","0","0","0","0"
"경기도교육청","경기도교육청","경기도 연천군","S090000786","전곡고등학교","04","공립","N","","1","0","0","1","1","0","0","1","0","1","0","1","11","3","0","14","17","23","3","40","2","4","0","6","0","1","0","1","0","1","0","1","0","0","0","0","0","1","0","1","0","2","0","2","7","3","0","10","0","0","0","0","39","39","3","78","0","0","0","3"
"경기도교육청","경기도교육청","경기도 여주시","S090000787","점동고등학교","04","공립","N","","1","0","0","1","1","0","0","1","0","0","0","0","2","2","0","4","6","4","0","10","0","3","0","3","0","0","0","0","0","0","0","0","0","0","0","0","0","1","0","1","0","0","0","0","0","1","0","1","0","0","0","0","10","11","0","21","0","0","0","0"
"경기도교육청","경기도교육청","경기도 부천시 소사구","S090000788","정명고등학교","04","사립","N","","0","1","0","1","1","0","0","1","0","0","0","0","9","4","0","13","16","15","2","31","0","0","0","0","0","0","0","0","0","0","0","0","0","0","0","0","0","1","0","1","0","0","0","0","7","12","0","19","0","0","0","0","33","33","2","66","0","0","0","2"
"경기도교육청","경기도교육청","경기도 부천시 소사구","S090000790","경기경영고등학교","04","사립","N","","0","1","0","1","1","0","0","1","0","0","0","0","11","4","0","15","16","7","2","23","0","0","0","0","0","0","0","0","0","0","0","0","0","0","0","0","0","1","0","1","0","0","0","0","9","24","0","33","0","0","0","0","37","37","2","74","0","0","0","2"
"경기도교육청","경기도교육청","경기도 고양시 일산동구","S090000791","정발고등학교","04","공립","N","","1","0","0","1","0","1","0","1","0","0","0","0","9","4","0","13","8","40","4","48","0","3","0","3","0","0","0","0","0","0","0","0","0","0","0","0","0","1","0","1","0","0","0","0","1","9","0","10","0","0","0","0","19","58","4","77","0","0","0","4"
"경기도교육청","경기도교육청","경기도 시흥시","S090000792","정왕고등학교","04","공립","N","","0","1","0","1","1","0","0","1","0","0","0","0","4","8","0","12","15","32","5","47","0","0","0","0","0","1","0","1","0","0","0","0","0","0","0","0","0","1","1","1","0","1","0","1","4","8","0","12","0","0","0","0","24","52","6","76","0","0","0","6"
"경기도교육청","경기도교육청","경기도 가평군","S090000796","조종고등학교","04","공립","N","","1","0","0","1","1","0","0","1","0","0","0","0","3","4","0","7","4","9","3","13","1","0","0","1","0","1","0","1","0","1","0","1","0","0","0","0","0","1","0","1","0","0","0","0","0","3","0","3","1","0","0","1","11","19","3","30","0","0","0","3"
"경기도교육청","경기도교육청","경기도 고양시 일산서구","S090000797","주엽고등학교","04","공립","N","","1","0","0","1","1","0","0","1","0","0","0","0","5","7","0","12","8","40","4","48","1","2","0","3","1","0","0","1","0","0","0","0","0","0","0","0","0","1","0","1","0","1","0","1","5","5","0","10","0","0","0","0","22","56","4","78","0","0","0","4"
"경기도교육청","경기도교육청","경기도 고양시 일산서구","S090000798","경기영상과학고등학교","04","공립","N","","1","0","0","1","1","0","0","1","1","0","0","1","11","7","0","18","5","26","4","31","0","0","0","0","0","1","0","1","0","0","0","0","0","0","0","0","0","1","1","1","0","1","0","1","5","11","0","16","0","0","0","0","24","47","5","71","0","0","0","5"
"경기도교육청","경기도교육청","경기도 안성시","S090000800","죽산고등학교","04","공립","N","","1","0","0","1","1","0","0","1","0","0","0","0","4","4","0","8","4","6","1","10","0","0","0","0","0","0","0","0","0","0","0","0","0","0","0","0","0","1","0","1","0","0","0","0","1","1","0","2","0","0","0","0","11","12","1","23","0","0","0","1"
"경기도교육청","경기도교육청","경기도 용인시 수지구","S090000801","죽전고등학교","04","공립","N","","1","0","0","1","1","0","0","1","0","0","0","0","3","9","0","12","10","47","7","57","0","0","0","0","0","1","0","1","0","0","0","0","0","0","0","0","0","1","0","1","0","1","0","1","4","5","0","9","0","0","0","0","19","64","7","83","0","0","0","7"
"경기도교육청","경기도교육청","경기도 고양시 일산동구","S090000802","중산고등학교","04","공립","N","","0","1","0","1","1","0","0","1","0","0","0","0","6","6","0","12","8","37","2","45","1","0","0","1","0","0","0","0","0","0","0","0","0","0","0","0","0","1","0","1","0","0","0","0","3","9","0","12","0","0","0","0","19","54","2","73","0","0","0","2"
"경기도교육청","경기도교육청","경기도 부천시 원미구","S090000803","중원고등학교","04","공립","N","","1","0","0","1","1","0","0","1","0","0","0","0","4","8","0","12","8","32","5","40","1","1","0","2","0","0","0","0","0","0","0","0","0","0","0","0","0","1","0","1","0","1","0","1","3","4","0","7","0","0","0","0","18","47","5","65","0","0","0","5"
"경기도교육청","경기도교육청","경기도 부천시 원미구","S090000804","중흥고등학교","04","공립","N","","1","0","0","1","1","0","0","1","0","0","0","0","5","7","0","12","6","34","7","40","0","1","1","1","0","1","0","1","0","0","0","0","0","0","0","0","0","1","0","1","0","0","0","0","8","5","0","13","0","0","0","0","21","49","8","70","0","0","0","8"
"경기도교육청","경기도교육청","경기도 양평군","S090000805","지평고등학교","04","공립","N","","1","0","0","1","1","0","0","1","0","0","0","0","2","3","0","5","5","5","0","10","0","2","0","2","0","0","0","0","0","0","0","0","0","0","0","0","0","0","0","0","0","1","0","1","1","3","0","4","0","0","0","0","10","14","0","24","0","0","0","0"
"경기도교육청","경기도교육청","경기도 남양주시","S090000806","진건고등학교","04","공립","N","","1","0","0","1","0","1","0","1","0","0","0","0","10","3","0","13","14","34","2","48","1","1","0","2","0","1","0","1","0","1","0","1","0","0","0","0","0","1","0","1","0","1","0","1","6","7","0","13","0","0","0","0","32","50","2","82","0","0","0","2"
"경기도교육청","경기도교육청","경기도 광명시","S090000807","진성고등학교","04","사립","N","","0","1","0","1","0","0","0","0","0","0","0","0","7","2","0","9","15","14","4","29","0","0","0","0","0","0","0","0","0","0","0","0","0","0","0","0","0","1","0","1","0","0","0","0","13","14","0","27","0","0","0","0","35","32","4","67","0","0","0","4"
"경기도교육청","경기도교육청","경기도 평택시","S090000810","진위고등학교","04","사립","N","","1","0","0","1","1","0","0","1","0","0","0","0","7","3","0","10","5","9","1","14","0","0","0","0","0","0","0","0","0","0","0","0","0","0","0","0","0","1","0","1","0","1","0","1","9","11","0","20","0","0","0","0","23","25","1","48","0","0","0","1"
"경기도교육청","경기도교육청","경기도 여주시","S090000811","경기관광고등학교","04","사립","N","","1","0","0","1","1","0","0","1","0","0","0","0","4","5","0","9","3","7","3","10","0","0","0","0","0","0","0","0","0","0","0","0","0","0","0","0","0","1","0","1","0","1","0","1","3","7","0","10","0","1","0","1","12","22","3","34","0","0","0","3"
"경기도교육청","경기도교육청","경기도 수원시 팔달구","S090000812","창현고등학교","04","사립","N","","1","0","0","1","1","0","0","1","0","0","0","0","10","1","0","11","46","17","1","63","0","0","0","0","0","0","0","0","0","0","0","0","0","0","0","0","0","1","0","1","0","0","0","0","2","10","0","12","0","0","0","0","60","29","1","89","0","0","0","1"
"경기도교육청","경기도교육청","경기도 평택시","S090000813","청담고등학교","04","사립","N","","1","0","0","1","1","0","0","1","0","0","0","0","9","8","0","17","10","8","1","18","0","0","0","0","0","1","0","1","0","0","0","0","0","0","0","0","0","1","0","1","0","0","0","0","13","11","0","24","0","0","0","0","34","29","1","63","0","0","0","1"
"경기도교육청","경기도교육청","경기도 수원시 영통구","S090000815","청명고등학교","04","공립","N","","1","0","0","1","1","0","0","1","0","0","0","0","6","6","0","12","13","46","9","59","1","1","0","2","0","1","0","1","0","0","0","0","0","0","0","0","0","1","0","1","0","1","0","1","1","9","0","10","0","0","0","0","23","65","9","88","0","0","0","9"
"경기도교육청","경기도교육청","경기도 양평군","S090000816","청운고등학교","04","공립","N","","1","0","0","1","0","1","0","1","0","0","0","0","3","0","0","3","2","6","0","8","0","0","0","0","0","1","0","1","0","0","0","0","0","0","0","0","0","0","0","0","0","0","0","0","0","1","0","1","0","0","0","0","6","9","0","15","0","0","0","0"
"경기도교육청","경기도교육청","경기도 가평군","S090000817","청평고등학교","04","공립","N","","1","0","0","1","1","0","0","1","0","0","0","0","9","3","0","12","5","10","0","15","2","1","0","3","0","1","0","1","0","0","0","0","0","0","0","0","0","1","0","1","0","1","0","1","0","2","0","2","0","0","0","0","18","19","0","37","0","0","0","0"
"경기도교육청","경기도교육청","경기도 남양주시","S090000818","청학고등학교","04","공립","N","","0","1","0","1","1","0","0","1","0","0","0","0","7","5","0","12","9","21","2","30","0","0","0","0","0","0","0","0","0","0","0","0","0","0","0","0","0","1","0","1","0","1","0","1","1","7","0","8","0","0","0","0","18","36","2","54","0","0","0","2"
"경기도교육청","경기도교육청","경기도 안산시 단원구","S090000819","초지고등학교","04","공립","N","","0","1","0","1","1","0","0","1","0","0","0","0","7","5","0","12","11","31","4","42","1","1","0","2","0","1","0","1","0","0","0","0","0","0","0","0","0","1","1","1","0","0","0","0","3","8","0","11","0","0","0","0","23","48","5","71","0","0","0","5"
"경기도교육청","경기도교육청","경기도 광명시","S090000820","충현고등학교","04","공립","N","","1","0","0","1","0","1","0","1","0","0","0","0","10","2","0","12","7","43","6","50","0","0","0","0","0","1","0","1","0","0","0","0","0","0","0","0","0","1","0","1","0","0","0","0","2","5","0","7","0","0","0","0","20","53","6","73","0","0","0","6"
"경기도교육청","경기도교육청","경기도 평택시","S090000821","태광고등학교","04","사립","N","","1","0","0","1","0","0","0","0","0","0","0","0","7","6","0","13","17","10","1","27","0","0","0","0","0","0","0","0","0","0","0","0","0","0","0","0","0","1","0","1","0","0","0","0","7","14","0","21","0","0","0","0","32","31","1","63","0","0","0","1"
"경기도교육청","경기도교육청","경기도 용인시 처인구","S090000822","태성고등학교","04","사립","N","","1","0","0","1","1","0","0","1","0","0","0","0","10","4","0","14","9","5","0","14","0","0","0","0","0","0","0","0","0","0","0","0","0","0","0","0","0","1","0","1","0","0","0","0","7","20","0","27","0","2","0","2","28","32","0","60","0","0","0","0"
"경기도교육청","경기도교육청","경기도 성남시 분당구","S090000823","태원고등학교","04","사립","N","","1","0","0","1","0","0","0","0","0","0","0","0","5","7","0","12","17","24","3","41","0","0","0","0","0","0","0","0","0","0","0","0","0","0","0","0","0","0","0","0","0","1","0","1","7","16","0","23","0","0","0","0","30","48","3","78","0","0","0","3"
"경기도교육청","경기도교육청","경기도 수원시 영통구","S090000824","태장고등학교","04","공립","N","","1","0","0","1","1","0","0","1","0","1","0","1","5","7","0","12","17","40","12","57","0","3","1","3","0","0","0","0","0","0","0","0","0","0","0","0","0","1","0","1","0","1","0","1","5","11","0","16","0","0","0","0","29","64","13","93","0","0","0","13"
"경기도교육청","경기도교육청","경기도 구리시","S090000825","토평고등학교","04","공립","N","","1","0","0","1","1","0","0","1","0","0","0","0","3","9","0","12","1","29","4","30","0","3","0","3","0","1","0","1","0","0","0","0","0","0","0","0","0","1","0","1","0","0","0","0","8","4","0","12","0","0","0","0","14","47","4","61","0","0","0","4"
"경기도교육청","경기도교육청","경기도 김포시","S090000826","통진고등학교","04","사립","N","","1","0","0","1","0","0","0","0","0","0","0","0","9","5","0","14","18","18","3","36","1","0","0","1","0","1","0","1","0","0","0","0","0","0","0","0","0","0","0","0","0","1","0","1","8","8","0","16","0","0","0","0","37","33","3","70","0","0","0","3"
"경기도교육청","경기도교육청","경기도 남양주시","S090000827","퇴계원고등학교","04","공립","N","","1","0","0","1","1","0","0","1","0","0","0","0","8","4","0","12","12","34","7","46","0","4","0","4","0","1","0","1","0","0","0","0","0","0","0","0","0","1","0","1","0","1","0","1","8","11","0","19","0","0","0","0","30","56","7","86","0","0","0","7"
"경기도교육청","경기도교육청","경기도 파주시","S090000829","세경고등학교","04","사립","N","","1","0","0","1","1","0","0","1","0","0","0","0","14","4","0","18","11","5","1","16","0","0","0","0","0","0","0","0","0","0","0","0","0","0","0","0","0","1","0","1","0","0","0","0","15","19","0","34","2","0","0","2","44","29","1","73","0","0","0","1"
"경기도교육청","경기도교육청","경기도 파주시","S090000831","정목고등학교","04","사립","N","","1","0","0","1","1","0","0","1","0","0","0","0","4","3","0","7","5","10","1","15","0","0","0","0","0","0","0","0","0","0","0","0","0","0","0","0","0","1","0","1","0","0","0","0","8","14","0","22","0","0","0","0","19","28","1","47","0","0","0","1"
"경기도교육청","경기도교육청","경기도 파주시","S090000832","파주고등학교","04","사립","N","","0","0","0","0","0","1","0","1","0","0","0","0","5","3","0","8","4","10","2","14","0","0","0","0","0","0","0","0","0","0","0","0","0","0","0","0","0","0","0","0","0","0","0","0","4","7","0","11","0","0","0","0","13","21","2","34","0","0","0","2"
"경기도교육청","경기도교육청","경기도 수원시 영통구","S090000833","수원하이텍고등학교","04","공립","N","","1","0","0","1","1","0","0","1","0","0","0","0","12","5","0","17","20","18","0","38","0","0","0","0","0","1","0","1","0","0","0","0","0","0","0","0","0","1","0","1","0","1","0","1","0","3","0","3","0","0","0","0","34","29","0","63","0","0","0","0"
"경기도교육청","경기도교육청","경기도 안양시 동안구","S090000834","평촌고등학교","04","공립","N","","1","0","0","1","0","1","0","1","0","0","0","0","6","6","0","12","18","44","5","62","2","2","0","4","1","0","1","1","0","1","0","1","0","0","0","0","0","1","0","1","0","1","1","1","2","8","0","10","0","0","0","0","30","64","7","94","0","0","0","7"
"경기도교육청","경기도교육청","경기도 안양시 동안구","S090000835","평촌과학기술고등학교","04","공립","N","","1","0","0","1","1","0","0","1","0","0","0","0","7","8","0","15","7","25","4","32","0","1","1","1","1","0","0","1","0","0","0","0","0","0","0","0","0","1","0","1","0","0","0","0","5","2","0","7","1","1","0","2","23","38","5","61","0","0","0","5"
"경기도교육청","경기도교육청","경기도 안양시 동안구","S090000836","평촌경영고등학교","04","공립","N","","1","0","0","1","0","1","0","1","0","0","0","0","5","15","0","20","7","43","1","50","0","3","0","3","0","1","0","1","0","0","0","0","0","0","0","0","0","1","0","1","0","1","0","1","3","9","0","12","1","4","0","5","17","78","1","95","0","0","0","1"
"경기도교육청","경기도교육청","경기도 평택시","S090000837","평택고등학교","04","공립","N","","1","0","0","1","0","1","0","1","0","0","0","0","10","4","0","14","12","24","2","36","1","2","0","3","0","1","0","1","0","1","0","1","0","0","0","0","0","1","1","1","0","1","0","1","6","8","0","14","0","0","0","0","30","43","3","73","0","0","0","3"
"경기도교육청","경기도교육청","경기도 평택시","S090000838","평택마이스터고등학교","04","공립","N","","1","0","0","1","1","0","0","1","0","0","0","0","11","6","1","17","14","11","2","25","0","3","0","3","0","1","0","1","0","0","0","0","0","0","0","0","0","1","0","1","0","1","0","1","15","5","0","20","0","0","0","0","42","28","3","70","0","0","0","3"
"경기도교육청","경기도교육청","경기도 평택시","S090000840","평택여자고등학교","04","공립","N","","0","1","0","1","0","1","0","1","0","0","0","0","5","10","0","15","10","31","3","41","0","2","0","2","1","0","0","1","0","0","0","0","0","0","0","0","0","1","0","1","0","0","0","0","7","14","0","21","0","0","0","0","23","60","3","83","0","0","0","3"
"경기도교육청","경기도교육청","경기도 포천시","S090000841","포천고등학교","04","공립","N","","1","0","0","1","1","0","0","1","0","0","0","0","5","7","0","12","15","27","2","42","0","2","0","2","0","0","0","0","0","0","0","0","0","0","0","0","0","1","0","1","0","0","0","0","4","1","0","5","0","0","0","0","26","38","2","64","0","0","0","2"
"경기도교육청","경기도교육청","경기도 포천시","S090000843","포천일고등학교","04","공립","N","","1","0","0","1","1","0","0","1","0","0","0","0","11","6","0","17","13","22","1","35","1","1","0","2","0","1","0","1","0","0","0","0","0","0","0","0","0","1","0","1","0","1","0","1","6","11","0","17","0","0","0","0","33","43","1","76","0","0","0","1"
"경기도교육청","경기도교육청","경기도 용인시 수지구","S090000844","풍덕고등학교","04","공립","N","","1","0","0","1","1","0","0","1","0","0","0","0","6","6","0","12","9","55","4","64","0","0","0","0","0","1","0","1","0","0","0","0","0","0","0","0","0","1","0","1","0","1","0","1","0","10","0","10","0","0","0","0","17","74","4","91","0","0","0","4"
"경기도교육청","경기도교육청","경기도 성남시 수정구","S090000847","풍생고등학교","04","사립","N","","1","0","0","1","0","1","0","1","0","0","0","0","9","4","0","13","28","12","3","40","0","0","0","0","0","0","0","0","0","0","0","0","0","0","0","0","0","1","0","1","0","0","0","0","4","7","0","11","0","0","0","0","42","25","3","67","0","0","0","3"
"경기도교육청","경기도교육청","경기도 하남시","S090000848","하남고등학교","04","사립","N","","1","0","0","1","1","0","0","1","0","0","0","0","11","2","0","13","19","16","0","35","0","0","0","0","0","0","0","0","0","0","0","0","0","0","0","0","0","1","0","1","0","0","0","0","5","9","0","14","0","0","0","0","37","28","0","65","0","0","0","0"
"경기도교육청","경기도교육청","경기도 하남시","S090000849","하남경영고등학교","04","공립","N","","1","0","0","1","1","0","0","1","0","0","0","0","5","13","0","18","4","29","5","33","0","2","0","2","0","1","0","1","0","0","0","0","0","0","0","0","0","1","0","1","0","0","0","0","2","15","0","17","0","0","0","0","13","61","5","74","0","0","0","5"
"경기도교육청","경기도교육청","경기도 김포시","S090000850","하성고등학교","04","공립","N","","1","0","0","1","0","1","0","1","0","0","0","0","4","7","0","11","6","9","2","15","0","0","0","0","0","1","0","1","0","0","0","0","0","0","0","0","0","1","0","1","0","0","0","0","1","4","0","5","0","0","0","0","12","23","2","35","0","0","0","2"
"경기도교육청","경기도교육청","경기도 평택시","S090000851","한광고등학교","04","사립","N","","1","0","0","1","1","0","0","1","0","0","0","0","11","2","0","13","12","10","1","22","0","0","0","0","0","0","0","0","0","0","0","0","0","0","0","0","0","0","0","0","0","0","0","0","9","18","0","27","0","0","0","0","34","30","1","64","0","0","0","1"
"경기도교육청","경기도교육청","경기도 평택시","S090000852","한광여자고등학교","04","사립","N","","0","1","0","1","1","0","0","1","0","0","0","0","7","6","0","13","8","21","3","29","0","0","0","0","0","0","0","0","0","0","0","0","0","0","0","0","0","0","0","0","0","0","0","0","9","19","0","28","0","0","0","0","25","47","3","72","0","0","0","3"
"경기도교육청","경기도교육청","경기도 평택시","S090000853","한국관광고등학교","04","사립","N","","0","0","0","0","1","0","0","1","0","0","0","0","4","2","0","6","4","5","0","9","0","0","0","0","0","0","0","0","0","0","0","0","0","0","0","0","0","0","0","0","0","1","0","1","1","5","0","6","0","0","0","0","10","13","0","23","0","0","0","0"
"경기도교육청","경기도교육청","경기도 이천시","S090000854","한국도예고등학교","04","공립","N","","1","0","0","1","0","1","0","1","0","0","0","0","3","5","0","8","1","3","1","4","0","0","0","0","0","0","0","0","0","0","0","0","0","0","0","0","0","1","0","1","0","0","0","0","2","7","0","9","0","0","0","0","7","17","1","24","0","0","0","1"
"경기도교육청","경기도교육청","경기도 안산시 단원구","S090000855","한국디지털미디어고등학교","04","사립","N","","1","0","0","1","0","0","0","0","0","0","0","0","3","5","0","8","15","3","0","18","0","0","0","0","0","0","0","0","0","0","0","0","0","0","0","0","0","1","0","1","0","0","0","0","2","7","0","9","2","1","0","3","23","17","0","40","0","0","0","0"
"경기도교육청","경기도교육청","경기도 하남시","S090000856","한국애니메이션고등학교","04","공립","N","","0","1","0","1","0","1","0","1","0","0","0","0","4","7","0","11","2","9","1","11","0","0","0","0","0","1","1","1","0","0","0","0","0","0","0","0","0","1","0","1","0","1","0","1","1","7","0","8","2","1","0","3","9","29","2","38","0","0","0","2"
"경기도교육청","경기도교육청","경기도 시흥시","S090000857","한국조리과학고등학교","04","사립","N","","1","0","0","1","1","0","0","1","0","0","0","0","3","2","1","5","5","9","2","14","0","0","0","0","0","0","0","0","0","0","0","0","0","0","0","0","0","1","0","1","0","0","0","0","5","5","0","10","8","0","0","8","23","17","3","40","0","0","0","3"
"경기도교육청","경기도교육청","경기도 성남시 분당구","S090000858","한솔고등학교","04","공립","N","","1","0","0","1","0","1","0","1","0","0","0","0","3","10","0","13","5","41","5","46","0","1","0","1","0","0","0","0","0","1","0","1","0","0","0","0","0","2","1","2","0","1","0","1","1","7","0","8","0","0","0","0","10","64","6","74","0","0","0","6"
"경기도교육청","경기도교육청","경기도 시흥시","S090000859","경기자동차과학고등학교","04","사립","N","","0","1","0","1","0","0","0","0","0","0","0","0","7","3","0","10","17","9","4","26","0","0","0","0","0","0","0","0","0","0","0","0","0","0","0","0","0","1","0","1","0","0","0","0","15","10","0","25","0","0","0","0","39","24","4","63","0","0","0","4"
"경기도교육청","경기도교육청","경기도 시흥시","S090000862","함현고등학교","04","공립","N","","1","0","0","1","1","0","0","1","0","0","0","0","7","6","0","13","14","29","7","43","2","0","0","2","0","1","0","1","0","0","0","0","0","0","0","0","0","1","1","1","0","1","1","1","4","8","0","12","0","0","0","0","29","46","9","75","0","0","0","9"
"경기도교육청","경기도교육청","경기도 고양시 덕양구","S090000863","행신고등학교","04","공립","N","","0","1","0","1","0","1","0","1","0","0","0","0","3","9","0","12","8","38","9","46","0","2","1","2","0","1","0","1","0","0","0","0","0","0","0","0","0","1","0","1","0","0","0","0","4","8","0","12","0","0","0","0","15","61","10","76","0","0","0","10"
"경기도교육청","경기도교육청","경기도 의정부시","S090000865","호원고등학교","04","공립","N","","1","0","0","1","1","0","0","1","0","0","0","0","2","10","0","12","6","44","6","50","0","4","2","4","0","0","0","0","0","0","0","0","0","0","0","0","0","1","0","1","0","0","0","0","1","7","0","8","0","0","0","0","11","66","8","77","0","0","0","8"
"경기도교육청","경기도교육청","경기도 화성시 만세구","S090000867","화성고등학교","04","사립","N","","1","0","0","1","0","0","0","0","0","0","0","0","9","3","0","12","21","10","3","31","0","0","0","0","0","0","0","0","0","0","0","0","0","0","0","0","0","1","1","1","0","1","0","1","5","12","0","17","0","0","0","0","36","27","4","63","0","0","0","4"
"경기도교육청","경기도교육청","경기도 고양시 덕양구","S090000868","화수고등학교","04","공립","N","","0","1","0","1","0","1","0","1","0","0","0","0","6","6","0","12","5","43","1","48","0","3","0","3","0","1","0","1","0","0","0","0","0","0","0","0","0","1","0","1","0","0","0","0","0","5","0","5","0","0","0","0","11","61","1","72","0","0","0","1"
"경기도교육청","경기도교육청","경기도 고양시 덕양구","S090000869","화정고등학교","04","공립","N","","1","0","0","1","1","0","0","1","0","0","0","0","4","8","0","12","6","42","4","48","0","1","1","1","0","1","0","1","0","0","0","0","0","0","0","0","0","1","0","1","0","1","0","1","3","7","0","10","1","0","0","1","16","61","5","77","0","0","0","5"
"경기도교육청","경기도교육청","경기도 수원시 권선구","S090000870","화홍고등학교","04","공립","N","","1","0","0","1","1","0","0","1","0","1","0","1","9","6","0","15","14","39","5","53","0","0","0","0","1","0","0","1","0","0","0","0","0","0","0","0","0","2","1","2","0","0","0","0","1","8","0","9","0","0","0","0","27","56","6","83","0","0","0","6"
"경기도교육청","경기도교육청","경기도 평택시","S090000871","효명고등학교","04","사립","N","","1","0","0","1","1","0","0","1","0","0","0","0","8","3","0","11","18","17","1","35","0","0","0","0","0","0","0","0","0","0","0","0","0","0","0","0","0","1","0","1","0","0","0","0","12","9","0","21","0","0","0","0","40","30","1","70","0","0","0","1"
"경기도교육청","경기도교육청","경기도 성남시 수정구","S090000872","효성고등학교","04","사립","N","","0","1","0","1","1","0","0","1","0","0","0","0","8","2","0","10","18","11","5","29","0","0","0","0","0","0","0","0","0","0","0","0","0","0","0","0","0","0","0","0","0","1","0","1","10","12","0","22","0","0","0","0","37","27","5","64","0","0","0","5"
"경기도교육청","경기도교육청","경기도 수원시 영통구","S090000873","효원고등학교","04","공립","N","","1","0","0","1","0","1","0","1","0","0","0","0","4","8","0","12","23","41","5","64","0","0","0","0","0","0","0","0","0","0","0","0","0","0","0","0","0","1","0","1","0","0","0","0","0","8","0","8","0","0","0","0","28","59","5","87","0","0","0","5"
"경기도교육청","경기도교육청","경기도 군포시","S090000874","흥진고등학교","04","공립","N","","1","0","0","1","1","0","0","1","0","1","0","1","8","4","0","12","15","44","9","59","0","2","0","2","0","1","0","1","0","0","0","0","0","0","0","0","0","1","0","1","0","1","0","1","4","6","0","10","0","0","0","0","29","60","9","89","0","0","0","9"
"경기도교육청","경기도교육청","경기도 성남시 분당구","S090004768","돌마고등학교","04","공립","N","","1","0","0","1","0","1","0","1","0","0","0","0","2","10","0","12","4","38","7","42","0","3","0","3","0","1","0","1","0","0","0","0","0","0","0","0","0","1","0","1","0","1","0","1","2","5","0","7","0","0","0","0","9","60","7","69","0","0","0","7"
"경기도교육청","경기도교육청","경기도 의정부시","S090004831","부용고등학교","04","공립","N","","1","0","0","1","0","1","0","1","0","0","0","0","4","8","0","12","9","37","2","46","0","2","0","2","0","1","0","1","0","0","0","0","0","0","0","0","0","1","0","1","0","0","0","0","0","5","0","5","0","0","0","0","14","55","2","69","0","0","0","2"
"경기도교육청","경기도교육청","경기도 부천시 원미구","S090004832","경기예술고등학교","04","공립","N","","0","1","0","1","1","0","0","1","0","0","0","0","4","8","0","12","6","14","1","20","0","0","0","0","0","0","0","0","0","1","0","1","0","0","0","0","0","1","0","1","0","0","0","0","6","3","0","9","0","0","0","0","17","28","1","45","0","0","0","1"
"경기도교육청","경기도교육청","경기도 안산시 상록구","S090004833","송호고등학교","04","공립","N","","1","0","0","1","1","0","0","1","0","0","0","0","6","7","0","13","11","33","3","44","1","1","0","2","0","1","0","1","0","0","0","0","0","0","0","0","0","1","0","1","0","1","0","1","6","9","0","15","0","0","0","0","26","53","3","79","0","0","0","3"
"경기도교육청","경기도교육청","경기도 시흥시","S090004834","시흥고등학교","04","공립","N","","1","0","0","1","1","0","0","1","0","0","0","0","8","5","0","13","13","35","9","48","0","2","1","2","0","0","0","0","0","0","0","0","0","0","0","0","0","1","0","1","0","1","0","1","2","13","0","15","0","0","0","0","25","57","10","82","0","0","0","10"
"경기도교육청","경기도교육청","경기도 오산시","S090004835","운천고등학교","04","공립","N","","1","0","0","1","1","0","0","1","0","0","0","0","4","8","0","12","8","26","3","34","1","2","1","3","0","0","0","0","0","0","0","0","0","0","0","0","0","1","0","1","0","0","0","0","8","11","0","19","0","0","0","0","23","48","4","71","0","0","0","4"
"경기도교육청","경기도교육청","경기도 용인시 수지구","S090004893","서원고등학교","04","공립","N","","1","0","0","1","1","0","0","1","0","0","0","0","5","7","0","12","12","42","5","54","0","2","0","2","0","0","0","0","0","0","0","0","0","0","0","0","0","1","0","1","0","1","0","1","2","7","0","9","0","0","0","0","21","60","5","81","0","0","0","5"
"경기도교육청","경기도교육청","경기도 수원시 장안구","S090004895","천천고등학교","04","공립","N","","0","1","0","1","1","0","0","1","0","0","0","0","3","9","0","12","17","29","4","46","0","2","0","2","0","0","0","0","0","0","0","0","0","0","0","0","0","1","0","1","0","0","0","0","2","5","0","7","0","0","0","0","23","47","4","70","0","0","0","4"
"경기도교육청","경기도교육청","경기도 수원시 장안구","S090004896","조원고등학교","04","공립","N","","1","0","0","1","1","0","0","1","0","0","0","0","4","8","0","12","7","39","2","46","0","2","0","2","0","0","0","0","0","0","0","0","0","0","0","0","0","1","0","1","0","1","0","1","4","3","0","7","0","0","0","0","17","54","2","71","0","0","0","2"
"경기도교육청","경기도교육청","경기도 성남시 분당구","S090004897","늘푸른고등학교","04","공립","N","","1","0","0","1","0","1","0","1","0","0","0","0","3","9","0","12","7","34","5","41","0","0","0","0","0","1","0","1","0","0","0","0","0","0","0","0","0","1","0","1","0","0","0","0","0","5","0","5","0","0","0","0","11","51","5","62","0","0","0","5"
"경기도교육청","경기도교육청","경기도 안양시 만안구","S090004898","충훈고등학교","04","공립","N","","1","0","0","1","1","0","0","1","0","0","0","0","5","9","0","14","5","41","9","46","1","2","0","3","0","0","0","0","0","0","0","0","0","0","0","0","0","1","0","1","0","1","0","1","0","8","0","8","0","0","0","0","13","62","9","75","0","0","0","9"
"경기도교육청","경기도교육청","경기도 부천시 원미구","S090004899","상일고등학교","04","공립","N","","1","0","0","1","1","0","0","1","0","0","0","0","7","5","0","12","8","28","4","36","0","0","0","0","0","1","0","1","0","0","0","0","0","0","0","0","0","1","0","1","0","0","0","0","2","7","0","9","0","0","0","0","19","42","4","61","0","0","0","4"
"경기도교육청","경기도교육청","경기도 부천시 소사구","S090004900","송내고등학교","04","공립","N","","1","0","0","1","1","0","0","1","0","0","0","0","8","4","0","12","8","29","7","37","0","0","0","0","1","0","0","1","0","0","0","0","0","0","0","0","0","1","0","1","0","1","0","1","3","8","0","11","0","0","0","0","22","43","7","65","0","0","0","7"
"경기도교육청","경기도교육청","경기도 용인시 기흥구","S090004901","구성고등학교","04","공립","N","","1","0","0","1","0","1","0","1","0","0","0","0","4","8","0","12","8","35","9","43","1","3","1","4","0","0","0","0","0","0","0","0","0","0","0","0","0","1","0","1","0","0","0","0","7","9","0","16","0","0","0","0","21","57","10","78","0","0","0","10"
"경기도교육청","경기도교육청","경기도 수원시 영통구","S090004902","매탄고등학교","04","공립","N","","1","0","0","1","1","0","0","1","0","0","0","0","3","9","0","12","13","40","9","53","1","3","1","4","0","1","1","1","0","0","0","0","0","0","0","0","0","1","0","1","0","1","0","1","5","11","0","16","0","0","0","0","24","66","11","90","0","0","0","11"
"경기도교육청","경기도교육청","경기도 안양시 동안구","S090004905","인덕원고등학교","04","공립","N","","1","0","0","1","0","1","0","1","0","0","0","0","3","9","0","12","3","49","11","52","0","0","0","0","0","1","0","1","0","0","0","0","0","0","0","0","0","1","0","1","0","0","0","0","4","8","0","12","0","0","0","0","11","69","11","80","0","0","0","11"
"경기도교육청","경기도교육청","경기도 부천시 소사구","S090004906","범박고등학교","04","공립","N","","1","0","0","1","1","0","0","1","0","0","0","0","5","7","0","12","8","29","4","37","1","1","0","2","0","1","0","1","0","0","0","0","0","0","0","0","0","1","0","1","0","0","0","0","4","9","0","13","0","0","0","0","20","48","4","68","0","0","0","4"
"경기도교육청","경기도교육청","경기도 양주시","S090004908","덕계고등학교","04","공립","N","","1","0","0","1","0","1","0","1","0","0","0","0","6","6","0","12","9","18","1","27","2","0","0","2","0","1","0","1","0","0","0","0","0","0","0","0","0","1","0","1","0","1","0","1","5","7","0","12","0","0","0","0","23","35","1","58","0","0","0","1"
"경기도교육청","경기도교육청","경기도 안산시 단원구","S090004909","단원고등학교","04","공립","N","","1","0","0","1","1","0","0","1","0","0","0","0","4","7","0","11","8","28","4","36","0","2","0","2","0","2","1","2","0","0","0","0","0","0","0","0","0","1","0","1","0","1","0","1","7","13","0","20","0","0","0","0","21","54","5","75","0","0","0","5"
"경기도교육청","경기도교육청","경기도 시흥시","S090004910","군서고등학교","04","공립","N","","1","0","0","1","0","1","0","1","0","0","0","0","11","2","0","13","9","37","4","46","1","2","1","3","0","0","0","0","0","0","0","0","0","0","0","0","0","1","0","1","0","0","0","0","5","7","0","12","0","0","0","0","27","50","5","77","0","0","0","5"
"경기도교육청","경기도교육청","경기도 고양시 일산동구","S090004912","풍동고등학교","04","공립","N","","0","1","0","1","0","1","0","1","0","0","0","0","4","8","0","12","8","32","6","40","0","0","0","0","1","0","0","1","0","0","0","0","0","0","0","0","0","1","0","1","0","1","0","1","2","15","0","17","0","0","0","0","15","59","6","74","0","0","0","6"
"경기도교육청","경기도교육청","경기도 남양주시","S090004914","도농고등학교","04","공립","N","","1","0","0","1","1","0","0","1","0","0","0","0","6","6","0","12","4","37","2","41","0","3","0","3","0","0","0","0","0","0","0","0","0","0","0","0","0","1","0","1","0","1","0","1","2","8","0","10","0","0","0","0","14","56","2","70","0","0","0","2"
"경기도교육청","경기도교육청","경기도 남양주시","S090004915","평내고등학교","04","공립","N","","1","0","0","1","0","1","0","1","1","0","0","1","6","6","0","12","9","30","6","39","1","2","0","3","0","1","0","1","0","0","0","0","0","0","0","0","1","0","0","1","0","0","0","0","9","6","0","15","0","0","0","0","28","46","6","74","0","0","0","6"
"경기도교육청","경기도교육청","경기도 하남시","S090004916","신장고등학교","04","공립","N","","0","1","0","1","1","0","0","1","0","0","0","0","4","8","0","12","8","30","4","38","1","2","1","3","1","0","0","1","0","0","0","0","0","0","0","0","0","1","0","1","0","0","0","0","2","6","0","8","0","0","0","0","17","48","5","65","0","0","0","5"
"경기도교육청","경기도교육청","경기도 이천시","S090004917","효양고등학교","04","공립","N","","1","0","0","1","1","0","0","1","0","0","0","0","9","6","0","15","8","24","0","32","1","2","0","3","0","1","0","1","0","0","0","0","0","0","0","0","0","1","0","1","0","0","0","0","6","7","0","13","0","0","0","0","26","41","0","67","0","0","0","0"
"경기도교육청","경기도교육청","경기도 용인시 기흥구","S090004918","보정고등학교","04","공립","N","","1","0","0","1","0","1","0","1","1","0","0","1","3","10","0","13","7","42","6","49","0","2","0","2","0","0","0","0","0","1","0","1","0","0","0","0","0","1","0","1","0","1","0","1","1","10","0","11","0","0","0","0","13","68","6","81","0","0","0","6"
"경기도교육청","경기도교육청","경기도 김포시","S090004919","풍무고등학교","04","공립","N","","0","1","0","1","1","0","0","1","0","0","0","0","4","8","0","12","11","39","4","50","1","1","0","2","0","1","0","1","0","0","0","0","0","0","0","0","0","1","0","1","0","0","0","0","3","9","0","12","0","0","0","0","20","60","4","80","0","0","0","4"
"경기도교육청","경기도교육청","","S090004920","병점고등학교","04","공립","N","","1","0","0","1","1","0","0","1","0","0","0","0","4","9","0","13","14","25","8","39","2","0","0","2","1","0","0","1","0","0","0","0","0","0","0","0","0","1","0","1","0","0","0","0","7","9","0","16","0","0","0","0","30","44","8","74","0","0","0","8"
"경기도교육청","경기도교육청","경기도 파주시","S090004921","봉일천고등학교","04","공립","N","","1","0","0","1","1","0","0","1","0","0","0","0","9","4","0","13","16","28","1","44","0","2","0","2","0","1","0","1","0","0","0","0","0","0","0","0","0","1","0","1","0","1","0","1","3","3","0","6","0","0","0","0","30","40","1","70","0","0","0","1"
"경기도교육청","경기도교육청","경기도 파주시","S090004922","교하고등학교","04","공립","N","","1","0","0","1","0","1","0","1","0","0","0","0","6","7","0","13","13","37","6","50","0","2","0","2","0","0","0","0","0","0","0","0","0","0","0","0","0","1","0","1","0","0","0","0","2","4","0","6","0","0","0","0","22","52","6","74","0","0","0","6"
"경기도교육청","경기도교육청","경기도 의정부시","S090004923","상우고등학교","04","사립","N","","0","0","0","0","1","0","0","1","0","0","0","0","10","1","0","11","24","11","1","35","0","0","0","0","0","0","0","0","0","0","0","0","0","0","0","0","0","1","0","1","0","0","0","0","8","10","0","18","0","0","0","0","43","23","1","66","0","0","0","1"
"경기도교육청","경기도교육청","경기도 성남시 분당구","S090004945","이우고등학교","04","사립","N","","1","0","0","1","1","0","1","1","0","0","0","0","4","5","1","9","5","4","2","9","0","0","0","0","0","0","0","0","0","0","0","0","0","0","0","0","0","0","0","0","0","1","0","1","3","10","0","13","2","5","0","7","16","25","4","41","0","0","0","4"
"경기도교육청","경기도교육청","경기도 의왕시","S090005040","경기외국어고등학교","04","사립","N","","1","0","0","1","1","0","0","1","0","0","0","0","4","5","0","9","11","12","0","23","0","0","0","0","0","0","0","0","0","0","0","0","0","0","0","0","0","0","0","0","0","0","0","0","4","7","0","11","7","6","0","13","28","30","0","58","5","2","7","0"
"경기도교육청","경기도교육청","경기도 의정부시","S090005167","경기북과학고등학교","04","공립","N","","1","0","0","1","0","1","0","1","0","0","0","0","9","3","0","12","14","21","0","35","0","0","0","0","0","0","0","0","0","1","0","1","0","0","0","0","0","1","0","1","0","2","0","2","0","0","0","0","0","0","0","0","24","29","0","53","0","0","0","0"
"경기도교육청","경기도교육청","경기도 동두천시","S090005168","동두천외국어고등학교","04","공립","N","","1","0","0","1","1","0","0","1","0","0","0","0","7","5","0","12","15","19","1","34","0","0","0","0","0","1","0","1","0","0","0","0","0","0","0","0","0","1","0","1","0","1","0","1","1","5","0","6","5","3","0","8","30","35","1","65","5","3","8","1"
"경기도교육청","경기도교육청","경기도 파주시","S090005169","금촌고등학교","04","공립","N","","1","0","0","1","1","0","0","1","0","0","0","0","1","11","0","12","10","48","6","58","1","3","1","4","0","1","0","1","0","0","0","0","0","0","0","0","0","0","0","0","0","0","0","0","0","13","0","13","0","0","0","0","14","76","7","90","0","0","0","7"
"경기도교육청","경기도교육청","경기도 용인시 처인구","S090005170","용인한국외국어대학교부설고등학교","04","사립","N","","1","0","0","1","1","0","0","1","0","0","0","0","4","4","0","8","28","14","1","42","0","0","0","0","0","0","0","0","0","0","0","0","0","0","0","0","0","1","0","1","0","0","0","0","3","10","0","13","3","10","0","13","40","39","1","79","1","0","1","1"
"경기도교육청","경기도교육청","경기도 양주시","S090005280","양주백석고등학교","04","공립","N","","1","0","0","1","1","0","0","1","0","0","0","0","6","6","0","12","14","21","3","35","2","2","1","4","0","1","0","1","0","0","0","0","0","0","0","0","0","1","0","1","0","0","0","0","3","11","0","14","0","0","0","0","27","42","4","69","0","0","0","4"
"경기도교육청","경기도교육청","경기도 성남시 분당구","S090005282","성남외국어고등학교","04","공립","N","","0","1","0","1","0","1","0","1","0","0","0","0","5","8","0","13","10","28","4","38","0","0","0","0","0","0","0","0","0","0","0","0","0","0","0","0","0","1","0","1","0","1","0","1","4","3","0","7","3","5","0","8","22","48","4","70","3","4","7","4"
"경기도교육청","경기도교육청","경기도 안산시 상록구","S090005283","성포고등학교","04","공립","N","","1","0","0","1","1","0","0","1","0","0","0","0","2","9","0","11","8","36","4","44","0","2","1","2","1","0","0","1","0","0","0","0","0","0","0","0","0","1","0","1","0","0","0","0","4","14","0","18","0","0","0","0","17","62","5","79","0","0","0","5"
"경기도교육청","경기도교육청","경기도 수원시 영통구","S090005284","수원외국어고등학교","04","공립","N","","0","1","0","1","0","1","0","1","0","0","0","0","6","7","0","13","13","25","3","38","0","0","0","0","0","0","0","0","0","1","0","1","0","0","0","0","0","1","0","1","0","1","0","1","2","4","0","6","0","0","0","0","21","41","3","62","0","0","0","3"
"경기도교육청","경기도교육청","경기도 가평군","S090005286","청심국제고등학교","04","사립","N","","1","0","0","1","0","0","0","0","0","0","0","0","2","2","0","4","6","7","2","13","0","0","0","0","0","0","0","0","0","0","0","0","0","0","0","0","0","1","1","1","0","0","0","0","3","4","0","7","2","2","0","4","14","16","3","30","0","0","0","3"
"경기도교육청","경기도교육청","경기도 평택시","S090005290","현화고등학교","04","공립","N","","1","0","0","1","0","1","0","1","0","0","0","0","6","7","0","13","13","21","3","34","0","2","0","2","0","1","0","1","0","0","0","0","0","0","0","0","0","1","0","1","0","0","0","0","8","8","0","16","0","0","0","0","28","41","3","69","0","0","0","3"
"경기도교육청","경기도교육청","경기도 남양주시","S090005291","호평고등학교","04","공립","N","","1","0","0","1","1","0","0","1","0","0","0","0","5","7","0","12","7","35","5","42","1","2","0","3","0","0","0","0","0","0","0","0","0","0","0","0","0","1","0","1","0","1","0","1","7","6","0","13","0","0","0","0","22","52","5","74","0","0","0","5"
"경기도교육청","경기도교육청","경기도 김포시","S090005292","김포외국어고등학교","04","사립","N","","0","0","0","0","1","0","0","1","0","0","0","0","7","0","0","7","15","4","2","19","0","0","0","0","0","0","0","0","0","0","0","0","0","0","0","0","0","1","0","1","0","0","0","0","10","7","0","17","0","3","0","3","33","15","2","48","0","0","0","2"
"경기도교육청","경기도교육청","경기도 용인시 기흥구","S090005319","용인백현고등학교","04","공립","N","","0","1","0","1","1","0","0","1","0","0","0","0","5","7","0","12","4","32","5","36","0","1","0","1","0","1","0","1","0","0","0","0","0","0","0","0","0","1","0","1","0","0","0","0","6","6","0","12","0","0","0","0","16","49","5","65","0","0","0","5"
"경기도교육청","경기도교육청","경기도 안성시","S090005320","한겨레고등학교","04","사립","N","","0","1","0","1","1","0","0","1","0","0","0","0","1","2","0","3","4","4","2","8","0","0","0","0","0","1","0","1","0","0","0","0","0","0","0","0","0","1","0","1","0","1","0","1","4","3","0","7","0","0","0","0","10","13","2","23","0","0","0","2"
"경기도교육청","경기도교육청","경기도 고양시 일산서구","S090005380","가좌고등학교","04","공립","N","","1","0","0","1","1","0","0","1","0","0","0","0","8","4","0","12","6","41","9","47","0","1","0","1","0","0","0","0","0","0","0","0","0","0","0","0","0","1","0","1","0","1","0","1","4","11","0","15","0","0","0","0","20","59","9","79","0","0","0","9"
"경기도교육청","경기도교육청","경기도 양주시","S090005381","양주고등학교","04","공립","N","","1","0","0","1","1","0","0","1","0","0","0","0","5","7","0","12","9","20","3","29","0","1","0","1","0","1","0","1","0","0","0","0","0","0","0","0","0","1","0","1","0","1","0","1","4","7","0","11","0","0","0","0","20","38","3","58","0","0","0","3"
"경기도교육청","경기도교육청","경기도 포천시","S090005382","송우고등학교","04","공립","N","","1","0","0","1","1","0","0","1","0","0","0","0","9","3","0","12","16","29","8","45","1","2","0","3","0","1","0","1","0","0","0","0","0","0","0","0","0","1","0","1","0","0","0","0","6","7","0","13","0","0","0","0","34","43","8","77","0","0","0","8"
"경기도교육청","경기도교육청","경기도 부천시 원미구","S090005399","상원고등학교","04","공립","N","","0","1","0","1","0","1","0","1","0","0","0","0","5","8","1","13","9","30","3","39","0","0","0","0","0","0","0","0","0","0","0","0","0","0","0","0","0","1","1","1","0","0","0","0","1","9","0","10","0","0","0","0","15","50","5","65","0","0","0","5"
"경기도교육청","경기도교육청","경기도 고양시 덕양구","S090005413","성사고등학교","04","공립","N","","0","1","0","1","0","1","0","1","0","0","0","0","4","8","0","12","8","34","7","42","0","3","1","3","1","0","0","1","0","0","0","0","0","0","0","0","0","1","0","1","0","1","0","1","3","13","0","16","1","0","0","1","17","62","8","79","0","0","0","8"
"경기도교육청","경기도교육청","경기도 용인시 기흥구","S090005414","성지고등학교","04","공립","N","","1","0","0","1","1","0","0","1","0","0","0","0","5","7","0","12","13","37","5","50","1","1","0","2","0","0","0","0","0","0","0","0","0","0","0","0","0","1","0","1","0","0","0","0","0","11","0","11","0","0","0","0","21","57","5","78","0","0","0","5"
"경기도교육청","경기도교육청","경기도 용인시 수지구","S090005415","현암고등학교","04","공립","N","","1","0","0","1","1","0","0","1","0","0","0","0","4","9","0","13","4","27","6","31","0","0","0","0","0","1","0","1","0","0","0","0","0","0","0","0","0","1","0","1","0","0","0","0","4","6","0","10","0","0","0","0","14","44","6","58","0","0","0","6"
"경기도교육청","경기도교육청","경기도 용인시 수지구","S090005416","용인홍천고등학교","04","공립","N","","1","0","0","1","0","1","0","1","0","0","0","0","6","6","0","12","7","49","5","56","0","2","1","2","0","1","0","1","0","0","0","0","0","0","0","0","0","1","0","1","0","0","0","0","4","11","0","15","0","0","0","0","18","71","6","89","0","0","0","6"
"경기도교육청","경기도교육청","경기도 의정부시","S090005417","효자고등학교","04","공립","N","","1","0","0","1","0","1","0","1","0","0","0","0","4","8","0","12","10","37","3","47","0","4","1","4","0","0","0","0","0","0","0","0","0","0","0","0","0","1","1","1","0","0","0","0","3","3","0","6","0","0","0","0","18","54","5","72","0","0","0","5"
"경기도교육청","경기도교육청","경기도 고양시 일산서구","S090005418","고양예술고등학교","04","사립","N","","0","0","0","0","0","1","0","1","0","0","0","0","8","2","0","10","11","6","1","17","0","0","0","0","0","0","0","0","0","0","0","0","0","0","0","0","0","0","0","0","0","0","0","0","3","9","0","12","3","6","0","9","25","24","1","49","0","0","0","1"
"경기도교육청","경기도교육청","경기도 용인시 수지구","S090005458","대지고등학교","04","공립","N","","1","0","0","1","1","0","0","1","0","0","0","0","3","9","0","12","3","40","9","43","0","2","0","2","0","1","0","1","0","0","0","0","0","0","0","0","0","1","0","1","0","0","0","0","5","8","0","13","0","0","0","0","13","61","9","74","0","0","0","9"
"경기도교육청","경기도교육청","","S090005459","동탄고등학교","04","공립","N","","1","0","0","1","1","0","0","1","0","0","0","0","7","5","0","12","10","34","5","44","0","1","0","1","0","1","0","1","0","0","0","0","0","0","0","0","0","1","0","1","0","1","0","1","5","11","0","16","0","0","0","0","24","54","5","78","0","0","0","5"
"경기도교육청","경기도교육청","경기도 화성시 병점구","S090005460","안화고등학교","04","공립","N","","1","0","0","1","1","0","0","1","0","0","0","0","4","8","0","12","11","30","5","41","0","2","1","2","0","1","0","1","0","1","0","1","0","0","0","0","0","1","0","1","0","1","0","1","6","9","0","15","0","0","0","0","23","53","6","76","0","0","0","6"
"경기도교육청","경기도교육청","경기도 오산시","S090005461","운암고등학교","04","공립","N","","1","0","0","1","1","0","0","1","0","1","0","1","7","7","0","14","5","17","3","22","1","1","0","2","0","0","0","0","0","0","0","0","0","0","0","0","0","1","0","1","0","0","0","0","7","6","0","13","0","0","0","0","22","33","3","55","0","0","0","3"
"경기도교육청","경기도교육청","경기도 용인시 기흥구","S090005488","동백고등학교","04","공립","N","","1","0","0","1","0","1","0","1","0","0","0","0","5","8","0","13","6","37","9","43","1","1","0","2","0","0","0","0","0","0","0","0","0","0","0","0","0","1","0","1","0","1","0","1","4","8","0","12","0","0","0","0","17","57","9","74","0","0","0","9"
"경기도교육청","경기도교육청","경기도 수원시 영통구","S090005576","망포고등학교","04","공립","N","","1","0","0","1","1","0","0","1","0","0","0","0","7","6","0","13","8","37","3","45","1","1","0","2","0","1","1","1","0","0","0","0","0","0","0","0","0","1","0","1","0","1","0","1","1","6","0","7","0","0","0","0","19","53","4","72","0","0","0","4"
"경기도교육청","경기도교육청","경기도 수원시 영통구","S090005577","매원고등학교","04","공립","N","","1","0","0","1","0","1","0","1","0","1","0","1","9","3","0","12","5","44","6","49","0","2","0","2","0","1","1","1","0","0","0","0","0","0","0","0","0","1","0","1","0","1","0","1","4","8","0","12","0","0","0","0","19","62","7","81","0","0","0","7"
"경기도교육청","경기도교육청","","S090005578","반송고등학교","04","공립","N","","1","0","0","1","1","0","0","1","0","0","0","0","5","5","0","10","13","31","5","44","0","0","0","0","0","0","0","0","0","0","0","0","0","0","0","0","0","1","1","1","0","1","0","1","2","11","0","13","0","0","0","0","22","49","6","71","0","0","0","6"
"경기도교육청","경기도교육청","경기도 화성시 효행구","S090005579","봉담고등학교","04","공립","N","","1","0","0","1","1","0","0","1","0","0","0","0","7","6","1","13","11","18","2","29","1","1","0","2","0","0","0","0","0","0","0","0","0","0","0","0","0","1","0","1","0","2","1","2","4","7","0","11","0","0","0","0","25","35","4","60","0","0","0","4"
"경기도교육청","경기도교육청","경기도 화성시 동탄구","S090005580","예당고등학교","04","공립","N","","1","0","0","1","1","0","0","1","0","0","0","0","8","4","0","12","12","32","5","44","0","2","0","2","0","1","0","1","0","1","0","1","0","0","0","0","0","1","0","1","0","1","0","1","3","6","0","9","0","0","0","0","25","48","5","73","0","0","0","5"
"경기도교육청","경기도교육청","경기도 부천시 오정구","S090005581","수주고등학교","04","공립","N","","1","0","0","1","0","1","0","1","0","0","0","0","2","10","0","12","7","23","6","30","0","3","1","3","0","0","0","0","0","0","0","0","0","0","0","0","0","1","1","1","0","1","0","1","4","10","0","14","0","0","0","0","14","49","8","63","0","0","0","8"
"경기도교육청","경기도교육청","경기도 고양시 덕양구","S090005599","고양일고등학교","04","공립","N","","0","1","0","1","0","1","0","1","0","0","0","0","6","6","0","12","4","22","8","26","0","1","0","1","0","1","0","1","0","0","0","0","0","0","0","0","0","1","0","1","0","0","0","0","7","8","0","15","0","0","0","0","17","41","8","58","0","0","0","8"
"경기도교육청","경기도교육청","경기도 고양시 일산동구","S090005600","안곡고등학교","04","공립","N","","1","0","0","1","1","0","0","1","0","0","0","0","2","10","0","12","12","39","9","51","0","4","0","4","0","1","0","1","0","0","0","0","0","0","0","0","0","1","0","1","0","1","0","1","5","11","0","16","0","0","0","0","21","67","9","88","0","0","0","9"
"경기도교육청","경기도교육청","경기도 남양주시","S090005601","와부고등학교","04","공립","N","","0","1","0","1","1","0","0","1","0","0","0","0","7","6","0","13","8","20","3","28","0","2","0","2","0","1","0","1","0","0","0","0","0","0","0","0","0","1","0","1","0","1","0","1","2","11","0","13","0","0","0","0","18","43","3","61","0","0","0","3"
"경기도교육청","경기도교육청","경기도 수원시 권선구","S090005653","고색고등학교","04","공립","N","","1","0","0","1","1","0","0","1","0","0","0","0","8","4","0","12","13","30","8","43","1","1","1","2","0","0","0","0","0","0","0","0","0","0","0","0","0","1","0","1","0","0","0","0","3","10","0","13","0","0","0","0","27","46","9","73","0","0","0","9"
"경기도교육청","경기도교육청","","S090005655","나루고등학교","04","공립","N","","1","0","0","1","0","1","0","1","0","0","0","0","5","7","0","12","11","18","3","29","0","0","0","0","0","1","0","1","0","0","0","0","0","0","0","0","0","1","0","1","0","1","0","1","3","7","0","10","0","0","0","0","20","36","3","56","0","0","0","3"
"경기도교육청","경기도교육청","경기도 용인시 기흥구","S090005656","보라고등학교","04","공립","N","","1","0","0","1","1","0","0","1","0","0","0","0","6","6","0","12","6","30","5","36","1","1","0","2","0","1","0","1","0","0","0","0","0","0","0","0","0","1","0","1","0","1","0","1","3","10","0","13","0","0","0","0","18","50","5","68","0","0","0","5"
"경기도교육청","경기도교육청","경기도 용인시 기흥구","S090005658","초당고등학교","04","공립","N","","1","0","0","1","1","0","0","1","0","0","0","0","5","7","0","12","14","32","6","46","0","0","0","0","0","0","0","0","0","0","0","0","0","0","0","0","0","1","0","1","0","0","0","0","1","10","0","11","0","0","0","0","22","50","6","72","0","0","0","6"
"경기도교육청","경기도교육청","경기도 성남시 수정구","S090005659","복정고등학교","04","공립","N","","0","1","0","1","1","0","0","1","0","0","0","0","5","7","0","12","4","31","6","35","0","0","0","0","0","1","1","1","0","0","0","0","0","0","0","0","0","1","0","1","0","1","0","1","1","7","0","8","0","0","0","0","11","49","7","60","0","0","0","7"
"경기도교육청","경기도교육청","경기도 용인시 처인구","S090005660","포곡고등학교","04","공립","N","","1","0","0","1","0","1","0","1","0","0","0","0","9","3","0","12","13","31","5","44","0","4","0","4","0","1","0","1","0","0","0","0","0","0","0","0","0","0","0","0","0","1","0","1","4","8","0","12","0","0","0","0","27","49","5","76","0","0","0","5"
"경기도교육청","경기도교육청","경기도 화성시 만세구","S090005663","향남고등학교","04","공립","N","","1","0","0","1","1","0","0","1","0","0","0","0","2","10","0","12","6","21","3","27","1","2","0","3","0","1","0","1","0","0","0","0","0","0","0","0","0","1","0","1","0","1","0","1","2","11","0","13","0","0","0","0","13","47","3","60","0","0","0","3"
"경기도교육청","경기도교육청","경기도 용인시 기흥구","S090005664","청덕고등학교","04","공립","N","","1","0","0","1","1","0","0","1","0","0","0","0","5","7","0","12","3","40","5","43","0","2","0","2","1","0","0","1","0","0","0","0","0","0","0","0","0","1","0","1","0","0","0","0","5","7","0","12","0","0","0","0","16","57","5","73","0","0","0","5"
"경기도교육청","경기도교육청","경기도 시흥시","S090005665","시흥능곡고등학교","04","공립","N","","0","1","0","1","0","1","0","1","0","0","0","0","5","7","0","12","10","30","4","40","2","0","0","2","0","1","0","1","0","0","0","0","0","0","0","0","0","1","0","1","0","0","0","0","5","9","0","14","0","0","0","0","22","50","4","72","0","0","0","4"
"경기도교육청","경기도교육청","경기도 시흥시","S090005666","시흥매화고등학교","04","공립","N","","1","0","0","1","1","0","0","1","0","0","0","0","7","5","0","12","5","27","3","32","1","1","0","2","0","0","0","0","0","0","0","0","0","0","0","0","0","1","0","1","0","0","0","0","2","6","0","8","0","0","0","0","17","40","3","57","0","0","0","3"
"경기도교육청","경기도교육청","경기도 의정부시","S090005667","발곡고등학교","04","공립","N","","1","0","0","1","0","1","0","1","0","0","0","0","6","7","1","13","7","39","7","46","0","3","0","3","1","0","0","1","0","0","0","0","0","0","0","0","0","1","0","1","0","1","0","1","1","8","0","9","0","0","0","0","16","60","8","76","0","0","0","8"
"경기도교육청","경기도교육청","경기도 시흥시","S090005668","신천고등학교","04","공립","N","","0","1","0","1","1","0","0","1","0","0","0","0","4","7","0","11","5","38","4","43","1","3","1","4","1","0","0","1","0","0","0","0","0","0","0","0","0","1","1","1","0","1","0","1","5","7","0","12","0","0","0","0","17","58","6","75","0","0","0","6"
"경기도교육청","경기도교육청","경기도 안산시 단원구","S090005669","선부고등학교","04","공립","N","","1","0","0","1","1","0","0","1","0","0","0","0","6","7","0","13","10","33","7","43","1","2","0","3","0","0","0","0","0","0","0","0","0","0","0","0","1","0","0","1","0","0","0","0","5","12","0","17","0","0","0","0","25","54","7","79","0","0","0","7"
"경기도교육청","경기도교육청","경기도 남양주시","S090005670","오남고등학교","04","공립","N","","1","0","0","1","1","0","0","1","0","0","0","0","8","5","0","13","12","35","7","47","0","3","1","3","0","0","0","0","0","0","0","0","0","0","0","0","0","1","0","1","0","0","0","0","6","14","0","20","0","0","0","0","28","58","8","86","0","0","0","8"
"경기도교육청","경기도교육청","경기도 의왕시","S090005671","의왕고등학교","04","공립","N","","1","0","0","1","0","1","0","1","0","0","0","0","5","9","0","14","5","26","8","31","0","2","0","2","0","1","0","1","0","0","0","0","0","0","0","0","0","1","0","1","0","0","0","0","1","8","0","9","0","0","0","0","12","48","8","60","0","0","0","8"
"경기도교육청","경기도교육청","경기도 평택시","S090005672","이충고등학교","04","공립","N","","1","0","0","1","0","2","0","2","0","0","0","0","7","5","0","12","13","22","2","35","1","1","1","2","0","0","0","0","0","0","0","0","0","0","0","0","0","0","0","0","0","0","0","0","5","15","0","20","0","0","0","0","27","45","3","72","0","0","0","3"
"경기도교육청","경기도교육청","경기도 김포시","S090005673","장기고등학교","04","공립","N","","1","0","0","1","1","0","0","1","0","0","0","0","6","6","0","12","11","31","3","42","1","3","0","4","0","0","0","0","0","0","0","0","0","0","0","0","0","1","0","1","0","0","0","0","6","5","0","11","0","0","0","0","26","46","3","72","0","0","0","3"
"경기도교육청","경기도교육청","경기도 안산시 단원구","S090005674","신길고등학교","04","공립","N","","1","0","0","1","1","0","0","1","0","0","0","0","3","7","1","10","15","31","7","46","0","2","0","2","0","0","0","0","0","0","0","0","0","0","0","0","0","1","0","1","0","0","0","0","2","14","0","16","0","0","0","0","22","55","8","77","0","0","0","8"
"경기도교육청","경기도교육청","경기도 광주시","S090005675","광남고등학교","04","공립","N","","0","1","0","1","0","1","0","1","0","0","0","0","4","7","0","11","8","35","9","43","1","2","0","3","0","1","1","1","0","0","0","0","0","0","0","0","0","1","0","1","0","1","0","1","8","8","0","16","0","0","0","0","21","57","10","78","0","0","0","10"
"경기도교육청","경기도교육청","경기도 안산시 상록구","S090005676","광덕고등학교","04","공립","N","","0","1","0","1","1","0","0","1","0","0","0","0","5","7","0","12","9","31","2","40","0","0","0","0","0","1","0","1","1","0","0","1","0","0","0","0","0","1","0","1","0","1","0","1","5","7","0","12","0","0","0","0","21","49","2","70","0","0","0","2"
"경기도교육청","경기도교육청","경기도 용인시 기흥구","S090005677","흥덕고등학교","04","공립","N","","1","0","0","1","0","1","0","1","0","0","0","0","4","11","1","15","8","25","3","33","0","1","0","1","0","1","0","1","0","0","0","0","0","0","0","0","0","1","0","1","0","1","0","1","2","9","0","11","0","0","0","0","15","50","4","65","0","0","0","4"
"경기도교육청","경기도교육청","경기도 양주시","S090005796","덕현고등학교","04","공립","N","","1","0","0","1","0","1","0","1","0","0","0","0","8","4","0","12","18","31","1","49","1","2","1","3","0","1","0","1","0","0","0","0","0","0","0","0","0","1","0","1","0","1","0","1","2","9","0","11","0","0","0","0","30","50","2","80","0","0","0","2"
"경기도교육청","경기도교육청","경기도 고양시 덕양구","S090005797","서정고등학교","04","공립","N","","1","0","0","1","0","1","0","1","0","0","0","0","3","9","0","12","4","38","2","42","0","2","1","2","0","1","0","1","0","0","0","0","0","0","0","0","0","1","0","1","0","1","0","1","1","11","0","12","0","0","0","0","9","64","3","73","0","0","0","3"
"경기도교육청","경기도교육청","경기도 광명시","S090005798","운산고등학교","04","공립","N","","1","0","0","1","1","0","0","1","0","0","0","0","3","11","1","14","8","38","9","46","1","1","1","2","0","1","0","1","0","0","0","0","0","0","0","0","0","1","0","1","0","0","0","0","6","6","0","12","0","0","0","0","20","58","11","78","0","0","0","11"
"경기도교육청","경기도교육청","경기도 파주시","S090005799","운정고등학교","04","공립","N","","1","0","0","1","0","1","0","1","0","0","0","0","9","2","0","11","16","43","6","59","0","0","0","0","0","1","0","1","0","0","0","0","0","0","0","0","0","1","0","1","0","1","0","1","5","8","0","13","0","0","0","0","31","57","6","88","0","0","0","6"
"경기도교육청","경기도교육청","경기도 남양주시","S090005800","마석고등학교","04","공립","N","","0","1","0","1","0","1","0","1","0","0","0","0","8","3","0","11","10","37","6","47","1","2","0","3","0","0","0","0","0","0","0","0","0","0","0","0","0","1","0","1","0","1","0","1","9","8","0","17","0","0","0","0","28","54","6","82","0","0","0","6"
"경기도교육청","경기도교육청","경기도 안산시 상록구","S090005801","상록고등학교","04","공립","N","","1","0","0","1","1","0","0","1","0","0","0","0","9","3","0","12","7","41","6","48","0","3","0","3","0","0","0","0","0","0","0","0","0","0","0","0","0","1","0","1","0","1","0","1","8","8","0","16","0","1","0","1","26","58","6","84","0","0","0","6"
"경기도교육청","경기도교육청","경기도 남양주시","S090005803","진접고등학교","04","공립","N","","0","1","0","1","0","1","0","1","0","1","0","1","5","6","0","11","13","37","9","50","1","3","0","4","0","0","0","0","0","0","0","0","0","0","0","0","0","1","1","1","0","1","1","1","9","14","0","23","0","0","0","0","28","65","11","93","0","0","0","11"
"경기도교육청","경기도교육청","경기도 평택시","S090005804","청북고등학교","04","공립","N","","1","0","0","1","0","1","0","1","0","0","0","0","5","7","0","12","18","15","1","33","1","0","0","1","0","1","0","1","0","0","0","0","0","0","0","0","0","1","0","1","0","1","0","1","3","8","0","11","0","0","0","0","28","34","1","62","0","0","0","1"
"경기도교육청","경기도교육청","경기도 오산시","S090005806","세마고등학교","04","공립","N","","1","0","0","1","1","0","0","1","0","0","0","0","8","5","0","13","11","27","8","38","0","1","0","1","0","0","0","0","0","0","0","0","0","0","0","0","0","1","0","1","0","2","0","2","7","10","0","17","0","0","0","0","28","46","8","74","0","0","0","8"
"경기도교육청","경기도교육청","경기도 화성시 동탄구","S090005808","능동고등학교","04","공립","N","","0","1","0","1","1","0","0","1","0","0","0","0","5","7","0","12","11","25","4","36","1","1","0","2","0","0","0","0","0","0","0","0","0","0","0","0","0","1","0","1","0","1","0","1","3","7","0","10","0","0","0","0","21","43","4","64","0","0","0","4"
"경기도교육청","경기도교육청","경기도 김포시","S090005811","마송고등학교","04","공립","N","","1","0","0","1","0","1","0","1","0","0","0","0","3","9","0","12","6","17","3","23","1","2","0","3","0","0","0","0","0","0","0","0","0","0","0","0","0","1","0","1","0","1","0","1","0","9","0","9","0","0","0","0","11","40","3","51","0","0","0","3"
"경기도교육청","경기도교육청","경기도 의왕시","S090005815","모락고등학교","04","공립","N","","1","0","0","1","1","0","0","1","0","0","0","0","4","9","0","13","2","29","5","31","1","2","1","3","0","0","0","0","0","0","0","0","0","0","0","0","0","1","0","1","0","0","0","0","5","4","0","9","1","0","0","1","15","45","6","60","1","0","1","6"
"경기도교육청","경기도교육청","경기도 광주시","S090005820","경화여자English Business고등학교","04","사립","N","","1","0","0","1","0","1","0","1","0","0","0","0","1","9","0","10","6","3","2","9","0","0","0","0","0","0","0","0","0","0","0","0","0","0","0","0","0","0","0","0","0","0","0","0","7","11","0","18","0","0","0","0","15","24","2","39","0","0","0","2"
"경기도교육청","경기도교육청","경기도 안성시","S090005831","경기창조고등학교","04","공립","N","","1","0","0","1","1","0","0","1","0","0","0","0","9","4","0","13","13","32","6","45","1","3","1","4","1","0","0","1","0","1","0","1","0","0","0","0","0","1","0","1","0","1","0","1","3","6","0","9","0","0","0","0","29","48","7","77","0","0","0","7"
"경기도교육청","경기도교육청","경기도 성남시 분당구","S090005836","보평고등학교","04","공립","N","","1","0","0","1","0","1","0","1","0","0","0","0","3","9","0","12","3","32","5","35","0","2","0","2","0","1","0","1","0","1","0","1","0","0","0","0","0","1","0","1","0","1","0","1","1","7","0","8","0","0","0","0","8","55","5","63","0","0","0","5"
"경기도교육청","경기도교육청","경기도 성남시 분당구","S090005844","운중고등학교","04","공립","N","","0","1","0","1","1","0","0","1","0","0","0","0","3","9","0","12","8","25","5","33","0","2","0","2","0","0","0","0","0","0","0","0","0","0","0","0","0","1","0","1","0","1","0","1","1","7","0","8","0","0","0","0","13","46","5","59","0","0","0","5"
"경기도교육청","경기도교육청","경기도 남양주시","S090005898","가운고등학교","04","공립","N","","1","0","0","1","0","1","0","1","0","0","0","0","3","10","0","13","11","31","4","42","1","0","0","1","0","1","0","1","0","0","0","0","0","0","0","0","0","1","0","1","0","1","0","1","3","13","0","16","0","0","0","0","19","58","4","77","0","0","0","4"
"경기도교육청","경기도교육청","경기도 파주시","S090005899","동패고등학교","04","공립","N","","1","0","0","1","1","0","0","1","0","0","0","0","5","7","0","12","15","44","2","59","1","2","2","3","0","0","0","0","0","0","0","0","0","0","0","0","0","1","0","1","0","1","0","1","1","6","0","7","0","0","0","0","24","61","4","85","0","0","0","4"
"경기도교육청","경기도교육청","경기도 부천시 원미구","S090005900","역곡고등학교","04","공립","N","","1","1","1","2","1","0","0","1","0","0","0","0","3","8","0","11","5","18","1","23","0","3","0","3","0","0","0","0","0","0","0","0","0","0","0","0","0","0","0","0","0","1","0","1","1","4","0","5","0","0","0","0","11","35","2","46","0","0","0","2"
"경기도교육청","경기도교육청","경기도 성남시 분당구","S090005901","판교고등학교","04","공립","N","","0","1","0","1","1","0","0","1","0","0","0","0","1","11","0","12","3","31","7","34","1","0","0","1","0","1","0","1","0","1","0","1","0","0","0","0","0","1","0","1","0","0","0","0","0","11","0","11","0","0","0","0","6","57","7","63","0","0","0","7"
"경기도교육청","경기도교육청","경기도 오산시","S090005902","세교고등학교","04","공립","N","","1","0","0","1","1","0","0","1","1","0","0","1","7","5","0","12","11","25","6","36","1","2","0","3","0","1","0","1","0","0","0","0","0","0","0","0","0","1","0","1","0","1","0","1","4","13","0","17","0","0","0","0","26","48","6","74","0","0","0","6"
"경기도교육청","경기도교육청","경기도 용인시 기흥구","S090005903","서천고등학교","04","공립","N","","1","0","0","1","1","0","0","1","0","0","0","0","6","6","0","12","5","31","6","36","0","1","0","1","0","1","0","1","0","0","0","0","0","0","0","0","0","1","0","1","0","1","0","1","3","8","0","11","1","0","0","1","17","49","6","66","0","0","0","6"
"경기도교육청","경기도교육청","경기도 용인시 수지구","S090005904","성복고등학교","04","공립","N","","1","0","0","1","0","1","0","1","0","1","0","1","8","6","0","14","7","46","5","53","0","2","1","2","0","0","0","0","0","0","0","0","0","0","0","0","0","1","0","1","0","1","1","1","5","6","0","11","0","1","0","1","21","65","7","86","0","0","0","7"
"경기도교육청","경기도교육청","경기도 고양시 일산서구","S090005905","대화고등학교","04","공립","N","","0","1","0","1","1","0","0","1","0","0","0","0","6","6","0","12","11","36","8","47","0","1","0","1","0","1","0","1","0","0","0","0","0","0","0","0","0","1","0","1","0","1","0","1","4","11","0","15","0","0","0","0","22","58","8","80","0","0","0","8"
"경기도교육청","경기도교육청","경기도 이천시","S090005906","이현고등학교","04","공립","N","","1","0","0","1","1","0","0","1","0","0","0","0","9","3","0","12","8","31","2","39","0","3","0","3","0","0","0","0","0","0","0","0","0","0","0","0","0","1","0","1","0","0","0","0","5","5","0","10","0","2","0","2","24","45","2","69","0","1","1","2"
"경기도교육청","경기도교육청","경기도 광주시","S090005908","초월고등학교","04","공립","N","","0","1","0","1","0","1","0","1","0","0","0","0","5","8","1","13","14","37","7","51","0","4","0","4","0","1","0","1","0","0","0","0","0","0","0","0","0","0","0","0","0","1","1","1","7","10","0","17","0","0","0","0","26","63","9","89","0","0","0","9"
"경기도교육청","경기도교육청","경기도 화성시 만세구","S090005909","향일고등학교","04","공립","N","","1","0","0","1","0","1","0","1","0","0","0","0","8","5","0","13","11","15","0","26","1","1","0","2","0","0","0","0","0","0","0","0","0","0","0","0","0","1","0","1","0","0","0","0","5","6","0","11","0","0","0","0","26","29","0","55","0","0","0","0"
"경기도교육청","경기도교육청","경기도 남양주시","S090005910","판곡고등학교","04","공립","N","","0","1","0","1","1","0","0","1","0","0","0","0","3","9","0","12","13","34","8","47","0","1","0","1","0","0","0","0","0","0","0","0","0","0","0","0","0","1","0","1","0","0","0","0","6","15","0","21","0","0","0","0","23","61","8","84","0","0","0","8"
"경기도교육청","경기도교육청","경기도 수원시 영통구","S090005984","광교고등학교","04","공립","N","","1","0","0","1","0","1","0","1","0","0","0","0","5","7","0","12","3","42","7","45","1","1","0","2","0","0","0","0","0","0","0","0","0","0","0","0","0","2","1","2","0","0","0","0","3","8","0","11","0","0","0","0","13","61","8","74","0","0","0","8"
"경기도교육청","경기도교육청","경기도 수원시 팔달구","S090006514","율천고등학교","04","공립","N","","1","0","0","1","1","0","0","1","0","0","0","0","5","4","0","9","4","18","4","22","1","2","0","3","0","1","0","1","0","1","0","1","0","0","0","0","0","1","1","1","0","0","0","0","3","7","0","10","0","0","0","0","15","34","5","49","0","0","0","5"
"경기도교육청","경기도교육청","경기도 고양시 일산서구","S090006518","덕이고등학교","04","공립","N","","1","0","0","1","0","1","0","1","0","0","0","0","10","2","0","12","10","39","4","49","0","0","0","0","0","1","0","1","0","0","0","0","0","0","0","0","0","1","0","1","0","1","0","1","0","9","0","9","0","0","0","0","21","54","4","75","0","0","0","4"
"경기도교육청","경기도교육청","경기도 의정부시","S090006519","송양고등학교","04","공립","N","","0","1","0","1","0","1","0","1","0","1","0","1","3","8","0","11","11","43","11","54","2","0","0","2","0","1","1","1","0","0","0","0","0","0","0","0","0","1","1","1","0","1","0","1","8","9","0","17","0","0","0","0","24","66","13","90","0","0","0","13"
"경기도교육청","경기도교육청","경기도 남양주시","S090006520","별내고등학교","04","공립","N","","0","1","0","1","1","0","0","1","0","0","0","0","5","7","0","12","8","33","7","41","0","2","1","2","0","1","0","1","0","0","0","0","0","0","0","0","0","1","0","1","0","1","0","1","5","11","0","16","0","3","0","3","19","60","8","79","0","1","1","8"
"경기도교육청","경기도교육청","경기도 군포시","S090006521","군포중앙고등학교","04","공립","N","","1","0","0","1","1","0","0","1","0","0","0","0","4","10","0","14","10","24","3","34","0","1","0","1","0","1","0","1","0","0","0","0","0","0","0","0","0","1","1","1","0","0","0","0","1","5","0","6","0","0","0","0","17","42","4","59","0","0","0","4"
"경기도교육청","경기도교육청","경기도 용인시 수지구","S090006522","상현고등학교","04","공립","N","","1","0","0","1","0","1","0","1","0","0","0","0","6","6","0","12","6","39","3","45","0","2","0","2","0","1","0","1","0","0","0","0","0","0","0","0","0","1","0","1","0","0","0","0","1","6","0","7","0","0","0","0","14","56","3","70","0","0","0","3"
"경기도교육청","경기도교육청","경기도 김포시","S090006523","솔터고등학교","04","공립","N","","0","1","0","1","1","0","0","1","0","0","0","0","5","7","0","12","9","36","12","45","0","2","0","2","0","1","0","1","0","0","0","0","0","0","0","0","1","0","0","1","0","1","1","1","5","16","0","21","0","0","0","0","21","64","13","85","0","0","0","13"
"경기도교육청","경기도교육청","경기도 용인시 수지구","S090006525","신봉고등학교","04","공립","N","","1","0","0","1","0","1","0","1","0","0","0","0","6","6","0","12","10","42","7","52","0","2","0","2","0","1","0","1","0","0","0","0","0","0","0","0","0","1","0","1","0","1","0","1","4","10","0","14","0","0","0","0","21","64","7","85","0","0","0","7"
"경기도교육청","경기도교육청","경기도 평택시","S090006539","비전고등학교","04","공립","N","","1","0","0","1","0","1","0","1","1","0","0","1","8","6","0","14","10","22","4","32","0","3","0","3","0","0","0","0","0","1","0","1","0","0","0","0","0","1","0","1","0","0","0","0","6","14","0","20","0","1","0","1","26","49","4","75","0","0","0","4"
"경기도교육청","경기도교육청","경기도 안산시 상록구","S090006540","부곡고등학교","04","공립","N","","1","0","0","1","1","0","0","1","0","0","0","0","5","7","0","12","9","35","6","44","3","1","0","4","0","0","0","0","0","0","0","0","0","0","0","0","0","1","0","1","0","1","0","1","9","5","0","14","0","0","0","0","28","50","6","78","0","0","0","6"
"경기도교육청","경기도교육청","경기도 하남시","S090006541","풍산고등학교","04","공립","N","","0","1","0","1","0","1","0","1","0","0","0","0","6","6","0","12","5","26","6","31","1","0","0","1","0","1","1","1","0","0","0","0","0","0","0","0","0","1","0","1","0","0","0","0","4","8","0","12","0","0","0","0","16","44","7","60","0","0","0","7"
"경기도교육청","경기도교육청","경기도 수원시 권선구","S090006542","호매실고등학교","04","공립","N","","1","0","0","1","1","0","0","1","0","0","0","0","8","6","0","14","5","24","3","29","1","2","0","3","0","1","0","1","0","0","0","0","0","0","0","0","0","1","0","1","0","0","0","0","2","6","0","8","0","0","0","0","18","40","3","58","0","0","0","3"
"경기도교육청","경기도교육청","경기도 고양시 일산동구","S090006561","고양국제고등학교","04","공립","N","","0","1","0","1","1","0","0","1","0","0","0","0","8","6","0","14","21","25","4","46","0","0","0","0","0","1","0","1","0","0","0","0","0","0","0","0","0","1","0","1","0","2","0","2","1","8","0","9","0","0","0","0","31","44","4","75","0","0","0","4"
"경기도교육청","경기도교육청","경기도 고양시 일산동구","S090006562","저현고등학교","04","공립","N","","1","0","0","1","0","1","0","1","0","0","0","0","7","5","0","12","9","46","6","55","1","0","0","1","0","1","0","1","0","0","0","0","0","0","0","0","0","1","0","1","0","0","0","0","2","10","0","12","0","0","0","0","20","64","6","84","0","0","0","6"
"경기도교육청","경기도교육청","","S090006577","동탄국제고등학교","04","공립","N","","1","0","0","1","1","0","0","1","0","0","0","0","5","8","0","13","15","33","4","48","0","0","0","0","0","0","0","0","0","0","0","0","0","0","0","0","0","1","0","1","0","1","0","1","2","6","0","8","0","0","0","0","24","49","4","73","0","0","0","4"
"경기도교육청","경기도교육청","경기도 고양시 덕양구","S090006624","고양동산고등학교","04","공립","N","","1","0","0","1","1","0","0","1","0","0","0","0","3","7","0","10","5","26","3","31","0","1","0","1","0","1","0","1","0","0","0","0","0","0","0","0","0","1","0","1","0","1","0","1","3","8","0","11","0","0","0","0","13","45","3","58","0","0","0","3"
"경기도교육청","경기도교육청","경기도 광명시","S090006645","광휘고등학교","04","공립","N","","0","1","0","1","1","0","0","1","0","0","0","0","2","10","0","12","8","41","7","49","0","1","0","1","0","1","0","1","0","0","0","0","0","0","0","0","0","1","0","1","0","1","0","1","4","7","0","11","0","0","0","0","15","63","7","78","0","0","0","7"
"경기도교육청","경기도교육청","경기도 화성시 병점구","S090006700","화성반월고등학교","04","공립","N","","1","0","0","1","1","0","0","1","0","0","0","0","5","7","0","12","11","20","5","31","0","1","1","1","0","1","0","1","0","0","0","0","0","0","0","0","0","1","0","1","0","1","0","1","4","14","0","18","0","0","0","0","22","45","6","67","0","0","0","6"
"경기도교육청","경기도교육청","경기도 오산시","S090006701","매홀고등학교","04","공립","N","","0","1","0","1","1","0","0","1","0","0","0","0","5","7","0","12","11","27","6","38","0","1","0","1","0","0","0","0","0","0","0","0","0","0","0","0","0","1","0","1","0","1","0","1","6","12","0","18","0","0","0","0","23","50","6","73","0","0","0","6"
"경기도교육청","경기도교육청","경기도 수원시 권선구","S090006702","수원칠보고등학교","04","공립","N","","1","0","0","1","0","1","0","1","0","0","0","0","6","6","0","12","11","33","5","44","0","2","1","2","0","0","0","0","0","1","0","1","0","0","0","0","0","1","0","1","0","1","0","1","6","3","0","9","0","0","0","0","24","48","6","72","0","0","0","6"
"경기도교육청","경기도교육청","경기도 수원시 권선구","S090006703","곡정고등학교","04","공립","N","","1","0","0","1","1","0","0","1","0","0","0","0","6","8","0","14","10","34","9","44","0","1","0","1","0","1","1","1","0","0","0","0","0","0","0","0","0","0","0","0","0","1","0","1","4","11","0","15","0","0","0","0","22","56","10","78","0","0","0","10"
"경기도교육청","경기도교육청","경기도 김포시","S090006717","운양고등학교","04","공립","N","","1","0","0","1","0","1","0","1","0","0","0","0","3","9","0","12","5","39","14","44","0","1","1","1","0","1","0","1","0","0","0","0","0","0","0","0","0","1","1","1","0","0","0","0","5","18","0","23","0","0","0","0","14","70","16","84","0","0","0","16"
"경기도교육청","경기도교육청","경기도 파주시","S090006763","한민고등학교","04","사립","N","","1","0","0","1","1","0","0","1","0","0","0","0","8","1","0","9","29","27","7","56","0","0","0","0","0","0","0","0","0","0","0","0","0","0","0","0","0","1","0","1","0","0","0","0","6","14","0","20","0","0","0","0","45","43","7","88","0","0","0","7"
"경기도교육청","경기도교육청","경기도 고양시 덕양구","S090006764","도래울고등학교","04","공립","N","","0","1","0","1","1","0","0","1","0","0","0","0","6","4","1","10","4","36","6","40","0","2","0","2","0","1","0","1","0","0","0","0","0","0","0","0","0","1","0","1","0","1","0","1","4","8","0","12","0","0","0","0","15","54","7","69","0","0","0","7"
"경기도교육청","경기도교육청","경기도 양주시","S090006765","옥정고등학교","04","공립","N","","1","0","0","1","1","0","0","1","0","0","0","0","7","6","0","13","10","33","4","43","0","0","0","0","0","1","0","1","0","0","0","0","0","0","0","0","0","1","1","1","0","1","0","1","3","9","0","12","0","0","0","0","22","51","5","73","0","0","0","5"
"경기도교육청","경기도교육청","경기도 하남시","S090006810","미사고등학교","04","공립","N","","0","1","0","1","1","0","0","1","0","1","0","1","2","10","0","12","8","37","5","45","0","2","0","2","0","1","0","1","0","0","0","0","0","0","0","0","0","1","0","1","0","1","0","1","5","4","0","9","0","0","0","0","16","58","5","74","0","0","0","5"
"경기도교육청","경기도교육청","","S090006811","한백고등학교","04","공립","N","","1","0","0","1","1","0","0","1","0","0","0","0","3","9","1","12","13","34","7","47","0","1","0","1","0","0","0","0","1","0","0","1","0","0","0","0","0","1","0","1","0","1","1","1","4","10","0","14","0","0","0","0","23","56","9","79","0","0","0","9"
"경기도교육청","경기도교육청","경기도 화성시 동탄구","S090006812","동탄중앙고등학교","04","공립","N","","1","0","0","1","1","0","0","1","0","0","0","0","4","8","0","12","9","29","9","38","0","3","0","3","0","0","0","0","0","0","0","0","0","0","0","0","0","1","1","1","0","1","1","1","5","16","0","21","1","1","0","2","21","59","11","80","0","0","0","11"
"경기도교육청","경기도교육청","경기도 수원시 영통구","S090006813","이의고등학교","04","공립","N","","1","0","0","1","1","0","0","1","0","0","0","0","5","7","0","12","10","46","7","56","0","1","0","1","0","1","0","1","0","0","0","0","0","0","0","0","0","1","0","1","0","1","0","1","1","8","0","9","0","0","0","0","18","65","7","83","0","0","0","7"
"경기도교육청","경기도교육청","경기도 김포시","S090006814","김포제일고등학교","04","공립","N","","0","1","0","1","1","0","0","1","0","0","0","0","4","8","0","12","13","41","10","54","0","0","0","0","0","1","0","1","0","0","0","0","0","0","0","0","0","1","0","1","0","1","0","1","5","10","0","15","0","0","0","0","23","63","10","86","0","0","0","10"
"경기도교육청","경기도교육청","경기도 파주시","S090006903","지산고등학교","04","공립","N","","1","0","0","1","1","0","0","1","0","0","0","0","8","4","0","12","10","49","6","59","0","2","0","2","0","1","0","1","0","0","0","0","0","0","0","0","0","1","0","1","0","1","0","1","4","6","0","10","0","0","0","0","24","64","6","88","0","0","0","6"
"경기도교육청","경기도교육청","경기도 남양주시","S090006905","별가람고등학교","04","공립","N","","0","1","0","1","1","0","0","1","0","0","0","0","6","6","0","12","6","31","5","37","0","2","1","2","0","1","0","1","0","1","0","1","0","0","0","0","0","1","0","1","0","1","0","1","5","15","0","20","0","0","0","0","18","59","6","77","0","0","0","6"
"경기도교육청","경기도교육청","경기도 구리시","S090006906","갈매고등학교","04","공립","N","","0","1","0","1","0","1","0","1","0","0","0","0","3","9","0","12","8","27","8","35","0","1","0","1","0","0","0","0","0","0","0","0","0","0","0","0","0","1","0","1","0","1","0","1","6","13","0","19","0","0","0","0","17","54","8","71","0","0","0","8"
"경기도교육청","경기도교육청","경기도 파주시","S090006908","한빛고등학교","04","공립","N","","0","1","0","1","0","1","0","1","0","0","0","0","6","6","0","12","12","48","10","60","0","2","0","2","0","1","0","1","0","1","0","1","0","0","0","0","0","1","0","1","0","1","0","1","6","8","0","14","0","0","0","0","24","70","10","94","0","0","0","10"
"경기도교육청","경기도교육청","경기도 하남시","S090006919","미사강변고등학교","04","공립","N","","1","0","0","1","0","1","0","1","0","0","0","0","3","12","0","15","8","32","8","40","0","2","0","2","0","1","0","1","0","1","0","1","0","0","0","0","0","1","0","1","0","1","0","1","3","6","0","9","0","0","0","0","15","57","8","72","0","0","0","8"
"경기도교육청","경기도교육청","경기도 광주시","S090006920","태전고등학교","04","공립","N","","0","1","0","1","1","0","0","1","0","0","0","0","6","8","0","14","7","32","8","39","0","1","0","1","0","1","0","1","0","0","0","0","0","0","0","0","0","1","0","1","0","1","0","1","3","12","0","15","0","0","0","0","17","57","8","74","0","0","0","8"
"경기도교육청","경기도교육청","경기도 용인시 처인구","S090006921","용인삼계고등학교","04","공립","N","","1","0","0","1","0","1","0","1","0","0","0","0","6","7","0","13","11","22","3","33","0","1","0","1","0","0","0","0","0","0","0","0","0","0","0","0","0","1","0","1","0","1","0","1","4","6","0","10","0","0","0","0","22","39","3","61","0","0","0","3"
"경기도교육청","경기도교육청","경기도 용인시 처인구","S090006924","고림고등학교","04","공립","N","","1","0","0","1","1","0","0","1","0","0","0","0","3","9","0","12","11","43","7","54","0","3","0","3","0","1","1","1","0","0","0","0","0","0","0","0","0","1","0","1","0","1","0","1","3","10","0","13","0","0","0","0","19","68","8","87","0","0","0","8"
"경기도교육청","경기도교육청","경기도 시흥시","S090006925","배곧고등학교","04","공립","N","","1","0","0","1","0","1","0","1","0","0","0","0","9","3","0","12","11","36","6","47","0","1","0","1","0","0","0","0","0","1","0","1","0","0","0","0","0","1","0","1","0","1","0","1","3","7","0","10","0","0","0","0","24","51","6","75","0","0","0","6"
"경기도교육청","경기도교육청","경기도 하남시","S090007014","위례고등학교","04","공립","N","","1","0","0","1","1","0","0","1","0","1","0","1","1","9","0","10","4","30","10","34","0","0","0","0","0","0","0","0","0","1","0","1","0","0","0","0","0","1","0","1","0","1","0","1","5","8","0","13","0","1","0","1","12","52","10","64","0","0","0","10"
"경기도교육청","경기도교육청","경기도 화성시 만세구","S090007015","하길고등학교","04","공립","N","","1","0","0","1","1","0","0","1","0","0","0","0","6","6","0","12","12","30","5","42","0","0","0","0","0","1","0","1","0","0","0","0","0","0","0","0","0","1","0","1","0","1","0","1","2","10","0","12","0","0","0","0","22","49","5","71","0","0","0","5"
"경기도교육청","경기도교육청","경기도 성남시 수정구","S090007016","위례한빛고등학교","04","공립","N","","1","0","0","1","0","1","0","1","0","0","0","0","5","7","0","12","9","49","14","58","0","2","0","2","0","1","0","1","0","1","0","1","0","0","0","0","0","1","0","1","0","1","1","1","10","7","0","17","1","1","0","2","26","71","15","97","0","0","0","15"
"경기도교육청","경기도교육청","경기도 화성시 동탄구","S090007130","이산고등학교","04","공립","N","","1","0","0","1","0","1","0","1","0","0","0","0","10","2","0","12","10","40","2","50","0","1","0","1","0","0","0","0","0","0","0","0","0","0","0","0","0","1","1","1","0","1","0","1","7","10","0","17","0","2","0","2","28","58","3","86","0","0","0","3"
"경기도교육청","경기도교육청","경기도 화성시 동탄구","S090007131","창의고등학교","04","공립","N","","1","0","0","1","0","1","0","1","0","0","0","0","5","6","1","11","16","33","7","49","0","0","0","0","0","0","0","0","0","0","0","0","0","0","0","0","0","1","0","1","0","1","0","1","7","18","0","25","0","0","0","0","29","60","8","89","0","0","0","8"
"경기도교육청","경기도교육청","","S090007243","정현고등학교","04","공립","N","","1","0","0","1","1","0","0","1","0","0","0","0","6","6","0","12","19","35","7","54","0","1","1","1","0","1","1","1","0","0","0","0","0","0","0","0","0","1","0","1","0","1","0","1","3","16","0","19","0","0","0","0","30","61","9","91","0","0","0","9"
"경기도교육청","경기도교육청","경기도 화성시 효행구","S090007278","와우고등학교","04","공립","N","","1","0","0","1","1","0","0","1","1","0","0","1","4","4","0","8","6","7","0","13","0","1","0","1","0","0","0","0","0","0","0","0","0","0","0","0","0","1","1","1","0","1","0","1","2","6","0","8","0","0","0","0","15","20","1","35","0","0","0","1"
"경기도교육청","경기도교육청","경기도 김포시","S090007314","고촌고등학교","04","공립","N","","0","1","0","1","1","0","0","1","0","0","0","0","4","9","0","13","15","31","2","46","0","1","0","1","0","1","0","1","0","0","0","0","0","0","0","0","0","1","0","1","0","1","0","1","3","3","0","6","0","0","0","0","23","48","2","71","0","0","0","2"
"경기도교육청","경기도교육청","경기도 화성시 만세구","S090007315","새솔고등학교","04","공립","N","","1","0","0","1","0","1","0","1","0","0","0","0","3","9","0","12","5","18","2","23","0","2","1","2","0","0","0","0","0","0","0","0","0","0","0","0","0","1","0","1","0","1","1","1","6","8","0","14","0","0","0","0","15","40","4","55","0","0","0","4"
"경기도교육청","경기도교육청","경기도 화성시 동탄구","S090007316","서연고등학교","04","공립","N","","1","0","0","1","1","0","0","1","0","0","0","0","7","5","0","12","10","37","5","47","0","0","0","0","0","1","1","1","0","0","0","0","0","0","0","0","0","1","0","1","0","1","0","1","5","16","0","21","0","0","0","0","24","61","6","85","0","0","0","6"
"경기도교육청","경기도교육청","경기도 남양주시","S090007317","남양주다산고등학교","04","공립","N","","1","0","0","1","1","0","0","1","1","0","0","1","9","2","0","11","15","29","7","44","1","1","0","2","1","0","0","1","0","0","0","0","0","0","0","0","0","1","0","1","0","1","0","1","4","13","0","17","0","0","0","0","33","47","7","80","0","0","0","7"
"경기도교육청","경기도교육청","경기도 시흥시","S090007318","목감고등학교","04","공립","N","","1","0","0","1","1","0","0","1","0","0","0","0","7","6","0","13","7","29","3","36","0","1","0","1","0","1","0","1","0","0","0","0","0","0","0","0","0","1","0","1","0","1","0","1","5","5","0","10","0","0","0","0","21","44","3","65","0","0","0","3"
"경기도교육청","경기도교육청","경기도 하남시","S090007408","감일고등학교","04","공립","N","","1","0","0","1","1","0","0","1","0","0","0","0","2","9","0","11","4","29","4","33","0","1","0","1","0","0","0","0","0","1","0","1","0","0","0","0","0","1","0","1","0","1","0","1","3","3","0","6","0","0","0","0","11","45","4","56","0","0","0","4"
"경기도교육청","경기도교육청","경기도 양주시","S090007409","옥빛고등학교","04","공립","N","","1","0","0","1","1","0","0","1","0","0","0","0","6","6","0","12","15","24","3","39","0","1","0","1","0","0","0","0","0","1","0","1","0","0","0","0","0","1","0","1","0","1","0","1","5","6","0","11","0","0","0","0","28","40","3","68","0","0","0","3"
"경기도교육청","경기도교육청","경기도 용인시 처인구","S090007439","처인고등학교","04","공립","N","","0","1","0","1","1","0","0","1","0","0","0","0","5","7","0","12","9","21","3","30","0","0","0","0","0","0","0","0","0","0","0","0","0","0","0","0","0","1","0","1","0","1","1","1","2","8","0","10","0","1","0","1","17","40","4","57","0","0","0","4"
"경기도교육청","경기도교육청","경기도 고양시 덕양구","S090007444","신원고등학교","04","공립","N","","0","1","0","1","1","0","0","1","0","0","0","0","6","7","0","13","8","24","5","32","0","1","0","1","0","0","0","0","0","0","0","0","0","0","0","0","0","1","0","1","0","1","0","1","7","7","0","14","0","0","0","0","22","42","5","64","0","0","0","5"
"경기도교육청","경기도교육청","경기도 고양시 덕양구","S090007445","향동고등학교","04","공립","N","","1","0","0","1","0","1","0","1","0","0","0","0","2","8","0","10","4","16","0","20","0","1","1","1","0","0","0","0","0","0","0","0","0","0","0","0","0","1","0","1","0","1","0","1","2","6","0","8","0","0","0","0","9","34","1","43","0","0","0","1"
"경기도교육청","경기도교육청","경기도 화성시 동탄구","S090007568","이솔고등학교","04","공립","N","","0","1","0","1","0","1","0","1","0","0","0","0","4","4","0","8","12","27","5","39","0","0","0","0","0","0","0","0","0","0","0","0","0","0","0","0","0","1","0","1","0","1","0","1","5","11","0","16","0","0","0","0","21","46","5","67","0","0","0","5"