"시도교육청","교육지원청","지역","정보공시 학교코드","학교명","학교급코드","설립구분","제외여부","제외사유","동아리수","참여학생수","지도교사수","자원봉사 또는외부강사수","동아리활동 예산지원현황","동아리수","참여학생수","지도교사수","자원봉사 또는외부강사수","동아리활동 예산지원현황"
"경기도교육청","경기도가평교육지원청","경기도 가평군","S090000881","가평마장초등학교","02","공립","N","","1","31","1","5","38200000","0","0","0","0","0"
"경기도교육청","경기도가평교육지원청","경기도 가평군","S090000882","가평초등학교","02","공립","N","","27","725","27","0","13120000","0","0","0","0","0"
"경기도교육청","경기도가평교육지원청","경기도 가평군","S090000885","대성초등학교","02","공립","N","","3","94","6","2","13000000","4","94","6","0","1650000"
"경기도교육청","경기도가평교육지원청","경기도 가평군","S090000890","목동초등학교","02","공립","N","","4","47","4","0","10000000","0","0","0","0","0"
"경기도교육청","경기도가평교육지원청","경기도 가평군","S090000892","목동초등학교명지분교장","02","공립","Y","본교에서 분교장 데이터 포함하여 통합 공시","","","","","","","","","",""
"경기도교육청","경기도가평교육지원청","경기도 가평군","S090000895","미원초등학교","02","공립","N","","4","89","4","1","4000000","0","0","0","0","0"
"경기도교육청","경기도가평교육지원청","경기도 가평군","S090000899","미원초등학교위곡분교장","02","공립","Y","분교장 제외처리 가능 항목","","","","","","","","","",""
"경기도교육청","경기도가평교육지원청","경기도 가평군","S090000900","미원초등학교장락분교장","02","공립","Y","분교 제외","","","","","","","","","",""
"경기도교육청","경기도가평교육지원청","경기도 가평군","S090000901","방일초등학교","02","공립","N","","8","52","8","8","16800000","1","5","1","0","3000000"
"경기도교육청","경기도가평교육지원청","경기도 가평군","S090000905","상면초등학교","02","공립","N","","8","60","8","2","1500000","0","0","0","0","0"
"경기도교육청","경기도가평교육지원청","경기도 가평군","S090000906","상색초등학교","02","공립","N","","7","60","7","5","22240000","0","0","0","0","0"
"경기도교육청","경기도가평교육지원청","경기도 가평군","S090000908","상천초등학교","02","공립","N","","6","57","6","0","0","4","34","4","0","2240000"
"경기도교육청","경기도가평교육지원청","경기도 가평군","S090000910","연하초등학교","02","공립","N","","6","109","6","0","0","1","20","1","1","8000000"
"경기도교육청","경기도가평교육지원청","경기도 가평군","S090000914","율길초등학교","02","공립","N","","6","63","6","1","4200000","1","12","1","0","6000000"
"경기도교육청","경기도가평교육지원청","경기도 가평군","S090000916","조종초등학교","02","공립","N","","14","339","14","0","1000000","2","20","2","1","2500000"
"경기도교육청","경기도가평교육지원청","경기도 가평군","S090000920","청평초등학교","02","공립","N","","15","322","15","0","1500000","0","0","0","0","0"
"경기도교육청","경기도고양교육지원청","경기도 고양시 덕양구","S090000974","가람초등학교","02","공립","N","","22","429","22","0","3400000","1","11","1","0","500000"
"경기도교육청","경기도고양교육지원청","경기도 고양시 일산서구","S090000975","강선초등학교","02","공립","N","","26","645","26","0","5000000","2","30","2","0","1000000"
"경기도교육청","경기도고양교육지원청","경기도 고양시 일산동구","S090000976","고봉초등학교","02","공립","N","","21","481","21","0","0","0","0","0","0","0"
"경기도교육청","경기도고양교육지원청","경기도 고양시 일산동구","S090000977","고양백석초등학교","02","공립","N","","23","588","23","0","2300000","0","0","0","0","0"
"경기도교육청","경기도고양교육지원청","경기도 고양시 일산서구","S090000978","고양신일초등학교","02","공립","N","","7","881","33","0","0","3","502","19","0","2000000"
"경기도교육청","경기도고양교육지원청","경기도 고양시 덕양구","S090000979","고양용현초등학교","02","공립","N","","11","302","11","10","14300000","0","0","0","0","0"
"경기도교육청","경기도고양교육지원청","경기도 고양시 덕양구","S090000980","고양초등학교","02","공립","N","","19","474","19","0","0","1","6","1","0","200000"
"경기도교육청","경기도고양교육지원청","경기도 고양시 덕양구","S090000981","고양화수초등학교","02","공립","N","","7","615","24","1","11130000","0","0","0","0","0"
"경기도교육청","경기도고양교육지원청","경기도 고양시 덕양구","S090000982","고양화정초등학교","02","공립","N","","108","1200","108","0","0","2","38","2","0","2000000"
"경기도교육청","경기도고양교육지원청","경기도 고양시 일산동구","S090000983","금계초등학교","02","공립","N","","22","549","22","0","4400000","1","20","2","1","2200000"
"경기도교육청","경기도고양교육지원청","경기도 고양시 일산동구","S090000984","낙민초등학교","02","공립","N","","27","707","27","0","1200000","2","63","2","2","6000000"
"경기도교육청","경기도고양교육지원청","경기도 고양시 덕양구","S090000985","내유초등학교","02","공립","N","","37","898","37","31","0","2","12","2","0","0"
"경기도교육청","경기도고양교육지원청","경기도 고양시 일산동구","S090000986","냉천초등학교","02","공립","N","","18","400","18","0","7400000","4","60","4","1","4700000"
"경기도교육청","경기도고양교육지원청","경기도 고양시 덕양구","S090000987","능곡초등학교","02","공립","N","","22","542","22","0","0","4","23","4","0","1200000"
"경기도교육청","경기도고양교육지원청","경기도 고양시 덕양구","S090000988","대곡초등학교","02","공립","N","","6","271","4","4","6720000","0","0","0","0","0"
"경기도교육청","경기도고양교육지원청","경기도 고양시 일산서구","S090000989","대화초등학교","02","공립","N","","10","943","26","4","5000000","1","20","1","0","1000000"
"경기도교육청","경기도고양교육지원청","경기도 고양시 덕양구","S090000990","덕은초등학교","02","공립","N","","14","253","14","0","1200000","0","0","0","0","0"
"경기도교육청","경기도고양교육지원청","경기도 고양시 일산서구","S090000991","덕이초등학교","02","공립","N","","20","285","20","0","0","0","0","0","0","0"
"경기도교육청","경기도고양교육지원청","경기도 고양시 덕양구","S090000992","무원초등학교","02","공립","N","","31","756","31","0","0","0","0","0","0","0"
"경기도교육청","경기도고양교육지원청","경기도 고양시 일산서구","S090000993","문촌초등학교","02","공립","N","","16","383","16","0","7400000","2","65","2","0","2700000"
"경기도교육청","경기도고양교육지원청","경기도 고양시 일산서구","S090000994","문화초등학교","02","공립","N","","40","957","40","7","2300000","0","0","0","0","0"
"경기도교육청","경기도고양교육지원청","경기도 고양시 일산동구","S090000995","백마초등학교","02","공립","N","","24","604","24","0","0","24","604","24","0","1500000"
"경기도교육청","경기도고양교육지원청","경기도 고양시 일산동구","S090000998","백신초등학교","02","공립","N","","6","484","19","7","2000000","3","31","3","0","1400000"
"경기도교육청","경기도고양교육지원청","경기도 고양시 덕양구","S090000999","백양초등학교","02","공립","N","","12","251","12","3","4000000","3","34","3","0","3500000"
"경기도교육청","경기도고양교육지원청","경기도 고양시 일산동구","S090001000","벽제초등학교","02","공립","N","","26","296","23","5","0","0","0","0","0","0"
"경기도교육청","경기도고양교육지원청","경기도 고양시 덕양구","S090001001","삼송초등학교","02","공립","N","","43","1129","43","0","0","0","0","0","0","0"
"경기도교육청","경기도고양교육지원청","경기도 고양시 일산서구","S090001002","상탄초등학교","02","공립","N","","34","911","34","0","2400000","0","0","0","0","0"
"경기도교육청","경기도고양교육지원청","경기도 고양시 덕양구","S090001003","성라초등학교","02","공립","N","","19","463","19","0","1000000","0","0","0","0","0"
"경기도교육청","경기도고양교육지원청","경기도 고양시 덕양구","S090001004","성사초등학교","02","공립","N","","30","774","30","0","0","0","0","0","0","0"
"경기도교육청","경기도고양교육지원청","경기도 고양시 일산동구","S090001005","성석초등학교","02","공립","N","","6","98","6","4","4700000","0","0","0","0","0"
"경기도교육청","경기도고양교육지원청","경기도 고양시 덕양구","S090001006","성신초등학교","02","공립","N","","24","574","25","0","0","1","16","1","1","2280000"
"경기도교육청","경기도고양교육지원청","경기도 고양시 일산서구","S090001007","성저초등학교","02","공립","N","","15","348","15","1","1570000","0","0","0","0","0"
"경기도교육청","경기도고양교육지원청","경기도 고양시 덕양구","S090001008","소만초등학교","02","공립","N","","16","357","16","0","1000000","14","305","14","0","600000"
"경기도교육청","경기도고양교육지원청","경기도 고양시 일산서구","S090001009","송포초등학교","02","공립","N","","15","353","15","11","600000","10","108","10","3","8500000"
"경기도교육청","경기도고양교육지원청","경기도 고양시 일산동구","S090001010","일산은행초등학교","02","공립","N","","5","315","12","5","7615000","0","0","0","0","0"
"경기도교육청","경기도고양교육지원청","경기도 고양시 덕양구","S090001011","신능초등학교","02","공립","N","","12","207","12","2","2010000","1","38","3","2","3000000"
"경기도교육청","경기도고양교육지원청","경기도 고양시 덕양구","S090001012","신원초등학교","02","공립","N","","54","1511","54","0","0","0","0","0","0","0"
"경기도교육청","경기도고양교육지원청","경기도 고양시 일산서구","S090001014","신촌초등학교","02","공립","N","","22","530","22","0","6600000","0","0","0","0","0"
"경기도교육청","경기도고양교육지원청","경기도 고양시 일산동구","S090001015","안곡초등학교","02","공립","N","","6","486","21","5","9260000","1","5","1","0","200000"
"경기도교육청","경기도고양교육지원청","경기도 고양시 일산서구","S090001016","오마초등학교","02","공립","N","","30","742","30","0","0","0","0","0","0","0"
"경기도교육청","경기도고양교육지원청","경기도 고양시 덕양구","S090001017","용두초등학교","02","공립","N","","6","60","6","1","0","0","0","0","0","0"
"경기도교육청","경기도고양교육지원청","경기도 고양시 덕양구","S090001018","용정초등학교","02","공립","N","","5","87","4","3","4000000","8","144","8","0","1100000"
"경기도교육청","경기도고양교육지원청","경기도 고양시 덕양구","S090001019","원당초등학교","02","공립","N","","18","429","18","2","3600000","0","0","0","0","0"
"경기도교육청","경기도고양교육지원청","경기도 고양시 일산동구","S090001020","원중초등학교","02","공립","N","","6","1394","50","0","0","0","0","0","0","0"
"경기도교육청","경기도고양교육지원청","경기도 고양시 일산동구","S090001021","율동초등학교","02","공립","N","","8","270","12","6","8190000","5","57","2","3","1080000"
"경기도교육청","경기도고양교육지원청","경기도 고양시 일산서구","S090001023","일산초등학교","02","공립","N","","12","272","12","1","1360000","5","53","5","1","9050000"
"경기도교육청","경기도고양교육지원청","경기도 고양시 일산서구","S090001024","장성초등학교","02","공립","N","","15","317","15","0","0","0","0","0","0","0"
"경기도교육청","경기도고양교육지원청","경기도 고양시 일산서구","S090001025","장촌초등학교","02","공립","N","","21","262","16","5","3000000","0","0","0","0","0"
"경기도교육청","경기도고양교육지원청","경기도 고양시 일산동구","S090001026","저동초등학교","02","공립","N","","19","420","18","1","5000000","0","0","0","0","0"
"경기도교육청","경기도고양교육지원청","경기도 고양시 일산동구","S090001027","정발초등학교","02","공립","N","","40","1074","40","1","5110000","7","194","10","13","15600000"
"경기도교육청","경기도고양교육지원청","경기도 고양시 일산서구","S090001028","주엽초등학교","02","공립","N","","18","444","18","0","0","18","444","18","0","1180000"
"경기도교육청","경기도고양교육지원청","경기도 고양시 일산동구","S090001029","중산초등학교","02","공립","N","","19","472","19","0","0","2","17","2","0","0"
"경기도교육청","경기도고양교육지원청","경기도 고양시 덕양구","S090001030","지도초등학교","02","공립","N","","35","666","35","0","0","2","26","2","0","700000"
"경기도교육청","경기도고양교육지원청","경기도 고양시 덕양구","S090001032","토당초등학교","02","공립","N","","36","254","36","0","1300000","5","40","5","1","500000"
"경기도교육청","경기도고양교육지원청","경기도 고양시 일산동구","S090001033","풍산초등학교","02","공립","N","","24","605","24","0","2400000","0","0","0","0","0"
"경기도교육청","경기도고양교육지원청","경기도 고양시 일산서구","S090001034","한수초등학교","02","공립","N","","23","581","23","0","5880000","0","0","0","0","0"
"경기도교육청","경기도고양교육지원청","경기도 고양시 덕양구","S090001035","행남초등학교","02","공립","N","","11","207","11","0","0","0","0","0","0","0"
"경기도교육청","경기도고양교육지원청","경기도 고양시 덕양구","S090001036","행신초등학교","02","공립","N","","15","315","15","6","1500000","10","63","10","0","3250000"
"경기도교육청","경기도고양교육지원청","경기도 고양시 덕양구","S090001037","행주초등학교","02","공립","N","","3","60","6","3","6000000","0","0","0","0","0"
"경기도교육청","경기도고양교육지원청","경기도 고양시 일산서구","S090001038","현산초등학교","02","공립","N","","32","812","32","0","3000000","3","50","3","0","3000000"
"경기도교육청","경기도고양교육지원청","경기도 고양시 일산서구","S090001039","호곡초등학교","02","공립","N","","49","1303","49","0","0","0","0","0","0","0"
"경기도교육청","경기도고양교육지원청","경기도 고양시 일산동구","S090001040","호수초등학교","02","공립","N","","24","438","23","1","3000000","3","54","3","0","2000000"
"경기도교육청","경기도고양교육지원청","경기도 고양시 덕양구","S090001041","화중초등학교","02","공립","N","","19","467","19","6","950000","8","59","8","0","3300000"
"경기도교육청","경기도고양교육지원청","경기도 고양시 일산서구","S090001042","황룡초등학교","02","공립","N","","17","386","17","0","0","3","18","3","0","400000"
"경기도교육청","경기도고양교육지원청","경기도 고양시 덕양구","S090001043","흥도초등학교","02","공립","N","","35","993","35","0","0","4","45","5","0","1500000"
"경기도교육청","경기도광명교육지원청","경기도 광명시","S090001199","가림초등학교","02","공립","N","","21","516","21","0","3780000","0","0","0","0","0"
"경기도교육청","경기도광명교육지원청","경기도 광명시","S090001201","광명광덕초등학교","02","공립","N","","46","1121","46","2","5220000","26","610","26","0","0"
"경기도교육청","경기도광명교육지원청","경기도 광명시","S090001202","광명광성초등학교","02","공립","N","","22","565","22","4","13390000","5","32","5","0","750000"
"경기도교육청","경기도광명교육지원청","경기도 광명시","S090001203","광명남초등학교","02","공립","N","","20","497","20","2","4200000","1","28","1","1","5000000"
"경기도교육청","경기도광명교육지원청","경기도 광명시","S090001204","광명동초등학교","02","공립","N","","5","112","7","5","1260000","1","18","1","0","1000000"
"경기도교육청","경기도광명교육지원청","경기도 광명시","S090001205","광명북초등학교","02","공립","N","","30","739","30","0","5420000","1","10","1","0","160000"
"경기도교육청","경기도광명교육지원청","경기도 광명시","S090001206","광명서초등학교","02","공립","N","","26","616","26","0","6480000","1","37","1","2","4500000"
"경기도교육청","경기도광명교육지원청","경기도 광명시","S090001207","광명초등학교","02","공립","N","","19","404","19","0","2895000","20","404","20","0","1300000"
"경기도교육청","경기도광명교육지원청","경기도 광명시","S090001208","광문초등학교","02","공립","N","","28","719","28","0","5040000","0","0","0","0","0"
"경기도교육청","경기도광명교육지원청","경기도 광명시","S090001210","광일초등학교","02","공립","N","","12","293","12","0","1800000","13","223","13","0","2920000"
"경기도교육청","경기도광명교육지원청","경기도 광명시","S090001212","서면초등학교","02","공립","N","","27","661","27","3","7816000","0","0","0","0","0"
"경기도교육청","경기도광명교육지원청","경기도 광명시","S090001213","소하초등학교","02","공립","N","","26","676","26","3","5720000","4","104","4","0","880000"
"경기도교육청","경기도광명교육지원청","경기도 광명시","S090001214","안서초등학교","02","공립","N","","1","55","2","0","1080000","0","0","0","0","0"
"경기도교육청","경기도광명교육지원청","경기도 광명시","S090001215","연서초등학교","02","공립","N","","17","388","17","0","3060000","0","0","0","0","0"
"경기도교육청","경기도광명교육지원청","경기도 광명시","S090001216","온신초등학교","02","공립","N","","5","49","7","0","1080000","0","0","0","0","0"
"경기도교육청","경기도광명교육지원청","경기도 광명시","S090001217","철산초등학교","02","공립","N","","59","1566","59","0","10089000","1","8","1","0","171000"
"경기도교육청","경기도광명교육지원청","경기도 광명시","S090001218","하안남초등학교","02","공립","N","","14","319","14","0","2520000","0","0","0","0","0"
"경기도교육청","경기도광명교육지원청","경기도 광명시","S090001219","하안북초등학교","02","공립","N","","15","352","15","0","1600000","10","240","10","0","1100000"
"경기도교육청","경기도광명교육지원청","경기도 광명시","S090001220","하안초등학교","02","공립","N","","22","412","22","0","6600000","1","15","1","0","1000000"
"경기도교육청","경기도광명교육지원청","경기도 광명시","S090001221","하일초등학교","02","공립","N","","14","366","14","0","2520000","0","0","0","0","0"
"경기도교육청","경기도광주하남교육지원청","경기도 광주시","S090001279","경안초등학교","02","공립","N","","20","484","20","0","2500000","2","20","2","0","2000000"
"경기도교육청","경기도광주하남교육지원청","경기도 하남시","S090001280","고골초등학교","02","공립","N","","6","53","6","6","10700000","0","0","0","0","0"
"경기도교육청","경기도광주하남교육지원청","경기도 광주시","S090001281","곤지암초등학교","02","공립","N","","21","507","21","3","4200000","0","0","0","0","0"
"경기도교육청","경기도광주하남교육지원청","경기도 광주시","S090001282","광남초등학교","02","공립","N","","43","1107","43","0","0","0","0","0","0","0"
"경기도교육청","경기도광주하남교육지원청","경기도 광주시","S090001284","광주광명초등학교","02","공립","N","","47","1471","47","0","0","1","20","1","1","0"
"경기도교육청","경기도광주하남교육지원청","경기도 광주시","S090001285","광주매곡초등학교","02","공립","N","","45","1319","45","0","0","0","0","0","0","0"
"경기도교육청","경기도광주하남교육지원청","경기도 광주시","S090001286","광주초등학교","02","공립","N","","4","391","15","0","0","1","20","2","0","1000000"
"경기도교육청","경기도광주하남교육지원청","경기도 광주시","S090001288","광지원초등학교","02","공립","N","","10","95","6","10","5500000","0","0","0","0","0"
"경기도교육청","경기도광주하남교육지원청","경기도 광주시","S090001289","남한산초등학교","02","공립","N","","6","62","6","0","1000000","0","0","0","0","0"
"경기도교육청","경기도광주하남교육지원청","경기도 하남시","S090001290","덕풍초등학교","02","공립","N","","22","528","22","3","8000000","1","14","1","1","1520000"
"경기도교육청","경기도광주하남교육지원청","경기도 광주시","S090001291","도곡초등학교","02","공립","N","","42","1099","42","0","0","1","20","1","1","1500000"
"경기도교육청","경기도광주하남교육지원청","경기도 광주시","S090001292","도궁초등학교","02","공립","N","","6","78","6","0","0","0","0","0","0","0"
"경기도교육청","경기도광주하남교육지원청","경기도 광주시","S090001293","도수초등학교","02","공립","N","","27","644","27","5","30840000","1","21","1","1","3480000"
"경기도교육청","경기도구리남양주교육지원청","경기도 남양주시","S090001294","도심초등학교","02","공립","N","","17","428","17","0","170000","0","0","0","0","0"
"경기도교육청","경기도광주하남교육지원청","경기도 광주시","S090001295","도척초등학교","02","공립","N","","10","219","10","0","2000000","0","0","0","0","0"
"경기도교육청","경기도광주하남교육지원청","경기도 하남시","S090001296","동부초등학교","02","공립","N","","15","381","15","2","0","0","0","0","0","0"
"경기도교육청","경기도광주하남교육지원청","경기도 광주시","S090001298","만선초등학교","02","공립","N","","5","50","5","0","250000","0","0","0","0","0"
"경기도교육청","경기도광주하남교육지원청","경기도 하남시","S090001299","망월초등학교","02","공립","N","","62","1850","62","4","31580000","2","23","2","0","3500000"
"경기도교육청","경기도광주하남교육지원청","경기도 광주시","S090001301","번천초등학교","02","공립","N","","6","90","6","0","1600000","1","13","2","1","2500000"
"경기도교육청","경기도광주하남교육지원청","경기도 광주시","S090001302","분원초등학교","02","공립","N","","9","105","7","10","11600000","5","68","5","0","1200000"
"경기도교육청","경기도광주하남교육지원청","경기도 하남시","S090001305","산곡초등학교","02","공립","N","","10","141","10","10","1050000","0","0","0","0","0"
"경기도교육청","경기도광주하남교육지원청","경기도 광주시","S090001306","삼리초등학교","02","공립","N","","16","381","16","0","0","3","50","1","2","6000000"
"경기도교육청","경기도광주하남교육지원청","경기도 하남시","S090001307","서부초등학교","02","공립","N","","8","58","6","3","10000000","0","0","0","0","0"
"경기도교육청","경기도광주하남교육지원청","경기도 광주시","S090001308","선동초등학교","02","공립","N","","6","51","6","0","1100000","0","0","0","0","0"
"경기도교육청","경기도광주하남교육지원청","경기도 하남시","S090001309","신장초등학교","02","공립","N","","2","665","26","2","16200000","0","0","0","0","0"
"경기도교육청","경기도광주하남교육지원청","경기도 광주시","S090001310","쌍령초등학교","02","공립","N","","16","368","16","0","0","0","0","0","0","0"
"경기도교육청","경기도광주하남교육지원청","경기도 광주시","S090001311","오포초등학교","02","공립","N","","23","860","46","6","0","4","30","4","0","1000000"
"경기도교육청","경기도광주하남교육지원청","경기도 하남시","S090001312","창우초등학교","02","공립","N","","20","460","20","0","0","0","0","0","0","0"
"경기도교육청","경기도광주하남교육지원청","경기도 광주시","S090001314","초월초등학교","02","공립","N","","9","184","9","0","450000","0","0","0","0","0"
"경기도교육청","경기도광주하남교육지원청","경기도 광주시","S090001315","탄벌초등학교","02","공립","N","","0","0","0","0","0","6","57","6","0","6000000"
"경기도교육청","경기도광주하남교육지원청","경기도 광주시","S090001316","태전초등학교","02","공립","N","","30","780","30","0","11910000","1","35","1","0","1050000"
"경기도교육청","경기도광주하남교육지원청","경기도 하남시","S090001317","하남천현초등학교","02","공립","N","","16","285","16","2","2000000","0","0","0","0","0"
"경기도교육청","경기도광주하남교육지원청","경기도 하남시","S090001318","하남초등학교","02","공립","N","","7","615","22","3","1500000","5","36","5","0","3000000"
"경기도교육청","경기도군포의왕교육지원청","경기도 의왕시","S090001380","갈뫼초등학교","02","공립","N","","24","505","22","7","10990000","8","198","8","1","5500000"
"경기도교육청","경기도군포의왕교육지원청","경기도 의왕시","S090001381","고천초등학교","02","공립","N","","17","352","17","3","26730000","0","0","0","0","0"
"경기도교육청","경기도군포의왕교육지원청","경기도 군포시","S090001382","곡란초등학교","02","공립","N","","14","289","15","2","2750000","6","116","7","2","9000000"
"경기도교육청","경기도군포의왕교육지원청","경기도 군포시","S090001383","관모초등학교","02","공립","N","","12","224","12","0","0","0","0","0","0","0"
"경기도교육청","경기도군포의왕교육지원청","경기도 군포시","S090001384","광정초등학교","02","공립","N","","6","522","23","0","0","0","0","0","0","0"
"경기도교육청","경기도군포의왕교육지원청","경기도 군포시","S090001385","군포양정초등학교","02","공립","N","","32","758","32","0","0","1","50","1","0","1700000"
"경기도교육청","경기도군포의왕교육지원청","경기도 군포시","S090001386","군포옥천초등학교","02","공립","N","","4","89","4","0","1800000","0","0","0","0","0"
"경기도교육청","경기도군포의왕교육지원청","경기도 군포시","S090001387","군포초등학교","02","공립","N","","35","884","34","1","2625000","4","37","4","0","0"
"경기도교육청","경기도군포의왕교육지원청","경기도 군포시","S090001388","군포화산초등학교","02","공립","N","","11","185","11","1","1200000","0","0","0","0","0"
"경기도교육청","경기도군포의왕교육지원청","경기도 군포시","S090001389","궁내초등학교","02","공립","N","","23","572","23","0","3200000","2","17","2","0","0"
"경기도교육청","경기도군포의왕교육지원청","경기도 군포시","S090001390","금정초등학교","02","공립","N","","24","571","22","6","1600000","0","0","0","0","0"
"경기도교육청","경기도군포의왕교육지원청","경기도 의왕시","S090001391","내손초등학교","02","공립","N","","8","152","8","0","4640000","1","6","1","0","0"
"경기도교육청","경기도군포의왕교육지원청","경기도 군포시","S090001392","능내초등학교","02","공립","N","","22","549","22","0","14400000","2","38","2","1","5000000"
"경기도교육청","경기도군포의왕교육지원청","경기도 의왕시","S090001393","덕장초등학교","02","공립","N","","18","455","18","11","14700000","2","14","1","1","1400000"
"경기도교육청","경기도군포의왕교육지원청","경기도 군포시","S090001394","도장초등학교","02","공립","N","","6","110","6","0","5600000","0","0","0","0","0"
"경기도교육청","경기도군포의왕교육지원청","경기도 군포시","S090001395","둔대초등학교","02","공립","N","","10","187","10","0","0","0","0","0","0","0"
"경기도교육청","경기도군포의왕교육지원청","경기도 군포시","S090001396","둔전초등학교","02","공립","N","","58","755","58","0","1000000","3","50","3","0","5000000"
"경기도교육청","경기도군포의왕교육지원청","경기도 의왕시","S090001397","백운초등학교","02","공립","N","","29","712","29","0","6000000","1","15","1","1","3900000"
"경기도교육청","경기도군포의왕교육지원청","경기도 군포시","S090001399","산본초등학교","02","공립","N","","8","701","26","1","2820000","2","27","2","1","760000"
"경기도교육청","경기도군포의왕교육지원청","경기도 군포시","S090001400","수리초등학교","02","공립","N","","11","215","12","0","1100000","0","0","0","0","0"
"경기도교육청","경기도군포의왕교육지원청","경기도 군포시","S090001401","신흥초등학교","02","공립","N","","26","401","26","3","3600000","17","401","17","0","0"
"경기도교육청","경기도군포의왕교육지원청","경기도 군포시","S090001403","오금초등학교","02","공립","N","","37","329","37","2","2890000","1","28","2","8","40000000"
"경기도교육청","경기도군포의왕교육지원청","경기도 의왕시","S090001404","오전초등학교","02","공립","N","","13","262","13","0","500000","1","5","1","0","700000"
"경기도교육청","경기도군포의왕교육지원청","경기도 의왕시","S090001405","왕곡초등학교","02","공립","N","","20","363","18","4","600000","9","122","9","0","2600000"
"경기도교육청","경기도군포의왕교육지원청","경기도 군포시","S090001406","용호초등학교","02","공립","N","","12","297","12","0","3900000","0","0","0","0","0"
"경기도교육청","경기도군포의왕교육지원청","경기도 의왕시","S090001407","의왕덕성초등학교","02","공립","N","","33","860","33","11","35730000","3","48","3","0","2800000"
"경기도교육청","경기도군포의왕교육지원청","경기도 의왕시","S090001408","의왕부곡초등학교","02","공립","N","","18","429","18","0","3250000","0","0","0","0","0"
"경기도교육청","경기도군포의왕교육지원청","경기도 의왕시","S090001409","의왕초등학교","02","공립","N","","59","977","38","0","0","0","0","0","0","0"
"경기도교육청","경기도군포의왕교육지원청","경기도 군포시","S090001410","태을초등학교","02","공립","N","","18","417","18","0","0","1","30","1","1","1980000"
"경기도교육청","경기도군포의왕교육지원청","경기도 군포시","S090001413","흥진초등학교","02","공립","N","","25","587","25","0","12500000","0","0","0","0","0"
"경기도교육청","경기도김포교육지원청","경기도 김포시","S090001498","감정초등학교","02","공립","N","","6","935","37","0","0","0","0","0","0","0"
"경기도교육청","경기도김포교육지원청","경기도 김포시","S090001499","개곡초등학교","02","공립","N","","6","102","6","0","0","0","0","0","0","0"
"경기도교육청","경기도김포교육지원청","경기도 김포시","S090001501","고창초등학교","02","공립","N","","26","670","26","0","0","2","58","3","0","9400000"
"경기도교육청","경기도김포교육지원청","경기도 김포시","S090001502","고촌초등학교","02","공립","N","","29","581","29","0","4400000","2","16","3","0","0"
"경기도교육청","경기도김포교육지원청","경기도 김포시","S090001503","금란초등학교","02","공립","N","","7","102","7","0","0","1","13","1","0","530000"
"경기도교육청","경기도김포교육지원청","경기도 김포시","S090001504","금성초등학교","02","공립","N","","6","60","6","0","0","4","52","4","0","1300000"
"경기도교육청","경기도김포교육지원청","경기도 김포시","S090001505","금파초등학교","02","공립","N","","24","606","24","0","400000","0","0","0","0","0"
"경기도교육청","경기도김포교육지원청","경기도 김포시","S090001506","양도초등학교","02","공립","N","","28","731","28","2","0","0","0","0","0","0"
"경기도교육청","경기도김포교육지원청","경기도 김포시","S090001507","김포대명초등학교","02","공립","N","","6","54","6","2","7900000","1","6","1","0","300000"
"경기도교육청","경기도김포교육지원청","경기도 김포시","S090001508","김포서초등학교","02","공립","N","","21","568","21","0","0","0","0","0","0","0"
"경기도교육청","경기도김포교육지원청","경기도 김포시","S090001509","김포초등학교","02","공립","N","","9","184","9","0","1000000","9","184","9","0","1000000"
"경기도교육청","경기도김포교육지원청","경기도 김포시","S090001512","대곶초등학교","02","공립","N","","9","143","9","0","5700000","0","0","0","0","0"
"경기도교육청","경기도김포교육지원청","경기도 김포시","S090001514","마송초등학교","02","공립","N","","12","198","12","0","2000000","0","0","0","0","0"
"경기도교육청","경기도김포교육지원청","경기도 김포시","S090001516","사우초등학교","02","공립","N","","6","772","31","0","0","1","21","1","0","400000"
"경기도교육청","경기도김포교육지원청","경기도 김포시","S090001517","서암초등학교","02","공립","N","","11","196","11","0","0","7","87","7","0","2000000"
"경기도교육청","경기도김포교육지원청","경기도 김포시","S090001518","석정초등학교","02","공립","N","","6","72","6","1","0","0","0","0","0","0"
"경기도교육청","경기도김포교육지원청","경기도 김포시","S090001519","수남초등학교","02","공립","N","","6","72","6","0","2000000","0","0","0","0","0"
"경기도교육청","경기도김포교육지원청","경기도 김포시","S090001520","양곡초등학교","02","공립","N","","19","415","19","0","3000000","1","24","1","0","1320000"
"경기도교육청","경기도김포교육지원청","경기도 김포시","S090001521","옹정초등학교","02","공립","N","","6","78","6","2","7200000","1","8","1","0","2060000"
"경기도교육청","경기도김포교육지원청","경기도 김포시","S090001522","운양초등학교","02","공립","N","","49","1310","49","0","0","0","0","0","0","0"
"경기도교육청","경기도김포교육지원청","경기도 김포시","S090001523","월곶초등학교","02","공립","N","","6","81","6","0","1200000","0","0","0","0","0"
"경기도교육청","경기도김포교육지원청","경기도 김포시","S090001525","유현초등학교","02","공립","N","","57","1570","57","0","2850000","1","9","1","1","1000000"
"경기도교육청","경기도김포교육지원청","경기도 김포시","S090001527","풍무초등학교","02","공립","N","","40","1121","40","0","0","0","0","0","0","0"
"경기도교육청","경기도김포교육지원청","경기도 김포시","S090001528","하성초등학교","02","공립","N","","7","137","7","1","0","2","35","1","2","3600000"
"경기도교육청","경기도김포교육지원청","경기도 김포시","S090001529","학운초등학교","02","공립","N","","18","279","12","8","4800000","0","0","0","0","0"
"경기도교육청","경기도구리남양주교육지원청","경기도 남양주시","S090001600","가곡초등학교","02","공립","N","","20","502","20","1","1500000","0","0","0","0","0"
"경기도교육청","경기도구리남양주교육지원청","경기도 남양주시","S090001601","가양초등학교","02","공립","N","","5","56","7","0","0","0","0","0","0","0"
"경기도교육청","경기도구리남양주교육지원청","경기도 구리시","S090001603","갈매초등학교","02","공립","N","","6","1404","53","0","0","0","0","0","0","0"
"경기도교육청","경기도구리남양주교육지원청","경기도 남양주시","S090001604","광릉초등학교","02","공립","N","","12","285","12","0","1200000","0","0","0","0","0"
"경기도교육청","경기도구리남양주교육지원청","경기도 구리시","S090001605","교문초등학교","02","공립","N","","18","458","18","0","0","8","198","8","0","6400000"
"경기도교육청","경기도구리남양주교육지원청","경기도 구리시","S090001606","구리초등학교","02","공립","N","","17","386","17","0","0","1","24","6","0","1000000"
"경기도교육청","경기도구리남양주교육지원청","경기도 구리시","S090001607","구지초등학교","02","공립","N","","8","722","29","0","0","0","0","0","0","0"
"경기도교육청","경기도구리남양주교육지원청","경기도 남양주시","S090001608","금교초등학교","02","공립","N","","24","608","24","0","0","1","16","1","1","500000"
"경기도교육청","경기도구리남양주교육지원청","경기도 남양주시","S090001609","금남초등학교","02","공립","N","","6","45","6","0","0","1","15","2","0","1100000"
"경기도교육청","경기도구리남양주교육지원청","경기도 남양주시","S090001611","남양주금곡초등학교","02","공립","N","","10","224","10","0","500000","16","292","16","0","800000"
"경기도교육청","경기도구리남양주교육지원청","경기도 남양주시","S090001612","남양주도곡초등학교","02","공립","N","","22","528","22","3","3800000","0","0","0","0","0"
"경기도교육청","경기도구리남양주교육지원청","경기도 남양주시","S090001613","남양주동곡초등학교","02","공립","N","","13","269","13","2","3000000","10","213","10","0","1100000"
"경기도교육청","경기도구리남양주교육지원청","경기도 남양주시","S090001614","남양주미금초등학교","02","공립","N","","24","585","24","0","0","1","12","1","0","1000000"
"경기도교육청","경기도구리남양주교육지원청","경기도 남양주시","S090001615","남양주송라초등학교","02","공립","N","","37","911","37","0","0","0","0","0","0","0"
"경기도교육청","경기도구리남양주교육지원청","경기도 남양주시","S090001616","남양주송촌초등학교","02","공립","N","","7","64","7","0","8000000","6","64","6","0","1000000"
"경기도교육청","경기도구리남양주교육지원청","경기도 남양주시","S090001617","남양주양정초등학교","02","공립","N","","19","514","19","0","0","0","0","0","0","0"
"경기도교육청","경기도구리남양주교육지원청","경기도 남양주시","S090001618","남양주양지초등학교","02","공립","N","","18","432","18","0","5100000","1","15","1","1","5000000"
"경기도교육청","경기도구리남양주교육지원청","경기도 남양주시","S090001619","남양주월문초등학교","02","공립","N","","6","107","6","6","4200000","6","107","6","0","800000"
"경기도교육청","경기도구리남양주교육지원청","경기도 구리시","S090001620","내양초등학교","02","공립","N","","6","55","6","1","7980000","0","0","0","0","0"
"경기도교육청","경기도구리남양주교육지원청","경기도 남양주시","S090001621","답내초등학교","02","공립","N","","9","126","9","0","1998000","1","7","1","0","604800"
"경기도교육청","경기도구리남양주교육지원청","경기도 남양주시","S090001622","덕소초등학교","02","공립","N","","11","252","11","0","0","5","40","5","0","1000000"
"경기도교육청","경기도구리남양주교육지원청","경기도 남양주시","S090001624","도농초등학교","02","공립","N","","21","497","22","3","1560000","1","8","1","0","500000"
"경기도교육청","경기도구리남양주교육지원청","경기도 구리시","S090001625","도림초등학교","02","공립","N","","11","145","11","1","0","5","80","5","2","10600000"
"경기도교육청","경기도구리남양주교육지원청","경기도 남양주시","S090001626","도제원초등학교","02","공립","N","","6","613","25","0","0","3","636","26","1","7100000"
"경기도교육청","경기도구리남양주교육지원청","경기도 구리시","S090001627","동구초등학교","02","공립","N","","11","283","11","3","0","2","20","2","0","400000"
"경기도교육청","경기도구리남양주교육지원청","경기도 구리시","S090001628","동인초등학교","02","공립","N","","15","1037","41","1","360000","0","0","0","0","0"
"경기도교육청","경기도구리남양주교육지원청","경기도 남양주시","S090001629","마석초등학교","02","공립","N","","29","726","29","0","0","4","40","4","0","3600000"
"경기도교육청","경기도구리남양주교육지원청","경기도 구리시","S090001632","백문초등학교","02","공립","N","","35","876","35","0","0","1","10","1","0","467680"
"경기도교육청","경기도구리남양주교육지원청","경기도 남양주시","S090001634","별내초등학교","02","공립","N","","29","730","29","0","0","3","58","3","2","6000000"
"경기도교육청","경기도구리남양주교육지원청","경기도 구리시","S090001635","부양초등학교","02","공립","N","","22","523","21","1","30820000","2","22","2","2","800000"
"경기도교육청","경기도구리남양주교육지원청","경기도 남양주시","S090001638","수동초등학교","02","공립","N","","6","110","6","2","3000000","0","0","0","0","0"
"경기도교육청","경기도구리남양주교육지원청","경기도 남양주시","S090001639","수동초등학교송천분교장","02","공립","Y","해당없음","","","","","","","","","",""
"경기도교육청","경기도구리남양주교육지원청","경기도 구리시","S090001640","수택초등학교","02","공립","N","","18","424","18","0","0","3","38","3","0","3000000"
"경기도교육청","경기도구리남양주교육지원청","경기도 남양주시","S090001641","심석초등학교","02","사립","N","","33","942","35","2","0","23","498","23","0","5500000"
"경기도교육청","경기도구리남양주교육지원청","경기도 남양주시","S090001644","오남초등학교","02","공립","N","","11","215","11","0","0","0","0","0","0","0"
"경기도교육청","경기도구리남양주교육지원청","경기도 남양주시","S090001645","와부초등학교","02","공립","N","","68","939","68","2","3520000","8","74","8","0","1800000"
"경기도교육청","경기도구리남양주교육지원청","경기도 남양주시","S090001646","용신초등학교","02","공립","N","","8","163","8","0","0","8","218","12","0","1100000"
"경기도교육청","경기도구리남양주교육지원청","경기도 구리시","S090001648","인창초등학교","02","공립","N","","26","456","22","4","9000000","2","20","1","1","1000000"
"경기도교육청","경기도구리남양주교육지원청","경기도 남양주시","S090001649","장승초등학교","02","공립","N","","28","728","28","0","0","0","0","0","0","0"
"경기도교육청","경기도구리남양주교육지원청","경기도 구리시","S090001650","장자초등학교","02","공립","N","","26","707","26","0","0","0","0","0","0","0"
"경기도교육청","경기도구리남양주교육지원청","경기도 남양주시","S090001651","장현초등학교","02","공립","N","","25","661","25","3","9860000","1","9","1","0","0"
"경기도교육청","경기도구리남양주교육지원청","경기도 남양주시","S090001652","조안초등학교","02","공립","N","","5","52","4","2","1800000","0","0","0","0","0"
"경기도교육청","경기도구리남양주교육지원청","경기도 남양주시","S090001653","진건초등학교","02","공립","N","","0","0","0","0","0","16","364","16","0","600000"
"경기도교육청","경기도구리남양주교육지원청","경기도 남양주시","S090001654","창현초등학교","02","공립","N","","4","549","22","3","0","1","6","1","0","0"
"경기도교육청","경기도구리남양주교육지원청","경기도 남양주시","S090001655","천마초등학교","02","공립","N","","33","825","33","0","3450000","3","20","3","0","0"
"경기도교육청","경기도구리남양주교육지원청","경기도 구리시","S090001657","토평초등학교","02","공립","N","","16","353","16","0","0","0","0","0","0","0"
"경기도교육청","경기도구리남양주교육지원청","경기도 남양주시","S090001658","퇴계원초등학교","02","공립","N","","33","496","33","0","500000","2","23","2","0","504000"
"경기도교육청","경기도구리남양주교육지원청","경기도 남양주시","S090001660","평내초등학교","02","공립","N","","13","318","13","1","2200000","0","0","0","0","0"
"경기도교육청","경기도구리남양주교육지원청","경기도 남양주시","S090001661","풍양초등학교","02","공립","N","","16","240","16","2","1600000","0","0","0","0","0"
"경기도교육청","경기도구리남양주교육지원청","경기도 남양주시","S090001662","호평초등학교","02","공립","N","","39","749","39","0","1673000","57","302","57","0","1200000"
"경기도교육청","경기도구리남양주교육지원청","경기도 남양주시","S090001663","화접초등학교","02","공립","N","","33","849","33","0","0","1","12","1","0","0"
"경기도교육청","경기도동두천양주교육지원청","경기도 양주시","S090001782","가납초등학교","02","공립","N","","16","392","16","0","800000","11","110","10","2","6480000"
"경기도교육청","경기도동두천양주교육지원청","경기도 양주시","S090001784","고암초등학교","02","공립","N","","14","316","14","3","4200000","3","49","3","0","1570000"
"경기도교육청","경기도동두천양주교육지원청","경기도 양주시","S090001785","남면초등학교","02","공립","N","","11","175","11","0","0","1","8","1","0","1400000"
"경기도교육청","경기도동두천양주교육지원청","경기도 양주시","S090001786","남면초등학교양덕분교장","02","공립","Y","분교장으로 제외","","","","","","","","","",""
"경기도교육청","경기도동두천양주교육지원청","경기도 양주시","S090001787","덕도초등학교","02","공립","N","","6","52","6","1","2120000","4","36","4","0","1080000"
"경기도교육청","경기도동두천양주교육지원청","경기도 양주시","S090001789","덕정초등학교","02","공립","N","","8","207","8","0","0","5","36","5","0","1700000"
"경기도교육청","경기도동두천양주교육지원청","경기도 동두천시","S090001791","동두천초등학교","02","공립","N","","9","128","9","0","1820000","0","0","0","0","0"
"경기도교육청","경기도동두천양주교육지원청","경기도 동두천시","S090001793","동보초등학교","02","공립","N","","16","163","8","8","12960000","2","14","2","0","530000"
"경기도교육청","경기도동두천양주교육지원청","경기도 동두천시","S090001795","보산초등학교","02","공립","N","","12","227","12","0","720000","0","0","0","0","0"
"경기도교육청","경기도동두천양주교육지원청","경기도 양주시","S090001796","봉암초등학교","02","공립","N","","6","48","6","0","1903960","0","0","0","0","0"
"경기도교육청","경기도동두천양주교육지원청","경기도 동두천시","S090001797","사동초등학교","02","공립","N","","20","475","20","0","16190000","6","96","6","5","23790500"
"경기도교육청","경기도동두천양주교육지원청","경기도 양주시","S090001798","산북초등학교","02","공립","N","","6","63","6","0","1000000","1","6","1","0","600000"
"경기도교육청","경기도동두천양주교육지원청","경기도 양주시","S090001799","삼상초등학교","02","공립","N","","6","88","6","1","600000","0","0","0","0","0"
"경기도교육청","경기도동두천양주교육지원청","경기도 양주시","S090001800","상수초등학교","02","공립","N","","6","80","6","1","100000","2","20","2","0","2000000"
"경기도교육청","경기도동두천양주교육지원청","경기도 양주시","S090001801","상패초등학교","02","공립","N","","6","46","6","0","1200000","1","6","1","0","800000"
"경기도교육청","경기도동두천양주교육지원청","경기도 동두천시","S090001802","생연초등학교","02","공립","N","","13","297","13","0","0","2","30","2","0","1800000"
"경기도교육청","경기도동두천양주교육지원청","경기도 동두천시","S090001803","소요초등학교","02","공립","N","","7","109","7","0","1000000","1","10","1","0","400000"
"경기도교육청","경기도동두천양주교육지원청","경기도 양주시","S090001804","송추초등학교","02","공립","N","","12","152","12","1","0","0","0","0","0","0"
"경기도교육청","경기도동두천양주교육지원청","경기도 양주시","S090001806","양주덕산초등학교","02","공립","N","","16","373","16","0","0","0","0","0","0","0"
"경기도교육청","경기도동두천양주교육지원청","경기도 양주시","S090001807","양주덕현초등학교","02","공립","N","","6","935","35","0","0","10","96","10","0","3545800"
"경기도교육청","경기도동두천양주교육지원청","경기도 양주시","S090001808","양주백석초등학교","02","공립","N","","24","236","24","0","0","2","30","2","1","1500000"
"경기도교육청","경기도동두천양주교육지원청","경기도 양주시","S090001809","연곡초등학교","02","공립","N","","6","64","6","0","5200000","0","0","0","0","0"
"경기도교육청","경기도동두천양주교육지원청","경기도 양주시","S090001810","유양초등학교","02","공립","N","","4","72","6","1","5250000","1","26","4","2","4750000"
"경기도교육청","경기도동두천양주교육지원청","경기도 양주시","S090001812","은봉초등학교","02","공립","N","","17","418","17","0","0","9","88","9","0","5900000"
"경기도교육청","경기도동두천양주교육지원청","경기도 양주시","S090001813","은현초등학교","02","공립","N","","6","54","6","1","900000","0","0","0","0","0"
"경기도교육청","경기도동두천양주교육지원청","경기도 동두천시","S090001814","지행초등학교","02","공립","N","","39","1048","39","0","0","7","79","7","0","0"
"경기도교육청","경기도동두천양주교육지원청","경기도 양주시","S090001815","천보초등학교","02","공립","N","","21","255","21","0","2000000","2","12","2","0","0"
"경기도교육청","경기도동두천양주교육지원청","경기도 양주시","S090001816","칠봉초등학교","02","공립","N","","20","424","19","1","0","12","304","12","0","1780000"
"경기도교육청","경기도동두천양주교육지원청","경기도 동두천시","S090001817","탑동초등학교","02","공립","N","","7","90","7","1","7800000","1","10","1","1","680000"
"경기도교육청","경기도동두천양주교육지원청","경기도 양주시","S090001819","회정초등학교","02","공립","N","","22","243","22","0","0","0","0","0","0","0"
"경기도교육청","경기도동두천양주교육지원청","경기도 양주시","S090001820","회천초등학교","02","공립","N","","21","518","21","0","0","0","0","0","0","0"
"경기도교육청","경기도동두천양주교육지원청","경기도 양주시","S090001821","효촌초등학교","02","공립","N","","6","53","6","0","1680000","0","0","0","0","0"
"경기도교육청","경기도부천교육지원청","경기도 부천시 원미구","S090001914","계남초등학교","02","공립","N","","11","1113","81","10","25580000","0","0","0","0","0"
"경기도교육청","경기도부천교육지원청","경기도 부천시 오정구","S090001915","고강초등학교","02","공립","N","","6","551","21","7","15360000","0","0","0","0","0"
"경기도교육청","경기도부천교육지원청","경기도 부천시 오정구","S090001916","고리울초등학교","02","공립","N","","19","405","19","0","0","0","0","0","0","0"
"경기도교육청","경기도부천교육지원청","경기도 부천시 오정구","S090001918","까치울초등학교","02","공립","N","","14","203","14","0","0","0","0","0","0","0"
"경기도교육청","경기도부천교육지원청","경기도 부천시 원미구","S090001944","도당초등학교","02","공립","N","","38","990","38","0","0","0","0","0","0","0"
"경기도교육청","경기도부천교육지원청","경기도 부천시 소사구","S090001945","도원초등학교","02","공립","N","","16","394","16","0","2000000","0","0","0","0","0"
"경기도교육청","경기도부천교육지원청","경기도 부천시 원미구","S090001946","동곡초등학교","02","공립","N","","15","616","24","0","2000000","0","0","0","0","0"
"경기도교육청","경기도부천교육지원청","경기도 부천시 소사구","S090001953","범박초등학교","02","공립","N","","23","546","23","0","3260000","0","0","0","0","0"
"경기도교육청","경기도부천교육지원청","경기도 부천시 소사구","S090001954","복사초등학교","02","공립","N","","12","270","12","12","0","0","0","0","0","0"
"경기도교육청","경기도부천교육지원청","경기도 부천시 원미구","S090001956","부광초등학교","02","공립","N","","11","233","11","0","0","1","18","1","0","2000000"
"경기도교육청","경기도부천교육지원청","경기도 부천시 원미구","S090001957","부명초등학교","02","공립","N","","27","497","27","8","11100000","1","32","2","0","1600000"
"경기도교육청","경기도부천교육지원청","경기도 부천시 소사구","S090001959","부원초등학교","02","공립","N","","19","454","19","9","15220000","4","97","4","0","900000"
"경기도교육청","경기도부천교육지원청","경기도 부천시 원미구","S090001960","부인초등학교","02","공립","Y","미운영","","","","","","","","","",""
"경기도교육청","경기도부천교육지원청","경기도 부천시 원미구","S090001961","부일초등학교","02","공립","N","","14","292","14","9","1400000","0","0","0","0","0"
"경기도교육청","경기도부천교육지원청","경기도 부천시 소사구","S090001962","부천남초등학교","02","공립","N","","24","593","24","0","0","1","13","1","0","0"
"경기도교육청","경기도부천교육지원청","경기도 부천시 오정구","S090001963","부천대명초등학교","02","공립","N","","24","576","24","0","1500000","1","26","1","9","3600000"
"경기도교육청","경기도부천교육지원청","경기도 부천시 오정구","S090001964","부천덕산초등학교","02","공립","N","","26","634","26","4","2560000","26","634","26","0","0"
"경기도교육청","경기도부천교육지원청","경기도 부천시 원미구","S090001966","부천동초등학교","02","공립","N","","6","482","19","8","13400000","6","35","6","0","1000000"
"경기도교육청","경기도부천교육지원청","경기도 부천시 원미구","S090001967","부천부곡초등학교","02","공립","N","","12","272","12","0","1000000","1","8","1","0","2000000"
"경기도교육청","경기도부천교육지원청","경기도 부천시 소사구","S090001968","부천부안초등학교","02","공립","N","","25","648","25","5","15000000","0","0","0","0","0"
"경기도교육청","경기도부천교육지원청","경기도 부천시 원미구","S090001969","부천부흥초등학교","02","공립","N","","26","647","26","0","0","5","36","5","0","3000000"
"경기도교육청","경기도부천교육지원청","경기도 부천시 원미구","S090001970","부천북초등학교","02","공립","N","","35","906","35","0","0","6","117","6","4","10600000"
"경기도교육청","경기도부천교육지원청","경기도 부천시 오정구","S090001971","부천삼정초등학교","02","공립","N","","13","300","13","0","1300000","2","10","2","0","700000"
"경기도교육청","경기도부천교육지원청","경기도 부천시 원미구","S090001972","부천서초등학교","02","공립","N","","29","850","29","5","17000000","1","10","1","0","175000"
"경기도교육청","경기도부천교육지원청","경기도 부천시 오정구","S090001973","부천수주초등학교","02","공립","N","","6","415","17","0","0","0","0","0","0","0"
"경기도교육청","경기도부천교육지원청","경기도 부천시 원미구","S090001974","부천신흥초등학교","02","공립","N","","18","381","18","0","0","0","0","0","0","0"
"경기도교육청","경기도부천교육지원청","경기도 부천시 오정구","S090001975","부천여월초등학교","02","공립","N","","21","530","21","0","0","1","56","2","1","15464000"
"경기도교육청","경기도부천교육지원청","경기도 부천시 원미구","S090001976","부천역곡초등학교","02","공립","N","","25","601","25","0","0","0","0","0","0","0"
"경기도교육청","경기도부천교육지원청","경기도 부천시 오정구","S090001977","부천원일초등학교","02","공립","N","","16","345","16","1","1260000","0","0","0","0","0"
"경기도교육청","경기도부천교육지원청","경기도 부천시 원미구","S090001978","부천중앙초등학교","02","공립","N","","21","555","21","0","1500000","0","0","0","0","0"
"경기도교육청","경기도부천교육지원청","경기도 부천시 원미구","S090001979","부천중원초등학교","02","공립","N","","10","207","10","0","10000000","5","48","5","0","1544000"
"경기도교육청","경기도부천교육지원청","경기도 부천시 원미구","S090001980","부천초등학교","02","공립","N","","21","514","21","7","12470000","21","514","21","0","2600000"
"경기도교육청","경기도부천교육지원청","경기도 부천시 원미구","S090001987","상도초등학교","02","공립","N","","14","397","17","0","200000","0","0","0","0","0"
"경기도교육청","경기도부천교육지원청","경기도 부천시 원미구","S090001988","상동초등학교","02","공립","N","","32","863","32","0","0","1","6","1","0","0"
"경기도교육청","경기도부천교육지원청","경기도 부천시 원미구","S090001989","상원초등학교","02","공립","N","","19","463","19","19","23260000","21","469","21","0","3000000"
"경기도교육청","경기도부천교육지원청","경기도 부천시 원미구","S090001990","상인초등학교","02","공립","N","","6","1077","41","0","1600000","5","70","5","0","3300000"
"경기도교육청","경기도부천교육지원청","경기도 부천시 원미구","S090001991","상일초등학교","02","공립","N","","58","1599","58","35","16500000","0","0","0","0","0"
"경기도교육청","경기도부천교육지원청","경기도 부천시 원미구","S090001992","상지초등학교","02","공립","N","","15","347","15","0","0","2","35","5","0","12300000"
"경기도교육청","경기도부천교육지원청","경기도 부천시 소사구","S090002001","성주초등학교","02","공립","N","","26","666","26","0","5200000","1","20","1","1","1400000"
"경기도교육청","경기도부천교육지원청","경기도 부천시 소사구","S090002002","소사초등학교","02","공립","N","","28","690","28","3","0","2","60","2","1","5000000"
"경기도교육청","경기도부천교육지원청","경기도 부천시 원미구","S090002003","송내초등학교","02","공립","N","","12","196","12","13","16500000","0","0","0","0","0"
"경기도교육청","경기도부천교육지원청","경기도 부천시 원미구","S090002007","신도초등학교","02","공립","N","","26","658","26","0","0","1","40","1","1","3080000"
"경기도교육청","경기도부천교육지원청","경기도 부천시 소사구","S090002011","소일초등학교","02","공립","N","","26","315","26","11","5100000","0","0","0","0","0"
"경기도교육청","경기도부천교육지원청","경기도 부천시 원미구","S090002015","심곡초등학교","02","공립","N","","13","528","22","0","1100000","0","0","0","0","0"
"경기도교육청","경기도부천교육지원청","경기도 부천시 원미구","S090002016","심원초등학교","02","공립","N","","6","710","28","0","0","0","0","0","0","0"
"경기도교육청","경기도부천교육지원청","경기도 부천시 원미구","S090002017","약대초등학교","02","공립","N","","14","282","14","0","0","0","0","0","0","0"
"경기도교육청","경기도부천교육지원청","경기도 부천시 오정구","S090002022","오정초등학교","02","공립","N","","6","561","23","0","0","7","62","7","0","0"
"경기도교육청","경기도부천교육지원청","경기도 부천시 원미구","S090002026","원미초등학교","02","공립","N","","10","1164","47","3","5600000","2","11","2","0","1000000"
"경기도교육청","경기도부천교육지원청","경기도 부천시 오정구","S090002027","원종초등학교","02","공립","N","","13","335","13","0","0","25","626","25","0","2750000"
"경기도교육청","경기도부천교육지원청","경기도 부천시 원미구","S090002038","중흥초등학교","02","공립","N","","33","850","33","0","7150000","10","99","11","0","6050000"
"경기도교육청","경기도부천교육지원청","경기도 부천시 소사구","S090002039","창영초등학교","02","공립","N","","25","671","25","3","15000000","0","0","0","0","0"
"경기도교육청","경기도성남교육지원청","경기도 성남시 중원구","S090002210","검단초등학교","02","공립","N","","19","326","19","0","3120000","0","0","0","0","0"
"경기도교육청","경기도성남교육지원청","경기도 성남시 분당구","S090002211","구미초등학교","02","공립","N","","22","581","22","0","0","3","36","2","1","2530000"
"경기도교육청","경기도성남교육지원청","경기도 성남시 수정구","S090002214","금빛초등학교","02","공립","N","","10","336","14","0","1400000","0","0","0","0","0"
"경기도교육청","경기도성남교육지원청","경기도 성남시 중원구","S090002215","금상초등학교","02","공립","N","","12","210","12","12","3600000","2","35","3","0","500000"
"경기도교육청","경기도성남교육지원청","경기도 성남시 분당구","S090002216","낙생초등학교","02","공립","N","","47","1246","47","0","15800000","7","144","7","0","2400000"
"경기도교육청","경기도성남교육지원청","경기도 성남시 분당구","S090002217","내정초등학교","02","공립","N","","7","205","7","0","2280000","6","194","6","0","1920000"
"경기도교육청","경기도성남교육지원청","경기도 성남시 중원구","S090002218","단남초등학교","02","공립","N","","19","425","19","10","14650000","4","82","4","1","4550000"
"경기도교육청","경기도성남교육지원청","경기도 성남시 수정구","S090002219","단대초등학교","02","공립","N","","32","822","32","0","0","24","596","24","0","7550000"
"경기도교육청","경기도성남교육지원청","경기도 성남시 분당구","S090002221","당촌초등학교","02","공립","N","","45","609","45","0","0","0","0","0","0","0"
"경기도교육청","경기도성남교육지원청","경기도 성남시 중원구","S090002222","대원초등학교","02","공립","N","","11","190","10","1","990000","3","32","1","2","3600000"
"경기도교육청","경기도성남교육지원청","경기도 성남시 중원구","S090002223","대일초등학교","02","공립","N","","14","309","14","0","0","2","12","2","0","1200000"
"경기도교육청","경기도성남교육지원청","경기도 성남시 중원구","S090002224","대하초등학교","02","공립","N","","29","643","29","0","0","9","65","9","0","2000000"
"경기도교육청","경기도성남교육지원청","경기도 성남시 분당구","S090002225","돌마초등학교","02","공립","N","","6","466","19","0","6000000","1","4","1","0","400000"
"경기도교육청","경기도성남교육지원청","경기도 성남시 분당구","S090002227","백현초등학교","02","공립","N","","6","92","6","0","1800000","0","0","0","0","0"
"경기도교육청","경기도성남교육지원청","경기도 성남시 수정구","S090002228","복정초등학교","02","공립","N","","12","268","12","3","2650000","1","15","1","1","1020000"
"경기도교육청","경기도성남교육지원청","경기도 성남시 분당구","S090002229","분당초등학교","02","공립","N","","36","969","36","0","7200000","1","20","1","0","480000"
"경기도교육청","경기도성남교육지원청","경기도 성남시 분당구","S090002230","불곡초등학교","02","공립","N","","25","582","25","0","0","1","27","1","0","1620000"
"경기도교육청","경기도성남교육지원청","경기도 성남시 분당구","S090002231","불정초등학교","02","공립","N","","21","540","21","0","2100000","32","268","31","1","3000000"
"경기도교육청","경기도성남교육지원청","경기도 성남시 중원구","S090002232","상대원초등학교","02","공립","N","","11","204","11","0","1100000","0","0","0","0","0"
"경기도교육청","경기도성남교육지원청","경기도 성남시 중원구","S090002234","상원초등학교","02","공립","N","","19","440","19","7","1300000","19","440","19","0","6740000"
"경기도교육청","경기도성남교육지원청","경기도 성남시 분당구","S090002235","상탑초등학교","02","공립","N","","52","444","52","0","3000000","47","322","47","0","5200000"
"경기도교육청","경기도성남교육지원청","경기도 성남시 분당구","S090002236","서당초등학교","02","공립","N","","31","816","31","0","0","11","65","11","0","2540000"
"경기도교육청","경기도성남교육지원청","경기도 성남시 분당구","S090002237","서현초등학교","02","공립","N","","6","1146","41","0","0","7","130","7","6","2000000"
"경기도교육청","경기도성남교육지원청","경기도 성남시 중원구","S090002238","성남동초등학교","02","공립","N","","19","428","19","0","0","0","0","0","0","0"
"경기도교육청","경기도성남교육지원청","경기도 성남시 분당구","S090002239","성남매송초등학교","02","공립","Y","동아리 운영 미실시","","","","","","","","","",""
"경기도교육청","경기도성남교육지원청","경기도 성남시 분당구","S090002240","성남미금초등학교","02","공립","N","","32","780","32","0","0","5","30","5","0","2000000"
"경기도교육청","경기도성남교육지원청","경기도 성남시 수정구","S090002241","성남북초등학교","02","공립","N","","5","82","5","0","0","0","0","0","0","0"
"경기도교육청","경기도성남교육지원청","경기도 성남시 수정구","S090002242","성남서초등학교","02","공립","N","","13","195","13","0","2000000","0","0","0","0","0"
"경기도교육청","경기도성남교육지원청","경기도 성남시 분당구","S090002243","성남신기초등학교","02","공립","N","","24","624","24","0","3600000","0","0","0","0","0"
"경기도교육청","경기도성남교육지원청","경기도 성남시 수정구","S090002244","성남신흥초등학교","02","공립","N","","22","514","22","0","0","1","43","1","0","900000"
"경기도교육청","경기도성남교육지원청","경기도 성남시 중원구","S090002245","성남은행초등학교","02","공립","N","","22","542","22","0","2200000","0","0","0","0","0"
"경기도교육청","경기도성남교육지원청","경기도 성남시 분당구","S090002246","성남장안초등학교","02","공립","N","","16","387","16","0","1350000","0","0","0","0","0"
"경기도교육청","경기도성남교육지원청","경기도 성남시 중원구","S090002247","성남제일초등학교","02","공립","N","","2","43","2","0","1397200","2","43","2","0","1397200"
"경기도교육청","경기도성남교육지원청","경기도 성남시 수정구","S090002248","성남수정초등학교","02","공립","N","","21","424","21","0","0","0","0","0","0","0"
"경기도교육청","경기도성남교육지원청","경기도 성남시 중원구","S090002249","성남중앙초등학교","02","공립","N","","19","358","19","0","0","6","142","6","0","3600000"
"경기도교육청","경기도성남교육지원청","경기도 성남시 수정구","S090002250","성남초등학교","02","공립","N","","1","37","1","0","500000","0","0","0","0","0"
"경기도교육청","경기도성남교육지원청","경기도 성남시 수정구","S090002251","성수초등학교","02","공립","N","","20","503","20","0","2000000","1","20","1","0","600000"
"경기도교육청","경기도성남교육지원청","경기도 성남시 분당구","S090002252","수내초등학교","02","공립","N","","44","1193","44","0","0","29","807","29","0","5039930"
"경기도교육청","경기도성남교육지원청","경기도 성남시 수정구","S090002253","수진초등학교","02","공립","N","","26","655","26","0","3970000","0","0","0","0","0"
"경기도교육청","경기도성남교육지원청","경기도 성남시 분당구","S090002256","안말초등학교","02","공립","N","","6","635","26","0","0","2","20","2","0","2000000"
"경기도교육청","경기도성남교육지원청","경기도 성남시 분당구","S090002257","야탑초등학교","02","공립","N","","26","670","26","0","0","3","78","3","0","1500000"
"경기도교육청","경기도성남교육지원청","경기도 성남시 분당구","S090002258","양영초등학교","02","공립","N","","18","333","18","6","900000","0","0","0","0","0"
"경기도교육청","경기도성남교육지원청","경기도 성남시 분당구","S090002259","오리초등학교","02","공립","N","","7","125","7","2","0","1","21","3","0","2000000"
"경기도교육청","경기도성남교육지원청","경기도 성남시 수정구","S090002260","왕남초등학교","02","공립","N","","16","425","22","1","1800000","10","68","10","0","2000000"
"경기도교육청","경기도성남교육지원청","경기도 성남시 분당구","S090002262","이매초등학교","02","공립","Y","해당기간 운영계획서 및 운영 사항 없음. 2학기 집중이수실시함.","","","","","","","","","",""
"경기도교육청","경기도성남교육지원청","경기도 성남시 중원구","S090002267","중부초등학교","02","공립","N","","21","495","21","2","0","0","0","0","0","0"
"경기도교육청","경기도성남교육지원청","경기도 성남시 중원구","S090002269","중원초등학교","02","공립","N","","6","585","6","0","0","1","13","1","1","500000"
"경기도교육청","경기도성남교육지원청","경기도 성남시 분당구","S090002270","중탑초등학교","02","공립","N","","20","537","23","0","3950000","1","5","1","1","500000"
"경기도교육청","경기도성남교육지원청","경기도 성남시 분당구","S090002271","청솔초등학교","02","공립","N","","26","538","26","0","1200000","0","0","0","0","0"
"경기도교육청","경기도성남교육지원청","경기도 성남시 분당구","S090002272","초림초등학교","02","공립","N","","39","1119","39","0","3000000","1","10","1","0","0"
"경기도교육청","경기도성남교육지원청","경기도 성남시 분당구","S090002273","탄천초등학교","02","공립","N","","23","495","23","0","1500000","0","0","0","0","0"
"경기도교육청","경기도성남교육지원청","경기도 성남시 수정구","S090002274","태평초등학교","02","공립","N","","16","241","16","2","3000000","0","0","0","0","0"
"경기도교육청","경기도성남교육지원청","경기도 성남시 중원구","S090002275","하원초등학교","02","공립","N","","18","450","18","18","6120000","6","450","18","0","3500000"
"경기도교육청","경기도성남교육지원청","경기도 성남시 분당구","S090002276","하탑초등학교","02","공립","N","","39","718","39","0","3180000","0","0","0","0","0"
"경기도교육청","경기도성남교육지원청","경기도 성남시 분당구","S090002277","한솔초등학교","02","공립","N","","7","135","7","0","0","2","16","2","0","899990"
"경기도교육청","경기도성남교육지원청","경기도 성남시 수정구","S090002278","희망대초등학교","02","공립","N","","13","318","13","0","1040000","6","318","13","0","1200000"
"경기도교육청","경기도수원교육지원청","경기도 수원시 권선구","S090002444","고색초등학교","02","공립","N","","19","474","19","0","5000000","2","12","2","0","2300000"
"경기도교육청","경기도수원교육지원청","경기도 수원시 권선구","S090002445","고현초등학교","02","공립","N","","7","108","7","0","500000","4","44","4","0","400000"
"경기도교육청","경기도수원교육지원청","경기도 수원시 권선구","S090002446","곡반초등학교","02","공립","N","","7","823","31","2","11304000","2","28","2","0","0"
"경기도교육청","경기도수원교육지원청","경기도 수원시 권선구","S090002447","곡선초등학교","02","공립","N","","27","699","27","0","0","0","0","0","0","0"
"경기도교육청","경기도수원교육지원청","경기도 수원시 권선구","S090002448","구운초등학교","02","공립","N","","18","431","18","0","0","0","0","0","0","0"
"경기도교육청","경기도수원교육지원청","경기도 수원시 권선구","S090002449","권선초등학교","02","공립","N","","17","403","17","0","0","1","23","1","0","500000"
"경기도교육청","경기도수원교육지원청","경기도 수원시 권선구","S090002450","남수원초등학교","02","공립","N","","22","525","22","0","0","0","0","0","0","0"
"경기도교육청","경기도수원교육지원청","경기도 수원시 팔달구","S090002451","남창초등학교","02","공립","N","","8","113","0","8","12880000","1","15","1","0","3000000"
"경기도교육청","경기도수원교육지원청","경기도 수원시 권선구","S090002452","당수초등학교","02","공립","N","","22","539","22","1","0","0","0","0","0","0"
"경기도교육청","경기도수원교육지원청","경기도 수원시 장안구","S090002453","대평초등학교","02","공립","N","","24","614","24","0","4500000","1","137","5","0","2000000"
"경기도교육청","경기도수원교육지원청","경기도 수원시 영통구","S090002454","동수원초등학교","02","공립","N","","23","565","23","0","0","0","0","0","0","0"
"경기도교육청","경기도수원교육지원청","경기도 수원시 장안구","S090002455","수원동신초등학교","02","공립","N","","25","621","25","0","0","10","69","10","0","1000000"
"경기도교육청","경기도수원교육지원청","경기도 수원시 팔달구","S090002456","매산초등학교","02","공립","N","","12","250","12","0","0","0","0","0","0","0"
"경기도교육청","경기도수원교육지원청","경기도 수원시 영통구","S090002457","매원초등학교","02","공립","N","","43","925","43","0","3400000","0","0","0","0","0"
"경기도교육청","경기도수원교육지원청","경기도 수원시 영통구","S090002458","매탄초등학교","02","공립","N","","53","1410","53","0","0","5","60","5","5","4210000"
"경기도교육청","경기도수원교육지원청","경기도 수원시 영통구","S090002459","매현초등학교","02","공립","N","","9","226","9","0","0","20","456","20","1","1800000"
"경기도교육청","경기도수원교육지원청","경기도 수원시 권선구","S090002460","명당초등학교","02","공립","N","","10","346","19","5","0","0","0","0","0","0"
"경기도교육청","경기도수원교육지원청","경기도 수원시 장안구","S090002461","명인초등학교","02","공립","N","","32","748","32","0","0","4","80","4","1","5500000"
"경기도교육청","경기도수원교육지원청","경기도 수원시 영통구","S090002462","산남초등학교","02","공립","N","","20","487","20","0","0","13","95","13","0","400000"
"경기도교육청","경기도수원교육지원청","경기도 수원시 영통구","S090002463","산의초등학교","02","공립","N","","60","1635","60","0","6000000","3","70","3","6","24500000"
"경기도교육청","경기도수원교육지원청","경기도 수원시 장안구","S090002464","상률초등학교","02","공립","N","","15","399","15","0","0","1","20","1","0","0"
"경기도교육청","경기도수원교육지원청","경기도 수원시 권선구","S090002465","상촌초등학교","02","공립","N","","40","544","40","1","2700000","3","40","4","0","1642000"
"경기도교육청","경기도수원교육지원청","경기도 수원시 권선구","S090002466","서호초등학교","02","공립","N","","12","271","12","0","0","4","28","4","0","2700000"
"경기도교육청","경기도수원교육지원청","경기도 수원시 권선구","S090002467","세곡초등학교","02","공립","N","","13","310","13","0","1300000","0","0","0","0","0"
"경기도교육청","경기도수원교육지원청","경기도 수원시 권선구","S090002468","세류초등학교","02","공립","N","","21","504","21","0","0","0","0","0","0","0"
"경기도교육청","경기도수원교육지원청","경기도 수원시 영통구","S090002469","소화초등학교","02","사립","N","","20","504","24","23","0","0","0","0","0","0"
"경기도교육청","경기도수원교육지원청","경기도 수원시 장안구","S090002470","송림초등학교","02","공립","N","","31","790","31","0","0","2","41","3","0","1500000"
"경기도교육청","경기도수원교육지원청","경기도 수원시 장안구","S090002471","송원초등학교","02","공립","N","","25","602","25","0","1500000","0","0","0","0","0"
"경기도교육청","경기도수원교육지원청","경기도 수원시 장안구","S090002472","송정초등학교","02","공립","N","","48","1543","48","0","2200000","0","0","0","0","0"
"경기도교육청","경기도수원교육지원청","경기도 수원시 장안구","S090002473","송죽초등학교","02","공립","N","","17","426","17","0","0","1","7","1","0","500000"
"경기도교육청","경기도수원교육지원청","경기도 수원시 장안구","S090002474","수성초등학교","02","공립","N","","15","369","15","0","0","0","0","0","0","0"
"경기도교육청","경기도수원교육지원청","경기도 수원시 권선구","S090002475","수원금곡초등학교","02","공립","N","","8","179","8","1","5000000","0","0","0","0","0"
"경기도교육청","경기도수원교육지원청","경기도 수원시 권선구","S090002477","수원선일초등학교","02","공립","N","","25","590","25","1","0","0","0","0","0","0"
"경기도교육청","경기도수원교육지원청","경기도 수원시 권선구","S090002478","수원신곡초등학교","02","공립","N","","16","808","33","3","2000000","5","37","5","1","12005000"
"경기도교육청","경기도수원교육지원청","경기도 수원시 팔달구","S090002479","수원초등학교","02","공립","N","","32","840","32","0","620","0","0","0","0","0"
"경기도교육청","경기도수원교육지원청","경기도 수원시 팔달구","S090002480","숙지초등학교","02","공립","N","","13","293","13","2","5700000","2","16","2","1","3150000"
"경기도교육청","경기도수원교육지원청","경기도 수원시 영통구","S090002482","신성초등학교","02","공립","N","","25","208","25","0","0","1","11","1","0","0"
"경기도교육청","경기도수원교육지원청","경기도 수원시 영통구","S090002483","신영초등학교","02","공립","N","","33","463","33","0","8000000","0","0","0","0","0"
"경기도교육청","경기도수원교육지원청","경기도 수원시 영통구","S090002484","신풍초등학교","02","공립","N","","0","0","0","0","0","7","153","7","13","30420000"
"경기도교육청","경기도수원교육지원청","경기도 수원시 권선구","S090002485","안룡초등학교","02","공립","N","","48","1130","48","0","10800000","0","0","0","0","0"
"경기도교육청","경기도수원교육지원청","경기도 수원시 팔달구","S090002486","연무초등학교","02","공립","N","","10","150","10","0","0","4","80","4","1","5790000"
"경기도교육청","경기도수원교육지원청","경기도 수원시 영통구","S090002487","영덕초등학교","02","공립","N","","31","825","31","0","0","2","62","2","2","5000000"
"경기도교육청","경기도수원교육지원청","경기도 수원시 영통구","S090002488","영동초등학교","02","공립","N","","31","799","31","0","2000000","0","0","0","0","0"
"경기도교육청","경기도수원교육지원청","경기도 수원시 영통구","S090002489","영일초등학교","02","공립","N","","17","412","17","0","3400000","2","11","2","0","500000"
"경기도교육청","경기도수원교육지원청","경기도 수원시 영통구","S090002490","영통초등학교","02","공립","N","","20","455","20","0","0","1","37","1","1","11000000"
"경기도교육청","경기도수원교육지원청","경기도 수원시 장안구","S090002491","영화초등학교","02","공립","N","","6","533","21","0","0","0","0","0","0","0"
"경기도교육청","경기도수원교육지원청","경기도 수원시 권선구","S090002492","오목초등학교","02","공립","N","","13","316","13","0","0","0","0","0","0","0"
"경기도교육청","경기도수원교육지원청","경기도 수원시 팔달구","S090002493","우만초등학교","02","공립","N","","12","250","12","1","2400000","0","0","0","0","0"
"경기도교육청","경기도수원교육지원청","경기도 수원시 영통구","S090002494","원일초등학교","02","공립","N","","34","452","34","0","2000000","0","0","0","0","0"
"경기도교육청","경기도수원교육지원청","경기도 수원시 영통구","S090002495","원천초등학교","02","공립","N","","23","531","23","0","1400000","4","61","2","2","5250000"
"경기도교육청","경기도수원교육지원청","경기도 수원시 장안구","S090002496","율전초등학교","02","공립","N","","19","463","19","5","2000000","1","10","1","0","120000"
"경기도교육청","경기도수원교육지원청","경기도 수원시 팔달구","S090002497","율현초등학교","02","공립","N","","22","553","22","0","0","4","60","4","0","611000"
"경기도교육청","경기도수원교육지원청","경기도 수원시 팔달구","S090002498","인계초등학교","02","공립","N","","25","381","25","0","0","0","0","0","0","0"
"경기도교육청","경기도수원교육지원청","경기도 수원시 권선구","S090002499","일월초등학교","02","공립","N","","39","529","39","0","0","4","38","4","0","160100"
"경기도교육청","경기도수원교육지원청","경기도 수원시 영통구","S090002500","잠원초등학교","02","공립","N","","42","1136","42","0","0","2","28","2","2","4650000"
"경기도교육청","경기도수원교육지원청","경기도 수원시 장안구","S090002501","정자초등학교","02","공립","N","","27","654","27","0","0","0","0","0","0","0"
"경기도교육청","경기도수원교육지원청","경기도 수원시 장안구","S090002502","정천초등학교","02","공립","N","","33","920","33","0","6600000","0","0","0","0","0"
"경기도교육청","경기도수원교육지원청","경기도 수원시 장안구","S090002503","조원초등학교","02","공립","N","","17","396","17","3","12150000","0","0","0","0","0"
"경기도교육청","경기도수원교육지원청","경기도 수원시 영통구","S090002504","중앙기독초등학교","02","사립","N","","0","0","0","0","0","21","331","21","13","2600000"
"경기도교육청","경기도수원교육지원청","경기도 수원시 팔달구","S090002506","지동초등학교","02","공립","N","","15","327","15","0","0","15","327","15","0","0"
"경기도교육청","경기도수원교육지원청","경기도 수원시 장안구","S090002507","창용초등학교","02","공립","N","","14","306","14","0","1000000","1","6","1","0","0"
"경기도교육청","경기도수원교육지원청","경기도 수원시 장안구","S090002508","천일초등학교","02","공립","N","","29","464","29","0","2700000","0","0","0","0","0"
"경기도교육청","경기도수원교육지원청","경기도 수원시 장안구","S090002509","천천초등학교","02","공립","N","","34","844","34","1","3100000","0","0","0","0","0"
"경기도교육청","경기도수원교육지원청","경기도 수원시 영통구","S090002510","청명초등학교","02","공립","N","","11","511","15","0","2680000","0","0","0","0","0"
"경기도교육청","경기도수원교육지원청","경기도 수원시 권선구","S090002511","칠보초등학교","02","공립","N","","29","734","29","0","3000000","0","0","0","0","0"
"경기도교육청","경기도수원교육지원청","경기도 수원시 권선구","S090002512","탑동초등학교","02","공립","N","","25","658","25","0","0","0","0","0","0","0"
"경기도교육청","경기도수원교육지원청","경기도 수원시 영통구","S090002513","태장초등학교","02","공립","N","","30","771","30","0","3100000","2","17","1","0","0"
"경기도교육청","경기도수원교육지원청","경기도 수원시 장안구","S090002514","파장초등학교","02","공립","N","","21","352","21","0","0","0","0","0","0","0"
"경기도교육청","경기도수원교육지원청","경기도 수원시 장안구","S090002515","한일초등학교","02","공립","N","","19","427","19","6","0","0","0","0","0","0"
"경기도교육청","경기도수원교육지원청","경기도 수원시 권선구","S090002516","호매실초등학교","02","공립","N","","19","451","19","0","1900000","1","10","1","0","600000"
"경기도교육청","경기도수원교육지원청","경기도 수원시 팔달구","S090002517","화서초등학교","02","공립","N","","8","377","18","2","2250000","1","10","1","0","200000"
"경기도교육청","경기도수원교육지원청","경기도 수원시 팔달구","S090002518","화양초등학교","02","공립","N","","17","403","17","0","1300000","0","0","0","0","0"
"경기도교육청","경기도수원교육지원청","경기도 수원시 팔달구","S090002519","화홍초등학교","02","공립","N","","23","798","31","0","0","4","19","4","0","3000000"
"경기도교육청","경기도수원교육지원청","경기도 수원시 영통구","S090002520","황곡초등학교","02","공립","N","","37","803","37","0","14500000","0","0","0","0","0"
"경기도교육청","경기도수원교육지원청","경기도 수원시 영통구","S090002521","효동초등학교","02","공립","N","","12","262","12","0","0","2","15","2","0","0"
"경기도교육청","경기도수원교육지원청","경기도 수원시 팔달구","S090002522","효성초등학교","02","공립","N","","16","375","16","0","0","0","0","0","0","0"
"경기도교육청","경기도수원교육지원청","경기도 수원시 영통구","S090002523","효원초등학교","02","공립","N","","12","276","12","0","2400000","2","20","3","1","3500000"
"경기도교육청","경기도수원교육지원청","경기도 수원시 권선구","S090002524","효정초등학교","02","공립","N","","12","186","11","1","5500000","4","25","4","0","2000000"
"경기도교육청","경기도수원교육지원청","경기도 수원시 장안구","S090002525","효천초등학교","02","공립","N","","39","368","39","0","3000000","0","0","0","0","0"
"경기도교육청","경기도안산교육지원청","경기도 안산시 상록구","S090002715","각골초등학교","02","공립","N","","17","425","17","1","840000","2","30","2","2","7520000"
"경기도교육청","경기도시흥교육지원청","경기도 시흥시","S090002716","검바위초등학교","02","공립","N","","19","485","19","5","11780000","0","0","0","0","0"
"경기도교육청","경기도안산교육지원청","경기도 안산시 상록구","S090002717","경수초등학교","02","공립","N","","7","132","7","14","12320000","0","0","0","0","0"
"경기도교육청","경기도안산교육지원청","경기도 안산시 상록구","S090002718","경일초등학교","02","공립","N","","18","429","18","0","0","6","429","18","0","0"
"경기도교육청","경기도시흥교육지원청","경기도 시흥시","S090002719","계수초등학교","02","공립","N","","8","87","7","8","17340000","0","0","0","0","0"
"경기도교육청","경기도안산교육지원청","경기도 안산시 단원구","S090002720","고잔초등학교","02","공립","N","","22","536","22","0","0","0","0","0","0","0"
"경기도교육청","경기도안산교육지원청","경기도 안산시 단원구","S090002721","관산초등학교","02","공립","N","","43","1104","43","0","8600000","1","4","1","0","13030000"
"경기도교육청","경기도시흥교육지원청","경기도 시흥시","S090002722","군서초등학교","02","공립","N","","28","618","28","0","0","1","20","1","4","21200000"
"경기도교육청","경기도시흥교육지원청","경기도 시흥시","S090002723","군자초등학교","02","공립","N","","10","758","29","10","24318000","0","0","0","0","0"
"경기도교육청","경기도시흥교육지원청","경기도 시흥시","S090002724","금모래초등학교","02","공립","N","","74","1960","74","36","18960000","0","0","0","0","0"
"경기도교육청","경기도시흥교육지원청","경기도 시흥시","S090002725","냉정초등학교","02","공립","N","","23","560","23","23","23112000","4","54","4","0","2300000"
"경기도교육청","경기도안산교육지원청","경기도 안산시 단원구","S090002726","능길초등학교","02","공립","N","","6","42","6","1","1200000","0","0","0","0","0"
"경기도교육청","경기도안산교육지원청","경기도 안산시 단원구","S090002727","대남초등학교","02","공립","N","","7","74","7","0","0","6","70","6","0","3215800"
"경기도교육청","경기도안산교육지원청","경기도 안산시 단원구","S090002729","대동초등학교","02","공립","N","","18","46","6","16","26520000","7","46","7","0","2100000"
"경기도교육청","경기도안산교육지원청","경기도 안산시 단원구","S090002730","대부초등학교","02","공립","N","","6","87","6","0","1800000","0","0","0","0","0"
"경기도교육청","경기도시흥교육지원청","경기도 시흥시","S090002731","대야초등학교","02","공립","N","","14","462","19","19","13427200","0","0","0","0","0"
"경기도교육청","경기도안산교육지원청","경기도 안산시 단원구","S090002732","덕성초등학교","02","공립","N","","14","307","14","0","1400000","0","0","0","0","0"
"경기도교육청","경기도시흥교육지원청","경기도 시흥시","S090002733","도일초등학교","02","공립","N","","12","299","12","0","0","9","253","10","0","200000"
"경기도교육청","경기도시흥교육지원청","경기도 시흥시","S090002734","도창초등학교","02","공립","N","","12","111","12","6","2520000","0","0","0","0","0"
"경기도교육청","경기도안산교육지원청","경기도 안산시 상록구","S090002735","매화초등학교","02","공립","N","","22","469","22","0","0","1","5","1","1","500000"
"경기도교육청","경기도시흥교육지원청","경기도 시흥시","S090002736","목감초등학교","02","공립","N","","15","346","15","0","1095000","1","24","1","1","1840000"
"경기도교육청","경기도안산교육지원청","경기도 안산시 상록구","S090002737","반월초등학교","02","공립","N","","7","150","7","0","0","7","150","7","0","0"
"경기도교육청","경기도안산교육지원청","경기도 안산시 단원구","S090002738","별망초등학교","02","공립","N","","17","324","17","2","1000000","0","0","0","0","0"
"경기도교육청","경기도안산교육지원청","경기도 안산시 상록구","S090002739","본오초등학교","02","공립","N","","29","726","29","4","5300000","0","0","0","0","0"
"경기도교육청","경기도안산교육지원청","경기도 안산시 상록구","S090002740","본원초등학교","02","공립","N","","37","954","37","0","0","2","34","1","2","7500000"
"경기도교육청","경기도안산교육지원청","경기도 안산시 상록구","S090002741","삼일초등학교","02","공립","N","","6","694","27","0","0","0","0","0","0","0"
"경기도교육청","경기도안산교육지원청","경기도 안산시 상록구","S090002742","상록초등학교","02","공립","N","","3","732","29","0","0","0","0","0","0","0"
"경기도교육청","경기도시흥교육지원청","경기도 시흥시","S090002743","서촌초등학교","02","공립","N","","25","536","25","25","14210000","3","28","3","0","2450000"
"경기도교육청","경기도시흥교육지원청","경기도 시흥시","S090002744","서해초등학교","02","공립","N","","36","930","36","4","3000000","4","47","4","0","3200000"
"경기도교육청","경기도안산교육지원청","경기도 안산시 상록구","S090002745","석호초등학교","02","공립","N","","35","868","35","1","2000000","1","30","1","0","1500000"
"경기도교육청","경기도안산교육지원청","경기도 안산시 단원구","S090002746","선부초등학교","02","공립","N","","28","736","28","0","1400000","0","0","0","0","0"
"경기도교육청","경기도안산교육지원청","경기도 안산시 단원구","S090002747","선일초등학교","02","공립","N","","4","379","21","4","39440000","2","12","2","0","850000"
"경기도교육청","경기도안산교육지원청","경기도 안산시 상록구","S090002749","성안초등학교","02","공립","N","","23","538","23","0","0","0","0","0","0","0"
"경기도교육청","경기도안산교육지원청","경기도 안산시 상록구","S090002750","성포초등학교","02","공립","N","","21","506","21","4","12600000","0","0","0","0","0"
"경기도교육청","경기도시흥교육지원청","경기도 시흥시","S090002751","소래초등학교","02","공립","N","","15","348","15","0","3000000","0","0","0","0","0"
"경기도교육청","경기도시흥교육지원청","경기도 시흥시","S090002752","송운초등학교","02","공립","N","","29","759","29","29","16893000","0","0","0","0","0"
"경기도교육청","경기도안산교육지원청","경기도 안산시 단원구","S090002753","송호초등학교","02","공립","N","","24","473","24","18","2000000","0","0","0","0","0"
"경기도교육청","경기도안산교육지원청","경기도 안산시 단원구","S090002755","슬기초등학교","02","공립","N","","6","580","24","0","0","1","25","1","3","10500000"
"경기도교육청","경기도안산교육지원청","경기도 안산시 상록구","S090002756","시곡초등학교","02","공립","N","","30","646","26","48","14800000","1","20","1","0","0"
"경기도교육청","경기도안산교육지원청","경기도 안산시 상록구","S090002757","시랑초등학교","02","공립","N","","14","308","14","0","0","0","0","0","0","0"
"경기도교육청","경기도시흥교육지원청","경기도 시흥시","S090002758","시화초등학교","02","공립","N","","18","313","18","2","13860000","0","0","0","0","0"
"경기도교육청","경기도시흥교육지원청","경기도 시흥시","S090002759","시흥매화초등학교","02","공립","N","","6","384","16","0","0","7","395","17","0","0"
"경기도교육청","경기도시흥교육지원청","경기도 시흥시","S090002760","시흥신일초등학교","02","공립","N","","6","576","25","6","16531200","2","16","2","0","1000000"
"경기도교육청","경기도시흥교육지원청","경기도 시흥시","S090002761","시흥은행초등학교","02","공립","N","","14","1267","47","10","20427000","4","37","4","0","2029000"
"경기도교육청","경기도시흥교육지원청","경기도 시흥시","S090002762","시흥초등학교","02","공립","N","","6","670","26","6","14280000","0","0","0","0","0"
"경기도교육청","경기도시흥교육지원청","경기도 시흥시","S090002764","신천초등학교","02","공립","N","","12","247","12","2","0","1","19","1","0","300000"
"경기도교육청","경기도안산교육지원청","경기도 안산시 상록구","S090002765","안산광덕초등학교","02","공립","N","","12","301","12","0","0","15","360","15","0","1800000"
"경기도교육청","경기도안산교육지원청","경기도 안산시 상록구","S090002766","안산부곡초등학교","02","공립","N","","6","753","30","0","3950000","0","0","0","0","0"
"경기도교육청","경기도안산교육지원청","경기도 안산시 단원구","S090002767","안산서초등학교","02","공립","N","","44","1035","45","0","12000000","29","682","29","0","0"
"경기도교육청","경기도안산교육지원청","경기도 안산시 단원구","S090002768","안산석수초등학교","02","공립","N","","32","834","32","1","1486000","0","0","0","0","0"
"경기도교육청","경기도안산교육지원청","경기도 안산시 단원구","S090002769","안산양지초등학교","02","공립","N","","42","1090","42","0","0","3","41","3","2","3210000"
"경기도교육청","경기도안산교육지원청","경기도 안산시 단원구","S090002770","안산원곡초등학교","02","공립","N","","23","523","23","2","2300000","1","7","1","0","1000000"
"경기도교육청","경기도안산교육지원청","경기도 안산시 단원구","S090002771","안산중앙초등학교","02","공립","N","","24","610","24","0","1000000","4","40","4","0","1500000"
"경기도교육청","경기도안산교육지원청","경기도 안산시 상록구","S090002772","안산초등학교","02","공립","N","","11","259","11","1","800000","0","0","0","0","0"
"경기도교육청","경기도안산교육지원청","경기도 안산시 단원구","S090002773","안산화정초등학교","02","공립","N","","34","928","34","3","24000000","3","18","3","0","800000"
"경기도교육청","경기도시흥교육지원청","경기도 시흥시","S090002774","연성초등학교","02","공립","N","","13","312","13","6","9546000","0","0","0","0","0"
"경기도교육청","경기도시흥교육지원청","경기도 시흥시","S090002775","옥터초등학교","02","공립","N","","14","283","14","3","9180000","0","0","0","0","0"
"경기도교육청","경기도안산교육지원청","경기도 안산시 단원구","S090002776","와동초등학교","02","공립","N","","28","700","28","0","0","0","0","0","0","0"
"경기도교육청","경기도안산교육지원청","경기도 안산시 단원구","S090002778","원일초등학교","02","공립","N","","20","461","20","1","17000000","0","0","0","0","0"
"경기도교육청","경기도시흥교육지원청","경기도 시흥시","S090002779","은계초등학교","02","공립","N","","6","896","34","8","19040000","2","40","2","4","13600000"
"경기도교육청","경기도안산교육지원청","경기도 안산시 상록구","S090002780","이호초등학교","02","공립","N","","31","821","31","0","0","0","0","0","0","0"
"경기도교육청","경기도시흥교육지원청","경기도 시흥시","S090002781","장곡초등학교","02","공립","N","","29","781","29","29","23475000","0","0","0","0","0"
"경기도교육청","경기도시흥교육지원청","경기도 시흥시","S090002782","정왕초등학교","02","공립","N","","42","1007","42","7","22050000","0","0","0","0","0"
"경기도교육청","경기도안산교육지원청","경기도 안산시 상록구","S090002783","정재초등학교","02","공립","N","","13","295","13","0","0","0","0","0","0","0"
"경기도교육청","경기도안산교육지원청","경기도 안산시 단원구","S090002784","정지초등학교","02","공립","N","","14","334","17","0","0","0","0","0","0","0"
"경기도교육청","경기도시흥교육지원청","경기도 시흥시","S090002786","진말초등학교","02","공립","N","","13","611","32","8","29519000","0","0","0","0","0"
"경기도교육청","경기도안산교육지원청","경기도 안산시 상록구","S090002787","초당초등학교","02","공립","N","","52","1164","45","7","1550000","2","29","2","0","0"
"경기도교육청","경기도안산교육지원청","경기도 안산시 단원구","S090002788","초지초등학교","02","공립","N","","26","664","26","1","0","0","0","0","0","0"
"경기도교육청","경기도시흥교육지원청","경기도 시흥시","S090002789","포리초등학교","02","공립","N","","8","168","8","0","0","0","0","0","0","0"
"경기도교육청","경기도시흥교육지원청","경기도 시흥시","S090002790","하중초등학교","02","공립","N","","13","392","15","8","12780000","1","9","1","1","6400000"
"경기도교육청","경기도시흥교육지원청","경기도 시흥시","S090002791","함현초등학교","02","공립","N","","17","395","17","2","10152000","1","14","1","0","1000000"
"경기도교육청","경기도안산교육지원청","경기도 안산시 상록구","S090002792","호동초등학교","02","공립","N","","0","0","0","0","0","1","14","1","0","1020000"
"경기도교육청","경기도안산교육지원청","경기도 안산시 단원구","S090002793","화랑초등학교","02","공립","N","","50","1276","50","4","37978000","27","649","27","0","5500000"
"경기도교육청","경기도안성교육지원청","경기도 안성시","S090002927","개산초등학교","02","공립","N","","6","57","6","0","800000","1","17","1","0","400000"
"경기도교육청","경기도안성교육지원청","경기도 안성시","S090002928","개정초등학교","02","공립","N","","3","85","6","4","350000","8","85","8","0","2700000"
"경기도교육청","경기도안성교육지원청","경기도 안성시","S090002929","고삼초등학교","02","공립","N","","5","35","5","0","0","3","22","3","0","1200000"
"경기도교육청","경기도안성교육지원청","경기도 안성시","S090002931","공도초등학교","02","공립","N","","87","1511","52","52","78000000","38","1060","38","6","67139000"
"경기도교육청","경기도안성교육지원청","경기도 안성시","S090002933","광덕초등학교","02","공립","N","","12","191","12","0","1010000","4","68","4","0","1000000"
"경기도교육청","경기도안성교육지원청","경기도 안성시","S090002934","광선초등학교","02","공립","N","","6","51","6","1","2700000","0","0","0","0","0"
"경기도교육청","경기도안성교육지원청","경기도 안성시","S090002935","금광초등학교","02","공립","N","","10","177","13","3","0","0","0","0","0","0"
"경기도교육청","경기도안성교육지원청","경기도 안성시","S090002936","금광초등학교조령분교장","02","공립","Y","분교장 제외처리함.","","","","","","","","","",""
"경기도교육청","경기도안성교육지원청","경기도 안성시","S090002937","내혜홀초등학교","02","공립","N","","22","488","22","0","0","9","198","9","0","3200000"
"경기도교육청","경기도안성교육지원청","경기도 안성시","S090002938","대덕초등학교","02","공립","N","","8","98","8","0","1000000","2","28","2","0","800000"
"경기도교육청","경기도안성교육지원청","경기도 안성시","S090002940","동신초등학교","02","공립","N","","1","170","10","10","5440000","11","190","11","0","3300000"
"경기도교육청","경기도안성교육지원청","경기도 안성시","S090002941","마전초등학교","02","공립","N","","4","37","4","0","1000000","0","0","0","0","0"
"경기도교육청","경기도안성교육지원청","경기도 안성시","S090002942","명덕초등학교","02","공립","N","","0","0","0","0","0","3","37","3","0","1200000"
"경기도교육청","경기도안성교육지원청","경기도 안성시","S090002943","문기초등학교","02","공립","N","","26","534","26","3","1800000","4","80","4","0","1600000"
"경기도교육청","경기도안성교육지원청","경기도 안성시","S090002944","미곡초등학교","02","공립","N","","13","68","13","0","1800000","0","0","0","0","0"
"경기도교육청","경기도안성교육지원청","경기도 안성시","S090002945","미양초등학교","02","공립","N","","4","48","4","4","1920000","4","48","4","4","3520000"
"경기도교육청","경기도안성교육지원청","경기도 안성시","S090002946","방초초등학교","02","공립","N","","5","24","5","1","5000000","1","24","1","0","1400000"
"경기도교육청","경기도안성교육지원청","경기도 안성시","S090002947","백성초등학교","02","공립","N","","34","921","34","0","9700000","0","0","0","0","0"
"경기도교육청","경기도안성교육지원청","경기도 안성시","S090002948","보개초등학교","02","공립","N","","6","64","6","0","1200000","3","41","3","0","2500000"
"경기도교육청","경기도안성교육지원청","경기도 안성시","S090002949","보체초등학교","02","공립","N","","6","58","6","2","0","1","20","1","0","400000"
"경기도교육청","경기도안성교육지원청","경기도 안성시","S090002950","비룡초등학교","02","공립","N","","49","1286","49","0","20500000","1","10","1","0","400000"
"경기도교육청","경기도안성교육지원청","경기도 안성시","S090002951","산평초등학교","02","공립","N","","5","27","5","0","2500000","0","0","0","0","0"
"경기도교육청","경기도안성교육지원청","경기도 안성시","S090002952","삼죽초등학교","02","공립","N","","5","40","6","0","5400000","6","38","6","0","2400000"
"경기도교육청","경기도안성교육지원청","경기도 안성시","S090002954","서운초등학교","02","공립","N","","4","33","4","0","2100000","4","33","4","0","2100000"
"경기도교육청","경기도안성교육지원청","경기도 안성시","S090002956","안성초등학교","02","공립","N","","27","674","27","0","0","1","21","1","0","400000"
"경기도교육청","경기도안성교육지원청","경기도 안성시","S090002957","양성초등학교","02","공립","N","","6","44","6","0","0","5","29","5","0","2000000"
"경기도교육청","경기도안성교육지원청","경기도 안성시","S090002959","양진초등학교","02","공립","N","","22","572","22","0","0","6","129","6","0","2900000"
"경기도교육청","경기도안성교육지원청","경기도 안성시","S090002960","용머리초등학교","02","공립","N","","11","514","21","7","16850000","1","14","1","0","400000"
"경기도교육청","경기도안성교육지원청","경기도 안성시","S090002961","원곡초등학교","02","공립","N","","6","116","10","0","2000000","4","18","4","0","1600000"
"경기도교육청","경기도안성교육지원청","경기도 안성시","S090002963","일죽초등학교","02","공립","N","","5","135","7","4","53470000","0","0","0","0","0"
"경기도교육청","경기도안성교육지원청","경기도 안성시","S090002967","죽산초등학교","02","공립","N","","9","171","9","0","4500000","1","12","1","0","500000"
"경기도교육청","경기도안성교육지원청","경기도 안성시","S090002968","죽화초등학교","02","공립","N","","6","48","6","4","500000","1","5","1","0","200000"
"경기도교육청","경기도안성교육지원청","경기도 안성시","S090002969","현매초등학교","02","공립","N","","6","56","6","1","6770000","3","36","3","0","4000000"
"경기도교육청","경기도안양과천교육지원청","경기도 과천시","S090003042","과천초등학교","02","공립","N","","6","841","33","12","16936000","4","38","4","0","1000000"
"경기도교육청","경기도안양과천교육지원청","경기도 과천시","S090003043","관문초등학교","02","공립","N","","24","596","24","0","0","1","33","1","0","1000000"
"경기도교육청","경기도안양과천교육지원청","경기도 안양시 동안구","S090003044","관양초등학교","02","공립","N","","24","598","24","0","4440000","0","0","0","0","0"
"경기도교육청","경기도안양과천교육지원청","경기도 안양시 동안구","S090003045","귀인초등학교","02","공립","N","","63","1878","63","0","760000","0","0","0","0","0"
"경기도교육청","경기도안양과천교육지원청","경기도 안양시 동안구","S090003046","달안초등학교","02","공립","N","","9","163","9","0","6300000","1","14","1","0","1000000"
"경기도교육청","경기도안양과천교육지원청","경기도 안양시 만안구","S090003047","덕천초등학교","02","공립","N","","37","967","37","0","0","0","0","0","0","0"
"경기도교육청","경기도안양과천교육지원청","경기도 안양시 동안구","S090003049","동안초등학교","02","공립","N","","20","524","20","3","6520000","0","0","0","0","0"
"경기도교육청","경기도안양과천교육지원청","경기도 안양시 만안구","S090003050","만안초등학교","02","공립","N","","23","599","23","0","6079600","0","0","0","0","0"
"경기도교육청","경기도안양과천교육지원청","경기도 안양시 만안구","S090003051","명학초등학교","02","공립","N","","14","350","14","2","5980000","0","0","0","0","0"
"경기도교육청","경기도안양과천교육지원청","경기도 과천시","S090003052","문원초등학교","02","공립","N","","7","1832","70","3","32680000","4","68","4","9","11500000"
"경기도교육청","경기도안양과천교육지원청","경기도 안양시 동안구","S090003053","민백초등학교","02","공립","N","","10","1136","44","0","4790000","0","0","0","0","0"
"경기도교육청","경기도안양과천교육지원청","경기도 안양시 만안구","S090003054","박달초등학교","02","공립","N","","35","963","35","0","7400000","0","0","0","0","0"
"경기도교육청","경기도안양과천교육지원청","경기도 안양시 동안구","S090003055","벌말초등학교","02","공립","N","","24","623","24","0","7200000","0","0","0","0","0"
"경기도교육청","경기도안양과천교육지원청","경기도 안양시 동안구","S090003056","범계초등학교","02","공립","N","","30","792","30","0","0","0","0","0","0","0"
"경기도교육청","경기도안양과천교육지원청","경기도 안양시 동안구","S090003057","부림초등학교","02","공립","N","","36","940","36","4","15400000","0","0","0","0","0"
"경기도교육청","경기도안양과천교육지원청","경기도 안양시 동안구","S090003060","비산초등학교","02","공립","N","","10","214","10","0","2000000","0","0","0","0","0"
"경기도교육청","경기도안양과천교육지원청","경기도 안양시 만안구","S090003061","삼봉초등학교","02","공립","N","","25","612","25","4","4400000","3","29","3","0","2640000"
"경기도교육청","경기도안양과천교육지원청","경기도 안양시 만안구","S090003062","삼성초등학교","02","공립","N","","39","867","39","0","6600000","0","0","0","0","0"
"경기도교육청","경기도안양과천교육지원청","경기도 안양시 만안구","S090003063","석수초등학교","02","공립","N","","24","590","24","0","0","1","4","1","0","0"
"경기도교육청","경기도안양과천교육지원청","경기도 안양시 만안구","S090003065","신안초등학교","02","공립","N","","20","512","20","3","6280000","0","0","0","0","0"
"경기도교육청","경기도안양과천교육지원청","경기도 안양시 동안구","S090003066","안양관악초등학교","02","공립","N","","6","278","13","2","0","0","0","0","0","0"
"경기도교육청","경기도안양과천교육지원청","경기도 안양시 동안구","S090003067","안양남초등학교","02","공립","N","","23","572","23","0","4600000","0","0","0","0","0"
"경기도교육청","경기도안양과천교육지원청","경기도 안양시 동안구","S090003068","안양덕현초등학교","02","공립","N","","23","538","23","4","6960000","0","0","0","0","0"
"경기도교육청","경기도안양과천교육지원청","경기도 안양시 동안구","S090003069","안양동초등학교","02","공립","N","","26","655","26","0","0","0","0","0","0","0"
"경기도교육청","경기도안양과천교육지원청","경기도 안양시 동안구","S090003070","안양부안초등학교","02","공립","N","","44","1174","44","0","240000","1","12","1","0","0"
"경기도교육청","경기도안양과천교육지원청","경기도 안양시 동안구","S090003071","안양부흥초등학교","02","공립","N","","26","672","26","2","1700000","1","6","1","0","1200000"
"경기도교육청","경기도안양과천교육지원청","경기도 안양시 만안구","S090003072","안양서초등학교","02","공립","N","","21","525","21","0","6510000","0","0","0","0","0"
"경기도교육청","경기도안양과천교육지원청","경기도 안양시 동안구","S090003073","안양신기초등학교","02","공립","N","","66","337","66","0","6620000","0","0","0","0","0"
"경기도교육청","경기도안양과천교육지원청","경기도 안양시 만안구","S090003074","안양양지초등학교","02","공립","N","","15","351","15","2","9230000","2","24","2","0","320000"
"경기도교육청","경기도안양과천교육지원청","경기도 안양시 동안구","S090003075","안양중앙초등학교","02","공립","N","","19","678","27","0","6000000","0","0","0","0","0"
"경기도교육청","경기도안양과천교육지원청","경기도 안양시 만안구","S090003076","안양초등학교","02","공립","N","","37","944","37","0","5550000","0","0","0","0","0"
"경기도교육청","경기도안양과천교육지원청","경기도 안양시 만안구","S090003077","안일초등학교","02","공립","N","","12","297","12","0","0","0","0","0","0","0"
"경기도교육청","경기도안양과천교육지원청","경기도 안양시 만안구","S090003079","연현초등학교","02","공립","N","","4","385","16","0","7120000","0","0","0","0","0"
"경기도교육청","경기도안양과천교육지원청","경기도 안양시 동안구","S090003080","인덕원초등학교","02","공립","N","","18","430","18","6","6250000","1","10","1","0","1700000"
"경기도교육청","경기도안양과천교육지원청","경기도 과천시","S090003082","청계초등학교","02","공립","N","","31","630","32","0","1000000","0","0","0","0","0"
"경기도교육청","경기도안양과천교육지원청","경기도 안양시 동안구","S090003083","평촌초등학교","02","공립","N","","4","916","31","1","1600000","0","0","0","0","0"
"경기도교육청","경기도안양과천교육지원청","경기도 안양시 동안구","S090003084","호계초등학교","02","공립","N","","17","397","17","1","0","0","0","0","0","0"
"경기도교육청","경기도안양과천교육지원청","경기도 안양시 동안구","S090003085","호성초등학교","02","공립","N","","28","710","28","0","0","16","140","16","0","3900000"
"경기도교육청","경기도안양과천교육지원청","경기도 안양시 동안구","S090003086","호원초등학교","02","공립","N","","50","1028","50","1","6480000","0","0","0","0","0"
"경기도교육청","경기도안양과천교육지원청","경기도 안양시 동안구","S090003088","희성초등학교","02","공립","N","","13","264","13","0","3800000","0","0","0","0","0"
"경기도교육청","경기도양평교육지원청","경기도 양평군","S090003216","강상초등학교","02","공립","N","","20","465","20","0","0","16","77","16","0","2000000"
"경기도교육청","경기도양평교육지원청","경기도 양평군","S090003217","강하초등학교","02","공립","N","","8","91","7","6","6000000","0","0","0","0","0"
"경기도교육청","경기도양평교육지원청","경기도 양평군","S090003218","개군초등학교","02","공립","N","","6","114","6","0","600000","0","0","0","0","0"
"경기도교육청","경기도양평교육지원청","경기도 양평군","S090003220","곡수초등학교","02","공립","N","","6","46","6","0","0","2","14","2","0","2400000"
"경기도교육청","경기도양평교육지원청","경기도 양평군","S090003223","다문초등학교","02","공립","N","","24","627","24","3","2000000","0","0","0","0","0"
"경기도교육청","경기도양평교육지원청","경기도 양평군","S090003230","대아초등학교","02","공립","N","","6","113","6","5","11340000","1","19","1","1","1340000"
"경기도교육청","경기도양평교육지원청","경기도 양평군","S090003240","서종초등학교","02","공립","N","","15","360","15","0","840000","0","0","0","0","0"
"경기도교육청","경기도양평교육지원청","경기도 양평군","S090003244","세월초등학교","02","공립","N","","5","44","5","1","300000","0","0","0","0","0"
"경기도교육청","경기도양평교육지원청","경기도 양평군","S090003245","수입초등학교","02","공립","N","","7","88","7","7","9400000","0","0","0","0","0"
"경기도교육청","경기도양평교육지원청","경기도 양평군","S090003247","양동초등학교","02","공립","N","","6","78","6","1","6000000","0","0","0","0","0"
"경기도교육청","경기도양평교육지원청","경기도 양평군","S090003248","양동초등학교고송분교장","02","공립","N","","1","10","3","1","2260000","0","0","0","0","0"
"경기도교육청","경기도양평교육지원청","경기도 양평군","S090003251","양서초등학교","02","공립","N","","6","83","6","0","700000","0","0","0","0","0"
"경기도교육청","경기도양평교육지원청","경기도 양평군","S090003252","양수초등학교","02","공립","N","","12","269","12","0","7200000","0","0","0","0","0"
"경기도교육청","경기도양평교육지원청","경기도 양평군","S090003253","양평단월초등학교","02","공립","N","","6","69","6","2","6300000","1","10","1","0","500000"
"경기도교육청","경기도양평교육지원청","경기도 양평군","S090003255","양평동초등학교","02","공립","N","","21","560","21","6","14000000","2","58","2","1","5080000"
"경기도교육청","경기도양평교육지원청","경기도 양평군","S090003257","양평초등학교","02","공립","N","","40","1045","40","3","10400000","5","39","5","0","2400000"
"경기도교육청","경기도양평교육지원청","경기도 양평군","S090003259","옥천초등학교","02","공립","N","","17","340","18","17","65000000","1","35","1","7","0"
"경기도교육청","경기도양평교육지원청","경기도 양평군","S090003261","용문초등학교","02","공립","N","","6","62","6","0","6300000","0","0","0","0","0"
"경기도교육청","경기도양평교육지원청","경기도 양평군","S090003262","원덕초등학교","02","공립","N","","8","70","8","0","0","0","0","0","0","0"
"경기도교육청","경기도양평교육지원청","경기도 양평군","S090003267","조현초등학교","02","공립","N","","12","227","12","0","450000","0","0","0","0","0"
"경기도교육청","경기도양평교육지원청","경기도 양평군","S090003268","지평초등학교","02","공립","N","","8","82","8","0","880000","0","0","0","0","0"
"경기도교육청","경기도양평교육지원청","경기도 양평군","S090003270","청운초등학교","02","공립","N","","3","47","3","3","5000000","3","49","2","1","3750000"
"경기도교육청","경기도여주교육지원청","경기도 여주시","S090003326","가남초등학교","02","공립","N","","20","505","21","0","1800000","8","86","9","4","5000000"
"경기도교육청","경기도여주교육지원청","경기도 여주시","S090003328","강천초등학교","02","공립","N","","6","85","6","0","0","3","15","3","0","1000000"
"경기도교육청","경기도여주교육지원청","경기도 여주시","S090003333","금당초등학교","02","공립","N","","5","29","5","5","4800000","1","2","1","0","2500000"
"경기도교육청","경기도여주교육지원청","경기도 여주시","S090003335","능북초등학교","02","공립","N","","6","52","6","1","0","0","0","0","0","0"
"경기도교육청","경기도여주교육지원청","경기도 여주시","S090003336","능서초등학교","02","공립","N","","6","80","6","0","1800000","0","0","0","0","0"
"경기도교육청","경기도여주교육지원청","경기도 여주시","S090003338","대신초등학교","02","공립","N","","1","86","9","0","0","0","0","0","0","0"
"경기도교육청","경기도여주교육지원청","경기도 여주시","S090003340","매류초등학교","02","공립","N","","6","49","6","1","0","0","0","0","0","0"
"경기도교육청","경기도여주교육지원청","경기도 여주시","S090003341","문장초등학교","02","공립","N","","7","44","7","0","1000000","1","44","1","0","1250000"
"경기도교육청","경기도여주교육지원청","경기도 여주시","S090003342","북내초등학교","02","공립","N","","10","110","10","0","3000000","10","110","10","0","3000000"
"경기도교육청","경기도여주교육지원청","경기도 여주시","S090003343","북내초등학교도전분교장","02","공립","N","","4","22","3","3","7350000","2","16","2","0","600000"
"경기도교육청","경기도여주교육지원청","경기도 여주시","S090003344","북내초등학교운암분교장","02","공립","Y","분교장제외 처리","","","","","","","","","",""
"경기도교육청","경기도여주교육지원청","경기도 여주시","S090003346","상품초등학교","02","공립","N","","6","88","6","2","0","0","0","0","0","0"
"경기도교육청","경기도여주교육지원청","경기도 여주시","S090003348","송삼초등학교","02","공립","N","","6","42","6","0","0","0","0","0","0","0"
"경기도교육청","경기도여주교육지원청","경기도 여주시","S090003349","송촌초등학교","02","공립","N","","1","52","6","2","9360000","0","0","0","0","0"
"경기도교육청","경기도여주교육지원청","경기도 여주시","S090003351","여주초등학교","02","공립","N","","16","341","16","0","1500000","0","0","0","0","0"
"경기도교육청","경기도여주교육지원청","경기도 여주시","S090003352","여흥초등학교","02","공립","N","","14","788","31","2","3350000","1","161","6","0","1000000"
"경기도교육청","경기도여주교육지원청","경기도 여주시","S090003353","연라초등학교","02","공립","N","","7","135","7","0","300000","3","23","3","0","684000"
"경기도교육청","경기도여주교육지원청","경기도 여주시","S090003354","오산초등학교","02","공립","N","","6","64","6","0","0","1","4","1","0","300000"
"경기도교육청","경기도여주교육지원청","경기도 여주시","S090003355","오학초등학교","02","공립","N","","35","911","35","0","7200000","0","0","0","0","0"
"경기도교육청","경기도여주교육지원청","경기도 여주시","S090003358","이포초등학교","02","공립","N","","1","43","6","0","0","1","10","1","0","6000000"
"경기도교육청","경기도여주교육지원청","경기도 여주시","S090003359","이포초등학교하호분교장","02","공립","Y","분교장 제외 처리","","","","","","","","","",""
"경기도교육청","경기도여주교육지원청","경기도 여주시","S090003360","점동초등학교","02","공립","N","","10","128","10","0","0","0","0","0","0","0"
"경기도교육청","경기도여주교육지원청","경기도 여주시","S090003363","점봉초등학교","02","공립","N","","17","370","17","2","1000000","0","0","0","0","0"
"경기도교육청","경기도여주교육지원청","경기도 여주시","S090003365","천남초등학교","02","공립","N","","6","92","6","0","0","0","0","0","0","0"
"경기도교육청","경기도여주교육지원청","경기도 여주시","S090003368","흥천초등학교","02","공립","N","","6","68","6","0","1000000","1","8","1","0","0"
"경기도교육청","경기도연천교육지원청","경기도 연천군","S090003414","군남초등학교","02","공립","N","","5","63","6","0","0","3","33","4","0","1700000"
"경기도교육청","경기도연천교육지원청","경기도 연천군","S090003417","궁평초등학교","02","공립","N","","6","57","6","2","3000000","0","0","0","0","0"
"경기도교육청","경기도연천교육지원청","경기도 연천군","S090003419","대광초등학교","02","공립","N","","6","45","6","1","1000000","0","0","0","0","0"
"경기도교육청","경기도연천교육지원청","경기도 연천군","S090003423","백의초등학교","02","공립","N","","6","51","6","0","1200000","0","0","0","0","0"
"경기도교육청","경기도연천교육지원청","경기도 연천군","S090003424","백학초등학교","02","공립","N","","8","43","8","1","4096000","1","9","1","0","941000"
"경기도교육청","경기도연천교육지원청","경기도 연천군","S090003426","상리초등학교","02","공립","N","","6","55","7","1","0","0","0","0","0","0"
"경기도교육청","경기도연천교육지원청","경기도 연천군","S090003428","연천노곡초등학교","02","공립","N","","6","38","6","0","2000000","1","38","1","0","0"
"경기도교육청","경기도연천교육지원청","경기도 연천군","S090003429","연천왕산초등학교","02","공립","N","","6","48","6","0","0","0","0","0","0","0"
"경기도교육청","경기도연천교육지원청","경기도 연천군","S090003431","연천초등학교","02","공립","N","","11","195","11","0","1100000","0","0","0","0","0"
"경기도교육청","경기도연천교육지원청","경기도 연천군","S090003437","은대초등학교","02","공립","N","","6","93","6","2","2000000","0","0","0","0","0"
"경기도교육청","경기도연천교육지원청","경기도 연천군","S090003438","전곡초등학교","02","공립","N","","32","816","32","0","12000000","32","816","32","0","12000000"
"경기도교육청","경기도연천교육지원청","경기도 연천군","S090003441","초성초등학교","02","공립","N","","5","38","5","0","1500000","0","0","0","0","0"
"경기도교육청","경기도연천교육지원청","경기도 연천군","S090003442","화진초등학교","02","공립","N","","9","80","9","0","700000","0","0","0","0","0"
"경기도교육청","경기도용인교육지원청","경기도 용인시 수지구","S090003495","고기초등학교","02","공립","N","","10","190","10","0","1000000","0","0","0","0","0"
"경기도교육청","경기도용인교육지원청","경기도 용인시 처인구","S090003496","고림초등학교","02","공립","N","","15","1367","62","6","29605000","0","0","0","0","0"
"경기도교육청","경기도용인교육지원청","경기도 용인시 기흥구","S090003497","관곡초등학교","02","공립","N","","8","141","8","1","5000000","2","23","2","2","2400000"
"경기도교육청","경기도용인교육지원청","경기도 용인시 기흥구","S090003498","구갈초등학교","02","공립","N","","19","456","19","0","0","3","16","3","0","0"
"경기도교육청","경기도용인교육지원청","경기도 용인시 기흥구","S090003499","구성초등학교","02","공립","N","","33","709","33","0","0","0","0","0","0","0"
"경기도교육청","경기도용인교육지원청","경기도 용인시 기흥구","S090003500","기흥초등학교","02","공립","N","","16","339","16","0","1600000","0","0","0","0","0"
"경기도교육청","경기도용인교육지원청","경기도 용인시 처인구","S090003501","남곡초등학교","02","공립","N","","66","1816","66","0","0","1","9","1","0","2300000"
"경기도교육청","경기도용인교육지원청","경기도 용인시 처인구","S090003502","남사초등학교","02","공립","N","","6","100","6","1","9500000","7","120","7","0","0"
"경기도교육청","경기도용인교육지원청","경기도 용인시 처인구","S090003504","남촌초등학교","02","공립","N","","6","41","6","0","100000","0","0","0","0","0"
"경기도교육청","경기도용인교육지원청","경기도 용인시 처인구","S090003505","능원초등학교","02","공립","N","","38","978","38","0","10000000","3","56","3","7","25000000"
"경기도교육청","경기도용인교육지원청","경기도 용인시 수지구","S090003506","용인대일초등학교","02","공립","N","","18","433","18","6","30200000","4","57","4","0","5154000"
"경기도교육청","경기도용인교육지원청","경기도 용인시 수지구","S090003507","대지초등학교","02","공립","N","","8","479","20","2","1800000","1","8","1","1","540000"
"경기도교육청","경기도용인교육지원청","경기도 용인시 수지구","S090003508","대현초등학교","02","공립","N","","6","362","15","0","0","0","0","0","0","0"
"경기도교육청","경기도용인교육지원청","경기도 용인시 수지구","S090003509","동천초등학교","02","공립","N","","25","1051","25","0","0","0","0","0","0","0"
"경기도교육청","경기도용인교육지원청","경기도 용인시 기흥구","S090003511","마북초등학교","02","공립","N","","24","670","24","0","1700000","1","15","1","1","1300000"
"경기도교육청","경기도용인교육지원청","경기도 용인시 기흥구","S090003512","마성초등학교","02","공립","N","","11","193","11","0","1100000","0","0","0","0","0"
"경기도교육청","경기도용인교육지원청","경기도 용인시 수지구","S090003513","용인심곡초등학교","02","공립","N","","25","651","25","0","0","0","0","0","0","0"
"경기도교육청","경기도용인교육지원청","경기도 용인시 처인구","S090003514","모현초등학교","02","공립","N","","2","286","12","0","2000000","1","25","1","5","19200000"
"경기도교육청","경기도용인교육지원청","경기도 용인시 처인구","S090003515","백봉초등학교","02","공립","N","","6","49","6","1","0","4","40","4","0","100000"
"경기도교육청","경기도용인교육지원청","경기도 용인시 처인구","S090003516","백암초등학교","02","공립","N","","12","142","12","0","4800000","0","0","0","0","0"
"경기도교육청","경기도용인교육지원청","경기도 용인시 처인구","S090003517","백암초등학교수정분교장","02","공립","Y","분교장 제외처리","","","","","","","","","",""
"경기도교육청","경기도용인교육지원청","경기도 용인시 기흥구","S090003518","보라초등학교","02","공립","N","","17","188","17","0","3430000","0","0","0","0","0"
"경기도교육청","경기도용인교육지원청","경기도 용인시 기흥구","S090003519","보정초등학교","02","공립","N","","33","813","33","0","0","0","0","0","0","0"
"경기도교육청","경기도용인교육지원청","경기도 용인시 기흥구","S090003520","산양초등학교","02","공립","N","","24","601","24","2","0","1","10","1","0","600000"
"경기도교육청","경기도용인교육지원청","경기도 용인시 기흥구","S090003521","상갈초등학교","02","공립","N","","19","472","19","0","3800000","10","201","10","0","1480000"
"경기도교육청","경기도용인교육지원청","경기도 용인시 기흥구","S090003522","상하초등학교","02","공립","N","","27","706","27","0","0","1","16","1","1","0"
"경기도교육청","경기도용인교육지원청","경기도 용인시 수지구","S090003523","상현초등학교","02","공립","N","","36","975","36","0","3600000","0","0","0","0","0"
"경기도교육청","경기도용인교육지원청","경기도 용인시 처인구","S090003524","서룡초등학교","02","공립","N","","19","460","19","0","0","1","10","1","0","0"
"경기도교육청","경기도용인교육지원청","경기도 용인시 수지구","S090003525","서원초등학교","02","공립","N","","28","583","28","1","5900000","5","38","5","0","2000000"
"경기도교육청","경기도용인교육지원청","경기도 용인시 기흥구","S090003526","서천초등학교","02","공립","N","","15","460","21","0","0","4","53","4","0","1900000"
"경기도교육청","경기도용인교육지원청","경기도 용인시 수지구","S090003527","성복초등학교","02","공립","N","","32","836","32","0","3200000","0","0","0","0","0"
"경기도교육청","경기도용인교육지원청","경기도 용인시 수지구","S090003528","소현초등학교","02","공립","N","","20","498","20","20","7280000","0","0","0","0","0"
"경기도교육청","경기도용인교육지원청","경기도 용인시 수지구","S090003529","솔개초등학교","02","공립","N","","6","853","33","0","0","9","900","36","0","0"
"경기도교육청","경기도용인교육지원청","경기도 용인시 처인구","S090003530","송전초등학교","02","공립","N","","13","301","13","0","500000","1","6","1","0","100000"
"경기도교육청","경기도용인교육지원청","경기도 용인시 수지구","S090003532","수지초등학교","02","공립","N","","61","1750","61","0","0","0","0","0","0","0"
"경기도교육청","경기도용인교육지원청","경기도 용인시 기흥구","S090003534","신갈초등학교","02","공립","N","","21","521","21","0","0","0","0","0","0","0"
"경기도교육청","경기도용인교육지원청","경기도 용인시 수지구","S090003535","신월초등학교","02","공립","N","","21","455","21","6","0","0","0","0","0","0"
"경기도교육청","경기도용인교육지원청","","S090003536","양지초등학교","02","공립","N","","23","559","34","0","0","3","45","3","0","3900000"
"경기도교육청","경기도용인교육지원청","경기도 용인시 기흥구","S090003537","어정초등학교","02","공립","N","","6","897","6","3","24900000","1","11","1","0","1500000"
"경기도교육청","경기도용인교육지원청","경기도 용인시 기흥구","S090003539","언동초등학교","02","공립","N","","27","673","27","0","0","0","0","0","0","0"
"경기도교육청","경기도용인교육지원청","경기도 용인시 처인구","S090003540","역북초등학교","02","공립","N","","32","806","32","0","0","0","0","0","0","0"
"경기도교육청","경기도용인교육지원청","경기도 용인시 처인구","S090003541","왕산초등학교","02","공립","N","","0","0","0","0","0","6","39","6","0","500000"
"경기도교육청","경기도용인교육지원청","경기도 용인시 처인구","S090003542","용마초등학교","02","공립","N","","30","751","30","0","2000000","0","0","0","0","0"
"경기도교육청","경기도용인교육지원청","경기도 용인시 처인구","S090003543","용인둔전초등학교","02","공립","N","","73","1097","73","31","10400000","0","0","0","0","0"
"경기도교육청","경기도용인교육지원청","경기도 용인시 처인구","S090003544","용인초등학교","02","공립","N","","56","740","56","3","0","4","30","4","0","1000000"
"경기도교육청","경기도용인교육지원청","경기도 용인시 처인구","S090003545","용천초등학교","02","공립","N","","13","269","14","0","2050000","0","0","0","0","0"
"경기도교육청","경기도용인교육지원청","경기도 용인시 처인구","S090003546","운학초등학교","02","공립","N","","6","79","10","4","8000000","0","0","0","0","0"
"경기도교육청","경기도용인교육지원청","경기도 용인시 처인구","S090003547","원삼초등학교","02","공립","N","","6","78","6","0","1000000","0","0","0","0","0"
"경기도교육청","경기도용인교육지원청","경기도 용인시 기흥구","S090003550","이현초등학교","02","공립","N","","3","703","28","3","21900000","3","26","3","0","600000"
"경기도교육청","경기도용인교육지원청","경기도 용인시 처인구","S090003551","장평초등학교","02","공립","N","","3","21","3","0","4680000","3","21","3","0","2500000"
"경기도교육청","경기도용인교육지원청","경기도 용인시 수지구","S090003552","정평초등학교","02","공립","N","","34","880","34","23","0","0","0","0","0","0"
"경기도교육청","경기도용인교육지원청","","S090003553","제일초등학교","02","공립","N","","11","263","11","0","3300000","0","0","0","0","0"
"경기도교육청","경기도용인교육지원청","경기도 용인시 처인구","S090003554","좌항초등학교","02","공립","N","","6","74","6","1","4000000","0","0","0","0","0"
"경기도교육청","경기도용인교육지원청","경기도 용인시 수지구","S090003555","죽전초등학교","02","공립","N","","9","340","15","0","3000000","0","0","0","0","0"
"경기도교육청","경기도용인교육지원청","경기도 용인시 기흥구","S090003556","청곡초등학교","02","공립","N","","49","886","49","1","0","41","272","41","0","2400000"
"경기도교육청","경기도용인교육지원청","경기도 용인시 수지구","S090003558","토월초등학교","02","공립","N","","29","760","29","0","2900000","0","0","0","0","0"
"경기도교육청","경기도용인교육지원청","경기도 용인시 처인구","S090003559","포곡초등학교","02","공립","N","","29","768","29","0","0","0","0","0","0","0"
"경기도교육청","경기도용인교육지원청","경기도 용인시 수지구","S090003560","풍덕초등학교","02","공립","N","","43","1152","43","0","0","0","0","0","0","0"
"경기도교육청","경기도용인교육지원청","경기도 용인시 수지구","S090003561","풍천초등학교","02","공립","N","","46","1263","46","0","0","0","0","0","0","0"
"경기도교육청","경기도용인교육지원청","","S090003562","한터초등학교","02","공립","N","","8","160","8","0","800000","12","102","12","0","500000"
"경기도교육청","경기도용인교육지원청","경기도 용인시 수지구","S090003563","홍천초등학교","02","공립","N","","21","518","21","0","2000000","0","0","0","0","0"
"경기도교육청","경기도의정부교육지원청","경기도 의정부시","S090003656","가능초등학교","02","공립","N","","30","713","30","0","0","0","0","0","0","0"
"경기도교육청","경기도의정부교육지원청","경기도 의정부시","S090003657","경의초등학교","02","공립","N","","10","251","10","0","0","0","0","0","0","0"
"경기도교육청","경기도의정부교육지원청","경기도 의정부시","S090003658","고산초등학교","02","공립","N","","4","42","6","2","6360000","0","0","0","0","0"
"경기도교육청","경기도의정부교육지원청","경기도 의정부시","S090003659","금오초등학교","02","공립","N","","15","319","15","0","0","1","13","1","1","2250000"
"경기도교육청","경기도의정부교육지원청","경기도 의정부시","S090003660","녹양초등학교","02","공립","Y","코로나 19로 인한 학생 동아리 미운영","","","","","","","","","",""
"경기도교육청","경기도의정부교육지원청","경기도 의정부시","S090003661","동오초등학교","02","공립","N","","24","561","24","5","0","0","0","0","0","0"
"경기도교육청","경기도의정부교육지원청","경기도 의정부시","S090003662","민락초등학교","02","공립","N","","39","869","39","0","0","13","288","13","0","3500000"
"경기도교육청","경기도의정부교육지원청","경기도 의정부시","S090003663","발곡초등학교","02","공립","N","","24","549","24","0","0","8","45","8","0","1000000"
"경기도교육청","경기도의정부교육지원청","경기도 의정부시","S090003664","배영초등학교","02","공립","N","","19","435","19","0","0","1","12","1","1","6000000"
"경기도교육청","경기도의정부교육지원청","경기도 의정부시","S090003665","새말초등학교","02","공립","N","","23","571","23","0","0","7","50","7","0","2000000"
"경기도교육청","경기도의정부교육지원청","경기도 의정부시","S090003666","솔뫼초등학교","02","공립","N","","0","0","0","0","0","3","35","3","1","4250000"
"경기도교육청","경기도의정부교육지원청","경기도 의정부시","S090003667","송양초등학교","02","공립","N","","32","847","32","1","1200000","1","55","1","3","2700000"
"경기도교육청","경기도의정부교육지원청","경기도 의정부시","S090003669","신동초등학교","02","공립","N","","34","793","34","13","0","1","12","1","0","1000000"
"경기도교육청","경기도의정부교육지원청","경기도 의정부시","S090003670","어룡초등학교","02","공립","N","","12","260","12","0","1000000","3","70","3","3","900000"
"경기도교육청","경기도의정부교육지원청","경기도 의정부시","S090003671","오동초등학교","02","공립","N","","26","677","26","0","0","0","0","0","0","0"
"경기도교육청","경기도의정부교육지원청","경기도 의정부시","S090003673","의순초등학교","02","공립","N","","23","561","23","0","5000000","2","15","2","0","1750000"
"경기도교육청","경기도의정부교육지원청","경기도 의정부시","S090003674","의정부부용초등학교","02","공립","N","","36","753","36","0","3300000","4","81","4","0","4950000"
"경기도교육청","경기도의정부교육지원청","경기도 의정부시","S090003675","의정부서초등학교","02","공립","N","","24","888","36","0","0","0","0","0","0","0"
"경기도교육청","경기도의정부교육지원청","경기도 의정부시","S090003676","의정부신곡초등학교","02","공립","N","","6","664","26","5","12000000","2","44","2","0","400000"
"경기도교육청","경기도의정부교육지원청","경기도 의정부시","S090003677","의정부용현초등학교","02","공립","N","","23","566","23","0","0","5","66","5","0","1500000"
"경기도교육청","경기도의정부교육지원청","경기도 의정부시","S090003678","의정부장암초등학교","02","공립","N","","12","207","12","2","5000000","4","53","4","1","20062000"
"경기도교육청","경기도의정부교육지원청","경기도 의정부시","S090003679","의정부중앙초등학교","02","공립","N","","16","375","16","0","1000000","16","375","16","0","1000000"
"경기도교육청","경기도의정부교육지원청","경기도 의정부시","S090003680","의정부청룡초등학교","02","공립","N","","19","462","19","0","1000000","0","0","0","0","0"
"경기도교육청","경기도의정부교육지원청","경기도 의정부시","S090003681","의정부초등학교","02","공립","N","","13","357","13","0","0","4","46","4","0","700000"
"경기도교육청","경기도의정부교육지원청","경기도 의정부시","S090003682","의정부호동초등학교","02","공립","N","","49","1263","49","0","2600000","9","33","9","0","2000000"
"경기도교육청","경기도의정부교육지원청","경기도 의정부시","S090003685","호암초등학교","02","공립","N","","31","349","31","0","0","2","20","2","0","0"
"경기도교육청","경기도의정부교육지원청","경기도 의정부시","S090003686","회룡초등학교","02","공립","N","","56","624","56","0","0","0","0","0","0","0"
"경기도교육청","경기도이천교육지원청","경기도 이천시","S090003758","나래초등학교","02","공립","N","","6","94","6","0","0","0","0","0","0","0"
"경기도교육청","경기도이천교육지원청","경기도 이천시","S090003760","대서초등학교","02","공립","N","","16","51","5","11","1800000","0","0","0","0","0"
"경기도교육청","경기도이천교육지원청","경기도 이천시","S090003762","대월초등학교","02","공립","N","","7","130","5","6","7200000","1","11","1","0","1950000"
"경기도교육청","경기도이천교육지원청","경기도 이천시","S090003763","도암초등학교","02","공립","N","","17","359","17","4","1440000","0","0","0","0","0"
"경기도교육청","경기도이천교육지원청","경기도 이천시","S090003764","도지초등학교","02","공립","N","","12","315","12","1","1900000","0","0","0","0","0"
"경기도교육청","경기도이천교육지원청","경기도 이천시","S090003766","마장초등학교","02","공립","N","","6","826","32","0","0","3","48","3","3","7440000"
"경기도교육청","경기도이천교육지원청","경기도 이천시","S090003772","백사초등학교","02","공립","N","","9","190","9","0","0","0","0","0","0","0"
"경기도교육청","경기도이천교육지원청","경기도 이천시","S090003774","부발초등학교","02","공립","N","","3","446","19","3","10860000","22","461","22","0","1000000"
"경기도교육청","경기도이천교육지원청","경기도 이천시","S090003776","설봉초등학교","02","공립","N","","41","1135","41","0","0","0","0","0","0","0"
"경기도교육청","경기도이천교육지원청","경기도 이천시","S090003777","설성초등학교","02","공립","N","","2","28","4","2","2400000","0","0","0","0","0"
"경기도교육청","경기도이천교육지원청","경기도 이천시","S090003778","송곡초등학교","02","공립","N","","6","57","6","2","5000000","0","0","0","0","0"
"경기도교육청","경기도이천교육지원청","경기도 이천시","S090003779","신둔초등학교","02","공립","N","","13","305","13","1","0","0","0","0","0","0"
"경기도교육청","경기도이천교육지원청","경기도 이천시","S090003780","신하초등학교","02","공립","N","","30","752","30","5","13950000","30","752","30","0","1500000"
"경기도교육청","경기도이천교육지원청","경기도 이천시","S090003781","아미초등학교","02","공립","N","","40","1033","42","0","0","1","20","1","0","300000"
"경기도교육청","경기도이천교육지원청","경기도 이천시","S090003782","안흥초등학교","02","공립","N","","34","899","34","34","0","0","0","0","0","0"
"경기도교육청","경기도이천교육지원청","경기도 이천시","S090003784","율면초등학교","02","공립","N","","5","28","5","1","1000000","0","0","0","0","0"
"경기도교육청","경기도이천교육지원청","경기도 이천시","S090003786","이천가산초등학교","02","공립","N","","12","214","12","2","9600000","0","0","0","0","0"
"경기도교육청","경기도이천교육지원청","경기도 이천시","S090003787","이천남초등학교","02","공립","N","","4","498","22","4","34080000","0","0","0","0","0"
"경기도교육청","경기도이천교육지원청","경기도 이천시","S090003788","이천단월초등학교","02","공립","N","","6","99","6","3","10000000","8","114","8","1","5500000"
"경기도교육청","경기도이천교육지원청","경기도 이천시","S090003789","이천매곡초등학교","02","공립","N","","6","50","6","0","2000000","1","15","1","1","10000000"
"경기도교육청","경기도이천교육지원청","경기도 이천시","S090003790","이천송정초등학교","02","공립","N","","46","1210","46","0","4600000","0","0","0","0","0"
"경기도교육청","경기도이천교육지원청","경기도 이천시","S090003791","이천초등학교","02","공립","N","","6","769","30","0","6000000","0","0","0","0","0"
"경기도교육청","경기도이천교육지원청","경기도 이천시","S090003792","이황초등학교","02","공립","N","","2","55","6","2","7980000","0","0","0","0","0"
"경기도교육청","경기도이천교육지원청","경기도 이천시","S090003793","장천초등학교","02","공립","N","","4","49","4","0","600000","0","0","0","0","0"
"경기도교육청","경기도이천교육지원청","경기도 이천시","S090003794","장호원초등학교","02","공립","N","","39","527","39","0","6300000","0","0","0","0","0"
"경기도교육청","경기도이천교육지원청","경기도 이천시","S090003795","진가초등학교","02","공립","N","","6","85","6","6","21600000","4","32","3","1","3800000"
"경기도교육청","경기도이천교육지원청","경기도 이천시","S090003798","표교초등학교","02","공립","N","","6","63","6","6","1200000","0","0","0","0","0"
"경기도교육청","경기도이천교육지원청","경기도 이천시","S090003799","한내초등학교","02","공립","N","","31","785","31","0","310000","1","12","1","0","400000"
"경기도교육청","경기도이천교육지원청","경기도 이천시","S090003800","호법초등학교","02","공립","N","","7","131","7","2","4920000","0","0","0","0","0"
"경기도교육청","경기도파주교육지원청","경기도 파주시","S090003876","갈현초등학교","02","공립","N","","6","65","6","0","0","4","27","4","0","1000000"
"경기도교육청","경기도파주교육지원청","경기도 파주시","S090003877","검산초등학교","02","공립","N","","18","415","18","0","0","1","69","1","7","35600000"
"경기도교육청","경기도파주교육지원청","경기도 파주시","S090003878","교하초등학교","02","공립","N","","6","81","6","0","0","2","16","2","0","400000"
"경기도교육청","경기도파주교육지원청","경기도 파주시","S090003879","군내초등학교","02","공립","N","","9","42","9","0","1000000","0","0","0","0","0"
"경기도교육청","경기도파주교육지원청","경기도 파주시","S090003881","금신초등학교","02","공립","N","","22","549","22","0","0","2","29","2","0","4000000"
"경기도교육청","경기도파주교육지원청","경기도 파주시","S090003882","금촌초등학교","02","공립","N","","16","365","16","6","11158000","0","0","0","0","0"
"경기도교육청","경기도파주교육지원청","경기도 파주시","S090003883","능안초등학교","02","공립","N","","7","136","7","0","0","0","0","0","0","0"
"경기도교육청","경기도파주교육지원청","경기도 파주시","S090003884","대성동초등학교","02","공립","N","","6","30","6","0","0","6","30","6","0","2100000"
"경기도교육청","경기도파주교육지원청","경기도 파주시","S090003885","덕암초등학교","02","공립","N","","12","56","12","12","7350000","6","56","6","0","1100000"
"경기도교육청","경기도파주교육지원청","경기도 파주시","S090003886","마정초등학교","02","공립","N","","6","61","6","4","7200000","0","0","0","0","0"
"경기도교육청","경기도파주교육지원청","경기도 파주시","S090003887","마지초등학교","02","공립","N","","12","199","12","0","0","7","239","17","0","2400000"
"경기도교육청","경기도파주교육지원청","경기도 파주시","S090003888","도마산초등학교","02","공립","N","","4","46","6","0","4000000","4","25","4","0","200000"
"경기도교육청","경기도파주교육지원청","경기도 파주시","S090003889","문산동초등학교","02","공립","N","","29","749","29","1","0","0","0","0","0","0"
"경기도교육청","경기도파주교육지원청","경기도 파주시","S090003890","문산초등학교","02","공립","N","","25","646","25","0","0","0","0","0","0","0"
"경기도교육청","경기도파주교육지원청","경기도 파주시","S090003892","봉일천초등학교","02","공립","N","","28","716","28","0","9000000","19","110","19","0","1000000"
"경기도교육청","경기도파주교육지원청","경기도 파주시","S090003893","삼성초등학교","02","공립","N","","6","87","6","1","0","0","0","0","0","0"
"경기도교육청","경기도파주교육지원청","경기도 파주시","S090003894","신산초등학교","02","공립","N","","12","207","12","0","3900000","3","55","3","0","600000"
"경기도교육청","경기도파주교육지원청","경기도 파주시","S090003896","심학초등학교","02","공립","N","","6","128","6","0","2000000","7","95","7","0","2000000"
"경기도교육청","경기도파주교육지원청","경기도 파주시","S090003897","연풍초등학교","02","공립","N","","7","139","7","0","1000000","0","0","0","0","0"
"경기도교육청","경기도파주교육지원청","경기도 파주시","S090003898","영도초등학교","02","공립","N","","6","47","6","0","1200000","0","0","0","0","0"
"경기도교육청","경기도파주교육지원청","경기도 파주시","S090003900","용미초등학교","02","공립","N","","9","63","9","1","900000","0","0","0","0","0"
"경기도교육청","경기도파주교육지원청","경기도 파주시","S090003901","용연초등학교","02","공립","N","","6","39","6","0","0","0","0","0","0","0"
"경기도교육청","경기도파주교육지원청","경기도 파주시","S090003903","웅담초등학교","02","공립","N","","6","50","6","0","1800000","0","0","0","0","0"
"경기도교육청","경기도파주교육지원청","경기도 파주시","S090003904","월롱초등학교","02","공립","N","","6","65","6","1","1100000","0","0","0","0","0"
"경기도교육청","경기도파주교육지원청","경기도 파주시","S090003905","장파초등학교","02","공립","N","","3","55","6","0","0","4","38","4","0","1000000"
"경기도교육청","경기도파주교육지원청","경기도 파주시","S090003906","적서초등학교","02","공립","N","","6","43","6","0","2000000","0","0","0","0","0"
"경기도교육청","경기도파주교육지원청","경기도 파주시","S090003908","적암초등학교","02","공립","N","","6","29","6","1","0","6","29","6","0","6500000"
"경기도교육청","경기도파주교육지원청","경기도 파주시","S090003909","지산초등학교","02","공립","N","","45","1206","45","0","1125000","0","0","0","0","0"
"경기도교육청","경기도파주교육지원청","경기도 파주시","S090003911","천현초등학교","02","공립","N","","8","169","8","0","0","0","0","0","0","0"
"경기도교육청","경기도파주교육지원청","경기도 파주시","S090003913","청석초등학교","02","공립","N","","8","705","8","2","3650000","12","45","12","0","1000000"
"경기도교육청","경기도파주교육지원청","경기도 파주시","S090003914","청암초등학교","02","공립","N","","41","1086","41","0","0","1","12","1","0","1800000"
"경기도교육청","경기도파주교육지원청","경기도 파주시","S090003915","탄현초등학교","02","공립","N","","6","54","6","2","0","0","0","0","0","0"
"경기도교육청","경기도파주교육지원청","경기도 파주시","S090003916","통일초등학교","02","공립","N","","15","362","15","5","0","0","0","0","0","0"
"경기도교육청","경기도파주교육지원청","경기도 파주시","S090003917","파양초등학교","02","공립","N","","6","100","6","6","12000000","4","33","4","0","600000"
"경기도교육청","경기도파주교육지원청","경기도 파주시","S090003919","파주대원초등학교","02","공립","N","","18","439","18","4","4500000","0","0","0","0","0"
"경기도교육청","경기도파주교육지원청","경기도 파주시","S090003920","파주송화초등학교","02","공립","N","","29","717","29","0","0","0","0","0","0","0"
"경기도교육청","경기도파주교육지원청","경기도 파주시","S090003921","파주와동초등학교","02","공립","N","","50","941","35","0","0","13","80","15","0","3000000"
"경기도교육청","경기도파주교육지원청","경기도 파주시","S090003922","파주초등학교","02","공립","N","","6","133","6","0","400000","2","33","2","1","2000000"
"경기도교육청","경기도파주교육지원청","경기도 파주시","S090003923","파평초등학교","02","공립","N","","6","91","6","0","600000","1","13","1","0","750000"
"경기도교육청","경기도평택교육지원청","경기도 평택시","S090004009","가사초등학교","02","공립","N","","1","64","6","1","0","7","34","7","0","3950000"
"경기도교육청","경기도평택교육지원청","경기도 평택시","S090004010","갈곶초등학교","02","공립","N","","9","180","9","0","3600000","1","10","1","0","2000000"
"경기도교육청","경기도평택교육지원청","경기도 평택시","S090004011","계성초등학교","02","공립","N","","6","65","6","0","0","1","44","1","0","1000000"
"경기도교육청","경기도평택교육지원청","경기도 평택시","S090004013","고덕초등학교","02","공립","N","","11","256","18","0","0","0","0","0","0","0"
"경기도교육청","경기도평택교육지원청","경기도 평택시","S090004015","군문초등학교","02","공립","N","","8","154","8","0","0","1","21","1","1","1700000"
"경기도교육청","경기도평택교육지원청","경기도 평택시","S090004017","내기초등학교","02","공립","N","","12","280","12","0","2000000","0","0","0","0","0"
"경기도교육청","경기도평택교육지원청","경기도 평택시","S090004018","내기초등학교신영분교장","02","공립","Y","분교장 제외처리","","","","","","","","","",""
"경기도교육청","경기도평택교육지원청","경기도 평택시","S090004022","덕동초등학교","02","공립","N","","28","751","28","0","0","1","8","1","0","530000"
"경기도교육청","경기도평택교육지원청","경기도 평택시","S090004023","동삭초등학교","02","공립","N","","22","559","22","0","2200000","0","0","0","0","0"
"경기도교육청","경기도평택교육지원청","경기도 평택시","S090004024","복창초등학교","02","공립","N","","0","0","0","0","0","2","22","2","0","3000000"
"경기도교육청","경기도평택교육지원청","경기도 평택시","S090004025","부용초등학교","02","공립","N","","16","376","16","0","0","1","8","1","0","1000000"
"경기도교육청","경기도평택교육지원청","경기도 평택시","S090004027","비전초등학교","02","공립","N","","12","292","12","0","1700000","0","0","0","0","0"
"경기도교육청","경기도평택교육지원청","경기도 평택시","S090004029","삼덕초등학교","02","공립","N","","8","76","8","1","7000000","5","116","5","2","5000000"
"경기도교육청","경기도평택교육지원청","경기도 평택시","S090004030","서정리초등학교","02","공립","N","","13","218","13","0","2400000","1","20","1","0","600000"
"경기도교육청","경기도평택교육지원청","경기도 평택시","S090004031","서탄초등학교","02","공립","N","","6","58","6","6","10800000","0","0","0","0","0"
"경기도교육청","경기도평택교육지원청","경기도 평택시","S090004033","서탄초등학교내수분교장","02","공립","N","","2","17","3","2","1800000","0","0","0","0","0"
"경기도교육청","경기도평택교육지원청","경기도 평택시","S090004035","세교초등학교","02","공립","N","","31","773","31","0","0","1","13","1","1","2960000"
"경기도교육청","경기도평택교육지원청","경기도 평택시","S090004036","소사벌초등학교","02","공립","N","","32","804","32","0","0","2","804","32","3","3000000"
"경기도교육청","경기도평택교육지원청","경기도 평택시","S090004037","송북초등학교","02","공립","N","","25","651","25","0","14300000","0","0","0","0","0"
"경기도교육청","경기도평택교육지원청","경기도 평택시","S090004038","송신초등학교","02","공립","N","","6","391","16","2","0","5","35","5","0","0"
"경기도교육청","경기도평택교육지원청","경기도 평택시","S090004039","송일초등학교","02","공립","N","","12","236","12","4","3600000","0","0","0","0","0"
"경기도교육청","경기도평택교육지원청","경기도 평택시","S090004040","송탄초등학교","02","공립","N","","8","160","8","0","0","0","0","0","0","0"
"경기도교육청","경기도평택교육지원청","경기도 평택시","S090004042","안중초등학교","02","공립","N","","14","301","14","0","1600000","0","0","0","0","0"
"경기도교육청","경기도평택교육지원청","경기도 평택시","S090004043","어연초등학교","02","공립","N","","6","48","6","0","0","2","32","1","2","5760000"
"경기도교육청","경기도평택교육지원청","경기도 평택시","S090004044","오성초등학교","02","공립","N","","9","189","9","9","9080000","0","0","0","0","0"
"경기도교육청","경기도평택교육지원청","경기도 평택시","S090004045","원정초등학교","02","공립","N","","16","382","16","0","0","1","10","1","0","0"
"경기도교육청","경기도평택교육지원청","경기도 평택시","S090004046","이충초등학교","02","공립","N","","24","623","24","2","6300000","1","10","1","0","1300000"
"경기도교육청","경기도평택교육지원청","경기도 평택시","S090004047","종덕초등학교","02","공립","N","","29","769","29","0","0","10","69","10","0","10500000"
"경기도교육청","경기도평택교육지원청","경기도 평택시","S090004049","죽백초등학교","02","공립","N","","18","237","18","9","15120000","12","128","12","0","1000000"
"경기도교육청","경기도평택교육지원청","경기도 평택시","S090004052","지장초등학교","02","공립","N","","24","550","24","0","0","2","8","2","0","1200000"
"경기도교육청","경기도평택교육지원청","경기도 평택시","S090004053","진위초등학교","02","공립","N","","4","182","9","3","13600000","0","0","0","0","0"
"경기도교육청","경기도평택교육지원청","경기도 평택시","S090004054","진위초등학교산대분교장","02","공립","Y","본교에서 분교장 데이터 포함하여 통합 공시","","","","","","","","","",""
"경기도교육청","경기도평택교육지원청","경기도 평택시","S090004055","창신초등학교","02","공립","N","","6","45","6","0","0","9","114","9","2","4460000"
"경기도교육청","경기도평택교육지원청","경기도 평택시","S090004056","청북초등학교","02","공립","N","","6","55","6","6","0","3","21","3","2","2000000"
"경기도교육청","경기도평택교육지원청","경기도 평택시","S090004057","팽성초등학교","02","공립","N","","1","106","6","2","6600000","2","31","2","1","2400000"
"경기도교육청","경기도평택교육지원청","경기도 평택시","S090004058","평일초등학교","02","공립","N","","21","513","21","0","0","1","17","1","1","2000000"
"경기도교육청","경기도평택교육지원청","경기도 평택시","S090004059","평택성동초등학교","02","공립","N","","14","295","14","0","0","1","5","1","1","1000000"
"경기도교육청","경기도평택교육지원청","경기도 평택시","S090004060","평택중앙초등학교","02","공립","N","","11","210","11","0","0","0","0","0","0","0"
"경기도교육청","경기도평택교육지원청","경기도 평택시","S090004061","평택지산초등학교","02","공립","N","","21","514","21","0","2100000","1","10","1","1","1000000"
"경기도교육청","경기도평택교육지원청","경기도 평택시","S090004062","평택초등학교","02","공립","N","","14","159","14","1","0","0","0","0","0","0"
"경기도교육청","경기도평택교육지원청","경기도 평택시","S090004063","합정초등학교","02","공립","N","","7","135","7","0","0","1","5","1","0","500000"
"경기도교육청","경기도평택교육지원청","경기도 평택시","S090004064","현덕초등학교","02","공립","N","","12","123","12","3","0","5","45","5","0","5000000"
"경기도교육청","경기도평택교육지원청","경기도 평택시","S090004065","현덕초등학교광덕분교장","02","공립","Y","본교는 초등분교로 제외항목에 해당.","","","","","","","","","",""
"경기도교육청","경기도평택교육지원청","경기도 평택시","S090004066","현화초등학교","02","공립","N","","27","699","27","0","0","0","0","0","0","0"
"경기도교육청","경기도평택교육지원청","경기도 평택시","S090004067","홍원초등학교","02","공립","N","","7","64","7","0","1000000","0","0","0","0","0"
"경기도교육청","경기도평택교육지원청","경기도 평택시","S090004068","효덕초등학교","02","공립","N","","13","330","13","0","5000000","0","0","0","0","0"
"경기도교육청","경기도포천교육지원청","경기도 포천시","S090004176","가산초등학교","02","공립","N","","6","132","6","0","0","0","0","0","0","0"
"경기도교육청","경기도포천교육지원청","경기도 포천시","S090004177","관인초등학교","02","공립","N","","5","32","5","0","500000","0","0","0","0","0"
"경기도교육청","경기도포천교육지원청","경기도 포천시","S090004180","내촌초등학교","02","공립","N","","6","66","6","2","5500000","0","0","0","0","0"
"경기도교육청","경기도포천교육지원청","경기도 포천시","S090004183","도평초등학교","02","공립","N","","3","56","6","3","9600000","0","0","0","0","0"
"경기도교육청","경기도포천교육지원청","경기도 포천시","S090004189","선단초등학교","02","공립","N","","17","431","17","0","3400000","0","0","0","0","0"
"경기도교육청","경기도포천교육지원청","경기도 포천시","S090004190","송우초등학교","02","공립","N","","13","280","13","2","5850000","1","10","1","0","400000"
"경기도교육청","경기도포천교육지원청","경기도 포천시","S090004191","신북초등학교","02","공립","N","","8","163","8","0","1100000","0","0","0","0","0"
"경기도교육청","경기도포천교육지원청","경기도 포천시","S090004193","영북초등학교","02","공립","N","","14","342","14","0","1500000","0","0","0","0","0"
"경기도교육청","경기도포천교육지원청","경기도 포천시","S090004198","왕방초등학교","02","공립","N","","7","589","23","0","0","0","0","0","0","0"
"경기도교육청","경기도포천교육지원청","경기도 포천시","S090004199","외북초등학교","02","공립","N","","5","45","5","5","9000000","0","0","0","0","0"
"경기도교육청","경기도포천교육지원청","경기도 포천시","S090004200","운담초등학교","02","공립","N","","6","47","6","0","500000","4","47","6","1","4700000"
"경기도교육청","경기도포천교육지원청","경기도 포천시","S090004201","유암초등학교","02","공립","N","","7","65","7","1","800000","0","0","0","0","0"
"경기도교육청","경기도포천교육지원청","경기도 포천시","S090004202","이곡초등학교","02","공립","N","","6","84","6","0","3600000","0","0","0","0","0"
"경기도교육청","경기도포천교육지원청","경기도 포천시","S090004203","이동초등학교","02","공립","N","","8","153","8","0","1000000","1","21","1","0","400000"
"경기도교육청","경기도포천교육지원청","경기도 포천시","S090004204","일동초등학교","02","공립","N","","15","319","15","2","8000000","1","3","1","0","200000"
"경기도교육청","경기도포천교육지원청","경기도 포천시","S090004205","정교초등학교","02","공립","N","","5","49","6","1","900000","0","0","0","0","0"
"경기도교육청","경기도포천교육지원청","경기도 포천시","S090004206","중리초등학교","02","공립","N","","1","15","3","2","2000000","1","15","3","0","0"
"경기도교육청","경기도포천교육지원청","경기도 포천시","S090004208","지현초등학교","02","공립","N","","2","43","6","2","12800000","2","23","2","0","1000000"
"경기도교육청","경기도포천교육지원청","경기도 포천시","S090004209","창수초등학교","02","공립","N","","6","33","6","1","5140000","2","38","2","0","3250000"
"경기도교육청","경기도포천교육지원청","경기도 포천시","S090004210","청성초등학교","02","공립","N","","6","68","6","0","0","0","0","0","0","0"
"경기도교육청","경기도포천교육지원청","경기도 포천시","S090004211","추산초등학교","02","공립","N","","31","799","31","0","3300000","0","0","0","0","0"
"경기도교육청","경기도포천교육지원청","경기도 포천시","S090004212","축석초등학교","02","공립","N","","6","45","6","0","1800000","0","0","0","0","0"
"경기도교육청","경기도포천교육지원청","경기도 포천시","S090004213","포천노곡초등학교","02","공립","N","","6","51","6","3","6550000","0","0","0","0","0"
"경기도교육청","경기도포천교육지원청","경기도 포천시","S090004214","포천삼정초등학교","02","공립","N","","5","16","5","1","2750000","0","0","0","0","0"
"경기도교육청","경기도포천교육지원청","경기도 포천시","S090004215","포천초등학교","02","공립","N","","6","862","34","0","0","1","5","1","0","5000000"
"경기도교육청","경기도포천교육지원청","경기도 포천시","S090004216","화현초등학교","02","공립","N","","6","55","6","0","600000","0","0","0","0","0"
"경기도교육청","경기도화성오산교육지원청","경기도 화성시 효행구","S090004282","갈담초등학교","02","공립","N","","12","202","12","0","0","0","0","0","0","0"
"경기도교육청","경기도화성오산교육지원청","경기도 화성시 만세구","S090004283","갈천초등학교","02","공립","N","","6","62","6","3","0","0","0","0","0","0"
"경기도교육청","경기도화성오산교육지원청","경기도 화성시 만세구","S090004284","고정초등학교","02","공립","N","","6","40","6","0","2004000","0","0","0","0","0"
"경기도교육청","경기도화성오산교육지원청","경기도 오산시","S090004286","광성초등학교","02","공립","N","","54","1402","54","27","16134000","0","0","0","0","0"
"경기도교육청","경기도화성오산교육지원청","경기도 화성시 효행구","S090004287","기안초등학교","02","공립","N","","9","587","24","0","2000000","0","0","0","0","0"
"경기도교육청","경기도화성오산교육지원청","경기도 화성시 만세구","S090004288","남양초등학교","02","공립","N","","16","416","16","0","0","16","405","16","0","3200000"
"경기도교육청","경기도화성오산교육지원청","경기도 화성시 만세구","S090004289","노진초등학교","02","공립","N","","6","65","6","4","3840000","3","23","3","0","200000"
"경기도교육청","경기도화성오산교육지원청","경기도 화성시 동탄구","S090004292","동탄초등학교","02","공립","N","","38","968","38","0","4980000","5","53","5","0","1000000"
"경기도교육청","경기도화성오산교육지원청","경기도 화성시 병점구","S090004294","동학초등학교","02","공립","N","","29","792","29","29","24240000","2","42","2","6","9000000"
"경기도교육청","경기도화성오산교육지원청","경기도 화성시 만세구","S090004296","마도초등학교","02","공립","N","","6","108","6","0","1200000","1","15","1","0","800000"
"경기도교육청","경기도화성오산교육지원청","경기도 화성시 만세구","S090004297","마산초등학교","02","공립","N","","10","82","12","0","900000","2","16","2","0","1000000"
"경기도교육청","경기도화성오산교육지원청","경기도 오산시","S090004301","매홀초등학교","02","공립","N","","15","226","15","0","0","0","0","0","0","0"
"경기도교육청","경기도화성오산교육지원청","경기도 오산시","S090004302","삼미초등학교","02","공립","N","","10","437","19","6","5280000","3","29","3","0","600000"
"경기도교육청","경기도화성오산교육지원청","경기도 화성시 만세구","S090004304","발안초등학교","02","공립","N","","12","284","12","1","2560000","1","21","1","0","2000000"
"경기도교육청","경기도화성오산교육지원청","경기도 화성시 병점구","S090004305","병점초등학교","02","공립","N","","9","172","15","0","2700000","0","0","0","0","0"
"경기도교육청","경기도화성오산교육지원청","경기도 화성시 효행구","S090004306","봉담초등학교","02","공립","N","","31","710","31","0","1400000","3","30","3","0","0"
"경기도교육청","경기도화성오산교육지원청","경기도 화성시 효행구","S090004308","비봉초등학교","02","공립","N","","9","154","14","0","6000000","0","0","0","0","0"
"경기도교육청","경기도화성오산교육지원청","경기도 화성시 만세구","S090004310","사창초등학교","02","공립","N","","6","44","6","6","0","8","44","6","5","10600000"
"경기도교육청","경기도화성오산교육지원청","경기도 화성시 만세구","S090004312","상신초등학교","02","공립","N","","26","466","20","6","0","0","0","0","0","0"
"경기도교육청","경기도화성오산교육지원청","경기도 화성시 만세구","S090004313","서신초등학교","02","공립","N","","6","87","6","3","8180000","1","20","1","0","1200000"
"경기도교육청","경기도화성오산교육지원청","경기도 화성시 만세구","S090004315","석천초등학교","02","공립","N","","6","104","6","0","0","0","0","0","0","0"
"경기도교육청","경기도화성오산교육지원청","경기도 오산시","S090004317","성산초등학교","02","공립","N","","7","117","7","6","7328000","0","0","0","0","0"
"경기도교육청","경기도화성오산교육지원청","경기도 오산시","S090004318","성호초등학교","02","공립","N","","12","237","6","6","0","0","0","0","0","0"
"경기도교육청","경기도화성오산교육지원청","경기도 화성시 효행구","S090004319","송라초등학교","02","공립","N","","6","72","6","0","0","3","38","3","0","1000000"
"경기도교육청","경기도화성오산교육지원청","경기도 화성시 만세구","S090004320","송산초등학교","02","공립","N","","17","287","17","0","1200000","3","35","3","0","1000000"
"경기도교육청","경기도화성오산교육지원청","경기도 화성시 병점구","S090004321","송화초등학교","02","공립","N","","6","993","37","0","3900000","5","90","6","0","3000000"
"경기도교육청","경기도화성오산교육지원청","경기도 화성시 효행구","S090004322","수기초등학교","02","공립","N","","9","115","9","0","0","9","115","9","0","1200000"
"경기도교육청","경기도화성오산교육지원청","경기도 화성시 만세구","S090004324","양감초등학교","02","공립","N","","4","40","6","2","7650000","0","0","0","0","0"
"경기도교육청","경기도화성오산교육지원청","경기도 오산시","S090004325","오산초등학교","02","공립","N","","23","588","23","0","0","1","9","1","1","1000000"
"경기도교육청","경기도화성오산교육지원청","경기도 화성시 만세구","S090004326","우정초등학교","02","공립","N","","7","124","7","0","140000","3","20","3","0","600000"
"경기도교육청","경기도화성오산교육지원청","경기도 오산시","S090004328","운산초등학교","02","공립","N","","0","0","0","0","0","0","0","0","0","0"
"경기도교육청","경기도화성오산교육지원청","경기도 오산시","S090004329","운암초등학교","02","공립","N","","15","338","15","0","0","0","0","0","0","0"
"경기도교육청","경기도화성오산교육지원청","경기도 오산시","S090004330","운천초등학교","02","공립","N","","5","795","33","7","30109000","5","795","35","0","2180000"
"경기도교육청","경기도화성오산교육지원청","경기도 오산시","S090004331","원동초등학교","02","공립","N","","31","763","31","0","0","5","43","5","1","3000000"
"경기도교육청","경기도화성오산교육지원청","경기도 화성시 만세구","S090004333","장명초등학교","02","공립","N","","8","38","8","0","1000000","1","18","1","0","1000000"
"경기도교육청","경기도화성오산교육지원청","경기도 화성시 만세구","S090004334","장명초등학교장일분교장","02","공립","Y","분교장 제외, 본교에서 통합공시","","","","","","","","","",""
"경기도교육청","경기도화성오산교육지원청","경기도 화성시 효행구","S090004336","정남초등학교","02","공립","N","","10","207","10","0","0","3","22","3","0","1600000"
"경기도교육청","경기도화성오산교육지원청","경기도 화성시 효행구","S090004337","정림초등학교","02","공립","N","","6","45","6","2","3600000","1","1","1","1","820000"
"경기도교육청","경기도화성오산교육지원청","경기도 화성시 효행구","S090004340","청룡초등학교","02","공립","N","","4","24","4","0","600000","0","0","0","0","0"
"경기도교육청","경기도화성오산교육지원청","경기도 화성시 만세구","S090004341","청원초등학교","02","공립","N","","6","61","6","0","0","0","0","0","0","0"
"경기도교육청","경기도화성오산교육지원청","경기도 화성시 만세구","S090004344","팔탄초등학교","02","공립","N","","12","158","12","8","4000000","1","23","1","0","500000"
"경기도교육청","경기도화성오산교육지원청","경기도 화성시 만세구","S090004345","팔탄초등학교대방분교장","02","공립","Y","분교 제외 처리(본교에 포함하여 공지)","","","","","","","","","",""
"경기도교육청","경기도화성오산교육지원청","경기도 화성시 만세구","S090004347","해운초등학교","02","공립","Y","현재 동아리 미운영","","","","","","","","","",""
"경기도교육청","경기도화성오산교육지원청","경기도 화성시 만세구","S090004348","향남초등학교","02","공립","N","","5","83","5","0","1250000","0","0","0","0","0"
"경기도교육청","경기도화성오산교육지원청","경기도 화성시 동탄구","S090004349","화남초등학교","02","공립","N","","15","355","15","0","2000000","6","48","6","0","2000000"
"경기도교육청","경기도화성오산교육지원청","경기도 화성시 병점구","S090004350","화산초등학교","02","공립","N","","17","384","15","2","3640000","0","0","0","0","0"
"경기도교육청","경기도화성오산교육지원청","경기도 화성시 효행구","S090004351","화성매송초등학교","02","공립","N","","7","124","7","2","2400000","0","0","0","0","0"
"경기도교육청","경기도화성오산교육지원청","경기도 화성시 만세구","S090004352","화성월문초등학교","02","공립","N","","6","63","6","4","0","4","45","4","0","1000000"
"경기도교육청","경기도화성오산교육지원청","경기도 화성시 만세구","S090004353","화성장안초등학교","02","공립","N","","24","583","24","0","0","1","10","1","0","1100000"
"경기도교육청","경기도화성오산교육지원청","경기도 오산시","S090004354","화성초등학교","02","공립","N","","23","558","23","17","0","1","6","1","1","1500000"
"경기도교육청","경기도화성오산교육지원청","경기도 화성시 만세구","S090004355","화성장안초등학교석포분교장","02","공립","Y","지침서 상 분교장 제외 처리","","","","","","","","","",""
"경기도교육청","경기도화성오산교육지원청","경기도 화성시 만세구","S090004356","화성화수초등학교","02","공립","N","","6","53","6","0","0","0","0","0","0","0"
"경기도교육청","경기도화성오산교육지원청","경기도 화성시 만세구","S090004358","활초초등학교","02","공립","N","","6","119","6","0","0","1","12","1","0","1000000"
"경기도교육청","경기도용인교육지원청","경기도 용인시 기흥구","S090004797","교동초등학교","02","공립","N","","24","722","29","6","10370000","2","20","0","2","1400000"
"경기도교육청","경기도용인교육지원청","경기도 용인시 기흥구","S090004804","나곡초등학교","02","공립","N","","38","1031","38","0","2380000","1","10","1","0","200000"
"경기도교육청","경기도부천교육지원청","경기도 부천시 원미구","S090004824","석천초등학교","02","공립","N","","83","962","83","0","0","3","52","3","3","18700000"
"경기도교육청","경기도용인교육지원청","경기도 용인시 수지구","S090004836","효자초등학교","02","공립","N","","38","992","38","0","0","2","44","3","0","2000000"
"경기도교육청","경기도성남교육지원청","경기도 성남시 분당구","S090004841","늘푸른초등학교","02","공립","N","","44","1299","44","0","8800000","25","165","25","0","5990000"
"경기도교육청","경기도의정부교육지원청","경기도 의정부시","S090004842","의정부호원초등학교","02","공립","N","","48","809","48","0","0","2","27","2","1","1300000"
"경기도교육청","경기도부천교육지원청","경기도 부천시 소사구","S090004843","부천일신초등학교","02","공립","N","","7","971","37","12","5700000","1","44","1","0","550000"
"경기도교육청","경기도부천교육지원청","경기도 부천시 소사구","S090004844","솔안초등학교","02","공립","N","","12","242","12","12","10000000","2","33","2","2","2400000"
"경기도교육청","경기도동두천양주교육지원청","경기도 동두천시","S090004845","동두천신천초등학교","02","공립","N","","38","612","38","0","2500000","8","89","8","0","1400000"
"경기도교육청","경기도동두천양주교육지원청","경기도 동두천시","S090004846","동두천송내초등학교","02","공립","N","","17","426","17","17","13500000","0","0","0","0","0"
"경기도교육청","경기도안산교육지원청","경기도 안산시 단원구","S090004847","안산진흥초등학교","02","공립","N","","16","377","16","16","5200000","0","0","0","0","0"
"경기도교육청","경기도안산교육지원청","경기도 안산시 상록구","S090004848","학현초등학교","02","공립","N","","19","333","19","4","2500000","0","0","0","0","0"
"경기도교육청","경기도시흥교육지원청","경기도 시흥시","S090004849","시흥도원초등학교","02","공립","N","","14","311","14","0","8346000","0","0","0","0","0"
"경기도교육청","경기도시흥교육지원청","경기도 시흥시","S090004850","시흥월곶초등학교","02","공립","N","","28","749","28","15","34370000","0","0","0","0","0"
"경기도교육청","경기도시흥교육지원청","경기도 시흥시","S090004851","시흥장현초등학교","02","공립","N","","19","479","19","9","12100000","0","0","0","0","0"
"경기도교육청","경기도군포의왕교육지원청","경기도 군포시","S090004852","당동초등학교","02","공립","N","","15","802","32","2","4000000","10","976","40","4","4050000"
"경기도교육청","경기도군포의왕교육지원청","경기도 군포시","S090004853","당정초등학교","02","공립","N","","29","721","29","0","0","2","33","3","0","2050000"
"경기도교육청","경기도화성오산교육지원청","경기도 화성시 만세구","S090004854","제암초등학교","02","공립","N","","15","970","42","5","0","2","20","2","0","0"
"경기도교육청","경기도화성오산교육지원청","경기도 오산시","S090004855","오산대원초등학교","02","공립","N","","6","584","24","18","3600000","2","32","2","1","2000000"
"경기도교육청","경기도파주교육지원청","경기도 파주시","S090004856","동패초등학교","02","공립","N","","57","1511","57","0","0","3","50","3","1","4000000"
"경기도교육청","경기도고양교육지원청","경기도 고양시 덕양구","S090004857","고양관산초등학교","02","공립","N","","19","367","19","0","1200000","1","9","1","0","200000"
"경기도교육청","경기도고양교육지원청","경기도 고양시 일산서구","S090004858","고양한내초등학교","02","공립","N","","19","459","19","4","0","0","0","0","0","0"
"경기도교육청","경기도고양교육지원청","경기도 고양시 일산서구","S090004859","한뫼초등학교","02","공립","N","","33","834","33","0","2150000","1","10","1","0","500000"
"경기도교육청","경기도파주교육지원청","경기도 파주시","S090004881","임진초등학교","02","공립","N","","27","717","27","0","0","3","36","2","1","0"
"경기도교육청","경기도용인교육지원청","경기도 용인시 기흥구","S090004891","지석초등학교","02","공립","N","","17","382","17","0","0","6","382","17","1","2000000"
"경기도교육청","경기도부천교육지원청","경기도 부천시 원미구","S090004892","옥산초등학교","02","공립","N","","6","50","6","2","4200000","2","54","6","1","4000000"
"경기도교육청","경기도이천교육지원청","경기도 이천시","S090004940","증포초등학교","02","공립","N","","28","680","28","0","0","2","36","2","2","11700000"
"경기도교육청","경기도광주하남교육지원청","경기도 광주시","S090004941","양벌초등학교","02","공립","N","","26","700","26","4","17300000","0","0","0","0","0"
"경기도교육청","경기도광주하남교육지원청","경기도 광주시","S090004942","광주도평초등학교","02","공립","N","","29","742","29","0","0","1","9","1","0","0"
"경기도교육청","경기도성남교육지원청","경기도 성남시 분당구","S090004946","성남정자초등학교","02","공립","N","","24","972","38","1","6160000","0","0","0","0","0"
"경기도교육청","경기도용인교육지원청","경기도 용인시 기흥구","S090004953","지곡초등학교","02","공립","N","","8","146","8","2","800000","0","0","0","0","0"
"경기도교육청","경기도용인교육지원청","경기도 용인시 기흥구","S090004954","언남초등학교","02","공립","N","","24","334","24","0","500000","0","0","0","0","0"
"경기도교육청","경기도용인교육지원청","경기도 용인시 처인구","S090004955","용인이동초등학교","02","공립","N","","6","455","18","5","17770000","7","65","7","0","1500000"
"경기도교육청","경기도용인교육지원청","경기도 용인시 수지구","S090004958","현암초등학교","02","공립","N","","19","605","19","0","0","0","0","0","0","0"
"경기도교육청","경기도용인교육지원청","경기도 용인시 기흥구","S090004960","독정초등학교","02","공립","N","","95","1221","95","0","0","0","0","0","0","0"
"경기도교육청","경기도용인교육지원청","경기도 용인시 수지구","S090004961","용인대덕초등학교","02","공립","N","","6","441","19","0","1900000","0","0","0","0","0"
"경기도교육청","경기도용인교육지원청","경기도 용인시 수지구","S090004962","신리초등학교","02","공립","N","","14","363","14","0","0","2","25","2","0","2000000"
"경기도교육청","경기도용인교육지원청","경기도 용인시 수지구","S090004963","손곡초등학교","02","공립","N","","35","877","35","0","2300000","0","0","0","0","0"
"경기도교육청","경기도용인교육지원청","경기도 용인시 기흥구","S090004964","갈곡초등학교","02","공립","N","","24","581","24","2","0","1","7","1","0","300000"
"경기도교육청","경기도용인교육지원청","경기도 용인시 기흥구","S090004965","성지초등학교","02","공립","N","","3","47","3","2","0","0","0","0","0","0"
"경기도교육청","경기도용인교육지원청","경기도 용인시 처인구","S090004966","삼가초등학교","02","공립","N","","27","669","27","0","100000","2","40","7","0","400000"
"경기도교육청","경기도용인교육지원청","경기도 용인시 처인구","S090004967","용인성산초등학교","02","공립","N","","24","620","24","0","0","0","0","0","0","0"
"경기도교육청","경기도용인교육지원청","경기도 용인시 수지구","S090004978","용인신촌초등학교","02","공립","N","","37","972","37","2","7680000","37","972","37","0","0"
"경기도교육청","경기도파주교육지원청","경기도 파주시","S090004980","금화초등학교","02","공립","N","","26","672","26","0","0","3","30","3","2","5000000"
"경기도교육청","경기도파주교육지원청","경기도 파주시","S090004981","금릉초등학교","02","공립","N","","8","875","35","6","11280000","10","71","10","0","1000000"
"경기도교육청","경기도포천교육지원청","경기도 포천시","S090004998","신봉초등학교","02","공립","N","","26","454","26","0","0","1","15","1","0","0"
"경기도교육청","경기도수원교육지원청","경기도 수원시 장안구","S090005003","수일초등학교","02","공립","N","","8","171","8","1","3900000","0","0","0","0","0"
"경기도교육청","경기도수원교육지원청","경기도 수원시 권선구","S090005004","입북초등학교","02","공립","N","","41","1013","41","7","0","2","16","2","0","0"
"경기도교육청","경기도수원교육지원청","경기도 수원시 영통구","S090005005","대선초등학교","02","공립","N","","45","1205","45","7","6000000","0","0","0","0","0"
"경기도교육청","경기도수원교육지원청","경기도 수원시 영통구","S090005006","수원매화초등학교","02","공립","N","","17","413","17","0","600000","3","64","4","2","16357000"
"경기도교육청","경기도수원교육지원청","경기도 수원시 팔달구","S090005007","팔달초등학교","02","공립","N","","27","702","27","0","1800000","30","796","30","0","6500000"
"경기도교육청","경기도성남교육지원청","경기도 성남시 수정구","S090005008","성남양지초등학교","02","공립","N","","16","358","16","0","3500000","0","0","0","0","0"
"경기도교육청","경기도안양과천교육지원청","경기도 안양시 동안구","S090005009","샘모루초등학교","02","공립","N","","25","652","25","0","1000000","0","0","0","0","0"
"경기도교육청","경기도안양과천교육지원청","경기도 안양시 만안구","S090005010","화창초등학교","02","공립","N","","18","465","18","0","1680000","1","4","1","0","608000"
"경기도교육청","경기도부천교육지원청","경기도 부천시 소사구","S090005011","부천송일초등학교","02","공립","N","","24","590","24","24","7680000","1","8","1","0","0"
"경기도교육청","경기도동두천양주교육지원청","경기도 동두천시","S090005012","이담초등학교","02","공립","N","","28","713","28","0","2000000","3","58","3","0","1658500"
"경기도교육청","경기도화성오산교육지원청","경기도 화성시 병점구","S090005013","구봉초등학교","02","공립","N","","33","872","33","0","0","1","54","1","0","3000000"
"경기도교육청","경기도화성오산교육지원청","경기도 화성시 병점구","S090005014","기산초등학교","02","공립","N","","26","671","26","0","0","0","0","0","0","0"
"경기도교육청","경기도화성오산교육지원청","경기도 화성시 병점구","S090005015","안화초등학교","02","공립","N","","32","833","32","0","1200000","12","764","30","0","9200000"
"경기도교육청","경기도화성오산교육지원청","경기도 화성시 병점구","S090005016","진안초등학교","02","공립","N","","6","618","24","0","0","0","0","0","0","0"
"경기도교육청","경기도화성오산교육지원청","경기도 화성시 병점구","S090005017","태안초등학교","02","공립","N","","29","741","29","0","0","2","16","2","0","1100000"
"경기도교육청","경기도화성오산교육지원청","경기도 화성시 병점구","S090005018","화성벌말초등학교","02","공립","N","","15","361","15","0","0","8","200","8","0","0"
"경기도교육청","경기도화성오산교육지원청","경기도 오산시","S090005019","대호초등학교","02","공립","N","","23","570","23","0","0","0","0","0","0","0"
"경기도교육청","경기도동두천양주교육지원청","경기도 양주시","S090005023","덕계초등학교","02","공립","N","","12","288","12","0","0","0","0","0","0","0"
"경기도교육청","경기도안산교육지원청","경기도 안산시 단원구","S090005024","안산호원초등학교","02","공립","N","","38","967","38","0","0","5","91","6","4","9415000"
"경기도교육청","경기도시흥교육지원청","경기도 시흥시","S090005025","웃터골초등학교","02","공립","N","","27","650","27","7","7000000","7","45","2","8","18400000"
"경기도교육청","경기도구리남양주교육지원청","경기도 남양주시","S090005026","남양주신촌초등학교","02","공립","N","","36","950","36","0","0","0","0","0","0","0"
"경기도교육청","경기도구리남양주교육지원청","경기도 남양주시","S090005027","장내초등학교","02","공립","N","","26","628","26","0","0","0","0","0","0","0"
"경기도교육청","경기도구리남양주교육지원청","경기도 남양주시","S090005028","판곡초등학교","02","공립","N","","17","1023","39","0","0","3","37","3","0","2000000"
"경기도교육청","경기도구리남양주교육지원청","경기도 남양주시","S090005029","평동초등학교","02","공립","N","","25","621","25","0","0","25","621","25","0","1500000"
"경기도교육청","경기도파주교육지원청","경기도 파주시","S090005030","금향초등학교","02","공립","N","","9","576","22","0","1500000","6","50","6","0","800000"
"경기도교육청","경기도고양교육지원청","경기도 고양시 덕양구","S090005031","목암초등학교","02","공립","N","","40","1005","40","0","1300000","0","0","0","0","0"
"경기도교육청","경기도김포교육지원청","경기도 김포시","S090005032","김포신풍초등학교","02","공립","N","","50","1282","50","4","9463150","4","41","4","4","11177000"
"경기도교육청","경기도용인교육지원청","경기도 용인시 수지구","S090005036","대청초등학교","02","공립","N","","36","928","36","0","0","0","0","0","0","0"
"경기도교육청","경기도용인교육지원청","경기도 용인시 기흥구","S090005037","용인신릉초등학교","02","공립","N","","29","412","29","0","2160000","1","14","1","0","0"
"경기도교육청","경기도용인교육지원청","경기도 용인시 수지구","S090005041","신일초등학교","02","공립","N","","18","438","18","0","0","1","12","1","1","0"
"경기도교육청","경기도안양과천교육지원청","경기도 안양시 만안구","S090005042","안양호암초등학교","02","공립","N","","7","198","7","3","0","0","0","0","0","0"
"경기도교육청","경기도안양과천교육지원청","경기도 안양시 동안구","S090005043","나눔초등학교","02","공립","N","","11","251","11","0","1100000","1","10","1","0","100000"
"경기도교육청","경기도의정부교육지원청","경기도 의정부시","S090005129","의정부효자초등학교","02","공립","N","","19","369","19","0","3900000","2","36","3","7","11700000"
"경기도교육청","경기도의정부교육지원청","경기도 의정부시","S090005130","동암초등학교","02","공립","N","","35","885","35","25","17250000","0","0","0","0","0"
"경기도교육청","경기도의정부교육지원청","경기도 의정부시","S090005131","버들개초등학교","02","공립","N","","6","748","29","0","1800000","6","36","5","6","2000000"
"경기도교육청","경기도부천교육지원청","경기도 부천시 소사구","S090005138","부천양지초등학교","02","공립","N","","21","406","21","12","6000000","16","406","16","0","2200000"
"경기도교육청","경기도동두천양주교육지원청","경기도 양주시","S090005139","삼숭초등학교","02","공립","N","","18","913","36","0","0","0","0","0","0","0"
"경기도교육청","경기도평택교육지원청","경기도 평택시","S090005141","평택송화초등학교","02","공립","N","","20","476","20","0","2000000","6","50","6","0","2000000"
"경기도교육청","경기도평택교육지원청","경기도 평택시","S090005142","장당초등학교","02","공립","N","","31","797","31","0","0","8","71","8","2","2500000"
"경기도교육청","경기도구리남양주교육지원청","경기도 남양주시","S090005145","사능초등학교","02","공립","N","","9","138","9","2","7000000","0","0","0","0","0"
"경기도교육청","경기도구리남양주교육지원청","경기도 남양주시","S090005146","남양주백봉초등학교","02","공립","N","","20","401","19","1","2550000","4","52","4","1","7580000"
"경기도교육청","경기도구리남양주교육지원청","경기도 남양주시","S090005147","양오초등학교","02","공립","N","","39","1014","39","0","0","10","94","9","2","2000000"
"경기도교육청","경기도광주하남교육지원청","경기도 하남시","S090005152","신평초등학교","02","공립","N","","36","925","36","0","10000000","0","0","0","0","0"
"경기도교육청","경기도파주교육지원청","경기도 파주시","S090005154","새금초등학교","02","공립","N","","20","455","20","0","0","0","0","0","0","0"
"경기도교육청","경기도파주교육지원청","경기도 파주시","S090005155","석곶초등학교","02","공립","N","","24","629","24","0","2000000","2","25","2","0","300000"
"경기도교육청","경기도수원교육지원청","경기도 수원시 권선구","S090005179","효탑초등학교","02","공립","N","","17","364","17","0","0","0","0","0","0","0"
"경기도교육청","경기도부천교육지원청","경기도 부천시 원미구","S090005181","상미초등학교","02","공립","N","","15","215","15","0","2000000","3","32","2","1","5900000"
"경기도교육청","경기도동두천양주교육지원청","경기도 양주시","S090005182","광숭초등학교","02","공립","N","","19","483","19","0","0","0","0","0","0","0"
"경기도교육청","경기도평택교육지원청","경기도 평택시","S090005183","평택안일초등학교","02","공립","N","","39","1029","39","0","0","2","18","3","0","2000000"
"경기도교육청","경기도평택교육지원청","경기도 평택시","S090005184","현일초등학교","02","공립","N","","34","511","34","0","3400000","2","19","2","0","2500000"
"경기도교육청","경기도구리남양주교육지원청","경기도 남양주시","S090005185","어람초등학교","02","공립","N","","41","1096","41","0","0","7","97","7","0","2000000"
"경기도교육청","경기도여주교육지원청","경기도 여주시","S090005186","세종초등학교","02","공립","N","","35","849","35","2","0","3","45","3","0","1000000"
"경기도교육청","경기도화성오산교육지원청","경기도 화성시 만세구","S090005187","동양초등학교","02","공립","N","","35","925","35","0","0","10","100","10","0","500000"
"경기도교육청","경기도화성오산교육지원청","경기도 화성시 효행구","S090005188","배양초등학교","02","공립","N","","16","355","16","2","2600000","0","0","0","0","0"
"경기도교육청","경기도안산교육지원청","경기도 안산시 상록구","S090005269","안산청석초등학교","02","공립","N","","21","483","21","3","5360000","1","16","1","0","2200000"
"경기도교육청","경기도안산교육지원청","경기도 안산시 상록구","S090005270","팔곡초등학교","02","공립","N","","6","134","6","6","0","0","0","0","0","0"
"경기도교육청","경기도포천교육지원청","경기도 포천시","S090005288","태봉초등학교","02","공립","N","","29","719","29","0","0","1","5","1","0","1150000"
"경기도교육청","경기도안산교육지원청","경기도 안산시 상록구","S090005294","안산창촌초등학교","02","공립","N","","17","394","17","0","0","0","0","0","0","0"
"경기도교육청","경기도안산교육지원청","경기도 안산시 상록구","S090005295","안산해양초등학교","02","공립","N","","20","526","20","0","600000","0","0","0","0","0"
"경기도교육청","경기도부천교육지원청","경기도 부천시 오정구","S090005313","동산초등학교","02","공립","N","","16","361","16","0","0","0","0","0","0","0"
"경기도교육청","경기도용인교육지원청","경기도 용인시 기흥구","S090005324","동막초등학교","02","공립","N","","29","770","29","0","0","20","137","20","0","1300000"
"경기도교육청","경기도용인교육지원청","경기도 용인시 기흥구","S090005325","석성초등학교","02","공립","N","","29","769","29","0","0","0","0","0","0","0"
"경기도교육청","경기도용인교육지원청","경기도 용인시 기흥구","S090005330","동백초등학교","02","공립","N","","45","989","53","0","0","0","0","0","0","0"
"경기도교육청","경기도용인교육지원청","경기도 용인시 기흥구","S090005332","용인백현초등학교","02","공립","Y","개설된 동아리 없음.","","","","","","","","","",""
"경기도교육청","경기도수원교육지원청","경기도 수원시 권선구","S090005334","서평초등학교","02","공립","N","","10","188","10","10","0","1","8","1","1","0"
"경기도교육청","경기도수원교육지원청","경기도 수원시 권선구","S090005337","오현초등학교","02","공립","N","","26","645","26","0","2500000","3","57","3","2","3500000"
"경기도교육청","경기도용인교육지원청","경기도 용인시 기흥구","S090005339","용인초당초등학교","02","공립","N","","28","702","28","0","0","16","120","16","0","1000000"
"경기도교육청","경기도고양교육지원청","경기도 고양시 일산서구","S090005341","가좌초등학교","02","공립","N","","29","669","29","0","3900000","4","60","4","0","600000"
"경기도교육청","경기도동두천양주교육지원청","경기도 양주시","S090005344","도둔초등학교","02","공립","N","","14","341","14","0","1400000","1","7","1","0","1480000"
"경기도교육청","경기도평택교육지원청","경기도 평택시","S090005357","평택도곡초등학교","02","공립","N","","26","596","26","3","14100000","1","10","1","0","505000"
"경기도교육청","경기도화성오산교육지원청","경기도 화성시 병점구","S090005363","안녕초등학교","02","공립","N","","16","383","16","0","7000000","0","0","0","0","0"
"경기도교육청","경기도화성오산교육지원청","경기도 오산시","S090005366","가수초등학교","02","공립","N","","19","481","19","0","0","0","0","0","0","0"
"경기도교육청","경기도파주교육지원청","경기도 파주시","S090005369","두일초등학교","02","공립","N","","20","500","20","0","0","11","88","11","0","1000000"
"경기도교육청","경기도화성오산교육지원청","경기도 오산시","S090005372","수청초등학교","02","공립","N","","20","542","20","4","0","3","50","3","1","4400000"
"경기도교육청","경기도파주교육지원청","경기도 파주시","S090005373","와석초등학교","02","공립","N","","55","1482","55","0","0","29","209","29","0","2000000"
"경기도교육청","경기도김포교육지원청","경기도 김포시","S090005375","통진초등학교","02","공립","N","","15","390","15","0","0","15","390","15","0","1900000"
"경기도교육청","경기도고양교육지원청","경기도 고양시 일산동구","S090005393","다솜초등학교","02","공립","N","","61","709","30","0","0","0","0","0","0","0"
"경기도교육청","경기도안산교육지원청","경기도 안산시 단원구","S090005395","덕인초등학교","02","공립","N","","18","433","18","0","0","3","40","2","2","9800000"
"경기도교육청","경기도파주교육지원청","경기도 파주시","S090005397","문발초등학교","02","공립","N","","6","328","15","4","0","1","10","1","0","300000"
"경기도교육청","경기도부천교육지원청","경기도 부천시 소사구","S090005402","소안초등학교","02","공립","N","","19","401","19","0","3600000","2","25","2","2","12300000"
"경기도교육청","경기도동두천양주교육지원청","경기도 양주시","S090005404","신지초등학교","02","공립","N","","15","319","17","1","0","0","0","0","0","0"
"경기도교육청","경기도화성오산교육지원청","경기도 오산시","S090005406","오산원당초등학교","02","공립","N","","14","313","14","14","7060000","0","0","0","0","0"
"경기도교육청","경기도시흥교육지원청","경기도 시흥시","S090005408","월포초등학교","02","공립","N","","11","208","11","5","8190000","0","0","0","0","0"
"경기도교육청","경기도고양교육지원청","경기도 고양시 일산동구","S090005411","풍동초등학교","02","공립","N","","19","414","19","8","1000000","0","0","0","0","0"
"경기도교육청","경기도화성오산교육지원청","경기도 화성시 동탄구","S090005412","학동초등학교","02","공립","N","","40","995","40","0","0","3","76","3","0","3000000"
"경기도교육청","경기도화성오산교육지원청","경기도 화성시 동탄구","S090005471","화성금곡초등학교","02","공립","N","","59","1014","38","30","12600000","2","50","3","0","2400000"
"경기도교육청","경기도평택교육지원청","경기도 평택시","S090005472","반지초등학교","02","공립","N","","39","1015","39","3","0","7","58","7","0","3000000"
"경기도교육청","경기도화성오산교육지원청","경기도 화성시 동탄구","S090005474","석우초등학교","02","공립","N","","33","824","33","0","0","2","15","2","0","1200000"
"경기도교육청","경기도화성오산교육지원청","경기도 오산시","S090005476","오산원일초등학교","02","공립","N","","36","948","36","0","0","7","89","7","1","2260000"
"경기도교육청","경기도용인교육지원청","경기도 용인시 기흥구","S090005478","용인한일초등학교","02","공립","N","","19","417","19","0","0","5","80","4","1","1000000"
"경기도교육청","경기도용인교육지원청","경기도 용인시 기흥구","S090005480","나산초등학교","02","공립","N","","36","929","36","0","0","0","0","0","0","0"
"경기도교육청","경기도화성오산교육지원청","경기도 화성시 효행구","S090005487","와우초등학교","02","공립","N","","29","735","29","0","9400000","2","63","2","0","3015000"
"경기도교육청","경기도구리남양주교육지원청","경기도 남양주시","S090005494","예봉초등학교","02","공립","N","","26","655","26","26","13421000","9","101","9","0","1500000"
"경기도교육청","경기도동두천양주교육지원청","경기도 양주시","S090005495","주원초등학교","02","공립","N","","15","326","15","0","1500000","3","45","3","0","0"
"경기도교육청","경기도고양교육지원청","경기도 고양시 일산동구","S090005496","하늘초등학교","02","공립","N","","6","630","25","6","0","3","58","3","0","13440000"
"경기도교육청","경기도화성오산교육지원청","경기도 화성시 효행구","S090005588","동화초등학교","02","공립","N","","32","822","33","1","600000","0","0","0","0","0"
"경기도교육청","경기도화성오산교육지원청","경기도 화성시 동탄구","S090005589","반석초등학교","02","공립","N","","40","1067","40","0","0","10","154","10","1","1088000"
"경기도교육청","경기도화성오산교육지원청","경기도 화성시 효행구","S090005591","상봉초등학교","02","공립","N","","33","879","33","2","3200000","12","124","12","1","2750000"
"경기도교육청","경기도화성오산교육지원청","경기도 화성시 동탄구","S090005593","솔빛초등학교","02","공립","N","","51","1469","51","0","2000000","2","43","2","0","3627000"
"경기도교육청","경기도화성오산교육지원청","경기도 오산시","S090005594","오산고현초등학교","02","공립","N","","46","1214","46","17","12020000","2","24","2","1","2200000"
"경기도교육청","경기도화성오산교육지원청","경기도 화성시 병점구","S090005595","율목초등학교","02","공립","N","","19","454","19","0","1200000","2","60","2","0","2000000"
"경기도교육청","경기도화성오산교육지원청","경기도 화성시 동탄구","S090005597","반송초등학교","02","공립","N","","46","1157","46","0","4600000","1","20","1","1","1600000"
"경기도교육청","경기도부천교육지원청","경기도 부천시 오정구","S090005603","성곡초등학교","02","공립","N","","18","478","18","0","0","0","0","0","0","0"
"경기도교육청","경기도고양교육지원청","경기도 고양시 일산동구","S090005607","모당초등학교","02","공립","N","","28","716","28","0","1600000","1","10","1","0","400000"
"경기도교육청","경기도용인교육지원청","경기도 용인시 기흥구","S090005610","청덕초등학교","02","공립","N","","12","915","34","2","2160000","0","0","0","0","0"
"경기도교육청","경기도시흥교육지원청","경기도 시흥시","S090005612","시흥능곡초등학교","02","공립","N","","24","543","24","24","42436000","1","12","1","2","7000000"
"경기도교육청","경기도김포교육지원청","경기도 김포시","S090005617","장기초등학교","02","공립","N","","7","1013","39","4","11416000","4","50","4","0","1700000"
"경기도교육청","경기도성남교육지원청","경기도 성남시 중원구","S090005621","도촌초등학교","02","공립","N","","36","911","36","0","2000000","6","911","6","0","2600000"
"경기도교육청","경기도군포의왕교육지원청","경기도 군포시","S090005627","군포대야초등학교","02","공립","N","","10","204","10","0","6340000","0","0","0","0","0"
"경기도교육청","경기도군포의왕교육지원청","경기도 의왕시","S090005628","모락초등학교","02","공립","N","","19","410","19","4","6000000","7","118","7","2","6000000"
"경기도교육청","경기도화성오산교육지원청","경기도 화성시 동탄구","S090005644","능동초등학교","02","공립","N","","9","250","9","0","4000000","0","0","0","0","0"
"경기도교육청","경기도화성오산교육지원청","경기도 화성시 만세구","S090005645","도이초등학교","02","공립","N","","0","0","0","0","0","16","252","17","0","5000000"
"경기도교육청","경기도화성오산교육지원청","경기도 화성시 효행구","S090005646","수영초등학교","02","공립","N","","17","398","17","0","1700000","9","66","9","0","0"
"경기도교육청","경기도화성오산교육지원청","경기도 화성시 동탄구","S090005647","예당초등학교","02","공립","N","","27","691","27","0","0","2","16","2","0","1000000"
"경기도교육청","경기도부천교육지원청","경기도 부천시 원미구","S090005648","중동초등학교","02","공립","N","","32","792","32","3","1700000","0","0","0","0","0"
"경기도교육청","경기도화성오산교육지원청","경기도 화성시 동탄구","S090005649","푸른초등학교","02","공립","N","","50","1410","50","0","0","4","42","4","1","3000000"
"경기도교육청","경기도화성오산교육지원청","경기도 화성시 동탄구","S090005650","한마음초등학교","02","공립","N","","36","923","36","0","8200000","2","32","2","0","2000000"
"경기도교육청","경기도화성오산교육지원청","경기도 화성시 만세구","S090005651","한울초등학교","02","공립","N","","41","1287","54","9","9600000","3","36","3","0","0"
"경기도교육청","경기도화성오산교육지원청","경기도 화성시 만세구","S090005652","행정초등학교","02","공립","N","","6","1091","40","1","1470000","3","80","3","3","6860000"
"경기도교육청","경기도구리남양주교육지원청","경기도 남양주시","S090005678","가운초등학교","02","공립","N","","17","406","17","0","0","2","16","2","0","560000"
"경기도교육청","경기도평택교육지원청","경기도 평택시","S090005680","송현초등학교","02","공립","N","","22","450","22","26","2940000","1","10","1","0","300000"
"경기도교육청","경기도김포교육지원청","경기도 김포시","S090005682","신곡초등학교","02","공립","N","","32","859","32","0","0","5","50","5","0","1700000"
"경기도교육청","경기도광주하남교육지원청","경기도 하남시","S090005686","하남풍산초등학교","02","공립","N","","23","567","23","0","4500000","5","41","5","0","500000"
"경기도교육청","경기도고양교육지원청","경기도 고양시 덕양구","S090005687","아람초등학교","02","공립","N","","47","364","47","0","1662000","13","419","13","0","3000000"
"경기도교육청","경기도안산교육지원청","경기도 안산시 단원구","S090005688","안산대월초등학교","02","공립","N","","22","552","22","0","0","0","0","0","0","0"
"경기도교육청","경기도안산교육지원청","경기도 안산시 단원구","S090005690","신길초등학교","02","공립","N","","27","614","27","0","0","3","28","3","0","200000"
"경기도교육청","경기도성남교육지원청","경기도 성남시 분당구","S090005692","성남송현초등학교","02","공립","N","","44","1120","44","0","7000000","0","0","0","0","0"
"경기도교육청","경기도수원교육지원청","경기도 수원시 팔달구","S090005693","매여울초등학교","02","공립","N","","22","554","22","7","26400000","9","60","9","0","2740000"
"경기도교육청","경기도성남교육지원청","경기도 성남시 분당구","S090005695","보평초등학교","02","공립","N","","45","1091","42","38","39340000","19","139","19","0","1000000"
"경기도교육청","경기도성남교육지원청","경기도 성남시 분당구","S090005696","운중초등학교","02","공립","N","","27","676","27","0","0","2","33","2","1","6772000"
"경기도교육청","경기도성남교육지원청","경기도 성남시 분당구","S090005702","판교초등학교","02","공립","N","","43","1001","43","0","0","9","58","9","0","1000000"
"경기도교육청","경기도성남교육지원청","경기도 성남시 분당구","S090005703","산운초등학교","02","공립","N","","26","629","26","0","5200000","1","8","1","0","700000"
"경기도교육청","경기도구리남양주교육지원청","경기도 남양주시","S090005705","구룡초등학교","02","공립","N","","42","1073","42","0","0","0","0","0","0","0"
"경기도교육청","경기도구리남양주교육지원청","경기도 구리시","S090005706","건원초등학교","02","공립","N","","13","272","13","0","3300000","0","0","0","0","0"
"경기도교육청","경기도구리남양주교육지원청","경기도 남양주시","S090005708","진접초등학교","02","공립","N","","24","619","24","0","0","11","59","11","0","3600000"
"경기도교육청","경기도구리남양주교육지원청","경기도 남양주시","S090005710","차산초등학교","02","공립","N","","21","515","24","1","0","0","0","0","0","0"
"경기도교육청","경기도광명교육지원청","경기도 광명시","S090005739","충현초등학교","02","공립","N","","31","774","31","9","0","18","388","18","0","5580000"
"경기도교육청","경기도광명교육지원청","경기도 광명시","S090005740","구름산초등학교","02","공립","N","","40","1026","40","0","5000000","12","40","12","0","0"
"경기도교육청","경기도김포교육지원청","경기도 김포시","S090005742","걸포초등학교","02","공립","N","","21","509","21","0","0","4","43","4","3","11640000"
"경기도교육청","경기도광명교육지원청","경기도 광명시","S090005744","안현초등학교","02","공립","N","","45","1246","45","9","7200000","9","51","9","0","900000"
"경기도교육청","경기도화성오산교육지원청","경기도 오산시","S090005747","문시초등학교","02","공립","N","","30","891","30","11","7200000","1","8","1","1","1280000"
"경기도교육청","경기도용인교육지원청","경기도 용인시 기흥구","S090005748","공세초등학교","02","공립","N","","15","309","15","3","0","0","0","0","0","0"
"경기도교육청","경기도용인교육지원청","경기도 용인시 수지구","S090005750","용인한빛초등학교","02","공립","N","","37","945","37","0","0","6","69","6","0","500000"
"경기도교육청","경기도용인교육지원청","경기도 용인시 처인구","S090005751","둔전제일초등학교","02","공립","N","","23","568","23","3","19800000","19","471","19","0","1000000"
"경기도교육청","경기도화성오산교육지원청","경기도 오산시","S090005763","양산초등학교","02","공립","N","","27","715","27","0","0","10","65","10","0","2000000"
"경기도교육청","경기도평택교육지원청","경기도 평택시","S090005765","용이초등학교","02","공립","N","","43","1130","43","0","5590000","4","80","3","1","16699000"
"경기도교육청","경기도군포의왕교육지원청","경기도 의왕시","S090005771","내동초등학교","02","공립","N","","30","780","30","12","147000000","0","0","0","0","0"
"경기도교육청","경기도용인교육지원청","경기도 용인시 기흥구","S090005773","석현초등학교","02","공립","N","","22","530","22","3","1260000","1","20","1","0","300000"
"경기도교육청","경기도용인교육지원청","경기도 용인시 기흥구","S090005774","흥덕초등학교","02","공립","N","","20","470","20","0","1100000","4","91","3","1","3900000"
"경기도교육청","경기도구리남양주교육지원청","경기도 남양주시","S090005780","남양주덕송초등학교","02","공립","N","","39","1025","39","8","0","0","0","0","0","0"
"경기도교육청","경기도구리남양주교육지원청","경기도 남양주시","S090005784","별가람초등학교","02","공립","N","","6","748","30","0","0","0","0","0","0","0"
"경기도교육청","경기도동두천양주교육지원청","경기도 양주시","S090005805","만송초등학교","02","공립","N","","14","345","14","3","0","0","0","0","0","0"
"경기도교육청","경기도화성오산교육지원청","경기도 화성시 동탄구","S090005807","숲속초등학교","02","공립","N","","39","828","39","0","0","0","0","0","0","0"
"경기도교육청","경기도시흥교육지원청","경기도 시흥시","S090005809","승지초등학교","02","공립","N","","20","495","20","12","46908000","1","22","2","0","2500000"
"경기도교육청","경기도화성오산교육지원청","경기도 오산시","S090005816","세미초등학교","02","공립","N","","54","1596","54","5","14310000","0","0","0","0","0"
"경기도교육청","경기도화성오산교육지원청","경기도 오산시","S090005818","필봉초등학교","02","공립","N","","32","843","32","1","7600000","1","15","1","2","5380000"
"경기도교육청","경기도수원교육지원청","경기도 수원시 권선구","S090005839","선행초등학교","02","공립","N","","29","676","29","3","0","0","0","0","0","0"
"경기도교육청","경기도군포의왕교육지원청","경기도 군포시","S090005846","군포신기초등학교","02","공립","N","","56","826","56","2","0","8","75","8","0","300000"
"경기도교육청","경기도광주하남교육지원청","경기도 광주시","S090005847","벌원초등학교","02","공립","N","","22","557","22","3","21980000","1","15","1","1","2000000"
"경기도교육청","경기도광명교육지원청","경기도 광명시","S090005848","빛가온초등학교","02","공립","N","","16","442","16","0","7260000","5","36","5","0","3000000"
"경기도교육청","경기도안양과천교육지원청","경기도 안양시 동안구","S090005852","해오름초등학교","02","공립","N","","4","377","17","2","2000000","1","7","1","0","1750000"
"경기도교육청","경기도김포교육지원청","경기도 김포시","S090005853","솔터초등학교","02","공립","N","","46","1203","46","0","0","0","0","0","0","0"
"경기도교육청","경기도파주교육지원청","경기도 파주시","S090005854","자유초등학교","02","공립","N","","34","874","34","0","3400000","8","59","8","0","1500000"
"경기도교육청","경기도고양교육지원청","경기도 고양시 일산서구","S090005855","한산초등학교","02","공립","N","","6","905","34","0","2000000","1","20","1","0","1000000"
"경기도교육청","경기도고양교육지원청","경기도 고양시 일산서구","S090005856","백송초등학교","02","공립","N","","36","938","36","0","0","0","0","0","0","0"
"경기도교육청","경기도안성교육지원청","경기도 안성시","S090005860","만정초등학교","02","공립","N","","32","942","32","32","25540000","6","99","6","3","11800000"
"경기도교육청","경기도용인교육지원청","경기도 용인시 수지구","S090005862","새빛초등학교","02","공립","N","","50","1050","50","0","0","7","58","7","0","3000000"
"경기도교육청","경기도용인교육지원청","경기도 용인시 기흥구","S090005864","서농초등학교","02","공립","N","","54","1415","54","0","4250000","0","0","0","0","0"
"경기도교육청","경기도파주교육지원청","경기도 파주시","S090005867","가온초등학교","02","공립","N","","37","974","37","0","0","7","178","7","3","11600000"
"경기도교육청","경기도김포교육지원청","경기도 김포시","S090005869","김포한가람초등학교","02","공립","N","","28","714","28","0","0","28","714","28","0","2800000"
"경기도교육청","경기도김포교육지원청","경기도 김포시","S090005873","보름초등학교","02","공립","N","","19","2957","109","2","6500000","4","45","4","0","2000000"
"경기도교육청","경기도화성오산교육지원청","경기도 화성시 동탄구","S090005874","예원초등학교","02","공립","N","","8","424","16","4","2300000","0","0","0","0","0"
"경기도교육청","경기도수원교육지원청","경기도 수원시 영통구","S090005879","광교초등학교","02","공립","N","","47","1234","47","4","0","0","0","0","0","0"
"경기도교육청","경기도수원교육지원청","경기도 수원시 영통구","S090005882","이의초등학교","02","공립","N","","44","1126","44","0","0","1","20","1","0","0"
"경기도교육청","경기도김포교육지원청","경기도 김포시","S090005883","가현초등학교","02","공립","N","","50","1411","50","6","16400000","3","128","4","3","10200000"
"경기도교육청","경기도김포교육지원청","경기도 김포시","S090005885","푸른솔초등학교","02","공립","N","","53","1418","53","0","0","0","0","0","0","0"
"경기도교육청","경기도평택교육지원청","경기도 평택시","S090005888","청옥초등학교","02","공립","N","","57","1532","57","0","7200000","0","0","0","0","0"
"경기도교육청","경기도수원교육지원청","경기도 수원시 권선구","S090005894","수원중촌초등학교","02","공립","N","","35","889","35","0","0","0","0","0","0","0"
"경기도교육청","경기도수원교육지원청","경기도 수원시 권선구","S090005896","수원금호초등학교","02","공립","N","","68","4855","68","0","0","4","49","4","0","5000000"
"경기도교육청","경기도수원교육지원청","경기도 수원시 권선구","S090005897","능실초등학교","02","공립","N","","55","1419","55","0","0","1","23","1","0","1000000"
"경기도교육청","경기도군포의왕교육지원청","경기도 의왕시","S090005912","포일초등학교","02","공립","N","","17","575","24","3","4864800","0","0","0","0","0"
"경기도교육청","경기도성남교육지원청","경기도 성남시 중원구","S090005914","성남여수초등학교","02","공립","N","","30","774","30","2","2480000","0","0","0","0","0"
"경기도교육청","경기도구리남양주교육지원청","경기도 남양주시","S090005988","부평초등학교","02","공립","N","","35","883","35","0","0","0","0","0","0","0"
"경기도교육청","경기도김포교육지원청","경기도 김포시","S090006026","김포금빛초등학교","02","공립","N","","62","1698","62","0","0","0","0","0","0","0"
"경기도교육청","경기도김포교육지원청","경기도 김포시","S090006030","은여울초등학교","02","공립","N","","66","1853","66","0","0","0","0","0","0","0"
"경기도교육청","경기도김포교육지원청","경기도 김포시","S090006033","나비초등학교","02","공립","N","","1","20","1","0","4800000","0","0","0","0","0"
"경기도교육청","경기도용인교육지원청","경기도 용인시 처인구","S090006039","함박초등학교","02","공립","N","","51","1346","51","33","33140000","8","69","8","0","1000000"
"경기도교육청","경기도김포교육지원청","경기도 김포시","S090006040","운유초등학교","02","공립","N","","54","1463","54","3","5800000","0","0","0","0","0"
"경기도교육청","경기도용인교육지원청","경기도 용인시 기흥구","S090006042","중일초등학교","02","공립","N","","23","622","23","0","1500000","0","0","0","0","0"
"경기도교육청","경기도김포교육지원청","경기도 김포시","S090006046","청수초등학교","02","공립","N","","66","1945","66","0","5280000","0","0","0","0","0"
"경기도교육청","경기도동두천양주교육지원청","경기도 양주시","S090006053","율빛초등학교","02","공립","N","","36","930","36","0","0","2","31","2","0","2000000"
"경기도교육청","경기도동두천양주교육지원청","경기도 양주시","S090006058","율정초등학교","02","공립","N","","24","638","24","0","0","3","45","3","0","1000000"
"경기도교육청","경기도동두천양주교육지원청","경기도 양주시","S090006061","옥정초등학교","02","공립","N","","72","1324","72","0","5000000","7","124","7","0","0"
"경기도교육청","경기도동두천양주교육지원청","경기도 양주시","S090006063","옥빛초등학교","02","공립","N","","54","1544","54","0","0","11","103","11","0","1150000"
"경기도교육청","경기도고양교육지원청","경기도 고양시 덕양구","S090006096","고양오금초등학교","02","공립","N","","31","763","31","0","0","0","0","0","0","0"
"경기도교육청","경기도광주하남교육지원청","경기도 광주시","S090006100","신현초등학교","02","공립","N","","33","884","33","14","3300000","0","0","0","0","0"
"경기도교육청","경기도성남교육지원청","경기도 성남시 수정구","S090006104","위례한빛초등학교","02","공립","N","","33","858","33","0","2400000","2","12","2","0","3000000"
"경기도교육청","경기도성남교육지원청","경기도 성남시 수정구","S090006107","위례푸른초등학교","02","공립","N","","39","1017","39","0","5000000","1","8","1","0","1000000"
"경기도교육청","경기도성남교육지원청","경기도 성남시 수정구","S090006108","위례고운초등학교","02","공립","N","","15","139","15","1","1100000","0","0","0","0","0"
"경기도교육청","경기도성남교육지원청","경기도 성남시 수정구","S090006109","위례중앙초등학교","02","공립","N","","24","578","24","0","2400000","0","0","0","0","0"
"경기도교육청","경기도광주하남교육지원청","경기도 광주시","S090006112","한아람초등학교","02","공립","N","","45","1217","45","0","0","14","108","15","0","2000000"
"경기도교육청","경기도광주하남교육지원청","경기도 광주시","S090006113","태성초등학교","02","공립","N","","51","1454","51","0","0","10","84","10","0","2000000"
"경기도교육청","경기도시흥교육지원청","경기도 시흥시","S090006122","배곧초등학교","02","공립","N","","0","0","0","0","0","3","70","3","0","3300000"
"경기도교육청","경기도시흥교육지원청","경기도 시흥시","S090006123","배곧라온초등학교","02","공립","N","","60","1672","60","6","50340000","0","0","0","0","0"
"경기도교육청","경기도시흥교육지원청","경기도 시흥시","S090006131","산현초등학교","02","공립","N","","9","1471","37","6","256790000","0","0","0","0","0"
"경기도교육청","경기도시흥교육지원청","경기도 시흥시","S090006132","운흥초등학교","02","공립","N","","46","1221","67","25","1160000","6","38","6","0","540000"
"경기도교육청","경기도시흥교육지원청","경기도 시흥시","S090006133","조남초등학교","02","공립","N","","6","738","29","0","16686000","8","59","8","0","2200000"
"경기도교육청","경기도시흥교육지원청","경기도 시흥시","S090006152","생금초등학교","02","공립","N","","17","453","17","0","1000000","0","0","0","0","0"
"경기도교육청","경기도화성오산교육지원청","경기도 화성시 만세구","S090006153","화원초등학교","02","공립","N","","29","840","29","0","4930000","0","0","0","0","0"
"경기도교육청","경기도화성오산교육지원청","경기도 화성시 만세구","S090006154","하길초등학교","02","공립","N","","52","1376","52","0","0","0","0","0","0","0"
"경기도교육청","경기도수원교육지원청","경기도 수원시 권선구","S090006157","곡정초등학교","02","공립","N","","38","1019","38","0","0","2","12","2","0","500000"
"경기도교육청","경기도파주교육지원청","경기도 파주시","S090006164","산내초등학교","02","공립","N","","77","2105","77","0","0","14","110","12","2","3264000"
"경기도교육청","경기도화성오산교육지원청","경기도 오산시","S090006418","금암초등학교","02","공립","N","","26","628","26","16","21613000","32","628","32","1","5180000"
"경기도교육청","경기도동두천양주교육지원청","경기도 양주시","S090006419","광사초등학교","02","공립","N","","29","767","29","0","0","4","55","4","0","1600000"
"경기도교육청","경기도광주하남교육지원청","경기도 하남시","S090006421","나룰초등학교","02","공립","N","","25","572","25","2","1500000","0","0","0","0","0"
"경기도교육청","경기도김포교육지원청","경기도 김포시","S090006425","마송중앙초등학교","02","공립","N","","18","434","18","0","1800000","19","437","19","0","5400000"
"경기도교육청","경기도군포의왕교육지원청","경기도 군포시","S090006431","부곡중앙초등학교","02","공립","N","","28","702","28","0","8400000","8","95","8","0","2500000"
"경기도교육청","경기도고양교육지원청","경기도 고양시 덕양구","S090006432","서정초등학교","02","공립","N","","39","370","29","10","9300000","7","61","1","6","4800000"
"경기도교육청","경기도성남교육지원청","경기도 성남시 분당구","S090006433","성남화랑초등학교","02","공립","N","","36","927","36","0","5400000","3","27","3","0","2900000"
"경기도교육청","경기도용인교육지원청","경기도 용인시 수지구","S090006434","성서초등학교","02","공립","N","","11","297","11","0","0","0","0","0","0","0"
"경기도교육청","경기도성남교육지원청","경기도 성남시 분당구","S090006439","신백현초등학교","02","공립","N","","16","417","16","4","6300000","9","62","9","0","1600000"
"경기도교육청","경기도김포교육지원청","경기도 김포시","S090006440","신양초등학교","02","공립","N","","23","786","23","0","2400000","0","0","0","0","0"
"경기도교육청","경기도고양교육지원청","경기도 고양시 일산동구","S090006443","양일초등학교","02","공립","N","","48","1345","48","0","0","2","35","4","0","0"
"경기도교육청","경기도용인교육지원청","경기도 용인시 수지구","S090006445","용인신봉초등학교","02","공립","N","","40","1067","40","0","1000000","2","20","3","0","1000000"
"경기도교육청","경기도파주교육지원청","경기도 파주시","S090006446","운광초등학교","02","공립","N","","36","921","36","0","2000000","1","12","1","0","700000"
"경기도교육청","경기도이천교육지원청","경기도 이천시","S090006449","이천사동초등학교","02","공립","N","","25","599","25","0","1500000","0","0","0","0","0"
"경기도교육청","경기도구리남양주교육지원청","경기도 남양주시","S090006452","주곡초등학교","02","공립","N","","33","850","33","0","2000000","0","0","0","0","0"
"경기도교육청","경기도파주교육지원청","경기도 파주시","S090006454","한가람초등학교","02","공립","N","","13","1230","47","6","2500000","0","0","0","0","0"
"경기도교육청","경기도파주교육지원청","경기도 파주시","S090006455","한빛초등학교","02","공립","N","","8","223","8","4","1440000","0","0","0","0","0"
"경기도교육청","경기도군포의왕교육지원청","경기도 군포시","S090006456","한얼초등학교","02","공립","N","","13","306","13","5","30000000","0","0","0","0","0"
"경기도교육청","경기도파주교육지원청","경기도 파주시","S090006458","해솔초등학교","02","공립","N","","43","1178","42","2","0","59","1287","59","17","31500000"
"경기도교육청","경기도구리남양주교육지원청","경기도 남양주시","S090006459","화도초등학교","02","공립","N","","3","540","22","1","0","1","7","2","0","1500000"
"경기도교육청","경기도구리남양주교육지원청","경기도 남양주시","S090006460","화봉초등학교","02","공립","N","","32","773","32","32","22400000","2","41","2","2","12488000"
"경기도교육청","경기도화성오산교육지원청","경기도 화성시 병점구","S090006650","서경초등학교","02","공립","N","","27","683","27","2","0","3","61","3","0","2000000"
"경기도교육청","경기도화성오산교육지원청","경기도 화성시 병점구","S090006651","화성반월초등학교","02","공립","N","","51","1500","51","0","5100000","5","100","5","0","10000000"
"경기도교육청","경기도용인교육지원청","경기도 용인시 처인구","S090006759","두창초등학교","02","공립","N","","2","14","2","0","337500","6","40","6","0","1012500"
"경기도교육청","경기도고양교육지원청","경기도 고양시 덕양구","S090006770","고양동산초등학교","02","공립","N","","48","1267","48","0","3000000","1","15","1","0","0"
"경기도교육청","경기도평택교육지원청","경기도 평택시","S090006771","자란초등학교","02","공립","N","","26","647","26","0","2000000","0","0","0","0","0"
"경기도교육청","경기도수원교육지원청","경기도 수원시 권선구","S090006773","수원가온초등학교","02","공립","N","","6","1295","49","3","900000","2","38","2","0","800000"
"경기도교육청","경기도수원교육지원청","경기도 수원시 장안구","S090006774","다솔초등학교","02","공립","N","","19","1430","52","2","0","8","159","8","1","9730000"
"경기도교육청","경기도김포교육지원청","경기도 김포시","S090006775","하늘빛초등학교","02","공립","N","","52","1492","52","2","0","0","0","0","0","0"
"경기도교육청","경기도김포교육지원청","경기도 김포시","S090006776","김포호수초등학교","02","공립","N","","12","1460","56","5","12180000","1","20","1","0","1000000"
"경기도교육청","경기도파주교육지원청","경기도 파주시","S090006778","운정초등학교","02","공립","N","","36","972","36","0","0","7","42","7","0","1000000"
"경기도교육청","경기도의정부교육지원청","경기도 의정부시","S090006799","의정부송산초등학교","02","공립","N","","55","1575","55","0","0","18","208","17","1","2900000"
"경기도교육청","경기도구리남양주교육지원청","경기도 남양주시","S090006801","남양주월산초등학교","02","공립","N","","29","738","29","0","0","7","103","7","0","2400000"
"경기도교육청","경기도구리남양주교육지원청","경기도 남양주시","S090006802","해밀초등학교","02","공립","N","","30","865","30","0","0","2","2","4","0","3400000"
"경기도교육청","경기도용인교육지원청","경기도 용인시 수지구","S090006847","매봉초등학교","02","공립","N","","28","819","28","1","4800000","0","0","0","0","0"
"경기도교육청","경기도광주하남교육지원청","경기도 하남시","S090006913","미사초등학교","02","공립","N","","46","1102","46","0","4000000","2","21","2","0","1160000"
"경기도교육청","경기도광주하남교육지원청","경기도 하남시","S090006914","미사강변초등학교","02","공립","N","","42","1152","42","0","6840000","57","1570","57","0","4400000"
"경기도교육청","경기도의정부교육지원청","경기도 의정부시","S090006926","삼현초등학교","02","공립","N","","18","1449","53","0","5300000","1","8","1","0","0"
"경기도교육청","경기도화성오산교육지원청","경기도 화성시 동탄구","S090006930","동탄중앙초등학교","02","공립","N","","63","1678","63","0","0","0","0","0","0","0"
"경기도교육청","경기도화성오산교육지원청","경기도 화성시 동탄구","S090006931","화성청계초등학교","02","공립","N","","51","1362","51","0","0","1","20","1","1","2500000"
"경기도교육청","경기도화성오산교육지원청","경기도 화성시 동탄구","S090006932","아인초등학교","02","공립","N","","107","1253","109","0","3000000","2","14","2","0","1000000"
"경기도교육청","경기도화성오산교육지원청","경기도 화성시 동탄구","S090006933","무봉초등학교","02","공립","N","","28","738","28","0","0","1","6","1","0","0"
"경기도교육청","경기도화성오산교육지원청","경기도 화성시 동탄구","S090006935","예솔초등학교","02","공립","N","","35","897","35","0","0","7","204","7","7","3000000"
"경기도교육청","경기도화성오산교육지원청","경기도 화성시 동탄구","S090006936","청목초등학교","02","공립","N","","44","1203","44","0","4400000","3","100","3","1","3000000"
"경기도교육청","경기도화성오산교육지원청","경기도 화성시 동탄구","S090006937","왕배초등학교","02","공립","N","","6","1369","53","0","0","2","14","2","0","0"
"경기도교육청","경기도화성오산교육지원청","경기도 화성시 동탄구","S090006940","호연초등학교","02","공립","N","","27","741","27","0","0","3","30","3","0","1155000"
"경기도교육청","경기도화성오산교육지원청","경기도 화성시 동탄구","S090006942","방교초등학교","02","공립","N","","48","1340","48","1","4800000","0","0","0","0","0"
"경기도교육청","경기도화성오산교육지원청","경기도 화성시 동탄구","S090006945","서연초등학교","02","공립","N","","6","1326","50","6","6840000","2","56","2","0","0"
"경기도교육청","경기도화성오산교육지원청","경기도 화성시 동탄구","S090006946","영천초등학교","02","공립","N","","34","876","34","0","2160000","2","46","2","0","3000000"
"경기도교육청","경기도화성오산교육지원청","경기도 화성시 동탄구","S090006947","한백초등학교","02","공립","N","","43","1139","43","0","3000000","3","27","3","0","3100000"
"경기도교육청","경기도고양교육지원청","경기도 고양시 덕양구","S090006954","도래울초등학교","02","공립","N","","42","1053","42","0","0","1","25","1","0","1000000"
"경기도교육청","경기도구리남양주교육지원청","경기도 남양주시","S090006970","한별초등학교","02","공립","N","","51","1983","95","0","5000000","0","0","0","0","0"
"경기도교육청","경기도구리남양주교육지원청","경기도 남양주시","S090006971","남양주샛별초등학교","02","공립","N","","49","1261","49","0","0","0","0","0","0","0"
"경기도교육청","경기도양평교육지원청","경기도 양평군","S090006972","정배초등학교","02","공립","N","","6","50","6","0","900000","0","0","0","0","0"
"경기도교육청","경기도광주하남교육지원청","경기도 하남시","S090007038","위례초등학교","02","공립","N","","61","1683","61","61","43860000","5","31","5","0","1000000"
"경기도교육청","경기도광주하남교육지원청","경기도 하남시","S090007039","미사중앙초등학교","02","공립","N","","69","1639","69","2","0","0","0","0","0","0"
"경기도교육청","경기도평택교육지원청","경기도 평택시","S090007050","현촌초등학교","02","공립","N","","0","0","0","0","0","46","1215","46","0","0"
"경기도교육청","경기도안성교육지원청","경기도 안성시","S090007111","어울초등학교","02","공립","N","","24","581","24","8","35920000","8","140","8","0","3200000"
"경기도교육청","경기도부천교육지원청","경기도 부천시 소사구","S090007116","옥길버들초등학교","02","공립","N","","54","1425","54","0","0","0","0","0","0","0"
"경기도교육청","경기도부천교육지원청","경기도 부천시 소사구","S090007117","옥길산들초등학교","02","공립","N","","75","2045","75","0","0","0","0","0","0","0"
"경기도교육청","경기도용인교육지원청","경기도 용인시 기흥구","S090007135","샘말초등학교","02","공립","N","","42","1101","42","0","0","1","6","1","0","1000000"
"경기도교육청","경기도화성오산교육지원청","경기도 화성시 만세구","S090007139","송린초등학교","02","공립","N","","53","1441","53","0","0","3","55","4","2","2800000"
"경기도교육청","경기도화성오산교육지원청","경기도 화성시 동탄구","S090007140","한율초등학교","02","공립","N","","0","0","0","0","0","8","40","8","0","3000000"
"경기도교육청","경기도광주하남교육지원청","경기도 광주시","S090007159","역동초등학교","02","공립","N","","34","927","34","0","1700000","0","0","0","0","0"
"경기도교육청","경기도구리남양주교육지원청","경기도 구리시","S090007160","산마루초등학교","02","공립","N","","48","1079","48","0","1000000","7","15","7","1","5600000"
"경기도교육청","경기도평택교육지원청","경기도 평택시","S090007161","평택이화초등학교","02","공립","N","","45","1207","45","0","0","15","108","15","0","2000000"
"경기도교육청","경기도광주하남교육지원청","경기도 하남시","S090007162","윤슬초등학교","02","공립","N","","55","1509","55","0","0","0","0","0","0","0"
"경기도교육청","경기도광주하남교육지원청","경기도 하남시","S090007163","한홀초등학교","02","공립","N","","2","382","14","1","0","0","0","0","0","0"
"경기도교육청","경기도광주하남교육지원청","경기도 하남시","S090007164","청아초등학교","02","공립","N","","53","1436","53","0","0","0","0","0","0","0"
"경기도교육청","경기도수원교육지원청","경기도 수원시 영통구","S090007194","광교호수초등학교","02","공립","N","","43","1148","43","2","0","3","46","3","1","2000000"
"경기도교육청","경기도시흥교육지원청","경기도 시흥시","S090007197","배곧한울초등학교","02","공립","N","","44","1160","44","0","0","0","0","0","0","0"
"경기도교육청","경기도화성오산교육지원청","경기도 오산시","S090007217","다온초등학교","02","공립","N","","37","900","37","0","3000000","0","0","0","0","0"
"경기도교육청","경기도시흥교육지원청","경기도 시흥시","S090007226","배곧해솔초등학교","02","공립","N","","62","1686","62","0","2000000","4","32","4","0","1000000"
"경기도교육청","경기도수원교육지원청","경기도 수원시 영통구","S090007230","망포초등학교","02","공립","N","","68","2026","68","0","9140000","4","876","30","0","6192000"
"경기도교육청","경기도용인교육지원청","경기도 용인시 기흥구","S090007235","용인한얼초등학교","02","공립","N","","48","1252","48","0","2700000","1","41","1","0","0"
"경기도교육청","경기도평택교육지원청","경기도 평택시","S090007236","평택청아초등학교","02","공립","N","","40","1041","40","0","0","0","0","0","0","0"
"경기도교육청","경기도구리남양주교육지원청","경기도 남양주시","S090007239","다산가람초등학교","02","공립","N","","6","1174","48","0","0","2","40","2","0","1520000"
"경기도교육청","경기도평택교육지원청","경기도 평택시","S090007240","용죽초등학교","02","공립","N","","67","1857","67","0","0","2","25","2","1","2000000"
"경기도교육청","경기도화성오산교육지원청","경기도 화성시 동탄구","S090007241","동탄목동초등학교","02","공립","N","","57","1550","57","0","0","4","83","4","0","7900000"
"경기도교육청","경기도화성오산교육지원청","경기도 화성시 동탄구","S090007244","다원초등학교","02","공립","N","","16","385","16","0","0","34","328","34","0","5800000"
"경기도교육청","경기도화성오산교육지원청","경기도 화성시 효행구","S090007255","효행초등학교","02","공립","N","","9","1648","60","0","6000000","5","58","5","0","5000000"
"경기도교육청","경기도화성오산교육지원청","경기도 화성시 만세구","S090007257","대양초등학교","02","공립","N","","40","1008","40","0","0","9","94","9","0","2100000"
"경기도교육청","경기도화성오산교육지원청","경기도 화성시 동탄구","S090007263","치동초등학교","02","공립","N","","32","819","32","1","0","0","0","0","0","0"
"경기도교육청","경기도화성오산교육지원청","경기도 화성시 동탄구","S090007265","정현초등학교","02","공립","N","","52","1440","52","0","0","2","18","2","0","2000000"
"경기도교육청","경기도평택교육지원청","경기도 평택시","S090007268","가내초등학교","02","공립","N","","53","1847","62","2","7560000","0","0","0","0","0"
"경기도교육청","경기도광주하남교육지원청","경기도 광주시","S090007274","광주송정초등학교","02","공립","N","","11","641","30","0","1000000","6","60","6","0","0"
"경기도교육청","경기도구리남양주교육지원청","경기도 남양주시","S090007275","다산한강초등학교","02","공립","N","","72","2018","76","0","0","1","5","1","0","3600000"
"경기도교육청","경기도군포의왕교육지원청","경기도 의왕시","S090007277","백운호수초등학교","02","공립","N","","19","465","19","0","0","3","25","3","0","1500000"
"경기도교육청","경기도고양교육지원청","경기도 고양시 일산동구","S090007279","한류초등학교","02","공립","N","","43","1120","43","0","0","2","41","1","5","8200000"
"경기도교육청","경기도군포의왕교육지원청","경기도 군포시","S090007298","송안초등학교","02","공립","N","","35","787","35","0","8000000","2","20","2","0","530000"
"경기도교육청","경기도구리남양주교육지원청","경기도 남양주시","S090007307","남양주다산초등학교","02","공립","N","","49","1304","49","0","0","50","1338","50","0","6600000"
"경기도교육청","경기도화성오산교육지원청","경기도 오산시","S090007310","세마초등학교","02","공립","N","","6","558","26","3","2400000","5","66","5","0","3350000"
"경기도교육청","경기도구리남양주교육지원청","경기도 남양주시","S090007320","다산새봄초등학교","02","공립","N","","64","1697","64","0","0","0","0","0","0","0"
"경기도교육청","경기도고양교육지원청","경기도 고양시 덕양구","S090007321","창릉초등학교","02","공립","N","","23","580","23","0","0","4","98","4","0","2000000"
"경기도교육청","경기도고양교육지원청","경기도 고양시 덕양구","S090007322","향동숲내초등학교","02","공립","N","","11","924","36","1","4200000","1","5","1","0","500000"
"경기도교육청","경기도의정부교육지원청","경기도 의정부시","S090007323","훈민초등학교","02","공립","N","","22","566","22","0","0","0","0","0","0","0"
"경기도교육청","경기도시흥교육지원청","경기도 시흥시","S090007325","은빛초등학교","02","공립","N","","58","1923","58","0","0","5","62","5","0","2000000"
"경기도교육청","경기도시흥교육지원청","경기도 시흥시","S090007326","배곧누리초등학교","02","공립","N","","31","764","31","8","19737000","4","59","4","0","400000"
"경기도교육청","경기도광주하남교육지원청","경기도 하남시","S090007327","감일초등학교","02","공립","N","","36","989","36","0","1130000","1","9","1","0","0"
"경기도교육청","경기도광주하남교육지원청","경기도 광주시","S090007329","광주푸른초등학교","02","공립","N","","6","568","24","0","0","0","0","0","0","0"
"경기도교육청","경기도화성오산교육지원청","경기도 화성시 만세구","S090007331","새솔초등학교","02","공립","N","","48","1278","48","0","0","2","19","4","0","1900000"
"경기도교육청","경기도화성오산교육지원청","경기도 화성시 동탄구","S090007333","세정초등학교","02","공립","Y","학생 동아리 운영 미실시","","","","","","","","","",""
"경기도교육청","경기도화성오산교육지원청","경기도 화성시 동탄구","S090007334","청림초등학교","02","공립","N","","6","1445","50","0","3000000","0","0","0","0","0"
"경기도교육청","경기도평택교육지원청","경기도 평택시","S090007335","평택대동초등학교","02","공립","N","","23","588","23","9","7200000","6","43","6","1","5800000"
"경기도교육청","경기도평택교육지원청","경기도 평택시","S090007337","평택새빛초등학교","02","공립","N","","31","791","31","0","2740000","3","47","3","0","2100000"
"경기도교육청","경기도안산교육지원청","경기도 안산시 상록구","S090007338","안산해솔초등학교","02","공립","N","","73","1972","73","0","0","0","0","0","0","0"
"경기도교육청","경기도용인교육지원청","경기도 용인시 처인구","S090007349","남곡초등학교남곡분교장","02","공립","Y","본교에서 통합하여 공시","","","","","","","","","",""
"경기도교육청","경기도화성오산교육지원청","경기도 화성시 효행구","S090007361","수현초등학교","02","공립","N","","10","504","21","5","4339000","0","0","0","0","0"
"경기도교육청","경기도파주교육지원청","경기도 파주시","S090007363","산들초등학교","02","공립","N","","15","378","15","0","0","7","47","7","0","2000000"
"경기도교육청","경기도화성오산교육지원청","경기도 화성시 동탄구","S090007371","이솔초등학교","02","공립","N","","20","582","20","0","0","0","0","0","0","0"
"경기도교육청","경기도고양교육지원청","경기도 고양시 덕양구","S090007375","향동초등학교","02","공립","N","","29","738","29","0","1260000","2","18","2","0","530000"
"경기도교육청","경기도고양교육지원청","경기도 고양시 덕양구","S090007378","지축초등학교","02","공립","N","","54","1071","54","2","4320000","0","0","0","0","0"
"경기도교육청","경기도화성오산교육지원청","경기도 화성시 동탄구","S090007396","여울초등학교","02","공립","N","","12","884","44","0","0","0","0","0","0","0"
"경기도교육청","경기도화성오산교육지원청","경기도 화성시 동탄구","S090007397","늘봄초등학교","02","공립","N","","16","354","16","0","3200000","0","0","0","0","0"
"경기도교육청","경기도평택교육지원청","경기도 평택시","S090007398","평택서재초등학교","02","공립","N","","58","1550","58","0","4200000","2","34","2","2","8500000"
"경기도교육청","경기도구리남양주교육지원청","경기도 남양주시","S090007407","다산하늘초등학교","02","공립","N","","6","861","32","0","0","0","0","0","0","0"
"경기도교육청","경기도구리남양주교육지원청","경기도 남양주시","S090007424","은솔초등학교","02","공립","N","","23","565","23","11","0","24","582","25","0","3524000"
"경기도교육청","경기도광주하남교육지원청","경기도 하남시","S090007435","위례숲초등학교","02","공립","N","","54","1456","54","1","9600000","0","0","0","0","0"
"경기도교육청","경기도광주하남교육지원청","경기도 하남시","S090007436","신우초등학교","02","공립","N","","23","574","23","0","1450000","0","0","0","0","0"
"경기도교육청","경기도시흥교육지원청","경기도 시흥시","S090007437","한여울초등학교","02","공립","N","","20","529","20","0","3450000","0","0","0","0","0"
"경기도교육청","경기도구리남양주교육지원청","경기도 남양주시","S090007443","하랑초등학교","02","공립","N","","6","693","29","0","0","0","0","0","0","0"
"경기도교육청","경기도평택교육지원청","경기도 평택시","S090007450","세아초등학교","02","공립","N","","27","650","27","9","3000000","1","15","1","0","530000"
"경기도교육청","경기도성남교육지원청","경기도 성남시 분당구","S090007517","판교대장초등학교","02","공립","N","","34","886","34","0","0","7","33","7","0","500000"
"경기도교육청","경기도광주하남교육지원청","경기도 하남시","S090007520","단샘초등학교","02","공립","N","","26","646","26","0","0","0","0","0","0","0"
"경기도교육청","경기도화성오산교육지원청","경기도 화성시 병점구","S090007523","새봄초등학교","02","공립","N","","31","791","31","26","0","0","0","0","0","0"
"경기도교육청","경기도파주교육지원청","경기도 파주시","S090007576","초롱초등학교","02","공립","N","","27","622","27","0","2100000","8","74","8","0","2000000"
"경기도교육청","경기도구리남양주교육지원청","경기도 남양주시","S090007581","다산별빛초등학교","02","공립","N","","21","524","21","0","0","0","0","0","0","0"
"경기도교육청","경기도파주교육지원청","경기도 파주시","S090007583","다율초등학교","02","공립","Y","5월 1일 기준 동아리 활동 미실시","","","","","","","","","",""
"경기도교육청","경기도고양교육지원청","경기도 고양시 덕양구","S090007603","원흥초등학교","02","공립","N","","15","356","15","0","5000000","0","0","0","0","0"
"경기도교육청","경기도평택교육지원청","경기도 평택시","S090007607","평택모산초등학교","02","공립","N","","24","631","24","0","0","9","105","9","0","4100000"
"경기도교육청","경기도시흥교육지원청","경기도 시흥시","S090007611","시흥가온초등학교","02","공립","N","","6","1302","47","0","2400000","0","0","0","0","0"
"경기도교육청","경기도김포교육지원청","경기도 김포시","S090007614","향산초등학교","02","공립","N","","37","1049","37","0","0","0","0","0","0","0"
"경기도교육청","경기도김포교육지원청","경기도 김포시","S090007616","김포나진초등학교","02","공립","N","","44","1168","44","0","0","0","0","0","0","0"
"경기도교육청","경기도김포교육지원청","경기도 김포시","S090007618","김포구래초등학교","02","공립","N","","33","859","33","1","12150000","0","0","0","0","0"
"경기도교육청","경기도포천교육지원청","경기도 포천시","S090007911","포담초등학교","02","공립","N","","14","236","14","0","0","0","0","0","0","0"