"시도교육청","교육지원청","지역","정보공시 학교코드","학교명","학교급코드","설립구분","제외여부","제외사유","동아리수","참여학생수","지도교사수","자원봉사 또는외부강사수","동아리활동 예산지원현황","동아리수","참여학생수","지도교사수","자원봉사 또는외부강사수","동아리활동 예산지원현황"
"경기도교육청","경기도가평교육지원청","경기도 가평군","S090000881","가평마장초등학교","02","공립","N","","5","35","5","0","3000000","1","3","1","0","1000000"
"경기도교육청","경기도가평교육지원청","경기도 가평군","S090000882","가평초등학교","02","공립","N","","28","680","28","0","0","0","0","0","0","0"
"경기도교육청","경기도가평교육지원청","경기도 가평군","S090000885","대성초등학교","02","공립","N","","6","64","6","0","6618000","1","8","4","0","4240000"
"경기도교육청","경기도가평교육지원청","경기도 가평군","S090000890","목동초등학교","02","공립","N","","6","39","8","8","33300000","0","0","0","0","0"
"경기도교육청","경기도가평교육지원청","경기도 가평군","S090000892","목동초등학교명지분교장","02","공립","Y","본교통합작성","","","","","","","","","",""
"경기도교육청","경기도가평교육지원청","경기도 가평군","S090000895","미원초등학교","02","공립","N","","12","197","12","8","0","0","0","0","0","0"
"경기도교육청","경기도가평교육지원청","경기도 가평군","S090000899","미원초등학교위곡분교장","02","공립","Y","본교통합작성","","","","","","","","","",""
"경기도교육청","경기도가평교육지원청","경기도 가평군","S090000900","미원초등학교장락분교장","02","공립","Y","본교에서 분교장 데이터 포함하여 통합 공시","","","","","","","","","",""
"경기도교육청","경기도가평교육지원청","경기도 가평군","S090000901","방일초등학교","02","공립","N","","8","52","8","8","20200000","0","0","0","0","0"
"경기도교육청","경기도가평교육지원청","경기도 가평군","S090000905","상면초등학교","02","공립","N","","6","34","6","0","1800000","0","0","0","0","0"
"경기도교육청","경기도가평교육지원청","경기도 가평군","S090000906","상색초등학교","02","공립","N","","7","66","7","7","20560000","0","0","0","0","0"
"경기도교육청","경기도가평교육지원청","경기도 가평군","S090000908","상천초등학교","02","공립","N","","6","43","6","6","22000000","4","57","4","0","2000000"
"경기도교육청","경기도가평교육지원청","경기도 가평군","S090000910","연하초등학교","02","공립","N","","6","67","6","0","0","1","24","1","1","8520000"
"경기도교육청","경기도가평교육지원청","경기도 가평군","S090000914","율길초등학교","02","공립","N","","7","56","7","0","7000000","0","0","0","0","0"
"경기도교육청","경기도가평교육지원청","경기도 가평군","S090000916","조종초등학교","02","공립","N","","12","280","12","0","0","2","30","2","1","8320000"
"경기도교육청","경기도가평교육지원청","경기도 가평군","S090000920","청평초등학교","02","공립","N","","12","237","12","0","0","3","42","3","0","1000000"
"경기도교육청","경기도고양교육지원청","경기도 고양시 덕양구","S090000974","가람초등학교","02","공립","N","","16","308","16","1","3080000","4","20","4","0","1020000"
"경기도교육청","경기도고양교육지원청","경기도 고양시 일산서구","S090000975","강선초등학교","02","공립","N","","21","507","21","0","300000","0","0","0","0","0"
"경기도교육청","경기도고양교육지원청","경기도 고양시 일산동구","S090000976","고봉초등학교","02","공립","N","","16","323","16","0","0","0","0","0","0","0"
"경기도교육청","경기도고양교육지원청","경기도 고양시 일산동구","S090000977","고양백석초등학교","02","공립","N","","23","449","24","0","4600000","0","0","0","0","0"
"경기도교육청","경기도고양교육지원청","경기도 고양시 일산서구","S090000978","고양신일초등학교","02","공립","N","","6","840","35","2","2600000","1","42","1","1","6500000"
"경기도교육청","경기도고양교육지원청","경기도 고양시 덕양구","S090000979","고양용현초등학교","02","공립","N","","13","246","13","2","4098000","0","0","0","0","0"
"경기도교육청","경기도고양교육지원청","경기도 고양시 덕양구","S090000980","고양초등학교","02","공립","N","","16","375","14","6","1920000","1","6","1","0","300000"
"경기도교육청","경기도고양교육지원청","경기도 고양시 덕양구","S090000981","고양화수초등학교","02","공립","N","","18","436","18","3","2640000","0","0","0","0","0"
"경기도교육청","경기도고양교육지원청","경기도 고양시 덕양구","S090000982","고양화정초등학교","02","공립","N","","39","953","39","0","0","1","27","1","0","2000000"
"경기도교육청","경기도고양교육지원청","경기도 고양시 일산동구","S090000983","금계초등학교","02","공립","N","","21","457","21","0","0","0","0","0","0","0"
"경기도교육청","경기도고양교육지원청","경기도 고양시 일산동구","S090000984","낙민초등학교","02","공립","N","","24","548","24","0","4800000","1","59","1","2","8250000"
"경기도교육청","경기도고양교육지원청","경기도 고양시 덕양구","S090000985","내유초등학교","02","공립","N","","29","683","29","0","0","1","4","1","0","0"
"경기도교육청","경기도고양교육지원청","경기도 고양시 일산동구","S090000986","냉천초등학교","02","공립","N","","6","316","15","2","9600000","2","18","2","1","1660000"
"경기도교육청","경기도고양교육지원청","경기도 고양시 덕양구","S090000987","능곡초등학교","02","공립","N","","26","595","26","0","700000","2","30","2","0","800000"
"경기도교육청","경기도고양교육지원청","경기도 고양시 덕양구","S090000988","대곡초등학교","02","공립","N","","8","88","10","2","3760000","2","12","2","0","320000"
"경기도교육청","경기도고양교육지원청","경기도 고양시 일산서구","S090000989","대화초등학교","02","공립","N","","8","388","16","6","1600000","1","6","1","0","640000"
"경기도교육청","경기도고양교육지원청","경기도 고양시 덕양구","S090000990","덕은초등학교","02","공립","N","","14","182","15","0","1400000","0","0","0","0","0"
"경기도교육청","경기도고양교육지원청","경기도 고양시 일산서구","S090000991","덕이초등학교","02","공립","N","","12","219","12","0","1200000","12","219","12","0","0"
"경기도교육청","경기도고양교육지원청","경기도 고양시 덕양구","S090000992","무원초등학교","02","공립","N","","6","689","25","0","1200000","0","0","0","0","0"
"경기도교육청","경기도고양교육지원청","경기도 고양시 일산서구","S090000993","문촌초등학교","02","공립","N","","13","270","14","2","6300000","3","71","3","0","3600000"
"경기도교육청","경기도고양교육지원청","경기도 고양시 일산서구","S090000994","문화초등학교","02","공립","N","","27","620","27","0","2400000","0","0","0","0","0"
"경기도교육청","경기도고양교육지원청","경기도 고양시 일산동구","S090000995","백마초등학교","02","공립","N","","21","461","24","0","800000","0","0","0","0","0"
"경기도교육청","경기도고양교육지원청","경기도 고양시 일산동구","S090000998","백신초등학교","02","공립","N","","16","365","16","0","0","3","25","3","0","900000"
"경기도교육청","경기도고양교육지원청","경기도 고양시 덕양구","S090000999","백양초등학교","02","공립","N","","9","170","9","2","3500000","11","87","11","0","1000000"
"경기도교육청","경기도고양교육지원청","경기도 고양시 일산동구","S090001000","벽제초등학교","02","공립","N","","12","202","14","0","0","0","0","0","0","0"
"경기도교육청","경기도고양교육지원청","경기도 고양시 덕양구","S090001001","삼송초등학교","02","공립","N","","33","789","33","0","0","4","16","4","0","1500000"
"경기도교육청","경기도고양교육지원청","경기도 고양시 일산서구","S090001002","상탄초등학교","02","공립","N","","31","693","31","0","2000000","0","0","0","0","0"
"경기도교육청","경기도고양교육지원청","경기도 고양시 덕양구","S090001003","성라초등학교","02","공립","N","","17","363","17","0","0","0","0","0","0","0"
"경기도교육청","경기도고양교육지원청","경기도 고양시 덕양구","S090001004","성사초등학교","02","공립","N","","28","611","28","2","0","0","0","0","0","0"
"경기도교육청","경기도고양교육지원청","경기도 고양시 일산동구","S090001005","성석초등학교","02","공립","N","","6","77","6","6","4320000","0","0","0","0","0"
"경기도교육청","경기도고양교육지원청","경기도 고양시 덕양구","S090001006","성신초등학교","02","공립","N","","17","364","17","0","1600000","0","0","0","0","0"
"경기도교육청","경기도고양교육지원청","경기도 고양시 일산서구","S090001007","성저초등학교","02","공립","N","","19","266","19","0","1350000","0","0","0","0","0"
"경기도교육청","경기도고양교육지원청","경기도 고양시 덕양구","S090001008","소만초등학교","02","공립","N","","12","248","12","0","0","0","0","0","0","0"
"경기도교육청","경기도고양교육지원청","경기도 고양시 일산서구","S090001009","송포초등학교","02","공립","N","","16","315","16","1","2400000","1","21","1","0","2000000"
"경기도교육청","경기도고양교육지원청","경기도 고양시 일산동구","S090001010","일산은행초등학교","02","공립","N","","12","236","12","3","7200000","1","12","1","1","5000000"
"경기도교육청","경기도고양교육지원청","경기도 고양시 덕양구","S090001011","신능초등학교","02","공립","N","","9","138","9","0","0","9","138","9","0","1000000"
"경기도교육청","경기도고양교육지원청","경기도 고양시 덕양구","S090001012","신원초등학교","02","공립","N","","50","1247","50","0","0","3","49","4","4","23740000"
"경기도교육청","경기도고양교육지원청","경기도 고양시 일산서구","S090001014","신촌초등학교","02","공립","N","","25","406","25","0","2400000","13","157","13","0","1550000"
"경기도교육청","경기도고양교육지원청","경기도 고양시 일산동구","S090001015","안곡초등학교","02","공립","N","","6","380","17","0","5460000","3","21","3","0","1000000"
"경기도교육청","경기도고양교육지원청","경기도 고양시 일산서구","S090001016","오마초등학교","02","공립","N","","49","1234","49","0","0","0","0","0","0","0"
"경기도교육청","경기도고양교육지원청","경기도 고양시 덕양구","S090001017","용두초등학교","02","공립","N","","6","37","6","1","7200000","0","0","0","0","0"
"경기도교육청","경기도고양교육지원청","경기도 고양시 덕양구","S090001018","용정초등학교","02","공립","N","","6","97","3","3","5120000","1","6","1","0","400000"
"경기도교육청","경기도고양교육지원청","경기도 고양시 덕양구","S090001019","원당초등학교","02","공립","N","","15","289","15","0","0","0","0","0","0","0"
"경기도교육청","경기도고양교육지원청","경기도 고양시 일산동구","S090001020","원중초등학교","02","공립","N","","6","1456","56","0","0","0","0","0","0","0"
"경기도교육청","경기도고양교육지원청","경기도 고양시 일산동구","S090001021","율동초등학교","02","공립","N","","12","222","12","12","4800000","4","17","4","0","1000000"
"경기도교육청","경기도고양교육지원청","경기도 고양시 일산서구","S090001023","일산초등학교","02","공립","N","","16","305","16","0","0","4","46","4","3","3680000"
"경기도교육청","경기도고양교육지원청","경기도 고양시 일산서구","S090001024","장성초등학교","02","공립","N","","14","289","14","0","0","6","41","6","0","2200000"
"경기도교육청","경기도고양교육지원청","경기도 고양시 일산서구","S090001025","장촌초등학교","02","공립","N","","22","213","22","0","4000000","0","0","0","0","0"
"경기도교육청","경기도고양교육지원청","경기도 고양시 일산동구","S090001026","저동초등학교","02","공립","N","","15","294","15","0","3500000","0","0","0","0","0"
"경기도교육청","경기도고양교육지원청","경기도 고양시 일산동구","S090001027","정발초등학교","02","공립","N","","83","874","83","14","1430000","3","120","3","10","1590000"
"경기도교육청","경기도고양교육지원청","경기도 고양시 일산서구","S090001028","주엽초등학교","02","공립","N","","15","280","15","0","0","0","0","0","0","0"
"경기도교육청","경기도고양교육지원청","경기도 고양시 일산동구","S090001029","중산초등학교","02","공립","N","","16","358","16","0","1000000","4","23","4","0","400000"
"경기도교육청","경기도고양교육지원청","경기도 고양시 덕양구","S090001030","지도초등학교","02","공립","N","","24","488","24","0","0","4","36","4","4","400000"
"경기도교육청","경기도고양교육지원청","경기도 고양시 덕양구","S090001032","토당초등학교","02","공립","N","","16","155","16","4","2120000","3","23","3","0","300000"
"경기도교육청","경기도고양교육지원청","경기도 고양시 일산동구","S090001033","풍산초등학교","02","공립","N","","27","621","27","0","1600000","2","10","2","0","0"
"경기도교육청","경기도고양교육지원청","경기도 고양시 일산서구","S090001034","한수초등학교","02","공립","N","","22","450","22","3","0","2","15","2","0","600000"
"경기도교육청","경기도고양교육지원청","경기도 고양시 덕양구","S090001035","행남초등학교","02","공립","N","","8","131","8","0","0","0","0","0","0","0"
"경기도교육청","경기도고양교육지원청","경기도 고양시 덕양구","S090001036","행신초등학교","02","공립","N","","13","218","13","5","9360000","6","40","6","0","1200000"
"경기도교육청","경기도고양교육지원청","경기도 고양시 덕양구","S090001037","행주초등학교","02","공립","N","","6","37","6","2","6000000","0","0","0","0","0"
"경기도교육청","경기도고양교육지원청","경기도 고양시 일산서구","S090001038","현산초등학교","02","공립","N","","26","618","26","0","600000","0","0","0","0","0"
"경기도교육청","경기도고양교육지원청","경기도 고양시 일산서구","S090001039","호곡초등학교","02","공립","N","","44","1042","44","0","800000","0","0","0","0","0"
"경기도교육청","경기도고양교육지원청","경기도 고양시 일산동구","S090001040","호수초등학교","02","공립","N","","19","280","19","0","0","2","41","2","2","9500000"
"경기도교육청","경기도고양교육지원청","경기도 고양시 덕양구","S090001041","화중초등학교","02","공립","N","","16","353","16","6","5680000","9","102","9","0","3000000"
"경기도교육청","경기도고양교육지원청","경기도 고양시 일산서구","S090001042","황룡초등학교","02","공립","N","","10","209","10","0","0","5","102","5","0","0"
"경기도교육청","경기도고양교육지원청","경기도 고양시 덕양구","S090001043","흥도초등학교","02","공립","N","","6","1142","47","0","0","4","50","5","3","5190000"
"경기도교육청","경기도광명교육지원청","경기도 광명시","S090001199","가림초등학교","02","공립","N","","19","410","19","5","6000000","0","0","0","0","0"
"경기도교육청","경기도광명교육지원청","경기도 광명시","S090001201","광명광덕초등학교","02","공립","N","","27","669","27","1","0","9","217","9","0","2600000"
"경기도교육청","경기도광명교육지원청","경기도 광명시","S090001202","광명광성초등학교","02","공립","N","","5","116","5","1","2000000","0","0","0","0","0"
"경기도교육청","경기도광명교육지원청","경기도 광명시","S090001203","광명남초등학교","02","공립","N","","22","515","23","0","0","0","0","0","0","0"
"경기도교육청","경기도광명교육지원청","경기도 광명시","S090001204","광명동초등학교","02","공립","N","","3","58","6","2","1000000","0","0","0","0","0"
"경기도교육청","경기도광명교육지원청","경기도 광명시","S090001205","광명북초등학교","02","공립","N","","23","490","23","0","20700000","8","93","8","5","21517950"
"경기도교육청","경기도광명교육지원청","경기도 광명시","S090001206","광명서초등학교","02","공립","N","","22","547","18","4","2000000","0","0","0","0","0"
"경기도교육청","경기도광명교육지원청","경기도 광명시","S090001207","광명초등학교","02","공립","N","","6","544","24","2","2000000","0","0","0","0","0"
"경기도교육청","경기도광명교육지원청","경기도 광명시","S090001208","광문초등학교","02","공립","N","","34","807","34","0","2000000","0","0","0","0","0"
"경기도교육청","경기도광명교육지원청","경기도 광명시","S090001210","광일초등학교","02","공립","N","","24","562","24","4","875000","10","160","10","0","2125000"
"경기도교육청","경기도광명교육지원청","경기도 광명시","S090001211","도덕초등학교","02","공립","N","","7","432","19","0","2500000","0","0","0","0","0"
"경기도교육청","경기도광명교육지원청","경기도 광명시","S090001212","서면초등학교","02","공립","N","","7","370","16","5","10500000","0","0","0","0","0"
"경기도교육청","경기도광명교육지원청","경기도 광명시","S090001213","소하초등학교","02","공립","N","","24","577","24","0","2000000","7","140","6","1","4200000"
"경기도교육청","경기도광명교육지원청","경기도 광명시","S090001214","안서초등학교","02","공립","N","","13","86","13","0","10700000","0","0","0","0","0"
"경기도교육청","경기도광명교육지원청","경기도 광명시","S090001215","연서초등학교","02","공립","N","","14","269","14","0","2000000","0","0","0","0","0"
"경기도교육청","경기도광명교육지원청","경기도 광명시","S090001216","온신초등학교","02","공립","N","","5","38","8","2","1500000","0","0","0","0","0"
"경기도교육청","경기도광명교육지원청","경기도 광명시","S090001217","철산초등학교","02","공립","N","","51","1244","51","0","2550000","0","0","0","0","0"
"경기도교육청","경기도광명교육지원청","경기도 광명시","S090001218","하안남초등학교","02","공립","N","","12","203","12","2","5200000","0","0","0","0","0"
"경기도교육청","경기도광명교육지원청","경기도 광명시","S090001219","하안북초등학교","02","공립","N","","13","275","13","0","1991000","0","0","0","0","0"
"경기도교육청","경기도광명교육지원청","경기도 광명시","S090001220","하안초등학교","02","공립","N","","16","335","16","0","2000000","0","0","0","0","0"
"경기도교육청","경기도광명교육지원청","경기도 광명시","S090001221","하일초등학교","02","공립","N","","13","283","13","2","2000000","0","0","0","0","0"
"경기도교육청","경기도광주하남교육지원청","경기도 광주시","S090001279","경안초등학교","02","공립","N","","12","291","14","4","7200000","1","20","1","1","4200000"
"경기도교육청","경기도광주하남교육지원청","경기도 광주시","S090001281","곤지암초등학교","02","공립","N","","28","361","28","0","1000000","0","0","0","0","0"
"경기도교육청","경기도광주하남교육지원청","경기도 광주시","S090001282","광남초등학교","02","공립","N","","38","922","38","0","0","0","0","0","0","0"
"경기도교육청","경기도광주하남교육지원청","경기도 광주시","S090001284","광주광명초등학교","02","공립","N","","35","873","35","0","0","0","0","0","0","0"
"경기도교육청","경기도광주하남교육지원청","경기도 광주시","S090001285","광주매곡초등학교","02","공립","N","","39","997","39","0","0","0","0","0","0","0"
"경기도교육청","경기도광주하남교육지원청","경기도 광주시","S090001286","광주초등학교","02","공립","N","","41","1029","41","0","0","0","0","0","0","0"
"경기도교육청","경기도광주하남교육지원청","경기도 광주시","S090001288","광지원초등학교","02","공립","N","","12","60","7","12","8900000","0","0","0","0","0"
"경기도교육청","경기도광주하남교육지원청","경기도 광주시","S090001289","남한산초등학교","02","공립","N","","7","93","7","0","1000000","0","0","0","0","0"
"경기도교육청","경기도광주하남교육지원청","경기도 하남시","S090001290","덕풍초등학교","02","공립","N","","22","486","22","3","14640000","1","10","1","1","475000"
"경기도교육청","경기도광주하남교육지원청","경기도 광주시","S090001291","도곡초등학교","02","공립","N","","37","806","37","0","4000000","3","60","2","1","4400000"
"경기도교육청","경기도광주하남교육지원청","경기도 광주시","S090001292","도궁초등학교","02","공립","N","","7","55","9","0","600000","0","0","0","0","0"
"경기도교육청","경기도광주하남교육지원청","경기도 광주시","S090001293","도수초등학교","02","공립","N","","20","438","20","15","4550000","0","0","0","0","0"
"경기도교육청","경기도구리남양주교육지원청","경기도 남양주시","S090001294","도심초등학교","02","공립","N","","16","312","16","0","1600000","0","0","0","0","0"
"경기도교육청","경기도광주하남교육지원청","경기도 광주시","S090001295","도척초등학교","02","공립","N","","7","143","7","0","0","0","0","0","0","0"
"경기도교육청","경기도광주하남교육지원청","경기도 하남시","S090001296","동부초등학교","02","공립","N","","23","493","27","4","0","7","73","7","0","1000000"
"경기도교육청","경기도광주하남교육지원청","경기도 광주시","S090001298","만선초등학교","02","공립","N","","6","66","6","1","800000","2","22","2","1","600000"
"경기도교육청","경기도광주하남교육지원청","경기도 하남시","S090001299","망월초등학교","02","공립","N","","77","1930","77","66","19560000","2","15","2","0","500000"
"경기도교육청","경기도광주하남교육지원청","경기도 광주시","S090001301","번천초등학교","02","공립","N","","6","59","6","0","1950000","0","0","0","0","0"
"경기도교육청","경기도광주하남교육지원청","경기도 광주시","S090001302","분원초등학교","02","공립","N","","5","61","5","0","0","0","0","0","0","0"
"경기도교육청","경기도광주하남교육지원청","경기도 하남시","S090001305","산곡초등학교","02","공립","N","","12","102","6","6","6090000","0","0","0","0","0"
"경기도교육청","경기도광주하남교육지원청","경기도 광주시","S090001306","삼리초등학교","02","공립","N","","21","449","21","0","0","3","41","3","0","500000"
"경기도교육청","경기도광주하남교육지원청","경기도 하남시","S090001307","서부초등학교","02","공립","N","","7","84","7","1","6000000","0","0","0","0","0"
"경기도교육청","경기도광주하남교육지원청","경기도 광주시","S090001308","선동초등학교","02","공립","N","","7","42","8","0","400000","0","0","0","0","0"
"경기도교육청","경기도광주하남교육지원청","경기도 하남시","S090001309","신장초등학교","02","공립","N","","38","939","38","2","3150000","18","441","18","0","0"
"경기도교육청","경기도광주하남교육지원청","경기도 광주시","S090001310","쌍령초등학교","02","공립","N","","15","315","15","0","0","1","7","1","0","200000"
"경기도교육청","경기도광주하남교육지원청","경기도 광주시","S090001311","오포초등학교","02","공립","N","","26","563","26","0","1000000","1","12","1","0","360000"
"경기도교육청","경기도광주하남교육지원청","경기도 하남시","S090001312","창우초등학교","02","공립","N","","20","404","20","3","16000000","0","0","0","0","0"
"경기도교육청","경기도광주하남교육지원청","경기도 광주시","S090001314","초월초등학교","02","공립","N","","7","108","7","0","350000","0","0","0","0","0"
"경기도교육청","경기도광주하남교육지원청","경기도 광주시","S090001315","탄벌초등학교","02","공립","N","","49","1223","49","0","0","0","0","0","0","0"
"경기도교육청","경기도광주하남교육지원청","경기도 광주시","S090001316","태전초등학교","02","공립","N","","22","525","22","0","4920000","2","21","2","0","1200000"
"경기도교육청","경기도광주하남교육지원청","경기도 하남시","S090001317","하남천현초등학교","02","공립","N","","11","180","11","0","400000","0","0","0","0","0"
"경기도교육청","경기도광주하남교육지원청","경기도 하남시","S090001318","하남초등학교","02","공립","N","","6","393","17","5","4100000","3","28","3","0","1500000"
"경기도교육청","경기도군포의왕교육지원청","경기도 의왕시","S090001380","갈뫼초등학교","02","공립","N","","20","384","17","8","6660000","2","30","2","1","8500000"
"경기도교육청","경기도군포의왕교육지원청","경기도 의왕시","S090001381","고천초등학교","02","공립","N","","15","327","15","2","27360000","0","0","0","0","0"
"경기도교육청","경기도군포의왕교육지원청","경기도 군포시","S090001382","곡란초등학교","02","공립","N","","14","167","14","0","0","4","69","3","2","2000000"
"경기도교육청","경기도군포의왕교육지원청","경기도 군포시","S090001383","관모초등학교","02","공립","N","","10","160","16","0","1000000","0","0","0","0","0"
"경기도교육청","경기도군포의왕교육지원청","경기도 군포시","S090001384","광정초등학교","02","공립","N","","23","395","23","0","0","1","13","1","1","1600000"
"경기도교육청","경기도군포의왕교육지원청","경기도 군포시","S090001385","군포양정초등학교","02","공립","N","","25","572","25","25","0","18","417","18","0","0"
"경기도교육청","경기도군포의왕교육지원청","경기도 군포시","S090001386","군포옥천초등학교","02","공립","N","","8","360","5","5","13600000","0","0","0","0","0"
"경기도교육청","경기도군포의왕교육지원청","경기도 군포시","S090001387","군포초등학교","02","공립","N","","29","720","30","0","0","3","45","3","1","460000000"
"경기도교육청","경기도군포의왕교육지원청","경기도 군포시","S090001388","군포화산초등학교","02","공립","N","","11","144","11","0","1000000","0","0","0","0","0"
"경기도교육청","경기도군포의왕교육지원청","경기도 군포시","S090001389","궁내초등학교","02","공립","N","","23","472","23","0","2250000","0","0","0","0","0"
"경기도교육청","경기도군포의왕교육지원청","경기도 군포시","S090001390","금정초등학교","02","공립","N","","24","470","24","14","8600000","0","0","0","0","0"
"경기도교육청","경기도군포의왕교육지원청","경기도 의왕시","S090001391","내손초등학교","02","공립","N","","9","142","9","0","6180000","1","5","1","0","150000"
"경기도교육청","경기도군포의왕교육지원청","경기도 군포시","S090001392","능내초등학교","02","공립","N","","18","405","18","0","7200000","1","33","1","1","5600000"
"경기도교육청","경기도군포의왕교육지원청","경기도 의왕시","S090001393","덕장초등학교","02","공립","N","","16","375","16","6","23470000","0","0","0","0","0"
"경기도교육청","경기도군포의왕교육지원청","경기도 군포시","S090001394","도장초등학교","02","공립","N","","6","80","6","0","5600000","0","0","0","0","0"
"경기도교육청","경기도군포의왕교육지원청","경기도 군포시","S090001395","둔대초등학교","02","공립","N","","7","105","7","0","0","6","51","6","0","6100000"
"경기도교육청","경기도군포의왕교육지원청","경기도 군포시","S090001396","둔전초등학교","02","공립","N","","23","565","23","0","0","0","0","0","0","0"
"경기도교육청","경기도군포의왕교육지원청","경기도 의왕시","S090001397","백운초등학교","02","공립","N","","19","406","19","5","8000000","0","0","0","0","0"
"경기도교육청","경기도군포의왕교육지원청","경기도 군포시","S090001399","산본초등학교","02","공립","N","","7","587","22","0","2200000","1","4","1","0","0"
"경기도교육청","경기도군포의왕교육지원청","경기도 군포시","S090001400","수리초등학교","02","공립","N","","8","143","8","0","2000000","0","0","0","0","0"
"경기도교육청","경기도군포의왕교육지원청","경기도 군포시","S090001401","신흥초등학교","02","공립","N","","15","273","15","0","2800000","4","30","4","0","1000000"
"경기도교육청","경기도군포의왕교육지원청","경기도 군포시","S090001403","오금초등학교","02","공립","N","","13","217","13","0","2270000","0","0","0","0","0"
"경기도교육청","경기도군포의왕교육지원청","경기도 의왕시","S090001404","오전초등학교","02","공립","N","","11","160","11","0","2200000","3","29","3","1","5320000"
"경기도교육청","경기도군포의왕교육지원청","경기도 의왕시","S090001405","왕곡초등학교","02","공립","N","","14","313","14","0","2400000","2","42","2","0","4200000"
"경기도교육청","경기도군포의왕교육지원청","경기도 군포시","S090001406","용호초등학교","02","공립","N","","12","237","12","3","9600000","1","20","1","1","3000000"
"경기도교육청","경기도군포의왕교육지원청","경기도 의왕시","S090001407","의왕덕성초등학교","02","공립","N","","9","809","34","6","0","3","40","3","0","2360000"
"경기도교육청","경기도군포의왕교육지원청","경기도 의왕시","S090001408","의왕부곡초등학교","02","공립","N","","16","338","16","0","4200000","0","0","0","0","0"
"경기도교육청","경기도군포의왕교육지원청","경기도 의왕시","S090001409","의왕초등학교","02","공립","N","","35","832","35","0","0","7","46","7","0","500000"
"경기도교육청","경기도군포의왕교육지원청","경기도 군포시","S090001410","태을초등학교","02","공립","N","","16","342","16","0","0","1","19","1","1","3200000"
"경기도교육청","경기도군포의왕교육지원청","경기도 군포시","S090001413","흥진초등학교","02","공립","N","","21","408","21","0","0","2","45","1","2","5600000"
"경기도교육청","경기도김포교육지원청","경기도 김포시","S090001498","감정초등학교","02","공립","N","","29","681","29","0","0","1","10","1","0","1000000"
"경기도교육청","경기도김포교육지원청","경기도 김포시","S090001499","개곡초등학교","02","공립","N","","6","86","6","0","0","0","0","0","0","0"
"경기도교육청","경기도김포교육지원청","경기도 김포시","S090001501","고창초등학교","02","공립","N","","25","582","25","0","0","2","30","3","0","1700000"
"경기도교육청","경기도김포교육지원청","경기도 김포시","S090001502","고촌초등학교","02","공립","N","","21","490","21","0","0","5","118","7","0","5400000"
"경기도교육청","경기도김포교육지원청","경기도 김포시","S090001503","금란초등학교","02","공립","N","","11","193","11","0","2450000","0","0","0","0","0"
"경기도교육청","경기도김포교육지원청","경기도 김포시","S090001504","금성초등학교","02","공립","N","","6","46","6","1","0","0","0","0","0","0"
"경기도교육청","경기도김포교육지원청","경기도 김포시","S090001505","금파초등학교","02","공립","N","","19","399","19","0","990000","0","0","0","0","0"
"경기도교육청","경기도김포교육지원청","경기도 김포시","S090001506","양도초등학교","02","공립","N","","22","508","22","0","2200000","0","0","0","0","0"
"경기도교육청","경기도김포교육지원청","경기도 김포시","S090001507","김포대명초등학교","02","공립","N","","6","58","6","6","9760000","0","0","0","0","0"
"경기도교육청","경기도김포교육지원청","경기도 김포시","S090001508","김포서초등학교","02","공립","N","","18","412","18","0","0","0","0","0","0","0"
"경기도교육청","경기도김포교육지원청","경기도 김포시","S090001509","김포초등학교","02","공립","N","","12","208","12","0","0","0","0","0","0","0"
"경기도교육청","경기도김포교육지원청","경기도 김포시","S090001512","대곶초등학교","02","공립","N","","11","147","11","11","12100000","0","0","0","0","0"
"경기도교육청","경기도김포교육지원청","경기도 김포시","S090001514","마송초등학교","02","공립","N","","13","308","13","2","9120000","0","0","0","0","0"
"경기도교육청","경기도김포교육지원청","경기도 김포시","S090001516","사우초등학교","02","공립","N","","6","571","26","0","0","1","10","1","0","500000"
"경기도교육청","경기도김포교육지원청","경기도 김포시","S090001517","서암초등학교","02","공립","N","","10","152","10","0","0","5","55","5","0","1620000"
"경기도교육청","경기도김포교육지원청","경기도 김포시","S090001518","석정초등학교","02","공립","N","","6","70","6","2","4635000","0","0","0","0","0"
"경기도교육청","경기도김포교육지원청","경기도 김포시","S090001519","수남초등학교","02","공립","N","","6","63","6","0","1500000","0","0","0","0","0"
"경기도교육청","경기도김포교육지원청","경기도 김포시","S090001520","양곡초등학교","02","공립","N","","16","328","16","2","7200000","0","0","0","0","0"
"경기도교육청","경기도김포교육지원청","경기도 김포시","S090001521","옹정초등학교","02","공립","N","","6","52","6","4","14700000","2","15","2","0","2700000"
"경기도교육청","경기도김포교육지원청","경기도 김포시","S090001522","운양초등학교","02","공립","N","","58","1195","58","0","0","11","76","11","3","10200000"
"경기도교육청","경기도김포교육지원청","경기도 김포시","S090001523","월곶초등학교","02","공립","N","","6","54","6","0","900000","0","0","0","0","0"
"경기도교육청","경기도김포교육지원청","경기도 김포시","S090001525","유현초등학교","02","공립","N","","53","1274","53","0","0","1","8","1","1","1500000"
"경기도교육청","경기도김포교육지원청","경기도 김포시","S090001527","풍무초등학교","02","공립","N","","35","864","35","0","3500000","0","0","0","0","0"
"경기도교육청","경기도김포교육지원청","경기도 김포시","S090001528","하성초등학교","02","공립","N","","8","135","8","0","0","4","29","3","1","480000"
"경기도교육청","경기도김포교육지원청","경기도 김포시","S090001529","학운초등학교","02","공립","N","","12","219","12","5","14000000","5","43","5","0","1800000"
"경기도교육청","경기도구리남양주교육지원청","경기도 남양주시","S090001600","가곡초등학교","02","공립","N","","18","415","21","3","2700000","1","10","1","0","1000000"
"경기도교육청","경기도구리남양주교육지원청","경기도 남양주시","S090001601","가양초등학교","02","공립","N","","6","33","6","0","1200000","0","0","0","0","0"
"경기도교육청","경기도구리남양주교육지원청","경기도 구리시","S090001603","갈매초등학교","02","공립","N","","54","1359","54","0","0","7","86","7","5","7800000"
"경기도교육청","경기도구리남양주교육지원청","경기도 남양주시","S090001604","광릉초등학교","02","공립","N","","12","220","12","0","2400000","0","0","0","0","0"
"경기도교육청","경기도구리남양주교육지원청","경기도 구리시","S090001605","교문초등학교","02","공립","N","","17","359","17","0","0","0","0","0","0","0"
"경기도교육청","경기도구리남양주교육지원청","경기도 구리시","S090001606","구리초등학교","02","공립","N","","18","375","18","0","0","0","0","0","0","0"
"경기도교육청","경기도구리남양주교육지원청","경기도 구리시","S090001607","구지초등학교","02","공립","N","","22","513","22","0","0","0","0","0","0","0"
"경기도교육청","경기도구리남양주교육지원청","경기도 남양주시","S090001608","금교초등학교","02","공립","N","","22","533","22","0","0","0","0","0","0","0"
"경기도교육청","경기도구리남양주교육지원청","경기도 남양주시","S090001609","금남초등학교","02","공립","N","","7","78","7","0","1200000","0","0","0","0","0"
"경기도교육청","경기도구리남양주교육지원청","경기도 남양주시","S090001611","남양주금곡초등학교","02","공립","N","","10","182","10","0","0","2","18","2","0","500000"
"경기도교육청","경기도구리남양주교육지원청","경기도 남양주시","S090001612","남양주도곡초등학교","02","공립","N","","21","467","21","3","4410000","0","0","0","0","0"
"경기도교육청","경기도구리남양주교육지원청","경기도 남양주시","S090001613","남양주동곡초등학교","02","공립","N","","6","97","6","1","600000","0","0","0","0","0"
"경기도교육청","경기도구리남양주교육지원청","경기도 남양주시","S090001614","남양주미금초등학교","02","공립","N","","23","481","23","3","0","1","7","1","0","500000"
"경기도교육청","경기도구리남양주교육지원청","경기도 남양주시","S090001615","남양주송라초등학교","02","공립","N","","33","693","33","6","9400000","0","0","0","0","0"
"경기도교육청","경기도구리남양주교육지원청","경기도 남양주시","S090001616","남양주송촌초등학교","02","공립","N","","6","46","6","0","0","0","0","0","0","0"
"경기도교육청","경기도구리남양주교육지원청","경기도 남양주시","S090001617","남양주양정초등학교","02","공립","N","","19","433","19","0","0","0","0","0","0","0"
"경기도교육청","경기도구리남양주교육지원청","경기도 남양주시","S090001618","남양주양지초등학교","02","공립","N","","14","308","15","0","1200000","1","14","1","1","3600000"
"경기도교육청","경기도구리남양주교육지원청","경기도 남양주시","S090001619","남양주월문초등학교","02","공립","N","","6","80","6","0","990000","0","0","0","0","0"
"경기도교육청","경기도구리남양주교육지원청","경기도 구리시","S090001620","내양초등학교","02","공립","N","","12","49","12","0","0","0","0","0","0","0"
"경기도교육청","경기도구리남양주교육지원청","경기도 남양주시","S090001621","답내초등학교","02","공립","N","","6","57","6","2","2400000","0","0","0","0","0"
"경기도교육청","경기도구리남양주교육지원청","경기도 남양주시","S090001622","덕소초등학교","02","공립","N","","6","273","15","6","0","4","22","4","0","500000"
"경기도교육청","경기도구리남양주교육지원청","경기도 남양주시","S090001624","도농초등학교","02","공립","N","","22","516","22","3","11550000","2","18","2","0","600000"
"경기도교육청","경기도구리남양주교육지원청","경기도 구리시","S090001625","도림초등학교","02","공립","N","","8","107","8","0","1600000","4","70","7","3","9000000"
"경기도교육청","경기도구리남양주교육지원청","경기도 남양주시","S090001626","도제원초등학교","02","공립","N","","6","451","21","0","0","0","0","0","0","0"
"경기도교육청","경기도구리남양주교육지원청","경기도 구리시","S090001627","동구초등학교","02","공립","N","","13","275","13","13","0","2","16","2","0","800000"
"경기도교육청","경기도구리남양주교육지원청","경기도 구리시","S090001628","동인초등학교","02","공립","N","","35","841","35","3","21000000","0","0","0","0","0"
"경기도교육청","경기도구리남양주교육지원청","경기도 남양주시","S090001629","마석초등학교","02","공립","N","","25","565","25","0","0","1","6","1","0","0"
"경기도교육청","경기도구리남양주교육지원청","경기도 구리시","S090001632","백문초등학교","02","공립","N","","31","744","31","0","0","1","9","1","0","200000"
"경기도교육청","경기도구리남양주교육지원청","경기도 남양주시","S090001634","별내초등학교","02","공립","N","","25","602","25","0","0","3","57","3","3","10750000"
"경기도교육청","경기도구리남양주교육지원청","경기도 구리시","S090001635","부양초등학교","02","공립","N","","17","402","17","0","27702000","1","15","1","1","2993000"
"경기도교육청","경기도구리남양주교육지원청","경기도 남양주시","S090001638","수동초등학교","02","공립","N","","6","63","6","0","0","0","0","0","0","0"
"경기도교육청","경기도구리남양주교육지원청","경기도 남양주시","S090001639","수동초등학교송천분교장","02","공립","N","","6","50","6","0","1200000","0","0","0","0","0"
"경기도교육청","경기도구리남양주교육지원청","경기도 구리시","S090001640","수택초등학교","02","공립","N","","16","343","16","0","0","3","22","3","0","3600000"
"경기도교육청","경기도구리남양주교육지원청","경기도 남양주시","S090001641","심석초등학교","02","사립","N","","8","518","18","0","0","5","89","6","4","0"
"경기도교육청","경기도구리남양주교육지원청","경기도 남양주시","S090001644","오남초등학교","02","공립","N","","8","174","8","0","0","1","34","8","0","3000000"
"경기도교육청","경기도구리남양주교육지원청","경기도 남양주시","S090001645","와부초등학교","02","공립","N","","29","679","29","2","2400000","2","16","2","0","1500000"
"경기도교육청","경기도구리남양주교육지원청","경기도 남양주시","S090001646","용신초등학교","02","공립","N","","7","129","7","0","0","7","129","7","0","2000000"
"경기도교육청","경기도구리남양주교육지원청","경기도 구리시","S090001648","인창초등학교","02","공립","N","","28","400","28","1","1400000","2","22","2","2","1600000"
"경기도교육청","경기도구리남양주교육지원청","경기도 남양주시","S090001649","장승초등학교","02","공립","N","","25","570","25","0","0","0","0","0","0","0"
"경기도교육청","경기도구리남양주교육지원청","경기도 구리시","S090001650","장자초등학교","02","공립","N","","20","425","20","4","1000000","4","52","4","0","4000000"
"경기도교육청","경기도구리남양주교육지원청","경기도 남양주시","S090001651","장현초등학교","02","공립","N","","23","503","23","0","15400000","5","38","5","0","5000000"
"경기도교육청","경기도구리남양주교육지원청","경기도 남양주시","S090001652","조안초등학교","02","공립","N","","4","37","5","4","2160000","0","0","0","0","0"
"경기도교육청","경기도구리남양주교육지원청","경기도 남양주시","S090001653","진건초등학교","02","공립","N","","14","294","14","0","0","0","0","0","0","0"
"경기도교육청","경기도구리남양주교육지원청","경기도 남양주시","S090001654","창현초등학교","02","공립","N","","26","622","26","3","18200000","3","30","3","0","1360000"
"경기도교육청","경기도구리남양주교육지원청","경기도 남양주시","S090001655","천마초등학교","02","공립","N","","26","585","29","0","1140000","5","40","5","0","400000"
"경기도교육청","경기도구리남양주교육지원청","경기도 구리시","S090001657","토평초등학교","02","공립","N","","16","247","16","0","0","0","0","0","0","0"
"경기도교육청","경기도구리남양주교육지원청","경기도 남양주시","S090001658","퇴계원초등학교","02","공립","N","","19","323","19","10","14000000","3","21","2","1","1000000"
"경기도교육청","경기도구리남양주교육지원청","경기도 남양주시","S090001660","평내초등학교","02","공립","N","","19","424","19","0","0","0","0","0","0","0"
"경기도교육청","경기도구리남양주교육지원청","경기도 남양주시","S090001661","풍양초등학교","02","공립","N","","10","167","10","3","1720000","0","0","0","0","0"
"경기도교육청","경기도구리남양주교육지원청","경기도 남양주시","S090001662","호평초등학교","02","공립","N","","88","631","88","2","5900000","0","0","0","0","0"
"경기도교육청","경기도구리남양주교육지원청","경기도 남양주시","S090001663","화접초등학교","02","공립","N","","29","661","29","0","0","2","16","2","0","0"
"경기도교육청","경기도동두천양주교육지원청","경기도 양주시","S090001782","가납초등학교","02","공립","N","","15","286","15","0","0","5","62","5","1","1800000"
"경기도교육청","경기도동두천양주교육지원청","경기도 양주시","S090001784","고암초등학교","02","공립","N","","22","447","22","8","6300000","3","52","3","0","1500000"
"경기도교육청","경기도동두천양주교육지원청","경기도 양주시","S090001785","남면초등학교","02","공립","N","","7","125","7","0","2100000","0","0","0","0","0"
"경기도교육청","경기도동두천양주교육지원청","경기도 양주시","S090001786","남면초등학교양덕분교장","02","공립","Y","동아리 미운영","","","","","","","","","",""
"경기도교육청","경기도동두천양주교육지원청","경기도 양주시","S090001787","덕도초등학교","02","공립","N","","6","42","6","0","1500000","1","26","0","1","7000000"
"경기도교육청","경기도동두천양주교육지원청","경기도 양주시","S090001789","덕정초등학교","02","공립","N","","13","259","13","0","0","6","51","6","0","1700000"
"경기도교육청","경기도동두천양주교육지원청","경기도 동두천시","S090001791","동두천초등학교","02","공립","N","","12","221","12","0","0","0","0","0","0","0"
"경기도교육청","경기도동두천양주교육지원청","경기도 동두천시","S090001793","동보초등학교","02","공립","N","","24","383","24","12","38610000","0","0","0","0","0"
"경기도교육청","경기도동두천양주교육지원청","경기도 동두천시","S090001795","보산초등학교","02","공립","N","","15","200","15","0","1200000","0","0","0","0","0"
"경기도교육청","경기도동두천양주교육지원청","경기도 양주시","S090001796","봉암초등학교","02","공립","N","","1","42","6","0","1800000","0","0","0","0","0"
"경기도교육청","경기도동두천양주교육지원청","경기도 동두천시","S090001797","사동초등학교","02","공립","N","","17","372","17","0","3400000","1","20","1","0","900000"
"경기도교육청","경기도동두천양주교육지원청","경기도 양주시","S090001798","산북초등학교","02","공립","N","","6","31","6","0","1000000","0","0","0","0","0"
"경기도교육청","경기도동두천양주교육지원청","경기도 양주시","S090001799","삼상초등학교","02","공립","N","","6","100","6","1","4840000","0","0","0","0","0"
"경기도교육청","경기도동두천양주교육지원청","경기도 양주시","S090001800","상수초등학교","02","공립","N","","1","44","3","1","0","4","45","6","0","2000000"
"경기도교육청","경기도동두천양주교육지원청","경기도 양주시","S090001801","상패초등학교","02","공립","N","","6","44","6","0","600000","2","21","2","0","600000"
"경기도교육청","경기도동두천양주교육지원청","경기도 동두천시","S090001802","생연초등학교","02","공립","N","","19","201","19","0","0","1","11","1","0","1000000"
"경기도교육청","경기도동두천양주교육지원청","경기도 동두천시","S090001803","소요초등학교","02","공립","N","","6","85","6","0","600000","0","0","0","0","0"
"경기도교육청","경기도동두천양주교육지원청","경기도 양주시","S090001804","송추초등학교","02","공립","N","","7","124","5","2","0","0","0","0","0","0"
"경기도교육청","경기도동두천양주교육지원청","경기도 양주시","S090001806","양주덕산초등학교","02","공립","N","","15","324","15","0","4200000","0","0","0","0","0"
"경기도교육청","경기도동두천양주교육지원청","경기도 양주시","S090001807","양주덕현초등학교","02","공립","N","","34","687","34","0","0","8","58","8","0","1800000"
"경기도교육청","경기도동두천양주교육지원청","경기도 양주시","S090001808","양주백석초등학교","02","공립","N","","11","175","11","0","0","2","32","2","1","16000000"
"경기도교육청","경기도동두천양주교육지원청","경기도 양주시","S090001809","연곡초등학교","02","공립","N","","7","66","7","0","8500000","0","0","0","0","0"
"경기도교육청","경기도동두천양주교육지원청","경기도 양주시","S090001810","유양초등학교","02","공립","N","","4","64","6","1","10730000","1","21","4","2","2505000"
"경기도교육청","경기도동두천양주교육지원청","경기도 양주시","S090001812","은봉초등학교","02","공립","N","","13","275","13","0","3900000","0","0","0","0","0"
"경기도교육청","경기도동두천양주교육지원청","경기도 양주시","S090001813","은현초등학교","02","공립","N","","6","47","6","1","3500000","0","0","0","0","0"
"경기도교육청","경기도동두천양주교육지원청","경기도 동두천시","S090001814","지행초등학교","02","공립","N","","31","750","31","0","0","7","108","7","0","6200000"
"경기도교육청","경기도동두천양주교육지원청","경기도 양주시","S090001815","천보초등학교","02","공립","N","","31","730","31","0","0","0","0","0","0","0"
"경기도교육청","경기도동두천양주교육지원청","경기도 양주시","S090001816","칠봉초등학교","02","공립","N","","20","443","20","0","0","17","342","17","0","7250000"
"경기도교육청","경기도동두천양주교육지원청","경기도 동두천시","S090001817","탑동초등학교","02","공립","N","","6","96","6","9","42000000","0","0","0","0","0"
"경기도교육청","경기도동두천양주교육지원청","경기도 양주시","S090001819","회정초등학교","02","공립","N","","12","225","12","1","2800000","1","11","1","0","300000"
"경기도교육청","경기도동두천양주교육지원청","경기도 양주시","S090001820","회천초등학교","02","공립","N","","20","440","20","0","1600000","0","0","0","0","0"
"경기도교육청","경기도동두천양주교육지원청","경기도 양주시","S090001821","효촌초등학교","02","공립","N","","5","35","5","0","1000000","0","0","0","0","0"
"경기도교육청","경기도부천교육지원청","경기도 부천시 원미구","S090001914","계남초등학교","02","공립","N","","11","1192","46","11","24460000","4","70","0","4","21600000"
"경기도교육청","경기도부천교육지원청","경기도 부천시 오정구","S090001915","고강초등학교","02","공립","N","","31","414","31","6","47950000","3","30","3","2","5800000"
"경기도교육청","경기도부천교육지원청","경기도 부천시 오정구","S090001916","고리울초등학교","02","공립","N","","13","273","13","2","5250000","0","0","0","0","0"
"경기도교육청","경기도부천교육지원청","경기도 부천시 오정구","S090001918","까치울초등학교","02","공립","N","","9","137","9","2","6800000","0","0","0","0","0"
"경기도교육청","경기도부천교육지원청","경기도 부천시 원미구","S090001944","도당초등학교","02","공립","N","","32","761","32","0","0","1","23","1","1","1140000"
"경기도교육청","경기도부천교육지원청","경기도 부천시 소사구","S090001945","도원초등학교","02","공립","N","","17","350","17","0","0","0","0","0","0","0"
"경기도교육청","경기도부천교육지원청","경기도 부천시 원미구","S090001946","동곡초등학교","02","공립","N","","27","524","27","0","300000","0","0","0","0","0"
"경기도교육청","경기도부천교육지원청","경기도 부천시 소사구","S090001953","범박초등학교","02","공립","N","","31","752","31","0","12400000","0","0","0","0","0"
"경기도교육청","경기도부천교육지원청","경기도 부천시 소사구","S090001954","복사초등학교","02","공립","N","","40","1012","40","38","0","0","0","0","0","0"
"경기도교육청","경기도부천교육지원청","경기도 부천시 원미구","S090001956","부광초등학교","02","공립","N","","10","157","10","14","0","4","36","4","0","1000000"
"경기도교육청","경기도부천교육지원청","경기도 부천시 원미구","S090001957","부명초등학교","02","공립","N","","19","403","19","1","0","0","0","0","0","0"
"경기도교육청","경기도부천교육지원청","경기도 부천시 소사구","S090001959","부원초등학교","02","공립","N","","22","464","22","6","15960000","3","46","3","0","735000"
"경기도교육청","경기도부천교육지원청","경기도 부천시 원미구","S090001960","부인초등학교","02","공립","N","","18","374","18","3","0","3","42","3","0","500000"
"경기도교육청","경기도부천교육지원청","경기도 부천시 원미구","S090001961","부일초등학교","02","공립","N","","3","278","13","3","17870000","0","0","0","0","0"
"경기도교육청","경기도부천교육지원청","경기도 부천시 소사구","S090001962","부천남초등학교","02","공립","N","","8","440","21","0","0","3","43","3","0","1000000"
"경기도교육청","경기도부천교육지원청","경기도 부천시 오정구","S090001963","부천대명초등학교","02","공립","N","","20","439","22","6","14100000","1","11","1","0","900000"
"경기도교육청","경기도부천교육지원청","경기도 부천시 오정구","S090001964","부천덕산초등학교","02","공립","N","","17","377","17","3","13450000","0","0","0","0","0"
"경기도교육청","경기도부천교육지원청","경기도 부천시 원미구","S090001966","부천동초등학교","02","공립","N","","16","370","16","4","5600000","0","0","0","0","0"
"경기도교육청","경기도부천교육지원청","경기도 부천시 원미구","S090001967","부천부곡초등학교","02","공립","N","","16","334","16","0","0","7","48","7","0","1000000"
"경기도교육청","경기도부천교육지원청","경기도 부천시 소사구","S090001968","부천부안초등학교","02","공립","N","","21","389","21","6","3650000","0","0","0","0","0"
"경기도교육청","경기도부천교육지원청","경기도 부천시 원미구","S090001969","부천부흥초등학교","02","공립","N","","22","489","22","0","0","5","36","5","0","1500000"
"경기도교육청","경기도부천교육지원청","경기도 부천시 원미구","S090001970","부천북초등학교","02","공립","N","","30","712","30","0","0","5","67","5","2","7640000"
"경기도교육청","경기도부천교육지원청","경기도 부천시 오정구","S090001971","부천삼정초등학교","02","공립","N","","6","299","6","0","0","0","0","0","0","0"
"경기도교육청","경기도부천교육지원청","경기도 부천시 원미구","S090001972","부천서초등학교","02","공립","N","","26","603","27","4","5920000","4","168","4","0","6100000"
"경기도교육청","경기도부천교육지원청","경기도 부천시 오정구","S090001973","부천수주초등학교","02","공립","N","","6","344","15","0","0","0","0","0","0","0"
"경기도교육청","경기도부천교육지원청","경기도 부천시 원미구","S090001974","부천신흥초등학교","02","공립","N","","18","338","18","0","0","2","22","2","2","2000000"
"경기도교육청","경기도부천교육지원청","경기도 부천시 오정구","S090001975","부천여월초등학교","02","공립","N","","20","449","20","0","0","1","33","2","1","15410000"
"경기도교육청","경기도부천교육지원청","경기도 부천시 원미구","S090001976","부천역곡초등학교","02","공립","N","","9","477","22","9","16060000","0","0","0","0","0"
"경기도교육청","경기도부천교육지원청","경기도 부천시 오정구","S090001977","부천원일초등학교","02","공립","N","","6","242","13","3","0","0","0","0","0","0"
"경기도교육청","경기도부천교육지원청","경기도 부천시 원미구","S090001978","부천중앙초등학교","02","공립","N","","24","541","24","0","1600000","0","0","0","0","0"
"경기도교육청","경기도부천교육지원청","경기도 부천시 원미구","S090001979","부천중원초등학교","02","공립","N","","9","152","9","0","0","0","0","0","0","0"
"경기도교육청","경기도부천교육지원청","경기도 부천시 원미구","S090001980","부천초등학교","02","공립","N","","28","500","28","23","12000000","22","500","22","0","0"
"경기도교육청","경기도부천교육지원청","경기도 부천시 원미구","S090001987","상도초등학교","02","공립","N","","15","349","15","0","1900000","0","0","0","0","0"
"경기도교육청","경기도부천교육지원청","경기도 부천시 원미구","S090001988","상동초등학교","02","공립","N","","32","777","32","0","0","2","20","2","0","400000"
"경기도교육청","경기도부천교육지원청","경기도 부천시 원미구","S090001989","상원초등학교","02","공립","N","","15","322","15","6","0","4","40","4","1","1800000"
"경기도교육청","경기도부천교육지원청","경기도 부천시 원미구","S090001990","상인초등학교","02","공립","N","","36","870","36","0","15580000","0","0","0","0","0"
"경기도교육청","경기도부천교육지원청","경기도 부천시 원미구","S090001991","상일초등학교","02","공립","N","","12","992","39","10","26900000","0","0","0","0","0"
"경기도교육청","경기도부천교육지원청","경기도 부천시 원미구","S090001992","상지초등학교","02","공립","N","","12","218","12","0","120000","0","0","0","0","0"
"경기도교육청","경기도부천교육지원청","경기도 부천시 소사구","S090002001","성주초등학교","02","공립","N","","23","565","25","1","7012000","0","0","0","0","0"
"경기도교육청","경기도부천교육지원청","경기도 부천시 소사구","S090002002","소사초등학교","02","공립","N","","32","790","32","0","0","3","48","3","0","0"
"경기도교육청","경기도부천교육지원청","경기도 부천시 원미구","S090002003","송내초등학교","02","공립","N","","9","128","10","11","24250000","0","0","0","0","0"
"경기도교육청","경기도부천교육지원청","경기도 부천시 원미구","S090002007","신도초등학교","02","공립","N","","25","601","27","1","0","3","36","3","1","3500000"
"경기도교육청","경기도부천교육지원청","경기도 부천시 소사구","S090002011","소일초등학교","02","공립","N","","14","282","14","0","0","0","0","0","0","0"
"경기도교육청","경기도부천교육지원청","경기도 부천시 원미구","S090002015","심곡초등학교","02","공립","N","","22","502","22","0","0","0","0","0","0","0"
"경기도교육청","경기도부천교육지원청","경기도 부천시 원미구","S090002016","심원초등학교","02","공립","N","","6","687","29","0","0","0","0","0","0","0"
"경기도교육청","경기도부천교육지원청","경기도 부천시 원미구","S090002017","약대초등학교","02","공립","N","","10","186","10","0","1200000","2","14","2","0","1000000"
"경기도교육청","경기도부천교육지원청","경기도 부천시 오정구","S090002022","오정초등학교","02","공립","N","","6","424","20","2","600000","0","0","0","0","0"
"경기도교육청","경기도부천교육지원청","경기도 부천시 원미구","S090002026","원미초등학교","02","공립","N","","6","609","27","6","1000000","0","0","0","0","0"
"경기도교육청","경기도부천교육지원청","경기도 부천시 오정구","S090002027","원종초등학교","02","공립","N","","21","464","21","0","0","0","0","0","0","0"
"경기도교육청","경기도부천교육지원청","경기도 부천시 원미구","S090002038","중흥초등학교","02","공립","N","","32","757","32","3","15200000","5","33","4","1","1500000"
"경기도교육청","경기도부천교육지원청","경기도 부천시 소사구","S090002039","창영초등학교","02","공립","N","","23","530","23","3","0","0","0","0","0","0"
"경기도교육청","경기도성남교육지원청","경기도 성남시 중원구","S090002210","검단초등학교","02","공립","N","","12","380","12","0","3120000","0","0","0","0","0"
"경기도교육청","경기도성남교육지원청","경기도 성남시 분당구","S090002211","구미초등학교","02","공립","N","","21","516","21","0","4200000","2","11","2","0","1000000"
"경기도교육청","경기도성남교육지원청","경기도 성남시 수정구","S090002214","금빛초등학교","02","공립","N","","12","222","12","0","1200000","2","32","3","0","920000"
"경기도교육청","경기도성남교육지원청","경기도 성남시 중원구","S090002215","금상초등학교","02","공립","N","","26","617","26","0","3000000","0","0","0","0","0"
"경기도교육청","경기도성남교육지원청","경기도 성남시 분당구","S090002216","낙생초등학교","02","공립","N","","46","1033","46","0","17056000","4","80","4","0","3000000"
"경기도교육청","경기도성남교육지원청","경기도 성남시 분당구","S090002217","내정초등학교","02","공립","N","","6","1092","45","5","37200000","0","0","0","0","0"
"경기도교육청","경기도성남교육지원청","경기도 성남시 중원구","S090002218","단남초등학교","02","공립","N","","21","478","21","14","26000000","1","6","1","1","2250000"
"경기도교육청","경기도성남교육지원청","경기도 성남시 수정구","S090002219","단대초등학교","02","공립","N","","26","584","26","0","0","7","70","8","0","2300000"
"경기도교육청","경기도성남교육지원청","경기도 성남시 분당구","S090002221","당촌초등학교","02","공립","N","","27","622","27","0","0","1","8","1","3","800000"
"경기도교육청","경기도성남교육지원청","경기도 성남시 중원구","S090002223","대일초등학교","02","공립","N","","13","227","13","3","12600000","1","15","1","1","400000"
"경기도교육청","경기도성남교육지원청","경기도 성남시 중원구","S090002224","대하초등학교","02","공립","N","","22","460","22","0","0","5","25","5","0","1410000"
"경기도교육청","경기도성남교육지원청","경기도 성남시 분당구","S090002225","돌마초등학교","02","공립","N","","18","412","18","0","3600000","0","0","0","0","0"
"경기도교육청","경기도성남교육지원청","경기도 성남시 분당구","S090002227","백현초등학교","02","공립","N","","6","86","6","0","1800000","0","0","0","0","0"
"경기도교육청","경기도성남교육지원청","경기도 성남시 수정구","S090002228","복정초등학교","02","공립","N","","6","230","12","4","7500000","0","0","0","0","0"
"경기도교육청","경기도성남교육지원청","경기도 성남시 분당구","S090002229","분당초등학교","02","공립","N","","34","827","34","0","0","1","10","1","0","500000"
"경기도교육청","경기도성남교육지원청","경기도 성남시 분당구","S090002230","불곡초등학교","02","공립","N","","19","427","19","0","0","0","0","0","0","0"
"경기도교육청","경기도성남교육지원청","경기도 성남시 분당구","S090002231","불정초등학교","02","공립","N","","41","700","41","0","1775000","2","12","2","1","1000000"
"경기도교육청","경기도성남교육지원청","경기도 성남시 중원구","S090002232","상대원초등학교","02","공립","N","","8","139","8","0","0","0","0","0","0","0"
"경기도교육청","경기도성남교육지원청","경기도 성남시 중원구","S090002234","상원초등학교","02","공립","N","","15","342","15","0","0","17","298","17","0","7770000"
"경기도교육청","경기도성남교육지원청","경기도 성남시 분당구","S090002235","상탑초등학교","02","공립","N","","22","310","22","0","2000000","18","218","18","0","4000000"
"경기도교육청","경기도성남교육지원청","경기도 성남시 분당구","S090002236","서당초등학교","02","공립","N","","31","743","31","0","0","9","53","9","0","1000000"
"경기도교육청","경기도성남교육지원청","경기도 성남시 분당구","S090002237","서현초등학교","02","공립","N","","37","889","37","6","17360000","2","40","2","6","8740000"
"경기도교육청","경기도성남교육지원청","경기도 성남시 중원구","S090002238","성남동초등학교","02","공립","N","","15","322","15","0","1899370","0","0","0","0","0"
"경기도교육청","경기도성남교육지원청","경기도 성남시 분당구","S090002239","성남매송초등학교","02","공립","N","","30","705","30","0","0","0","0","0","0","0"
"경기도교육청","경기도성남교육지원청","경기도 성남시 분당구","S090002240","성남미금초등학교","02","공립","N","","26","611","26","0","0","5","64","5","0","1500000"
"경기도교육청","경기도성남교육지원청","경기도 성남시 수정구","S090002241","성남북초등학교","02","공립","N","","13","158","13","0","0","0","0","0","0","0"
"경기도교육청","경기도성남교육지원청","경기도 성남시 수정구","S090002242","성남서초등학교","02","공립","N","","6","97","6","0","1000000","0","0","0","0","0"
"경기도교육청","경기도성남교육지원청","경기도 성남시 분당구","S090002243","성남신기초등학교","02","공립","N","","18","406","18","0","0","0","0","0","0","0"
"경기도교육청","경기도성남교육지원청","경기도 성남시 수정구","S090002244","성남신흥초등학교","02","공립","N","","23","508","23","0","0","0","0","0","0","0"
"경기도교육청","경기도성남교육지원청","경기도 성남시 중원구","S090002245","성남은행초등학교","02","공립","N","","15","336","15","0","1500000","0","0","0","0","0"
"경기도교육청","경기도성남교육지원청","경기도 성남시 분당구","S090002246","성남장안초등학교","02","공립","N","","21","440","19","15","35100000","0","0","0","0","0"
"경기도교육청","경기도성남교육지원청","경기도 성남시 중원구","S090002247","성남제일초등학교","02","공립","N","","26","619","26","0","0","5","99","5","0","2500000"
"경기도교육청","경기도성남교육지원청","경기도 성남시 수정구","S090002248","성남수정초등학교","02","공립","N","","15","336","15","1","0","1","20","1","1","3400000"
"경기도교육청","경기도성남교육지원청","경기도 성남시 중원구","S090002249","성남중앙초등학교","02","공립","N","","17","419","17","0","0","2","21","2","0","0"
"경기도교육청","경기도성남교육지원청","경기도 성남시 수정구","S090002250","성남초등학교","02","공립","N","","23","543","23","0","5100000","6","85","6","0","1000000"
"경기도교육청","경기도성남교육지원청","경기도 성남시 수정구","S090002251","성수초등학교","02","공립","N","","17","364","17","0","0","1","8","1","0","1000000"
"경기도교육청","경기도성남교육지원청","경기도 성남시 분당구","S090002252","수내초등학교","02","공립","N","","41","1046","41","1","13120000","0","0","0","0","0"
"경기도교육청","경기도성남교육지원청","경기도 성남시 수정구","S090002253","수진초등학교","02","공립","N","","21","443","21","4","2520000","1","15","1","1","1450000"
"경기도교육청","경기도성남교육지원청","경기도 성남시 분당구","S090002256","안말초등학교","02","공립","N","","25","598","25","0","0","5","113","5","0","600000"
"경기도교육청","경기도성남교육지원청","경기도 성남시 분당구","S090002257","야탑초등학교","02","공립","N","","46","580","54","0","2400000","0","0","0","0","0"
"경기도교육청","경기도성남교육지원청","경기도 성남시 분당구","S090002258","양영초등학교","02","공립","N","","9","146","9","0","900000","0","0","0","0","0"
"경기도교육청","경기도성남교육지원청","경기도 성남시 분당구","S090002259","오리초등학교","02","공립","N","","6","94","6","1","7660000","1","13","1","0","2000000"
"경기도교육청","경기도성남교육지원청","경기도 성남시 수정구","S090002260","왕남초등학교","02","공립","N","","25","566","25","2","8000000","10","70","10","0","2100000"
"경기도교육청","경기도성남교육지원청","경기도 성남시 분당구","S090002262","이매초등학교","02","공립","N","","30","608","30","2","6750000","0","0","0","0","0"
"경기도교육청","경기도성남교육지원청","경기도 성남시 중원구","S090002267","중부초등학교","02","공립","N","","18","315","22","4","2000000","0","0","0","0","0"
"경기도교육청","경기도성남교육지원청","경기도 성남시 중원구","S090002269","중원초등학교","02","공립","N","","20","482","20","20","13581000","1","14","1","1","1060000"
"경기도교육청","경기도성남교육지원청","경기도 성남시 분당구","S090002270","중탑초등학교","02","공립","N","","19","415","19","2","14105000","4","99","4","0","4675000"
"경기도교육청","경기도성남교육지원청","경기도 성남시 분당구","S090002271","청솔초등학교","02","공립","N","","13","259","13","0","2600000","0","0","0","0","0"
"경기도교육청","경기도성남교육지원청","경기도 성남시 분당구","S090002272","초림초등학교","02","공립","N","","41","1075","41","0","4100000","1","6","1","0","200000"
"경기도교육청","경기도성남교육지원청","경기도 성남시 분당구","S090002273","탄천초등학교","02","공립","N","","29","409","29","0","1900000","0","0","0","0","0"
"경기도교육청","경기도성남교육지원청","경기도 성남시 수정구","S090002274","태평초등학교","02","공립","N","","9","156","9","9","8370000","0","0","0","0","0"
"경기도교육청","경기도성남교육지원청","경기도 성남시 중원구","S090002275","하원초등학교","02","공립","N","","22","516","22","8","14880000","0","0","0","0","0"
"경기도교육청","경기도성남교육지원청","경기도 성남시 분당구","S090002276","하탑초등학교","02","공립","N","","27","612","27","0","8100000","0","0","0","0","0"
"경기도교육청","경기도성남교육지원청","경기도 성남시 분당구","S090002277","한솔초등학교","02","공립","N","","6","91","6","0","0","0","0","0","0","0"
"경기도교육청","경기도성남교육지원청","경기도 성남시 수정구","S090002278","희망대초등학교","02","공립","N","","31","729","31","0","1200000","0","0","0","0","0"
"경기도교육청","경기도수원교육지원청","경기도 수원시 권선구","S090002444","고색초등학교","02","공립","N","","16","367","16","0","1600000","1","9","1","0","300000"
"경기도교육청","경기도수원교육지원청","경기도 수원시 권선구","S090002445","고현초등학교","02","공립","N","","6","121","6","0","600000","5","38","5","0","600000"
"경기도교육청","경기도수원교육지원청","경기도 수원시 권선구","S090002446","곡반초등학교","02","공립","N","","34","769","34","0","8100000","1","9","1","0","500000"
"경기도교육청","경기도수원교육지원청","경기도 수원시 권선구","S090002447","곡선초등학교","02","공립","N","","18","389","19","0","0","7","49","7","2","4169000"
"경기도교육청","경기도수원교육지원청","경기도 수원시 권선구","S090002448","구운초등학교","02","공립","N","","20","356","20","0","0","0","0","0","0","0"
"경기도교육청","경기도수원교육지원청","경기도 수원시 권선구","S090002449","권선초등학교","02","공립","N","","14","285","14","0","0","1","14","1","1","0"
"경기도교육청","경기도수원교육지원청","경기도 수원시 권선구","S090002450","남수원초등학교","02","공립","N","","20","431","20","0","1900000","0","0","0","0","0"
"경기도교육청","경기도수원교육지원청","경기도 수원시 팔달구","S090002451","남창초등학교","02","공립","N","","6","66","6","6","6100000","0","0","0","0","0"
"경기도교육청","경기도수원교육지원청","경기도 수원시 권선구","S090002452","당수초등학교","02","공립","N","","22","492","17","30","0","1","5","1","0","200000"
"경기도교육청","경기도수원교육지원청","경기도 수원시 장안구","S090002453","대평초등학교","02","공립","N","","18","378","18","0","5100000","0","0","0","0","0"
"경기도교육청","경기도수원교육지원청","경기도 수원시 영통구","S090002454","동수원초등학교","02","공립","N","","15","291","15","0","0","0","0","0","0","0"
"경기도교육청","경기도수원교육지원청","경기도 수원시 장안구","S090002455","수원동신초등학교","02","공립","N","","20","472","20","0","0","3","34","4","0","0"
"경기도교육청","경기도수원교육지원청","경기도 수원시 팔달구","S090002456","매산초등학교","02","공립","N","","28","683","28","0","0","3","19","3","0","1000000"
"경기도교육청","경기도수원교육지원청","경기도 수원시 영통구","S090002457","매원초등학교","02","공립","N","","50","1163","50","0","3300000","0","0","0","0","0"
"경기도교육청","경기도수원교육지원청","경기도 수원시 영통구","S090002458","매탄초등학교","02","공립","N","","44","1079","44","0","0","6","77","5","4","6040000"
"경기도교육청","경기도수원교육지원청","경기도 수원시 영통구","S090002459","매현초등학교","02","공립","N","","7","163","7","0","0","0","0","0","0","0"
"경기도교육청","경기도수원교육지원청","경기도 수원시 권선구","S090002460","명당초등학교","02","공립","N","","10","207","10","1","0","0","0","0","0","0"
"경기도교육청","경기도수원교육지원청","경기도 수원시 장안구","S090002461","명인초등학교","02","공립","N","","23","520","23","1","2560000","3","26","3","0","400000"
"경기도교육청","경기도수원교육지원청","경기도 수원시 영통구","S090002462","산남초등학교","02","공립","N","","16","349","16","0","0","6","50","6","0","900000"
"경기도교육청","경기도수원교육지원청","경기도 수원시 영통구","S090002463","산의초등학교","02","공립","N","","53","1319","53","0","0","2","60","2","7","16723000"
"경기도교육청","경기도수원교육지원청","경기도 수원시 장안구","S090002464","상률초등학교","02","공립","N","","19","397","21","19","0","0","0","0","0","0"
"경기도교육청","경기도수원교육지원청","경기도 수원시 권선구","S090002465","상촌초등학교","02","공립","N","","33","555","33","0","0","3","26","3","0","702000"
"경기도교육청","경기도수원교육지원청","경기도 수원시 권선구","S090002466","서호초등학교","02","공립","N","","12","225","12","0","0","2","22","2","0","600000"
"경기도교육청","경기도수원교육지원청","경기도 수원시 권선구","S090002467","세곡초등학교","02","공립","N","","12","239","12","0","1200000","2","23","2","0","200000"
"경기도교육청","경기도수원교육지원청","경기도 수원시 권선구","S090002468","세류초등학교","02","공립","N","","36","689","36","0","1000000","1","9","1","0","0"
"경기도교육청","경기도수원교육지원청","경기도 수원시 영통구","S090002469","소화초등학교","02","사립","N","","32","504","37","0","0","0","0","0","0","0"
"경기도교육청","경기도수원교육지원청","경기도 수원시 장안구","S090002470","송림초등학교","02","공립","N","","53","1416","53","0","5300000","3","38","3","0","0"
"경기도교육청","경기도수원교육지원청","경기도 수원시 장안구","S090002471","송원초등학교","02","공립","N","","19","414","19","0","1900000","0","0","0","0","0"
"경기도교육청","경기도수원교육지원청","경기도 수원시 장안구","S090002472","송정초등학교","02","공립","N","","21","446","21","0","0","1","5","1","0","250000"
"경기도교육청","경기도수원교육지원청","경기도 수원시 장안구","S090002473","송죽초등학교","02","공립","N","","15","280","15","0","0","0","0","0","0","0"
"경기도교육청","경기도수원교육지원청","경기도 수원시 장안구","S090002474","수성초등학교","02","공립","N","","12","234","12","0","0","0","0","0","0","0"
"경기도교육청","경기도수원교육지원청","경기도 수원시 권선구","S090002475","수원금곡초등학교","02","공립","N","","12","200","12","0","0","0","0","0","0","0"
"경기도교육청","경기도수원교육지원청","경기도 수원시 권선구","S090002477","수원선일초등학교","02","공립","N","","19","418","19","0","0","0","0","0","0","0"
"경기도교육청","경기도수원교육지원청","경기도 수원시 권선구","S090002478","수원신곡초등학교","02","공립","N","","6","658","28","0","0","11","92","11","1","2000000"
"경기도교육청","경기도수원교육지원청","경기도 수원시 팔달구","S090002479","수원초등학교","02","공립","N","","26","949","26","0","6000000","5","27","5","0","500000"
"경기도교육청","경기도수원교육지원청","경기도 수원시 팔달구","S090002480","숙지초등학교","02","공립","N","","12","209","12","0","3600000","1","10","1","0","0"
"경기도교육청","경기도수원교육지원청","경기도 수원시 영통구","S090002482","신성초등학교","02","공립","N","","18","212","18","0","0","2","40","2","0","0"
"경기도교육청","경기도수원교육지원청","경기도 수원시 영통구","S090002483","신영초등학교","02","공립","N","","26","307","26","0","3000000","0","0","0","0","0"
"경기도교육청","경기도수원교육지원청","경기도 수원시 영통구","S090002484","신풍초등학교","02","공립","N","","41","1002","41","0","0","5","133","5","0","1000000"
"경기도교육청","경기도수원교육지원청","경기도 수원시 권선구","S090002485","안룡초등학교","02","공립","N","","25","565","25","0","6000000","0","0","0","0","0"
"경기도교육청","경기도수원교육지원청","경기도 수원시 팔달구","S090002486","연무초등학교","02","공립","N","","12","202","12","0","0","3","18","3","0","0"
"경기도교육청","경기도수원교육지원청","경기도 수원시 영통구","S090002487","영덕초등학교","02","공립","N","","51","1362","51","0","0","3","82","3","0","4380000"
"경기도교육청","경기도수원교육지원청","경기도 수원시 영통구","S090002488","영동초등학교","02","공립","N","","35","834","35","0","0","0","0","0","0","0"
"경기도교육청","경기도수원교육지원청","경기도 수원시 영통구","S090002489","영일초등학교","02","공립","N","","17","316","17","0","3400000","1","10","1","0","1500000"
"경기도교육청","경기도수원교육지원청","경기도 수원시 영통구","S090002490","영통초등학교","02","공립","N","","15","290","15","0","0","0","0","0","0","0"
"경기도교육청","경기도수원교육지원청","경기도 수원시 장안구","S090002491","영화초등학교","02","공립","N","","7","503","21","0","0","8","74","8","2","11000000"
"경기도교육청","경기도수원교육지원청","경기도 수원시 권선구","S090002492","오목초등학교","02","공립","N","","12","251","12","0","0","0","0","0","0","0"
"경기도교육청","경기도수원교육지원청","경기도 수원시 팔달구","S090002493","우만초등학교","02","공립","N","","10","172","11","0","1500000","0","0","0","0","0"
"경기도교육청","경기도수원교육지원청","경기도 수원시 영통구","S090002494","원일초등학교","02","공립","N","","24","353","24","0","1000000","0","0","0","0","0"
"경기도교육청","경기도수원교육지원청","경기도 수원시 영통구","S090002495","원천초등학교","02","공립","N","","52","292","52","0","0","0","0","0","0","0"
"경기도교육청","경기도수원교육지원청","경기도 수원시 장안구","S090002496","율전초등학교","02","공립","N","","36","386","36","4","19080000","3","30","3","0","120000"
"경기도교육청","경기도수원교육지원청","경기도 수원시 팔달구","S090002497","율현초등학교","02","공립","N","","18","399","24","0","0","5","47","6","0","0"
"경기도교육청","경기도수원교육지원청","경기도 수원시 팔달구","S090002498","인계초등학교","02","공립","N","","33","808","33","0","0","0","0","0","0","0"
"경기도교육청","경기도수원교육지원청","경기도 수원시 권선구","S090002499","일월초등학교","02","공립","N","","18","378","18","0","0","3","32","3","0","0"
"경기도교육청","경기도수원교육지원청","경기도 수원시 영통구","S090002500","잠원초등학교","02","공립","N","","43","1128","43","0","1200000","3","49","3","2","8640000"
"경기도교육청","경기도수원교육지원청","경기도 수원시 장안구","S090002501","정자초등학교","02","공립","N","","21","440","21","7","9580000","2","19","2","0","0"
"경기도교육청","경기도수원교육지원청","경기도 수원시 장안구","S090002502","정천초등학교","02","공립","N","","30","701","30","0","6000000","1","14","1","0","2000000"
"경기도교육청","경기도수원교육지원청","경기도 수원시 장안구","S090002503","조원초등학교","02","공립","N","","15","272","15","5","10200000","0","0","0","0","0"
"경기도교육청","경기도수원교육지원청","경기도 수원시 영통구","S090002504","중앙기독초등학교","02","사립","N","","0","0","0","0","0","15","209","16","5","2150000"
"경기도교육청","경기도수원교육지원청","경기도 수원시 팔달구","S090002506","지동초등학교","02","공립","N","","12","231","12","0","1920000","0","0","0","0","0"
"경기도교육청","경기도수원교육지원청","경기도 수원시 장안구","S090002507","창용초등학교","02","공립","N","","12","263","12","0","1200000","0","0","0","0","0"
"경기도교육청","경기도수원교육지원청","경기도 수원시 장안구","S090002508","천일초등학교","02","공립","N","","45","407","45","0","1065000","0","0","0","0","0"
"경기도교육청","경기도수원교육지원청","경기도 수원시 장안구","S090002509","천천초등학교","02","공립","N","","28","627","28","0","2700000","0","0","0","0","0"
"경기도교육청","경기도수원교육지원청","경기도 수원시 영통구","S090002510","청명초등학교","02","공립","N","","23","474","23","9","0","0","0","0","0","0"
"경기도교육청","경기도수원교육지원청","경기도 수원시 권선구","S090002511","칠보초등학교","02","공립","N","","31","706","31","0","3000000","3","38","3","0","600000"
"경기도교육청","경기도수원교육지원청","경기도 수원시 권선구","S090002512","탑동초등학교","02","공립","N","","24","526","24","0","2400000","1","17","1","0","0"
"경기도교육청","경기도수원교육지원청","경기도 수원시 영통구","S090002513","태장초등학교","02","공립","N","","9","706","22","0","2900000","0","0","0","0","0"
"경기도교육청","경기도수원교육지원청","경기도 수원시 장안구","S090002514","파장초등학교","02","공립","N","","25","575","25","0","2400000","0","0","0","0","0"
"경기도교육청","경기도수원교육지원청","경기도 수원시 장안구","S090002515","한일초등학교","02","공립","N","","16","314","17","0","0","0","0","0","0","0"
"경기도교육청","경기도수원교육지원청","경기도 수원시 권선구","S090002516","호매실초등학교","02","공립","N","","16","321","16","0","0","0","0","0","0","0"
"경기도교육청","경기도수원교육지원청","경기도 수원시 팔달구","S090002517","화서초등학교","02","공립","N","","7","255","15","1","0","1","10","1","0","0"
"경기도교육청","경기도수원교육지원청","경기도 수원시 팔달구","S090002518","화양초등학교","02","공립","N","","20","447","21","0","2000000","0","0","0","0","0"
"경기도교육청","경기도수원교육지원청","경기도 수원시 팔달구","S090002519","화홍초등학교","02","공립","N","","30","644","30","0","0","6","27","6","0","1500000"
"경기도교육청","경기도수원교육지원청","경기도 수원시 영통구","S090002520","황곡초등학교","02","공립","N","","28","526","28","0","0","0","0","0","0","0"
"경기도교육청","경기도수원교육지원청","경기도 수원시 영통구","S090002521","효동초등학교","02","공립","N","","10","175","10","0","0","3","57","3","0","5700000"
"경기도교육청","경기도수원교육지원청","경기도 수원시 팔달구","S090002522","효성초등학교","02","공립","N","","12","265","12","0","0","0","0","0","0","0"
"경기도교육청","경기도수원교육지원청","경기도 수원시 영통구","S090002523","효원초등학교","02","공립","N","","11","187","11","0","0","2","24","2","0","0"
"경기도교육청","경기도수원교육지원청","경기도 수원시 권선구","S090002524","효정초등학교","02","공립","N","","15","219","17","2","0","1","5","1","0","500000"
"경기도교육청","경기도수원교육지원청","경기도 수원시 장안구","S090002525","효천초등학교","02","공립","N","","34","273","34","0","2400000","0","0","0","0","0"
"경기도교육청","경기도안산교육지원청","경기도 안산시 상록구","S090002715","각골초등학교","02","공립","N","","16","326","16","0","1700000","1","14","1","0","400000"
"경기도교육청","경기도시흥교육지원청","경기도 시흥시","S090002716","검바위초등학교","02","공립","N","","33","697","33","29","30400000","0","0","0","0","0"
"경기도교육청","경기도안산교육지원청","경기도 안산시 상록구","S090002718","경일초등학교","02","공립","N","","21","383","21","0","0","0","0","0","0","0"
"경기도교육청","경기도시흥교육지원청","경기도 시흥시","S090002719","계수초등학교","02","공립","N","","7","65","7","7","15450000","0","0","0","0","0"
"경기도교육청","경기도안산교육지원청","경기도 안산시 단원구","S090002720","고잔초등학교","02","공립","N","","19","399","19","0","0","0","0","0","0","0"
"경기도교육청","경기도안산교육지원청","경기도 안산시 단원구","S090002721","관산초등학교","02","공립","N","","48","1156","48","4","0","0","0","0","0","0"
"경기도교육청","경기도시흥교육지원청","경기도 시흥시","S090002722","군서초등학교","02","공립","N","","33","747","33","30","38170000","8","72","7","1","1600000"
"경기도교육청","경기도시흥교육지원청","경기도 시흥시","S090002723","군자초등학교","02","공립","N","","11","529","23","10","14850000","0","0","0","0","0"
"경기도교육청","경기도시흥교육지원청","경기도 시흥시","S090002724","금모래초등학교","02","공립","N","","34","815","34","11","15470000","0","0","0","0","0"
"경기도교육청","경기도시흥교육지원청","경기도 시흥시","S090002725","냉정초등학교","02","공립","N","","20","418","20","8","32150000","0","0","0","0","0"
"경기도교육청","경기도안산교육지원청","경기도 안산시 단원구","S090002726","능길초등학교","02","공립","N","","7","59","7","0","1200000","0","0","0","0","0"
"경기도교육청","경기도안산교육지원청","경기도 안산시 단원구","S090002727","대남초등학교","02","공립","N","","4","39","4","0","1600000","0","0","0","0","0"
"경기도교육청","경기도안산교육지원청","경기도 안산시 단원구","S090002729","대동초등학교","02","공립","N","","6","47","6","30","46120000","6","47","6","0","300000"
"경기도교육청","경기도안산교육지원청","경기도 안산시 단원구","S090002730","대부초등학교","02","공립","N","","6","67","6","0","1800000","0","0","0","0","0"
"경기도교육청","경기도시흥교육지원청","경기도 시흥시","S090002731","대야초등학교","02","공립","N","","21","427","21","21","4410000","2","24","2","0","600000"
"경기도교육청","경기도안산교육지원청","경기도 안산시 단원구","S090002732","덕성초등학교","02","공립","N","","12","266","12","0","3600000","0","0","0","0","0"
"경기도교육청","경기도시흥교육지원청","경기도 시흥시","S090002733","도일초등학교","02","공립","N","","12","272","12","0","0","0","0","0","0","0"
"경기도교육청","경기도시흥교육지원청","경기도 시흥시","S090002734","도창초등학교","02","공립","N","","6","87","6","2","7065000","0","0","0","0","0"
"경기도교육청","경기도안산교육지원청","경기도 안산시 상록구","S090002735","매화초등학교","02","공립","N","","10","427","19","0","0","1","10","1","0","100000"
"경기도교육청","경기도시흥교육지원청","경기도 시흥시","S090002736","목감초등학교","02","공립","N","","16","339","16","16","0","2","16","2","1","9150000"
"경기도교육청","경기도안산교육지원청","경기도 안산시 상록구","S090002737","반월초등학교","02","공립","N","","6","104","6","0","0","0","0","0","0","0"
"경기도교육청","경기도안산교육지원청","경기도 안산시 단원구","S090002738","별망초등학교","02","공립","N","","10","229","13","4","1200000","0","0","0","0","0"
"경기도교육청","경기도안산교육지원청","경기도 안산시 상록구","S090002739","본오초등학교","02","공립","N","","25","553","25","0","0","2","27","2","0","0"
"경기도교육청","경기도안산교육지원청","경기도 안산시 상록구","S090002740","본원초등학교","02","공립","N","","15","733","31","0","0","0","0","0","0","0"
"경기도교육청","경기도안산교육지원청","경기도 안산시 상록구","S090002741","삼일초등학교","02","공립","N","","6","538","23","0","0","0","0","0","0","0"
"경기도교육청","경기도안산교육지원청","경기도 안산시 상록구","S090002742","상록초등학교","02","공립","N","","25","574","25","0","0","0","0","0","0","0"
"경기도교육청","경기도시흥교육지원청","경기도 시흥시","S090002743","서촌초등학교","02","공립","N","","9","153","9","0","0","3","30","3","0","600000"
"경기도교육청","경기도시흥교육지원청","경기도 시흥시","S090002744","서해초등학교","02","공립","N","","31","717","31","10","19350000","0","0","0","0","0"
"경기도교육청","경기도안산교육지원청","경기도 안산시 상록구","S090002745","석호초등학교","02","공립","N","","6","717","31","0","2000000","0","0","0","0","0"
"경기도교육청","경기도안산교육지원청","경기도 안산시 단원구","S090002746","선부초등학교","02","공립","N","","24","573","24","0","0","0","0","0","0","0"
"경기도교육청","경기도안산교육지원청","경기도 안산시 단원구","S090002747","선일초등학교","02","공립","N","","6","441","23","6","32400000","5","68","5","0","3000000"
"경기도교육청","경기도안산교육지원청","경기도 안산시 상록구","S090002749","성안초등학교","02","공립","N","","22","502","22","0","0","0","0","0","0","0"
"경기도교육청","경기도안산교육지원청","경기도 안산시 상록구","S090002750","성포초등학교","02","공립","N","","27","402","27","5","0","0","0","0","0","0"
"경기도교육청","경기도시흥교육지원청","경기도 시흥시","S090002751","소래초등학교","02","공립","N","","13","240","13","5","8600000","0","0","0","0","0"
"경기도교육청","경기도시흥교육지원청","경기도 시흥시","S090002752","송운초등학교","02","공립","N","","6","584","26","7","18750000","0","0","0","0","0"
"경기도교육청","경기도안산교육지원청","경기도 안산시 단원구","S090002753","송호초등학교","02","공립","N","","21","444","24","0","1800000","0","0","0","0","0"
"경기도교육청","경기도안산교육지원청","경기도 안산시 단원구","S090002755","슬기초등학교","02","공립","N","","22","507","22","6","0","0","0","0","0","0"
"경기도교육청","경기도안산교육지원청","경기도 안산시 상록구","S090002756","시곡초등학교","02","공립","N","","21","512","21","42","17800000","0","0","0","0","0"
"경기도교육청","경기도안산교육지원청","경기도 안산시 상록구","S090002757","시랑초등학교","02","공립","N","","16","351","16","0","0","1","4","1","0","500000"
"경기도교육청","경기도시흥교육지원청","경기도 시흥시","S090002758","시화초등학교","02","공립","N","","20","387","20","8","22050000","1","4","1","0","200000"
"경기도교육청","경기도시흥교육지원청","경기도 시흥시","S090002759","시흥매화초등학교","02","공립","N","","14","301","14","0","0","3","20","3","0","1800000"
"경기도교육청","경기도시흥교육지원청","경기도 시흥시","S090002760","시흥신일초등학교","02","공립","N","","18","370","18","4","8100000","3","20","3","0","500000"
"경기도교육청","경기도시흥교육지원청","경기도 시흥시","S090002761","시흥은행초등학교","02","공립","N","","10","623","26","9","20720000","3","36","3","0","780000"
"경기도교육청","경기도시흥교육지원청","경기도 시흥시","S090002762","시흥초등학교","02","공립","N","","6","506","21","3","8550000","21","506","21","0","0"
"경기도교육청","경기도시흥교육지원청","경기도 시흥시","S090002764","신천초등학교","02","공립","N","","12","196","12","0","0","5","48","5","1","7000000"
"경기도교육청","경기도안산교육지원청","경기도 안산시 상록구","S090002765","안산광덕초등학교","02","공립","N","","21","250","21","3","7680000","15","295","14","1","5090000"
"경기도교육청","경기도안산교육지원청","경기도 안산시 상록구","S090002766","안산부곡초등학교","02","공립","N","","7","524","24","7","0","0","0","0","0","0"
"경기도교육청","경기도안산교육지원청","경기도 안산시 단원구","S090002767","안산서초등학교","02","공립","N","","52","699","52","0","1800000","5","38","5","1","5720000"
"경기도교육청","경기도안산교육지원청","경기도 안산시 단원구","S090002768","안산석수초등학교","02","공립","N","","36","860","36","5","3600000","0","0","0","0","0"
"경기도교육청","경기도안산교육지원청","경기도 안산시 단원구","S090002769","안산양지초등학교","02","공립","N","","37","940","37","0","0","3","56","3","0","6100000"
"경기도교육청","경기도안산교육지원청","경기도 안산시 단원구","S090002770","안산원곡초등학교","02","공립","N","","25","473","25","0","2500000","0","0","0","0","0"
"경기도교육청","경기도안산교육지원청","경기도 안산시 단원구","S090002771","안산중앙초등학교","02","공립","N","","25","575","25","0","0","3","35","3","0","600000"
"경기도교육청","경기도안산교육지원청","경기도 안산시 상록구","S090002772","안산초등학교","02","공립","N","","8","182","8","0","0","0","0","0","0","0"
"경기도교육청","경기도안산교육지원청","경기도 안산시 단원구","S090002773","안산화정초등학교","02","공립","N","","34","792","34","3","24480000","3","20","3","0","1000000"
"경기도교육청","경기도시흥교육지원청","경기도 시흥시","S090002774","연성초등학교","02","공립","N","","4","189","10","5","10100000","0","0","0","0","0"
"경기도교육청","경기도시흥교육지원청","경기도 시흥시","S090002775","옥터초등학교","02","공립","N","","12","220","13","4","11900000","0","0","0","0","0"
"경기도교육청","경기도안산교육지원청","경기도 안산시 단원구","S090002776","와동초등학교","02","공립","N","","24","552","24","0","0","0","0","0","0","0"
"경기도교육청","경기도안산교육지원청","경기도 안산시 단원구","S090002778","원일초등학교","02","공립","N","","10","573","26","0","0","3","25","3","0","1300000"
"경기도교육청","경기도시흥교육지원청","경기도 시흥시","S090002779","은계초등학교","02","공립","N","","9","895","35","14","27575000","2","34","2","3","8100000"
"경기도교육청","경기도안산교육지원청","경기도 안산시 상록구","S090002780","이호초등학교","02","공립","N","","15","668","31","0","764000","2","49","3","0","0"
"경기도교육청","경기도시흥교육지원청","경기도 시흥시","S090002781","장곡초등학교","02","공립","N","","22","510","22","8","13050000","0","0","0","0","0"
"경기도교육청","경기도시흥교육지원청","경기도 시흥시","S090002782","정왕초등학교","02","공립","N","","51","1005","51","10","14000000","0","0","0","0","0"
"경기도교육청","경기도안산교육지원청","경기도 안산시 상록구","S090002783","정재초등학교","02","공립","N","","13","243","13","0","0","0","0","0","0","0"
"경기도교육청","경기도안산교육지원청","경기도 안산시 단원구","S090002784","정지초등학교","02","공립","N","","15","300","15","0","0","0","0","0","0","0"
"경기도교육청","경기도시흥교육지원청","경기도 시흥시","S090002786","진말초등학교","02","공립","N","","67","1640","67","10","40292000","0","0","0","0","0"
"경기도교육청","경기도안산교육지원청","경기도 안산시 상록구","S090002787","초당초등학교","02","공립","N","","37","850","37","0","0","1","13","1","0","0"
"경기도교육청","경기도안산교육지원청","경기도 안산시 단원구","S090002788","초지초등학교","02","공립","N","","23","518","23","0","0","2","30","2","0","1720000"
"경기도교육청","경기도시흥교육지원청","경기도 시흥시","S090002789","포리초등학교","02","공립","N","","6","118","6","1","0","0","0","0","0","0"
"경기도교육청","경기도시흥교육지원청","경기도 시흥시","S090002790","하중초등학교","02","공립","N","","13","279","13","6","18600000","0","0","0","0","0"
"경기도교육청","경기도시흥교육지원청","경기도 시흥시","S090002791","함현초등학교","02","공립","N","","15","297","15","15","8000000","0","0","0","0","0"
"경기도교육청","경기도안산교육지원청","경기도 안산시 상록구","S090002792","호동초등학교","02","공립","N","","40","987","80","6","32440000","0","0","0","0","0"
"경기도교육청","경기도안산교육지원청","경기도 안산시 단원구","S090002793","화랑초등학교","02","공립","N","","48","1077","48","26","21240000","0","0","0","0","0"
"경기도교육청","경기도안성교육지원청","경기도 안성시","S090002927","개산초등학교","02","공립","N","","5","29","7","0","2500000","0","0","0","0","0"
"경기도교육청","경기도안성교육지원청","경기도 안성시","S090002928","개정초등학교","02","공립","N","","3","49","6","3","6470000","0","0","0","0","0"
"경기도교육청","경기도안성교육지원청","경기도 안성시","S090002929","고삼초등학교","02","공립","N","","6","30","6","0","1400000","0","0","0","0","0"
"경기도교육청","경기도안성교육지원청","경기도 안성시","S090002931","공도초등학교","02","공립","N","","95","1519","56","56","91800000","42","1068","42","6","24900000"
"경기도교육청","경기도안성교육지원청","경기도 안성시","S090002933","광덕초등학교","02","공립","N","","14","236","14","0","0","0","0","0","0","0"
"경기도교육청","경기도안성교육지원청","경기도 안성시","S090002934","광선초등학교","02","공립","N","","5","41","5","0","1500000","1","5","1","0","400000"
"경기도교육청","경기도안성교육지원청","경기도 안성시","S090002935","금광초등학교","02","공립","N","","11","102","11","0","0","11","102","11","0","1000000"
"경기도교육청","경기도안성교육지원청","경기도 안성시","S090002936","금광초등학교조령분교장","02","공립","N","","3","12","3","1","600000","0","0","0","0","0"
"경기도교육청","경기도안성교육지원청","경기도 안성시","S090002937","내혜홀초등학교","02","공립","N","","15","322","15","0","0","17","339","17","0","3600000"
"경기도교육청","경기도안성교육지원청","경기도 안성시","S090002938","대덕초등학교","02","공립","N","","7","65","7","0","1000000","0","0","0","0","0"
"경기도교육청","경기도안성교육지원청","경기도 안성시","S090002940","동신초등학교","02","공립","N","","9","146","9","1","6040000","3","48","3","0","800000"
"경기도교육청","경기도안성교육지원청","경기도 안성시","S090002941","마전초등학교","02","공립","N","","4","32","4","0","1000000","4","32","4","0","0"
"경기도교육청","경기도안성교육지원청","경기도 안성시","S090002942","명덕초등학교","02","공립","N","","0","0","0","0","0","1","9","1","0","300000"
"경기도교육청","경기도안성교육지원청","경기도 안성시","S090002943","문기초등학교","02","공립","N","","24","486","24","1","4500000","0","0","0","0","0"
"경기도교육청","경기도안성교육지원청","경기도 안성시","S090002944","미곡초등학교","02","공립","N","","8","63","8","0","1300000","0","0","0","0","0"
"경기도교육청","경기도안성교육지원청","경기도 안성시","S090002945","미양초등학교","02","공립","N","","6","46","6","0","600000","8","46","8","8","1800000"
"경기도교육청","경기도안성교육지원청","경기도 안성시","S090002947","백성초등학교","02","공립","N","","42","982","42","0","9100000","0","0","0","0","0"
"경기도교육청","경기도안성교육지원청","경기도 안성시","S090002948","보개초등학교","02","공립","N","","6","64","6","0","0","5","53","5","0","1500000"
"경기도교육청","경기도안성교육지원청","경기도 안성시","S090002949","보체초등학교","02","공립","N","","6","66","6","3","5520000","0","0","0","0","0"
"경기도교육청","경기도안성교육지원청","경기도 안성시","S090002950","비룡초등학교","02","공립","N","","46","1120","46","0","13500000","0","0","0","0","0"
"경기도교육청","경기도안성교육지원청","경기도 안성시","S090002951","산평초등학교","02","공립","N","","5","30","6","0","1600000","0","0","0","0","0"
"경기도교육청","경기도안성교육지원청","경기도 안성시","S090002952","삼죽초등학교","02","공립","N","","8","25","8","0","1600000","0","0","0","0","0"
"경기도교육청","경기도안성교육지원청","경기도 안성시","S090002954","서운초등학교","02","공립","N","","5","45","6","0","500000","0","0","0","0","0"
"경기도교육청","경기도안성교육지원청","경기도 안성시","S090002956","안성초등학교","02","공립","N","","26","611","26","0","5500000","0","0","0","0","0"
"경기도교육청","경기도안성교육지원청","경기도 안성시","S090002957","양성초등학교","02","공립","N","","6","43","6","0","0","2","20","2","0","600000"
"경기도교육청","경기도안성교육지원청","경기도 안성시","S090002959","양진초등학교","02","공립","N","","25","579","25","3","0","0","0","0","0","0"
"경기도교육청","경기도안성교육지원청","경기도 안성시","S090002960","용머리초등학교","02","공립","N","","24","469","24","0","0","0","0","0","0","0"
"경기도교육청","경기도안성교육지원청","경기도 안성시","S090002961","원곡초등학교","02","공립","N","","8","92","8","0","13440000","1","5","1","0","200000"
"경기도교육청","경기도안성교육지원청","경기도 안성시","S090002963","일죽초등학교","02","공립","N","","6","120","7","4","65320000","1","15","1","0","400000"
"경기도교육청","경기도안성교육지원청","경기도 안성시","S090002967","죽산초등학교","02","공립","N","","7","111","7","0","3500000","0","0","0","0","0"
"경기도교육청","경기도안성교육지원청","경기도 안성시","S090002968","죽화초등학교","02","공립","N","","3","32","5","0","2400000","1","18","1","0","0"
"경기도교육청","경기도안성교육지원청","경기도 안성시","S090002969","현매초등학교","02","공립","N","","6","38","6","0","0","6","38","6","0","2000000"
"경기도교육청","경기도안양과천교육지원청","경기도 과천시","S090003042","과천초등학교","02","공립","N","","18","686","29","3","12460000","4","36","4","0","1000000"
"경기도교육청","경기도안양과천교육지원청","경기도 과천시","S090003043","관문초등학교","02","공립","N","","52","485","52","0","0","1","22","1","0","1000000"
"경기도교육청","경기도안양과천교육지원청","경기도 안양시 동안구","S090003044","관양초등학교","02","공립","N","","26","460","26","2","4400000","4","61","4","0","900000"
"경기도교육청","경기도안양과천교육지원청","경기도 안양시 동안구","S090003045","귀인초등학교","02","공립","N","","58","1503","58","0","0","0","0","0","0","0"
"경기도교육청","경기도안양과천교육지원청","경기도 안양시 동안구","S090003046","달안초등학교","02","공립","N","","6","71","7","5","4840000","0","0","0","0","0"
"경기도교육청","경기도안양과천교육지원청","경기도 안양시 만안구","S090003047","덕천초등학교","02","공립","N","","35","891","35","0","0","0","0","0","0","0"
"경기도교육청","경기도안양과천교육지원청","경기도 안양시 동안구","S090003049","동안초등학교","02","공립","N","","22","479","22","4","4320000","0","0","0","0","0"
"경기도교육청","경기도안양과천교육지원청","경기도 안양시 만안구","S090003050","만안초등학교","02","공립","N","","18","8220000","18","18","12835000","1","6","1","0","200000"
"경기도교육청","경기도안양과천교육지원청","경기도 안양시 만안구","S090003051","명학초등학교","02","공립","N","","16","320","16","2","8070000","0","0","0","0","0"
"경기도교육청","경기도안양과천교육지원청","경기도 과천시","S090003052","문원초등학교","02","공립","N","","63","1696","63","0","1000000","0","0","0","0","0"
"경기도교육청","경기도안양과천교육지원청","경기도 안양시 동안구","S090003053","민백초등학교","02","공립","N","","9","782","25","11","0","3","136","3","1","3500000"
"경기도교육청","경기도안양과천교육지원청","경기도 안양시 만안구","S090003054","박달초등학교","02","공립","N","","34","796","34","0","4500000","0","0","0","0","0"
"경기도교육청","경기도안양과천교육지원청","경기도 안양시 동안구","S090003055","벌말초등학교","02","공립","N","","6","671","29","0","0","0","0","0","0","0"
"경기도교육청","경기도안양과천교육지원청","경기도 안양시 동안구","S090003056","범계초등학교","02","공립","N","","27","661","27","0","0","0","0","0","0","0"
"경기도교육청","경기도안양과천교육지원청","경기도 안양시 동안구","S090003057","부림초등학교","02","공립","N","","32","782","32","6","0","0","0","0","0","0"
"경기도교육청","경기도안양과천교육지원청","경기도 안양시 동안구","S090003060","비산초등학교","02","공립","N","","20","426","20","0","0","0","0","0","0","0"
"경기도교육청","경기도안양과천교육지원청","경기도 안양시 만안구","S090003061","삼봉초등학교","02","공립","N","","23","517","23","4","0","2","39","2","1","6900000"
"경기도교육청","경기도안양과천교육지원청","경기도 안양시 만안구","S090003062","삼성초등학교","02","공립","N","","30","728","30","0","4600000","0","0","0","0","0"
"경기도교육청","경기도안양과천교육지원청","경기도 안양시 만안구","S090003063","석수초등학교","02","공립","N","","17","395","17","0","0","0","0","0","0","0"
"경기도교육청","경기도안양과천교육지원청","경기도 안양시 만안구","S090003065","신안초등학교","02","공립","N","","18","409","18","4","6620000","0","0","0","0","0"
"경기도교육청","경기도안양과천교육지원청","경기도 안양시 동안구","S090003066","안양관악초등학교","02","공립","N","","8","221","12","0","0","2","33","2","0","4280000"
"경기도교육청","경기도안양과천교육지원청","경기도 안양시 동안구","S090003067","안양남초등학교","02","공립","N","","21","488","21","0","4000000","2","10","2","0","600000"
"경기도교육청","경기도안양과천교육지원청","경기도 안양시 동안구","S090003068","안양덕현초등학교","02","공립","N","","29","1224","46","9","23830000","0","0","0","0","0"
"경기도교육청","경기도안양과천교육지원청","경기도 안양시 동안구","S090003069","안양동초등학교","02","공립","N","","6","804","34","1","0","0","0","0","0","0"
"경기도교육청","경기도안양과천교육지원청","경기도 안양시 동안구","S090003070","안양부안초등학교","02","공립","N","","16","484","18","0","1800000","0","0","0","0","0"
"경기도교육청","경기도안양과천교육지원청","경기도 안양시 동안구","S090003071","안양부흥초등학교","02","공립","N","","33","797","33","0","2500000","0","0","0","0","0"
"경기도교육청","경기도안양과천교육지원청","경기도 안양시 만안구","S090003072","안양서초등학교","02","공립","N","","17","363","17","0","1700000","0","0","0","0","0"
"경기도교육청","경기도안양과천교육지원청","경기도 안양시 동안구","S090003073","안양신기초등학교","02","공립","N","","38","629","38","0","6460000","2","12","2","0","400000"
"경기도교육청","경기도안양과천교육지원청","경기도 안양시 만안구","S090003074","안양양지초등학교","02","공립","N","","13","258","13","0","6000000","0","0","0","0","0"
"경기도교육청","경기도안양과천교육지원청","경기도 안양시 동안구","S090003075","안양중앙초등학교","02","공립","N","","34","726","34","0","0","0","0","0","0","0"
"경기도교육청","경기도안양과천교육지원청","경기도 안양시 만안구","S090003076","안양초등학교","02","공립","N","","50","1197","50","0","10100000","2","41","2","0","500000"
"경기도교육청","경기도안양과천교육지원청","경기도 안양시 만안구","S090003077","안일초등학교","02","공립","N","","12","542","24","4","8600000","0","0","0","0","0"
"경기도교육청","경기도안양과천교육지원청","경기도 안양시 만안구","S090003079","연현초등학교","02","공립","N","","22","479","22","0","3480000","1","10","1","1","1520000"
"경기도교육청","경기도안양과천교육지원청","경기도 안양시 동안구","S090003080","인덕원초등학교","02","공립","N","","18","404","18","4","10800000","1","6","1","0","200000"
"경기도교육청","경기도안양과천교육지원청","경기도 과천시","S090003082","청계초등학교","02","공립","N","","39","899","39","0","450000","22","481","22","0","5000000"
"경기도교육청","경기도안양과천교육지원청","경기도 안양시 동안구","S090003083","평촌초등학교","02","공립","N","","45","1135","45","0","6440000","1","40","1","1","1000000"
"경기도교육청","경기도안양과천교육지원청","경기도 안양시 동안구","S090003084","호계초등학교","02","공립","N","","27","638","27","0","2450000","0","0","0","0","0"
"경기도교육청","경기도안양과천교육지원청","경기도 안양시 동안구","S090003085","호성초등학교","02","공립","N","","34","833","34","0","0","10","95","10","0","1900000"
"경기도교육청","경기도안양과천교육지원청","경기도 안양시 동안구","S090003086","호원초등학교","02","공립","N","","54","1333","54","1","8640000","0","0","0","0","0"
"경기도교육청","경기도안양과천교육지원청","경기도 안양시 동안구","S090003088","희성초등학교","02","공립","N","","20","308","20","0","2400000","0","0","0","0","0"
"경기도교육청","경기도양평교육지원청","경기도 양평군","S090003216","강상초등학교","02","공립","N","","18","385","18","6","38000000","18","385","18","0","1200000"
"경기도교육청","경기도양평교육지원청","경기도 양평군","S090003217","강하초등학교","02","공립","N","","5","62","6","5","1500000","0","0","0","0","0"
"경기도교육청","경기도양평교육지원청","경기도 양평군","S090003218","개군초등학교","02","공립","N","","6","100","6","0","2400000","1","7","1","0","300000"
"경기도교육청","경기도양평교육지원청","경기도 양평군","S090003220","곡수초등학교","02","공립","N","","6","44","6","0","0","1","10","1","0","360000"
"경기도교육청","경기도양평교육지원청","경기도 양평군","S090003223","다문초등학교","02","공립","N","","23","522","29","9","9200000","0","0","0","0","0"
"경기도교육청","경기도양평교육지원청","경기도 양평군","S090003230","대아초등학교","02","공립","N","","6","103","6","6","11560000","0","0","0","0","0"
"경기도교육청","경기도양평교육지원청","경기도 양평군","S090003240","서종초등학교","02","공립","N","","14","291","14","0","1400000","0","0","0","0","0"
"경기도교육청","경기도양평교육지원청","경기도 양평군","S090003244","세월초등학교","02","공립","N","","7","53","7","0","550000","0","0","0","0","0"
"경기도교육청","경기도양평교육지원청","경기도 양평군","S090003245","수입초등학교","02","공립","N","","13","68","7","9","14000000","3","35","3","0","0"
"경기도교육청","경기도양평교육지원청","경기도 양평군","S090003247","양동초등학교","02","공립","N","","6","63","6","1","4800000","1","13","1","0","1500000"
"경기도교육청","경기도양평교육지원청","경기도 양평군","S090003248","양동초등학교고송분교장","02","공립","N","","2","9","2","0","0","0","0","0","0","0"
"경기도교육청","경기도양평교육지원청","경기도 양평군","S090003251","양서초등학교","02","공립","N","","7","64","7","0","1400000","0","0","0","0","0"
"경기도교육청","경기도양평교육지원청","경기도 양평군","S090003252","양수초등학교","02","공립","N","","11","204","11","0","9900000","0","0","0","0","0"
"경기도교육청","경기도양평교육지원청","경기도 양평군","S090003253","양평단월초등학교","02","공립","N","","6","58","6","0","600000","0","0","0","0","0"
"경기도교육청","경기도양평교육지원청","경기도 양평군","S090003255","양평동초등학교","02","공립","N","","23","528","23","6","15000000","1","30","1","1","5000000"
"경기도교육청","경기도양평교육지원청","경기도 양평군","S090003257","양평초등학교","02","공립","N","","14","1149","47","0","0","22","174","22","0","2000000"
"경기도교육청","경기도양평교육지원청","경기도 양평군","S090003259","옥천초등학교","02","공립","N","","16","296","16","14","65000000","1","35","1","7","25840000"
"경기도교육청","경기도양평교육지원청","경기도 양평군","S090003261","용문초등학교","02","공립","N","","7","57","7","0","2000000","0","0","0","0","0"
"경기도교육청","경기도양평교육지원청","경기도 양평군","S090003262","원덕초등학교","02","공립","N","","6","44","6","0","0","0","0","0","0","0"
"경기도교육청","경기도양평교육지원청","경기도 양평군","S090003267","조현초등학교","02","공립","N","","8","97","8","0","2000000","2","20","2","0","0"
"경기도교육청","경기도양평교육지원청","경기도 양평군","S090003268","지평초등학교","02","공립","N","","6","71","6","0","1600000","0","0","0","0","0"
"경기도교육청","경기도양평교육지원청","경기도 양평군","S090003270","청운초등학교","02","공립","N","","6","54","6","0","0","0","0","0","0","0"
"경기도교육청","경기도여주교육지원청","경기도 여주시","S090003326","가남초등학교","02","공립","N","","17","380","17","0","0","0","0","0","0","0"
"경기도교육청","경기도여주교육지원청","경기도 여주시","S090003328","강천초등학교","02","공립","N","","6","63","6","6","2500000","1","13","1","0","300000"
"경기도교육청","경기도여주교육지원청","경기도 여주시","S090003333","금당초등학교","02","공립","N","","4","22","4","0","4000000","0","0","0","0","0"
"경기도교육청","경기도여주교육지원청","경기도 여주시","S090003335","능북초등학교","02","공립","N","","2","48","3","0","2000000","0","0","0","0","0"
"경기도교육청","경기도여주교육지원청","경기도 여주시","S090003336","능서초등학교","02","공립","N","","6","48","6","0","5600000","0","0","0","0","0"
"경기도교육청","경기도여주교육지원청","경기도 여주시","S090003338","대신초등학교","02","공립","N","","6","48","6","0","1500000","0","0","0","0","0"
"경기도교육청","경기도여주교육지원청","경기도 여주시","S090003340","매류초등학교","02","공립","N","","4","26","4","5","10800000","0","0","0","0","0"
"경기도교육청","경기도여주교육지원청","경기도 여주시","S090003341","문장초등학교","02","공립","N","","6","34","6","0","3200000","0","0","0","0","0"
"경기도교육청","경기도여주교육지원청","경기도 여주시","S090003342","북내초등학교","02","공립","N","","7","80","7","2","1000000","5","59","5","0","3000000"
"경기도교육청","경기도여주교육지원청","경기도 여주시","S090003343","북내초등학교도전분교장","02","공립","N","","3","9","3","3","17845000","2","9","2","0","600000"
"경기도교육청","경기도여주교육지원청","경기도 여주시","S090003346","상품초등학교","02","공립","N","","6","54","6","2","300000","2","18","2","0","200000"
"경기도교육청","경기도여주교육지원청","경기도 여주시","S090003348","송삼초등학교","02","공립","N","","6","45","6","0","4640000","0","0","0","0","0"
"경기도교육청","경기도여주교육지원청","경기도 여주시","S090003349","송촌초등학교","02","공립","N","","6","29","6","6","4720000","0","0","0","0","0"
"경기도교육청","경기도여주교육지원청","경기도 여주시","S090003351","여주초등학교","02","공립","N","","18","374","18","0","2000000","0","0","0","0","0"
"경기도교육청","경기도여주교육지원청","경기도 여주시","S090003352","여흥초등학교","02","공립","N","","22","533","22","0","0","2","50","2","0","2000000"
"경기도교육청","경기도여주교육지원청","경기도 여주시","S090003353","연라초등학교","02","공립","N","","6","107","6","0","1800000","2","13","2","0","300000"
"경기도교육청","경기도여주교육지원청","경기도 여주시","S090003354","오산초등학교","02","공립","N","","6","43","6","0","2400000","2","22","2","0","500000"
"경기도교육청","경기도여주교육지원청","경기도 여주시","S090003355","오학초등학교","02","공립","N","","30","780","30","0","6400000","0","0","0","0","0"
"경기도교육청","경기도여주교육지원청","경기도 여주시","S090003358","이포초등학교","02","공립","N","","4","21","4","2","11040000","0","0","0","0","0"
"경기도교육청","경기도여주교육지원청","경기도 여주시","S090003359","이포초등학교하호분교장","02","공립","N","","1","4","1","1","3400000","0","0","0","0","0"
"경기도교육청","경기도여주교육지원청","경기도 여주시","S090003360","점동초등학교","02","공립","N","","6","52","6","0","1800000","0","0","0","0","0"
"경기도교육청","경기도여주교육지원청","경기도 여주시","S090003363","점봉초등학교","02","공립","N","","15","294","15","15","0","0","0","0","0","0"
"경기도교육청","경기도여주교육지원청","경기도 여주시","S090003365","천남초등학교","02","공립","N","","6","83","6","0","0","1","24","1","0","1100000"
"경기도교육청","경기도여주교육지원청","경기도 여주시","S090003368","흥천초등학교","02","공립","N","","5","51","5","0","1200000","1","23","1","0","1000000"
"경기도교육청","경기도연천교육지원청","경기도 연천군","S090003414","군남초등학교","02","공립","N","","6","46","6","2","4000000","0","0","0","0","0"
"경기도교육청","경기도연천교육지원청","경기도 연천군","S090003417","궁평초등학교","02","공립","N","","6","43","6","0","2000000","0","0","0","0","0"
"경기도교육청","경기도연천교육지원청","경기도 연천군","S090003419","대광초등학교","02","공립","N","","6","49","6","1","3285000","0","0","0","0","0"
"경기도교육청","경기도연천교육지원청","경기도 연천군","S090003423","백의초등학교","02","공립","N","","1","36","4","1","5000000","0","0","0","0","0"
"경기도교육청","경기도연천교육지원청","경기도 연천군","S090003424","백학초등학교","02","공립","N","","7","39","7","0","1600000","1","14","1","0","1500000"
"경기도교육청","경기도연천교육지원청","경기도 연천군","S090003426","상리초등학교","02","공립","N","","6","41","6","0","0","0","0","0","0","0"
"경기도교육청","경기도연천교육지원청","경기도 연천군","S090003428","연천노곡초등학교","02","공립","N","","6","21","6","0","420000","0","0","0","0","0"
"경기도교육청","경기도연천교육지원청","경기도 연천군","S090003429","연천왕산초등학교","02","공립","N","","6","33","6","0","0","0","0","0","0","0"
"경기도교육청","경기도연천교육지원청","경기도 연천군","S090003431","연천초등학교","02","공립","N","","11","210","11","0","2280000","0","0","0","0","0"
"경기도교육청","경기도연천교육지원청","경기도 연천군","S090003437","은대초등학교","02","공립","N","","6","84","6","0","1000000","0","0","0","0","0"
"경기도교육청","경기도연천교육지원청","경기도 연천군","S090003438","전곡초등학교","02","공립","N","","27","617","27","5","1840000","0","0","0","0","0"
"경기도교육청","경기도연천교육지원청","경기도 연천군","S090003441","초성초등학교","02","공립","N","","4","40","4","0","2500000","0","0","0","0","0"
"경기도교육청","경기도연천교육지원청","경기도 연천군","S090003442","화진초등학교","02","공립","N","","5","65","5","0","1900000","0","0","0","0","0"
"경기도교육청","경기도용인교육지원청","경기도 용인시 수지구","S090003495","고기초등학교","02","공립","N","","11","198","11","0","0","0","0","0","0","0"
"경기도교육청","경기도용인교육지원청","경기도 용인시 처인구","S090003496","고림초등학교","02","공립","N","","25","605","25","4","11390000","3","34","3","0","1100000"
"경기도교육청","경기도용인교육지원청","경기도 용인시 기흥구","S090003497","관곡초등학교","02","공립","N","","6","84","6","0","1200000","1","8","1","0","500000"
"경기도교육청","경기도용인교육지원청","경기도 용인시 기흥구","S090003498","구갈초등학교","02","공립","N","","0","0","0","0","0","1","10","1","0","0"
"경기도교육청","경기도용인교육지원청","경기도 용인시 기흥구","S090003499","구성초등학교","02","공립","N","","21","470","21","0","0","0","0","0","0","0"
"경기도교육청","경기도용인교육지원청","경기도 용인시 기흥구","S090003500","기흥초등학교","02","공립","N","","13","254","13","0","0","7","72","7","0","1000000"
"경기도교육청","경기도용인교육지원청","경기도 용인시 처인구","S090003501","남곡초등학교","02","공립","N","","60","1509","60","0","0","0","0","0","0","0"
"경기도교육청","경기도용인교육지원청","경기도 용인시 처인구","S090003502","남사초등학교","02","공립","N","","6","75","6","0","1800000","0","0","0","0","0"
"경기도교육청","경기도용인교육지원청","경기도 용인시 처인구","S090003504","남촌초등학교","02","공립","N","","6","44","6","0","600000","0","0","0","0","0"
"경기도교육청","경기도용인교육지원청","경기도 용인시 처인구","S090003505","능원초등학교","02","공립","N","","30","708","30","0","0","3","48","3","4","23750000"
"경기도교육청","경기도용인교육지원청","경기도 용인시 수지구","S090003506","용인대일초등학교","02","공립","N","","6","403","18","18","23500000","3","45","3","1","5854000"
"경기도교육청","경기도용인교육지원청","경기도 용인시 수지구","S090003507","대지초등학교","02","공립","N","","16","371","16","0","0","0","0","0","0","0"
"경기도교육청","경기도용인교육지원청","경기도 용인시 수지구","S090003508","대현초등학교","02","공립","N","","14","280","14","0","0","0","0","0","0","0"
"경기도교육청","경기도용인교육지원청","경기도 용인시 수지구","S090003509","동천초등학교","02","공립","N","","46","1093","46","0","3100000","0","0","0","0","0"
"경기도교육청","경기도용인교육지원청","경기도 용인시 기흥구","S090003511","마북초등학교","02","공립","N","","22","497","22","0","0","0","0","0","0","0"
"경기도교육청","경기도용인교육지원청","경기도 용인시 기흥구","S090003512","마성초등학교","02","공립","N","","12","223","12","0","2000000","2","13","2","0","2400000"
"경기도교육청","경기도용인교육지원청","경기도 용인시 수지구","S090003513","용인심곡초등학교","02","공립","N","","19","513","22","0","0","1","10","1","0","0"
"경기도교육청","경기도용인교육지원청","경기도 용인시 처인구","S090003514","모현초등학교","02","공립","N","","9","155","9","14","6720000","6","62","6","6","22530000"
"경기도교육청","경기도용인교육지원청","경기도 용인시 처인구","S090003515","백봉초등학교","02","공립","N","","6","34","6","1","1200000","3","16","3","0","900000"
"경기도교육청","경기도용인교육지원청","경기도 용인시 처인구","S090003516","백암초등학교","02","공립","N","","6","96","6","0","0","0","0","0","0","0"
"경기도교육청","경기도용인교육지원청","경기도 용인시 처인구","S090003517","백암초등학교수정분교장","02","공립","Y","본교에서 분교장 데이터 포함하여 통합 공시","","","","","","","","","",""
"경기도교육청","경기도용인교육지원청","경기도 용인시 기흥구","S090003518","보라초등학교","02","공립","N","","12","120","12","0","1200000","0","0","0","0","0"
"경기도교육청","경기도용인교육지원청","경기도 용인시 기흥구","S090003519","보정초등학교","02","공립","N","","28","641","28","0","0","0","0","0","0","0"
"경기도교육청","경기도용인교육지원청","경기도 용인시 기흥구","S090003520","산양초등학교","02","공립","N","","22","489","22","0","0","0","0","0","0","0"
"경기도교육청","경기도용인교육지원청","경기도 용인시 기흥구","S090003521","상갈초등학교","02","공립","N","","16","339","16","0","500000","1","8","1","0","100000"
"경기도교육청","경기도용인교육지원청","경기도 용인시 기흥구","S090003522","상하초등학교","02","공립","N","","22","494","22","0","0","0","0","0","0","0"
"경기도교육청","경기도용인교육지원청","경기도 용인시 수지구","S090003523","상현초등학교","02","공립","N","","40","952","40","0","0","0","0","0","0","0"
"경기도교육청","경기도용인교육지원청","경기도 용인시 처인구","S090003524","서룡초등학교","02","공립","N","","23","538","23","6","0","1","19","1","0","7500000"
"경기도교육청","경기도용인교육지원청","경기도 용인시 수지구","S090003525","서원초등학교","02","공립","N","","50","779","47","3","1680000","9","74","9","0","1600000"
"경기도교육청","경기도용인교육지원청","경기도 용인시 기흥구","S090003526","서천초등학교","02","공립","N","","18","398","19","0","0","2","20","2","0","520000"
"경기도교육청","경기도용인교육지원청","경기도 용인시 수지구","S090003527","성복초등학교","02","공립","N","","28","690","28","0","5600000","10","77","10","1","500000"
"경기도교육청","경기도용인교육지원청","경기도 용인시 수지구","S090003528","소현초등학교","02","공립","N","","18","381","18","18","15100000","1","8","1","0","500000"
"경기도교육청","경기도용인교육지원청","경기도 용인시 수지구","S090003529","솔개초등학교","02","공립","N","","6","787","32","0","0","0","0","0","0","0"
"경기도교육청","경기도용인교육지원청","경기도 용인시 처인구","S090003530","송전초등학교","02","공립","N","","11","234","11","0","1600000","2","13","2","0","2490000"
"경기도교육청","경기도용인교육지원청","경기도 용인시 수지구","S090003532","수지초등학교","02","공립","N","","64","1732","64","0","6400000","0","0","0","0","0"
"경기도교육청","경기도용인교육지원청","경기도 용인시 기흥구","S090003534","신갈초등학교","02","공립","N","","22","470","22","0","0","0","0","0","0","0"
"경기도교육청","경기도용인교육지원청","경기도 용인시 수지구","S090003535","신월초등학교","02","공립","N","","18","393","18","2","4800000","0","0","0","0","0"
"경기도교육청","경기도용인교육지원청","경기도 용인시 처인구","S090003536","양지초등학교","02","공립","N","","24","525","24","0","6450000","0","0","0","0","0"
"경기도교육청","경기도용인교육지원청","경기도 용인시 기흥구","S090003537","어정초등학교","02","공립","N","","35","845","35","4","15925000","0","0","0","0","0"
"경기도교육청","경기도용인교육지원청","경기도 용인시 기흥구","S090003539","언동초등학교","02","공립","N","","21","462","21","0","0","2","23","2","0","0"
"경기도교육청","경기도용인교육지원청","경기도 용인시 처인구","S090003540","역북초등학교","02","공립","N","","29","664","29","0","0","0","0","0","0","0"
"경기도교육청","경기도용인교육지원청","경기도 용인시 처인구","S090003541","왕산초등학교","02","공립","N","","0","0","0","0","0","1","10","1","0","300000"
"경기도교육청","경기도용인교육지원청","경기도 용인시 처인구","S090003542","용마초등학교","02","공립","N","","27","615","27","0","2700000","1","10","1","0","300000"
"경기도교육청","경기도용인교육지원청","경기도 용인시 처인구","S090003543","용인둔전초등학교","02","공립","N","","0","0","0","0","0","2","29","3","0","7500000"
"경기도교육청","경기도용인교육지원청","경기도 용인시 처인구","S090003544","용인초등학교","02","공립","N","","44","713","44","1","0","1","8","1","0","500000"
"경기도교육청","경기도용인교육지원청","경기도 용인시 처인구","S090003545","용천초등학교","02","공립","N","","16","216","16","0","1280000","0","0","0","0","0"
"경기도교육청","경기도용인교육지원청","경기도 용인시 처인구","S090003546","운학초등학교","02","공립","N","","6","62","6","1","4800000","0","0","0","0","0"
"경기도교육청","경기도용인교육지원청","경기도 용인시 처인구","S090003547","원삼초등학교","02","공립","N","","6","48","6","0","1600000","0","0","0","0","0"
"경기도교육청","경기도용인교육지원청","경기도 용인시 기흥구","S090003550","이현초등학교","02","공립","N","","25","585","25","1","0","3","38","3","1","1000000"
"경기도교육청","경기도용인교육지원청","경기도 용인시 처인구","S090003551","장평초등학교","02","공립","N","","6","32","6","1","3320000","0","0","0","0","0"
"경기도교육청","경기도용인교육지원청","경기도 용인시 수지구","S090003552","정평초등학교","02","공립","N","","36","884","36","0","0","0","0","0","0","0"
"경기도교육청","경기도용인교육지원청","","S090003553","제일초등학교","02","공립","N","","10","180","10","0","3000000","1","6","2","0","2000000"
"경기도교육청","경기도용인교육지원청","경기도 용인시 처인구","S090003554","좌항초등학교","02","공립","N","","6","64","6","1","4320000","0","0","0","0","0"
"경기도교육청","경기도용인교육지원청","경기도 용인시 수지구","S090003555","죽전초등학교","02","공립","N","","15","294","15","0","3000000","0","0","0","0","0"
"경기도교육청","경기도용인교육지원청","경기도 용인시 기흥구","S090003556","청곡초등학교","02","공립","N","","41","951","41","0","0","1","7","1","0","1000000"
"경기도교육청","경기도용인교육지원청","경기도 용인시 수지구","S090003558","토월초등학교","02","공립","N","","26","616","26","0","2600000","0","0","0","0","0"
"경기도교육청","경기도용인교육지원청","경기도 용인시 처인구","S090003559","포곡초등학교","02","공립","N","","24","564","24","0","0","0","0","0","0","0"
"경기도교육청","경기도용인교육지원청","경기도 용인시 수지구","S090003560","풍덕초등학교","02","공립","N","","46","1140","46","0","0","0","0","0","0","0"
"경기도교육청","경기도용인교육지원청","경기도 용인시 수지구","S090003561","풍천초등학교","02","공립","N","","43","1049","43","0","0","0","0","0","0","0"
"경기도교육청","경기도용인교육지원청","","S090003562","한터초등학교","02","공립","N","","7","97","8","0","1000000","0","0","0","0","0"
"경기도교육청","경기도용인교육지원청","경기도 용인시 수지구","S090003563","홍천초등학교","02","공립","N","","20","463","20","0","0","0","0","0","0","0"
"경기도교육청","경기도의정부교육지원청","경기도 의정부시","S090003656","가능초등학교","02","공립","N","","29","722","29","1","840000","0","0","0","0","0"
"경기도교육청","경기도의정부교육지원청","경기도 의정부시","S090003657","경의초등학교","02","공립","N","","29","686","29","0","0","2","40","2","0","2232000"
"경기도교육청","경기도의정부교육지원청","경기도 의정부시","S090003658","고산초등학교","02","공립","N","","62","1458","62","41","30020000","8","44","8","2","3190000"
"경기도교육청","경기도의정부교육지원청","경기도 의정부시","S090003659","금오초등학교","02","공립","N","","13","272","13","0","0","0","0","0","0","0"
"경기도교육청","경기도의정부교육지원청","경기도 의정부시","S090003660","녹양초등학교","02","공립","N","","15","326","15","0","0","0","0","0","0","0"
"경기도교육청","경기도의정부교육지원청","경기도 의정부시","S090003661","동오초등학교","02","공립","N","","20","439","20","0","0","0","0","0","0","0"
"경기도교육청","경기도의정부교육지원청","경기도 의정부시","S090003662","민락초등학교","02","공립","N","","45","671","45","0","0","8","152","8","0","6800000"
"경기도교육청","경기도의정부교육지원청","경기도 의정부시","S090003663","발곡초등학교","02","공립","N","","21","472","21","1","8980000","10","58","10","0","800000"
"경기도교육청","경기도의정부교육지원청","경기도 의정부시","S090003664","배영초등학교","02","공립","N","","16","317","16","0","0","5","62","5","0","4400000"
"경기도교육청","경기도의정부교육지원청","경기도 의정부시","S090003665","새말초등학교","02","공립","N","","32","789","33","0","0","0","0","0","0","0"
"경기도교육청","경기도의정부교육지원청","경기도 의정부시","S090003666","솔뫼초등학교","02","공립","N","","0","0","0","0","0","5","59","5","0","6100000"
"경기도교육청","경기도의정부교육지원청","경기도 의정부시","S090003667","송양초등학교","02","공립","N","","33","801","18","15","0","1","32","1","0","2000000"
"경기도교육청","경기도의정부교육지원청","경기도 의정부시","S090003669","신동초등학교","02","공립","N","","20","434","20","14","2000000","1","12","1","0","1250000"
"경기도교육청","경기도의정부교육지원청","경기도 의정부시","S090003670","어룡초등학교","02","공립","N","","10","162","10","0","0","3","40","3","0","300000"
"경기도교육청","경기도의정부교육지원청","경기도 의정부시","S090003671","오동초등학교","02","공립","N","","23","531","23","0","0","0","0","0","0","0"
"경기도교육청","경기도의정부교육지원청","경기도 의정부시","S090003673","의순초등학교","02","공립","N","","37","503","37","0","2400000","3","12","3","0","900000"
"경기도교육청","경기도의정부교육지원청","경기도 의정부시","S090003674","의정부부용초등학교","02","공립","N","","25","515","25","0","2600000","0","0","0","0","0"
"경기도교육청","경기도의정부교육지원청","경기도 의정부시","S090003675","의정부서초등학교","02","공립","N","","20","275","20","0","0","5","57","5","0","2500000"
"경기도교육청","경기도의정부교육지원청","경기도 의정부시","S090003676","의정부신곡초등학교","02","공립","N","","6","586","24","0","500000","7","39","7","0","0"
"경기도교육청","경기도의정부교육지원청","경기도 의정부시","S090003677","의정부용현초등학교","02","공립","N","","27","491","27","0","0","6","150","6","0","3500000"
"경기도교육청","경기도의정부교육지원청","경기도 의정부시","S090003678","의정부장암초등학교","02","공립","N","","11","169","11","3","7200000","3","32","2","1","6050000"
"경기도교육청","경기도의정부교육지원청","경기도 의정부시","S090003679","의정부중앙초등학교","02","공립","N","","15","352","15","0","0","2","25","2","1","3500000"
"경기도교육청","경기도의정부교육지원청","경기도 의정부시","S090003680","의정부청룡초등학교","02","공립","N","","15","292","15","0","0","0","0","0","0","0"
"경기도교육청","경기도의정부교육지원청","경기도 의정부시","S090003681","의정부초등학교","02","공립","N","","12","222","12","0","0","1","8","1","0","1250000"
"경기도교육청","경기도의정부교육지원청","경기도 의정부시","S090003682","의정부호동초등학교","02","공립","N","","40","952","40","0","0","25","112","25","0","2000000"
"경기도교육청","경기도의정부교육지원청","경기도 의정부시","S090003685","호암초등학교","02","공립","N","","23","548","23","0","0","6","54","6","0","1000000"
"경기도교육청","경기도의정부교육지원청","경기도 의정부시","S090003686","회룡초등학교","02","공립","N","","40","429","40","0","0","2","14","2","0","900000"
"경기도교육청","경기도이천교육지원청","경기도 이천시","S090003758","나래초등학교","02","공립","N","","6","112","6","0","0","0","0","0","0","0"
"경기도교육청","경기도이천교육지원청","경기도 이천시","S090003760","대서초등학교","02","공립","N","","8","33","6","3","600000","1","33","1","0","1600000"
"경기도교육청","경기도이천교육지원청","경기도 이천시","S090003762","대월초등학교","02","공립","N","","7","113","7","5","4000000","0","0","0","0","0"
"경기도교육청","경기도이천교육지원청","경기도 이천시","S090003763","도암초등학교","02","공립","N","","6","303","14","3","6880000","0","0","0","0","0"
"경기도교육청","경기도이천교육지원청","경기도 이천시","S090003764","도지초등학교","02","공립","N","","14","297","14","0","0","1","15","1","0","0"
"경기도교육청","경기도이천교육지원청","경기도 이천시","S090003766","마장초등학교","02","공립","N","","6","862","35","0","3500000","6","105","8","2","9800000"
"경기도교육청","경기도이천교육지원청","경기도 이천시","S090003772","백사초등학교","02","공립","N","","6","112","6","0","1180000","0","0","0","0","0"
"경기도교육청","경기도이천교육지원청","경기도 이천시","S090003774","부발초등학교","02","공립","N","","18","357","18","3","0","1","15","1","0","375000"
"경기도교육청","경기도이천교육지원청","경기도 이천시","S090003776","설봉초등학교","02","공립","N","","38","917","38","0","0","2","38","2","0","0"
"경기도교육청","경기도이천교육지원청","경기도 이천시","S090003777","설성초등학교","02","공립","N","","5","23","5","2","5200000","0","0","0","0","0"
"경기도교육청","경기도이천교육지원청","경기도 이천시","S090003778","송곡초등학교","02","공립","N","","6","31","5","1","5950000","0","0","0","0","0"
"경기도교육청","경기도이천교육지원청","경기도 이천시","S090003779","신둔초등학교","02","공립","N","","14","291","14","0","0","0","0","0","0","0"
"경기도교육청","경기도이천교육지원청","경기도 이천시","S090003780","신하초등학교","02","공립","N","","19","560","19","0","4800000","0","0","0","0","0"
"경기도교육청","경기도이천교육지원청","경기도 이천시","S090003781","아미초등학교","02","공립","N","","33","777","33","0","0","0","0","0","0","0"
"경기도교육청","경기도이천교육지원청","경기도 이천시","S090003782","안흥초등학교","02","공립","N","","67","846","67","67","47800000","0","0","0","0","0"
"경기도교육청","경기도이천교육지원청","경기도 이천시","S090003784","율면초등학교","02","공립","N","","4","19","4","0","1000000","0","0","0","0","0"
"경기도교육청","경기도이천교육지원청","경기도 이천시","S090003786","이천가산초등학교","02","공립","N","","9","146","9","3","500000","0","0","0","0","0"
"경기도교육청","경기도이천교육지원청","경기도 이천시","S090003787","이천남초등학교","02","공립","N","","19","477","19","4","22800000","3","48","5","0","0"
"경기도교육청","경기도이천교육지원청","경기도 이천시","S090003788","이천단월초등학교","02","공립","N","","6","86","6","2","900000","0","0","0","0","0"
"경기도교육청","경기도이천교육지원청","경기도 이천시","S090003789","이천매곡초등학교","02","공립","N","","3","50","6","2","6500000","0","0","0","0","0"
"경기도교육청","경기도이천교육지원청","경기도 이천시","S090003790","이천송정초등학교","02","공립","N","","7","1001","41","0","2000000","2","40","2","0","1100000"
"경기도교육청","경기도이천교육지원청","경기도 이천시","S090003791","이천초등학교","02","공립","N","","31","729","31","0","0","5","116","5","0","2000000"
"경기도교육청","경기도이천교육지원청","경기도 이천시","S090003792","이황초등학교","02","공립","N","","2","44","6","2","10480000","0","0","0","0","0"
"경기도교육청","경기도이천교육지원청","경기도 이천시","S090003793","장천초등학교","02","공립","N","","4","31","4","0","800000","0","0","0","0","0"
"경기도교육청","경기도이천교육지원청","경기도 이천시","S090003794","장호원초등학교","02","공립","N","","19","384","19","0","4000000","0","0","0","0","0"
"경기도교육청","경기도이천교육지원청","경기도 이천시","S090003795","진가초등학교","02","공립","N","","6","44","6","1","2500000","1","6","1","1","2800000"
"경기도교육청","경기도이천교육지원청","경기도 이천시","S090003798","표교초등학교","02","공립","N","","6","49","6","1","0","0","0","0","0","0"
"경기도교육청","경기도이천교육지원청","경기도 이천시","S090003799","한내초등학교","02","공립","N","","34","643","34","0","2700000","16","232","16","0","2100000"
"경기도교육청","경기도이천교육지원청","경기도 이천시","S090003800","호법초등학교","02","공립","N","","7","100","7","0","0","1","13","1","0","2000000"
"경기도교육청","경기도파주교육지원청","경기도 파주시","S090003876","갈현초등학교","02","공립","N","","8","57","8","0","0","0","0","0","0","0"
"경기도교육청","경기도파주교육지원청","경기도 파주시","S090003877","검산초등학교","02","공립","N","","17","266","17","0","1700000","11","140","11","3","14120000"
"경기도교육청","경기도파주교육지원청","경기도 파주시","S090003878","교하초등학교","02","공립","N","","6","60","6","0","0","3","16","3","0","300000"
"경기도교육청","경기도파주교육지원청","경기도 파주시","S090003879","군내초등학교","02","공립","N","","6","36","6","0","1200000","0","0","0","0","0"
"경기도교육청","경기도파주교육지원청","경기도 파주시","S090003881","금신초등학교","02","공립","N","","11","351","17","0","1700000","0","0","0","0","0"
"경기도교육청","경기도파주교육지원청","경기도 파주시","S090003882","금촌초등학교","02","공립","N","","14","290","14","0","0","1","16","1","1","4500000"
"경기도교육청","경기도파주교육지원청","경기도 파주시","S090003883","능안초등학교","02","공립","N","","6","103","6","6","5440000","0","0","0","0","0"
"경기도교육청","경기도파주교육지원청","경기도 파주시","S090003884","대성동초등학교","02","공립","N","","5","19","5","1","1000000","0","0","0","0","0"
"경기도교육청","경기도파주교육지원청","경기도 파주시","S090003885","덕암초등학교","02","공립","N","","6","38","9","0","1200000","0","0","0","0","0"
"경기도교육청","경기도파주교육지원청","경기도 파주시","S090003886","마정초등학교","02","공립","N","","6","67","6","3","7200000","0","0","0","0","0"
"경기도교육청","경기도파주교육지원청","경기도 파주시","S090003887","마지초등학교","02","공립","N","","11","115","11","6","4480000","2","12","2","0","800000"
"경기도교육청","경기도파주교육지원청","경기도 파주시","S090003888","도마산초등학교","02","공립","N","","6","42","6","1","7950000","3","29","3","0","450000"
"경기도교육청","경기도파주교육지원청","경기도 파주시","S090003889","문산동초등학교","02","공립","N","","23","544","23","0","0","0","0","0","0","0"
"경기도교육청","경기도파주교육지원청","경기도 파주시","S090003890","문산초등학교","02","공립","N","","19","546","19","0","0","8","44","8","0","800000"
"경기도교육청","경기도파주교육지원청","경기도 파주시","S090003892","봉일천초등학교","02","공립","N","","23","524","23","0","0","0","0","0","0","0"
"경기도교육청","경기도파주교육지원청","경기도 파주시","S090003893","삼성초등학교","02","공립","N","","6","42","6","1","3600000","0","0","0","0","0"
"경기도교육청","경기도파주교육지원청","경기도 파주시","S090003894","신산초등학교","02","공립","N","","8","163","8","0","0","0","0","0","0","0"
"경기도교육청","경기도파주교육지원청","경기도 파주시","S090003896","심학초등학교","02","공립","N","","7","97","7","7","8000000","3","24","3","0","600000"
"경기도교육청","경기도파주교육지원청","경기도 파주시","S090003897","연풍초등학교","02","공립","N","","7","108","7","0","1500000","1","3","1","0","0"
"경기도교육청","경기도파주교육지원청","경기도 파주시","S090003898","영도초등학교","02","공립","N","","6","39","6","6","5400000","0","0","0","0","0"
"경기도교육청","경기도파주교육지원청","경기도 파주시","S090003900","용미초등학교","02","공립","N","","6","37","6","0","1800000","0","0","0","0","0"
"경기도교육청","경기도파주교육지원청","경기도 파주시","S090003901","용연초등학교","02","공립","N","","6","40","6","0","0","0","0","0","0","0"
"경기도교육청","경기도파주교육지원청","경기도 파주시","S090003903","웅담초등학교","02","공립","N","","6","35","6","0","0","0","0","0","0","0"
"경기도교육청","경기도파주교육지원청","경기도 파주시","S090003904","월롱초등학교","02","공립","N","","6","69","6","0","500000","0","0","0","0","0"
"경기도교육청","경기도파주교육지원청","경기도 파주시","S090003905","장파초등학교","02","공립","N","","6","39","6","1","0","10","24","10","0","0"
"경기도교육청","경기도파주교육지원청","경기도 파주시","S090003906","적서초등학교","02","공립","N","","6","44","6","0","2000000","1","44","1","0","0"
"경기도교육청","경기도파주교육지원청","경기도 파주시","S090003908","적암초등학교","02","공립","N","","4","18","4","0","0","0","0","0","0","0"
"경기도교육청","경기도파주교육지원청","경기도 파주시","S090003909","지산초등학교","02","공립","N","","41","968","41","0","2000000","0","0","0","0","0"
"경기도교육청","경기도파주교육지원청","경기도 파주시","S090003911","천현초등학교","02","공립","N","","9","143","9","0","0","0","0","0","0","0"
"경기도교육청","경기도파주교육지원청","경기도 파주시","S090003913","청석초등학교","02","공립","N","","7","845","31","15","1000000","10","79","10","0","1000000"
"경기도교육청","경기도파주교육지원청","경기도 파주시","S090003914","청암초등학교","02","공립","N","","52","1334","52","0","0","0","0","0","0","0"
"경기도교육청","경기도파주교육지원청","경기도 파주시","S090003915","탄현초등학교","02","공립","N","","7","39","6","1","2400000","0","0","0","0","0"
"경기도교육청","경기도파주교육지원청","경기도 파주시","S090003916","통일초등학교","02","공립","N","","12","247","12","0","0","0","0","0","0","0"
"경기도교육청","경기도파주교육지원청","경기도 파주시","S090003917","파양초등학교","02","공립","N","","6","77","6","4","9600000","2","23","2","0","500000"
"경기도교육청","경기도파주교육지원청","경기도 파주시","S090003919","파주대원초등학교","02","공립","N","","17","374","17","6","4800000","2","18","2","0","0"
"경기도교육청","경기도파주교육지원청","경기도 파주시","S090003920","파주송화초등학교","02","공립","N","","19","507","19","0","0","5","42","5","0","600000"
"경기도교육청","경기도파주교육지원청","경기도 파주시","S090003921","파주와동초등학교","02","공립","N","","46","654","28","21","0","15","89","15","0","3000000"
"경기도교육청","경기도파주교육지원청","경기도 파주시","S090003922","파주초등학교","02","공립","N","","7","97","7","0","0","0","0","0","0","0"
"경기도교육청","경기도파주교육지원청","경기도 파주시","S090003923","파평초등학교","02","공립","N","","6","65","6","6","3800000","2","20","2","2","1960000"
"경기도교육청","경기도평택교육지원청","경기도 평택시","S090004009","가사초등학교","02","공립","N","","6","50","6","1","5600000","2","22","2","0","1000000"
"경기도교육청","경기도평택교육지원청","경기도 평택시","S090004010","갈곶초등학교","02","공립","N","","14","102","16","0","1800000","0","0","0","0","0"
"경기도교육청","경기도평택교육지원청","경기도 평택시","S090004011","계성초등학교","02","공립","N","","6","41","6","0","0","8","91","8","5","3760000"
"경기도교육청","경기도평택교육지원청","경기도 평택시","S090004013","고덕초등학교","02","공립","N","","57","1555","57","0","0","1","5","1","0","1000000"
"경기도교육청","경기도평택교육지원청","경기도 평택시","S090004015","군문초등학교","02","공립","N","","7","118","7","0","500000","3","27","3","1","4620000"
"경기도교육청","경기도평택교육지원청","경기도 평택시","S090004017","내기초등학교","02","공립","N","","11","209","11","0","0","0","0","0","0","0"
"경기도교육청","경기도평택교육지원청","경기도 평택시","S090004022","덕동초등학교","02","공립","N","","23","512","23","23","26720000","1","12","1","0","1000000"
"경기도교육청","경기도평택교육지원청","경기도 평택시","S090004023","동삭초등학교","02","공립","N","","13","637","27","2","5617500","1","25","1","1","9700000"
"경기도교육청","경기도평택교육지원청","경기도 평택시","S090004024","복창초등학교","02","공립","N","","10","163","10","0","100000","1","10","1","0","100000"
"경기도교육청","경기도평택교육지원청","경기도 평택시","S090004025","부용초등학교","02","공립","N","","17","324","17","0","0","1","12","1","0","1000000"
"경기도교육청","경기도평택교육지원청","경기도 평택시","S090004027","비전초등학교","02","공립","N","","11","222","11","0","5635000","0","0","0","0","0"
"경기도교육청","경기도평택교육지원청","경기도 평택시","S090004029","삼덕초등학교","02","공립","N","","10","59","10","0","1000000","6","40","6","0","3000000"
"경기도교육청","경기도평택교육지원청","경기도 평택시","S090004030","서정리초등학교","02","공립","N","","9","156","9","0","1350000","8","80","8","0","380000"
"경기도교육청","경기도평택교육지원청","경기도 평택시","S090004031","서탄초등학교","02","공립","N","","7","49","8","7","21640000","0","0","0","0","0"
"경기도교육청","경기도평택교육지원청","경기도 평택시","S090004033","서탄초등학교내수분교장","02","공립","N","","7","7","4","7","1890000","0","0","0","0","0"
"경기도교육청","경기도평택교육지원청","경기도 평택시","S090004035","세교초등학교","02","공립","N","","27","619","27","0","0","1","22","1","1","450000"
"경기도교육청","경기도평택교육지원청","경기도 평택시","S090004036","소사벌초등학교","02","공립","N","","29","588","26","5","17010000","3","87","3","10","36700000"
"경기도교육청","경기도평택교육지원청","경기도 평택시","S090004037","송북초등학교","02","공립","N","","21","476","21","0","12600000","0","0","0","0","0"
"경기도교육청","경기도평택교육지원청","경기도 평택시","S090004038","송신초등학교","02","공립","N","","18","354","18","0","0","9","82","9","0","1000000"
"경기도교육청","경기도평택교육지원청","경기도 평택시","S090004039","송일초등학교","02","공립","N","","10","139","10","10","14000000","0","0","0","0","0"
"경기도교육청","경기도평택교육지원청","경기도 평택시","S090004040","송탄초등학교","02","공립","N","","6","93","6","0","4220000","0","0","0","0","0"
"경기도교육청","경기도평택교육지원청","경기도 평택시","S090004042","안중초등학교","02","공립","N","","13","234","13","0","1300000","2","29","2","0","1000000"
"경기도교육청","경기도평택교육지원청","경기도 평택시","S090004043","어연초등학교","02","공립","N","","6","38","6","0","0","1","10","1","1","3300000"
"경기도교육청","경기도평택교육지원청","경기도 평택시","S090004044","오성초등학교","02","공립","N","","9","138","9","0","0","0","0","0","0","0"
"경기도교육청","경기도평택교육지원청","경기도 평택시","S090004045","원정초등학교","02","공립","N","","13","263","13","0","1000000","1","6","1","0","0"
"경기도교육청","경기도평택교육지원청","경기도 평택시","S090004046","이충초등학교","02","공립","N","","18","399","18","0","5400000","2","17","2","0","2100000"
"경기도교육청","경기도평택교육지원청","경기도 평택시","S090004047","종덕초등학교","02","공립","N","","42","1025","42","0","0","15","111","15","0","3520000"
"경기도교육청","경기도평택교육지원청","경기도 평택시","S090004049","죽백초등학교","02","공립","N","","10","180","10","10","15420000","5","40","6","0","1000000"
"경기도교육청","경기도평택교육지원청","경기도 평택시","S090004052","지장초등학교","02","공립","N","","19","437","19","0","0","4","45","4","0","1440000"
"경기도교육청","경기도평택교육지원청","경기도 평택시","S090004053","진위초등학교","02","공립","N","","4","125","9","4","7680000","0","0","0","0","0"
"경기도교육청","경기도평택교육지원청","경기도 평택시","S090004054","진위초등학교산대분교장","02","공립","N","","3","10","3","0","0","2","13","3","0","3360000"
"경기도교육청","경기도평택교육지원청","경기도 평택시","S090004055","창신초등학교","02","공립","N","","6","38","6","0","19000000","3","26","2","1","5660000"
"경기도교육청","경기도평택교육지원청","경기도 평택시","S090004056","청북초등학교","02","공립","N","","1","40","6","1","3000000","2","28","2","1","2000000"
"경기도교육청","경기도평택교육지원청","경기도 평택시","S090004057","팽성초등학교","02","공립","N","","4","93","6","4","21900000","0","0","0","0","0"
"경기도교육청","경기도평택교육지원청","경기도 평택시","S090004058","평일초등학교","02","공립","N","","18","410","18","0","0","0","0","0","0","0"
"경기도교육청","경기도평택교육지원청","경기도 평택시","S090004059","평택성동초등학교","02","공립","N","","12","241","12","2","10800000","1","15","1","2","5000000"
"경기도교육청","경기도평택교육지원청","경기도 평택시","S090004060","평택중앙초등학교","02","공립","N","","9","156","9","0","0","0","0","0","0","0"
"경기도교육청","경기도평택교육지원청","경기도 평택시","S090004061","평택지산초등학교","02","공립","N","","18","391","18","0","1800000","1","17","1","1","1500000"
"경기도교육청","경기도평택교육지원청","경기도 평택시","S090004062","평택초등학교","02","공립","N","","7","136","7","1","0","0","0","0","0","0"
"경기도교육청","경기도평택교육지원청","경기도 평택시","S090004063","합정초등학교","02","공립","N","","6","82","6","0","0","2","12","2","0","1500000"
"경기도교육청","경기도평택교육지원청","경기도 평택시","S090004064","현덕초등학교","02","공립","N","","6","116","6","2","1800000","2","25","2","0","2000000"
"경기도교육청","경기도평택교육지원청","경기도 평택시","S090004065","현덕초등학교광덕분교장","02","공립","N","","6","40","6","0","0","0","0","0","0","0"
"경기도교육청","경기도평택교육지원청","경기도 평택시","S090004066","현화초등학교","02","공립","N","","23","520","23","0","0","0","0","0","0","0"
"경기도교육청","경기도평택교육지원청","경기도 평택시","S090004067","홍원초등학교","02","공립","N","","7","49","7","0","2000000","0","0","0","0","0"
"경기도교육청","경기도평택교육지원청","경기도 평택시","S090004068","효덕초등학교","02","공립","N","","27","388","27","0","5100000","3","35","3","0","2000000"
"경기도교육청","경기도포천교육지원청","경기도 포천시","S090004176","가산초등학교","02","공립","N","","10","92","10","0","5200000","0","0","0","0","0"
"경기도교육청","경기도포천교육지원청","경기도 포천시","S090004177","관인초등학교","02","공립","N","","3","21","4","0","1000000","0","0","0","0","0"
"경기도교육청","경기도포천교육지원청","경기도 포천시","S090004180","내촌초등학교","02","공립","N","","6","56","6","1","4320000","0","0","0","0","0"
"경기도교육청","경기도포천교육지원청","경기도 포천시","S090004183","도평초등학교","02","공립","N","","6","47","6","3","9600000","0","0","0","0","0"
"경기도교육청","경기도포천교육지원청","경기도 포천시","S090004189","선단초등학교","02","공립","N","","16","324","16","0","0","0","0","0","0","0"
"경기도교육청","경기도포천교육지원청","경기도 포천시","S090004190","송우초등학교","02","공립","N","","12","262","12","0","0","8","65","8","0","1500000"
"경기도교육청","경기도포천교육지원청","경기도 포천시","S090004191","신북초등학교","02","공립","N","","6","90","6","0","0","0","0","0","0","0"
"경기도교육청","경기도포천교육지원청","경기도 포천시","S090004193","영북초등학교","02","공립","N","","13","277","13","0","0","2","19","2","0","0"
"경기도교육청","경기도포천교육지원청","경기도 포천시","S090004198","왕방초등학교","02","공립","N","","16","468","21","7","0","0","0","0","0","0"
"경기도교육청","경기도포천교육지원청","경기도 포천시","S090004199","외북초등학교","02","공립","N","","1","33","6","1","7000000","1","8","1","0","950000"
"경기도교육청","경기도포천교육지원청","경기도 포천시","S090004200","운담초등학교","02","공립","N","","1","29","1","1","0","1","20","1","1","0"
"경기도교육청","경기도포천교육지원청","경기도 포천시","S090004201","유암초등학교","02","공립","N","","6","44","6","0","1200000","0","0","0","0","0"
"경기도교육청","경기도포천교육지원청","경기도 포천시","S090004202","이곡초등학교","02","공립","N","","6","53","6","1","9000000","0","0","0","0","0"
"경기도교육청","경기도포천교육지원청","경기도 포천시","S090004203","이동초등학교","02","공립","N","","6","78","6","0","300000","1","16","1","0","2500000"
"경기도교육청","경기도포천교육지원청","경기도 포천시","S090004204","일동초등학교","02","공립","N","","18","253","18","0","25000000","1","7","1","0","0"
"경기도교육청","경기도포천교육지원청","경기도 포천시","S090004205","정교초등학교","02","공립","N","","7","50","7","0","1200000","0","0","0","0","0"
"경기도교육청","경기도포천교육지원청","경기도 포천시","S090004208","지현초등학교","02","공립","N","","1","27","6","1","7200000","2","27","6","1","9550000"
"경기도교육청","경기도포천교육지원청","경기도 포천시","S090004209","창수초등학교","02","공립","N","","6","34","6","0","0","0","0","0","0","0"
"경기도교육청","경기도포천교육지원청","경기도 포천시","S090004210","청성초등학교","02","공립","N","","6","38","6","0","0","0","0","0","0","0"
"경기도교육청","경기도포천교육지원청","경기도 포천시","S090004211","추산초등학교","02","공립","N","","23","515","23","0","2300000","1","20","2","0","8000000"
"경기도교육청","경기도포천교육지원청","경기도 포천시","S090004212","축석초등학교","02","공립","N","","6","44","6","0","1200000","0","0","0","0","0"
"경기도교육청","경기도포천교육지원청","경기도 포천시","S090004213","포천노곡초등학교","02","공립","N","","6","43","6","0","0","0","0","0","0","0"
"경기도교육청","경기도포천교육지원청","경기도 포천시","S090004214","포천삼정초등학교","02","공립","N","","3","10","3","1","4000000","0","0","0","0","0"
"경기도교육청","경기도포천교육지원청","경기도 포천시","S090004215","포천초등학교","02","공립","N","","30","728","30","0","0","0","0","0","0","0"
"경기도교육청","경기도포천교육지원청","경기도 포천시","S090004216","화현초등학교","02","공립","N","","5","50","6","0","800000","0","0","0","0","0"
"경기도교육청","경기도화성오산교육지원청","","S090004282","갈담초등학교","02","공립","N","","7","125","7","0","0","0","0","0","0","0"
"경기도교육청","경기도화성오산교육지원청","경기도 화성시 만세구","S090004283","갈천초등학교","02","공립","N","","6","46","6","2","8000000","0","0","0","0","0"
"경기도교육청","경기도화성오산교육지원청","경기도 화성시 만세구","S090004284","고정초등학교","02","공립","N","","6","40","6","0","1600000","2","28","2","0","1000000"
"경기도교육청","경기도화성오산교육지원청","경기도 오산시","S090004286","광성초등학교","02","공립","N","","27","499","27","0","0","0","0","0","0","0"
"경기도교육청","경기도화성오산교육지원청","","S090004287","기안초등학교","02","공립","N","","25","590","25","0","2000000","2","23","2","5","2000000"
"경기도교육청","경기도화성오산교육지원청","경기도 화성시 만세구","S090004288","남양초등학교","02","공립","N","","18","407","18","0","0","0","0","0","0","0"
"경기도교육청","경기도화성오산교육지원청","경기도 화성시 만세구","S090004289","노진초등학교","02","공립","N","","0","0","0","0","0","2","19","2","0","0"
"경기도교육청","경기도화성오산교육지원청","","S090004292","동탄초등학교","02","공립","N","","0","0","0","0","0","3","66","3","0","500000"
"경기도교육청","경기도화성오산교육지원청","경기도 화성시 병점구","S090004294","동학초등학교","02","공립","N","","24","537","24","24","22080000","1","18","1","0","300000"
"경기도교육청","경기도화성오산교육지원청","경기도 화성시 만세구","S090004296","마도초등학교","02","공립","N","","6","76","6","0","1500000","0","0","0","0","0"
"경기도교육청","경기도화성오산교육지원청","","S090004297","마산초등학교","02","공립","N","","6","41","6","6","2140000","0","0","0","0","0"
"경기도교육청","경기도화성오산교육지원청","경기도 오산시","S090004301","매홀초등학교","02","공립","N","","10","159","10","1","1800000","0","0","0","0","0"
"경기도교육청","경기도화성오산교육지원청","경기도 오산시","S090004302","삼미초등학교","02","공립","N","","20","462","20","0","2000000","3","42","3","0","600000"
"경기도교육청","경기도화성오산교육지원청","","S090004304","발안초등학교","02","공립","N","","13","245","13","0","0","0","0","0","0","0"
"경기도교육청","경기도화성오산교육지원청","경기도 화성시 병점구","S090004305","병점초등학교","02","공립","N","","8","131","8","0","0","0","0","0","0","0"
"경기도교육청","경기도화성오산교육지원청","경기도 화성시 효행구","S090004306","봉담초등학교","02","공립","N","","38","942","38","0","1400000","1","15","1","0","0"
"경기도교육청","경기도화성오산교육지원청","경기도 화성시 효행구","S090004308","비봉초등학교","02","공립","N","","10","98","10","0","5500000","0","0","0","0","0"
"경기도교육청","경기도화성오산교육지원청","경기도 화성시 만세구","S090004310","사창초등학교","02","공립","N","","6","34","6","0","0","5","26","5","0","3000000"
"경기도교육청","경기도화성오산교육지원청","경기도 화성시 만세구","S090004312","상신초등학교","02","공립","N","","25","573","25","0","0","0","0","0","0","0"
"경기도교육청","경기도화성오산교육지원청","경기도 화성시 만세구","S090004313","서신초등학교","02","공립","N","","6","60","6","0","0","0","0","0","0","0"
"경기도교육청","경기도화성오산교육지원청","경기도 화성시 만세구","S090004315","석천초등학교","02","공립","N","","6","70","6","0","0","0","0","0","0","0"
"경기도교육청","경기도화성오산교육지원청","경기도 오산시","S090004317","성산초등학교","02","공립","N","","7","106","7","7","4630000","0","0","0","0","0"
"경기도교육청","경기도화성오산교육지원청","경기도 오산시","S090004318","성호초등학교","02","공립","N","","12","225","12","1","960000","0","0","0","0","0"
"경기도교육청","경기도화성오산교육지원청","경기도 화성시 효행구","S090004319","송라초등학교","02","공립","N","","6","42","6","0","0","2","18","2","0","1000000"
"경기도교육청","경기도화성오산교육지원청","경기도 화성시 만세구","S090004320","송산초등학교","02","공립","N","","10","168","10","0","2100000","5","55","5","0","600000"
"경기도교육청","경기도화성오산교육지원청","경기도 화성시 병점구","S090004321","송화초등학교","02","공립","N","","31","737","31","0","0","5","80","5","0","3000000"
"경기도교육청","경기도화성오산교육지원청","경기도 화성시 효행구","S090004322","수기초등학교","02","공립","N","","7","65","7","0","0","7","65","7","0","1200000"
"경기도교육청","경기도화성오산교육지원청","","S090004324","양감초등학교","02","공립","N","","8","46","8","1","3280000","0","0","0","0","0"
"경기도교육청","경기도화성오산교육지원청","경기도 오산시","S090004325","오산초등학교","02","공립","N","","27","680","27","0","0","1","12","1","1","1000000"
"경기도교육청","경기도화성오산교육지원청","","S090004326","우정초등학교","02","공립","N","","9","156","9","0","1200000","2","11","2","0","0"
"경기도교육청","경기도화성오산교육지원청","경기도 오산시","S090004328","운산초등학교","02","공립","N","","25","540","29","5","4600000","0","0","0","0","0"
"경기도교육청","경기도화성오산교육지원청","경기도 오산시","S090004329","운암초등학교","02","공립","N","","10","239","11","0","0","0","0","0","0","0"
"경기도교육청","경기도화성오산교육지원청","경기도 오산시","S090004330","운천초등학교","02","공립","N","","27","628","27","8","32280000","5","53","5","0","500000"
"경기도교육청","경기도화성오산교육지원청","경기도 오산시","S090004331","원동초등학교","02","공립","N","","25","618","25","0","0","12","101","12","0","800000"
"경기도교육청","경기도화성오산교육지원청","경기도 화성시 만세구","S090004333","장명초등학교","02","공립","N","","4","21","4","2","3600000","0","0","0","0","0"
"경기도교육청","경기도화성오산교육지원청","경기도 화성시 효행구","S090004336","정남초등학교","02","공립","N","","8","151","8","0","1000000","0","0","0","0","0"
"경기도교육청","경기도화성오산교육지원청","경기도 화성시 효행구","S090004337","정림초등학교","02","공립","N","","5","33","5","1","3200000","1","13","1","0","1167400"
"경기도교육청","경기도화성오산교육지원청","","S090004340","청룡초등학교","02","공립","N","","4","38","4","0","0","0","0","0","0","0"
"경기도교육청","경기도화성오산교육지원청","경기도 화성시 만세구","S090004341","청원초등학교","02","공립","N","","6","41","6","0","1500000","0","0","0","0","0"
"경기도교육청","경기도화성오산교육지원청","경기도 화성시 만세구","S090004344","팔탄초등학교","02","공립","N","","12","115","12","2","19840000","1","23","1","0","1350000"
"경기도교육청","경기도화성오산교육지원청","경기도 화성시 만세구","S090004345","팔탄초등학교대방분교장","02","공립","Y","통합운영학교로서 본교에서 처리함","","","","","","","","","",""
"경기도교육청","경기도화성오산교육지원청","경기도 화성시 만세구","S090004347","해운초등학교","02","공립","N","","4","32","7","0","1200000","0","0","0","0","0"
"경기도교육청","경기도화성오산교육지원청","경기도 화성시 만세구","S090004348","향남초등학교","02","공립","N","","8","54","8","5","6300000","0","0","0","0","0"
"경기도교육청","경기도화성오산교육지원청","","S090004349","화남초등학교","02","공립","N","","34","822","34","0","0","5","31","5","0","3000000"
"경기도교육청","경기도화성오산교육지원청","경기도 화성시 병점구","S090004350","화산초등학교","02","공립","N","","12","250","12","3","13260000","0","0","0","0","0"
"경기도교육청","경기도화성오산교육지원청","","S090004351","화성매송초등학교","02","공립","N","","10","71","10","0","640000","0","0","0","0","0"
"경기도교육청","경기도화성오산교육지원청","경기도 화성시 만세구","S090004352","화성월문초등학교","02","공립","N","","6","45","6","0","0","4","34","5","0","500000"
"경기도교육청","경기도화성오산교육지원청","경기도 화성시 만세구","S090004353","화성장안초등학교","02","공립","N","","20","449","20","0","0","1","449","1","0","2000000"
"경기도교육청","경기도화성오산교육지원청","경기도 오산시","S090004354","화성초등학교","02","공립","N","","18","311","21","7","0","1","27","1","0","450000"
"경기도교육청","경기도화성오산교육지원청","경기도 화성시 만세구","S090004355","화성장안초등학교석포분교장","02","공립","Y","본교에서 분교장 데이터 포함하여 통합 공시","","","","","","","","","",""
"경기도교육청","경기도화성오산교육지원청","경기도 화성시 만세구","S090004356","화성화수초등학교","02","공립","N","","6","26","6","0","0","0","0","0","0","0"
"경기도교육청","경기도화성오산교육지원청","경기도 화성시 만세구","S090004358","활초초등학교","02","공립","N","","6","98","6","0","0","1","7","1","0","1000000"
"경기도교육청","경기도용인교육지원청","경기도 용인시 기흥구","S090004797","교동초등학교","02","공립","N","","26","607","26","0","4800000","0","0","0","0","0"
"경기도교육청","경기도용인교육지원청","경기도 용인시 기흥구","S090004804","나곡초등학교","02","공립","N","","34","845","34","0","2210000","1","6","1","0","200000"
"경기도교육청","경기도부천교육지원청","경기도 부천시 원미구","S090004824","석천초등학교","02","공립","N","","37","900","37","0","0","2","48","2","2","2350000"
"경기도교육청","경기도용인교육지원청","경기도 용인시 수지구","S090004836","효자초등학교","02","공립","N","","36","917","38","0","0","0","0","0","0","0"
"경기도교육청","경기도성남교육지원청","경기도 성남시 분당구","S090004841","늘푸른초등학교","02","공립","N","","44","1227","44","0","5720000","18","100","11","18","2250000"
"경기도교육청","경기도의정부교육지원청","경기도 의정부시","S090004842","의정부호원초등학교","02","공립","N","","11","598","28","1","0","1","10","1","0","1250000"
"경기도교육청","경기도부천교육지원청","경기도 부천시 소사구","S090004843","부천일신초등학교","02","공립","N","","10","799","33","8","8400000","0","0","0","0","0"
"경기도교육청","경기도부천교육지원청","경기도 부천시 소사구","S090004844","솔안초등학교","02","공립","N","","6","173","12","3","4800000","1","17","1","1","3650000"
"경기도교육청","경기도동두천양주교육지원청","경기도 동두천시","S090004845","동두천신천초등학교","02","공립","N","","21","490","21","4","1000000","5","58","5","2","900000"
"경기도교육청","경기도동두천양주교육지원청","경기도 동두천시","S090004846","동두천송내초등학교","02","공립","N","","15","276","15","15","16070000","1","10","1","1","4200000"
"경기도교육청","경기도안산교육지원청","경기도 안산시 단원구","S090004847","안산진흥초등학교","02","공립","N","","14","307","14","4","0","0","0","0","0","0"
"경기도교육청","경기도안산교육지원청","경기도 안산시 상록구","S090004848","학현초등학교","02","공립","N","","17","306","17","0","3900000","0","0","0","0","0"
"경기도교육청","경기도시흥교육지원청","경기도 시흥시","S090004849","시흥도원초등학교","02","공립","N","","12","223","12","5","9615000","0","0","0","0","0"
"경기도교육청","경기도시흥교육지원청","경기도 시흥시","S090004850","시흥월곶초등학교","02","공립","N","","24","588","24","6","12750000","4","39","4","0","1200000"
"경기도교육청","경기도시흥교육지원청","경기도 시흥시","S090004851","시흥장현초등학교","02","공립","N","","29","698","29","8","27770000","0","0","0","0","0"
"경기도교육청","경기도군포의왕교육지원청","경기도 군포시","S090004852","당동초등학교","02","공립","N","","29","614","30","0","0","30","614","30","0","5148000"
"경기도교육청","경기도군포의왕교육지원청","경기도 군포시","S090004853","당정초등학교","02","공립","N","","31","573","31","3","4939000","4","22","4","0","400000"
"경기도교육청","경기도화성오산교육지원청","경기도 화성시 만세구","S090004854","제암초등학교","02","공립","N","","22","478","22","0","0","0","0","0","0","0"
"경기도교육청","경기도화성오산교육지원청","경기도 오산시","S090004855","오산대원초등학교","02","공립","N","","6","533","24","8","28175000","1","10","1","0","400000"
"경기도교육청","경기도파주교육지원청","경기도 파주시","S090004856","동패초등학교","02","공립","N","","64","1623","64","0","0","7","46","7","0","1800000"
"경기도교육청","경기도고양교육지원청","경기도 고양시 덕양구","S090004857","고양관산초등학교","02","공립","N","","15","326","15","0","0","2","31","2","1","1298000"
"경기도교육청","경기도고양교육지원청","경기도 고양시 일산서구","S090004858","고양한내초등학교","02","공립","N","","18","361","18","0","0","0","0","0","0","0"
"경기도교육청","경기도고양교육지원청","경기도 고양시 일산서구","S090004859","한뫼초등학교","02","공립","N","","28","638","28","0","0","1","10","1","0","500000"
"경기도교육청","경기도파주교육지원청","경기도 파주시","S090004881","임진초등학교","02","공립","N","","24","530","24","6","10800000","0","0","0","0","0"
"경기도교육청","경기도용인교육지원청","경기도 용인시 기흥구","S090004891","지석초등학교","02","공립","N","","6","241","13","5","6720000","0","0","0","0","0"
"경기도교육청","경기도부천교육지원청","경기도 부천시 원미구","S090004892","옥산초등학교","02","공립","N","","7","38","6","3","3900000","0","0","0","0","0"
"경기도교육청","경기도이천교육지원청","경기도 이천시","S090004940","증포초등학교","02","공립","N","","30","735","30","0","0","2","27","2","2","13300000"
"경기도교육청","경기도광주하남교육지원청","경기도 광주시","S090004941","양벌초등학교","02","공립","N","","33","802","33","8","22400000","0","0","0","0","0"
"경기도교육청","경기도광주하남교육지원청","경기도 광주시","S090004942","광주도평초등학교","02","공립","N","","23","571","23","0","0","4","22","4","0","1000000"
"경기도교육청","경기도성남교육지원청","경기도 성남시 분당구","S090004946","성남정자초등학교","02","공립","N","","66","699","66","0","1300000","53","370","53","0","1680000"
"경기도교육청","경기도용인교육지원청","경기도 용인시 기흥구","S090004953","지곡초등학교","02","공립","N","","1","123","6","1","8560000","0","0","0","0","0"
"경기도교육청","경기도용인교육지원청","경기도 용인시 기흥구","S090004954","언남초등학교","02","공립","N","","15","319","15","0","0","11","88","11","0","1500000"
"경기도교육청","경기도용인교육지원청","경기도 용인시 처인구","S090004955","용인이동초등학교","02","공립","N","","12","349","32","10","0","10","76","10","0","1500000"
"경기도교육청","경기도용인교육지원청","경기도 용인시 수지구","S090004958","현암초등학교","02","공립","N","","21","516","21","1","0","2","60","2","0","2000000"
"경기도교육청","경기도용인교육지원청","경기도 용인시 기흥구","S090004960","독정초등학교","02","공립","N","","34","846","34","0","0","0","0","0","0","0"
"경기도교육청","경기도용인교육지원청","경기도 용인시 수지구","S090004961","용인대덕초등학교","02","공립","N","","16","341","16","0","3200000","0","0","0","0","0"
"경기도교육청","경기도용인교육지원청","경기도 용인시 수지구","S090004962","신리초등학교","02","공립","N","","13","281","13","0","2600000","1","30","1","0","500000"
"경기도교육청","경기도용인교육지원청","경기도 용인시 수지구","S090004963","손곡초등학교","02","공립","N","","32","768","32","2","7200000","0","0","0","0","0"
"경기도교육청","경기도용인교육지원청","경기도 용인시 기흥구","S090004964","갈곡초등학교","02","공립","N","","20","434","20","3","4710000","3","32","3","0","600000"
"경기도교육청","경기도용인교육지원청","경기도 용인시 기흥구","S090004965","성지초등학교","02","공립","N","","4","26","4","0","0","0","0","0","0","0"
"경기도교육청","경기도용인교육지원청","경기도 용인시 처인구","S090004966","삼가초등학교","02","공립","N","","39","889","39","0","0","1","4","1","0","400000"
"경기도교육청","경기도용인교육지원청","경기도 용인시 처인구","S090004967","용인성산초등학교","02","공립","N","","21","493","21","0","0","0","0","0","0","0"
"경기도교육청","경기도용인교육지원청","경기도 용인시 수지구","S090004978","용인신촌초등학교","02","공립","N","","33","786","33","0","7200000","0","0","0","0","0"
"경기도교육청","경기도파주교육지원청","경기도 파주시","S090004980","금화초등학교","02","공립","N","","22","494","22","0","0","3","36","2","1","400000"
"경기도교육청","경기도파주교육지원청","경기도 파주시","S090004981","금릉초등학교","02","공립","N","","30","631","27","3","15120000","6","37","6","0","900000"
"경기도교육청","경기도포천교육지원청","경기도 포천시","S090004998","신봉초등학교","02","공립","N","","10","160","11","1","20100000","0","0","0","0","0"
"경기도교육청","경기도수원교육지원청","경기도 수원시 장안구","S090005003","수일초등학교","02","공립","N","","15","254","15","0","0","0","0","0","0","0"
"경기도교육청","경기도수원교육지원청","경기도 수원시 권선구","S090005004","입북초등학교","02","공립","N","","32","665","32","0","4000000","2","21","2","0","0"
"경기도교육청","경기도수원교육지원청","경기도 수원시 영통구","S090005005","대선초등학교","02","공립","N","","45","1121","45","0","4500000","0","0","0","0","0"
"경기도교육청","경기도수원교육지원청","경기도 수원시 영통구","S090005006","수원매화초등학교","02","공립","N","","15","327","15","0","0","2","18","2","0","930000"
"경기도교육청","경기도수원교육지원청","경기도 수원시 팔달구","S090005007","팔달초등학교","02","공립","N","","6","525","22","0","1700000","4","73","4","0","3100000"
"경기도교육청","경기도성남교육지원청","경기도 성남시 수정구","S090005008","성남양지초등학교","02","공립","N","","13","239","13","0","0","0","0","0","0","0"
"경기도교육청","경기도안양과천교육지원청","경기도 안양시 동안구","S090005009","샘모루초등학교","02","공립","N","","58","710","58","5","10056000","0","0","0","0","0"
"경기도교육청","경기도안양과천교육지원청","경기도 안양시 만안구","S090005010","화창초등학교","02","공립","N","","15","346","15","0","1530000","1","10","1","0","300000"
"경기도교육청","경기도부천교육지원청","경기도 부천시 소사구","S090005011","부천송일초등학교","02","공립","N","","21","462","21","18","3600000","1","12","1","0","240000"
"경기도교육청","경기도동두천양주교육지원청","경기도 동두천시","S090005012","이담초등학교","02","공립","N","","21","463","21","0","2100000","1","12","1","0","1000000"
"경기도교육청","경기도화성오산교육지원청","경기도 화성시 병점구","S090005013","구봉초등학교","02","공립","N","","14","633","28","3","3300000","0","0","0","0","0"
"경기도교육청","경기도화성오산교육지원청","경기도 화성시 병점구","S090005014","기산초등학교","02","공립","N","","21","486","21","0","0","0","0","0","0","0"
"경기도교육청","경기도화성오산교육지원청","경기도 화성시 병점구","S090005015","안화초등학교","02","공립","N","","28","626","28","0","5040000","34","762","34","19","6400000"
"경기도교육청","경기도화성오산교육지원청","경기도 화성시 병점구","S090005016","진안초등학교","02","공립","N","","19","427","19","0","0","0","0","0","0","0"
"경기도교육청","경기도화성오산교육지원청","경기도 화성시 병점구","S090005017","태안초등학교","02","공립","N","","20","482","20","0","0","3","16","4","0","3300000"
"경기도교육청","경기도화성오산교육지원청","경기도 화성시 병점구","S090005018","화성벌말초등학교","02","공립","N","","12","255","12","0","0","7","154","7","0","1000000"
"경기도교육청","경기도화성오산교육지원청","경기도 오산시","S090005019","대호초등학교","02","공립","N","","31","570","31","0","0","5","54","6","0","2295000"
"경기도교육청","경기도동두천양주교육지원청","경기도 양주시","S090005023","덕계초등학교","02","공립","N","","22","340","22","0","0","3","25","3","0","1000000"
"경기도교육청","경기도안산교육지원청","경기도 안산시 단원구","S090005024","안산호원초등학교","02","공립","N","","33","792","33","0","0","4","39","3","3","8417440"
"경기도교육청","경기도시흥교육지원청","경기도 시흥시","S090005025","웃터골초등학교","02","공립","N","","15","674","28","15","34110000","8","60","8","0","800000"
"경기도교육청","경기도구리남양주교육지원청","경기도 남양주시","S090005026","남양주신촌초등학교","02","공립","N","","30","735","30","0","2266200","4","109","4","0","2794980"
"경기도교육청","경기도구리남양주교육지원청","경기도 남양주시","S090005027","장내초등학교","02","공립","N","","18","402","18","3","7315000","0","0","0","0","0"
"경기도교육청","경기도구리남양주교육지원청","경기도 남양주시","S090005028","판곡초등학교","02","공립","N","","32","782","32","0","0","5","36","5","0","1000000"
"경기도교육청","경기도구리남양주교육지원청","경기도 남양주시","S090005029","평동초등학교","02","공립","N","","19","467","20","0","0","0","0","0","0","0"
"경기도교육청","경기도파주교육지원청","경기도 파주시","S090005030","금향초등학교","02","공립","N","","18","404","18","2","1200000","0","0","0","0","0"
"경기도교육청","경기도고양교육지원청","경기도 고양시 덕양구","S090005031","목암초등학교","02","공립","N","","31","716","31","3","5450000","0","0","0","0","0"
"경기도교육청","경기도김포교육지원청","경기도 김포시","S090005032","김포신풍초등학교","02","공립","N","","6","993","41","2","5880000","1","10","1","0","0"
"경기도교육청","경기도용인교육지원청","경기도 용인시 수지구","S090005036","대청초등학교","02","공립","N","","21","477","21","0","0","0","0","0","0","0"
"경기도교육청","경기도용인교육지원청","경기도 용인시 기흥구","S090005037","용인신릉초등학교","02","공립","N","","21","285","21","0","1680000","1","14","1","0","200000"
"경기도교육청","경기도용인교육지원청","경기도 용인시 수지구","S090005041","신일초등학교","02","공립","N","","21","474","21","0","0","9","103","9","0","2000000"
"경기도교육청","경기도안양과천교육지원청","경기도 안양시 만안구","S090005042","안양호암초등학교","02","공립","N","","12","254","12","0","1200000","1","12","1","0","720000"
"경기도교육청","경기도안양과천교육지원청","경기도 안양시 동안구","S090005043","나눔초등학교","02","공립","N","","9","178","9","6","0","0","0","0","0","0"
"경기도교육청","경기도의정부교육지원청","경기도 의정부시","S090005129","의정부효자초등학교","02","공립","N","","14","282","14","0","2800000","0","0","0","0","0"
"경기도교육청","경기도의정부교육지원청","경기도 의정부시","S090005130","동암초등학교","02","공립","N","","6","706","29","6","26920000","2","10","2","0","0"
"경기도교육청","경기도의정부교육지원청","경기도 의정부시","S090005131","버들개초등학교","02","공립","N","","6","547","24","0","0","1","7","1","0","1250000"
"경기도교육청","경기도부천교육지원청","경기도 부천시 소사구","S090005138","부천양지초등학교","02","공립","N","","22","400","22","12","6500000","17","409","17","0","2000000"
"경기도교육청","경기도동두천양주교육지원청","경기도 양주시","S090005139","삼숭초등학교","02","공립","N","","16","611","27","0","0","2","10","2","0","2668000"
"경기도교육청","경기도평택교육지원청","경기도 평택시","S090005141","평택송화초등학교","02","공립","N","","17","367","17","0","1700000","2","45","2","2","1000000"
"경기도교육청","경기도평택교육지원청","경기도 평택시","S090005142","장당초등학교","02","공립","N","","29","633","29","0","0","10","63","10","0","3300000"
"경기도교육청","경기도구리남양주교육지원청","경기도 남양주시","S090005145","사능초등학교","02","공립","N","","8","73","8","2","6000000","0","0","0","0","0"
"경기도교육청","경기도구리남양주교육지원청","경기도 남양주시","S090005146","남양주백봉초등학교","02","공립","N","","19","381","19","0","3750000","9","72","9","1","6880000"
"경기도교육청","경기도구리남양주교육지원청","경기도 남양주시","S090005147","양오초등학교","02","공립","N","","29","708","29","4","6650000","3","37","3","1","6800000"
"경기도교육청","경기도광주하남교육지원청","경기도 하남시","S090005152","신평초등학교","02","공립","N","","33","780","33","5","10350000","0","0","0","0","0"
"경기도교육청","경기도파주교육지원청","경기도 파주시","S090005154","새금초등학교","02","공립","N","","18","378","18","0","0","12","87","12","0","500000"
"경기도교육청","경기도파주교육지원청","경기도 파주시","S090005155","석곶초등학교","02","공립","N","","37","985","37","0","2960000","4","72","4","1","600000"
"경기도교육청","경기도수원교육지원청","경기도 수원시 권선구","S090005179","효탑초등학교","02","공립","N","","15","282","15","0","0","0","0","0","0","0"
"경기도교육청","경기도부천교육지원청","경기도 부천시 원미구","S090005181","상미초등학교","02","공립","N","","10","146","9","2","3000000","6","60","6","0","1000000"
"경기도교육청","경기도동두천양주교육지원청","경기도 양주시","S090005182","광숭초등학교","02","공립","N","","21","481","21","0","0","0","0","0","0","0"
"경기도교육청","경기도평택교육지원청","경기도 평택시","S090005183","평택안일초등학교","02","공립","N","","37","845","38","0","0","0","0","0","0","0"
"경기도교육청","경기도평택교육지원청","경기도 평택시","S090005184","현일초등학교","02","공립","N","","25","612","25","0","3000000","7","99","10","0","3000000"
"경기도교육청","경기도구리남양주교육지원청","경기도 남양주시","S090005185","어람초등학교","02","공립","N","","33","754","33","0","0","7","107","7","0","2000000"
"경기도교육청","경기도여주교육지원청","경기도 여주시","S090005186","세종초등학교","02","공립","N","","41","991","41","10","22260000","1","8","1","0","1000000"
"경기도교육청","경기도화성오산교육지원청","경기도 화성시 만세구","S090005187","동양초등학교","02","공립","N","","39","943","39","0","1850000","6","82","7","1","8099000"
"경기도교육청","경기도화성오산교육지원청","경기도 화성시 효행구","S090005188","배양초등학교","02","공립","N","","13","238","13","4","6260000","0","0","0","0","0"
"경기도교육청","경기도안산교육지원청","경기도 안산시 상록구","S090005269","안산청석초등학교","02","공립","N","","17","372","17","0","1700000","0","0","0","0","0"
"경기도교육청","경기도안산교육지원청","경기도 안산시 상록구","S090005270","팔곡초등학교","02","공립","N","","6","93","6","2","0","0","0","0","0","0"
"경기도교육청","경기도포천교육지원청","경기도 포천시","S090005288","태봉초등학교","02","공립","N","","29","698","29","0","0","3","44","3","0","3700000"
"경기도교육청","경기도안산교육지원청","경기도 안산시 상록구","S090005294","안산창촌초등학교","02","공립","N","","17","349","17","0","0","0","0","0","0","0"
"경기도교육청","경기도안산교육지원청","경기도 안산시 상록구","S090005295","안산해양초등학교","02","공립","N","","19","424","19","0","0","6","60","6","0","1200000"
"경기도교육청","경기도부천교육지원청","경기도 부천시 오정구","S090005313","동산초등학교","02","공립","N","","17","291","17","0","0","2","14","2","0","0"
"경기도교육청","경기도용인교육지원청","경기도 용인시 기흥구","S090005324","동막초등학교","02","공립","N","","24","544","24","0","0","14","87","14","0","1500000"
"경기도교육청","경기도용인교육지원청","경기도 용인시 기흥구","S090005325","석성초등학교","02","공립","N","","18","585","18","0","0","0","0","0","0","0"
"경기도교육청","경기도용인교육지원청","경기도 용인시 기흥구","S090005330","동백초등학교","02","공립","N","","56","779","56","0","0","0","0","0","0","0"
"경기도교육청","경기도용인교육지원청","경기도 용인시 기흥구","S090005332","용인백현초등학교","02","공립","N","","21","504","21","0","0","1","19","2","0","600000"
"경기도교육청","경기도수원교육지원청","경기도 수원시 권선구","S090005334","서평초등학교","02","공립","N","","9","158","9","1","0","0","0","0","0","0"
"경기도교육청","경기도수원교육지원청","경기도 수원시 권선구","S090005337","오현초등학교","02","공립","N","","30","710","30","0","0","0","0","0","0","0"
"경기도교육청","경기도용인교육지원청","경기도 용인시 기흥구","S090005339","용인초당초등학교","02","공립","N","","25","546","25","0","0","0","0","0","0","0"
"경기도교육청","경기도고양교육지원청","경기도 고양시 일산서구","S090005341","가좌초등학교","02","공립","N","","19","447","19","0","0","3","27","3","0","3000000"
"경기도교육청","경기도동두천양주교육지원청","경기도 양주시","S090005344","도둔초등학교","02","공립","N","","31","752","31","17","3200000","20","148","20","0","2300000"
"경기도교육청","경기도평택교육지원청","경기도 평택시","S090005357","평택도곡초등학교","02","공립","N","","27","592","27","0","0","7","43","7","0","1000000"
"경기도교육청","경기도화성오산교육지원청","경기도 화성시 병점구","S090005363","안녕초등학교","02","공립","N","","34","786","34","0","7000000","8","786","8","1","27440000"
"경기도교육청","경기도화성오산교육지원청","경기도 오산시","S090005366","가수초등학교","02","공립","N","","24","543","24","0","0","0","0","0","0","0"
"경기도교육청","경기도파주교육지원청","경기도 파주시","S090005369","두일초등학교","02","공립","N","","29","679","29","1","0","14","108","14","0","2000000"
"경기도교육청","경기도화성오산교육지원청","경기도 오산시","S090005372","수청초등학교","02","공립","N","","21","471","21","2","7800000","4","38","4","2","5700000"
"경기도교육청","경기도파주교육지원청","경기도 파주시","S090005373","와석초등학교","02","공립","N","","51","1284","51","0","0","9","62","9","0","2000000"
"경기도교육청","경기도김포교육지원청","경기도 김포시","S090005375","통진초등학교","02","공립","N","","15","333","15","0","0","15","333","15","0","1900000"
"경기도교육청","경기도고양교육지원청","경기도 고양시 일산동구","S090005393","다솜초등학교","02","공립","N","","26","652","26","0","0","0","0","0","0","0"
"경기도교육청","경기도안산교육지원청","경기도 안산시 단원구","S090005395","덕인초등학교","02","공립","N","","18","426","18","0","0","2","20","2","0","550000"
"경기도교육청","경기도파주교육지원청","경기도 파주시","S090005397","문발초등학교","02","공립","N","","12","260","12","0","0","0","0","0","0","0"
"경기도교육청","경기도부천교육지원청","경기도 부천시 소사구","S090005402","소안초등학교","02","공립","N","","17","332","17","0","1200000","0","0","0","0","0"
"경기도교육청","경기도동두천양주교육지원청","경기도 양주시","S090005404","신지초등학교","02","공립","N","","11","224","11","11","0","1","4","1","0","200000"
"경기도교육청","경기도화성오산교육지원청","경기도 오산시","S090005406","오산원당초등학교","02","공립","N","","60","1482","60","60","67200000","1","24","1","1","1040000"
"경기도교육청","경기도시흥교육지원청","경기도 시흥시","S090005408","월포초등학교","02","공립","N","","12","201","12","6","9820000","0","0","0","0","0"
"경기도교육청","경기도고양교육지원청","경기도 고양시 일산동구","S090005411","풍동초등학교","02","공립","N","","16","305","16","0","0","3","15","4","0","600000"
"경기도교육청","경기도화성오산교육지원청","","S090005412","학동초등학교","02","공립","N","","36","889","36","0","0","0","0","0","0","0"
"경기도교육청","경기도화성오산교육지원청","경기도 화성시 동탄구","S090005471","화성금곡초등학교","02","공립","N","","41","773","41","3","0","0","0","0","0","0"
"경기도교육청","경기도평택교육지원청","경기도 평택시","S090005472","반지초등학교","02","공립","N","","30","753","30","30","31500000","10","105","9","1","6300000"
"경기도교육청","경기도화성오산교육지원청","","S090005474","석우초등학교","02","공립","N","","29","696","29","0","0","3","26","3","0","1650000"
"경기도교육청","경기도화성오산교육지원청","경기도 오산시","S090005476","오산원일초등학교","02","공립","N","","39","765","39","0","0","12","154","12","0","2000000"
"경기도교육청","경기도용인교육지원청","경기도 용인시 기흥구","S090005478","용인한일초등학교","02","공립","N","","15","305","15","2","0","2","11","2","0","200000"
"경기도교육청","경기도용인교육지원청","경기도 용인시 기흥구","S090005480","나산초등학교","02","공립","N","","11","648","28","0","0","0","0","0","0","0"
"경기도교육청","경기도화성오산교육지원청","","S090005487","와우초등학교","02","공립","N","","43","1068","43","0","12400000","1","5","1","0","3000000"
"경기도교육청","경기도구리남양주교육지원청","경기도 남양주시","S090005494","예봉초등학교","02","공립","N","","22","494","22","44","16100000","0","0","0","0","0"
"경기도교육청","경기도동두천양주교육지원청","경기도 양주시","S090005495","주원초등학교","02","공립","N","","10","173","10","2","2000000","4","47","4","0","3700000"
"경기도교육청","경기도고양교육지원청","경기도 고양시 일산동구","S090005496","하늘초등학교","02","공립","N","","21","493","21","6","8400000","3","53","3","0","1600000"
"경기도교육청","경기도화성오산교육지원청","","S090005588","동화초등학교","02","공립","Y","운영 동아리수 변경","","","","","","","","","",""
"경기도교육청","경기도화성오산교육지원청","경기도 화성시 동탄구","S090005589","반석초등학교","02","공립","N","","68","1628","68","0","20000000","3","37","3","0","3000000"
"경기도교육청","경기도화성오산교육지원청","경기도 화성시 효행구","S090005591","상봉초등학교","02","공립","N","","26","592","26","0","0","14","121","14","0","1993000"
"경기도교육청","경기도화성오산교육지원청","경기도 화성시 동탄구","S090005593","솔빛초등학교","02","공립","N","","45","1123","45","0","0","2","24","2","0","4580000"
"경기도교육청","경기도화성오산교육지원청","경기도 오산시","S090005594","오산고현초등학교","02","공립","N","","36","869","36","5","10618000","2","20","2","1","3780000"
"경기도교육청","경기도화성오산교육지원청","경기도 화성시 병점구","S090005595","율목초등학교","02","공립","N","","22","794","22","0","3300000","0","0","0","0","0"
"경기도교육청","경기도화성오산교육지원청","","S090005597","반송초등학교","02","공립","N","","34","794","34","0","3600000","3","54","3","2","5500000"
"경기도교육청","경기도부천교육지원청","경기도 부천시 오정구","S090005603","성곡초등학교","02","공립","N","","15","297","15","0","0","0","0","0","0","0"
"경기도교육청","경기도고양교육지원청","경기도 고양시 일산동구","S090005607","모당초등학교","02","공립","N","","26","614","27","0","0","1","10","1","0","200000"
"경기도교육청","경기도용인교육지원청","경기도 용인시 기흥구","S090005610","청덕초등학교","02","공립","N","","6","609","25","4","0","0","0","0","0","0"
"경기도교육청","경기도시흥교육지원청","경기도 시흥시","S090005612","시흥능곡초등학교","02","공립","N","","16","375","16","18","19940000","15","377","18","0","5400000"
"경기도교육청","경기도김포교육지원청","경기도 김포시","S090005617","장기초등학교","02","공립","N","","29","700","29","6","38000000","10","86","10","0","2400000"
"경기도교육청","경기도성남교육지원청","경기도 성남시 중원구","S090005621","도촌초등학교","02","공립","N","","30","732","30","0","3000000","0","0","0","0","0"
"경기도교육청","경기도군포의왕교육지원청","경기도 군포시","S090005627","군포대야초등학교","02","공립","N","","10","169","10","0","2560000","2","16","2","1","5780000"
"경기도교육청","경기도군포의왕교육지원청","경기도 의왕시","S090005628","모락초등학교","02","공립","N","","17","321","17","0","8500000","1","21","1","0","0"
"경기도교육청","경기도화성오산교육지원청","경기도 화성시 동탄구","S090005644","능동초등학교","02","공립","N","","8","177","8","0","1600000","0","0","0","0","0"
"경기도교육청","경기도화성오산교육지원청","경기도 화성시 만세구","S090005645","도이초등학교","02","공립","N","","25","594","25","0","0","6","100","6","0","4900000"
"경기도교육청","경기도화성오산교육지원청","경기도 화성시 효행구","S090005646","수영초등학교","02","공립","N","","16","342","16","0","800000","5","47","5","0","2427000"
"경기도교육청","경기도화성오산교육지원청","경기도 화성시 동탄구","S090005647","예당초등학교","02","공립","N","","24","575","24","4","2600000","7","192","7","0","2000000"
"경기도교육청","경기도부천교육지원청","경기도 부천시 원미구","S090005648","중동초등학교","02","공립","N","","29","705","29","1","2500000","0","0","0","0","0"
"경기도교육청","경기도화성오산교육지원청","경기도 화성시 동탄구","S090005649","푸른초등학교","02","공립","N","","45","1106","45","0","0","2","26","2","0","500000"
"경기도교육청","경기도화성오산교육지원청","경기도 화성시 동탄구","S090005650","한마음초등학교","02","공립","N","","29","718","29","0","3950000","3","26","3","0","1800000"
"경기도교육청","경기도화성오산교육지원청","경기도 화성시 만세구","S090005651","한울초등학교","02","공립","N","","20","940","39","3","5850000","0","0","0","0","0"
"경기도교육청","경기도화성오산교육지원청","경기도 화성시 만세구","S090005652","행정초등학교","02","공립","N","","35","831","35","0","0","1","25","1","1","5700000"
"경기도교육청","경기도구리남양주교육지원청","경기도 남양주시","S090005678","가운초등학교","02","공립","N","","14","282","14","0","0","1","6","1","0","300000"
"경기도교육청","경기도평택교육지원청","경기도 평택시","S090005680","송현초등학교","02","공립","N","","10","190","10","10","5000000","13","105","13","0","1400000"
"경기도교육청","경기도김포교육지원청","경기도 김포시","S090005682","신곡초등학교","02","공립","N","","31","766","31","0","0","16","118","15","4","3000000"
"경기도교육청","경기도광주하남교육지원청","경기도 하남시","S090005686","하남풍산초등학교","02","공립","N","","20","462","20","0","0","0","0","0","0","0"
"경기도교육청","경기도고양교육지원청","경기도 고양시 덕양구","S090005687","아람초등학교","02","공립","N","","11","218","11","0","500000","0","0","0","0","0"
"경기도교육청","경기도안산교육지원청","경기도 안산시 단원구","S090005688","안산대월초등학교","02","공립","N","","20","436","20","0","0","0","0","0","0","0"
"경기도교육청","경기도안산교육지원청","경기도 안산시 단원구","S090005690","신길초등학교","02","공립","N","","23","528","23","0","3200000","4","26","4","0","500000"
"경기도교육청","경기도성남교육지원청","경기도 성남시 분당구","S090005692","성남송현초등학교","02","공립","N","","38","874","38","0","5700000","1","17","1","0","0"
"경기도교육청","경기도수원교육지원청","경기도 수원시 팔달구","S090005693","매여울초등학교","02","공립","N","","22","399","22","7","21600000","4","59","4","1","6900000"
"경기도교육청","경기도성남교육지원청","경기도 성남시 분당구","S090005695","보평초등학교","02","공립","N","","0","0","0","0","0","15","97","15","0","1000000"
"경기도교육청","경기도성남교육지원청","경기도 성남시 분당구","S090005696","운중초등학교","02","공립","N","","21","469","21","0","6300000","0","0","0","0","0"
"경기도교육청","경기도성남교육지원청","경기도 성남시 분당구","S090005702","판교초등학교","02","공립","N","","36","900","36","0","0","7","46","7","0","1000000"
"경기도교육청","경기도성남교육지원청","경기도 성남시 분당구","S090005703","산운초등학교","02","공립","N","","23","521","23","0","0","0","0","0","0","0"
"경기도교육청","경기도구리남양주교육지원청","경기도 남양주시","S090005705","구룡초등학교","02","공립","N","","34","808","34","0","0","0","0","0","0","0"
"경기도교육청","경기도구리남양주교육지원청","경기도 구리시","S090005706","건원초등학교","02","공립","N","","12","215","12","0","0","5","70","5","0","0"
"경기도교육청","경기도구리남양주교육지원청","경기도 남양주시","S090005708","진접초등학교","02","공립","N","","29","666","29","0","0","6","35","6","0","2400000"
"경기도교육청","경기도구리남양주교육지원청","경기도 남양주시","S090005710","차산초등학교","02","공립","N","","18","372","18","0","0","1","10","1","1","6000000"
"경기도교육청","경기도광명교육지원청","경기도 광명시","S090005739","충현초등학교","02","공립","N","","28","556","26","6","16210000","3","30","3","0","790000"
"경기도교육청","경기도광명교육지원청","경기도 광명시","S090005740","구름산초등학교","02","공립","N","","38","815","38","0","2050000","0","0","0","0","0"
"경기도교육청","경기도김포교육지원청","경기도 김포시","S090005742","걸포초등학교","02","공립","N","","20","411","20","0","0","4","34","4","1","13320000"
"경기도교육청","경기도광명교육지원청","경기도 광명시","S090005744","안현초등학교","02","공립","N","","41","964","41","0","1640000","5","53","5","0","300000"
"경기도교육청","경기도화성오산교육지원청","경기도 오산시","S090005747","문시초등학교","02","공립","N","","9","612","25","14","41950000","2","46","3","2","3400000"
"경기도교육청","경기도용인교육지원청","경기도 용인시 기흥구","S090005748","공세초등학교","02","공립","N","","20","328","20","0","4800000","1","11","1","0","900000"
"경기도교육청","경기도용인교육지원청","경기도 용인시 수지구","S090005750","용인한빛초등학교","02","공립","N","","32","726","32","3","5075000","6","38","6","0","1000000"
"경기도교육청","경기도용인교육지원청","경기도 용인시 처인구","S090005751","둔전제일초등학교","02","공립","N","","6","319","16","0","0","1","5","1","0","0"
"경기도교육청","경기도화성오산교육지원청","경기도 오산시","S090005763","양산초등학교","02","공립","N","","6","543","18","0","0","0","0","0","0","0"
"경기도교육청","경기도평택교육지원청","경기도 평택시","S090005765","용이초등학교","02","공립","N","","43","1013","43","1","5520000","3","60","2","1","4000000"
"경기도교육청","경기도군포의왕교육지원청","경기도 의왕시","S090005771","내동초등학교","02","공립","N","","32","748","32","0","0","0","0","0","0","0"
"경기도교육청","경기도용인교육지원청","경기도 용인시 기흥구","S090005773","석현초등학교","02","공립","N","","31","726","31","19","4920000","0","0","0","0","0"
"경기도교육청","경기도용인교육지원청","경기도 용인시 기흥구","S090005774","흥덕초등학교","02","공립","N","","20","475","20","0","0","3","40","2","1","6500000"
"경기도교육청","경기도구리남양주교육지원청","경기도 남양주시","S090005780","남양주덕송초등학교","02","공립","N","","51","1241","51","10","48332000","0","0","0","0","0"
"경기도교육청","경기도구리남양주교육지원청","경기도 남양주시","S090005784","별가람초등학교","02","공립","N","","25","596","25","5","27550000","1","6","1","0","0"
"경기도교육청","경기도동두천양주교육지원청","경기도 양주시","S090005805","만송초등학교","02","공립","N","","14","258","14","3","14700000","4","26","4","0","2000000"
"경기도교육청","경기도화성오산교육지원청","경기도 화성시 동탄구","S090005807","숲속초등학교","02","공립","N","","27","555","27","0","0","1","6","1","0","0"
"경기도교육청","경기도시흥교육지원청","경기도 시흥시","S090005809","승지초등학교","02","공립","N","","26","393","20","10","44960000","1","25","2","0","7000000"
"경기도교육청","경기도화성오산교육지원청","경기도 오산시","S090005816","세미초등학교","02","공립","N","","57","1430","57","2","0","28","260","28","0","0"
"경기도교육청","경기도화성오산교육지원청","경기도 오산시","S090005818","필봉초등학교","02","공립","N","","26","602","26","0","2600000","3","24","3","3","8440000"
"경기도교육청","경기도수원교육지원청","경기도 수원시 권선구","S090005839","선행초등학교","02","공립","N","","22","517","22","7","32640000","2","27","2","0","288000"
"경기도교육청","경기도군포의왕교육지원청","경기도 군포시","S090005846","군포신기초등학교","02","공립","N","","59","585","59","0","0","15","121","15","0","700000"
"경기도교육청","경기도광주하남교육지원청","경기도 광주시","S090005847","벌원초등학교","02","공립","N","","19","422","19","0","7488000","5","36","4","1","1800000"
"경기도교육청","경기도광명교육지원청","경기도 광명시","S090005848","빛가온초등학교","02","공립","N","","29","739","29","0","1652000","3","41","3","0","226000"
"경기도교육청","경기도안양과천교육지원청","경기도 안양시 동안구","S090005852","해오름초등학교","02","공립","N","","23","276","23","5","0","0","0","0","0","0"
"경기도교육청","경기도김포교육지원청","경기도 김포시","S090005853","솔터초등학교","02","공립","N","","43","1032","43","0","0","2","20","2","0","1000000"
"경기도교육청","경기도파주교육지원청","경기도 파주시","S090005854","자유초등학교","02","공립","N","","41","990","41","6","4100000","17","115","17","0","1000000"
"경기도교육청","경기도고양교육지원청","경기도 고양시 일산서구","S090005855","한산초등학교","02","공립","N","","31","737","31","0","2000000","1","14","1","0","360000"
"경기도교육청","경기도고양교육지원청","경기도 고양시 일산서구","S090005856","백송초등학교","02","공립","N","","31","717","31","0","0","0","0","0","0","0"
"경기도교육청","경기도안성교육지원청","경기도 안성시","S090005860","만정초등학교","02","공립","N","","24","660","24","24","25830000","16","157","17","3","14200000"
"경기도교육청","경기도용인교육지원청","경기도 용인시 수지구","S090005862","새빛초등학교","02","공립","N","","37","887","37","0","0","0","0","0","0","0"
"경기도교육청","경기도용인교육지원청","경기도 용인시 기흥구","S090005864","서농초등학교","02","공립","N","","47","1138","47","0","6100000","47","1138","47","0","4700000"
"경기도교육청","경기도파주교육지원청","경기도 파주시","S090005867","가온초등학교","02","공립","N","","40","975","40","0","0","2","18","2","0","2600000"
"경기도교육청","경기도김포교육지원청","경기도 김포시","S090005869","김포한가람초등학교","02","공립","N","","27","611","27","0","0","27","611","27","0","3060000"
"경기도교육청","경기도김포교육지원청","경기도 김포시","S090005873","보름초등학교","02","공립","N","","69","1642","69","0","0","0","0","0","0","0"
"경기도교육청","경기도화성오산교육지원청","경기도 화성시 동탄구","S090005874","예원초등학교","02","공립","N","","11","313","17","10","2600000","0","0","0","0","0"
"경기도교육청","경기도수원교육지원청","경기도 수원시 영통구","S090005879","광교초등학교","02","공립","N","","46","1109","46","8","4600000","0","0","0","0","0"
"경기도교육청","경기도수원교육지원청","경기도 수원시 영통구","S090005882","이의초등학교","02","공립","N","","61","463","61","0","0","0","0","0","0","0"
"경기도교육청","경기도김포교육지원청","경기도 김포시","S090005883","가현초등학교","02","공립","N","","47","1165","47","6","16450000","12","215","12","1","3455000"
"경기도교육청","경기도김포교육지원청","경기도 김포시","S090005885","푸른솔초등학교","02","공립","N","","44","1100","44","0","0","0","0","0","0","0"
"경기도교육청","경기도평택교육지원청","경기도 평택시","S090005888","청옥초등학교","02","공립","N","","54","1364","54","0","5300000","1","15","1","1","6400000"
"경기도교육청","경기도수원교육지원청","경기도 수원시 권선구","S090005894","수원중촌초등학교","02","공립","N","","31","767","31","0","0","0","0","0","0","0"
"경기도교육청","경기도수원교육지원청","경기도 수원시 권선구","S090005896","수원금호초등학교","02","공립","N","","62","1522","62","0","0","3","18","3","0","500000"
"경기도교육청","경기도수원교육지원청","경기도 수원시 권선구","S090005897","능실초등학교","02","공립","N","","50","1265","50","0","0","5","60","5","0","1200000"
"경기도교육청","경기도군포의왕교육지원청","경기도 의왕시","S090005912","포일초등학교","02","공립","N","","19","404","21","5","3800000","0","0","0","0","0"
"경기도교육청","경기도성남교육지원청","경기도 성남시 중원구","S090005914","성남여수초등학교","02","공립","N","","29","667","29","0","2900000","3","25","3","3","4140000"
"경기도교육청","경기도구리남양주교육지원청","경기도 남양주시","S090005988","부평초등학교","02","공립","N","","35","841","35","2","7360000","0","0","0","0","0"
"경기도교육청","경기도김포교육지원청","경기도 김포시","S090006026","김포금빛초등학교","02","공립","N","","59","1484","59","0","0","13","202","13","0","3400000"
"경기도교육청","경기도용인교육지원청","경기도 용인시 처인구","S090006028","고진초등학교","02","공립","N","","48","1184","48","0","0","7","59","7","0","1800000"
"경기도교육청","경기도김포교육지원청","경기도 김포시","S090006030","은여울초등학교","02","공립","N","","70","1894","70","0","0","0","0","0","0","0"
"경기도교육청","경기도김포교육지원청","경기도 김포시","S090006033","나비초등학교","02","공립","N","","39","930","39","0","0","0","0","0","0","0"
"경기도교육청","경기도용인교육지원청","경기도 용인시 처인구","S090006039","함박초등학교","02","공립","N","","49","1197","49","4","22520000","10","76","10","0","1200000"
"경기도교육청","경기도김포교육지원청","경기도 김포시","S090006040","운유초등학교","02","공립","N","","6","1231","49","0","4900000","6","58","6","0","1700000"
"경기도교육청","경기도용인교육지원청","경기도 용인시 기흥구","S090006042","중일초등학교","02","공립","N","","27","698","27","0","1500000","0","0","0","0","0"
"경기도교육청","경기도김포교육지원청","경기도 김포시","S090006046","청수초등학교","02","공립","N","","64","1777","64","0","6400000","2","24","2","2","14700000"
"경기도교육청","경기도동두천양주교육지원청","경기도 양주시","S090006053","율빛초등학교","02","공립","N","","51","1108","51","3","15680000","1","12","1","0","500000"
"경기도교육청","경기도동두천양주교육지원청","경기도 양주시","S090006055","회암초등학교","02","공립","N","","22","530","22","0","1800000","0","0","0","0","0"
"경기도교육청","경기도동두천양주교육지원청","경기도 양주시","S090006058","율정초등학교","02","공립","N","","16","334","16","0","0","0","0","0","0","0"
"경기도교육청","경기도동두천양주교육지원청","경기도 양주시","S090006061","옥정초등학교","02","공립","N","","71","964","71","0","3900000","5","65","5","0","0"
"경기도교육청","경기도동두천양주교육지원청","경기도 양주시","S090006062","연푸른초등학교","02","공립","N","","44","1133","44","1","0","2","16","2","0","1000000"
"경기도교육청","경기도동두천양주교육지원청","경기도 양주시","S090006063","옥빛초등학교","02","공립","N","","62","1555","62","0","0","0","0","0","0","0"
"경기도교육청","경기도동두천양주교육지원청","경기도 양주시","S090006065","옥정호수초등학교","02","공립","N","","40","1005","40","0","0","0","0","0","0","0"
"경기도교육청","경기도광주하남교육지원청","경기도 광주시","S090006082","고산하늘초등학교","02","공립","N","","49","1244","49","0","3430000","7","75","7","0","750000"
"경기도교육청","경기도광주하남교육지원청","경기도 광주시","S090006083","고산별빛초등학교","02","공립","N","","24","545","24","0","0","7","51","7","0","1500000"
"경기도교육청","경기도고양교육지원청","경기도 고양시 덕양구","S090006096","고양오금초등학교","02","공립","N","","34","822","34","0","0","2","18","2","0","0"
"경기도교육청","경기도광주하남교육지원청","경기도 광주시","S090006100","신현초등학교","02","공립","N","","74","1758","74","74","28120000","0","0","0","0","0"
"경기도교육청","경기도성남교육지원청","경기도 성남시 수정구","S090006104","위례한빛초등학교","02","공립","N","","40","986","40","0","0","14","122","14","0","1958000"
"경기도교육청","경기도성남교육지원청","경기도 성남시 수정구","S090006107","위례푸른초등학교","02","공립","N","","36","904","36","0","0","1","20","1","0","6320000"
"경기도교육청","경기도성남교육지원청","경기도 성남시 수정구","S090006108","위례고운초등학교","02","공립","N","","24","581","24","0","4000000","0","0","0","0","0"
"경기도교육청","경기도성남교육지원청","경기도 성남시 수정구","S090006109","위례중앙초등학교","02","공립","N","","20","455","20","1","2000000","0","0","0","0","0"
"경기도교육청","경기도광주하남교육지원청","경기도 광주시","S090006112","한아람초등학교","02","공립","N","","52","1305","52","0","0","0","0","0","0","0"
"경기도교육청","경기도광주하남교육지원청","경기도 광주시","S090006113","태성초등학교","02","공립","N","","49","1246","49","0","0","13","107","13","0","2800000"
"경기도교육청","경기도시흥교육지원청","경기도 시흥시","S090006122","배곧초등학교","02","공립","N","","58","1461","58","3","25650000","11","64","11","0","1000000"
"경기도교육청","경기도시흥교육지원청","경기도 시흥시","S090006123","배곧라온초등학교","02","공립","N","","58","1469","58","5","25650000","5","68","5","0","2400000"
"경기도교육청","경기도시흥교육지원청","경기도 시흥시","S090006131","산현초등학교","02","공립","N","","39","985","39","39","23380000","0","0","0","0","0"
"경기도교육청","경기도시흥교육지원청","경기도 시흥시","S090006132","운흥초등학교","02","공립","N","","49","1285","49","6","0","0","0","0","0","0"
"경기도교육청","경기도시흥교육지원청","경기도 시흥시","S090006133","조남초등학교","02","공립","N","","26","620","26","12","34450000","10","62","10","0","1700000"
"경기도교육청","경기도시흥교육지원청","경기도 시흥시","S090006152","생금초등학교","02","공립","N","","20","342","20","8","3228500","1","5","1","0","2500000"
"경기도교육청","경기도화성오산교육지원청","경기도 화성시 만세구","S090006153","화원초등학교","02","공립","N","","44","1014","44","0","8200000","0","0","0","0","0"
"경기도교육청","경기도화성오산교육지원청","경기도 화성시 만세구","S090006154","하길초등학교","02","공립","N","","56","1408","56","0","0","0","0","0","0","0"
"경기도교육청","경기도수원교육지원청","경기도 수원시 권선구","S090006157","곡정초등학교","02","공립","N","","64","1190","64","0","5000000","0","0","0","0","0"
"경기도교육청","경기도파주교육지원청","경기도 파주시","S090006164","산내초등학교","02","공립","N","","80","2020","80","0","0","11","91","10","3","14600000"
"경기도교육청","경기도화성오산교육지원청","경기도 오산시","S090006418","금암초등학교","02","공립","N","","17","378","17","0","0","20","413","20","2","2900000"
"경기도교육청","경기도동두천양주교육지원청","경기도 양주시","S090006419","광사초등학교","02","공립","N","","24","544","24","0","0","4","42","4","0","2000000"
"경기도교육청","경기도광주하남교육지원청","경기도 하남시","S090006421","나룰초등학교","02","공립","N","","32","463","32","2","3200000","0","0","0","0","0"
"경기도교육청","경기도김포교육지원청","경기도 김포시","S090006425","마송중앙초등학교","02","공립","N","","22","510","22","0","2200000","0","0","0","0","0"
"경기도교육청","경기도군포의왕교육지원청","경기도 군포시","S090006431","부곡중앙초등학교","02","공립","N","","29","668","29","0","9000000","7","58","7","1","3250000"
"경기도교육청","경기도고양교육지원청","경기도 고양시 덕양구","S090006432","서정초등학교","02","공립","N","","24","192","12","12","5000000","0","0","0","0","0"
"경기도교육청","경기도성남교육지원청","경기도 성남시 분당구","S090006433","성남화랑초등학교","02","공립","N","","23","487","23","0","0","3","33","3","0","0"
"경기도교육청","경기도용인교육지원청","경기도 용인시 수지구","S090006434","성서초등학교","02","공립","N","","32","738","32","16","0","0","0","0","0","0"
"경기도교육청","경기도성남교육지원청","경기도 성남시 분당구","S090006439","신백현초등학교","02","공립","N","","24","527","24","0","6000000","7","55","7","0","1600000"
"경기도교육청","경기도김포교육지원청","경기도 김포시","S090006440","신양초등학교","02","공립","N","","11","667","35","10","4625000","0","0","0","0","0"
"경기도교육청","경기도고양교육지원청","경기도 고양시 일산동구","S090006443","양일초등학교","02","공립","N","","44","1077","44","0","0","0","0","0","0","0"
"경기도교육청","경기도용인교육지원청","경기도 용인시 수지구","S090006445","용인신봉초등학교","02","공립","N","","6","987","41","0","0","0","0","0","0","0"
"경기도교육청","경기도파주교육지원청","경기도 파주시","S090006446","운광초등학교","02","공립","N","","31","734","31","0","0","5","50","5","0","1500000"
"경기도교육청","경기도이천교육지원청","경기도 이천시","S090006449","이천사동초등학교","02","공립","N","","25","565","25","0","2500000","0","0","0","0","0"
"경기도교육청","경기도구리남양주교육지원청","경기도 남양주시","S090006452","주곡초등학교","02","공립","N","","29","635","29","0","3000000","0","0","0","0","0"
"경기도교육청","경기도파주교육지원청","경기도 파주시","S090006454","한가람초등학교","02","공립","N","","39","915","39","0","3000000","0","0","0","0","0"
"경기도교육청","경기도파주교육지원청","경기도 파주시","S090006455","한빛초등학교","02","공립","N","","42","1003","42","0","6300000","29","511","29","0","7320000"
"경기도교육청","경기도군포의왕교육지원청","경기도 군포시","S090006456","한얼초등학교","02","공립","N","","6","225","11","4","24080000","2","8","2","0","0"
"경기도교육청","경기도파주교육지원청","경기도 파주시","S090006458","해솔초등학교","02","공립","N","","43","756","43","0","0","0","0","0","0","0"
"경기도교육청","경기도구리남양주교육지원청","경기도 남양주시","S090006459","화도초등학교","02","공립","N","","10","668","26","0","0","0","0","0","0","0"
"경기도교육청","경기도구리남양주교육지원청","경기도 남양주시","S090006460","화봉초등학교","02","공립","N","","27","614","27","0","2700000","0","0","0","0","0"
"경기도교육청","경기도화성오산교육지원청","","S090006650","서경초등학교","02","공립","N","","31","731","31","6","6480000","1","24","1","0","2000000"
"경기도교육청","경기도화성오산교육지원청","","S090006651","화성반월초등학교","02","공립","N","","56","1411","56","0","5600000","2","40","2","0","5000000"
"경기도교육청","경기도용인교육지원청","경기도 용인시 처인구","S090006759","두창초등학교","02","공립","N","","6","41","6","0","1600000","0","0","0","0","0"
"경기도교육청","경기도고양교육지원청","경기도 고양시 덕양구","S090006770","고양동산초등학교","02","공립","N","","7","1015","43","0","0","0","0","0","0","0"
"경기도교육청","경기도평택교육지원청","경기도 평택시","S090006771","자란초등학교","02","공립","N","","22","499","22","0","1200000","0","0","0","0","0"
"경기도교육청","경기도수원교육지원청","경기도 수원시 권선구","S090006773","수원가온초등학교","02","공립","N","","40","997","40","0","0","0","0","0","0","0"
"경기도교육청","경기도수원교육지원청","경기도 수원시 장안구","S090006774","다솔초등학교","02","공립","N","","47","1144","47","0","0","4","51","4","0","300000"
"경기도교육청","경기도김포교육지원청","경기도 김포시","S090006775","하늘빛초등학교","02","공립","N","","54","1394","54","0","0","1","6","1","0","1400000"
"경기도교육청","경기도김포교육지원청","경기도 김포시","S090006776","김포호수초등학교","02","공립","N","","53","1299","53","6","13700000","2","40","2","0","1800000"
"경기도교육청","경기도파주교육지원청","경기도 파주시","S090006778","운정초등학교","02","공립","N","","34","744","34","34","0","9","80","9","0","1200000"
"경기도교육청","경기도의정부교육지원청","경기도 의정부시","S090006799","의정부송산초등학교","02","공립","N","","52","1284","52","0","0","11","81","11","0","3000000"
"경기도교육청","경기도구리남양주교육지원청","경기도 남양주시","S090006801","남양주월산초등학교","02","공립","N","","25","571","25","2","7000000","7","72","7","0","140000"
"경기도교육청","경기도구리남양주교육지원청","경기도 남양주시","S090006802","해밀초등학교","02","공립","Y","학생자율동아리 미운영","","","","","","","","","",""
"경기도교육청","경기도용인교육지원청","경기도 용인시 수지구","S090006847","매봉초등학교","02","공립","N","","35","888","35","0","5250000","1","20","2","1","0"
"경기도교육청","경기도광주하남교육지원청","경기도 하남시","S090006913","미사초등학교","02","공립","N","","47","824","47","0","3300000","0","0","0","0","0"
"경기도교육청","경기도광주하남교육지원청","경기도 하남시","S090006914","미사강변초등학교","02","공립","N","","48","1160","48","0","0","50","1226","51","1","5140000"
"경기도교육청","경기도의정부교육지원청","경기도 의정부시","S090006926","삼현초등학교","02","공립","N","","51","1257","51","0","5100000","12","65","12","0","1000000"
"경기도교육청","경기도화성오산교육지원청","경기도 화성시 동탄구","S090006930","동탄중앙초등학교","02","공립","N","","54","1368","54","0","0","0","0","0","0","0"
"경기도교육청","경기도화성오산교육지원청","","S090006931","화성청계초등학교","02","공립","N","","47","1170","47","0","0","1","20","1","1","1900000"
"경기도교육청","경기도화성오산교육지원청","경기도 화성시 동탄구","S090006932","아인초등학교","02","공립","N","","73","1038","73","0","0","3","41","3","0","2000000"
"경기도교육청","경기도화성오산교육지원청","경기도 화성시 동탄구","S090006933","무봉초등학교","02","공립","N","","25","612","25","0","0","1","7","1","0","0"
"경기도교육청","경기도화성오산교육지원청","경기도 화성시 동탄구","S090006935","예솔초등학교","02","공립","N","","30","715","30","0","0","1","10","1","0","0"
"경기도교육청","경기도화성오산교육지원청","경기도 화성시 동탄구","S090006936","청목초등학교","02","공립","N","","42","1032","42","0","4200000","4","50","4","1","4500000"
"경기도교육청","경기도화성오산교육지원청","","S090006937","왕배초등학교","02","공립","N","","52","1253","52","0","0","10","74","10","0","1000000"
"경기도교육청","경기도화성오산교육지원청","","S090006940","호연초등학교","02","공립","N","","36","957","36","0","1000000","2","24","2","0","500000"
"경기도교육청","경기도화성오산교육지원청","경기도 화성시 동탄구","S090006942","방교초등학교","02","공립","N","","37","1177","37","0","4800000","0","0","0","0","0"
"경기도교육청","경기도화성오산교육지원청","경기도 화성시 동탄구","S090006945","서연초등학교","02","공립","N","","52","1273","52","1","0","2","25","2","0","3000000"
"경기도교육청","경기도화성오산교육지원청","경기도 화성시 동탄구","S090006946","영천초등학교","02","공립","N","","17","672","29","0","1300000","3","55","3","1","1300000"
"경기도교육청","경기도화성오산교육지원청","경기도 화성시 동탄구","S090006947","한백초등학교","02","공립","N","","55","1032","55","0","500000","2","11","2","0","1000000"
"경기도교육청","경기도고양교육지원청","경기도 고양시 덕양구","S090006954","도래울초등학교","02","공립","N","","35","702","35","0","0","2","14","2","0","0"
"경기도교육청","경기도구리남양주교육지원청","경기도 남양주시","S090006970","한별초등학교","02","공립","N","","53","1267","53","0","0","0","0","0","0","0"
"경기도교육청","경기도구리남양주교육지원청","경기도 남양주시","S090006971","남양주샛별초등학교","02","공립","N","","41","1023","41","0","0","0","0","0","0","0"
"경기도교육청","경기도양평교육지원청","경기도 양평군","S090006972","정배초등학교","02","공립","N","","5","38","5","0","1500000","0","0","0","0","0"
"경기도교육청","경기도광주하남교육지원청","경기도 하남시","S090007038","위례초등학교","02","공립","N","","63","1644","63","10","50370000","0","0","0","0","0"
"경기도교육청","경기도광주하남교육지원청","경기도 하남시","S090007039","미사중앙초등학교","02","공립","N","","56","1417","56","0","0","0","0","0","0","0"
"경기도교육청","경기도평택교육지원청","경기도 평택시","S090007050","현촌초등학교","02","공립","N","","46","1160","46","0","1600000","0","0","0","0","0"
"경기도교육청","경기도안성교육지원청","경기도 안성시","S090007111","어울초등학교","02","공립","N","","24","528","24","8","24920000","0","0","0","0","0"
"경기도교육청","경기도부천교육지원청","경기도 부천시 소사구","S090007116","옥길버들초등학교","02","공립","N","","53","1313","53","0","0","0","0","0","0","0"
"경기도교육청","경기도부천교육지원청","경기도 부천시 소사구","S090007117","옥길산들초등학교","02","공립","N","","67","1677","67","0","0","0","0","0","0","0"
"경기도교육청","경기도용인교육지원청","경기도 용인시 기흥구","S090007135","샘말초등학교","02","공립","N","","6","901","37","6","35880000","0","0","0","0","0"
"경기도교육청","경기도화성오산교육지원청","경기도 화성시 만세구","S090007139","송린초등학교","02","공립","N","","58","1451","58","0","0","2","19","2","1","5720000"
"경기도교육청","경기도화성오산교육지원청","경기도 화성시 동탄구","S090007140","한율초등학교","02","공립","N","","0","0","0","0","0","1","10","1","0","3000000"
"경기도교육청","경기도광주하남교육지원청","경기도 광주시","S090007159","역동초등학교","02","공립","N","","34","799","34","0","1700000","0","0","0","0","0"
"경기도교육청","경기도구리남양주교육지원청","경기도 구리시","S090007160","산마루초등학교","02","공립","N","","42","1055","42","0","500000","0","0","0","0","0"
"경기도교육청","경기도평택교육지원청","경기도 평택시","S090007161","평택이화초등학교","02","공립","N","","35","869","35","0","0","10","63","10","0","0"
"경기도교육청","경기도광주하남교육지원청","경기도 하남시","S090007162","윤슬초등학교","02","공립","N","","47","1207","47","6","5640000","1","12","1","0","500000"
"경기도교육청","경기도광주하남교육지원청","경기도 하남시","S090007163","한홀초등학교","02","공립","N","","0","0","0","0","0","0","0","0","0","0"
"경기도교육청","경기도광주하남교육지원청","경기도 하남시","S090007164","청아초등학교","02","공립","N","","58","1459","58","3","20720000","0","0","0","0","0"
"경기도교육청","경기도수원교육지원청","경기도 수원시 영통구","S090007194","광교호수초등학교","02","공립","N","","39","949","39","0","0","2","19","2","0","380000"
"경기도교육청","경기도시흥교육지원청","경기도 시흥시","S090007197","배곧한울초등학교","02","공립","N","","22","571","22","0","0","0","0","0","0","0"
"경기도교육청","경기도화성오산교육지원청","경기도 오산시","S090007217","다온초등학교","02","공립","N","","37","849","37","0","7400000","0","0","0","0","0"
"경기도교육청","경기도시흥교육지원청","경기도 시흥시","S090007226","배곧해솔초등학교","02","공립","N","","9","1315","53","11","24750000","8","158","8","0","2400000"
"경기도교육청","경기도수원교육지원청","경기도 수원시 영통구","S090007230","망포초등학교","02","공립","N","","80","2037","80","0","0","0","0","0","0","0"
"경기도교육청","경기도용인교육지원청","경기도 용인시 기흥구","S090007235","용인한얼초등학교","02","공립","N","","47","1171","47","0","4700000","0","0","0","0","0"
"경기도교육청","경기도평택교육지원청","경기도 평택시","S090007236","평택청아초등학교","02","공립","N","","37","904","37","0","700000","4","79","4","0","5000000"
"경기도교육청","경기도구리남양주교육지원청","경기도 남양주시","S090007239","다산가람초등학교","02","공립","N","","50","1186","50","0","0","2","41","2","5","16680000"
"경기도교육청","경기도평택교육지원청","경기도 평택시","S090007240","용죽초등학교","02","공립","N","","65","1685","65","0","0","5","37","5","0","750000"
"경기도교육청","경기도화성오산교육지원청","경기도 화성시 동탄구","S090007241","동탄목동초등학교","02","공립","N","","67","1422","67","0","0","0","0","0","0","0"
"경기도교육청","경기도화성오산교육지원청","경기도 화성시 동탄구","S090007244","다원초등학교","02","공립","N","","28","708","28","0","0","12","82","12","0","3900000"
"경기도교육청","경기도화성오산교육지원청","경기도 화성시 효행구","S090007255","효행초등학교","02","공립","N","","12","1341","54","3","5400000","5","205","5","0","4000000"
"경기도교육청","경기도화성오산교육지원청","경기도 화성시 만세구","S090007257","대양초등학교","02","공립","N","","18","1008","42","0","0","4","28","4","0","1100000"
"경기도교육청","경기도화성오산교육지원청","경기도 화성시 동탄구","S090007263","치동초등학교","02","공립","N","","63","782","63","0","0","0","0","0","0","0"
"경기도교육청","경기도화성오산교육지원청","경기도 화성시 동탄구","S090007265","정현초등학교","02","공립","N","","48","1152","48","0","7200000","1","73","2","0","1000000"
"경기도교육청","경기도평택교육지원청","경기도 평택시","S090007268","가내초등학교","02","공립","N","","48","1154","48","0","0","8","146","8","0","1500000"
"경기도교육청","경기도광주하남교육지원청","경기도 광주시","S090007274","광주송정초등학교","02","공립","N","","38","911","38","0","3800000","0","0","0","0","0"
"경기도교육청","경기도구리남양주교육지원청","경기도 남양주시","S090007275","다산한강초등학교","02","공립","N","","77","2066","77","0","0","2","22","2","0","5120000"
"경기도교육청","경기도군포의왕교육지원청","경기도 의왕시","S090007277","백운호수초등학교","02","공립","N","","22","467","22","0","0","0","0","0","0","0"
"경기도교육청","경기도고양교육지원청","경기도 고양시 일산동구","S090007279","한류초등학교","02","공립","N","","47","1142","47","0","0","6","184","7","66","39375000"
"경기도교육청","경기도군포의왕교육지원청","경기도 군포시","S090007298","송안초등학교","02","공립","N","","41","935","41","0","10920000","0","0","0","0","0"
"경기도교육청","경기도구리남양주교육지원청","경기도 남양주시","S090007307","남양주다산초등학교","02","공립","N","","48","1187","48","0","0","1","17","1","0","6800000"
"경기도교육청","경기도화성오산교육지원청","경기도 오산시","S090007310","세마초등학교","02","공립","N","","6","501","22","8","2200000","19","441","19","0","14850000"
"경기도교육청","경기도구리남양주교육지원청","경기도 남양주시","S090007320","다산새봄초등학교","02","공립","N","","69","1756","69","6","63100000","2","65","4","2","10000000"
"경기도교육청","경기도고양교육지원청","경기도 고양시 덕양구","S090007321","창릉초등학교","02","공립","N","","26","599","26","0","0","1","1","3","0","0"
"경기도교육청","경기도고양교육지원청","경기도 고양시 덕양구","S090007322","향동숲내초등학교","02","공립","N","","41","1009","41","2","3000000","2","19","2","0","800000"
"경기도교육청","경기도의정부교육지원청","경기도 의정부시","S090007323","훈민초등학교","02","공립","N","","41","1003","41","0","0","14","100","14","0","2500000"
"경기도교육청","경기도시흥교육지원청","경기도 시흥시","S090007325","은빛초등학교","02","공립","N","","70","1960","70","10","0","3","26","3","0","1000000"
"경기도교육청","경기도시흥교육지원청","경기도 시흥시","S090007326","배곧누리초등학교","02","공립","N","","32","767","32","10","22275000","4","33","4","0","1100000"
"경기도교육청","경기도광주하남교육지원청","경기도 하남시","S090007327","감일초등학교","02","공립","N","","38","922","38","0","2280000","1","10","2","0","1000000"
"경기도교육청","경기도광주하남교육지원청","경기도 광주시","S090007328","능평초등학교","02","공립","N","","29","670","29","0","0","0","0","0","0","0"
"경기도교육청","경기도광주하남교육지원청","경기도 광주시","S090007329","광주푸른초등학교","02","공립","N","","26","662","28","0","0","0","0","0","0","0"
"경기도교육청","경기도화성오산교육지원청","경기도 화성시 만세구","S090007331","새솔초등학교","02","공립","N","","58","1507","58","0","4640000","7","73","14","1","9960000"
"경기도교육청","경기도화성오산교육지원청","경기도 화성시 동탄구","S090007333","세정초등학교","02","공립","N","","43","1047","43","0","0","0","0","0","0","0"
"경기도교육청","경기도화성오산교육지원청","","S090007334","청림초등학교","02","공립","N","","55","1434","55","0","5500000","0","0","0","0","0"
"경기도교육청","경기도평택교육지원청","경기도 평택시","S090007335","평택대동초등학교","02","공립","N","","30","727","30","0","0","7","53","7","0","1800000"
"경기도교육청","경기도평택교육지원청","경기도 평택시","S090007337","평택새빛초등학교","02","공립","N","","47","1116","47","6","35730000","0","0","0","0","0"
"경기도교육청","경기도안산교육지원청","경기도 안산시 상록구","S090007338","안산해솔초등학교","02","공립","N","","74","1899","74","0","0","0","0","0","0","0"
"경기도교육청","경기도화성오산교육지원청","경기도 화성시 효행구","S090007361","수현초등학교","02","공립","N","","8","1546","46","5","14770000","0","0","0","0","0"
"경기도교육청","경기도파주교육지원청","경기도 파주시","S090007363","산들초등학교","02","공립","N","","31","753","31","0","0","2","25","2","0","0"
"경기도교육청","경기도화성오산교육지원청","경기도 화성시 동탄구","S090007371","이솔초등학교","02","공립","N","","40","957","40","0","3000000","0","0","0","0","0"
"경기도교육청","경기도고양교육지원청","경기도 고양시 덕양구","S090007375","향동초등학교","02","공립","N","","10","952","39","0","3900000","0","0","0","0","0"
"경기도교육청","경기도고양교육지원청","경기도 고양시 덕양구","S090007378","지축초등학교","02","공립","N","","57","1409","57","0","6000000","0","0","0","0","0"
"경기도교육청","경기도화성오산교육지원청","경기도 화성시 동탄구","S090007396","여울초등학교","02","공립","N","","42","991","42","0","0","0","0","0","0","0"
"경기도교육청","경기도화성오산교육지원청","경기도 화성시 동탄구","S090007397","늘봄초등학교","02","공립","N","","21","490","21","2","3200000","0","0","0","0","0"
"경기도교육청","경기도평택교육지원청","경기도 평택시","S090007398","평택서재초등학교","02","공립","N","","58","1614","58","0","4130000","10","93","10","0","1000000"
"경기도교육청","경기도구리남양주교육지원청","경기도 남양주시","S090007407","다산하늘초등학교","02","공립","N","","6","1448","56","0","0","7","141","7","0","0"
"경기도교육청","경기도구리남양주교육지원청","경기도 남양주시","S090007424","은솔초등학교","02","공립","N","","9","896","42","7","0","0","0","0","0","0"
"경기도교육청","경기도광주하남교육지원청","경기도 하남시","S090007435","위례숲초등학교","02","공립","N","","61","1522","61","0","0","1","60","3","0","0"
"경기도교육청","경기도광주하남교육지원청","경기도 하남시","S090007436","신우초등학교","02","공립","N","","60","1485","60","5","0","0","0","0","0","0"
"경기도교육청","경기도시흥교육지원청","경기도 시흥시","S090007437","한여울초등학교","02","공립","N","","30","717","30","8","10350000","0","0","0","0","0"
"경기도교육청","경기도구리남양주교육지원청","경기도 남양주시","S090007443","하랑초등학교","02","공립","Y","동아리 미운영 및 예산 없음","","","","","","","","","",""
"경기도교육청","경기도평택교육지원청","경기도 평택시","S090007450","세아초등학교","02","공립","N","","28","661","28","1","0","8","95","8","0","100"
"경기도교육청","경기도성남교육지원청","경기도 성남시 분당구","S090007517","판교대장초등학교","02","공립","N","","47","1206","47","0","0","9","69","9","0","3600000"
"경기도교육청","경기도광주하남교육지원청","경기도 하남시","S090007520","단샘초등학교","02","공립","N","","52","1271","52","0","0","1","18","1","0","1000000"
"경기도교육청","경기도화성오산교육지원청","경기도 화성시 병점구","S090007523","새봄초등학교","02","공립","N","","38","940","38","0","0","0","0","0","0","0"
"경기도교육청","경기도평택교육지원청","경기도 평택시","S090007524","배다리초등학교","02","공립","N","","18","423","18","0","0","10","115","10","0","2000000"
"경기도교육청","경기도평택교육지원청","경기도 평택시","S090007573","지제초등학교","02","공립","N","","26","599","26","1","2600000","0","0","0","0","0"
"경기도교육청","경기도화성오산교육지원청","경기도 화성시 만세구","S090007574","신남초등학교","02","공립","N","","29","636","29","19","12920000","4","37","4","0","3489000"
"경기도교육청","경기도파주교육지원청","경기도 파주시","S090007576","초롱초등학교","02","공립","N","","59","1537","59","0","1800000","5","51","5","0","1800000"
"경기도교육청","경기도구리남양주교육지원청","경기도 남양주시","S090007581","다산별빛초등학교","02","공립","N","","6","987","41","3","22720000","3","48","3","1","1500000"
"경기도교육청","경기도파주교육지원청","경기도 파주시","S090007583","다율초등학교","02","공립","N","","55","1414","55","0","0","3","49","3","0","0"
"경기도교육청","경기도고양교육지원청","경기도 고양시 덕양구","S090007603","원흥초등학교","02","공립","N","","21","442","22","0","5000000","0","0","0","0","0"
"경기도교육청","경기도화성오산교육지원청","","S090007604","화성신동초등학교","02","공립","N","","34","838","34","0","0","1","8","1","0","0"
"경기도교육청","경기도평택교육지원청","경기도 평택시","S090007607","평택모산초등학교","02","공립","N","","26","621","26","0","0","4","70","4","0","3000000"
"경기도교육청","경기도시흥교육지원청","경기도 시흥시","S090007611","시흥가온초등학교","02","공립","N","","10","1299","59","10","50740000","2","35","2","0","1000000"
"경기도교육청","경기도김포교육지원청","경기도 김포시","S090007614","향산초등학교","02","공립","N","","41","1033","41","0","4100000","0","0","0","0","0"
"경기도교육청","경기도김포교육지원청","경기도 김포시","S090007616","김포나진초등학교","02","공립","N","","52","1270","52","0","91000","0","0","0","0","0"
"경기도교육청","경기도김포교육지원청","경기도 김포시","S090007618","김포구래초등학교","02","공립","N","","42","971","42","0","0","1","30","1","2","5320000"
"경기도교육청","경기도고양교육지원청","경기도 고양시 덕양구","S090007629","덕은한강초등학교","02","공립","N","","45","1136","45","0","5400000","0","0","0","0","0"
"경기도교육청","경기도안양과천교육지원청","경기도 과천시","S090007632","과천갈현초등학교","02","공립","N","","0","0","0","0","0","0","0","0","0","0"
"경기도교육청","경기도광주하남교육지원청","경기도 광주시","S090007676","쌍동초등학교","02","공립","N","","22","504","22","0","0","0","0","0","0","0"
"경기도교육청","경기도평택교육지원청","경기도 평택시","S090007677","율포초등학교","02","공립","N","","36","883","36","0","0","2","43","2","0","800000"
"경기도교육청","경기도고양교육지원청","경기도 고양시 덕양구","S090007678","지효초등학교","02","공립","N","","29","686","29","0","0","0","0","0","0","0"
"경기도교육청","경기도평택교육지원청","경기도 평택시","S090007859","해창초등학교","02","공립","N","","22","439","22","0","0","2","41","2","0","900000"
"경기도교육청","경기도평택교육지원청","경기도 평택시","S090007860","평택영신초등학교","02","공립","N","","25","568","25","1","0","4","31","4","0","1500000"
"경기도교육청","경기도고양교육지원청","경기도 고양시 일산동구","S090007862","고양장항초등학교","02","공립","Y","하반기부터 전학년 동아리 활동 시행 예정","","","","","","","","","",""
"경기도교육청","경기도시흥교육지원청","경기도 시흥시","S090007870","배곧라라초등학교","02","공립","N","","15","267","15","2","15850000","1","23","1","3","17000000"
"경기도교육청","경기도수원교육지원청","경기도 수원시 영통구","S090007871","글빛초등학교","02","공립","N","","52","1482","52","0","0","0","0","0","0","0"
"경기도교육청","경기도화성오산교육지원청","경기도 오산시","S090007880","세담초등학교","02","공립","N","","38","940","38","0","0","3","58","3","0","1530000"
"경기도교육청","경기도화성오산교육지원청","경기도 화성시 효행구","S090007881","내리숲초등학교","02","공립","N","","25","604","25","0","0","0","0","0","0","0"
"경기도교육청","경기도평택교육지원청","경기도 평택시","S090007882","민세초등학교","02","공립","N","","21","461","21","4","3000000","0","0","0","0","0"
"경기도교육청","경기도파주교육지원청","경기도 파주시","S090007903","별하람초등학교","02","공립","N","","17","548","17","0","0","7","52","7","0","1000000"
"경기도교육청","경기도파주교육지원청","경기도 파주시","S090007905","운정해오름초등학교","02","공립","N","","15","632","15","0","0","2","16","2","0","0"
"경기도교육청","경기도포천교육지원청","경기도 포천시","S090007911","포담초등학교","02","공립","N","","3","31","3","2","2560000","0","0","0","0","0"
"경기도교육청","경기도용인교육지원청","경기도 용인시 처인구","S090007918","도현초등학교","02","공립","N","","0","0","0","0","0","0","0","0","0","0"
"경기도교육청","경기도용인교육지원청","경기도 용인시 처인구","S090007919","처인초등학교","02","공립","N","","9","181","9","0","0","0","0","0","0","0"
"경기도교육청","경기도화성오산교육지원청","경기도 화성시 효행구","S090007920","청연초등학교","02","공립","N","","25","343","25","0","3800000","2","26","2","1","5000000"
"경기도교육청","경기도평택교육지원청","경기도 평택시","S090007926","고덕함박초등학교","02","공립","N","","20","463","20","0","0","11","115","11","0","1000000"
"경기도교육청","경기도시흥교육지원청","경기도 시흥시","S090007929","시화나래초등학교","02","공립","N","","29","656","29","6","2900000","1","10","1","0","300000"
"경기도교육청","경기도안양과천교육지원청","경기도 과천시","S090007937","과천율목초등학교","02","공립","N","","21","455","21","0","1000000","0","0","0","0","0"
"경기도교육청","경기도동두천양주교육지원청","경기도 양주시","S090007944","푸른샘초등학교","02","공립","N","","24","563","24","0","1200000","2","12","2","0","720000"
"경기도교육청","경기도수원교육지원청","경기도 수원시 팔달구","S090008028","매교초등학교","02","공립","N","","37","883","37","0","3700000","0","0","0","0","0"
"경기도교육청","경기도수원교육지원청","경기도 수원시 권선구","S090008029","규장초등학교","02","공립","N","","12","259","12","0","2800000","0","0","0","0","0"
"경기도교육청","경기도김포교육지원청","경기도 김포시","S090008032","모담초등학교","02","공립","N","","5","47","5","0","0","0","0","0","0","0"