"시도교육청","교육지원청","지역","정보공시 학교코드","학교명","학교급코드","설립구분","제외여부","제외사유","교장(남)","교장(여)","교장(휴직교원)","교장(계)","교감(남)","교감(여)","교감(휴직교원)","교감(계)","수석교사(남)","수석교사(여)","수석교사(휴직교원)","수석교사(계)","보직교사(남)","보직교사(여)","보직교사(휴직교원)","보직교사(계)","일반교사(남)","일반교사(여)","일반교사(휴직교원)","일반교사(계)","특수교사(남)","특수교사(여)","특수교사(휴직교원)","특수교사(계)","전문상담교사(남)","전문상담교사(여)","전문상담교사(휴직교원)","전문상담교사(계)","사서교사(남)","사서교사(여)","사서교사(휴직교원)","사서교사(계)","실기교사(남)","실기교사(여)","실기교사(휴직교원)","실기교사(계)","보건교사(남)","보건교사(여)","보건교사(휴직교원)","보건교사(계)","영양교사(남)","영양교사(여)","영양교사(휴직교원)","영양교사(계)","기간제교사(남)","기간제교사(여)","기간제교사(휴직교원)","기간제교사(계)","강사(남)","강사(여)","강사(휴직교원)","강사(계)","총계(남)","총계(여)","총계(휴직교원)","총계(계)","원어민강사(남)","원어민강사(여)","원어민강사(계)","휴직교원수"
"경기도교육청","경기도가평교육지원청","경기도 가평군","S090000876","가평중학교","03","공립","N","","0","1","0","1","1","0","0","1","0","0","0","0","3","7","0","10","5","19","2","24","0","2","0","2","0","1","0","1","0","0","0","0","0","0","0","0","0","1","0","1","0","0","0","0","3","2","0","5","0","0","0","0","12","33","2","45","0","0","0","2"
"경기도교육청","경기도가평교육지원청","경기도 가평군","S090000877","가평북중학교","03","공립","N","","1","0","0","1","1","0","0","1","0","0","0","0","2","1","0","3","4","4","0","8","1","0","0","1","0","1","0","1","0","0","0","0","0","0","0","0","0","0","0","0","0","0","0","0","0","1","0","1","0","0","0","0","9","7","0","16","0","0","0","0"
"경기도교육청","경기도가평교육지원청","경기도 가평군","S090000878","설악중학교","03","공립","N","","0","0","0","0","1","0","0","1","0","0","0","0","1","3","0","4","1","9","1","10","0","1","0","1","0","0","0","0","0","0","0","0","0","0","0","0","0","0","0","0","0","0","0","0","1","3","0","4","0","0","0","0","4","16","1","20","0","0","0","1"
"경기도교육청","경기도가평교육지원청","경기도 가평군","S090000879","조종중학교","03","공립","N","","0","0","0","0","1","0","0","1","0","0","0","0","4","2","0","6","4","7","0","11","1","0","0","1","0","1","0","1","0","0","0","0","0","0","0","0","0","1","0","1","0","0","0","0","1","1","0","2","0","0","0","0","11","12","0","23","0","0","0","0"
"경기도교육청","경기도가평교육지원청","경기도 가평군","S090000880","청평중학교","03","공립","N","","1","0","0","1","1","0","0","1","0","0","0","0","3","2","0","5","5","6","0","11","0","1","0","1","0","1","0","1","0","0","0","0","0","0","0","0","0","1","0","1","0","0","0","0","2","2","0","4","0","0","0","0","12","13","0","25","0","0","0","0"
"경기도교육청","경기도고양교육지원청","경기도 고양시 덕양구","S090000944","가람중학교","03","공립","N","","0","1","0","1","0","1","0","1","0","0","0","0","1","8","0","9","2","12","4","14","0","1","0","1","0","0","0","0","0","0","0","0","0","0","0","0","0","1","0","1","0","0","0","0","5","6","0","11","0","0","0","0","8","30","4","38","0","0","0","4"
"경기도교육청","경기도고양교육지원청","경기도 고양시 덕양구","S090000946","고양중학교","03","공립","N","","0","1","0","1","0","1","0","1","0","0","0","0","1","10","0","11","7","27","4","34","0","2","1","2","0","1","0","1","0","0","0","0","0","0","0","0","0","1","0","1","0","0","0","0","7","7","0","14","0","0","0","0","15","50","5","65","0","0","0","5"
"경기도교육청","경기도고양교육지원청","경기도 고양시 덕양구","S090000947","능곡중학교","03","공립","N","","1","0","0","1","0","1","0","1","0","0","0","0","3","7","0","10","2","12","2","14","0","1","1","1","0","0","0","0","0","0","0","0","0","0","0","0","0","1","0","1","0","0","0","0","4","8","0","12","0","0","0","0","10","30","3","40","0","0","0","3"
"경기도교육청","경기도고양교육지원청","경기도 고양시 일산서구","S090000948","대화중학교","03","공립","N","","1","0","0","1","0","1","0","1","0","0","0","0","0","11","0","11","4","10","3","14","0","0","0","0","0","1","0","1","0","0","0","0","0","0","0","0","0","1","0","1","0","1","0","1","3","9","0","12","0","0","0","0","8","34","3","42","0","0","0","3"
"경기도교육청","경기도고양교육지원청","경기도 고양시 덕양구","S090000949","덕양중학교","03","공립","N","","0","1","0","1","0","1","0","1","0","0","0","0","2","3","0","5","3","6","0","9","1","0","0","1","0","0","0","0","0","0","0","0","0","0","0","0","0","0","0","0","0","1","0","1","1","7","0","8","0","0","0","0","7","19","0","26","0","0","0","0"
"경기도교육청","경기도고양교육지원청","경기도 고양시 덕양구","S090000950","무원중학교","03","공립","N","","0","1","0","1","1","0","0","1","0","0","0","0","3","7","0","10","6","10","4","16","0","2","1","2","0","0","0","0","0","0","0","0","0","0","0","0","0","1","1","1","0","1","0","1","3","10","0","13","0","0","0","0","13","32","6","45","0","0","0","6"
"경기도교육청","경기도고양교육지원청","경기도 고양시 일산서구","S090000951","발산중학교","03","공립","N","","1","0","0","1","0","1","0","1","0","0","0","0","1","10","0","11","7","24","2","31","1","0","0","1","0","1","0","1","0","0","0","0","0","0","0","0","0","1","0","1","0","0","0","0","3","8","0","11","0","1","0","1","13","46","2","59","0","0","0","2"
"경기도교육청","경기도고양교육지원청","경기도 고양시 일산동구","S090000952","백마중학교","03","공립","N","","0","1","0","1","0","1","0","1","0","0","0","0","3","9","0","12","3","16","6","19","1","0","0","1","1","0","0","1","0","0","0","0","0","0","0","0","0","1","0","1","0","1","0","1","2","12","0","14","0","0","0","0","10","41","6","51","0","0","0","6"
"경기도교육청","경기도고양교육지원청","경기도 고양시 일산동구","S090000953","백석중학교","03","공립","N","","0","1","0","1","0","1","0","1","0","0","0","0","2","8","0","10","1","11","0","12","0","1","0","1","0","1","0","1","0","0","0","0","0","0","0","0","0","1","0","1","0","0","0","0","1","4","0","5","0","0","0","0","4","28","0","32","0","0","0","0"
"경기도교육청","경기도고양교육지원청","경기도 고양시 일산동구","S090000954","백신중학교","03","공립","N","","0","1","0","1","0","1","0","1","0","0","0","0","4","8","0","12","5","27","5","32","0","0","0","0","0","0","0","0","0","0","0","0","0","0","0","0","0","1","0","1","0","0","0","0","5","11","0","16","0","0","0","0","14","49","5","63","0","0","0","5"
"경기도교육청","경기도고양교육지원청","경기도 고양시 덕양구","S090000955","백양중학교","03","공립","N","","0","1","0","1","1","0","0","1","0","0","0","0","1","6","0","7","1","10","2","11","0","1","0","1","0","1","0","1","0","0","0","0","0","0","0","0","0","1","0","1","0","0","0","0","3","6","0","9","0","0","0","0","6","26","2","32","0","0","0","2"
"경기도교육청","경기도고양교육지원청","경기도 고양시 덕양구","S090000956","고양제일중학교","03","사립","N","","0","1","0","1","1","0","0","1","0","0","0","0","4","8","0","12","11","20","2","31","0","0","0","0","0","1","0","1","0","0","0","0","0","0","0","0","0","1","0","1","0","1","0","1","4","10","0","14","0","0","0","0","20","42","2","62","0","0","0","2"
"경기도교육청","경기도고양교육지원청","경기도 고양시 덕양구","S090000957","신능중학교","03","공립","N","","1","0","0","1","0","1","0","1","0","0","0","0","1","6","0","7","2","5","0","7","0","1","0","1","0","1","0","1","0","0","0","0","0","0","0","0","0","1","0","1","0","1","0","1","4","3","0","7","0","0","0","0","8","19","0","27","0","0","0","0"
"경기도교육청","경기도고양교육지원청","경기도 고양시 일산서구","S090000958","신일중학교","03","공립","N","","0","1","0","1","0","1","0","1","0","0","0","0","7","5","0","12","10","24","5","34","0","1","1","1","0","1","0","1","0","0","0","0","0","0","0","0","0","1","0","1","0","0","0","0","5","10","0","15","0","0","0","0","22","44","6","66","0","0","0","6"
"경기도교육청","경기도고양교육지원청","경기도 고양시 일산서구","S090000959","오마중학교","03","공립","N","","0","1","0","1","1","0","0","1","0","1","0","1","4","8","0","12","9","32","4","41","0","0","0","0","0","1","0","1","0","1","0","1","0","0","0","0","0","1","0","1","0","0","0","0","4","6","0","10","0","2","0","2","18","53","4","71","0","0","0","4"
"경기도교육청","경기도고양교육지원청","경기도 고양시 덕양구","S090000960","원당중학교","03","공립","N","","0","1","0","1","1","0","0","1","0","0","0","0","0","4","0","4","1","10","3","11","0","1","0","1","0","1","0","1","0","0","0","0","0","0","0","0","0","1","0","1","0","1","0","1","3","4","0","7","0","0","0","0","5","23","3","28","0","0","0","3"
"경기도교육청","경기도고양교육지원청","경기도 고양시 일산서구","S090000961","일산동중학교","03","공립","N","","1","0","0","1","1","0","0","1","0","0","0","0","2","10","0","12","4","22","3","26","0","2","0","2","0","0","0","0","0","0","0","0","0","0","0","0","0","1","0","1","0","1","0","1","3","4","0","7","0","0","0","0","11","40","3","51","0","0","0","3"
"경기도교육청","경기도고양교육지원청","경기도 고양시 일산서구","S090000962","일산중학교","03","공립","N","","1","0","0","1","1","0","0","1","0","0","0","0","2","6","0","8","5","10","1","15","0","0","0","0","0","1","0","1","0","0","0","0","0","0","0","0","0","1","1","1","0","0","0","0","5","4","0","9","0","1","0","1","14","23","2","37","0","0","0","2"
"경기도교육청","경기도고양교육지원청","경기도 고양시 일산서구","S090000963","장성중학교","03","공립","N","","0","1","0","1","0","1","0","1","0","0","0","0","3","6","0","9","2","10","1","12","0","0","0","0","0","1","0","1","0","0","0","0","0","0","0","0","0","1","0","1","0","1","0","1","0","7","0","7","0","0","0","0","5","28","1","33","0","0","0","1"
"경기도교육청","경기도고양교육지원청","경기도 고양시 일산동구","S090000964","저동중학교","03","공립","N","","0","1","0","1","1","0","0","1","0","0","0","0","1","8","0","9","2","15","3","17","0","1","0","1","0","1","0","1","0","0","0","0","0","0","0","0","0","1","0","1","0","0","0","0","2","9","0","11","0","0","0","0","6","36","3","42","0","0","0","3"
"경기도교육청","경기도고양교육지원청","경기도 고양시 일산동구","S090000965","정발중학교","03","공립","N","","0","1","0","1","0","1","0","1","0","0","0","0","3","9","0","12","8","30","4","38","0","1","0","1","0","0","0","0","0","0","0","0","0","0","0","0","0","0","0","0","0","0","0","0","4","9","0","13","0","0","0","0","15","51","4","66","0","0","0","4"
"경기도교육청","경기도고양교육지원청","경기도 고양시 일산동구","S090000966","중산중학교","03","공립","N","","0","1","0","1","1","0","0","1","0","0","0","0","2","4","0","6","2","17","1","19","0","0","0","0","0","1","0","1","0","0","0","0","0","0","0","0","0","1","0","1","0","1","0","1","2","8","0","10","0","0","0","0","7","33","1","40","0","0","0","1"
"경기도교육청","경기도고양교육지원청","경기도 고양시 덕양구","S090000967","지도중학교","03","공립","N","","0","1","0","1","1","0","0","1","0","0","0","0","1","11","0","12","5","12","5","17","0","1","0","1","0","1","0","1","0","0","0","0","0","0","0","0","0","1","0","1","0","0","0","0","2","6","0","8","0","0","0","0","9","33","5","42","0","0","0","5"
"경기도교육청","경기도고양교육지원청","경기도 고양시 일산서구","S090000969","한수중학교","03","공립","N","","1","0","0","1","0","1","0","1","0","0","0","0","5","8","0","13","10","24","8","34","0","1","0","1","0","1","0","1","0","0","0","0","0","0","0","0","0","1","1","1","0","0","0","0","3","15","0","18","0","0","0","0","19","51","9","70","0","0","0","9"
"경기도교육청","경기도고양교육지원청","경기도 고양시 덕양구","S090000970","행신중학교","03","공립","N","","0","1","0","1","0","1","0","1","0","0","0","0","1","8","0","9","1","13","1","14","1","0","0","1","0","0","0","0","0","0","0","0","0","0","0","0","0","1","1","1","0","0","0","0","4","4","0","8","0","0","0","0","7","28","2","35","0","0","0","2"
"경기도교육청","경기도고양교육지원청","경기도 고양시 일산서구","S090000971","호곡중학교","03","공립","N","","1","0","0","1","1","0","0","1","0","0","0","0","1","10","0","11","6","27","3","33","1","0","1","1","0","1","0","1","0","0","0","0","0","0","0","0","0","1","0","1","0","1","0","1","3","13","0","16","0","0","0","0","13","53","4","66","0","0","0","4"
"경기도교육청","경기도고양교육지원청","경기도 고양시 덕양구","S090000972","화수중학교","03","공립","N","","1","0","0","1","1","0","0","1","0","0","0","0","3","9","0","12","7","24","5","31","1","3","0","4","0","1","0","1","0","0","0","0","0","0","0","0","0","1","0","1","0","0","0","0","6","6","0","12","1","0","0","1","20","44","5","64","0","0","0","5"
"경기도교육청","경기도고양교육지원청","경기도 고양시 덕양구","S090000973","화정중학교","03","공립","N","","0","1","0","1","0","1","0","1","0","0","0","0","1","8","0","9","5","20","2","25","0","0","0","0","0","1","0","1","0","0","0","0","0","0","0","0","0","1","1","1","0","0","0","0","1","12","0","13","0","0","0","0","7","44","3","51","0","0","0","3"
"경기도교육청","경기도광명교육지원청","경기도 광명시","S090001188","가림중학교","03","공립","N","","1","0","0","1","0","1","0","1","0","0","0","0","4","8","0","12","1","18","3","19","0","2","0","2","0","1","0","1","0","0","0","0","0","0","0","0","0","1","0","1","0","0","0","0","1","2","0","3","0","0","0","0","7","33","3","40","0","0","0","3"
"경기도교육청","경기도광명교육지원청","경기도 광명시","S090001189","광남중학교","03","공립","N","","0","1","0","1","0","1","0","1","0","0","0","0","3","9","0","12","4","29","5","33","0","2","0","2","0","1","0","1","0","1","0","1","0","0","0","0","0","1","0","1","0","1","0","1","2","6","0","8","0","0","0","0","9","52","5","61","0","0","0","5"
"경기도교육청","경기도광명교육지원청","경기도 광명시","S090001190","광명북중학교","03","공립","N","","0","1","0","1","1","0","0","1","0","0","0","0","2","10","0","12","0","18","1","18","1","2","0","3","0","1","0","1","0","0","0","0","0","0","0","0","0","0","0","0","0","0","0","0","2","4","0","6","0","0","0","0","6","36","1","42","0","0","0","1"
"경기도교육청","경기도광명교육지원청","경기도 광명시","S090001191","하안북중학교","03","공립","N","","0","1","0","1","0","1","0","1","0","0","0","0","4","8","0","12","3","39","10","42","1","0","0","1","0","1","0","1","0","0","0","0","0","0","0","0","0","1","0","1","0","0","0","0","6","7","0","13","0","0","0","0","14","58","10","72","0","0","0","10"
"경기도교육청","경기도광명교육지원청","경기도 광명시","S090001192","광명중학교","03","공립","N","","1","0","0","1","1","0","0","1","0","0","0","0","2","10","0","12","3","26","5","29","0","2","0","2","0","1","0","1","0","0","0","0","0","0","0","0","0","1","0","1","0","0","0","0","3","8","0","11","0","0","0","0","10","48","5","58","0","0","0","5"
"경기도교육청","경기도광명교육지원청","경기도 광명시","S090001194","소하중학교","03","공립","N","","0","1","0","1","1","0","0","1","0","0","0","0","0","12","0","12","8","43","3","51","0","1","0","1","0","1","0","1","0","0","0","0","0","0","0","0","0","1","0","1","0","0","0","0","1","9","0","10","0","0","0","0","10","68","3","78","0","0","0","3"
"경기도교육청","경기도광명교육지원청","경기도 광명시","S090001195","안서중학교","03","공립","N","","0","1","0","1","1","0","0","1","0","0","0","0","3","5","0","8","3","8","0","11","0","2","1","2","0","1","0","1","0","0","0","0","0","0","0","0","0","1","0","1","0","0","0","0","1","2","0","3","1","0","0","1","9","20","1","29","0","0","0","1"
"경기도교육청","경기도광명교육지원청","경기도 광명시","S090001196","철산중학교","03","공립","N","","0","1","0","1","0","1","0","1","1","0","0","1","1","11","0","12","7","50","5","57","0","1","0","1","0","1","0","1","0","0","0","0","0","0","0","0","0","1","0","1","0","0","0","0","2","6","0","8","0","0","0","0","11","72","5","83","0","0","0","5"
"경기도교육청","경기도광명교육지원청","경기도 광명시","S090001198","하안중학교","03","공립","N","","0","1","0","1","0","1","0","1","0","0","0","0","1","11","0","12","3","18","6","21","0","1","0","1","0","1","0","1","0","0","0","0","0","0","0","0","0","1","0","1","0","0","0","0","1","6","0","7","0","0","0","0","5","40","6","45","0","0","0","6"
"경기도교육청","경기도광주하남교육지원청","경기도 광주시","S090001267","경안중학교","03","공립","N","","1","0","0","1","1","0","0","1","0","0","0","0","2","11","0","13","7","34","5","41","0","0","0","0","0","1","0","1","0","0","0","0","0","0","0","0","0","1","0","1","0","0","0","0","5","16","0","21","0","0","0","0","16","63","5","79","0","0","0","5"
"경기도교육청","경기도광주하남교육지원청","경기도 광주시","S090001268","경화여자중학교","03","사립","N","","0","1","0","1","0","1","0","1","0","0","0","0","4","8","0","12","4","14","1","18","0","0","0","0","0","1","0","1","0","0","0","0","0","0","0","0","0","1","0","1","0","1","1","1","6","19","0","25","0","1","0","1","14","47","2","61","0","1","1","2"
"경기도교육청","경기도광주하남교육지원청","경기도 광주시","S090001269","광수중학교","03","공립","N","","1","0","0","1","0","1","0","1","0","0","0","0","4","4","0","8","4","7","0","11","0","1","0","1","0","0","0","0","0","0","0","0","0","0","0","0","0","1","0","1","0","1","0","1","2","5","0","7","0","0","0","0","11","20","0","31","0","0","0","0"
"경기도교육청","경기도광주하남교육지원청","경기도 광주시","S090001270","광일중학교","03","공립","N","","1","0","0","1","1","0","0","1","0","0","0","0","2","2","0","4","2","6","1","8","0","1","0","1","0","1","0","1","0","0","0","0","0","0","0","0","0","0","0","0","0","0","0","0","2","3","0","5","0","0","0","0","8","13","1","21","0","0","0","1"
"경기도교육청","경기도광주하남교육지원청","경기도 광주시","S090001271","곤지암중학교","03","공립","N","","0","0","0","0","1","0","0","1","0","0","0","0","2","6","0","8","3","11","1","14","0","1","0","1","0","1","0","1","0","0","0","0","0","0","0","0","0","1","0","1","0","1","0","1","2","7","0","9","0","0","0","0","8","28","1","36","0","0","0","1"
"경기도교육청","경기도광주하남교육지원청","경기도 광주시","S090001272","광주중학교","03","공립","N","","0","1","0","1","1","0","0","1","0","0","0","0","4","8","0","12","3","13","5","16","0","1","0","1","0","1","1","1","0","0","0","0","0","0","0","0","0","1","0","1","0","1","0","1","4","10","0","14","0","1","0","1","12","37","6","49","0","0","0","6"
"경기도교육청","경기도광주하남교육지원청","경기도 하남시","S090001273","남한중학교","03","공립","N","","1","0","0","1","0","1","0","1","0","0","0","0","1","4","0","5","1","8","2","9","0","2","1","2","0","1","0","1","0","0","0","0","0","0","0","0","0","0","0","0","0","0","0","0","1","4","0","5","0","0","0","0","4","20","3","24","0","0","0","3"
"경기도교육청","경기도광주하남교육지원청","경기도 하남시","S090001274","동부중학교","03","공립","N","","1","0","0","1","1","0","0","1","0","0","0","0","1","3","0","4","0","11","1","11","0","1","1","1","0","0","0","0","0","0","0","0","0","0","0","0","0","1","0","1","0","0","0","0","3","3","0","6","0","0","0","0","6","19","2","25","0","0","0","2"
"경기도교육청","경기도광주하남교육지원청","경기도 하남시","S090001275","신장중학교","03","공립","N","","0","1","0","1","1","0","0","1","0","0","0","0","1","4","0","5","1","9","0","10","0","0","0","0","1","0","0","1","0","0","0","0","0","0","0","0","0","1","0","1","0","1","0","1","0","4","0","4","0","0","0","0","4","20","0","24","0","0","0","0"
"경기도교육청","경기도광주하남교육지원청","경기도 광주시","S090001276","탄벌중학교","03","공립","N","","0","1","0","1","0","1","0","1","0","1","0","1","4","8","0","12","4","41","10","45","1","3","1","4","0","1","0","1","0","0","0","0","0","0","0","0","0","1","0","1","0","1","0","1","7","23","0","30","0","0","0","0","16","81","11","97","0","0","0","11"
"경기도교육청","경기도광주하남교육지원청","경기도 하남시","S090001277","하남중학교","03","공립","N","","1","0","0","1","0","1","0","1","0","0","0","0","3","6","0","9","1","14","3","15","0","1","0","1","0","1","1","1","0","0","0","0","0","0","0","0","0","1","1","1","0","0","0","0","1","6","0","7","0","0","0","0","6","30","5","36","0","0","0","5"
"경기도교육청","경기도군포의왕교육지원청","경기도 의왕시","S090001365","갈뫼중학교","03","공립","N","","0","1","0","1","0","1","0","1","0","0","0","0","1","10","0","11","5","31","4","36","1","0","0","1","0","1","0","1","0","0","0","0","0","0","0","0","0","1","0","1","0","0","0","0","1","5","0","6","2","1","0","3","10","51","4","61","0","0","0","4"
"경기도교육청","경기도군포의왕교육지원청","경기도 의왕시","S090001366","고천중학교","03","공립","N","","1","0","0","1","0","1","0","1","0","0","0","0","2","10","0","12","2","11","2","13","0","0","0","0","0","0","0","0","0","0","0","0","0","0","0","0","0","1","0","1","0","0","0","0","1","1","0","2","0","0","0","0","6","24","2","30","0","0","0","2"
"경기도교육청","경기도군포의왕교육지원청","경기도 군포시","S090001367","곡란중학교","03","공립","N","","1","0","0","1","1","0","0","1","0","0","0","0","2","3","0","5","2","11","2","13","1","0","0","1","0","1","0","1","0","1","0","1","0","0","0","0","0","1","0","1","0","1","0","1","1","2","0","3","0","0","0","0","8","20","2","28","0","0","0","2"
"경기도교육청","경기도군포의왕교육지원청","경기도 군포시","S090001368","군포중학교","03","공립","N","","0","1","0","1","1","0","0","1","0","0","0","0","3","6","0","9","2","8","2","10","0","3","0","3","0","1","0","1","0","0","0","0","0","0","0","0","0","1","1","1","0","1","1","1","2","4","0","6","0","0","0","0","8","25","4","33","0","0","0","4"
"경기도교육청","경기도군포의왕교육지원청","경기도 군포시","S090001369","궁내중학교","03","공립","N","","1","0","0","1","0","1","0","1","0","1","0","1","3","9","0","12","7","29","2","36","0","0","0","0","0","1","0","1","0","0","0","0","0","0","0","0","0","0","0","0","0","1","0","1","2","4","0","6","0","0","0","0","13","46","2","59","0","0","0","2"
"경기도교육청","경기도군포의왕교육지원청","경기도 군포시","S090001370","금정중학교","03","공립","N","","0","1","0","1","1","0","0","1","0","0","0","0","2","6","0","8","2","14","1","16","0","1","0","1","0","1","0","1","0","0","0","0","0","0","0","0","0","1","0","1","0","1","0","1","2","0","0","2","0","0","0","0","7","25","1","32","0","0","0","1"
"경기도교육청","경기도군포의왕교육지원청","경기도 군포시","S090001371","도장중학교","03","공립","N","","1","0","0","1","0","1","0","1","0","0","0","0","2","10","0","12","6","21","4","27","0","2","0","2","0","1","0","1","0","1","1","1","0","0","0","0","0","1","0","1","0","1","0","1","5","3","0","8","0","0","0","0","14","41","5","55","0","0","0","5"
"경기도교육청","경기도군포의왕교육지원청","경기도 의왕시","S090001372","백운중학교","03","공립","N","","1","0","0","1","0","1","0","1","0","0","0","0","2","10","0","12","2","19","3","21","0","1","0","1","0","1","1","1","0","0","0","0","0","0","0","0","0","1","0","1","0","1","0","1","2","4","0","6","0","0","0","0","7","38","4","45","0","0","0","4"
"경기도교육청","경기도군포의왕교육지원청","경기도 군포시","S090001374","산본중학교","03","공립","N","","0","1","0","1","0","1","0","1","0","0","0","0","3","9","0","12","8","32","5","40","0","0","0","0","0","1","0","1","0","0","0","0","0","0","0","0","0","1","0","1","0","1","0","1","0","6","0","6","0","0","0","0","11","52","5","63","0","0","0","5"
"경기도교육청","경기도군포의왕교육지원청","경기도 군포시","S090001375","수리중학교","03","공립","N","","0","1","0","1","1","0","0","1","0","0","0","0","1","11","0","12","4","24","5","28","0","1","0","1","0","1","0","1","0","0","0","0","0","0","0","0","0","1","0","1","0","1","0","1","4","4","0","8","0","0","0","0","10","44","5","54","0","0","0","5"
"경기도교육청","경기도군포의왕교육지원청","경기도 군포시","S090001376","용호중학교","03","공립","N","","0","1","0","1","1","0","0","1","1","0","0","1","1","11","0","12","3","23","4","26","0","1","0","1","0","1","0","1","0","0","0","0","0","0","0","0","0","1","0","1","0","0","0","0","1","4","0","5","0","1","0","1","7","43","4","50","0","0","0","4"
"경기도교육청","경기도군포의왕교육지원청","경기도 의왕시","S090001377","의왕부곡중학교","03","공립","N","","0","1","0","1","0","1","0","1","0","0","0","0","1","9","0","10","5","22","1","27","0","2","0","2","0","1","0","1","0","0","0","0","0","0","0","0","0","1","0","1","0","0","0","0","3","1","0","4","1","0","0","1","10","38","1","48","0","0","0","1"
"경기도교육청","경기도군포의왕교육지원청","경기도 의왕시","S090001378","의왕중학교","03","공립","N","","0","1","0","1","0","1","0","1","0","0","0","0","0","3","0","3","3","6","1","9","0","1","0","1","0","0","0","0","0","0","0","0","0","0","0","0","0","0","0","0","0","0","0","0","1","2","0","3","0","0","0","0","4","14","1","18","0","0","0","1"
"경기도교육청","경기도군포의왕교육지원청","경기도 군포시","S090001379","흥진중학교","03","공립","N","","0","1","0","1","0","1","0","1","0","0","0","0","0","12","0","12","4","13","3","17","0","1","0","1","0","1","0","1","0","0","0","0","0","0","0","0","0","1","0","1","0","0","0","0","2","4","0","6","0","0","0","0","6","34","3","40","0","0","0","3"
"경기도교육청","경기도김포교육지원청","경기도 김포시","S090001487","고촌중학교","03","공립","N","","1","0","0","1","1","0","0","1","0","0","0","0","1","11","0","12","3","15","1","18","0","1","0","1","0","1","0","1","0","0","0","0","0","0","0","0","0","1","1","1","0","0","0","0","6","8","0","14","0","0","0","0","12","37","2","49","0","0","0","2"
"경기도교육청","경기도김포교육지원청","경기도 김포시","S090001488","김포여자중학교","03","공립","N","","0","1","0","1","0","1","0","1","0","0","0","0","1","2","0","3","3","6","2","9","0","1","0","1","0","1","0","1","0","0","0","0","0","0","0","0","0","1","0","1","0","0","0","0","1","8","0","9","0","0","0","0","5","21","2","26","0","0","0","2"
"경기도교육청","경기도김포교육지원청","경기도 김포시","S090001489","금파중학교","03","공립","N","","0","1","0","1","0","1","0","1","0","0","0","0","2","7","0","9","8","30","3","38","0","1","0","1","0","1","0","1","0","0","0","0","0","0","0","0","0","1","0","1","0","0","0","0","4","14","0","18","0","0","0","0","14","56","3","70","0","0","0","3"
"경기도교육청","경기도김포교육지원청","경기도 김포시","S090001490","김포중학교","03","공립","N","","0","1","0","1","1","0","0","1","0","0","0","0","2","2","0","4","1","8","2","9","0","1","0","1","0","0","0","0","0","0","0","0","0","0","0","0","0","1","0","1","0","0","0","0","6","3","0","9","0","0","0","0","10","16","2","26","0","0","0","2"
"경기도교육청","경기도김포교육지원청","경기도 김포시","S090001491","대곶중학교","03","공립","N","","1","0","0","1","0","1","0","1","0","0","0","0","1","3","0","4","2","7","1","9","0","1","0","1","0","0","0","0","0","0","0","0","0","0","0","0","0","0","0","0","0","0","0","0","1","5","0","6","0","0","0","0","5","17","1","22","0","0","0","1"
"경기도교육청","경기도김포교육지원청","경기도 김포시","S090001492","분진중학교","03","사립","N","","1","0","0","1","1","0","0","1","0","0","0","0","2","1","0","3","2","3","0","5","0","0","0","0","0","0","0","0","0","0","0","0","0","0","0","0","0","0","0","0","0","0","0","0","2","3","0","5","0","0","0","0","8","7","0","15","0","0","0","0"
"경기도교육청","경기도김포교육지원청","경기도 김포시","S090001493","양곡중학교","03","사립","N","","1","0","0","1","1","0","0","1","0","0","0","0","6","1","0","7","4","3","1","7","0","0","0","0","0","1","0","1","0","0","0","0","0","0","0","0","0","0","0","0","0","0","0","0","4","10","0","14","0","0","0","0","16","15","1","31","0","0","0","1"
"경기도교육청","경기도김포교육지원청","경기도 김포시","S090001494","장기중학교","03","공립","N","","1","0","0","1","0","1","0","1","0","1","0","1","3","9","0","12","7","28","3","35","0","1","0","1","0","0","0","0","0","0","0","0","0","0","0","0","0","1","0","1","0","0","0","0","4","16","0","20","0","0","0","0","15","57","3","72","0","0","0","3"
"경기도교육청","경기도김포교육지원청","경기도 김포시","S090001495","통진중학교","03","사립","N","","0","1","0","1","0","0","0","0","0","0","0","0","5","6","0","11","8","6","1","14","0","1","0","1","0","1","0","1","0","0","0","0","0","0","0","0","0","0","0","0","0","1","0","1","4","8","0","12","0","1","0","1","17","25","1","42","0","0","0","1"
"경기도교육청","경기도김포교육지원청","경기도 김포시","S090001496","풍무중학교","03","공립","N","","0","1","0","1","0","1","0","1","0","0","0","0","4","7","0","11","6","36","8","42","0","2","0","2","1","0","0","1","0","1","0","1","0","0","0","0","0","0","0","0","0","0","0","0","7","13","0","20","1","0","0","1","19","61","8","80","0","0","0","8"
"경기도교육청","경기도김포교육지원청","경기도 김포시","S090001497","하성중학교","03","공립","N","","0","0","0","0","0","1","0","1","0","0","0","0","1","3","0","4","3","7","1","10","1","0","0","1","0","0","0","0","0","0","0","0","0","0","0","0","0","0","0","0","0","0","0","0","0","3","0","3","0","0","0","0","5","14","1","19","0","0","0","1"
"경기도교육청","경기도구리남양주교육지원청","경기도 남양주시","S090001575","광동중학교","03","사립","N","","1","0","0","1","1","0","0","1","0","0","0","0","7","6","0","13","6","12","3","18","0","0","0","0","0","0","0","0","0","0","0","0","0","0","0","0","0","1","0","1","0","1","0","1","5","9","0","14","0","0","0","0","20","29","3","49","0","0","0","3"
"경기도교육청","경기도구리남양주교육지원청","경기도 구리시","S090001576","교문중학교","03","공립","N","","0","1","0","1","0","1","0","1","0","0","0","0","4","8","0","12","3","11","2","14","0","1","0","1","0","1","0","1","0","0","0","0","0","0","0","0","0","1","0","1","0","1","0","1","3","7","0","10","0","0","0","0","10","32","2","42","0","0","0","2"
"경기도교육청","경기도구리남양주교육지원청","경기도 구리시","S090001577","구리중학교","03","공립","N","","0","1","0","1","1","0","0","1","0","0","0","0","1","4","0","5","4","6","1","10","0","0","0","0","0","1","0","1","0","0","0","0","0","0","0","0","0","1","0","1","0","1","1","1","0","6","0","6","0","0","0","0","6","20","2","26","0","0","0","2"
"경기도교육청","경기도구리남양주교육지원청","경기도 구리시","S090001578","구리여자중학교","03","공립","N","","0","1","0","1","0","1","0","1","0","0","0","0","0","6","0","6","1","8","1","9","0","3","1","3","0","0","0","0","0","0","0","0","0","0","0","0","0","1","0","1","0","0","0","0","1","8","0","9","0","0","0","0","2","28","2","30","0","0","0","2"
"경기도교육청","경기도구리남양주교육지원청","경기도 남양주시","S090001579","금곡중학교","03","공립","N","","0","1","0","1","1","0","0","1","0","0","0","0","2","3","0","5","1","11","2","12","0","1","0","1","0","1","0","1","0","0","0","0","0","0","0","0","0","1","0","1","0","1","0","1","1","6","0","7","0","0","0","0","5","25","2","30","0","0","0","2"
"경기도교육청","경기도구리남양주교육지원청","경기도 남양주시","S090001581","덕소중학교","03","공립","N","","1","0","0","1","1","0","0","1","0","0","0","0","3","8","0","11","3","14","5","17","1","0","1","1","0","1","0","1","0","1","0","1","0","0","0","0","0","1","0","1","0","1","0","1","4","12","0","16","0","0","0","0","13","38","6","51","0","0","0","6"
"경기도교육청","경기도구리남양주교육지원청","경기도 남양주시","S090001582","도농중학교","03","공립","N","","1","0","0","1","0","1","0","1","0","0","0","0","3","6","0","9","3","20","1","23","0","2","1","2","0","1","1","1","0","0","0","0","0","0","0","0","0","1","0","1","0","1","0","1","5","6","0","11","0","0","0","0","12","38","3","50","0","0","0","3"
"경기도교육청","경기도구리남양주교육지원청","경기도 구리시","S090001583","동구중학교","03","공립","N","","0","1","0","1","0","1","0","1","0","0","0","0","2","10","0","12","7","23","5","30","0","1","0","1","0","1","0","1","0","1","0","1","0","0","0","0","0","1","0","1","0","1","0","1","1","12","0","13","0","0","0","0","10","52","5","62","0","0","0","5"
"경기도교육청","경기도구리남양주교육지원청","경기도 남양주시","S090001584","동화중학교","03","사립","N","","1","0","0","1","0","1","0","1","0","0","0","0","7","4","0","11","7","6","1","13","0","0","0","0","1","0","0","1","0","0","0","0","0","0","0","0","0","0","0","0","0","0","0","0","3","11","0","14","0","0","0","0","19","22","1","41","0","0","0","1"
"경기도교육청","경기도구리남양주교육지원청","경기도 남양주시","S090001585","마석중학교","03","공립","N","","1","0","0","1","0","1","0","1","0","0","0","0","4","8","0","12","8","24","2","32","0","2","0","2","1","0","0","1","0","0","0","0","0","0","0","0","0","1","0","1","0","0","0","0","4","9","0","13","0","0","0","0","18","45","2","63","0","0","0","2"
"경기도교육청","경기도구리남양주교육지원청","경기도 남양주시","S090001586","미금중학교","03","공립","N","","1","0","0","1","0","1","0","1","0","0","0","0","3","4","0","7","2","9","1","11","0","0","0","0","0","0","0","0","0","1","0","1","0","0","0","0","0","1","0","1","0","0","0","0","5","3","0","8","0","0","0","0","11","19","1","30","0","0","0","1"
"경기도교육청","경기도구리남양주교육지원청","경기도 남양주시","S090001587","별내중학교","03","공립","N","","1","0","0","1","1","0","0","1","0","0","0","0","2","10","0","12","5","10","4","15","0","1","0","1","0","1","0","1","0","0","0","0","0","0","0","0","0","1","0","1","0","0","0","0","1","8","0","9","0","0","0","0","10","31","4","41","0","0","0","4"
"경기도교육청","경기도구리남양주교육지원청","경기도 남양주시","S090001588","수동중학교","03","사립","N","","0","1","0","1","0","1","0","1","0","0","0","0","2","1","0","3","4","2","0","6","0","0","0","0","0","1","0","1","0","0","0","0","0","0","0","0","0","0","0","0","0","0","0","0","4","4","0","8","0","0","0","0","10","10","0","20","0","0","0","0"
"경기도교육청","경기도구리남양주교육지원청","경기도 남양주시","S090001589","심석중학교","03","사립","N","","1","0","0","1","0","1","0","1","0","0","0","0","8","4","0","12","12","9","2","21","0","0","0","0","0","1","0","1","0","0","0","0","0","0","0","0","0","1","1","1","0","1","0","1","4","13","0","17","0","0","0","0","25","30","3","55","0","0","0","3"
"경기도교육청","경기도구리남양주교육지원청","경기도 남양주시","S090001590","오남중학교","03","공립","N","","0","1","0","1","0","1","0","1","0","0","0","0","2","7","0","9","2","13","1","15","0","0","0","0","0","1","0","1","0","0","0","0","0","0","0","0","0","1","1","1","0","1","0","1","1","7","0","8","0","0","0","0","5","32","2","37","0","0","0","2"
"경기도교육청","경기도구리남양주교육지원청","경기도 남양주시","S090001591","와부중학교","03","공립","N","","0","1","0","1","0","1","0","1","0","0","0","0","3","9","0","12","5","20","3","25","0","1","0","1","0","0","0","0","0","0","0","0","0","0","0","0","0","1","0","1","0","0","0","0","4","7","0","11","0","0","0","0","12","40","3","52","0","0","0","3"
"경기도교육청","경기도구리남양주교육지원청","경기도 남양주시","S090001592","연세중학교","03","사립","N","","1","0","0","1","1","0","0","1","0","0","0","0","2","1","0","3","1","3","1","4","0","0","0","0","0","0","0","0","0","0","0","0","0","0","0","0","0","0","0","0","0","0","0","0","4","3","0","7","0","0","0","0","9","7","1","16","0","0","0","1"
"경기도교육청","경기도구리남양주교육지원청","경기도 구리시","S090001593","인창중학교","03","공립","N","","0","1","0","1","1","0","0","1","0","0","0","0","3","9","0","12","8","25","3","33","0","1","0","1","0","1","0","1","0","0","0","0","0","0","0","0","0","1","0","1","0","1","0","1","2","16","0","18","0","0","0","0","14","55","3","69","0","0","0","3"
"경기도교육청","경기도구리남양주교육지원청","경기도 구리시","S090001594","장자중학교","03","공립","N","","0","1","0","1","0","1","0","1","0","0","0","0","1","11","0","12","1","16","1","17","0","0","0","0","0","1","1","1","0","0","0","0","0","0","0","0","0","1","0","1","0","0","0","0","4","7","0","11","0","0","0","0","6","38","2","44","0","0","0","2"
"경기도교육청","경기도구리남양주교육지원청","경기도 남양주시","S090001595","진건중학교","03","공립","N","","0","1","0","1","1","0","0","1","0","0","0","0","2","7","0","9","5","10","3","15","0","1","0","1","0","1","0","1","0","0","0","0","0","0","0","0","0","1","0","1","0","0","0","0","2","8","0","10","0","0","0","0","10","29","3","39","0","0","0","3"
"경기도교육청","경기도구리남양주교육지원청","경기도 구리시","S090001596","토평중학교","03","공립","N","","0","1","0","1","0","1","0","1","0","0","0","0","2","10","0","12","4","9","1","13","1","2","1","3","0","1","0","1","0","0","0","0","0","0","0","0","0","1","0","1","0","0","0","0","1","12","0","13","0","0","0","0","8","37","2","45","0","0","0","2"
"경기도교육청","경기도구리남양주교육지원청","경기도 남양주시","S090001597","퇴계원중학교","03","공립","N","","1","0","0","1","1","0","0","1","0","0","0","0","2","10","0","12","3","15","1","18","1","1","0","2","0","1","1","1","0","0","0","0","0","0","0","0","0","1","0","1","0","0","0","0","5","9","0","14","0","0","0","0","13","37","2","50","0","0","0","2"
"경기도교육청","경기도구리남양주교육지원청","경기도 남양주시","S090001598","호평중학교","03","공립","N","","1","0","0","1","0","1","0","1","0","0","0","0","3","9","0","12","8","24","5","32","0","1","1","1","0","1","0","1","0","0","0","0","0","0","0","0","0","1","0","1","0","0","0","0","3","11","0","14","0","1","0","1","15","49","6","64","0","0","0","6"
"경기도교육청","경기도구리남양주교육지원청","경기도 남양주시","S090001599","화광중학교","03","공립","N","","1","0","0","1","1","0","0","1","0","0","0","0","4","5","0","9","3","9","3","12","0","0","0","0","0","0","0","0","0","1","0","1","0","0","0","0","0","1","0","1","0","0","0","0","3","3","0","6","1","0","0","1","13","19","3","32","0","0","0","3"
"경기도교육청","경기도동두천양주교육지원청","경기도 양주시","S090001771","고암중학교","03","공립","N","","0","1","0","1","1","0","0","1","0","0","0","0","4","6","0","10","4","16","5","20","0","0","0","0","0","1","0","1","0","0","0","0","0","0","0","0","0","1","0","1","0","0","0","0","6","12","0","18","0","0","0","0","15","37","5","52","0","0","0","5"
"경기도교육청","경기도동두천양주교육지원청","경기도 양주시","S090001772","남문중학교","03","사립","N","","0","0","0","0","1","0","1","1","0","0","0","0","5","0","0","5","1","1","0","2","0","0","0","0","0","0","0","0","0","0","0","0","0","0","0","0","0","0","0","0","0","0","0","0","5","9","0","14","0","0","0","0","12","10","1","22","0","0","0","1"
"경기도교육청","경기도동두천양주교육지원청","경기도 양주시","S090001773","덕계중학교","03","공립","N","","0","1","0","1","1","0","0","1","0","0","0","0","1","9","0","10","6","15","2","21","1","2","1","3","0","0","0","0","0","0","0","0","0","0","0","0","0","1","0","1","0","0","0","0","9","14","0","23","1","0","0","1","19","42","3","61","0","0","0","3"
"경기도교육청","경기도동두천양주교육지원청","경기도 양주시","S090001774","덕정중학교","03","공립","N","","0","1","0","1","1","0","0","1","0","0","0","0","3","5","0","8","4","5","2","9","0","1","0","1","0","1","0","1","0","0","0","0","0","0","0","0","0","1","0","1","0","0","0","0","2","8","0","10","0","0","0","0","10","22","2","32","0","0","0","2"
"경기도교육청","경기도동두천양주교육지원청","경기도 동두천시","S090001775","동두천여자중학교","03","사립","N","","1","0","0","1","0","1","0","1","0","0","0","0","3","6","0","9","1","2","1","3","0","0","0","0","0","0","0","0","0","0","0","0","0","0","0","0","0","0","0","0","0","0","0","0","6","9","0","15","0","0","0","0","11","18","1","29","0","0","0","1"
"경기도교육청","경기도동두천양주교육지원청","경기도 동두천시","S090001777","동두천중학교","03","사립","N","","0","1","0","1","1","0","0","1","0","0","0","0","4","1","0","5","3","5","0","8","0","0","0","0","0","0","0","0","0","0","0","0","0","0","0","0","0","0","0","0","0","0","0","0","5","4","0","9","0","0","0","0","13","11","0","24","0","0","0","0"
"경기도교육청","경기도동두천양주교육지원청","경기도 동두천시","S090001778","한빛누리중학교","03","사립","N","","1","0","0","1","0","1","0","1","0","0","0","0","3","4","0","7","3","5","1","8","0","0","0","0","0","1","0","1","0","0","0","0","0","0","0","0","0","0","0","0","0","0","0","0","6","7","0","13","0","0","0","0","13","18","1","31","0","0","0","1"
"경기도교육청","경기도동두천양주교육지원청","경기도 동두천시","S090001779","신흥중학교","03","사립","N","","1","0","0","1","1","0","0","1","0","0","0","0","5","4","0","9","3","5","0","8","0","0","0","0","1","0","0","1","0","0","0","0","0","0","0","0","0","0","0","0","0","0","0","0","2","7","0","9","0","0","0","0","13","16","0","29","0","0","0","0"
"경기도교육청","경기도동두천양주교육지원청","경기도 양주시","S090001780","양주백석중학교","03","공립","N","","0","1","0","1","1","0","0","1","0","0","0","0","4","8","0","12","5","13","0","18","1","1","1","2","0","1","0","1","0","0","0","0","0","0","0","0","0","1","0","1","0","1","0","1","1","12","0","13","0","0","0","0","12","38","1","50","0","0","0","1"
"경기도교육청","경기도동두천양주교육지원청","경기도 양주시","S090001781","조양중학교","03","사립","N","","1","0","0","1","0","1","0","1","0","0","0","0","2","3","0","5","3","1","0","4","0","0","0","0","0","0","0","0","0","0","0","0","0","0","0","0","0","0","0","0","0","0","0","0","1","14","0","15","0","0","0","0","7","19","0","26","0","0","0","0"
"경기도교육청","경기도부천교육지원청","경기도 부천시 원미구","S090001873","계남중학교","03","공립","N","","0","1","0","1","0","1","0","1","0","0","0","0","2","9","0","11","4","17","8","21","0","0","0","0","0","1","0","1","0","0","0","0","0","0","0","0","0","1","0","1","0","0","0","0","1","10","0","11","0","0","0","0","7","40","8","47","0","0","0","8"
"경기도교육청","경기도부천교육지원청","경기도 부천시 오정구","S090001874","내동중학교","03","공립","N","","1","0","0","1","0","1","0","1","0","0","0","0","0","4","0","4","3","5","0","8","1","1","0","2","0","1","0","1","0","0","0","0","0","0","0","0","0","1","0","1","0","0","0","0","3","3","0","6","0","0","0","0","8","16","0","24","0","0","0","0"
"경기도교육청","경기도부천교육지원청","경기도 부천시 오정구","S090001878","덕산중학교","03","공립","N","","0","1","0","1","1","0","0","1","0","1","0","1","1","8","0","9","9","28","5","37","0","2","0","2","1","0","0","1","0","0","0","0","0","0","0","0","0","1","1","1","0","1","0","1","2","11","0","13","0","0","0","0","14","53","6","67","0","0","0","6"
"경기도교육청","경기도부천교육지원청","경기도 부천시 원미구","S090001882","부명중학교","03","공립","N","","1","0","0","1","0","1","0","1","0","0","0","0","2","9","0","11","2","25","3","27","0","2","0","2","0","0","0","0","0","0","0","0","0","0","0","0","0","1","0","1","0","0","0","0","2","5","0","7","0","0","0","0","7","43","3","50","0","0","0","3"
"경기도교육청","경기도부천교육지원청","경기도 부천시 원미구","S090001883","부인중학교","03","공립","N","","0","1","0","1","1","0","0","1","0","0","0","0","1","8","0","9","2","13","1","15","0","1","0","1","0","1","0","1","0","0","0","0","0","0","0","0","0","1","0","1","0","0","0","0","2","4","0","6","0","0","0","0","6","29","1","35","0","0","0","1"
"경기도교육청","경기도부천교육지원청","경기도 부천시 소사구","S090001884","부일중학교","03","공립","N","","0","1","0","1","0","1","0","1","0","0","0","0","0","5","0","5","2","8","0","10","0","1","0","1","0","0","0","0","0","1","1","1","0","0","0","0","0","1","0","1","0","1","0","1","1","5","0","6","0","0","0","0","3","24","1","27","0","0","0","1"
"경기도교육청","경기도부천교육지원청","경기도 부천시 소사구","S090001885","부천남중학교","03","공립","N","","1","0","0","1","1","0","0","1","0","0","0","0","4","7","0","11","2","15","2","17","1","1","1","2","0","1","0","1","0","0","0","0","0","0","0","0","0","1","0","1","0","1","0","1","5","5","0","10","0","0","0","0","14","31","3","45","0","0","0","3"
"경기도교육청","경기도부천교육지원청","경기도 부천시 소사구","S090001886","부천동여자중학교","03","공립","N","","0","1","0","1","0","1","0","1","0","0","0","0","1","4","0","5","2","8","4","10","0","0","0","0","0","0","0","0","0","0","0","0","0","0","0","0","0","1","0","1","0","1","0","1","2","5","0","7","0","0","0","0","5","21","4","26","0","0","0","4"
"경기도교육청","경기도부천교육지원청","경기도 부천시 소사구","S090001887","부천동중학교","03","공립","N","","0","1","0","1","1","0","0","1","0","0","0","0","2","2","0","4","3","7","4","10","0","0","0","0","0","1","0","1","0","0","0","0","0","0","0","0","0","1","0","1","0","1","0","1","2","4","0","6","0","0","0","0","8","17","4","25","0","0","0","4"
"경기도교육청","경기도부천교육지원청","경기도 부천시 원미구","S090001888","부천부곡중학교","03","공립","N","","0","1","0","1","1","0","0","1","0","0","0","0","1","8","0","9","1","14","5","15","0","2","0","2","0","0","0","0","0","0","0","0","0","0","0","0","0","1","0","1","0","0","0","0","2","6","0","8","0","0","0","0","5","32","5","37","0","0","0","5"
"경기도교육청","경기도부천교육지원청","경기도 부천시 원미구","S090001889","부천부흥중학교","03","공립","N","","0","1","0","1","0","1","0","1","0","0","0","0","1","7","0","8","3","11","0","14","0","2","0","2","0","1","0","1","0","0","0","0","0","0","0","0","0","0","0","0","0","0","0","0","2","3","0","5","0","0","0","0","6","26","0","32","0","0","0","0"
"경기도교육청","경기도부천교육지원청","경기도 부천시 오정구","S090001892","부천여월중학교","03","공립","N","","0","1","0","1","0","1","0","1","0","1","0","1","1","9","0","10","6","11","2","17","0","2","1","2","0","0","0","0","0","0","0","0","0","0","0","0","0","0","0","0","0","2","1","2","1","7","0","8","0","1","0","1","8","35","4","43","0","0","0","4"
"경기도교육청","경기도부천교육지원청","경기도 부천시 소사구","S090001893","부천여자중학교","03","공립","N","","0","1","0","1","0","1","0","1","0","0","0","0","0","9","0","9","1","17","2","18","0","0","0","0","0","0","0","0","0","1","0","1","0","0","0","0","0","1","0","1","0","0","0","0","2","5","0","7","0","0","0","0","3","35","2","38","0","0","0","2"
"경기도교육청","경기도부천교육지원청","경기도 부천시 원미구","S090001894","부천중학교","03","공립","N","","0","1","0","1","0","1","0","1","0","0","0","0","2","10","0","12","2","36","6","38","0","2","0","2","0","1","0","1","0","0","0","0","0","0","0","0","0","1","0","1","0","0","0","0","3","5","0","8","0","0","0","0","7","57","6","64","0","0","0","6"
"경기도교육청","경기도부천교육지원청","경기도 부천시 원미구","S090001896","상도중학교","03","공립","N","","1","0","0","1","1","0","0","1","0","0","0","0","2","6","0","8","3","16","3","19","0","1","0","1","0","1","0","1","0","0","0","0","0","0","0","0","0","1","0","1","0","0","0","0","1","11","0","12","0","0","0","0","8","36","3","44","0","0","0","3"
"경기도교육청","경기도부천교육지원청","경기도 부천시 원미구","S090001897","상동중학교","03","공립","N","","1","0","0","1","0","1","0","1","0","0","0","0","2","5","0","7","2","8","2","10","1","0","0","1","0","0","0","0","0","0","0","0","0","0","0","0","0","1","0","1","0","0","0","0","1","8","0","9","0","0","0","0","7","23","2","30","0","0","0","2"
"경기도교육청","경기도부천교육지원청","경기도 부천시 원미구","S090001898","상일중학교","03","공립","N","","0","1","0","1","1","0","0","1","0","1","0","1","2","9","0","11","4","32","5","36","0","1","0","1","0","1","0","1","0","0","0","0","0","0","0","0","0","1","0","1","0","1","0","1","1","6","0","7","0","1","0","1","8","54","5","62","0","0","0","5"
"경기도교육청","경기도부천교육지원청","경기도 부천시 원미구","S090001899","석천중학교","03","공립","N","","0","1","0","1","1","0","0","1","0","0","0","0","1","10","0","11","6","43","10","49","0","1","0","1","0","1","0","1","0","0","0","0","0","0","0","0","0","1","0","1","0","0","0","0","5","11","0","16","0","0","0","0","13","68","10","81","0","0","0","10"
"경기도교육청","경기도부천교육지원청","경기도 부천시 오정구","S090001900","성곡중학교","03","공립","N","","0","1","0","1","1","0","0","1","0","0","0","0","1","8","0","9","2","16","5","18","0","2","1","2","0","1","0","1","0","1","0","1","0","0","0","0","0","1","0","1","0","1","0","1","7","2","0","9","0","0","0","0","11","33","6","44","0","0","0","6"
"경기도교육청","경기도부천교육지원청","경기도 부천시 소사구","S090001901","성주중학교","03","공립","N","","1","0","0","1","1","0","0","1","0","0","0","0","5","7","0","12","7","16","2","23","0","1","0","1","0","0","0","0","0","0","0","0","0","0","0","0","0","1","0","1","0","0","0","0","3","6","0","9","0","0","0","0","17","31","2","48","0","0","0","2"
"경기도교육청","경기도부천교육지원청","경기도 부천시 원미구","S090001902","소명여자중학교","03","사립","N","","0","1","0","1","1","0","0","1","0","0","0","0","4","4","0","8","4","8","0","12","0","0","0","0","0","1","0","1","0","0","0","0","0","0","0","0","0","0","0","0","0","0","0","0","1","4","0","5","0","0","0","0","10","18","0","28","0","0","0","0"
"경기도교육청","경기도부천교육지원청","경기도 부천시 소사구","S090001903","소사중학교","03","공립","N","","0","1","0","1","1","0","0","1","0","0","0","0","2","7","0","9","1","16","5","17","0","0","0","0","0","1","0","1","0","0","0","0","0","0","0","0","0","1","1","1","0","0","0","0","2","11","0","13","0","0","0","0","6","37","6","43","0","0","0","6"
"경기도교육청","경기도부천교육지원청","경기도 부천시 원미구","S090001905","심원중학교","03","공립","N","","0","1","0","1","0","1","0","1","1","0","0","1","2","10","0","12","3","19","3","22","0","1","1","1","0","1","0","1","0","0","0","0","0","0","0","0","0","1","0","1","0","0","0","0","4","5","0","9","0","1","0","1","10","40","4","50","0","0","0","4"
"경기도교육청","경기도부천교육지원청","경기도 부천시 원미구","S090001906","역곡중학교","03","공립","N","","0","1","0","1","0","1","0","1","0","0","0","0","2","9","0","11","4","28","4","32","0","1","0","1","0","2","1","2","0","0","0","0","0","0","0","0","0","1","0","1","0","1","0","1","4","5","0","9","0","0","0","0","10","49","5","59","0","0","0","5"
"경기도교육청","경기도부천교육지원청","경기도 부천시 원미구","S090001911","중원중학교","03","공립","N","","1","0","0","1","0","1","0","1","0","0","0","0","2","8","0","10","2","17","1","19","0","2","0","2","0","1","1","1","0","0","0","0","0","0","0","0","0","1","0","1","0","0","0","0","1","10","0","11","0","0","0","0","6","40","2","46","0","0","0","2"
"경기도교육청","경기도부천교육지원청","경기도 부천시 원미구","S090001912","중흥중학교","03","공립","N","","0","1","0","1","1","0","0","1","0","0","0","0","5","7","0","12","4","26","2","30","0","0","0","0","0","1","0","1","0","0","0","0","0","0","0","0","0","1","0","1","0","0","0","0","5","3","0","8","0","0","0","0","15","39","2","54","0","0","0","2"
"경기도교육청","경기도성남교육지원청","경기도 성남시 중원구","S090002174","금광중학교","03","공립","N","","0","1","0","1","0","1","0","1","0","0","0","0","0","11","0","11","2","20","11","22","0","2","0","2","0","0","0","0","0","0","0","0","0","0","0","0","0","1","0","1","0","0","0","0","6","10","0","16","0","0","0","0","8","46","11","54","0","0","0","11"
"경기도교육청","경기도성남교육지원청","경기도 성남시 분당구","S090002176","내정중학교","03","공립","N","","0","1","0","1","0","1","0","1","0","0","0","0","1","8","0","9","4","40","7","44","0","0","0","0","0","0","0","0","0","0","0","0","0","0","0","0","0","1","1","1","0","1","0","1","3","8","0","11","0","0","0","0","8","60","8","68","0","0","0","8"
"경기도교육청","경기도성남교육지원청","경기도 성남시 중원구","S090002177","대원중학교","03","공립","N","","0","1","0","1","0","1","0","1","0","0","0","0","1","4","0","5","2","8","1","10","0","0","0","0","0","0","0","0","0","0","0","0","0","0","0","0","0","1","0","1","0","1","0","1","0","5","0","5","0","0","0","0","3","21","1","24","0","0","0","1"
"경기도교육청","경기도성남교육지원청","경기도 성남시 분당구","S090002178","매송중학교","03","공립","N","","0","1","0","1","0","1","0","1","0","0","0","0","1","8","0","9","1","16","3","17","0","0","0","0","0","0","0","0","0","0","0","0","0","0","0","0","0","1","0","1","0","0","0","0","1","5","0","6","0","0","0","0","3","32","3","35","0","0","0","3"
"경기도교육청","경기도성남교육지원청","경기도 성남시 분당구","S090002180","백현중학교","03","공립","N","","0","1","0","1","0","1","0","1","0","0","0","0","3","9","0","12","2","26","8","28","0","1","0","1","1","0","0","1","0","0","0","0","0","0","0","0","0","1","0","1","0","1","0","1","4","7","0","11","0","0","0","0","10","47","8","57","0","0","0","8"
"경기도교육청","경기도성남교육지원청","경기도 성남시 분당구","S090002181","분당중학교","03","공립","N","","0","1","0","1","0","1","0","1","0","0","0","0","2","7","0","9","3","10","3","13","0","1","0","1","0","1","0","1","0","0","0","0","0","0","0","0","0","1","0","1","0","0","0","0","1","7","0","8","1","0","0","1","7","29","3","36","0","0","0","3"
"경기도교육청","경기도성남교육지원청","경기도 성남시 분당구","S090002182","불곡중학교","03","공립","N","","0","1","0","1","0","1","0","1","0","1","0","1","1","11","0","12","0","27","3","27","0","1","0","1","0","1","0","1","0","0","0","0","0","0","0","0","0","1","0","1","0","1","0","1","2","2","0","4","0","0","0","0","3","47","3","50","0","0","0","3"
"경기도교육청","경기도성남교육지원청","경기도 성남시 수정구","S090002183","상원여자중학교","03","공립","N","","0","1","0","1","1","0","0","1","0","0","0","0","1","4","0","5","1","11","3","12","0","0","0","0","0","0","0","0","0","0","0","0","0","0","0","0","0","1","0","1","0","0","0","0","2","5","0","7","0","0","0","0","5","22","3","27","0","0","0","3"
"경기도교육청","경기도성남교육지원청","경기도 성남시 분당구","S090002184","서현중학교","03","공립","N","","0","1","0","1","0","1","0","1","0","0","0","0","0","13","0","13","4","42","7","46","0","1","0","1","0","1","0","1","0","1","0","1","0","0","0","0","0","1","1","1","0","1","0","1","3","7","0","10","0","0","0","0","7","69","8","76","0","0","0","8"
"경기도교육청","경기도성남교육지원청","경기도 성남시 중원구","S090002185","성남동중학교","03","공립","N","","1","0","0","1","0","1","0","1","0","0","0","0","1","10","0","11","3","21","7","24","0","2","0","2","1","0","0","1","0","0","0","0","0","0","0","0","0","1","0","1","0","1","0","1","4","9","0","13","0","0","0","0","10","45","7","55","0","0","0","7"
"경기도교육청","경기도성남교육지원청","경기도 성남시 수정구","S090002186","성남문원중학교","03","공립","N","","1","0","0","1","0","1","0","1","0","0","0","0","0","4","0","4","3","9","3","12","0","1","0","1","0","1","0","1","0","0","0","0","0","0","0","0","0","0","0","0","0","0","0","0","1","6","0","7","0","0","0","0","5","22","3","27","0","0","0","3"
"경기도교육청","경기도성남교육지원청","경기도 성남시 수정구","S090002187","성남서중학교","03","공립","N","","1","0","0","1","0","1","0","1","0","0","0","0","1","11","0","12","4","19","7","23","0","3","2","3","0","1","0","1","0","0","0","0","0","0","0","0","0","1","0","1","0","1","0","1","4","8","0","12","0","0","0","0","10","45","9","55","0","0","0","9"
"경기도교육청","경기도성남교육지원청","경기도 성남시 수정구","S090002188","성남여자중학교","03","공립","N","","0","1","0","1","0","1","0","1","0","0","0","0","1","11","0","12","2","15","4","17","0","2","0","2","0","2","1","2","0","0","0","0","0","0","0","0","0","1","0","1","0","1","0","1","1","4","0","5","0","0","0","0","4","38","5","42","0","0","0","5"
"경기도교육청","경기도성남교육지원청","경기도 성남시 중원구","S090002189","성남중학교","03","공립","N","","0","1","0","1","0","1","0","1","0","0","0","0","1","4","0","5","2","10","4","12","0","0","0","0","0","0","0","0","0","0","0","0","0","0","0","0","0","1","0","1","0","0","0","0","3","4","0","7","0","0","0","0","6","21","4","27","0","0","0","4"
"경기도교육청","경기도성남교육지원청","경기도 성남시 중원구","S090002190","동광중학교","03","사립","N","","0","1","0","1","0","0","0","0","0","0","0","0","2","3","0","5","1","4","1","5","0","0","0","0","0","0","0","0","0","0","0","0","0","0","0","0","0","0","0","0","0","0","0","0","4","10","0","14","0","1","0","1","7","19","1","26","0","0","0","1"
"경기도교육청","경기도성남교육지원청","경기도 성남시 중원구","S090002191","성일중학교","03","사립","N","","1","0","0","1","1","0","0","1","0","0","0","0","10","2","0","12","6","8","0","14","0","0","0","0","0","0","0","0","0","0","0","0","0","0","0","0","0","1","0","1","0","0","0","0","4","14","0","18","0","0","0","0","22","25","0","47","0","0","0","0"
"경기도교육청","경기도성남교육지원청","경기도 성남시 분당구","S090002192","송림중학교","03","사립","N","","0","1","0","1","1","0","0","1","0","0","0","0","2","3","0","5","8","3","1","11","0","0","0","0","0","1","0","1","0","0","0","0","0","0","0","0","0","0","0","0","0","0","0","0","2","5","0","7","0","0","0","0","13","13","1","26","0","0","0","1"
"경기도교육청","경기도성남교육지원청","경기도 성남시 분당구","S090002193","수내중학교","03","공립","N","","1","0","0","1","0","1","0","1","0","0","0","0","2","7","0","9","3","46","12","49","0","0","0","0","0","1","0","1","0","0","0","0","0","0","0","0","0","1","0","1","0","1","0","1","3","10","0","13","0","0","0","0","9","67","12","76","0","0","0","12"
"경기도교육청","경기도성남교육지원청","경기도 성남시 중원구","S090002194","숭신중학교","03","사립","N","","0","1","0","1","1","0","0","1","0","0","0","0","1","3","0","4","3","4","0","7","0","0","0","0","0","0","0","0","0","0","0","0","0","0","0","0","0","0","0","0","0","0","0","0","3","5","0","8","0","0","0","0","8","13","0","21","0","0","0","0"
"경기도교육청","경기도성남교육지원청","경기도 성남시 분당구","S090002195","야탑중학교","03","공립","N","","1","0","0","1","0","1","0","1","0","1","0","1","2","10","0","12","2","33","7","35","1","1","0","2","0","0","0","0","0","0","0","0","0","0","0","0","0","1","0","1","0","1","0","1","4","6","0","10","0","0","0","0","10","54","7","64","0","0","0","7"
"경기도교육청","경기도성남교육지원청","경기도 성남시 분당구","S090002196","양영중학교","03","공립","N","","0","1","0","1","0","1","0","1","0","0","0","0","0","12","0","12","1","22","1","23","0","1","0","1","0","1","1","1","0","1","0","1","0","0","0","0","0","1","1","1","0","1","1","1","2","6","0","8","0","0","0","0","3","47","4","50","0","0","0","4"
"경기도교육청","경기도성남교육지원청","경기도 성남시 중원구","S090002198","영성중학교","03","공립","N","","1","0","0","1","1","0","0","1","0","0","0","0","1","4","0","5","2","9","1","11","0","2","2","2","0","1","0","1","0","0","0","0","0","0","0","0","0","1","0","1","0","1","1","1","2","6","0","8","0","0","0","0","7","24","4","31","0","0","0","4"
"경기도교육청","경기도성남교육지원청","경기도 성남시 중원구","S090002199","은행중학교","03","공립","N","","0","1","0","1","0","1","0","1","0","0","0","0","2","5","0","7","1","13","5","14","0","2","0","2","1","0","0","1","0","0","0","0","0","0","0","0","0","1","0","1","0","0","0","0","1","4","0","5","1","1","0","2","6","28","5","34","0","0","0","5"
"경기도교육청","경기도성남교육지원청","경기도 성남시 분당구","S090002200","이매중학교","03","공립","N","","1","0","0","1","0","1","0","1","0","0","0","0","4","7","0","11","2","35","7","37","0","0","0","0","0","0","0","0","0","1","0","1","0","0","0","0","0","1","0","1","0","1","0","1","2","10","0","12","0","1","0","1","9","57","7","66","0","1","1","7"
"경기도교육청","경기도성남교육지원청","경기도 성남시 분당구","S090002201","장안중학교","03","공립","N","","1","0","0","1","0","1","0","1","0","0","0","0","2","7","0","9","1","17","8","18","0","0","0","0","0","1","0","1","0","0","0","0","0","0","0","0","0","1","0","1","0","1","1","1","2","7","0","9","1","0","0","1","7","35","9","42","0","0","0","9"
"경기도교육청","경기도성남교육지원청","경기도 성남시 분당구","S090002202","정자중학교","03","공립","N","","0","1","0","1","0","1","0","1","0","0","0","0","1","7","0","8","1","11","2","12","0","1","0","1","0","1","0","1","0","0","0","0","0","0","0","0","0","1","0","1","0","1","0","1","1","3","0","4","0","0","0","0","3","27","2","30","0","0","0","2"
"경기도교육청","경기도성남교육지원청","경기도 성남시 수정구","S090002206","태평중학교","03","공립","N","","1","0","0","1","0","1","0","1","1","0","0","1","1","11","0","12","3","21","6","24","0","2","0","2","0","0","0","0","0","0","0","0","0","0","0","0","0","1","0","1","0","1","0","1","5","5","0","10","0","0","0","0","11","42","6","53","0","0","0","6"
"경기도교육청","경기도성남교육지원청","경기도 성남시 수정구","S090002207","풍생중학교","03","사립","N","","1","0","0","1","1","0","0","1","0","0","0","0","6","3","0","9","7","4","1","11","0","0","0","0","0","0","0","0","0","0","0","0","0","0","0","0","0","1","0","1","0","0","0","0","1","8","0","9","0","0","0","0","16","16","1","32","0","0","0","1"
"경기도교육청","경기도성남교육지원청","경기도 성남시 분당구","S090002208","하탑중학교","03","공립","N","","0","1","0","1","1","0","0","1","0","0","0","0","1","11","0","12","2","13","9","15","0","2","0","2","0","0","0","0","0","0","0","0","0","0","0","0","0","1","0","1","0","1","0","1","2","9","0","11","0","1","0","1","6","39","9","45","0","0","0","9"
"경기도교육청","경기도수원교육지원청","경기도 수원시 권선구","S090002406","고색중학교","03","공립","N","","1","0","0","1","1","0","0","1","0","0","0","0","0","7","0","7","5","8","3","13","0","2","0","2","0","0","0","0","0","0","0","0","0","0","0","0","0","1","0","1","0","0","0","0","4","3","0","7","0","0","0","0","11","21","3","32","0","0","0","3"
"경기도교육청","경기도수원교육지원청","경기도 수원시 권선구","S090002407","곡선중학교","03","공립","N","","0","1","0","1","1","0","0","1","0","0","0","0","4","4","0","8","1","7","1","8","0","3","0","3","0","0","0","0","0","0","0","0","0","0","0","0","0","1","0","1","0","0","0","0","3","2","0","5","0","0","0","0","9","18","1","27","0","0","0","1"
"경기도교육청","경기도수원교육지원청","경기도 수원시 권선구","S090002408","구운중학교","03","공립","N","","0","1","0","1","0","1","0","1","0","0","0","0","1","8","0","9","3","20","5","23","0","1","0","1","0","0","0","0","0","0","0","0","0","0","0","0","0","1","0","1","0","0","0","0","4","10","0","14","0","0","0","0","8","42","5","50","0","0","0","5"
"경기도교육청","경기도수원교육지원청","경기도 수원시 권선구","S090002409","권선중학교","03","공립","N","","1","0","0","1","0","1","0","1","0","0","0","0","2","7","0","9","2","7","1","9","0","2","1","2","0","0","0","0","0","0","0","0","0","0","0","0","0","1","0","1","0","0","0","0","0","8","0","8","0","1","0","1","5","27","2","32","0","0","0","2"
"경기도교육청","경기도수원교육지원청","경기도 수원시 권선구","S090002410","남수원중학교","03","공립","N","","1","0","0","1","0","1","0","1","0","0","0","0","1","8","0","9","6","34","3","40","0","1","0","1","0","1","0","1","0","0","0","0","0","0","0","0","0","1","1","1","0","1","0","1","0","11","0","11","0","0","0","0","8","58","4","66","0","0","0","4"
"경기도교육청","경기도수원교육지원청","경기도 수원시 장안구","S090002411","대평중학교","03","공립","N","","0","1","0","1","1","0","0","1","0","0","0","0","3","9","0","12","7","41","6","48","0","1","0","1","0","1","1","1","0","1","0","1","0","0","0","0","0","1","0","1","0","1","0","1","6","10","0","16","0","2","0","2","17","68","7","85","0","0","0","7"
"경기도교육청","경기도수원교육지원청","경기도 수원시 팔달구","S090002412","동성중학교","03","공립","N","","1","0","0","1","0","1","0","1","0","1","0","1","0","10","0","10","2","15","4","17","0","0","0","0","0","1","0","1","0","1","0","1","0","0","0","0","0","1","0","1","0","1","0","1","6","5","0","11","0","0","0","0","9","36","4","45","0","0","0","4"
"경기도교육청","경기도수원교육지원청","경기도 수원시 영통구","S090002413","동수원중학교","03","공립","N","","0","1","0","1","0","1","0","1","0","0","0","0","4","5","0","9","5","22","7","27","0","0","0","0","0","1","0","1","0","0","0","0","0","0","0","0","0","1","0","1","0","1","0","1","1","9","0","10","0","0","0","0","10","41","7","51","0","0","0","7"
"경기도교육청","경기도수원교육지원청","경기도 수원시 영통구","S090002414","매원중학교","03","공립","N","","1","0","0","1","0","1","0","1","0","0","0","0","1","8","0","9","0","14","3","14","0","1","0","1","1","0","0","1","0","0","0","0","0","0","0","0","0","1","1","1","0","0","0","0","0","8","0","8","0","0","0","0","3","33","4","36","0","0","0","4"
"경기도교육청","경기도수원교육지원청","경기도 수원시 팔달구","S090002415","매향중학교","03","사립","N","","1","0","0","1","0","1","0","1","0","0","0","0","4","3","0","7","4","3","1","7","0","0","0","0","0","1","0","1","0","0","0","0","0","0","0","0","0","1","0","1","0","1","0","1","7","9","0","16","0","1","0","1","16","20","1","36","0","0","0","1"
"경기도교육청","경기도수원교육지원청","경기도 수원시 영통구","S090002416","매현중학교","03","공립","N","","1","0","0","1","0","1","0","1","0","0","0","0","2","9","0","11","2","12","2","14","0","1","0","1","0","0","0","0","0","0","0","0","0","0","0","0","0","2","1","2","0","1","0","1","2","6","0","8","1","2","0","3","8","34","3","42","0","0","0","3"
"경기도교육청","경기도수원교육지원청","경기도 수원시 장안구","S090002417","명인중학교","03","공립","N","","1","0","0","1","1","0","0","1","0","0","0","0","2","10","0","12","7","29","3","36","0","2","1","2","0","1","0","1","0","0","0","0","0","0","0","0","0","1","0","1","0","0","0","0","6","4","0","10","0","1","0","1","17","48","4","65","0","0","0","4"
"경기도교육청","경기도수원교육지원청","경기도 수원시 장안구","S090002418","송원중학교","03","공립","N","","1","0","0","1","0","1","0","1","0","0","0","0","2","5","0","7","1","14","5","15","0","0","0","0","0","1","0","1","0","0","0","0","0","0","0","0","0","1","0","1","0","0","0","0","3","5","0","8","1","0","0","1","8","27","5","35","0","0","0","5"
"경기도교육청","경기도수원교육지원청","경기도 수원시 영통구","S090002419","산남중학교","03","공립","N","","1","0","0","1","1","0","0","1","0","1","0","1","4","8","0","12","2","30","5","32","0","3","0","3","0","1","0","1","0","0","0","0","0","0","0","0","0","1","0","1","0","0","0","0","3","10","0","13","0","0","0","0","11","54","5","65","0","0","0","5"
"경기도교육청","경기도수원교육지원청","경기도 수원시 팔달구","S090002420","삼일중학교","03","사립","N","","0","1","0","1","0","0","0","0","0","0","0","0","3","6","0","9","3","5","1","8","0","0","0","0","0","0","0","0","0","0","0","0","0","0","0","0","0","0","0","0","0","1","0","1","6","9","0","15","0","0","0","0","12","22","1","34","0","0","0","1"
"경기도교육청","경기도수원교육지원청","경기도 수원시 장안구","S090002421","창용중학교","03","공립","N","","1","0","0","1","0","1","0","1","0","0","0","0","1","2","0","3","1","6","1","7","0","1","0","1","0","0","0","0","0","0","0","0","0","0","0","0","0","0","0","0","0","0","0","0","1","4","0","5","0","0","0","0","4","14","1","18","0","0","0","1"
"경기도교육청","경기도수원교육지원청","경기도 수원시 장안구","S090002422","수성중학교","03","공립","N","","1","0","0","1","1","0","0","1","0","0","0","0","2","6","0","8","2","11","2","13","0","0","0","0","0","1","0","1","0","0","0","0","0","0","0","0","0","1","0","1","0","0","0","0","2","8","0","10","0","0","0","0","8","27","2","35","0","0","0","2"
"경기도교육청","경기도수원교육지원청","경기도 수원시 장안구","S090002423","수원북중학교","03","공립","N","","1","0","0","1","1","0","0","1","0","0","0","0","1","5","0","6","0","10","1","10","0","3","0","3","0","1","0","1","0","0","0","0","0","0","0","0","0","1","0","1","0","1","0","1","2","3","0","5","2","1","0","3","7","25","1","32","0","0","0","1"
"경기도교육청","경기도수원교육지원청","경기도 수원시 팔달구","S090002424","수원제일중학교","03","공립","N","","1","0","0","1","1","0","0","1","0","0","0","0","2","4","0","6","3","3","0","6","0","2","1","2","0","1","0","1","0","0","0","0","0","0","0","0","0","0","0","0","0","0","0","0","2","3","0","5","0","0","0","0","9","13","1","22","0","0","0","1"
"경기도교육청","경기도수원교육지원청","경기도 수원시 팔달구","S090002425","수원중학교","03","사립","N","","1","0","0","1","1","0","0","1","0","0","0","0","6","6","0","12","4","11","1","15","0","0","0","0","0","1","0","1","0","0","0","0","0","0","0","0","0","1","0","1","0","1","0","1","3","9","0","12","0","0","0","0","15","29","1","44","0","0","0","1"
"경기도교육청","경기도수원교육지원청","경기도 수원시 장안구","S090002426","수일여자중학교","03","공립","N","","0","1","0","1","0","1","0","1","0","0","0","0","2","7","0","9","1","10","1","11","0","0","0","0","0","0","0","0","0","0","0","0","0","0","0","0","0","1","0","1","0","0","0","0","0","6","0","6","0","0","0","0","3","26","1","29","0","0","0","1"
"경기도교육청","경기도수원교육지원청","경기도 수원시 장안구","S090002427","수일중학교","03","공립","N","","1","0","0","1","0","1","0","1","0","0","0","0","0","4","0","4","1","9","0","10","0","0","0","0","0","1","0","1","0","0","0","0","0","0","0","0","0","1","0","1","0","0","0","0","0","3","0","3","0","0","0","0","2","19","0","21","0","0","0","0"
"경기도교육청","경기도수원교육지원청","경기도 수원시 팔달구","S090002428","숙지중학교","03","공립","N","","0","1","0","1","1","0","0","1","0","0","0","0","1","12","0","13","4","16","3","20","0","2","1","2","0","1","0","1","0","0","0","0","0","0","0","0","0","1","0","1","0","1","0","1","1","9","0","10","0","0","0","0","7","43","4","50","0","0","0","4"
"경기도교육청","경기도수원교육지원청","경기도 수원시 영통구","S090002429","연무중학교","03","공립","N","","1","0","0","1","0","1","0","1","0","0","0","0","1","11","0","12","4","37","2","41","0","1","1","1","0","1","0","1","0","0","0","0","0","0","0","0","0","1","0","1","0","0","0","0","2","7","0","9","0","0","0","0","8","59","3","67","0","0","0","3"
"경기도교육청","경기도수원교육지원청","경기도 수원시 영통구","S090002430","영덕중학교","03","공립","N","","0","1","0","1","1","0","0","1","0","0","0","0","5","7","0","12","4","33","3","37","0","2","0","2","0","0","0","0","0","0","0","0","0","0","0","0","0","1","0","1","0","1","0","1","1","6","0","7","0","0","0","0","11","51","3","62","0","0","0","3"
"경기도교육청","경기도수원교육지원청","경기도 수원시 팔달구","S090002431","영복여자중학교","03","사립","N","","0","1","0","1","1","0","0","1","0","0","0","0","7","2","0","9","5","11","1","16","0","0","0","0","0","1","0","1","0","0","0","0","0","0","0","0","0","1","0","1","0","1","0","1","1","5","0","6","0","0","0","0","14","22","1","36","0","0","0","1"
"경기도교육청","경기도수원교육지원청","경기도 수원시 권선구","S090002432","영신중학교","03","사립","N","","1","0","0","1","0","1","0","1","0","0","0","0","5","7","0","12","2","11","2","13","0","0","0","0","1","0","0","1","0","0","0","0","0","0","0","0","0","0","0","0","0","0","0","0","10","13","0","23","0","0","0","0","19","32","2","51","0","0","0","2"
"경기도교육청","경기도수원교육지원청","경기도 수원시 영통구","S090002433","영일중학교","03","공립","N","","0","1","0","1","1","0","0","1","0","0","0","0","3","9","0","12","2","18","6","20","0","0","0","0","1","0","0","1","0","0","0","0","0","0","0","0","0","1","0","1","0","1","0","1","1","12","0","13","1","0","0","1","9","42","6","51","0","0","0","6"
"경기도교육청","경기도수원교육지원청","경기도 수원시 영통구","S090002434","영통중학교","03","공립","N","","1","0","0","1","1","0","0","1","0","0","0","0","1","4","0","5","3","9","0","12","0","1","0","1","0","1","0","1","0","0","0","0","0","0","0","0","0","1","0","1","0","1","0","1","0","3","0","3","0","0","0","0","6","20","0","26","0","0","0","0"
"경기도교육청","경기도수원교육지원청","경기도 수원시 영통구","S090002435","원천중학교","03","공립","N","","1","0","0","1","1","0","0","1","0","0","0","0","0","4","0","4","2","7","1","9","1","1","0","2","0","0","0","0","0","0","0","0","0","0","0","0","0","1","1","1","0","1","0","1","1","4","0","5","0","0","0","0","6","18","2","24","0","0","0","2"
"경기도교육청","경기도수원교육지원청","경기도 수원시 장안구","S090002436","율전중학교","03","공립","N","","0","1","0","1","1","0","0","1","0","0","0","0","2","6","0","8","2","7","1","9","0","1","0","1","0","1","0","1","0","0","0","0","0","0","0","0","0","1","0","1","0","0","0","0","0","3","0","3","0","0","0","0","5","20","1","25","0","0","0","1"
"경기도교육청","경기도수원교육지원청","경기도 수원시 팔달구","S090002437","율현중학교","03","공립","N","","0","1","0","1","1","0","0","1","0","1","0","1","2","10","0","12","3","30","4","33","0","0","0","0","0","0","0","0","0","0","0","0","0","0","0","0","0","1","1","1","0","0","0","0","5","5","0","10","0","0","0","0","11","48","5","59","0","0","0","5"
"경기도교육청","경기도수원교육지원청","경기도 수원시 장안구","S090002438","이목중학교","03","공립","N","","0","1","0","1","0","1","0","1","0","0","0","0","1","10","0","11","5","30","9","35","0","1","0","1","0","1","0","1","0","0","0","0","0","0","0","0","0","1","0","1","0","0","0","0","5","6","0","11","0","0","0","0","11","51","9","62","0","0","0","9"
"경기도교육청","경기도수원교육지원청","경기도 수원시 장안구","S090002439","천천중학교","03","공립","N","","1","0","0","1","1","0","0","1","0","0","0","0","0","12","0","12","3","36","3","39","0","0","0","0","0","1","0","1","0","1","0","1","0","0","0","0","0","1","0","1","0","0","0","0","2","6","0","8","0","0","0","0","7","57","3","64","0","0","0","3"
"경기도교육청","경기도수원교육지원청","경기도 수원시 영통구","S090002440","청명중학교","03","공립","N","","0","1","0","1","0","1","0","1","0","0","0","0","3","9","0","12","2","14","3","16","0","1","0","1","0","0","0","0","0","0","0","0","0","0","0","0","0","1","0","1","0","1","0","1","3","8","0","11","0","1","0","1","8","37","3","45","0","0","0","3"
"경기도교육청","경기도수원교육지원청","경기도 수원시 영통구","S090002441","태장중학교","03","공립","N","","0","1","0","1","0","1","0","1","0","0","0","0","1","11","0","12","3","17","7","20","1","1","0","2","0","1","0","1","0","0","0","0","0","0","0","0","0","1","0","1","0","1","0","1","3","10","0","13","1","1","0","2","9","45","7","54","0","0","0","7"
"경기도교육청","경기도수원교육지원청","경기도 수원시 권선구","S090002442","호매실중학교","03","공립","N","","0","1","0","1","0","1","0","1","0","0","0","0","2","8","0","10","5","29","7","34","0","1","0","1","0","1","0","1","0","1","0","1","0","0","0","0","0","1","1","1","0","1","0","1","1","13","0","14","0","0","0","0","8","57","8","65","0","0","0","8"
"경기도교육청","경기도수원교육지원청","경기도 수원시 권선구","S090002443","화홍중학교","03","공립","N","","0","1","0","1","1","0","0","1","0","0","0","0","1","11","0","12","5","24","2","29","0","0","0","0","0","1","0","1","0","0","0","0","0","0","0","0","0","1","0","1","0","0","0","0","5","3","0","8","0","0","0","0","12","41","2","53","0","0","0","2"
"경기도교육청","경기도안산교육지원청","경기도 안산시 상록구","S090002683","경수중학교","03","공립","N","","1","0","0","1","1","0","0","1","0","0","0","0","1","9","0","10","5","7","1","12","0","2","0","2","0","0","0","0","0","0","0","0","0","0","0","0","0","1","0","1","0","0","0","0","4","8","0","12","0","0","0","0","12","27","1","39","0","0","0","1"
"경기도교육청","경기도안산교육지원청","경기도 안산시 단원구","S090002684","관산중학교","03","공립","N","","1","0","0","1","0","1","0","1","0","0","0","0","1","8","0","9","3","9","3","12","0","0","0","0","0","1","0","1","0","0","0","0","0","0","0","0","0","1","1","1","0","0","0","0","3","9","0","12","1","0","0","1","9","29","4","38","0","0","0","4"
"경기도교육청","경기도시흥교육지원청","경기도 시흥시","S090002685","군자중학교","03","공립","N","","0","1","0","1","1","0","0","1","0","0","0","0","4","7","0","11","5","15","2","20","1","2","0","3","0","1","1","1","0","0","0","0","0","0","0","0","0","1","0","1","0","0","0","0","4","11","0","15","0","0","0","0","15","38","3","53","0","0","0","3"
"경기도교육청","경기도안산교육지원청","경기도 안산시 단원구","S090002686","대부중학교","03","공립","N","","0","0","0","0","1","0","0","1","0","0","0","0","2","1","0","3","4","4","0","8","0","2","0","2","0","0","0","0","0","0","0","0","0","0","0","0","0","0","0","0","0","0","0","0","2","1","0","3","0","0","0","0","9","8","0","17","0","0","0","0"
"경기도교육청","경기도시흥교육지원청","경기도 시흥시","S090002687","대흥중학교","03","공립","N","","0","1","0","1","1","0","0","1","0","0","0","0","1","7","0","8","2","6","1","8","0","1","0","1","0","1","0","1","0","0","0","0","0","0","0","0","0","1","0","1","0","1","0","1","2","4","0","6","0","0","0","0","6","22","1","28","0","0","0","1"
"경기도교육청","경기도안산교육지원청","경기도 안산시 상록구","S090002688","반월중학교","03","공립","N","","1","0","0","1","0","1","0","1","0","0","0","0","1","7","0","8","4","4","1","8","0","1","0","1","0","1","0","1","0","0","0","0","0","0","0","0","1","0","0","1","0","1","0","1","4","6","0","10","0","0","0","0","11","21","1","32","0","0","0","1"
"경기도교육청","경기도안산교육지원청","경기도 안산시 단원구","S090002689","별망중학교","03","공립","N","","0","1","0","1","0","1","0","1","0","0","0","0","2","7","0","9","7","8","2","15","1","1","0","2","0","1","0","1","0","0","0","0","0","0","0","0","0","1","0","1","0","0","0","0","4","10","0","14","0","0","0","0","14","30","2","44","0","0","0","2"
"경기도교육청","경기도안산교육지원청","경기도 안산시 상록구","S090002690","본오중학교","03","공립","N","","1","0","0","1","1","0","0","1","0","0","0","0","3","7","0","10","6","25","7","31","1","1","0","2","0","1","1","1","0","0","0","0","0","0","0","0","0","0","0","0","0","1","0","1","5","14","0","19","0","0","0","0","17","49","8","66","0","0","0","8"
"경기도교육청","경기도안산교육지원청","경기도 안산시 상록구","S090002691","상록중학교","03","공립","N","","0","1","0","1","0","1","0","1","0","0","0","0","3","7","0","10","5","11","3","16","0","1","0","1","1","0","0","1","0","0","0","0","0","0","0","0","0","1","0","1","0","0","0","0","4","10","0","14","0","0","0","0","13","32","3","45","0","0","0","3"
"경기도교육청","경기도시흥교육지원청","경기도 시흥시","S090002692","서해중학교","03","공립","N","","0","1","0","1","1","0","0","1","0","0","0","0","3","9","0","12","7","18","5","25","1","0","0","1","0","0","0","0","0","0","0","0","0","0","0","0","0","1","0","1","0","1","0","1","7","10","0","17","0","0","0","0","19","40","5","59","0","0","0","5"
"경기도교육청","경기도안산교육지원청","경기도 안산시 단원구","S090002693","선부중학교","03","공립","N","","0","1","0","1","1","0","0","1","0","0","0","0","4","7","0","11","3","10","3","13","0","2","0","2","0","1","0","1","0","0","0","0","0","0","0","0","0","1","0","1","0","1","0","1","7","9","0","16","0","0","0","0","15","32","3","47","0","0","0","3"
"경기도교육청","경기도안산교육지원청","경기도 안산시 상록구","S090002694","성안중학교","03","공립","N","","1","0","0","1","0","1","0","1","0","1","0","1","1","9","0","10","3","16","4","19","0","1","0","1","0","1","0","1","0","0","0","0","0","0","0","0","0","1","0","1","0","0","0","0","4","10","0","14","0","2","0","2","9","42","4","51","0","0","0","4"
"경기도교육청","경기도시흥교육지원청","경기도 시흥시","S090002695","한국글로벌중학교","03","사립","N","","1","0","0","1","1","0","0","1","0","0","0","0","3","1","0","4","3","5","3","8","0","0","0","0","0","1","0","1","0","1","0","1","0","0","0","0","0","0","0","0","0","0","0","0","1","6","0","7","0","0","0","0","9","14","3","23","0","0","0","3"
"경기도교육청","경기도안산교육지원청","경기도 안산시 상록구","S090002696","성포중학교","03","공립","N","","0","1","0","1","1","0","0","1","0","0","0","0","1","8","0","9","5","9","1","14","0","1","0","1","0","1","0","1","0","0","0","0","0","0","0","0","0","1","0","1","0","0","0","0","3","9","0","12","0","0","0","0","10","30","1","40","0","0","0","1"
"경기도교육청","경기도시흥교육지원청","경기도 시흥시","S090002697","소래중학교","03","공립","N","","1","0","0","1","0","1","0","1","0","0","0","0","3","9","0","12","4","27","6","31","0","1","0","1","0","1","0","1","0","0","0","0","0","0","0","0","0","1","1","1","0","0","0","0","12","11","0","23","0","0","0","0","20","51","7","71","0","0","0","7"
"경기도교육청","경기도시흥교육지원청","경기도 시흥시","S090002698","송운중학교","03","공립","N","","0","1","0","1","0","1","0","1","0","0","0","0","4","8","0","12","4","10","3","14","0","2","0","2","0","1","0","1","0","0","0","0","0","0","0","0","0","1","0","1","0","0","0","0","2","8","0","10","0","0","0","0","10","32","3","42","0","0","0","3"
"경기도교육청","경기도안산교육지원청","경기도 안산시 단원구","S090002699","송호중학교","03","공립","N","","1","0","0","1","0","1","0","1","0","1","0","1","1","9","0","10","4","12","0","16","0","1","0","1","0","1","0","1","0","0","0","0","0","0","0","0","0","1","0","1","0","1","0","1","1","9","0","10","0","0","0","0","7","36","0","43","0","0","0","0"
"경기도교육청","경기도안산교육지원청","경기도 안산시 상록구","S090002700","시곡중학교","03","공립","N","","0","1","0","1","0","1","0","1","0","0","0","0","1","10","0","11","8","22","3","30","0","2","0","2","0","1","0","1","0","0","0","0","0","0","0","0","0","1","0","1","0","1","0","1","11","10","0","21","0","0","0","0","20","49","3","69","0","0","0","3"
"경기도교육청","경기도시흥교육지원청","경기도 시흥시","S090002701","시흥은행중학교","03","공립","N","","1","0","0","1","2","0","1","2","0","0","0","0","2","10","0","12","7","32","2","39","1","1","0","2","0","1","0","1","0","0","0","0","0","0","0","0","0","1","0","1","0","0","0","0","6","6","0","12","0","0","0","0","19","51","3","70","0","0","0","3"
"경기도교육청","경기도시흥교육지원청","경기도 시흥시","S090002702","시흥중학교","03","공립","N","","1","0","0","1","0","1","0","1","0","0","0","0","2","10","0","12","4","13","2","17","0","2","0","2","0","0","0","0","0","0","0","0","0","0","0","0","0","1","0","1","0","0","0","0","3","13","0","16","0","0","0","0","10","40","2","50","0","0","0","2"
"경기도교육청","경기도시흥교육지원청","경기도 시흥시","S090002703","신천중학교","03","공립","N","","1","0","0","1","0","1","0","1","0","0","0","0","2","6","0","8","2","5","2","7","2","2","0","4","0","0","0","0","0","0","0","0","0","0","0","0","0","1","0","1","0","0","0","0","3","5","0","8","0","0","0","0","10","20","2","30","0","0","0","2"
"경기도교육청","경기도안산교육지원청","경기도 안산시 상록구","S090002704","안산부곡중학교","03","공립","N","","0","1","0","1","0","1","0","1","0","0","0","0","2","9","0","11","3","7","2","10","0","2","0","2","0","1","0","1","0","0","0","0","0","0","0","0","0","1","0","1","0","0","0","0","2","9","0","11","0","0","0","0","7","31","2","38","0","0","0","2"
"경기도교육청","경기도안산교육지원청","경기도 안산시 상록구","S090002705","안산중학교","03","사립","N","","0","0","0","0","0","1","0","1","0","0","0","0","2","1","0","3","4","1","0","5","0","0","0","0","0","0","0","0","0","0","0","0","0","0","0","0","0","0","0","0","0","0","0","0","5","8","0","13","0","0","0","0","11","11","0","22","0","0","0","0"
"경기도교육청","경기도안산교육지원청","경기도 안산시 단원구","S090002706","양지중학교","03","공립","N","","0","1","0","1","0","1","0","1","0","0","0","0","4","8","0","12","8","28","5","36","0","0","0","0","0","0","0","0","0","0","0","0","0","0","0","0","0","1","0","1","0","0","0","0","4","14","0","18","0","1","0","1","16","54","5","70","0","0","0","5"
"경기도교육청","경기도시흥교육지원청","경기도 시흥시","S090002707","연성중학교","03","공립","N","","1","0","0","1","1","0","0","1","0","0","0","0","2","9","0","11","2","12","1","14","0","2","0","2","0","1","0","1","0","0","0","0","0","0","0","0","0","1","0","1","0","0","0","0","1","5","0","6","0","0","0","0","7","30","1","37","0","0","0","1"
"경기도교육청","경기도안산교육지원청","경기도 안산시 단원구","S090002708","와동중학교","03","공립","N","","1","0","0","1","1","0","0","1","0","0","0","0","4","6","0","10","3","10","3","13","0","2","0","2","0","1","0","1","0","0","0","0","0","0","0","0","0","1","0","1","0","0","0","0","5","10","0","15","0","0","0","0","14","30","3","44","0","0","0","3"
"경기도교육청","경기도안산교육지원청","경기도 안산시 단원구","S090002709","원곡중학교","03","공립","N","","1","0","0","1","0","1","0","1","0","0","0","0","3","8","0","11","10","26","3","36","0","2","1","2","0","1","0","1","0","0","0","0","0","0","0","0","0","1","1","1","0","0","0","0","6","15","0","21","0","0","0","0","20","54","5","74","0","0","0","5"
"경기도교육청","경기도안산교육지원청","경기도 안산시 단원구","S090002710","원일중학교","03","공립","N","","1","0","0","1","0","1","0","1","0","0","0","0","1","7","0","8","6","20","5","26","0","1","0","1","0","1","1","1","0","0","0","0","0","0","0","0","0","1","0","1","0","0","0","0","5","17","0","22","0","0","0","0","13","48","6","61","0","0","0","6"
"경기도교육청","경기도시흥교육지원청","경기도 시흥시","S090002711","장곡중학교","03","공립","N","","0","1","0","1","1","0","0","1","0","0","0","0","2","10","0","12","6","12","4","18","1","0","0","1","0","1","0","1","0","0","0","0","0","0","0","0","0","1","0","1","0","0","0","0","5","7","0","12","0","0","0","0","15","32","4","47","0","0","0","4"
"경기도교육청","경기도시흥교육지원청","경기도 시흥시","S090002712","정왕중학교","03","공립","N","","0","1","0","1","1","0","0","1","0","0","0","0","3","7","0","10","4","18","4","22","1","1","1","2","1","0","0","1","0","0","0","0","0","0","0","0","0","1","0","1","0","1","0","1","4","9","0","13","0","0","0","0","14","38","5","52","0","0","0","5"
"경기도교육청","경기도안산교육지원청","경기도 안산시 단원구","S090002713","중앙중학교","03","공립","N","","1","0","0","1","1","0","0","1","0","0","0","0","1","9","0","10","5","24","3","29","0","1","1","1","0","1","0","1","0","0","0","0","0","0","0","0","0","1","0","1","0","0","0","0","7","12","0","19","0","0","0","0","15","48","4","63","0","0","0","4"
"경기도교육청","경기도시흥교육지원청","경기도 시흥시","S090002714","함현중학교","03","공립","N","","1","0","0","1","1","0","0","1","0","0","0","0","3","9","0","12","8","12","3","20","1","0","0","1","0","1","0","1","0","0","0","0","0","0","0","0","0","1","0","1","0","0","0","0","3","3","0","6","0","0","0","0","17","26","3","43","0","0","0","3"
"경기도교육청","경기도안성교육지원청","경기도 안성시","S090002917","공도중학교","03","공립","N","","1","0","0","1","0","1","0","1","0","0","0","0","5","5","0","10","15","28","4","43","0","2","0","2","0","0","0","0","0","0","0","0","0","0","0","0","0","1","0","1","0","0","0","0","3","4","0","7","0","0","0","0","24","41","4","65","0","0","0","4"
"경기도교육청","경기도안성교육지원청","경기도 안성시","S090002918","명륜여자중학교","03","사립","N","","0","1","0","1","0","1","0","1","0","0","0","0","4","5","0","9","4","6","1","10","0","0","0","0","0","1","1","1","0","0","0","0","0","0","0","0","0","1","0","1","0","1","0","1","0","10","0","10","0","0","0","0","8","26","2","34","0","0","0","2"
"경기도교육청","경기도안성교육지원청","경기도 안성시","S090002919","서운중학교","03","공립","N","","1","0","0","1","1","0","0","1","0","0","0","0","2","1","0","3","3","4","0","7","1","0","0","1","0","0","0","0","0","0","0","0","0","0","0","0","0","0","0","0","0","0","0","0","0","2","0","2","0","0","0","0","8","7","0","15","0","0","0","0"
"경기도교육청","경기도안성교육지원청","경기도 안성시","S090002920","안성여자중학교","03","공립","N","","1","0","0","1","1","0","0","1","0","0","0","0","2","8","0","10","3","20","3","23","0","2","0","2","0","1","0","1","0","0","0","0","0","0","0","0","0","1","0","1","0","0","0","0","2","4","0","6","0","0","0","0","9","36","3","45","0","0","0","3"
"경기도교육청","경기도안성교육지원청","경기도 안성시","S090002921","안성중학교","03","공립","N","","1","0","0","1","0","1","0","1","0","0","0","0","3","6","0","9","10","15","3","25","2","0","0","2","0","1","1","1","0","0","0","0","0","0","0","0","0","1","0","1","0","0","0","0","4","6","0","10","0","0","0","0","20","30","4","50","0","0","0","4"
"경기도교육청","경기도안성교육지원청","경기도 안성시","S090002922","안청중학교","03","사립","N","","1","0","0","1","0","1","0","1","0","0","0","0","7","2","0","9","2","10","1","12","0","0","0","0","1","0","0","1","0","0","0","0","0","0","0","0","0","1","0","1","0","0","0","0","6","1","0","7","0","0","0","0","17","15","1","32","0","0","0","1"
"경기도교육청","경기도안성교육지원청","경기도 안성시","S090002923","양성중학교","03","공립","N","","0","1","0","1","1","0","0","1","0","0","0","0","1","2","0","3","5","3","0","8","0","2","0","2","0","0","0","0","0","0","0","0","0","0","0","0","0","0","0","0","0","0","0","0","0","2","0","2","0","0","0","0","7","10","0","17","0","0","0","0"
"경기도교육청","경기도안성교육지원청","경기도 안성시","S090002924","일죽중학교","03","공립","N","","0","0","0","0","0","1","0","1","0","0","0","0","2","1","0","3","0","7","0","7","0","0","0","0","1","0","0","1","0","0","0","0","0","0","0","0","0","0","0","0","0","0","0","0","1","1","0","2","0","0","0","0","4","10","0","14","0","0","0","0"
"경기도교육청","경기도안성교육지원청","경기도 안성시","S090002925","죽산중학교","03","공립","N","","0","0","0","0","1","0","0","1","0","0","0","0","2","2","0","4","4","5","1","9","0","1","0","1","0","0","0","0","0","0","0","0","0","0","0","0","0","0","0","0","0","0","0","0","1","4","0","5","0","0","0","0","8","12","1","20","0","0","0","1"
"경기도교육청","경기도안양과천교육지원청","경기도 과천시","S090003014","과천문원중학교","03","공립","N","","0","1","0","1","0","1","0","1","0","0","0","0","0","12","0","12","7","48","2","55","0","1","0","1","0","0","0","0","0","0","0","0","0","0","0","0","0","1","0","1","0","1","0","1","0","6","0","6","0","0","0","0","7","71","2","78","0","0","0","2"
"경기도교육청","경기도안양과천교육지원청","경기도 과천시","S090003016","과천중학교","03","공립","N","","0","1","0","1","1","0","0","1","0","0","0","0","3","9","0","12","5","32","2","37","0","2","0","2","0","0","0","0","0","0","0","0","0","0","0","0","0","1","0","1","0","1","0","1","2","3","0","5","0","1","0","1","11","50","2","61","0","0","0","2"
"경기도교육청","경기도안양과천교육지원청","경기도 안양시 동안구","S090003017","인덕원중학교","03","공립","N","","1","0","0","1","0","1","0","1","0","0","0","0","1","4","0","5","2","10","3","12","0","1","0","1","0","1","1","1","0","0","0","0","0","0","0","0","0","1","0","1","0","0","0","0","1","5","0","6","0","0","0","0","5","23","4","28","0","0","0","4"
"경기도교육청","경기도안양과천교육지원청","경기도 안양시 동안구","S090003018","관양중학교","03","공립","N","","0","1","0","1","1","0","0","1","0","0","0","0","2","6","0","8","0","13","5","13","0","1","0","1","0","1","0","1","0","0","0","0","0","0","0","0","0","1","0","1","0","1","0","1","2","3","0","5","0","0","0","0","5","27","5","32","0","0","0","5"
"경기도교육청","경기도안양과천교육지원청","경기도 안양시 동안구","S090003019","귀인중학교","03","공립","N","","0","1","0","1","1","0","0","1","0","0","0","0","2","10","0","12","9","46","10","55","0","0","0","0","0","0","0","0","0","1","0","1","0","0","0","0","0","1","0","1","0","0","0","0","6","8","0","14","1","0","0","1","19","67","10","86","0","0","0","10"
"경기도교육청","경기도안양과천교육지원청","경기도 안양시 만안구","S090003020","근명중학교","03","사립","N","","0","0","0","0","1","0","0","1","0","0","0","0","7","4","0","11","5","9","0","14","0","0","0","0","1","0","0","1","0","0","0","0","0","0","0","0","0","1","0","1","0","0","0","0","1","12","0","13","0","0","0","0","15","26","0","41","0","0","0","0"
"경기도교육청","경기도안양과천교육지원청","경기도 안양시 동안구","S090003021","대안여자중학교","03","공립","N","","0","1","0","1","1","0","0","1","0","0","0","0","0","12","0","12","2","20","5","22","0","0","0","0","0","1","1","1","0","0","0","0","0","0","0","0","0","1","0","1","0","0","0","0","0","8","0","8","0","0","0","0","3","43","6","46","0","0","0","6"
"경기도교육청","경기도안양과천교육지원청","경기도 안양시 동안구","S090003022","대안중학교","03","공립","N","","1","0","0","1","0","1","0","1","0","0","0","0","3","9","0","12","5","16","4","21","0","0","0","0","0","1","0","1","0","0","0","0","0","0","0","0","0","1","0","1","0","1","0","1","0","4","0","4","0","0","0","0","9","33","4","42","0","0","0","4"
"경기도교육청","경기도안양과천교육지원청","경기도 안양시 동안구","S090003024","범계중학교","03","공립","N","","0","1","0","1","0","1","0","1","0","0","0","0","2","10","0","12","4","30","5","34","0","4","1","4","0","1","0","1","0","0","0","0","0","0","0","0","0","1","0","1","0","1","0","1","2","5","0","7","0","0","0","0","8","54","6","62","0","0","0","6"
"경기도교육청","경기도안양과천교육지원청","경기도 안양시 동안구","S090003025","부림중학교","03","공립","N","","0","1","0","1","0","1","0","1","0","0","0","0","2","10","0","12","5","28","3","33","0","1","0","1","0","1","0","1","0","0","0","0","0","0","0","0","0","1","0","1","0","0","0","0","1","4","0","5","0","0","0","0","8","47","3","55","0","0","0","3"
"경기도교육청","경기도안양과천교육지원청","경기도 안양시 동안구","S090003026","부안중학교","03","공립","N","","0","1","0","1","0","1","0","1","0","0","0","0","1","11","0","12","3","18","2","21","0","1","0","1","0","0","0","0","0","1","0","1","0","0","0","0","0","1","0","1","0","0","0","0","2","3","0","5","0","0","0","0","6","37","2","43","0","0","0","2"
"경기도교육청","경기도안양과천교육지원청","경기도 안양시 만안구","S090003029","성문중학교","03","사립","N","","1","0","0","1","0","0","0","0","0","0","0","0","3","1","0","4","4","2","0","6","0","0","0","0","0","1","0","1","0","0","0","0","0","0","0","0","0","1","0","1","0","0","0","0","6","3","0","9","0","0","0","0","14","8","0","22","0","0","0","0"
"경기도교육청","경기도안양과천교육지원청","경기도 안양시 동안구","S090003030","신기중학교","03","공립","N","","0","1","0","1","1","0","0","1","0","0","0","0","1","11","0","12","2","34","6","36","0","1","0","1","0","1","0","1","0","0","0","0","0","0","0","0","0","1","0","1","0","1","0","1","2","6","0","8","0","0","0","0","6","56","6","62","0","0","0","6"
"경기도교육청","경기도안양과천교육지원청","경기도 안양시 만안구","S090003031","신성중학교","03","사립","N","","1","0","0","1","1","0","0","1","0","0","0","0","6","4","0","10","6","10","1","16","0","0","0","0","0","0","0","0","0","0","0","0","0","0","0","0","0","0","0","0","0","0","0","0","10","12","0","22","0","0","0","0","24","26","1","50","0","0","0","1"
"경기도교육청","경기도안양과천교육지원청","경기도 안양시 만안구","S090003032","신안중학교","03","공립","N","","1","0","0","1","0","1","0","1","0","0","0","0","1","3","0","4","2","12","4","14","0","0","0","0","0","1","0","1","0","0","0","0","0","0","0","0","0","1","0","1","0","0","0","0","0","3","0","3","0","0","0","0","4","21","4","25","0","0","0","4"
"경기도교육청","경기도안양과천교육지원청","경기도 안양시 동안구","S090003033","안양부흥중학교","03","공립","N","","0","1","0","1","0","1","0","1","0","0","0","0","0","12","0","12","4","46","5","50","0","1","0","1","0","0","0","0","0","0","0","0","0","0","0","0","0","1","0","1","1","0","1","1","4","7","0","11","0","1","0","1","9","70","6","79","0","0","0","6"
"경기도교육청","경기도안양과천교육지원청","경기도 안양시 만안구","S090003035","안양서중학교","03","공립","N","","1","0","0","1","1","0","0","1","0","0","0","0","0","5","0","5","4","7","2","11","0","1","0","1","0","1","0","1","0","0","0","0","0","0","0","0","0","1","0","1","0","0","0","0","3","3","0","6","0","0","0","0","9","18","2","27","0","0","0","2"
"경기도교육청","경기도안양과천교육지원청","경기도 안양시 만안구","S090003036","안양여자중학교","03","사립","N","","0","1","0","1","1","0","0","1","0","0","0","0","6","3","0","9","6","6","1","12","0","0","0","0","0","1","0","1","0","0","0","0","0","0","0","0","0","0","0","0","0","0","0","0","0","7","0","7","0","0","0","0","13","18","1","31","0","0","0","1"
"경기도교육청","경기도안양과천교육지원청","경기도 안양시 만안구","S090003037","안양중학교","03","공립","N","","0","1","0","1","0","1","0","1","0","0","0","0","2","6","0","8","2","15","5","17","0","1","0","1","1","0","0","1","0","0","0","0","0","0","0","0","0","1","0","1","0","1","0","1","3","7","0","10","0","0","0","0","8","33","5","41","0","0","0","5"
"경기도교육청","경기도안양과천교육지원청","경기도 안양시 만안구","S090003038","연현중학교","03","공립","N","","0","1","0","1","1","0","0","1","0","0","0","0","1","11","0","12","5","31","6","36","0","2","0","2","0","1","0","1","0","0","0","0","0","0","0","0","0","1","0","1","0","0","0","0","1","6","0","7","0","0","0","0","8","53","6","61","0","0","0","6"
"경기도교육청","경기도안양과천교육지원청","경기도 안양시 동안구","S090003039","평촌중학교","03","공립","N","","1","0","0","1","0","1","0","1","0","0","0","0","1","11","0","12","7","54","11","61","0","0","0","0","0","1","0","1","0","0","0","0","0","0","0","0","0","1","0","1","0","0","0","0","2","9","0","11","0","0","0","0","11","77","11","88","0","0","0","11"
"경기도교육청","경기도안양과천교육지원청","경기도 안양시 동안구","S090003041","호계중학교","03","공립","N","","1","0","0","1","1","0","0","1","0","0","0","0","2","10","0","12","4","26","4","30","0","1","0","1","0","1","0","1","0","1","1","1","0","0","0","0","0","1","1","1","0","0","0","0","2","5","0","7","0","0","0","0","10","45","6","55","0","0","0","6"
"경기도교육청","경기도양평교육지원청","경기도 양평군","S090003199","강하중학교","03","공립","N","","1","0","0","1","0","1","0","1","0","0","0","0","0","3","0","3","5","3","0","8","0","0","0","0","0","1","0","1","0","0","0","0","0","0","0","0","0","0","0","0","0","0","0","0","0","2","0","2","0","0","0","0","6","10","0","16","0","0","0","0"
"경기도교육청","경기도양평교육지원청","경기도 양평군","S090003200","개군중학교","03","사립","N","","1","0","0","1","1","0","0","1","0","0","0","0","1","3","0","4","2","2","0","4","0","0","0","0","1","0","0","1","0","0","0","0","0","0","0","0","0","0","0","0","0","0","0","0","6","3","0","9","0","0","0","0","12","8","0","20","0","0","0","0"
"경기도교육청","경기도양평교육지원청","경기도 양평군","S090003201","국수중학교","03","공립","N","","0","0","0","0","1","0","0","1","0","0","0","0","2","1","0","3","4","4","0","8","0","0","0","0","0","0","0","0","0","0","0","0","0","0","0","0","0","1","0","1","0","0","0","0","0","1","0","1","0","0","0","0","7","7","0","14","0","0","0","0"
"경기도교육청","경기도양평교육지원청","경기도 양평군","S090003202","양수중학교","03","공립","N","","0","1","0","1","1","0","0","1","0","0","0","0","1","3","0","4","2","8","2","10","0","1","0","1","0","1","0","1","0","0","0","0","0","0","0","0","0","1","0","1","0","0","0","0","1","2","0","3","0","0","0","0","5","17","2","22","0","0","0","2"
"경기도교육청","경기도양평교육지원청","경기도 양평군","S090003203","단월중학교","03","사립","N","","0","1","0","1","1","0","0","1","0","0","0","0","2","1","0","3","3","1","0","4","0","0","0","0","0","1","0","1","0","0","0","0","0","0","0","0","0","1","0","1","0","0","0","0","4","5","0","9","0","0","0","0","10","10","0","20","0","0","0","0"
"경기도교육청","경기도양평교육지원청","경기도 양평군","S090003204","서종중학교","03","사립","N","","1","0","0","1","0","1","0","1","0","0","0","0","3","2","0","5","4","4","0","8","0","0","0","0","0","1","0","1","0","0","0","0","0","0","0","0","0","0","0","0","0","0","0","0","3","8","0","11","0","0","0","0","11","16","0","27","0","0","0","0"
"경기도교육청","경기도양평교육지원청","경기도 양평군","S090003205","양동중학교","03","사립","N","","0","0","0","0","1","0","0","1","0","0","0","0","2","0","0","2","2","1","1","3","0","0","0","0","0","0","0","0","0","0","0","0","0","0","0","0","0","0","0","0","0","0","0","0","1","9","0","10","0","0","0","0","6","10","1","16","0","0","0","1"
"경기도교육청","경기도양평교육지원청","경기도 양평군","S090003206","양일중학교","03","사립","N","","1","0","0","1","1","0","0","1","0","0","0","0","6","6","0","12","9","7","2","16","0","1","0","1","0","0","0","0","0","0","0","0","0","0","0","0","0","1","0","1","0","0","0","0","8","12","0","20","0","0","0","0","25","27","2","52","0","0","0","2"
"경기도교육청","경기도양평교육지원청","경기도 양평군","S090003208","양평중학교","03","공립","N","","0","1","0","1","1","0","0","1","0","0","0","0","7","5","0","12","13","32","7","45","0","1","0","1","0","1","0","1","0","1","0","1","0","0","0","0","0","1","0","1","0","1","0","1","6","9","0","15","0","0","0","0","27","52","7","79","0","0","0","7"
"경기도교육청","경기도양평교육지원청","경기도 양평군","S090003210","용문중학교","03","사립","N","","1","0","0","1","1","0","0","1","0","0","0","0","7","4","0","11","2","1","0","3","0","1","0","1","1","0","0","1","0","0","0","0","0","0","0","0","0","1","0","1","0","0","0","0","5","14","0","19","0","0","0","0","17","21","0","38","0","0","0","0"
"경기도교육청","경기도양평교육지원청","경기도 양평군","S090003211","지평중학교","03","공립","N","","0","0","0","0","0","1","0","1","0","0","0","0","1","2","0","3","4","5","1","9","0","1","0","1","1","0","0","1","0","0","0","0","0","0","0","0","0","1","0","1","0","0","0","0","1","2","0","3","0","0","0","0","7","12","1","19","0","0","0","1"
"경기도교육청","경기도양평교육지원청","경기도 양평군","S090003212","청운중학교","03","공립","N","","0","0","0","0","1","0","0","1","0","0","0","0","1","2","0","3","4","3","0","7","0","1","0","1","0","0","0","0","0","0","0","0","0","0","0","0","0","0","0","0","0","0","0","0","2","2","0","4","0","0","0","0","8","8","0","16","0","0","0","0"
"경기도교육청","경기도여주교육지원청","경기도 여주시","S090003314","강천중학교","03","공립","N","","1","0","0","1","1","0","0","1","0","0","0","0","2","1","0","3","3","5","0","8","0","0","0","0","0","0","0","0","0","0","0","0","0","0","0","0","0","0","0","0","0","0","0","0","0","1","0","1","0","0","0","0","7","7","0","14","0","0","0","0"
"경기도교육청","경기도여주교육지원청","경기도 여주시","S090003315","대신중학교","03","사립","N","","0","0","0","0","0","1","0","1","0","0","0","0","3","0","0","3","1","3","1","4","0","0","0","0","0","0","0","0","0","0","0","0","0","0","0","0","0","0","0","0","0","0","0","0","5","2","0","7","0","0","0","0","9","6","1","15","0","0","0","1"
"경기도교육청","경기도여주교육지원청","경기도 여주시","S090003316","상품중학교","03","공립","N","","1","0","0","1","1","0","0","1","0","0","0","0","2","1","0","3","2","5","0","7","1","0","0","1","0","0","0","0","0","0","0","0","0","0","0","0","0","0","0","0","0","0","0","0","1","1","0","2","0","0","0","0","8","7","0","15","0","0","0","0"
"경기도교육청","경기도여주교육지원청","경기도 여주시","S090003317","세정중학교","03","사립","N","","1","0","0","1","1","0","0","1","0","0","0","0","2","1","0","3","3","1","1","4","0","1","0","1","0","0","0","0","0","0","0","0","0","0","0","0","0","0","0","0","0","0","0","0","2","6","0","8","0","0","0","0","9","9","1","18","0","0","0","1"
"경기도교육청","경기도여주교육지원청","경기도 여주시","S090003318","여강중학교","03","사립","N","","0","0","0","0","1","0","0","1","0","0","0","0","2","1","0","3","4","3","1","7","0","0","0","0","0","0","0","0","0","0","0","0","0","0","0","0","0","0","0","0","0","0","0","0","2","12","0","14","0","0","0","0","9","16","1","25","0","0","0","1"
"경기도교육청","경기도여주교육지원청","경기도 여주시","S090003319","여주제일중학교","03","사립","N","","0","1","0","1","1","0","0","1","0","0","0","0","5","0","0","5","5","2","0","7","1","0","0","1","0","1","0","1","0","0","0","0","0","0","0","0","0","1","0","1","0","0","0","0","3","9","0","12","0","0","0","0","15","14","0","29","0","0","0","0"
"경기도교육청","경기도여주교육지원청","경기도 여주시","S090003320","여흥중학교","03","공립","N","","0","1","0","1","0","1","0","1","0","1","0","1","5","8","0","13","5","14","4","19","0","0","0","0","0","1","0","1","0","0","0","0","0","0","0","0","0","1","0","1","0","0","0","0","2","6","0","8","0","0","0","0","12","33","4","45","0","0","0","4"
"경기도교육청","경기도여주교육지원청","경기도 여주시","S090003321","여주중학교","03","공립","N","","1","0","0","1","0","1","0","1","0","0","0","0","3","7","0","10","5","15","2","20","0","1","0","1","1","0","0","1","0","1","0","1","0","0","0","0","0","1","0","1","0","1","0","1","1","3","0","4","0","0","0","0","11","30","2","41","0","0","0","2"
"경기도교육청","경기도여주교육지원청","경기도 여주시","S090003322","이포중학교","03","공립","N","","0","0","0","0","1","0","0","1","0","0","0","0","0","3","0","3","3","6","1","9","0","1","1","1","0","0","0","0","0","0","0","0","0","0","0","0","0","0","0","0","0","0","0","0","1","3","0","4","0","0","0","0","5","13","2","18","0","0","0","2"
"경기도교육청","경기도여주교육지원청","경기도 여주시","S090003323","점동중학교","03","공립","N","","0","0","0","0","1","0","0","1","0","0","0","0","2","2","0","4","2","5","0","7","1","1","0","2","0","1","0","1","0","0","0","0","0","0","0","0","0","0","0","0","0","0","0","0","1","1","0","2","0","0","0","0","7","10","0","17","0","0","0","0"
"경기도교육청","경기도여주교육지원청","경기도 여주시","S090003324","창명여자중학교","03","사립","N","","0","0","0","0","1","0","0","1","0","0","0","0","1","2","0","3","5","1","0","6","0","0","0","0","0","0","0","0","0","0","0","0","0","0","0","0","0","0","0","0","0","0","0","0","2","3","0","5","0","0","0","0","9","6","0","15","0","0","0","0"
"경기도교육청","경기도여주교육지원청","경기도 여주시","S090003325","흥천중학교","03","공립","N","","1","0","0","1","1","0","0","1","0","0","0","0","3","0","0","3","2","6","0","8","0","0","0","0","0","0","0","0","0","0","0","0","0","0","0","0","0","0","0","0","0","0","0","0","0","2","0","2","0","0","0","0","7","8","0","15","0","0","0","0"
"경기도교육청","경기도연천교육지원청","경기도 연천군","S090003406","군남중학교","03","공립","N","","0","0","0","0","1","0","0","1","0","0","0","0","1","2","0","3","2","6","2","8","1","0","0","1","1","0","0","1","0","0","0","0","0","0","0","0","0","0","0","0","0","0","0","0","1","2","0","3","0","0","0","0","7","10","2","17","0","0","0","2"
"경기도교육청","경기도연천교육지원청","경기도 연천군","S090003407","대광중학교","03","공립","N","","0","0","0","0","0","1","0","1","0","0","0","0","1","2","0","3","2","6","0","8","1","0","0","1","0","0","0","0","0","0","0","0","0","0","0","0","0","0","0","0","0","0","0","0","0","1","0","1","0","0","0","0","4","10","0","14","0","0","0","0"
"경기도교육청","경기도연천교육지원청","경기도 연천군","S090003408","백학중학교","03","공립","N","","1","0","0","1","1","0","0","1","0","0","0","0","3","0","0","3","2","6","0","8","0","1","0","1","0","0","0","0","0","0","0","0","0","0","0","0","0","1","0","1","0","0","0","0","0","0","0","0","0","0","0","0","7","8","0","15","0","0","0","0"
"경기도교육청","경기도연천교육지원청","경기도 연천군","S090003409","연천중학교","03","공립","N","","0","0","0","0","0","1","0","1","0","0","0","0","1","2","0","3","5","6","0","11","0","1","0","1","0","0","0","0","0","0","0","0","0","0","0","0","0","0","0","0","0","0","0","0","0","1","0","1","0","0","0","0","6","11","0","17","0","0","0","0"
"경기도교육청","경기도연천교육지원청","경기도 연천군","S090003410","전곡중학교","03","공립","N","","1","0","0","1","0","1","0","1","0","0","0","0","6","8","0","14","8","15","1","23","1","0","0","1","0","1","0","1","0","0","0","0","0","0","0","0","0","1","1","1","0","0","0","0","1","2","0","3","0","0","0","0","17","28","2","45","0","0","0","2"
"경기도교육청","경기도연천교육지원청","경기도 연천군","S090003411","청산중학교","03","공립","N","","1","0","0","1","1","0","0","1","0","0","0","0","2","1","0","3","3","5","1","8","0","1","0","1","0","0","0","0","0","0","0","0","0","0","0","0","0","1","0","1","0","0","0","0","1","0","0","1","0","0","0","0","8","8","1","16","0","0","0","1"
"경기도교육청","경기도용인교육지원청","경기도 용인시 기흥구","S090003467","구갈중학교","03","공립","N","","1","0","0","1","0","1","0","1","0","0","0","0","1","11","0","12","4","22","6","26","0","1","0","1","1","0","0","1","0","0","0","0","0","0","0","0","0","1","0","1","0","1","0","1","1","12","0","13","2","0","0","2","10","49","6","59","0","0","0","6"
"경기도교육청","경기도용인교육지원청","경기도 용인시 기흥구","S090003468","구성중학교","03","공립","N","","1","0","0","1","1","0","0","1","0","1","0","1","0","12","0","12","4","36","5","40","0","2","0","2","0","1","0","1","0","0","0","0","0","0","0","0","0","1","1","1","0","1","0","1","2","11","0","13","0","0","0","0","8","65","6","73","0","0","0","6"
"경기도교육청","경기도용인교육지원청","경기도 용인시 기흥구","S090003470","나곡중학교","03","공립","N","","1","0","0","1","1","0","0","1","0","0","0","0","3","10","0","13","2","20","4","22","0","1","0","1","0","1","0","1","0","0","0","0","0","0","0","0","0","1","0","1","0","1","0","1","3","7","0","10","0","0","0","0","10","41","4","51","0","0","0","4"
"경기도교육청","경기도용인교육지원청","경기도 용인시 처인구","S090003471","남사중학교","03","사립","N","","1","0","0","1","1","0","0","1","0","0","0","0","2","1","0","3","4","3","0","7","0","0","0","0","0","0","0","0","0","0","0","0","0","0","0","0","0","0","0","0","0","1","0","1","1","1","0","2","0","1","0","1","9","7","0","16","0","1","1","0"
"경기도교육청","경기도용인교육지원청","경기도 용인시 수지구","S090003472","대지중학교","03","공립","N","","0","1","0","1","0","1","0","1","0","0","0","0","0","10","0","10","1","17","3","18","0","1","0","1","0","1","0","1","0","0","0","0","0","0","0","0","0","0","0","0","0","0","0","0","2","7","0","9","0","0","0","0","3","38","3","41","0","0","0","3"
"경기도교육청","경기도용인교육지원청","경기도 용인시 처인구","S090003473","모현중학교","03","공립","N","","0","1","0","1","0","1","0","1","0","0","0","0","2","7","0","9","5","12","1","17","0","1","0","1","0","1","0","1","0","0","0","0","0","0","0","0","0","1","0","1","0","1","0","1","0","5","0","5","1","1","0","2","8","31","1","39","0","0","0","1"
"경기도교육청","경기도용인교육지원청","경기도 용인시 수지구","S090003474","문정중학교","03","사립","N","","1","0","0","1","1","0","0","1","0","0","0","0","3","5","0","8","4","3","2","7","0","0","0","0","0","0","0","0","0","0","0","0","0","0","0","0","0","1","0","1","0","1","0","1","4","17","0","21","0","0","0","0","13","27","2","40","0","0","0","2"
"경기도교육청","경기도용인교육지원청","경기도 용인시 처인구","S090003475","백암중학교","03","공립","N","","0","0","0","0","1","0","0","1","0","0","0","0","1","3","0","4","0","9","2","9","0","0","0","0","0","0","0","0","0","0","0","0","0","0","0","0","0","0","0","0","0","0","0","0","1","4","0","5","0","0","0","0","3","16","2","19","0","0","0","2"
"경기도교육청","경기도용인교육지원청","경기도 용인시 기흥구","S090003476","상갈중학교","03","공립","N","","1","0","0","1","1","0","0","1","0","0","0","0","2","5","0","7","4","13","4","17","1","1","0","2","1","0","0","1","0","0","0","0","0","0","0","0","0","1","0","1","0","1","0","1","1","9","0","10","0","0","0","0","11","30","4","41","0","0","0","4"
"경기도교육청","경기도용인교육지원청","경기도 용인시 수지구","S090003477","상현중학교","03","공립","N","","0","1","0","1","1","0","0","1","0","0","0","0","2","10","0","12","1","33","5","34","0","1","0","1","1","0","0","1","0","0","0","0","0","0","0","0","0","1","0","1","0","0","0","0","1","7","0","8","0","0","0","0","6","53","5","59","0","0","0","5"
"경기도교육청","경기도용인교육지원청","경기도 용인시 수지구","S090003478","서원중학교","03","공립","N","","1","0","0","1","0","1","0","1","0","0","0","0","2","10","0","12","4","37","9","41","0","0","0","0","0","1","0","1","0","0","0","0","0","0","0","0","0","1","0","1","0","0","0","0","3","12","0","15","0","0","0","0","10","62","9","72","0","0","0","9"
"경기도교육청","경기도용인교육지원청","경기도 용인시 수지구","S090003479","성복중학교","03","공립","N","","1","0","0","1","0","1","0","1","0","0","0","0","4","8","0","12","5","29","6","34","0","0","0","0","0","1","0","1","0","0","0","0","0","0","0","0","0","1","0","1","0","1","0","1","4","7","0","11","0","0","0","0","14","48","6","62","0","0","0","6"
"경기도교육청","경기도용인교육지원청","경기도 용인시 기흥구","S090003480","소현중학교","03","공립","N","","0","1","0","1","0","1","0","1","0","0","0","0","0","12","0","12","3","20","2","23","0","1","0","1","0","0","0","0","0","0","0","0","0","0","0","0","0","1","0","1","0","0","0","0","4","3","0","7","0","0","0","0","7","39","2","46","0","0","0","2"
"경기도교육청","경기도용인교육지원청","경기도 용인시 처인구","S090003481","송전중학교","03","공립","N","","0","0","0","0","0","1","0","1","0","0","0","0","1","3","0","4","1","10","2","11","0","2","0","2","0","0","0","0","0","0","0","0","0","0","0","0","0","0","0","0","0","0","0","0","0","3","0","3","0","0","0","0","2","19","2","21","0","0","0","2"
"경기도교육청","경기도용인교육지원청","경기도 용인시 수지구","S090003482","수지중학교","03","공립","N","","1","0","0","1","1","0","0","1","0","0","0","0","1","11","0","12","5","34","4","39","0","0","0","0","0","1","1","1","0","0","0","0","0","0","0","0","0","1","0","1","0","1","0","1","1","9","0","10","0","0","0","0","9","57","5","66","0","0","0","5"
"경기도교육청","경기도용인교육지원청","경기도 용인시 기흥구","S090003483","신갈중학교","03","공립","N","","0","1","0","1","0","1","0","1","0","0","0","0","4","5","0","9","1","7","2","8","1","2","1","3","0","0","0","0","0","0","0","0","0","0","0","0","0","1","0","1","0","0","0","0","1","6","0","7","0","0","0","0","7","23","3","30","0","0","0","3"
"경기도교육청","경기도용인교육지원청","경기도 용인시 처인구","S090003484","영문중학교","03","공립","N","","0","1","0","1","1","0","0","1","0","0","0","0","2","10","0","12","5","20","4","25","0","1","0","1","0","1","0","1","0","0","0","0","0","0","0","0","0","1","0","1","0","1","0","1","2","13","0","15","1","0","0","1","11","48","4","59","0","0","0","4"
"경기도교육청","경기도용인교육지원청","경기도 용인시 처인구","S090003485","용동중학교","03","사립","N","","1","0","0","1","1","0","0","1","0","0","0","0","5","4","0","9","8","9","1","17","0","0","0","0","1","0","0","1","0","0","0","0","0","0","0","0","0","1","0","1","0","1","0","1","4","1","0","5","0","1","0","1","20","17","1","37","0","1","1","1"
"경기도교육청","경기도용인교육지원청","경기도 용인시 처인구","S090003487","용인중학교","03","공립","N","","0","1","0","1","1","0","0","1","0","0","0","0","2","8","0","10","10","27","7","37","1","2","1","3","0","1","0","1","0","0","0","0","0","0","0","0","0","1","0","1","0","1","0","1","5","13","0","18","0","0","0","0","19","54","8","73","0","0","0","8"
"경기도교육청","경기도용인교육지원청","경기도 용인시 처인구","S090003488","원삼중학교","03","공립","N","","1","0","0","1","0","1","0","1","0","0","0","0","3","1","0","4","3","7","2","10","0","0","0","0","0","0","0","0","0","0","0","0","0","0","0","0","0","0","0","0","0","0","0","0","1","3","0","4","0","0","0","0","8","12","2","20","0","0","0","2"
"경기도교육청","경기도용인교육지원청","경기도 용인시 수지구","S090003489","이현중학교","03","공립","N","","0","1","0","1","1","0","0","1","0","0","0","0","1","10","0","11","6","36","7","42","0","1","0","1","0","1","0","1","0","0","0","0","0","0","0","0","0","1","0","1","0","1","0","1","4","10","0","14","0","0","0","0","12","61","7","73","0","0","0","7"
"경기도교육청","경기도용인교육지원청","경기도 용인시 수지구","S090003490","정평중학교","03","공립","N","","0","1","0","1","0","1","0","1","0","0","0","0","1","11","0","12","3","42","7","45","0","1","0","1","0","0","0","0","0","0","0","0","0","0","0","0","0","0","0","0","0","1","0","1","1","12","0","13","0","0","0","0","5","69","7","74","0","0","0","7"
"경기도교육청","경기도용인교육지원청","경기도 용인시 수지구","S090003491","죽전중학교","03","공립","N","","0","1","0","1","0","1","0","1","1","0","0","1","1","11","0","12","1","26","3","27","0","1","1","1","0","1","0","1","0","1","0","1","0","0","0","0","0","1","0","1","0","1","0","1","2","5","0","7","0","0","0","0","5","49","4","54","0","0","0","4"
"경기도교육청","경기도용인교육지원청","경기도 용인시 처인구","S090003492","태성중학교","03","사립","N","","1","0","0","1","0","0","0","0","0","0","0","0","3","2","0","5","2","7","0","9","0","0","0","0","0","0","0","0","0","0","0","0","0","0","0","0","0","1","0","1","0","0","0","0","4","2","0","6","0","0","0","0","10","12","0","22","0","0","0","0"
"경기도교육청","경기도용인교육지원청","경기도 용인시 처인구","S090003493","포곡중학교","03","공립","N","","1","0","0","1","1","0","0","1","0","0","0","0","3","9","0","12","7","12","6","19","0","1","0","1","0","0","0","0","0","0","0","0","0","0","0","0","0","1","0","1","0","0","0","0","2","12","0","14","0","0","0","0","14","35","6","49","0","0","0","6"
"경기도교육청","경기도용인교육지원청","경기도 용인시 수지구","S090003494","홍천중학교","03","공립","N","","0","1","0","1","1","0","0","1","0","0","0","0","2","10","0","12","3","29","4","32","0","1","1","1","0","1","0","1","0","0","0","0","0","0","0","0","0","1","0","1","0","0","0","0","3","9","0","12","0","0","0","0","9","52","5","61","0","0","0","5"
"경기도교육청","경기도의정부교육지원청","경기도 의정부시","S090003639","경민여자중학교","03","사립","N","","1","0","0","1","1","0","0","1","0","0","0","0","7","1","0","8","1","4","2","5","0","0","0","0","0","0","0","0","0","0","0","0","0","0","0","0","0","1","0","1","0","0","0","0","3","8","0","11","0","0","0","0","13","14","2","27","0","0","0","2"
"경기도교육청","경기도의정부교육지원청","경기도 의정부시","S090003640","경민중학교","03","사립","N","","1","0","0","1","1","0","0","1","0","0","0","0","7","1","0","8","3","1","0","4","0","0","0","0","0","0","0","0","0","0","0","0","0","0","0","0","0","1","1","1","0","0","0","0","6","9","0","15","0","0","0","0","18","12","1","30","0","0","0","1"
"경기도교육청","경기도의정부교육지원청","경기도 의정부시","S090003641","금오중학교","03","공립","N","","1","0","0","1","0","1","0","1","0","0","0","0","3","5","0","8","4","7","2","11","0","4","0","4","0","1","0","1","0","0","0","0","0","0","0","0","0","1","0","1","0","1","0","1","2","5","0","7","0","0","0","0","10","25","2","35","0","0","0","2"
"경기도교육청","경기도의정부교육지원청","경기도 의정부시","S090003642","민락중학교","03","공립","N","","0","1","0","1","1","0","0","1","0","0","0","0","2","11","0","13","4","24","2","28","1","0","0","1","0","1","1","1","0","0","0","0","0","0","0","0","0","1","0","1","0","0","0","0","1","8","0","9","0","0","0","0","9","46","3","55","0","0","0","3"
"경기도교육청","경기도의정부교육지원청","경기도 의정부시","S090003643","발곡중학교","03","공립","N","","1","0","0","1","0","1","0","1","0","0","0","0","2","10","0","12","4","26","2","30","0","2","1","2","0","1","0","1","0","0","0","0","0","0","0","0","0","1","0","1","0","1","0","1","6","5","0","11","0","0","0","0","13","47","3","60","0","0","0","3"
"경기도교육청","경기도의정부교육지원청","경기도 의정부시","S090003645","부용중학교","03","공립","N","","1","0","0","1","0","1","0","1","0","0","0","0","4","7","0","11","5","26","1","31","1","0","0","1","0","0","0","0","0","0","0","0","0","0","0","0","0","1","0","1","0","1","0","1","2","7","0","9","0","0","0","0","13","43","1","56","0","0","0","1"
"경기도교육청","경기도의정부교육지원청","경기도 의정부시","S090003646","신곡중학교","03","공립","N","","0","1","0","1","0","1","0","1","0","0","0","0","3","9","0","12","6","31","7","37","0","2","1","2","0","0","0","0","0","0","0","0","0","0","0","0","0","1","0","1","0","1","0","1","3","8","0","11","0","0","0","0","12","54","8","66","0","0","0","8"
"경기도교육청","경기도의정부교육지원청","경기도 의정부시","S090003648","다온중학교","03","공립","N","","0","1","0","1","0","1","0","1","0","0","0","0","2","3","0","5","1","8","2","9","0","1","0","1","1","0","0","1","0","1","0","1","0","0","0","0","0","1","0","1","0","1","0","1","1","4","0","5","0","0","0","0","5","21","2","26","0","0","0","2"
"경기도교육청","경기도의정부교육지원청","경기도 의정부시","S090003649","의정부여자중학교","03","공립","N","","0","1","0","1","1","0","0","1","0","0","0","0","4","6","0","10","0","9","0","9","0","2","0","2","0","0","0","0","0","0","0","0","0","0","0","0","0","1","1","1","0","0","0","0","2","2","0","4","0","0","0","0","7","21","1","28","0","0","0","1"
"경기도교육청","경기도의정부교육지원청","경기도 의정부시","S090003650","의정부중학교","03","공립","N","","1","0","0","1","1","0","0","1","0","0","0","0","3","5","0","8","1","8","2","9","0","2","0","2","0","1","0","1","0","1","0","1","0","0","0","0","0","1","0","1","0","0","0","0","2","2","0","4","0","0","0","0","8","20","2","28","0","0","0","2"
"경기도교육청","경기도의정부교육지원청","경기도 의정부시","S090003651","천보중학교","03","공립","N","","0","1","0","1","0","1","0","1","0","0","0","0","2","9","0","11","8","33","0","41","1","1","1","2","0","1","0","1","0","1","0","1","0","0","0","0","0","1","0","1","0","0","0","0","1","1","0","2","0","0","0","0","12","49","1","61","0","0","0","1"
"경기도교육청","경기도의정부교육지원청","경기도 의정부시","S090003652","충의중학교","03","공립","N","","0","1","0","1","1","0","0","1","0","1","0","1","3","9","0","12","7","30","3","37","1","0","0","1","0","1","0","1","0","0","0","0","0","0","0","0","0","1","0","1","0","0","0","0","1","7","0","8","0","0","0","0","13","50","3","63","0","0","0","3"
"경기도교육청","경기도의정부교육지원청","경기도 의정부시","S090003653","호원중학교","03","공립","N","","1","0","0","1","0","1","0","1","0","0","0","0","5","9","0","14","7","28","1","35","1","0","1","1","0","1","0","1","0","1","0","1","0","0","0","0","0","1","0","1","0","1","0","1","3","5","0","8","1","0","0","1","18","47","2","65","0","0","0","2"
"경기도교육청","경기도의정부교육지원청","경기도 의정부시","S090003654","회룡중학교","03","공립","N","","0","1","0","1","0","1","0","1","0","1","0","1","2","10","0","12","3","24","5","27","0","2","0","2","0","1","0","1","0","0","0","0","0","0","0","0","0","1","0","1","0","1","0","1","3","3","0","6","0","0","0","0","8","45","5","53","0","0","0","5"
"경기도교육청","경기도의정부교육지원청","경기도 의정부시","S090003655","효자중학교","03","공립","N","","0","1","0","1","1","0","0","1","0","0","0","0","5","7","0","12","7","17","1","24","1","1","0","2","0","1","0","1","0","0","0","0","0","0","0","0","0","1","0","1","0","0","0","0","2","3","0","5","0","0","0","0","16","31","1","47","0","0","0","1"
"경기도교육청","경기도이천교육지원청","경기도 이천시","S090003740","이천경남중학교","03","공립","N","","0","0","0","0","1","0","0","1","0","0","0","0","1","2","0","3","2","6","0","8","0","0","0","0","0","0","0","0","0","0","0","0","0","0","0","0","0","0","0","0","0","0","0","0","0","0","0","0","0","0","0","0","4","8","0","12","0","0","0","0"
"경기도교육청","경기도이천교육지원청","경기도 이천시","S090003741","대월중학교","03","공립","N","","1","0","0","1","1","0","0","1","0","0","0","0","2","1","0","3","1","6","1","7","0","0","0","0","0","0","0","0","0","0","0","0","0","0","0","0","0","0","0","0","0","0","0","0","1","4","0","5","0","0","0","0","6","11","1","17","0","0","0","1"
"경기도교육청","경기도이천교육지원청","경기도 이천시","S090003742","마장중학교","03","공립","N","","1","0","0","1","0","1","0","1","0","0","0","0","4","4","0","8","3","9","0","12","0","1","0","1","0","0","0","0","0","0","0","0","0","0","0","0","0","1","0","1","0","0","0","0","4","5","0","9","0","0","0","0","12","21","0","33","0","0","0","0"
"경기도교육청","경기도이천교육지원청","경기도 이천시","S090003743","모가중학교","03","공립","N","","1","0","0","1","0","1","0","1","0","0","0","0","1","2","0","3","0","4","0","4","0","0","0","0","0","0","0","0","0","0","0","0","0","0","0","0","0","0","0","0","0","0","0","0","1","5","0","6","0","0","0","0","3","12","0","15","0","0","0","0"
"경기도교육청","경기도이천교육지원청","경기도 이천시","S090003745","백사중학교","03","공립","N","","0","1","0","1","1","0","0","1","0","0","0","0","1","2","0","3","1","9","1","10","0","0","0","0","0","0","0","0","0","0","0","0","0","0","0","0","0","0","0","0","0","0","0","0","3","5","0","8","0","0","0","0","6","17","1","23","0","0","0","1"
"경기도교육청","경기도이천교육지원청","경기도 이천시","S090003746","부발중학교","03","공립","N","","1","0","0","1","0","1","0","1","0","0","0","0","2","4","0","6","5","4","3","9","0","1","0","1","1","0","0","1","0","0","0","0","0","0","0","0","0","1","0","1","0","0","0","0","0","8","0","8","0","0","0","0","9","19","3","28","0","0","0","3"
"경기도교육청","경기도이천교육지원청","경기도 이천시","S090003747","설봉중학교","03","공립","N","","1","0","0","1","1","0","0","1","0","1","0","1","2","4","0","6","11","18","3","29","0","0","0","0","0","1","1","1","0","0","0","0","0","0","0","0","0","1","0","1","0","0","0","0","7","14","0","21","0","0","0","0","22","39","4","61","0","0","0","4"
"경기도교육청","경기도이천교육지원청","경기도 이천시","S090003749","율면중학교","03","공립","N","","0","0","0","0","0","1","0","1","0","0","0","0","0","2","0","2","2","5","1","7","0","1","0","1","0","0","0","0","0","0","0","0","0","0","0","0","0","0","0","0","0","0","0","0","1","3","0","4","0","0","0","0","3","12","1","15","0","0","0","1"
"경기도교육청","경기도이천교육지원청","경기도 이천시","S090003750","이천송정중학교","03","공립","N","","1","0","0","1","0","1","0","1","0","0","0","0","0","8","0","8","6","19","2","25","0","1","0","1","0","1","0","1","0","1","0","1","0","0","0","0","0","1","0","1","0","0","0","0","6","10","0","16","0","1","0","1","13","43","2","56","0","0","0","2"
"경기도교육청","경기도이천교육지원청","경기도 이천시","S090003751","이천양정여자중학교","03","사립","N","","1","0","0","1","1","0","0","1","0","0","0","0","1","4","0","5","2","11","2","13","0","0","0","0","0","1","0","1","0","0","0","0","0","0","0","0","0","0","0","0","0","0","0","0","4","10","0","14","0","0","0","0","9","26","2","35","0","0","0","2"
"경기도교육청","경기도이천교육지원청","경기도 이천시","S090003752","이천중학교","03","공립","N","","0","1","0","1","1","0","0","1","0","0","0","0","4","7","0","11","5","21","1","26","1","0","0","1","0","1","0","1","0","0","0","0","0","0","0","0","0","1","1","1","0","1","0","1","7","10","0","17","0","0","0","0","18","42","2","60","0","0","0","2"
"경기도교육청","경기도이천교육지원청","경기도 이천시","S090003754","장호원중학교","03","공립","N","","1","0","0","1","1","0","0","1","0","0","0","0","5","2","0","7","3","8","0","11","0","1","1","1","0","1","1","1","0","0","0","0","0","0","0","0","0","0","0","0","0","0","0","0","5","6","0","11","0","0","0","0","15","18","2","33","0","0","0","2"
"경기도교육청","경기도이천교육지원청","경기도 이천시","S090003756","효양중학교","03","공립","N","","1","0","0","1","1","0","0","1","0","0","0","0","5","7","0","12","5","18","1","23","1","1","0","2","1","0","1","1","0","0","0","0","0","0","0","0","0","1","0","1","0","0","0","0","2","8","0","10","0","0","0","0","16","35","2","51","0","0","0","2"
"경기도교육청","경기도파주교육지원청","경기도 파주시","S090003860","광탄중학교","03","사립","N","","1","0","0","1","0","1","0","1","0","0","0","0","1","4","0","5","3","4","1","7","0","1","1","1","0","0","0","0","0","0","0","0","0","0","0","0","0","1","0","1","0","0","0","0","5","4","0","9","0","0","0","0","10","15","2","25","0","0","0","2"
"경기도교육청","경기도파주교육지원청","경기도 파주시","S090003861","교하중학교","03","공립","N","","1","0","0","1","1","0","0","1","0","0","0","0","2","9","0","11","3","23","3","26","0","2","0","2","0","0","0","0","0","0","0","0","0","0","0","0","0","1","0","1","0","0","0","0","4","7","0","11","0","0","0","0","11","42","3","53","0","0","0","3"
"경기도교육청","경기도파주교육지원청","경기도 파주시","S090003862","문산동중학교","03","사립","N","","0","0","0","0","1","0","0","1","0","0","0","0","2","3","0","5","2","2","0","4","0","0","0","0","0","1","0","1","0","0","0","0","0","0","0","0","0","0","0","0","0","0","0","0","3","3","0","6","0","0","0","0","8","9","0","17","0","0","0","0"
"경기도교육청","경기도파주교육지원청","경기도 파주시","S090003863","문산북중학교","03","공립","N","","0","0","0","0","0","1","0","1","0","0","0","0","3","4","0","7","4","11","1","15","0","0","0","0","0","0","0","0","0","0","0","0","0","0","0","0","0","0","0","0","0","0","0","0","2","6","0","8","0","0","0","0","9","22","1","31","0","0","0","1"
"경기도교육청","경기도파주교육지원청","경기도 파주시","S090003864","문산수억중학교","03","사립","N","","1","0","0","1","1","0","0","1","0","0","0","0","4","5","0","9","4","5","1","9","0","0","0","0","0","1","0","1","0","0","0","0","0","0","0","0","0","1","0","1","0","0","0","0","7","7","0","14","0","0","0","0","17","19","1","36","0","0","0","1"
"경기도교육청","경기도파주교육지원청","경기도 파주시","S090003865","문산중학교","03","공립","N","","1","0","0","1","0","1","0","1","0","0","0","0","6","6","0","12","3","27","3","30","0","1","0","1","0","1","0","1","0","0","0","0","0","0","0","0","0","1","0","1","0","0","0","0","4","5","0","9","0","0","0","0","14","42","3","56","0","0","0","3"
"경기도교육청","경기도파주교육지원청","경기도 파주시","S090003866","법원여자중학교","03","공립","N","","0","1","0","1","0","1","0","1","0","0","0","0","1","3","0","4","0","6","0","6","0","1","0","1","0","0","0","0","0","0","0","0","0","0","0","0","0","0","0","0","0","0","0","0","0","5","0","5","0","0","0","0","1","17","0","18","0","0","0","0"
"경기도교육청","경기도파주교육지원청","경기도 파주시","S090003867","봉일천중학교","03","공립","N","","0","1","0","1","1","0","0","1","0","0","0","0","4","8","0","12","6","20","4","26","1","0","0","1","0","1","0","1","0","0","0","0","0","0","0","0","0","1","0","1","0","0","0","0","4","9","0","13","0","0","0","0","16","40","4","56","0","0","0","4"
"경기도교육청","경기도파주교육지원청","경기도 파주시","S090003868","삼광중학교","03","사립","N","","0","0","0","0","1","0","0","1","0","0","0","0","3","0","0","3","2","6","0","8","0","1","0","1","0","1","0","1","0","0","0","0","0","0","0","0","0","1","0","1","0","0","0","0","2","2","0","4","0","0","0","0","8","11","0","19","0","0","0","0"
"경기도교육청","경기도파주교육지원청","경기도 파주시","S090003869","어유중학교","03","공립","N","","1","0","0","1","0","1","0","1","0","0","0","0","1","2","0","3","1","7","0","8","0","0","0","0","0","0","0","0","0","0","0","0","0","0","0","0","0","0","0","0","0","0","0","0","0","1","0","1","0","0","0","0","3","11","0","14","0","0","0","0"
"경기도교육청","경기도파주교육지원청","경기도 파주시","S090003870","율곡중학교","03","사립","N","","0","0","0","0","1","0","0","1","0","0","0","0","2","1","0","3","4","2","1","6","0","1","0","1","0","1","0","1","0","0","0","0","0","0","0","0","0","0","0","0","0","0","0","0","1","5","0","6","0","0","0","0","8","10","1","18","0","0","0","1"
"경기도교육청","경기도파주교육지원청","경기도 파주시","S090003871","지산중학교","03","공립","N","","0","1","0","1","0","1","0","1","0","0","0","0","2","10","0","12","6","30","2","36","0","1","0","1","0","1","0","1","0","0","0","0","0","0","0","0","0","1","1","1","0","1","0","1","3","7","0","10","0","0","0","0","11","53","3","64","0","0","0","3"
"경기도교육청","경기도파주교육지원청","경기도 파주시","S090003872","정목중학교","03","사립","N","","0","1","0","1","1","0","0","1","0","0","0","0","3","2","0","5","2","3","1","5","0","0","0","0","1","0","0","1","0","0","0","0","0","0","0","0","0","0","0","0","0","0","0","0","5","7","0","12","0","0","0","0","12","13","1","25","0","0","0","1"
"경기도교육청","경기도파주교육지원청","경기도 파주시","S090003873","파주중학교","03","사립","N","","1","0","0","1","1","0","0","1","0","0","0","0","2","1","0","3","2","1","1","3","0","1","0","1","0","0","0","0","0","0","0","0","0","0","0","0","0","0","0","0","0","0","0","0","4","8","0","12","0","0","0","0","10","11","1","21","0","0","0","1"
"경기도교육청","경기도파주교육지원청","경기도 파주시","S090003874","파평중학교","03","공립","N","","1","0","0","1","1","0","0","1","0","0","0","0","1","2","0","3","3","4","1","7","0","0","0","0","0","0","0","0","0","0","0","0","0","0","0","0","0","0","0","0","0","0","0","0","0","5","0","5","0","0","0","0","6","11","1","17","0","0","0","1"
"경기도교육청","경기도파주교육지원청","경기도 파주시","S090003875","탄현중학교","03","공립","N","","1","0","0","1","0","1","0","1","0","0","0","0","4","4","0","8","4","7","0","11","0","1","0","1","0","0","0","0","0","0","0","0","0","0","0","0","0","1","0","1","0","0","0","0","0","3","0","3","0","0","0","0","9","17","0","26","0","0","0","0"
"경기도교육청","경기도평택교육지원청","경기도 평택시","S090003988","세교중학교","03","공립","N","","1","0","0","1","1","0","0","1","1","0","0","1","2","10","0","12","5","25","2","30","2","3","0","5","0","1","0","1","0","0","0","0","0","0","0","0","0","1","1","1","0","1","0","1","4","17","0","21","0","1","0","1","16","59","3","75","0","0","0","3"
"경기도교육청","경기도평택교육지원청","경기도 평택시","S090003989","라온중학교","03","사립","N","","1","0","0","1","1","0","0","1","0","0","0","0","7","4","0","11","5","4","0","9","0","0","0","0","0","1","0","1","0","0","0","0","0","0","0","0","0","1","0","1","0","0","0","0","2","10","0","12","0","0","0","0","16","20","0","36","0","0","0","0"
"경기도교육청","경기도평택교육지원청","경기도 평택시","S090003990","송탄중학교","03","공립","N","","1","0","0","1","1","0","0","1","0","0","0","0","4","6","0","10","3","8","1","11","1","1","0","2","0","1","0","1","0","0","0","0","0","0","0","0","0","1","0","1","0","1","1","1","5","8","0","13","0","0","0","0","15","26","2","41","0","0","0","2"
"경기도교육청","경기도평택교육지원청","경기도 평택시","S090003992","신한중학교","03","사립","N","","0","0","0","0","1","0","0","1","0","0","0","0","6","5","0","11","11","9","1","20","0","0","0","0","0","0","0","0","0","0","0","0","0","0","0","0","0","1","0","1","0","0","0","0","8","12","0","20","0","0","0","0","26","27","1","53","0","0","0","1"
"경기도교육청","경기도평택교육지원청","경기도 평택시","S090003993","안일중학교","03","공립","N","","1","0","0","1","1","0","0","1","0","0","0","0","6","6","0","12","7","18","0","25","1","0","0","1","0","1","0","1","0","0","0","0","0","0","0","0","0","1","0","1","0","0","0","0","4","10","0","14","0","0","0","0","20","36","0","56","0","0","0","0"
"경기도교육청","경기도평택교육지원청","경기도 평택시","S090003994","안중중학교","03","사립","N","","0","0","0","0","1","0","0","1","0","1","0","1","0","2","0","2","1","0","0","1","0","0","0","0","0","0","0","0","0","0","0","0","0","0","0","0","0","0","0","0","0","0","0","0","6","11","0","17","0","0","0","0","8","14","0","22","0","0","0","0"
"경기도교육청","경기도평택교육지원청","경기도 평택시","S090003995","오성중학교","03","사립","N","","0","1","0","1","1","0","0","1","0","0","0","0","3","0","0","3","2","2","0","4","0","0","0","0","0","0","0","0","0","0","0","0","0","0","0","0","0","0","0","0","0","0","0","0","5","6","0","11","0","0","0","0","11","9","0","20","0","0","0","0"
"경기도교육청","경기도평택교육지원청","경기도 평택시","S090003996","은혜중학교","03","사립","N","","1","0","0","1","1","0","0","1","0","0","0","0","3","6","0","9","5","5","0","10","0","0","0","0","1","0","0","1","0","0","0","0","0","0","0","0","0","0","0","0","0","0","0","0","5","5","0","10","0","0","0","0","16","16","0","32","0","0","0","0"
"경기도교육청","경기도평택교육지원청","경기도 평택시","S090003997","진위중학교","03","사립","N","","1","0","0","1","0","0","0","0","0","0","0","0","2","1","0","3","1","4","0","5","0","0","0","0","0","0","0","0","0","0","0","0","0","0","0","0","0","0","0","0","0","0","0","0","2","7","0","9","0","0","0","0","6","12","0","18","0","0","0","0"
"경기도교육청","경기도평택교육지원청","경기도 평택시","S090003998","청담중학교","03","사립","N","","0","1","0","1","1","0","0","1","0","0","0","0","4","4","0","8","6","2","0","8","0","0","0","0","0","1","0","1","0","0","0","0","0","0","0","0","0","0","0","0","0","0","0","0","4","7","0","11","0","0","0","0","15","15","0","30","0","0","0","0"
"경기도교육청","경기도평택교육지원청","경기도 평택시","S090003999","청북중학교","03","공립","N","","1","0","0","1","1","0","0","1","0","0","0","0","2","2","0","4","3","3","0","6","0","1","0","1","0","0","0","0","0","0","0","0","0","0","0","0","0","0","0","0","0","0","0","0","2","1","0","3","0","0","0","0","9","7","0","16","0","0","0","0"
"경기도교육청","경기도평택교육지원청","경기도 평택시","S090004000","태광중학교","03","사립","N","","1","0","0","1","1","0","0","1","0","0","0","0","5","8","0","13","7","8","2","15","0","0","0","0","1","0","0","1","0","0","0","0","0","0","0","0","0","1","0","1","0","0","0","0","1","9","0","10","0","0","0","0","16","26","2","42","0","0","0","2"
"경기도교육청","경기도평택교육지원청","경기도 평택시","S090004002","평택여자중학교","03","공립","N","","0","1","0","1","1","0","0","1","0","0","0","0","4","8","0","12","5","29","6","34","0","2","0","2","0","1","0","1","0","1","1","1","0","0","0","0","0","1","0","1","0","1","0","1","2","26","0","28","0","0","0","0","12","70","7","82","0","0","0","7"
"경기도교육청","경기도평택교육지원청","경기도 평택시","S090004003","평택중학교","03","공립","N","","1","0","0","1","1","0","0","1","0","0","0","0","2","9","0","11","11","21","3","32","0","2","1","2","0","1","0","1","0","0","0","0","0","0","0","0","0","1","0","1","0","1","0","1","8","19","0","27","0","1","0","1","23","55","4","78","0","0","0","4"
"경기도교육청","경기도평택교육지원청","경기도 평택시","S090004004","포승중학교","03","공립","N","","1","0","0","1","1","0","0","1","0","0","0","0","2","2","0","4","3","6","1","9","0","1","0","1","0","1","0","1","0","0","0","0","0","0","0","0","0","0","0","0","0","0","0","0","1","3","0","4","0","0","0","0","8","13","1","21","0","0","0","1"
"경기도교육청","경기도평택교육지원청","경기도 평택시","S090004005","한광여자중학교","03","사립","N","","1","0","0","1","1","0","0","1","0","0","0","0","4","8","0","12","2","8","0","10","0","0","0","0","0","0","0","0","0","0","0","0","0","0","0","0","0","0","0","0","0","1","0","1","14","18","0","32","0","0","0","0","22","35","0","57","0","0","0","0"
"경기도교육청","경기도평택교육지원청","경기도 평택시","S090004006","한광중학교","03","사립","N","","1","0","0","1","1","0","0","1","0","0","0","0","7","4","0","11","5","5","0","10","0","0","0","0","0","0","0","0","0","0","0","0","0","0","0","0","0","0","0","0","0","0","0","0","14","15","0","29","0","0","0","0","28","24","0","52","0","0","0","0"
"경기도교육청","경기도평택교육지원청","경기도 평택시","S090004007","현화중학교","03","공립","N","","0","1","0","1","0","1","0","1","0","0","0","0","4","5","0","9","6","18","4","24","1","2","1","3","0","1","0","1","0","0","0","0","0","0","0","0","0","1","1","1","0","0","0","0","5","12","0","17","0","0","0","0","16","41","6","57","0","0","0","6"
"경기도교육청","경기도평택교육지원청","경기도 평택시","S090004008","효명중학교","03","사립","N","","1","0","0","1","1","0","0","1","0","0","0","0","8","4","0","12","5","12","1","17","0","0","0","0","0","1","0","1","0","0","0","0","0","0","0","0","0","0","0","0","0","0","0","0","4","4","0","8","0","0","0","0","19","21","1","40","0","0","0","1"
"경기도교육청","경기도포천교육지원청","경기도 포천시","S090004164","갈월중학교","03","공립","N","","1","0","0","1","1","0","0","1","0","0","0","0","3","2","0","5","4","9","0","13","0","1","0","1","1","0","0","1","0","0","0","0","0","0","0","0","0","1","0","1","0","0","0","0","0","1","0","1","0","0","0","0","10","14","0","24","0","0","0","0"
"경기도교육청","경기도포천교육지원청","경기도 포천시","S090004165","경북중학교","03","공립","N","","0","1","0","1","0","1","0","1","0","0","0","0","2","1","0","3","4","4","0","8","0","1","0","1","0","1","0","1","0","0","0","0","0","0","0","0","0","0","0","0","0","0","0","0","0","2","0","2","0","0","0","0","6","11","0","17","0","0","0","0"
"경기도교육청","경기도포천교육지원청","경기도 포천시","S090004166","관인중학교","03","공립","N","","0","0","0","0","0","1","0","1","0","0","0","0","1","2","0","3","6","2","0","8","0","1","0","1","0","0","0","0","0","0","0","0","0","0","0","0","0","0","0","0","0","0","0","0","0","1","0","1","0","0","0","0","7","7","0","14","0","0","0","0"
"경기도교육청","경기도포천교육지원청","경기도 포천시","S090004167","내촌중학교","03","공립","N","","1","0","0","1","1","0","0","1","0","0","0","0","1","2","0","3","3","5","1","8","0","1","0","1","0","0","0","0","0","0","0","0","0","0","0","0","0","0","0","0","0","0","0","0","1","3","0","4","0","0","0","0","7","11","1","18","0","0","0","1"
"경기도교육청","경기도포천교육지원청","경기도 포천시","S090004168","동남중학교","03","사립","N","","1","0","0","1","0","0","0","0","0","0","0","0","6","2","0","8","0","7","0","7","0","0","0","0","1","0","0","1","0","0","0","0","0","0","0","0","0","0","0","0","0","0","0","0","6","5","0","11","0","0","0","0","14","14","0","28","0","0","0","0"
"경기도교육청","경기도포천교육지원청","경기도 포천시","S090004169","삼성중학교","03","공립","N","","0","1","0","1","0","1","0","1","0","0","0","0","3","1","0","4","4","3","0","7","1","1","0","2","0","0","0","0","0","1","0","1","0","0","0","0","0","0","0","0","0","0","0","0","1","1","0","2","0","0","0","0","9","9","0","18","0","0","0","0"
"경기도교육청","경기도포천교육지원청","경기도 포천시","S090004170","영북중학교","03","공립","N","","1","0","0","1","1","0","0","1","0","0","0","0","2","2","0","4","4","6","1","10","1","0","0","1","0","1","0","1","0","0","0","0","0","0","0","0","0","0","0","0","0","0","0","0","0","2","0","2","0","0","0","0","9","11","1","20","0","0","0","1"
"경기도교육청","경기도포천교육지원청","경기도 포천시","S090004171","영중중학교","03","공립","N","","0","1","0","1","0","1","0","1","0","0","0","0","2","1","0","3","3","5","1","8","0","1","0","1","0","0","0","0","0","0","0","0","0","0","0","0","0","0","0","0","0","0","0","0","0","3","0","3","0","0","0","0","5","12","1","17","0","0","0","1"
"경기도교육청","경기도포천교육지원청","경기도 포천시","S090004172","이동중학교","03","공립","N","","1","0","0","1","1","0","0","1","0","0","0","0","3","0","0","3","2","6","2","8","0","1","0","1","0","0","0","0","0","0","0","0","0","0","0","0","0","0","0","0","0","0","0","0","1","3","0","4","0","0","0","0","8","10","2","18","0","0","0","2"
"경기도교육청","경기도포천교육지원청","경기도 포천시","S090004173","일동중학교","03","공립","N","","1","0","0","1","1","0","0","1","0","0","0","0","3","3","0","6","4","9","0","13","1","0","0","1","0","1","1","1","0","0","0","0","0","0","0","0","0","1","0","1","0","0","0","0","0","2","0","2","0","0","0","0","10","16","1","26","0","0","0","1"
"경기도교육청","경기도포천교육지원청","경기도 포천시","S090004174","포천여자중학교","03","공립","N","","0","1","0","1","1","0","0","1","0","0","0","0","3","4","0","7","5","14","1","19","0","1","0","1","0","1","0","1","0","0","0","0","0","0","0","0","0","1","0","1","0","0","0","0","0","4","0","4","0","0","0","0","9","26","1","35","0","0","0","1"
"경기도교육청","경기도포천교육지원청","경기도 포천시","S090004175","포천중학교","03","공립","N","","1","0","0","1","0","1","0","1","0","0","0","0","6","5","0","11","7","10","1","17","1","0","0","1","0","1","0","1","0","1","0","1","0","0","0","0","0","1","0","1","0","0","0","0","2","3","0","5","0","0","0","0","17","22","1","39","0","0","0","1"
"경기도교육청","경기도화성오산교육지원청","","S090004259","남양중학교","03","공립","N","","0","1","0","1","1","0","0","1","0","0","0","0","2","6","0","8","2","15","3","17","0","1","0","1","0","0","0","0","0","0","0","0","0","0","0","0","0","1","0","1","0","1","0","1","4","12","0","16","0","0","0","0","9","37","3","46","0","0","0","3"
"경기도교육청","경기도화성오산교육지원청","","S090004260","동학중학교","03","공립","N","","1","0","0","1","1","0","0","1","0","0","0","0","2","9","0","11","5","17","2","22","1","0","0","1","0","1","0","1","0","0","0","0","0","0","0","0","0","1","0","1","0","0","0","0","3","10","0","13","0","0","0","0","13","38","2","51","0","0","0","2"
"경기도교육청","경기도화성오산교육지원청","경기도 화성시 동탄구","S090004261","동탄중학교","03","공립","N","","1","0","0","1","1","0","0","1","0","0","0","0","3","8","0","11","6","25","8","31","0","1","0","1","0","1","0","1","0","0","0","0","0","0","0","0","0","1","0","1","0","1","0","1","4","17","0","21","0","0","0","0","15","54","8","69","0","0","0","8"
"경기도교육청","경기도화성오산교육지원청","","S090004263","발안중학교","03","공립","N","","0","1","0","1","0","1","0","1","0","0","0","0","6","5","0","11","7","15","5","22","0","0","0","0","0","0","0","0","0","0","0","0","0","0","0","0","0","1","0","1","0","0","0","0","2","11","0","13","1","1","0","2","16","35","5","51","0","0","0","5"
"경기도교육청","경기도화성오산교육지원청","경기도 화성시 효행구","S090004265","봉담중학교","03","공립","N","","0","1","0","1","1","0","0","1","0","0","0","0","5","7","0","12","6","20","3","26","0","1","0","1","0","0","0","0","0","0","0","0","0","0","0","0","0","1","0","1","0","0","0","0","5","11","0","16","0","0","0","0","17","41","3","58","0","0","0","3"
"경기도교육청","경기도화성오산교육지원청","","S090004266","비봉중학교","03","사립","N","","1","0","0","1","1","0","0","1","0","0","0","0","3","0","0","3","3","2","1","5","0","0","0","0","0","0","0","0","0","0","0","0","0","0","0","0","0","0","0","0","0","0","0","0","4","6","0","10","0","0","0","0","12","8","1","20","0","0","0","1"
"경기도교육청","경기도화성오산교육지원청","경기도 화성시 만세구","S090004267","삼괴중학교","03","사립","N","","0","1","0","1","1","0","0","1","0","0","0","0","0","4","0","4","2","5","3","7","0","0","0","0","0","1","0","1","0","0","0","0","0","0","0","0","0","0","0","0","0","1","0","1","8","6","0","14","0","0","0","0","11","18","3","29","0","0","0","3"
"경기도교육청","경기도화성오산교육지원청","","S090004268","서신중학교","03","사립","N","","1","0","0","1","0","1","0","1","0","0","0","0","2","1","0","3","2","2","0","4","0","0","0","0","0","1","0","1","0","1","0","1","0","0","0","0","0","0","0","0","0","0","0","0","2","5","0","7","0","0","0","0","7","11","0","18","0","0","0","0"
"경기도교육청","경기도화성오산교육지원청","경기도 오산시","S090004269","성호중학교","03","공립","N","","1","0","0","1","0","1","0","1","0","0","0","0","3","6","0","9","7","21","3","28","0","1","0","1","0","0","0","0","0","0","0","0","0","0","0","0","0","1","0","1","0","0","0","0","7","7","0","14","0","0","0","0","18","37","3","55","0","0","0","3"
"경기도교육청","경기도화성오산교육지원청","","S090004270","송산중학교","03","사립","N","","1","0","0","1","1","0","0","1","0","0","0","0","6","3","0","9","2","5","0","7","0","0","0","0","1","0","0","1","0","1","0","1","0","0","0","0","0","1","0","1","0","0","0","0","2","10","0","12","0","0","0","0","13","20","0","33","0","0","0","0"
"경기도교육청","경기도화성오산교육지원청","","S090004271","안용중학교","03","사립","N","","1","0","0","1","1","0","0","1","0","0","0","0","7","3","0","10","6","8","2","14","0","0","0","0","0","1","0","1","1","0","0","1","0","0","0","0","0","1","0","1","0","1","1","1","3","8","0","11","0","0","0","0","19","22","3","41","0","0","0","3"
"경기도교육청","경기도화성오산교육지원청","경기도 화성시 만세구","S090004272","양감중학교","03","공립","N","","0","0","0","0","1","0","0","1","0","0","0","0","2","1","0","3","3","4","1","7","0","1","0","1","0","0","0","0","0","0","0","0","0","0","0","0","0","0","0","0","0","0","0","0","0","4","0","4","0","0","0","0","6","10","1","16","0","0","0","1"
"경기도교육청","경기도화성오산교육지원청","경기도 오산시","S090004273","매홀중학교","03","공립","N","","1","0","0","1","0","1","0","1","0","0","0","0","4","6","0","10","10","27","6","37","0","1","0","1","0","0","0","0","0","0","0","0","0","0","0","0","0","1","0","1","0","0","0","0","8","17","0","25","0","0","0","0","23","53","6","76","0","0","0","6"
"경기도교육청","경기도화성오산교육지원청","경기도 오산시","S090004274","오산중학교","03","사립","N","","1","0","0","1","0","0","0","0","0","0","0","0","6","6","0","12","8","6","2","14","0","0","0","0","1","0","0","1","0","0","0","0","0","0","0","0","0","1","0","1","0","0","0","0","6","9","0","15","0","0","0","0","22","22","2","44","0","0","0","2"
"경기도교육청","경기도화성오산교육지원청","경기도 오산시","S090004275","운암중학교","03","공립","N","","0","1","0","1","1","0","0","1","0","0","0","0","0","8","0","8","6","16","5","22","0","1","0","1","0","0","0","0","0","0","0","0","0","0","0","0","0","1","0","1","0","0","0","0","3","14","0","17","0","0","0","0","10","41","5","51","0","0","0","5"
"경기도교육청","경기도화성오산교육지원청","경기도 오산시","S090004276","운천중학교","03","공립","N","","1","0","0","1","0","1","0","1","0","0","0","0","2","6","0","8","7","20","3","27","0","2","1","2","0","0","0","0","0","0","0","0","0","0","0","0","0","1","0","1","0","1","0","1","5","12","0","17","0","0","0","0","15","43","4","58","0","0","0","4"
"경기도교육청","경기도화성오산교육지원청","경기도 화성시 만세구","S090004277","장안여자중학교","03","사립","N","","0","1","0","1","1","0","0","1","0","0","0","0","2","3","0","5","2","5","0","7","0","0","0","0","0","1","0","1","0","0","0","0","0","0","0","0","0","0","0","0","0","1","1","1","2","10","0","12","0","0","0","0","7","21","1","28","0","0","0","1"
"경기도교육청","경기도화성오산교육지원청","","S090004278","정남중학교","03","공립","N","","0","1","0","1","1","0","0","1","0","0","0","0","2","2","0","4","6","4","0","10","0","1","0","1","0","1","0","1","0","0","0","0","0","0","0","0","0","0","0","0","0","0","0","0","0","2","0","2","0","0","0","0","9","11","0","20","0","0","0","0"
"경기도교육청","경기도화성오산교육지원청","경기도 화성시 병점구","S090004279","진안중학교","03","공립","N","","1","0","0","1","0","1","0","1","0","0","0","0","1","10","0","11","4","9","1","13","0","0","0","0","0","1","0","1","0","0","0","0","0","0","0","0","0","1","0","1","0","0","0","0","2","8","0","10","0","0","0","0","8","30","1","38","0","0","0","1"
"경기도교육청","경기도화성오산교육지원청","","S090004280","화도중학교","03","사립","N","","1","0","0","1","0","1","0","1","0","0","0","0","2","0","0","2","5","7","1","12","0","0","0","0","0","1","0","1","0","0","0","0","0","0","0","0","0","0","0","0","0","0","0","0","1","2","0","3","0","0","0","0","9","11","1","20","0","0","0","1"
"경기도교육청","경기도화성오산교육지원청","경기도 화성시 만세구","S090004281","화성중학교","03","사립","N","","0","1","0","1","1","0","0","1","0","0","0","0","6","2","0","8","2","6","3","8","0","0","0","0","0","1","0","1","0","0","0","0","0","0","0","0","0","0","0","0","0","0","0","0","2","12","0","14","0","0","0","0","11","22","3","33","0","0","0","3"
"경기도교육청","경기도광명교육지원청","경기도 광명시","S090004699","광문중학교","03","공립","N","","0","1","0","1","1","0","0","1","0","0","0","0","4","7","0","11","2","20","5","22","0","2","0","2","0","1","0","1","0","0","0","0","0","0","0","0","0","1","0","1","0","0","0","0","3","5","0","8","0","0","0","0","10","37","5","47","0","0","0","5"
"경기도교육청","경기도수원교육지원청","경기도 수원시 권선구","S090004860","곡반중학교","03","공립","N","","0","1","0","1","0","1","0","1","0","0","0","0","3","6","0","9","0","12","5","12","1","0","0","1","0","1","0","1","0","0","0","0","0","0","0","0","0","1","1","1","0","0","0","0","3","8","0","11","0","0","0","0","7","30","6","37","0","0","0","6"
"경기도교육청","경기도수원교육지원청","경기도 수원시 영통구","S090004861","망포중학교","03","공립","N","","0","1","0","1","0","1","0","1","0","1","0","1","3","9","0","12","8","37","7","45","0","1","1","1","0","0","0","0","0","0","0","0","0","0","0","0","0","1","0","1","0","1","0","1","5","8","0","13","2","2","0","4","18","62","8","80","0","0","0","8"
"경기도교육청","경기도수원교육지원청","경기도 수원시 팔달구","S090004862","정천중학교","03","공립","N","","1","0","0","1","0","1","0","1","0","0","0","0","1","11","0","12","6","20","4","26","1","1","0","2","0","1","0","1","0","0","0","0","0","0","0","0","0","1","0","1","0","0","0","0","1","8","0","9","0","0","0","0","10","43","4","53","0","0","0","4"
"경기도교육청","경기도수원교육지원청","경기도 수원시 권선구","S090004863","칠보중학교","03","공립","N","","1","0","0","1","1","0","0","1","0","0","0","0","4","8","0","12","2","25","4","27","0","2","0","2","0","1","0","1","0","1","0","1","0","0","0","0","0","1","0","1","0","0","0","0","4","8","0","12","0","0","0","0","12","46","4","58","0","0","0","4"
"경기도교육청","경기도성남교육지원청","경기도 성남시 분당구","S090004864","분당구미중학교","03","공립","N","","0","1","0","1","0","1","0","1","0","1","0","1","0","3","0","3","2","10","2","12","0","0","0","0","0","1","0","1","0","0","0","0","0","0","0","0","0","1","1","1","0","0","0","0","1","6","0","7","0","0","0","0","3","24","3","27","0","0","0","3"
"경기도교육청","경기도안양과천교육지원청","경기도 안양시 동안구","S090004865","호성중학교","03","공립","N","","0","1","0","1","0","1","0","1","0","0","0","0","2","9","0","11","3","17","5","20","0","3","0","3","0","1","0","1","0","0","0","0","0","0","0","0","0","1","0","1","0","0","0","0","1","5","0","6","0","0","0","0","6","38","5","44","0","0","0","5"
"경기도교육청","경기도부천교육지원청","경기도 부천시 소사구","S090004866","부천일신중학교","03","공립","N","","0","1","0","1","1","0","0","1","0","1","0","1","5","7","0","12","8","40","3","48","1","1","0","2","0","1","0","1","0","0","0","0","0","0","0","0","0","1","0","1","0","0","0","0","1","10","0","11","0","0","0","0","16","62","3","78","0","0","0","3"
"경기도교육청","경기도안산교육지원청","경기도 안산시 단원구","S090004867","선일중학교","03","공립","N","","0","1","0","1","0","1","0","1","0","0","0","0","5","5","0","10","4","10","2","14","0","2","0","2","0","1","0","1","0","0","0","0","0","0","0","0","0","1","0","1","0","1","1","1","3","8","0","11","0","0","0","0","12","30","3","42","0","0","0","3"
"경기도교육청","경기도구리남양주교육지원청","경기도 남양주시","S090004869","진접중학교","03","공립","N","","1","0","0","1","1","0","0","1","0","0","0","0","2","9","0","11","5","19","4","24","2","0","0","2","1","0","0","1","0","0","0","0","0","0","0","0","0","1","0","1","0","0","0","0","1","11","0","12","0","0","0","0","13","40","4","53","0","0","0","4"
"경기도교육청","경기도고양교육지원청","경기도 고양시 일산서구","S090004870","대송중학교","03","공립","N","","1","0","0","1","0","1","0","1","0","0","0","0","2","7","0","9","3","14","2","17","1","1","0","2","0","1","0","1","0","0","0","0","0","0","0","0","0","1","0","1","0","0","0","0","3","5","0","8","0","0","0","0","10","30","2","40","0","0","0","2"
"경기도교육청","경기도고양교육지원청","경기도 고양시 일산서구","S090004871","현산중학교","03","공립","N","","1","0","0","1","0","1","0","1","0","0","0","0","3","7","0","10","1","8","2","9","0","1","0","1","0","1","0","1","0","0","0","0","0","0","0","0","0","1","0","1","0","0","0","0","4","9","0","13","0","1","0","1","9","29","2","38","0","0","0","2"
"경기도교육청","경기도용인교육지원청","경기도 용인시 처인구","S090004894","헌산중학교","03","사립","N","","1","0","0","1","1","0","0","1","0","0","0","0","3","2","0","5","1","2","0","3","0","0","0","0","0","0","0","0","0","1","0","1","0","0","0","0","0","1","0","1","0","1","0","1","4","4","0","8","1","0","0","1","11","11","0","22","1","0","1","0"
"경기도교육청","경기도동두천양주교육지원청","경기도 동두천시","S090004948","생연중학교","03","공립","N","","1","0","0","1","0","1","0","1","0","0","0","0","4","5","0","9","3","13","2","16","0","2","0","2","0","0","0","0","0","0","0","0","0","0","0","0","0","0","0","0","0","0","0","0","5","11","0","16","0","0","0","0","13","32","2","45","0","0","0","2"
"경기도교육청","경기도용인교육지원청","경기도 용인시 수지구","S090004970","현암중학교","03","공립","N","","0","1","0","1","1","0","0","1","0","0","0","0","2","10","0","12","2","14","2","16","0","0","0","0","0","1","1","1","0","0","0","0","0","0","0","0","0","1","0","1","0","0","0","0","2","8","0","10","0","0","0","0","7","35","3","42","0","0","0","3"
"경기도교육청","경기도용인교육지원청","경기도 용인시 기흥구","S090004971","용인신릉중학교","03","공립","N","","1","0","0","1","0","1","0","1","0","1","0","1","4","8","0","12","2","19","2","21","0","1","1","1","0","0","0","0","0","0","0","0","0","0","0","0","0","1","0","1","0","0","0","0","3","10","0","13","0","0","0","0","10","41","3","51","0","0","0","3"
"경기도교육청","경기도용인교육지원청","경기도 용인시 기흥구","S090004972","용인신촌중학교","03","공립","N","","0","1","0","1","0","1","0","1","0","0","0","0","1","11","0","12","2","34","6","36","0","0","0","0","0","1","1","1","0","0","0","0","0","0","0","0","0","1","0","1","0","0","0","0","2","11","0","13","0","0","0","0","5","60","7","65","0","0","0","7"
"경기도교육청","경기도용인교육지원청","경기도 용인시 수지구","S090004973","용인대덕중학교","03","공립","N","","0","1","0","1","1","0","0","1","0","0","0","0","1","11","0","12","2","17","3","19","0","1","0","1","0","1","0","1","0","0","0","0","0","0","0","0","0","1","0","1","0","0","0","0","5","7","0","12","0","1","0","1","9","40","3","49","0","0","0","3"
"경기도교육청","경기도용인교육지원청","경기도 용인시 수지구","S090004974","손곡중학교","03","공립","N","","1","0","0","1","0","1","0","1","0","0","0","0","1","11","0","12","0","22","3","22","0","1","0","1","0","1","1","1","0","0","0","0","0","0","0","0","0","1","1","1","0","1","0","1","2","6","0","8","1","0","0","1","5","44","5","49","0","0","0","5"
"경기도교육청","경기도용인교육지원청","경기도 용인시 기흥구","S090004975","성지중학교","03","공립","N","","1","0","0","1","0","1","0","1","0","0","0","0","3","9","0","12","4","24","5","28","0","0","0","0","0","1","0","1","0","0","0","0","0","0","0","0","0","1","0","1","0","0","0","0","3","10","0","13","0","0","0","0","11","46","5","57","0","0","0","5"
"경기도교육청","경기도용인교육지원청","경기도 용인시 기흥구","S090004976","언동중학교","03","공립","N","","1","0","0","1","1","0","0","1","0","0","0","0","2","10","0","12","1","14","1","15","0","1","0","1","0","1","0","1","0","0","0","0","0","0","0","0","0","1","0","1","0","1","0","1","3","6","0","9","0","0","0","0","8","34","1","42","0","0","0","1"
"경기도교육청","경기도용인교육지원청","경기도 용인시 처인구","S090004977","용신중학교","03","공립","N","","1","0","0","1","1","0","0","1","0","0","0","0","1","8","0","9","8","30","7","38","0","2","0","2","0","1","0","1","0","0","0","0","0","0","0","0","0","1","0","1","0","1","0","1","4","12","0","16","0","0","0","0","15","55","7","70","0","0","0","7"
"경기도교육청","경기도안산교육지원청","경기도 안산시 단원구","S090004979","초지중학교","03","공립","N","","1","0","0","1","1","0","0","1","0","0","0","0","3","8","0","11","4","15","2","19","0","2","1","2","0","1","0","1","0","0","0","0","0","0","0","0","0","1","0","1","0","0","0","0","3","9","0","12","0","0","0","0","12","36","3","48","0","0","0","3"
"경기도교육청","경기도파주교육지원청","경기도 파주시","S090004982","금릉중학교","03","공립","N","","1","0","0","1","1","0","0","1","0","0","0","0","2","10","0","12","5","25","3","30","0","2","0","2","0","1","0","1","0","0","0","0","0","0","0","0","0","1","0","1","0","0","0","0","3","5","0","8","0","0","0","0","12","44","3","56","0","0","0","3"
"경기도교육청","경기도성남교육지원청","경기도 성남시 분당구","S090004984","이우중학교","03","사립","N","","0","0","0","0","1","0","0","1","0","0","0","0","1","4","0","5","4","7","1","11","0","0","0","0","0","1","0","1","0","0","0","0","0","0","0","0","0","1","0","1","0","0","0","0","0","3","0","3","2","8","0","10","8","24","1","32","0","1","1","1"
"경기도교육청","경기도포천교육지원청","경기도 포천시","S090004999","대경중학교","03","공립","N","","1","0","0","1","0","1","0","1","0","0","0","0","5","4","0","9","3","13","3","16","1","2","1","3","0","0","0","0","0","0","0","0","0","0","0","0","0","1","0","1","0","0","0","0","3","3","0","6","0","0","0","0","13","24","4","37","0","0","0","4"
"경기도교육청","경기도군포의왕교육지원청","경기도 군포시","S090005002","당동중학교","03","공립","N","","0","1","0","1","1","0","0","1","0","0","0","0","3","9","0","12","5","38","9","43","1","0","0","1","0","0","0","0","0","0","0","0","0","0","0","0","0","1","0","1","0","0","0","0","4","9","0","13","1","0","0","1","15","58","9","73","0","0","0","9"
"경기도교육청","경기도화성오산교육지원청","경기도 화성시 병점구","S090005020","안화중학교","03","공립","N","","0","1","0","1","0","1","0","1","0","0","0","0","4","8","0","12","6","32","4","38","0","1","1","1","0","0","0","0","0","1","0","1","0","0","0","0","0","1","0","1","0","0","0","0","4","18","0","22","0","0","0","0","14","63","5","77","0","0","0","5"
"경기도교육청","경기도화성오산교육지원청","경기도 오산시","S090005021","대호중학교","03","공립","N","","1","0","0","1","1","0","0","1","0","0","0","0","1","9","0","10","3","11","1","14","1","1","0","2","0","1","0","1","0","0","0","0","0","0","0","0","0","1","0","1","0","0","0","0","3","12","0","15","0","0","0","0","10","35","1","45","0","0","0","1"
"경기도교육청","경기도화성오산교육지원청","경기도 화성시 만세구","S090005022","두레자연중학교","03","사립","N","","0","0","0","0","0","1","0","1","0","0","0","0","2","0","0","2","2","3","0","5","0","0","0","0","0","0","0","0","0","0","0","0","0","0","0","0","0","0","0","0","0","0","0","0","1","4","0","5","0","0","0","0","5","8","0","13","0","0","0","0"
"경기도교육청","경기도구리남양주교육지원청","경기도 남양주시","S090005033","송라중학교","03","공립","N","","0","1","0","1","0","1","0","1","0","0","0","0","2","10","0","12","6","22","1","28","0","2","1","2","1","0","0","1","0","0","0","0","0","0","0","0","0","1","0","1","0","0","0","0","4","8","0","12","0","1","0","1","13","46","2","59","0","0","0","2"
"경기도교육청","경기도구리남양주교육지원청","경기도 남양주시","S090005034","장내중학교","03","공립","N","","0","1","0","1","0","1","0","1","0","0","0","0","1","9","0","10","8","21","4","29","0","1","0","1","0","0","0","0","0","0","0","0","0","0","0","0","0","1","0","1","0","0","0","0","4","11","0","15","0","0","0","0","13","45","4","58","0","0","0","4"
"경기도교육청","경기도고양교육지원청","경기도 고양시 덕양구","S090005035","목암중학교","03","공립","N","","1","0","0","1","1","0","0","1","0","0","0","0","3","5","0","8","10","28","9","38","0","1","0","1","0","1","1","1","0","0","0","0","0","0","0","0","0","1","0","1","0","1","0","1","8","8","0","16","0","0","0","0","23","45","10","68","0","0","0","10"
"경기도교육청","경기도안양과천교육지원청","경기도 안양시 동안구","S090005046","비산중학교","03","공립","N","","0","1","0","1","0","1","0","1","0","0","0","0","1","4","0","5","4","10","1","14","0","1","0","1","0","1","0","1","0","0","0","0","0","0","0","0","0","1","0","1","0","0","0","0","1","1","0","2","0","0","0","0","6","20","1","26","0","0","0","1"
"경기도교육청","경기도이천교육지원청","경기도 이천시","S090005111","증포중학교","03","공립","N","","0","1","0","1","1","0","0","1","0","0","0","0","2","10","0","12","9","22","4","31","1","1","0","2","0","1","0","1","0","0","0","0","0","0","0","0","0","1","0","1","0","0","0","0","8","12","0","20","0","0","0","0","21","48","4","69","0","0","0","4"
"경기도교육청","경기도의정부교육지원청","경기도 의정부시","S090005132","동암중학교","03","공립","N","","1","0","0","1","1","0","0","1","0","0","0","0","3","10","0","13","4","27","2","31","0","0","0","0","0","1","0","1","0","0","0","0","0","0","0","0","0","1","0","1","0","1","0","1","0","2","0","2","0","0","0","0","9","42","2","51","0","0","0","2"
"경기도교육청","경기도동두천양주교육지원청","경기도 양주시","S090005133","덕현중학교","03","공립","N","","1","0","0","1","0","1","0","1","0","0","0","0","2","9","0","11","10","25","3","35","1","1","1","2","0","0","0","0","0","0","0","0","0","0","0","0","0","0","0","0","0","1","0","1","5","14","0","19","0","0","0","0","19","51","4","70","0","0","0","4"
"경기도교육청","경기도성남교육지원청","경기도 성남시 분당구","S090005136","늘푸른중학교","03","공립","N","","0","1","0","1","1","0","0","1","0","0","0","0","1","11","0","12","4","20","3","24","0","1","0","1","0","1","1","1","0","0","0","0","0","0","0","0","0","1","0","1","0","1","0","1","2","6","0","8","0","0","0","0","8","42","4","50","0","0","0","4"
"경기도교육청","경기도수원교육지원청","경기도 수원시 영통구","S090005153","영동중학교","03","공립","N","","0","1","0","1","1","0","0","1","0","0","0","0","2","11","0","13","4","17","1","21","0","0","0","0","0","1","0","1","0","0","0","0","0","0","0","0","0","1","0","1","0","0","0","0","1","6","0","7","0","0","0","0","8","37","1","45","0","0","0","1"
"경기도교육청","경기도동두천양주교육지원청","경기도 양주시","S090005159","삼숭중학교","03","공립","N","","0","1","0","1","0","1","0","1","0","0","0","0","3","8","0","11","8","19","3","27","0","2","0","2","0","1","0","1","0","1","0","1","0","0","0","0","0","0","0","0","0","1","0","1","6","19","0","25","0","0","0","0","17","53","3","70","0","0","0","3"
"경기도교육청","경기도평택교육지원청","경기도 평택시","S090005161","장당중학교","03","공립","N","","0","1","0","1","1","0","0","1","0","0","0","0","8","4","0","12","6","5","2","11","0","1","0","1","0","1","0","1","0","0","0","0","0","0","0","0","0","1","1","1","0","0","0","0","4","10","0","14","0","0","0","0","19","23","3","42","0","0","0","3"
"경기도교육청","경기도구리남양주교육지원청","경기도 남양주시","S090005162","평내중학교","03","공립","N","","0","1","0","1","0","1","0","1","0","0","0","0","4","8","0","12","5","14","3","19","1","1","0","2","1","0","0","1","0","0","0","0","0","0","0","0","0","1","0","1","0","0","0","0","1","13","0","14","0","0","0","0","12","39","3","51","0","0","0","3"
"경기도교육청","경기도화성오산교육지원청","","S090005164","병점중학교","03","공립","N","","1","0","0","1","0","1","0","1","0","0","0","0","3","9","0","12","4","31","5","35","0","1","0","1","0","1","0","1","0","1","0","1","0","0","0","0","0","1","0","1","0","0","0","0","3","18","0","21","0","0","0","0","11","63","5","74","0","0","0","5"
"경기도교육청","경기도수원교육지원청","경기도 수원시 장안구","S090005172","조원중학교","03","공립","N","","0","1","0","1","0","1","0","1","0","0","0","0","2","10","0","12","4","21","2","25","0","3","1","3","0","1","0","1","0","0","0","0","0","0","0","0","0","1","0","1","0","0","0","0","2","8","0","10","0","0","0","0","8","46","3","54","0","0","0","3"
"경기도교육청","경기도수원교육지원청","경기도 수원시 권선구","S090005173","세류중학교","03","공립","N","","0","1","0","1","1","0","0","1","0","0","0","0","3","6","0","9","5","12","0","17","1","2","0","3","0","1","0","1","0","0","0","0","0","0","0","0","0","1","0","1","0","0","0","0","3","4","0","7","0","1","0","1","13","28","0","41","0","0","0","0"
"경기도교육청","경기도평택교육지원청","경기도 평택시","S090005174","비전중학교","03","공립","N","","1","0","0","1","0","1","0","1","0","0","0","0","6","6","0","12","4","21","3","25","1","3","1","4","0","0","0","0","0","0","0","0","0","0","0","0","0","0","0","0","0","0","0","0","8","16","0","24","0","0","0","0","20","47","4","67","0","0","0","4"
"경기도교육청","경기도화성오산교육지원청","","S090005175","기안중학교","03","공립","N","","0","1","0","1","0","1","0","1","0","0","0","0","2","8","0","10","5","13","4","18","0","2","0","2","0","1","0","1","0","0","0","0","0","0","0","0","0","1","0","1","0","0","0","0","3","12","0","15","0","1","0","1","10","40","4","50","0","0","0","4"
"경기도교육청","경기도안산교육지원청","경기도 안산시 상록구","S090005266","석호중학교","03","공립","N","","0","1","0","1","1","0","0","1","0","0","0","0","1","4","0","5","3","5","0","8","0","1","0","1","1","0","0","1","0","0","0","0","0","0","0","0","0","0","0","0","0","1","0","1","0","7","0","7","0","1","0","1","6","20","0","26","0","0","0","0"
"경기도교육청","경기도안산교육지원청","경기도 안산시 상록구","S090005268","광덕중학교","03","공립","N","","0","1","0","1","1","0","0","1","0","0","0","0","0","4","0","4","2","8","2","10","0","0","0","0","0","0","0","0","0","0","0","0","0","0","0","0","0","1","0","1","0","1","0","1","2","4","0","6","0","0","0","0","5","19","2","24","0","0","0","2"
"경기도교육청","경기도포천교육지원청","경기도 포천시","S090005287","송우중학교","03","공립","N","","1","0","0","1","1","0","0","1","0","0","0","0","4","6","0","10","7","16","4","23","1","0","0","1","1","0","0","1","0","0","0","0","0","0","0","0","0","1","0","1","0","0","0","0","1","4","0","5","0","0","0","0","16","27","4","43","0","0","0","4"
"경기도교육청","경기도안성교육지원청","경기도 안성시","S090005321","한겨레중학교","03","사립","N","","0","0","0","0","1","0","0","1","0","0","0","0","1","3","0","4","2","2","2","4","0","0","0","0","0","1","0","1","0","0","0","0","0","0","0","0","0","0","0","0","0","0","0","0","2","3","0","5","0","1","0","1","6","10","2","16","0","0","0","2"
"경기도교육청","경기도군포의왕교육지원청","경기도 군포시","S090005323","당정중학교","03","공립","N","","1","0","0","1","0","1","0","1","0","0","0","0","1","8","0","9","2","9","3","11","0","1","0","1","0","1","0","1","0","0","0","0","0","0","0","0","0","1","0","1","0","0","0","0","1","5","0","6","0","0","0","0","5","26","3","31","0","0","0","3"
"경기도교육청","경기도용인교육지원청","경기도 용인시 기흥구","S090005329","동백중학교","03","공립","N","","1","0","0","1","0","1","0","1","0","0","0","0","5","7","0","12","8","40","7","48","0","1","0","1","0","1","0","1","0","0","0","0","0","0","0","0","0","1","0","1","0","1","0","1","3","12","0","15","0","0","0","0","17","64","7","81","0","0","0","7"
"경기도교육청","경기도용인교육지원청","경기도 용인시 기흥구","S090005331","용인백현중학교","03","공립","N","","0","1","0","1","1","0","0","1","0","0","0","0","0","12","0","12","5","23","6","28","0","0","0","0","0","1","0","1","0","0","0","0","0","0","0","0","0","1","1","1","0","0","0","0","2","14","0","16","0","0","0","0","8","52","7","60","0","0","0","7"
"경기도교육청","경기도동두천양주교육지원청","경기도 동두천시","S090005335","송내중앙중학교","03","공립","N","","1","0","0","1","0","1","0","1","0","0","0","0","1","5","0","6","5","10","2","15","0","1","0","1","0","1","0","1","0","0","0","0","0","0","0","0","0","0","0","0","0","1","0","1","3","12","0","15","0","0","0","0","10","31","2","41","0","0","0","2"
"경기도교육청","경기도용인교육지원청","경기도 용인시 기흥구","S090005338","초당중학교","03","공립","N","","1","0","0","1","0","1","0","1","0","1","0","1","3","8","0","11","6","37","8","43","0","1","0","1","0","1","0","1","0","0","0","0","0","0","0","0","0","1","0","1","0","1","0","1","3","14","0","17","0","2","0","2","13","67","8","80","0","0","0","8"
"경기도교육청","경기도광주하남교육지원청","경기도 광주시","S090005342","광주광남중학교","03","공립","N","","0","1","0","1","1","0","0","1","0","0","0","0","1","11","0","12","6","35","9","41","0","1","1","1","0","0","0","0","0","0","0","0","0","0","0","0","0","1","0","1","0","1","0","1","7","22","0","29","0","0","0","0","15","72","10","87","0","0","0","10"
"경기도교육청","경기도평택교육지원청","경기도 평택시","S090005345","도곡중학교","03","공립","N","","0","1","0","1","1","0","0","1","0","0","0","0","3","5","0","8","7","11","2","18","0","1","0","1","1","0","0","1","0","0","0","0","0","0","0","0","0","0","0","0","0","0","0","0","2","9","0","11","0","0","0","0","14","27","2","41","0","0","0","2"
"경기도교육청","경기도여주교육지원청","경기도 여주시","S090005350","세종중학교","03","공립","N","","1","0","0","1","1","0","0","1","0","0","0","0","3","8","0","11","11","20","3","31","0","1","0","1","0","1","0","1","0","0","0","0","0","0","0","0","0","1","0","1","0","1","0","1","2","6","0","8","0","0","0","0","18","38","3","56","0","0","0","3"
"경기도교육청","경기도광주하남교육지원청","경기도 하남시","S090005351","신평중학교","03","공립","N","","0","1","0","1","0","1","0","1","0","0","0","0","2","9","0","11","0","26","4","26","0","1","1","1","0","1","0","1","0","0","0","0","0","0","0","0","0","1","0","1","0","1","0","1","5","8","0","13","0","1","0","1","7","50","5","57","0","0","0","5"
"경기도교육청","경기도구리남양주교육지원청","경기도 남양주시","S090005352","양오중학교","03","공립","N","","0","1","0","1","0","1","0","1","0","0","0","0","2","10","0","12","4","12","2","16","0","1","0","1","0","0","0","0","0","0","0","0","0","0","0","0","0","1","1","1","0","0","0","0","2","11","0","13","0","0","0","0","8","37","3","45","0","0","0","3"
"경기도교육청","경기도시흥교육지원청","경기도 시흥시","S090005353","월곶중학교","03","공립","N","","0","1","0","1","0","1","0","1","0","0","0","0","3","6","0","9","5","7","1","12","0","1","0","1","0","1","0","1","0","0","0","0","0","0","0","0","0","1","0","1","0","1","0","1","2","6","0","8","1","0","0","1","11","25","1","36","0","0","0","1"
"경기도교육청","경기도평택교육지원청","경기도 평택시","S090005354","이충중학교","03","공립","N","","1","0","0","1","1","0","0","1","0","0","0","0","5","4","0","9","5","9","0","14","1","1","0","2","0","0","0","0","0","0","0","0","0","0","0","0","0","1","0","1","0","0","0","0","4","10","0","14","0","0","0","0","17","25","0","42","0","0","0","0"
"경기도교육청","경기도구리남양주교육지원청","경기도 남양주시","S090005356","판곡중학교","03","공립","N","","1","0","0","1","0","1","0","1","0","0","0","0","0","11","0","11","9","30","7","39","1","0","0","1","1","0","0","1","0","0","0","0","0","0","0","0","0","1","0","1","0","0","0","0","6","9","0","15","0","0","0","0","18","52","7","70","0","0","0","7"
"경기도교육청","경기도고양교육지원청","경기도 고양시 일산동구","S090005358","풍산중학교","03","공립","N","","1","0","0","1","1","0","0","1","0","0","0","0","3","7","0","10","2","12","0","14","1","0","0","1","0","1","0","1","0","0","0","0","0","0","0","0","0","1","0","1","0","1","0","1","1","6","0","7","0","0","0","0","9","28","0","37","0","0","0","0"
"경기도교육청","경기도고양교육지원청","경기도 고양시 덕양구","S090005360","서정중학교","03","공립","N","","1","0","0","1","0","1","0","1","0","0","0","0","1","6","0","7","1","14","3","15","0","2","1","2","0","1","0","1","0","0","0","0","0","0","0","0","0","1","0","1","0","0","0","0","4","5","0","9","0","0","0","0","7","30","4","37","0","0","0","4"
"경기도교육청","경기도동두천양주교육지원청","경기도 양주시","S090005362","회천중학교","03","공립","N","","0","1","0","1","0","1","0","1","0","0","0","0","4","5","0","9","3","8","1","11","0","2","1","2","0","1","0","1","0","0","0","0","0","0","0","0","0","1","0","1","0","0","0","0","5","5","0","10","0","1","0","1","12","25","2","37","0","0","0","2"
"경기도교육청","경기도시흥교육지원청","경기도 시흥시","S090005387","시화중학교","03","공립","N","","0","1","0","1","1","0","0","1","0","0","0","0","2","5","0","7","6","8","1","14","0","1","0","1","0","1","0","1","0","0","0","0","0","0","0","0","0","1","0","1","0","0","0","0","4","6","0","10","0","0","0","0","13","23","1","36","0","0","0","1"
"경기도교육청","경기도김포교육지원청","경기도 김포시","S090005389","감정중학교","03","공립","N","","1","0","0","1","0","1","0","1","0","0","0","0","1","10","0","11","3","22","3","25","0","2","0","2","0","1","0","1","0","0","0","0","0","0","0","0","0","1","0","1","0","0","0","0","7","9","0","16","0","0","0","0","12","46","3","58","0","0","0","3"
"경기도교육청","경기도고양교육지원청","경기도 고양시 일산서구","S090005390","고양송산중학교","03","공립","N","","1","0","0","1","1","0","0","1","0","0","0","0","5","7","0","12","3","15","0","18","0","1","0","1","0","0","0","0","0","0","0","0","0","0","0","0","0","1","0","1","0","1","0","1","3","9","0","12","0","0","0","0","13","34","0","47","0","0","0","0"
"경기도교육청","경기도파주교육지원청","경기도 파주시","S090005391","금촌중학교","03","공립","N","","1","0","0","1","1","0","0","1","0","0","0","0","2","10","0","12","3","16","3","19","0","3","0","3","1","0","0","1","0","0","0","0","0","0","0","0","0","1","0","1","0","0","0","0","4","7","0","11","0","0","0","0","12","37","3","49","0","0","0","3"
"경기도교육청","경기도시흥교육지원청","경기도 시흥시","S090005392","논곡중학교","03","공립","N","","1","0","0","1","1","0","0","1","0","0","0","0","1","4","0","5","1","10","4","11","1","1","1","2","0","1","0","1","0","0","0","0","0","0","0","0","0","1","0","1","0","0","0","0","2","6","0","8","0","0","0","0","7","23","5","30","0","0","0","5"
"경기도교육청","경기도안산교육지원청","경기도 안산시 단원구","S090005394","단원중학교","03","공립","N","","1","0","0","1","1","0","0","1","0","0","0","0","4","7","0","11","6","12","5","18","0","1","0","1","0","0","0","0","0","0","0","0","0","0","0","0","0","1","0","1","0","0","0","0","4","13","0","17","0","0","0","0","16","34","5","50","0","0","0","5"
"경기도교육청","경기도파주교육지원청","경기도 파주시","S090005396","두일중학교","03","공립","N","","1","0","0","1","1","0","0","1","0","0","0","0","2","10","0","12","8","10","2","18","1","0","0","1","0","1","0","1","0","0","0","0","0","0","0","0","0","1","1","1","0","1","0","1","2","9","0","11","0","0","0","0","15","32","3","47","0","0","0","3"
"경기도교육청","경기도안성교육지원청","경기도 안성시","S090005398","비룡중학교","03","공립","N","","1","0","0","1","0","1","0","1","0","1","0","1","4","7","0","11","8","19","1","27","0","2","0","2","0","0","0","0","0","1","0","1","0","0","0","0","0","1","0","1","0","0","0","0","4","4","0","8","0","0","0","0","17","36","1","53","0","0","0","1"
"경기도교육청","경기도수원교육지원청","경기도 수원시 권선구","S090005400","서호중학교","03","공립","N","","1","0","0","1","1","0","0","1","0","0","0","0","2","5","0","7","2","7","3","9","0","2","0","2","0","0","0","0","0","0","0","0","0","0","0","0","0","1","0","1","0","0","0","0","3","4","0","7","0","0","0","0","9","19","3","28","0","0","0","3"
"경기도교육청","경기도안산교육지원청","경기도 안산시 단원구","S090005401","석수중학교","03","공립","N","","1","0","0","1","1","0","0","1","0","0","0","0","3","7","0","10","6","6","2","12","0","1","0","1","0","0","0","0","0","0","0","0","0","0","0","0","0","1","0","1","0","0","0","0","4","8","0","12","0","0","0","0","15","23","2","38","0","0","0","2"
"경기도교육청","경기도안산교육지원청","경기도 안산시 상록구","S090005405","안산성호중학교","03","공립","N","","1","0","0","1","1","0","0","1","0","0","0","0","1","11","0","12","6","10","0","16","1","0","0","1","0","1","0","1","0","0","0","0","0","0","0","0","0","1","0","1","0","0","0","0","2","12","0","14","0","0","0","0","12","35","0","47","0","0","0","0"
"경기도교육청","경기도용인교육지원청","경기도 용인시 처인구","S090005407","용천중학교","03","공립","N","","0","1","0","1","1","0","0","1","0","0","0","0","2","5","0","7","3","8","1","11","0","1","0","1","0","1","0","1","0","0","0","0","0","0","0","0","0","1","0","1","0","0","0","0","1","7","0","8","0","0","0","0","7","24","1","31","0","0","0","1"
"경기도교육청","경기도안양과천교육지원청","경기도 안양시 동안구","S090005409","임곡중학교","03","공립","N","","0","1","0","1","0","1","0","1","0","0","0","0","2","10","0","12","2","22","4","24","0","0","0","0","0","0","0","0","0","0","0","0","0","0","0","0","0","1","0","1","0","0","0","0","0","9","0","9","0","0","0","0","4","44","4","48","0","0","0","4"
"경기도교육청","경기도고양교육지원청","경기도 고양시 일산동구","S090005410","풍동중학교","03","공립","N","","0","1","0","1","0","1","0","1","0","0","0","0","5","7","0","12","4","25","4","29","0","0","0","0","0","0","0","0","0","0","0","0","0","0","0","0","0","1","1","1","0","1","0","1","2","13","0","15","0","1","0","1","11","50","5","61","0","0","0","5"
"경기도교육청","경기도가평교육지원청","경기도 가평군","S090005419","청심국제중학교","03","사립","N","","0","0","0","0","1","0","0","1","0","0","0","0","3","0","0","3","3","11","3","14","0","0","0","0","0","0","0","0","0","0","0","0","0","0","0","0","0","0","0","0","0","0","0","0","2","3","0","5","5","2","0","7","14","16","3","30","0","0","0","3"
"경기도교육청","경기도안산교육지원청","경기도 안산시 상록구","S090005420","안산해양중학교","03","공립","N","","1","0","0","1","1","0","0","1","0","0","0","0","2","8","0","10","4","10","6","14","0","1","0","1","0","1","0","1","0","0","0","0","0","0","0","0","0","1","0","1","0","0","0","0","3","12","0","15","0","0","0","0","11","33","6","44","0","0","0","6"
"경기도교육청","경기도화성오산교육지원청","경기도 오산시","S090005462","오산원일중학교","03","공립","N","","0","1","0","1","1","0","0","1","0","0","0","0","4","8","0","12","9","20","4","29","1","0","0","1","0","0","0","0","0","0","0","0","0","0","0","0","0","1","1","1","0","0","0","0","8","16","0","24","0","0","0","0","23","46","5","69","0","0","0","5"
"경기도교육청","경기도용인교육지원청","경기도 용인시 처인구","S090005468","고림중학교","03","공립","N","","1","0","0","1","1","0","0","1","0","0","0","0","2","10","0","12","5","22","7","27","1","0","0","1","0","1","0","1","0","0","0","0","0","0","0","0","0","1","0","1","0","0","0","0","4","9","0","13","0","1","0","1","14","44","7","58","0","0","0","7"
"경기도교육청","경기도수원교육지원청","경기도 수원시 권선구","S090005469","상촌중학교","03","공립","N","","1","0","0","1","1","0","0","1","0","0","0","0","3","9","0","12","8","29","8","37","1","0","0","1","0","0","0","0","0","0","0","0","0","0","0","0","0","0","0","0","0","1","0","1","5","12","0","17","0","0","0","0","19","51","8","70","0","0","0","8"
"경기도교육청","경기도화성오산교육지원청","경기도 화성시 병점구","S090005470","기산중학교","03","공립","N","","1","0","0","1","1","0","0","1","0","0","0","0","3","6","0","9","3","12","3","15","0","1","0","1","0","1","1","1","0","0","0","0","0","0","0","0","0","1","1","1","0","0","0","0","2","12","0","14","0","0","0","0","10","33","5","43","0","0","0","5"
"경기도교육청","경기도화성오산교육지원청","경기도 화성시 동탄구","S090005473","석우중학교","03","공립","N","","0","1","0","1","1","0","0","1","0","0","0","0","3","9","0","12","9","18","6","27","1","0","0","1","0","1","1","1","0","0","0","0","0","0","0","0","0","1","0","1","0","1","0","1","7","16","0","23","0","0","0","0","21","47","7","68","0","0","0","7"
"경기도교육청","경기도구리남양주교육지원청","경기도 남양주시","S090005475","어람중학교","03","공립","N","","0","1","0","1","0","1","0","1","0","0","0","0","2","11","0","13","8","14","4","22","0","1","0","1","0","0","0","0","0","0","0","0","0","0","0","0","0","0","0","0","0","0","0","0","4","10","0","14","0","1","0","1","14","39","4","53","0","0","0","4"
"경기도교육청","경기도수원교육지원청","경기도 수원시 영통구","S090005477","잠원중학교","03","공립","N","","1","0","0","1","1","0","0","1","0","0","0","0","4","8","0","12","5","40","8","45","0","1","1","1","0","1","0","1","0","0","0","0","0","0","0","0","0","1","0","1","0","0","0","0","7","6","0","13","0","0","0","0","18","57","9","75","0","0","0","9"
"경기도교육청","경기도용인교육지원청","경기도 용인시 기흥구","S090005479","보라중학교","03","공립","N","","0","1","0","1","0","1","0","1","0","0","0","0","2","10","0","12","7","36","6","43","1","1","0","2","0","1","0","1","0","0","0","0","0","0","0","0","0","1","0","1","0","0","0","0","4","13","0","17","0","0","0","0","14","64","6","78","0","0","0","6"
"경기도교육청","경기도의정부교육지원청","경기도 의정부시","S090005489","녹양중학교","03","공립","N","","0","1","0","1","0","1","0","1","0","0","0","0","5","4","0","9","2","10","1","12","0","1","0","1","0","1","0","1","0","0","0","0","0","0","0","0","0","1","0","1","0","1","0","1","1","5","0","6","0","0","0","0","8","25","1","33","0","0","0","1"
"경기도교육청","경기도의정부교육지원청","경기도 의정부시","S090005490","솔뫼중학교","03","공립","N","","0","1","0","1","0","1","0","1","0","0","0","0","2","7","0","9","2","12","1","14","0","0","0","0","0","1","1","1","0","1","0","1","0","0","0","0","0","1","0","1","0","1","0","1","1","5","0","6","0","0","0","0","5","30","2","35","0","0","0","2"
"경기도교육청","경기도수원교육지원청","경기도 수원시 영통구","S090005521","중앙기독중학교","03","사립","N","","1","0","0","1","1","0","0","1","0","0","0","0","1","3","0","4","2","6","0","8","1","0","0","1","0","0","0","0","0","0","0","0","0","0","0","0","0","0","0","0","0","0","0","0","4","3","0","7","0","0","0","0","10","12","0","22","0","0","0","0"
"경기도교육청","경기도화성오산교육지원청","경기도 화성시 효행구","S090005587","화성동화중학교","03","공립","N","","0","1","0","1","1","0","0","1","0","0","0","0","5","7","0","12","7","13","4","20","1","0","0","1","0","1","1","1","0","0","0","0","0","0","0","0","0","1","0","1","0","1","0","1","6","7","0","13","0","0","0","0","20","31","5","51","0","0","0","5"
"경기도교육청","경기도화성오산교육지원청","경기도 화성시 동탄구","S090005590","반송중학교","03","공립","N","","1","0","0","1","0","1","0","1","0","0","0","0","3","9","0","12","9","22","2","31","1","0","0","1","0","0","0","0","0","0","0","0","0","0","0","0","0","1","0","1","0","0","0","0","4","8","0","12","0","0","0","0","18","41","2","59","0","0","0","2"
"경기도교육청","경기도화성오산교육지원청","경기도 화성시 동탄구","S090005592","솔빛중학교","03","공립","N","","0","1","0","1","0","1","0","1","0","0","0","0","0","9","0","9","8","24","8","32","0","1","0","1","0","1","0","1","0","0","0","0","0","0","0","0","0","1","0","1","0","1","0","1","5","20","0","25","0","0","0","0","13","59","8","72","0","0","0","8"
"경기도교육청","경기도부천교육지원청","경기도 부천시 오정구","S090005604","수주중학교","03","공립","N","","0","1","0","1","1","0","0","1","0","0","0","0","3","8","0","11","3","20","3","23","0","3","1","3","0","1","0","1","0","0","0","0","0","0","0","0","0","1","0","1","0","1","0","1","6","5","0","11","0","0","0","0","13","40","4","53","0","0","0","4"
"경기도교육청","경기도부천교육지원청","경기도 부천시 원미구","S090005605","원미중학교","03","공립","N","","0","1","0","1","0","1","0","1","0","0","0","0","1","6","0","7","0","9","2","9","1","2","1","3","0","1","0","1","0","0","0","0","0","0","0","0","0","1","0","1","0","1","0","1","2","8","0","10","0","0","0","0","4","30","3","34","0","0","0","3"
"경기도교육청","경기도부천교육지원청","경기도 부천시 오정구","S090005606","까치울중학교","03","공립","N","","0","1","0","1","0","1","0","1","0","0","0","0","3","7","0","10","2","17","2","19","0","1","0","1","1","0","0","1","0","0","0","0","0","0","0","0","0","1","0","1","0","1","0","1","0","6","0","6","0","0","0","0","6","35","2","41","0","0","0","2"
"경기도교육청","경기도고양교육지원청","경기도 고양시 일산동구","S090005608","안곡중학교","03","공립","N","","1","0","0","1","0","1","0","1","0","0","0","0","5","7","0","12","7","29","2","36","2","3","0","5","0","0","0","0","0","1","0","1","0","0","0","0","0","1","0","1","0","1","0","1","6","7","0","13","0","0","0","0","21","50","2","71","0","0","0","2"
"경기도교육청","경기도용인교육지원청","경기도 용인시 기흥구","S090005609","청덕중학교","03","공립","N","","0","1","0","1","1","0","0","1","0","0","0","0","2","11","0","13","2","11","2","13","0","1","0","1","0","1","0","1","0","0","0","0","0","0","0","0","0","1","0","1","0","1","0","1","6","3","0","9","0","0","0","0","11","30","2","41","0","0","0","2"
"경기도교육청","경기도김포교육지원청","경기도 김포시","S090005611","고창중학교","03","공립","N","","1","0","0","1","0","1","0","1","0","0","0","0","2","9","0","11","7","25","5","32","0","0","0","0","0","1","0","1","0","0","0","0","0","0","0","0","0","0","0","0","0","1","0","1","6","12","0","18","0","0","0","0","16","49","5","65","0","0","0","5"
"경기도교육청","경기도시흥교육지원청","경기도 시흥시","S090005613","시흥능곡중학교","03","공립","N","","0","1","0","1","0","1","0","1","0","0","0","0","4","8","0","12","8","11","2","19","0","1","0","1","0","1","0","1","0","0","0","0","0","0","0","0","0","1","0","1","0","1","0","1","1","3","0","4","0","0","0","0","13","28","2","41","0","0","0","2"
"경기도교육청","경기도시흥교육지원청","경기도 시흥시","S090005614","응곡중학교","03","공립","N","","1","0","0","1","0","1","0","1","0","0","0","0","3","9","0","12","4","20","3","24","0","1","0","1","1","0","0","1","0","0","0","0","0","0","0","0","0","1","0","1","0","1","0","1","1","11","0","12","0","0","0","0","10","44","3","54","0","0","0","3"
"경기도교육청","경기도시흥교육지원청","경기도 시흥시","S090005615","시흥매화중학교","03","공립","N","","1","0","0","1","0","1","0","1","0","0","0","0","0","4","0","4","2","11","3","13","0","1","0","1","0","1","0","1","0","0","0","0","0","0","0","0","0","1","1","1","0","1","0","1","3","3","0","6","0","0","0","0","6","23","4","29","0","0","0","4"
"경기도교육청","경기도군포의왕교육지원청","경기도 의왕시","S090005616","모락중학교","03","공립","N","","1","0","0","1","0","1","0","1","0","0","0","0","1","11","0","12","3","25","2","28","0","1","0","1","0","1","0","1","0","1","0","1","0","0","0","0","0","1","0","1","0","1","0","1","1","5","0","6","2","1","0","3","8","48","2","56","1","0","1","2"
"경기도교육청","경기도시흥교육지원청","경기도 시흥시","S090005619","은계중학교","03","공립","N","","0","1","0","1","0","1","0","1","0","0","0","0","1","11","0","12","5","31","3","36","0","1","0","1","0","1","0","1","0","0","0","0","0","0","0","0","0","1","0","1","0","1","0","1","1","7","0","8","0","0","0","0","7","55","3","62","0","0","0","3"
"경기도교육청","경기도성남교육지원청","경기도 성남시 중원구","S090005620","도촌중학교","03","공립","N","","0","1","0","1","1","0","0","1","0","0","0","0","0","9","0","9","3","16","8","19","0","1","0","1","0","0","0","0","0","0","0","0","0","0","0","0","0","1","0","1","0","1","0","1","3","7","0","10","0","0","0","0","7","36","8","43","0","0","0","8"
"경기도교육청","경기도성남교육지원청","경기도 성남시 분당구","S090005622","샛별중학교","03","공립","N","","1","0","0","1","0","1","0","1","0","0","0","0","1","10","0","11","4","17","4","21","0","1","0","1","1","0","0","1","0","0","0","0","0","0","0","0","0","1","0","1","0","1","0","1","1","8","0","9","0","0","0","0","8","39","4","47","0","0","0","4"
"경기도교육청","경기도성남교육지원청","경기도 성남시 수정구","S090005623","수진중학교","03","공립","N","","0","1","0","1","0","1","0","1","0","0","0","0","0","5","0","5","0","11","3","11","1","3","0","4","0","0","0","0","0","0","0","0","0","0","0","0","0","1","0","1","0","1","0","1","2","3","0","5","0","0","0","0","3","26","3","29","0","0","0","3"
"경기도교육청","경기도화성오산교육지원청","","S090005654","능동중학교","03","공립","N","","1","0","0","1","0","1","0","1","1","0","0","1","0","12","0","12","8","16","0","24","1","2","0","3","0","1","0","1","0","0","0","0","0","0","0","0","0","1","0","1","0","1","0","1","3","12","0","15","0","0","0","0","14","46","0","60","0","0","0","0"
"경기도교육청","경기도화성오산교육지원청","","S090005657","와우중학교","03","공립","N","","1","0","0","1","0","1","0","1","0","0","0","0","4","7","0","11","8","25","4","33","1","0","0","1","0","0","0","0","0","0","0","0","0","0","0","0","0","1","0","1","0","1","0","1","3","13","0","16","0","0","0","0","17","48","4","65","0","0","0","4"
"경기도교육청","경기도화성오산교육지원청","경기도 화성시 동탄구","S090005661","푸른중학교","03","공립","N","","1","0","0","1","0","1","0","1","0","1","0","1","1","9","0","10","9","22","3","31","0","1","0","1","0","1","0","1","0","0","0","0","0","0","0","0","0","1","0","1","0","1","0","1","2","15","0","17","0","1","0","1","13","53","3","66","0","0","0","3"
"경기도교육청","경기도화성오산교육지원청","경기도 화성시 만세구","S090005662","향남중학교","03","공립","N","","1","0","0","1","1","0","0","1","0","0","0","0","4","5","0","9","8","33","2","41","1","0","0","1","0","1","0","1","0","0","0","0","0","0","0","0","0","1","0","1","1","0","0","1","2","18","0","20","0","0","0","0","18","58","2","76","0","0","0","2"
"경기도교육청","경기도구리남양주교육지원청","경기도 남양주시","S090005679","광릉중학교","03","공립","N","","1","0","0","1","1","0","0","1","0","0","0","0","0","2","0","2","4","9","1","13","0","1","0","1","0","1","0","1","0","0","0","0","0","0","0","0","0","1","1","1","0","1","0","1","3","5","0","8","0","0","0","0","9","20","2","29","0","0","0","2"
"경기도교육청","경기도김포교육지원청","경기도 김포시","S090005681","김포신곡중학교","03","공립","N","","0","1","0","1","0","1","0","1","0","0","0","0","0","12","0","12","10","19","3","29","0","1","0","1","0","1","0","1","0","0","0","0","0","0","0","0","0","0","0","0","0","1","0","1","1","9","0","10","0","0","0","0","11","45","3","56","0","0","0","3"
"경기도교육청","경기도구리남양주교육지원청","경기도 남양주시","S090005683","예봉중학교","03","공립","N","","0","1","0","1","0","1","0","1","0","0","0","0","2","11","0","13","5","16","7","21","0","1","0","1","0","1","0","1","0","0","0","0","0","0","0","0","0","1","0","1","0","1","0","1","2","14","0","16","0","0","0","0","9","47","7","56","0","0","0","7"
"경기도교육청","경기도안성교육지원청","경기도 안성시","S090005684","양진중학교","03","공립","N","","1","0","0","1","0","1","0","1","0","0","0","0","3","6","0","9","6","11","0","17","0","1","0","1","0","0","0","0","0","0","0","0","0","0","0","0","0","1","0","1","0","1","0","1","1","1","0","2","0","0","0","0","11","22","0","33","0","0","0","0"
"경기도교육청","경기도안산교육지원청","경기도 안산시 단원구","S090005689","신길중학교","03","공립","N","","0","1","0","1","1","0","0","1","1","0","0","1","2","9","0","11","6","15","6","21","0","2","0","2","0","1","0","1","0","0","0","0","0","0","0","0","1","0","0","1","0","0","0","0","4","13","0","17","0","1","0","1","15","42","6","57","0","0","0","6"
"경기도교육청","경기도파주교육지원청","경기도 파주시","S090005691","한빛중학교","03","공립","N","","1","0","0","1","1","0","0","1","0","0","0","0","3","8","0","11","1","36","3","37","0","0","0","0","0","0","0","0","0","0","0","0","0","0","0","0","0","1","0","1","0","0","0","0","5","7","0","12","0","0","0","0","11","52","3","63","0","0","0","3"
"경기도교육청","경기도수원교육지원청","경기도 수원시 영통구","S090005694","매탄중학교","03","공립","N","","0","1","0","1","1","0","0","1","0","0","0","0","1","11","0","12","2","21","3","23","0","1","0","1","0","1","1","1","0","0","0","0","0","0","0","0","0","1","0","1","0","0","0","0","3","7","0","10","0","0","0","0","7","43","4","50","0","0","0","4"
"경기도교육청","경기도성남교육지원청","경기도 성남시 분당구","S090005698","보평중학교","03","공립","N","","0","1","0","1","0","1","0","1","1","0","0","1","0","12","0","12","6","26","12","32","0","1","0","1","0","1","0","1","0","0","0","0","0","0","0","0","0","1","0","1","0","1","0","1","1","12","0","13","0","0","0","0","8","56","12","64","0","0","0","12"
"경기도교육청","경기도성남교육지원청","경기도 성남시 분당구","S090005700","운중중학교","03","공립","N","","0","1","0","1","0","1","0","1","0","0","0","0","1","8","0","9","1","23","7","24","0","1","0","1","0","0","0","0","0","0","0","0","0","0","0","0","0","1","0","1","0","1","0","1","4","7","0","11","0","0","0","0","6","43","7","49","0","0","0","7"
"경기도교육청","경기도성남교육지원청","경기도 성남시 분당구","S090005701","판교중학교","03","공립","N","","0","1","0","1","0","1","0","1","0","0","0","0","2","10","0","12","1","24","9","25","0","1","1","1","0","1","0","1","0","0","0","0","0","0","0","0","0","1","0","1","0","1","0","1","1","9","0","10","0","0","0","0","4","49","10","53","0","0","0","10"
"경기도교육청","경기도구리남양주교육지원청","경기도 남양주시","S090005704","가운중학교","03","공립","N","","0","1","0","1","0","1","0","1","0","0","0","0","3","3","0","6","0","10","0","10","3","1","1","4","0","1","0","1","0","0","0","0","0","0","0","0","0","1","0","1","0","0","0","0","3","6","0","9","0","0","0","0","9","24","1","33","0","0","0","1"
"경기도교육청","경기도고양교육지원청","경기도 고양시 덕양구","S090005707","성사중학교","03","공립","N","","1","0","0","1","0","1","0","1","0","0","0","0","2","8","0","10","0","14","4","14","0","1","1","1","0","1","1","1","0","0","0","0","0","0","0","0","0","1","0","1","0","0","0","0","5","9","0","14","0","0","0","0","8","35","6","43","0","0","0","6"
"경기도교육청","경기도구리남양주교육지원청","경기도 남양주시","S090005709","풍양중학교","03","공립","N","","1","0","0","1","0","1","0","1","0","0","0","0","2","10","0","12","13","32","6","45","0","1","0","1","0","0","0","0","0","0","0","0","0","0","0","0","0","1","0","1","0","0","0","0","5","13","0","18","0","0","0","0","21","58","6","79","0","0","0","6"
"경기도교육청","경기도광주하남교육지원청","경기도 하남시","S090005713","덕풍중학교","03","공립","N","","0","1","0","1","0","1","0","1","0","0","0","0","4","8","0","12","0","28","2","28","0","1","0","1","0","1","0","1","0","0","0","0","0","0","0","0","0","1","0","1","0","0","0","0","0","6","0","6","0","0","0","0","4","47","2","51","0","0","0","2"
"경기도교육청","경기도김포교육지원청","경기도 김포시","S090005746","신양중학교","03","공립","N","","0","1","0","1","0","1","0","1","0","0","0","0","1","7","0","8","2","8","0","10","0","1","0","1","0","1","0","1","0","0","0","0","0","0","0","0","0","1","0","1","0","0","0","0","2","5","0","7","0","0","0","0","5","25","0","30","0","0","0","0"
"경기도교육청","경기도용인교육지원청","경기도 용인시 수지구","S090005749","용인한빛중학교","03","공립","N","","0","1","0","1","0","1","0","1","0","0","0","0","0","9","0","9","1","14","2","15","0","2","0","2","0","0","0","0","0","0","0","0","0","0","0","0","0","1","0","1","0","0","0","0","2","8","0","10","0","2","0","2","3","38","2","41","0","0","0","2"
"경기도교육청","경기도김포교육지원청","경기도 김포시","S090005752","마송중학교","03","공립","N","","0","0","0","0","0","1","0","1","0","0","0","0","5","4","0","9","3","7","1","10","0","1","0","1","0","0","0","0","0","0","0","0","0","0","0","0","0","0","0","0","0","0","0","0","3","4","0","7","0","0","0","0","11","17","1","28","0","0","0","1"
"경기도교육청","경기도안산교육지원청","경기도 안산시 상록구","S090005755","이호중학교","03","공립","N","","0","1","0","1","0","1","0","1","0","0","0","0","3","8","0","11","6","22","1","28","0","2","0","2","0","1","0","1","0","0","0","0","0","0","0","0","0","1","0","1","0","1","0","1","5","10","0","15","0","0","0","0","14","47","1","61","0","0","0","1"
"경기도교육청","경기도화성오산교육지원청","경기도 오산시","S090005760","세마중학교","03","공립","N","","1","0","0","1","1","0","0","1","0","0","0","0","2","6","0","8","5","25","5","30","0","2","0","2","1","0","0","1","0","0","0","0","0","0","0","0","0","1","0","1","0","1","0","1","5","15","0","20","0","1","0","1","15","51","5","66","0","0","0","5"
"경기도교육청","경기도광명교육지원청","경기도 광명시","S090005764","충현중학교","03","공립","N","","1","0","0","1","0","1","0","1","0","0","0","0","0","9","0","9","3","12","2","15","0","1","0","1","0","1","0","1","0","0","0","0","0","0","0","0","0","1","0","1","0","0","0","0","2","2","0","4","0","1","0","1","6","28","2","34","0","0","0","2"
"경기도교육청","경기도수원교육지원청","경기도 수원시 영통구","S090005767","수원원일중학교","03","공립","N","","1","0","0","1","1","0","0","1","0","0","0","0","2","1","0","3","2","7","1","9","0","0","0","0","0","0","0","0","0","0","0","0","0","0","0","0","0","1","0","1","0","0","0","0","1","2","0","3","0","0","0","0","7","11","1","18","0","0","0","1"
"경기도교육청","경기도용인교육지원청","경기도 용인시 기흥구","S090005775","흥덕중학교","03","공립","N","","0","1","0","1","0","1","0","1","0","0","0","0","1","11","0","12","6","37","11","43","0","2","0","2","0","0","0","0","0","0","0","0","0","0","0","0","0","1","0","1","0","0","0","0","3","16","0","19","0","0","0","0","10","69","11","79","0","0","0","11"
"경기도교육청","경기도구리남양주교육지원청","경기도 남양주시","S090005779","별가람중학교","03","공립","N","","1","0","0","1","0","1","0","1","0","0","0","0","4","8","0","12","6","27","2","33","0","1","0","1","0","1","0","1","0","0","0","0","0","0","0","0","0","1","1","1","0","0","0","0","6","10","0","16","0","0","0","0","17","49","3","66","0","0","0","3"
"경기도교육청","경기도구리남양주교육지원청","경기도 남양주시","S090005783","화접중학교","03","공립","N","","0","1","0","1","0","1","0","1","0","1","0","1","4","6","0","10","4","7","0","11","1","0","0","1","0","0","0","0","0","1","0","1","0","0","0","0","0","1","0","1","0","1","0","1","0","12","0","12","0","1","0","1","9","32","0","41","0","0","0","0"
"경기도교육청","경기도화성오산교육지원청","경기도 오산시","S090005832","문시중학교","03","공립","N","","0","1","0","1","0","1","0","1","0","0","0","0","3","9","0","12","12","23","2","35","1","0","0","1","0","1","0","1","0","0","0","0","0","0","0","0","0","1","0","1","0","1","0","1","6","16","0","22","0","0","0","0","22","53","2","75","0","0","0","2"
"경기도교육청","경기도성남교육지원청","경기도 성남시 분당구","S090005834","삼평중학교","03","공립","N","","0","1","0","1","0","1","0","1","0","0","0","0","0","13","0","13","1","19","5","20","0","1","0","1","0","2","2","2","0","0","0","0","0","0","0","0","0","1","0","1","0","0","0","0","0","9","0","9","0","0","0","0","1","47","7","48","0","0","0","7"
"경기도교육청","경기도고양교육지원청","경기도 고양시 일산서구","S090005857","덕이중학교","03","공립","N","","0","1","0","1","1","0","0","1","0","0","0","0","1","11","0","12","12","32","7","44","0","0","0","0","0","0","0","0","0","1","0","1","0","0","0","0","0","1","0","1","0","1","0","1","2","18","0","20","0","0","0","0","16","65","7","81","0","0","0","7"
"경기도교육청","경기도안성교육지원청","경기도 안성시","S090005859","만정중학교","03","공립","N","","0","1","0","1","1","1","0","2","0","0","0","0","3","9","0","12","12","26","2","38","0","1","1","1","0","1","0","1","0","1","0","1","0","0","0","0","0","1","0","1","0","1","0","1","4","4","0","8","0","1","0","1","20","47","3","67","0","0","0","3"
"경기도교육청","경기도용인교육지원청","경기도 용인시 기흥구","S090005861","상하중학교","03","공립","N","","1","0","0","1","0","1","0","1","0","0","0","0","1","4","0","5","1","11","2","12","0","1","0","1","0","1","0","1","0","0","0","0","0","0","0","0","0","1","0","1","0","1","1","1","2","7","0","9","0","0","0","0","5","27","3","32","0","0","0","3"
"경기도교육청","경기도용인교육지원청","경기도 용인시 기흥구","S090005863","서천중학교","03","공립","N","","0","1","0","1","0","1","0","1","0","0","0","0","1","11","0","12","4","27","3","31","1","1","1","2","0","1","0","1","0","0","0","0","0","0","0","0","0","1","0","1","0","1","0","1","5","8","0","13","0","0","0","0","11","52","4","63","0","0","0","4"
"경기도교육청","경기도파주교육지원청","경기도 파주시","S090005865","선유중학교","03","공립","N","","1","0","0","1","0","1","0","1","0","0","0","0","4","5","0","9","5","21","2","26","1","1","0","2","1","0","0","1","0","0","0","0","0","0","0","0","0","1","0","1","0","0","0","0","3","3","0","6","0","0","0","0","15","32","2","47","0","0","0","2"
"경기도교육청","경기도용인교육지원청","경기도 용인시 수지구","S090005868","성서중학교","03","공립","N","","1","0","0","1","0","1","0","1","0","0","0","0","0","12","0","12","4","32","7","36","0","1","0","1","0","1","1","1","0","1","0","1","0","0","0","0","0","1","0","1","0","1","0","1","2","13","0","15","0","0","0","0","7","63","8","70","0","0","0","8"
"경기도교육청","경기도화성오산교육지원청","","S090005875","예당중학교","03","공립","N","","0","1","0","1","0","1","0","1","0","0","0","0","4","8","0","12","6","14","1","20","0","1","1","1","0","1","0","1","0","0","0","0","0","0","0","0","0","1","0","1","0","1","0","1","5","10","0","15","1","0","0","1","16","38","2","54","0","0","0","2"
"경기도교육청","경기도광주하남교육지원청","경기도 광주시","S090005876","신현중학교","03","공립","N","","0","1","0","1","0","1","0","1","0","0","0","0","2","9","0","11","3","26","6","29","1","0","0","1","1","0","0","1","0","0","0","0","0","0","0","0","0","1","0","1","0","1","0","1","8","17","0","25","0","1","0","1","15","57","6","72","0","0","0","6"
"경기도교육청","경기도파주교육지원청","경기도 파주시","S090005877","한가람중학교","03","공립","N","","0","1","0","1","1","0","0","1","0","0","0","0","4","8","0","12","6","27","4","33","0","1","0","1","0","0","0","0","0","0","0","0","0","0","0","0","0","1","0","1","0","1","0","1","2","9","0","11","0","0","0","0","13","48","4","61","0","0","0","4"
"경기도교육청","경기도수원교육지원청","경기도 수원시 영통구","S090005878","광교중학교","03","공립","N","","1","0","0","1","0","1","0","1","0","0","0","0","2","8","0","10","2","18","5","20","0","1","0","1","0","0","0","0","1","0","0","1","0","0","0","0","0","1","0","1","0","0","0","0","2","9","0","11","0","1","0","1","8","39","5","47","0","0","0","5"
"경기도교육청","경기도수원교육지원청","경기도 수원시 영통구","S090005881","이의중학교","03","공립","N","","0","1","0","1","1","0","0","1","0","0","0","0","0","9","0","9","3","16","6","19","0","1","0","1","0","0","0","0","0","0","0","0","0","0","0","0","0","1","0","1","0","0","0","0","3","8","0","11","0","0","0","0","7","36","6","43","0","0","0","6"
"경기도교육청","경기도김포교육지원청","경기도 김포시","S090005884","푸른솔중학교","03","공립","N","","1","0","0","1","1","0","0","1","0","0","0","0","4","7","0","11","4","29","4","33","0","1","0","1","1","0","0","1","0","0","0","0","0","0","0","0","0","1","0","1","0","0","0","0","4","14","0","18","0","0","0","0","15","52","4","67","0","0","0","4"
"경기도교육청","경기도평택교육지원청","경기도 평택시","S090005887","청옥중학교","03","공립","N","","1","0","0","1","1","0","0","1","0","0","0","0","3","9","0","12","12","28","6","40","0","1","0","1","0","1","0","1","0","0","0","0","0","0","0","0","0","1","0","1","1","0","0","1","9","21","0","30","0","0","0","0","27","61","6","88","0","0","0","6"
"경기도교육청","경기도광주하남교육지원청","경기도 광주시","S090005889","초월중학교","03","공립","N","","0","1","0","1","1","0","0","1","0","1","0","1","3","12","0","15","12","31","6","43","0","2","1","2","0","1","0","1","0","0","0","0","0","0","0","0","0","1","0","1","0","0","0","0","7","15","0","22","0","0","0","0","23","64","7","87","0","0","0","7"
"경기도교육청","경기도김포교육지원청","경기도 김포시","S090005911","운양중학교","03","공립","N","","0","1","0","1","1","0","0","1","0","0","0","0","4","8","0","12","7","31","5","38","0","1","0","1","1","0","0","1","0","0","0","0","0","0","0","0","0","1","0","1","0","1","0","1","4","14","0","18","0","0","0","0","17","57","5","74","0","0","0","5"
"경기도교육청","경기도용인교육지원청","경기도 용인시 처인구","S090006027","고진중학교","03","공립","N","","0","1","0","1","1","0","0","1","1","0","0","1","3","8","0","11","3","13","0","16","0","1","0","1","0","0","0","0","0","1","0","1","0","0","0","0","0","1","0","1","0","1","0","1","2","5","0","7","0","0","0","0","10","31","0","41","0","0","0","0"
"경기도교육청","경기도용인교육지원청","경기도 용인시 수지구","S090006035","신봉중학교","03","공립","N","","1","0","0","1","0","1","0","1","0","0","0","0","0","13","0","13","1","16","4","17","0","1","0","1","0","1","0","1","0","0","0","0","0","0","0","0","0","1","0","1","0","0","0","0","3","9","0","12","0","0","0","0","5","42","4","47","0","0","0","4"
"경기도교육청","경기도용인교육지원청","경기도 용인시 처인구","S090006036","한숲중학교","03","공립","N","","0","1","0","1","1","0","0","1","0","0","0","0","2","9","0","11","3","27","5","30","0","1","0","1","1","0","0","1","0","0","0","0","0","0","0","0","0","1","0","1","0","1","0","1","3","8","0","11","0","0","0","0","10","48","5","58","0","0","0","5"
"경기도교육청","경기도김포교육지원청","경기도 김포시","S090006045","하늘빛중학교","03","공립","N","","1","0","0","1","1","0","0","1","0","0","0","0","1","10","0","11","8","26","4","34","0","1","0","1","0","1","0","1","0","0","0","0","0","0","0","0","0","1","0","1","0","1","0","1","5","11","0","16","1","0","0","1","17","51","4","68","0","0","0","4"
"경기도교육청","경기도동두천양주교육지원청","경기도 양주시","S090006056","율정중학교","03","공립","N","","0","1","0","1","1","0","0","1","0","1","0","1","2","6","0","8","4","22","2","26","1","1","0","2","0","0","0","0","0","1","0","1","0","0","0","0","0","1","0","1","0","1","0","1","7","14","0","21","0","1","0","1","15","49","2","64","0","0","0","2"
"경기도교육청","경기도동두천양주교육지원청","경기도 양주시","S090006060","옥빛중학교","03","공립","N","","0","1","0","1","1","0","0","1","0","0","0","0","4","9","0","13","12","25","5","37","0","1","0","1","0","0","0","0","0","0","0","0","0","0","0","0","0","1","0","1","0","1","0","1","6","23","0","29","0","0","0","0","23","61","5","84","0","0","0","5"
"경기도교육청","경기도고양교육지원청","경기도 고양시 덕양구","S090006089","원흥중학교","03","공립","N","","1","0","0","1","0","1","0","1","0","1","0","1","2","3","0","5","0","13","2","13","1","0","0","1","0","0","0","0","0","0","0","0","0","0","0","0","0","1","0","1","0","1","0","1","2","1","0","3","0","0","0","0","6","21","2","27","0","0","0","2"
"경기도교육청","경기도성남교육지원청","경기도 성남시 수정구","S090006105","위례중앙중학교","03","공립","N","","0","1","0","1","0","1","0","1","0","0","0","0","0","8","0","8","1","11","2","12","0","0","0","0","0","1","0","1","0","0","0","0","0","0","0","0","0","1","0","1","0","1","0","1","1","6","0","7","0","0","0","0","2","30","2","32","0","0","0","2"
"경기도교육청","경기도성남교육지원청","경기도 성남시 수정구","S090006106","위례한빛중학교","03","공립","N","","0","1","0","1","0","1","0","1","0","0","0","0","3","11","0","14","4","50","12","54","0","1","1","1","0","1","1","1","0","0","0","0","0","0","0","0","0","1","1","1","0","1","1","1","3","18","0","21","1","1","0","2","11","86","16","97","0","0","0","16"
"경기도교육청","경기도시흥교육지원청","경기도 시흥시","S090006119","배곧중학교","03","공립","N","","1","0","0","1","0","1","0","1","0","0","0","0","3","9","0","12","12","38","7","50","0","1","0","1","0","1","0","1","0","0","0","0","0","0","0","0","0","1","0","1","0","1","0","1","5","18","0","23","0","1","0","1","21","71","7","92","0","0","0","7"
"경기도교육청","경기도시흥교육지원청","경기도 시흥시","S090006148","시흥가온중학교","03","공립","N","","1","0","0","1","0","1","0","1","0","0","0","0","1","10","0","11","8","30","4","38","0","1","1","1","0","0","0","0","0","0","0","0","0","0","0","0","0","1","0","1","0","1","0","1","5","14","0","19","0","0","0","0","15","58","5","73","0","0","0","5"
"경기도교육청","경기도화성오산교육지원청","경기도 화성시 만세구","S090006155","하길중학교","03","공립","N","","0","1","0","1","1","0","0","1","0","0","0","0","4","8","0","12","12","24","1","36","0","2","0","2","1","0","0","1","0","0","0","0","0","0","0","0","0","1","0","1","0","1","0","1","5","15","0","20","0","0","0","0","23","52","1","75","0","0","0","1"
"경기도교육청","경기도파주교육지원청","경기도 파주시","S090006158","산내중학교","03","공립","N","","0","1","0","1","0","1","0","1","0","0","0","0","3","8","0","11","4","31","6","35","0","1","1","1","0","1","0","1","0","0","0","0","0","0","0","0","0","0","0","0","0","1","0","1","4","12","0","16","0","0","0","0","11","56","7","67","0","0","0","7"
"경기도교육청","경기도파주교육지원청","경기도 파주시","S090006159","산들중학교","03","공립","N","","1","0","0","1","1","0","0","1","0","0","0","0","3","7","0","10","7","28","4","35","0","1","0","1","0","0","0","0","0","0","0","0","0","0","0","0","0","1","0","1","0","1","0","1","3","11","0","14","1","0","0","1","16","49","4","65","0","0","0","4"
"경기도교육청","경기도파주교육지원청","경기도 파주시","S090006160","운정중학교","03","공립","N","","0","1","0","1","1","0","0","1","1","0","0","1","4","8","0","12","4","29","4","33","0","2","1","2","1","0","0","1","0","0","0","0","0","0","0","0","0","0","0","0","0","1","0","1","1","15","0","16","0","0","0","0","12","56","5","68","0","0","0","5"
"경기도교육청","경기도성남교육지원청","경기도 성남시 분당구","S090006422","낙원중학교","03","공립","N","","1","0","0","1","1","0","0","1","0","0","0","0","1","10","0","11","3","17","4","20","1","0","0","1","0","1","0","1","0","1","0","1","0","0","0","0","0","1","0","1","0","0","0","0","1","7","0","8","0","0","0","0","8","37","4","45","0","0","0","4"
"경기도교육청","경기도군포의왕교육지원청","경기도 의왕시","S090006423","덕장중학교","03","공립","N","","0","1","0","1","0","1","0","1","0","0","0","0","0","8","0","8","2","10","2","12","0","1","0","1","0","0","0","0","0","0","0","0","0","0","0","0","0","1","0","1","0","0","0","0","1","5","0","6","0","1","0","1","3","28","2","31","0","1","1","2"
"경기도교육청","경기도파주교육지원청","경기도 파주시","S090006424","동패중학교","03","공립","N","","0","1","0","1","1","0","0","1","0","0","0","0","6","6","0","12","7","32","3","39","0","1","0","1","0","0","0","0","0","0","0","0","0","0","0","0","0","1","0","1","0","0","0","0","10","6","0","16","1","0","0","1","25","47","3","72","0","0","0","3"
"경기도교육청","경기도군포의왕교육지원청","경기도 군포시","S090006430","부곡중앙중학교","03","공립","N","","0","1","0","1","1","0","0","1","0","1","0","1","1","10","0","11","6","22","7","28","0","1","0","1","0","1","0","1","0","0","0","0","0","0","0","0","0","1","0","1","0","0","0","0","3","11","0","14","0","0","0","0","11","48","7","59","0","0","0","7"
"경기도교육청","경기도성남교육지원청","경기도 성남시 분당구","S090006438","신백현중학교","03","공립","N","","0","1","0","1","0","1","0","1","0","0","0","0","2","7","0","9","3","10","2","13","0","1","0","1","0","0","0","0","0","0","0","0","0","0","0","0","0","1","0","1","0","0","0","0","1","5","0","6","0","0","0","0","6","26","2","32","0","0","0","2"
"경기도교육청","경기도김포교육지원청","경기도 김포시","S090006442","양도중학교","03","공립","N","","0","1","0","1","0","1","0","1","0","0","0","0","3","9","0","12","4","21","5","25","0","1","0","1","0","1","0","1","0","0","0","0","0","0","0","0","0","0","0","0","0","0","0","0","3","13","0","16","0","0","0","0","10","47","5","57","0","0","0","5"
"경기도교육청","경기도이천교육지원청","경기도 이천시","S090006448","이천사동중학교","03","공립","N","","1","0","0","1","1","0","0","1","1","0","0","1","7","4","0","11","10","15","2","25","0","1","0","1","0","1","0","1","0","0","0","0","0","0","0","0","0","1","0","1","0","0","0","0","3","10","0","13","0","0","0","0","23","32","2","55","0","0","0","2"
"경기도교육청","경기도고양교육지원청","경기도 고양시 일산동구","S090006450","일산양일중학교","03","공립","N","","0","1","0","1","0","2","0","2","0","1","0","1","3","8","0","11","15","50","6","65","0","1","0","1","0","0","0","0","0","1","0","1","0","0","0","0","0","1","0","1","0","0","0","0","3","18","0","21","0","1","0","1","21","84","6","105","0","0","0","6"
"경기도교육청","경기도구리남양주교육지원청","경기도 남양주시","S090006451","주곡중학교","03","공립","N","","1","0","0","1","0","1","0","1","0","0","0","0","3","8","0","11","3","22","4","25","1","0","0","1","1","0","0","1","0","0","0","0","0","0","0","0","0","1","0","1","0","0","0","0","4","8","0","12","0","0","0","0","13","40","4","53","0","0","0","4"
"경기도교육청","경기도파주교육지원청","경기도 파주시","S090006457","해솔중학교","03","공립","N","","1","0","0","1","1","0","0","1","0","0","0","0","2","10","0","12","4","21","1","25","0","1","0","1","0","1","0","1","0","0","0","0","0","0","0","0","0","1","0","1","0","0","0","0","1","8","0","9","0","0","0","0","9","42","1","51","0","0","0","1"
"경기도교육청","경기도의정부교육지원청","경기도 의정부시","S090006560","송양중학교","03","공립","N","","0","1","0","1","1","0","0","1","0","0","0","0","5","7","0","12","10","31","7","41","1","0","1","1","0","1","1","1","0","0","0","0","0","0","0","0","0","1","0","1","0","1","0","1","5","8","0","13","1","1","0","2","23","51","9","74","0","0","0","9"
"경기도교육청","경기도수원교육지원청","경기도 수원시 장안구","S090006576","경기체육중학교","03","공립","N","","0","0","0","0","1","0","0","1","0","0","0","0","2","2","0","4","2","5","0","7","0","0","0","0","0","0","0","0","0","0","0","0","0","0","0","0","0","0","0","0","0","0","0","0","0","1","0","1","0","0","0","0","5","8","0","13","0","0","0","0"
"경기도교육청","경기도화성오산교육지원청","경기도 화성시 병점구","S090006652","화성반월중학교","03","공립","N","","1","0","0","1","1","0","0","1","0","0","0","0","1","12","0","13","8","22","1","30","0","1","0","1","0","0","0","0","0","0","0","0","0","0","0","0","0","1","0","1","0","1","0","1","4","5","0","9","1","0","0","1","16","42","1","58","0","0","0","1"
"경기도교육청","경기도김포교육지원청","경기도 김포시","S090006779","은여울중학교","03","공립","N","","0","1","0","1","1","0","0","1","0","0","0","0","0","10","0","10","4","33","5","37","1","0","0","1","0","1","1","1","0","0","0","0","0","0","0","0","0","1","0","1","0","1","0","1","4","16","0","20","0","0","0","0","10","63","6","73","0","0","0","6"
"경기도교육청","경기도고양교육지원청","경기도 고양시 덕양구","S090006780","신원중학교","03","공립","N","","0","1","0","1","0","1","0","1","0","0","0","0","5","6","0","11","6","31","7","37","0","2","0","2","0","1","0","1","0","0","0","0","0","0","0","0","0","1","0","1","0","1","0","1","2","18","0","20","0","0","0","0","13","62","7","75","0","0","0","7"
"경기도교육청","경기도수원교육지원청","경기도 수원시 영통구","S090006781","수원다산중학교","03","공립","N","","1","0","0","1","0","1","0","1","0","0","0","0","1","14","0","15","3","38","9","41","1","0","0","1","0","1","1","1","0","0","0","0","0","0","0","0","0","1","0","1","0","1","0","1","2","13","0","15","0","0","0","0","8","69","10","77","0","0","0","10"
"경기도교육청","경기도수원교육지원청","경기도 수원시 권선구","S090006782","능실중학교","03","공립","N","","1","0","0","1","0","1","0","1","0","0","0","0","3","9","0","12","6","31","6","37","0","2","0","2","1","0","0","1","0","0","0","0","0","0","0","0","0","1","0","1","0","0","0","0","1","8","0","9","0","0","0","0","12","52","6","64","0","0","0","6"
"경기도교육청","경기도김포교육지원청","경기도 김포시","S090006783","김포한가람중학교","03","공립","N","","0","1","0","1","0","1","0","1","0","0","0","0","3","9","0","12","6","22","4","28","0","1","0","1","0","1","0","1","0","0","0","0","0","0","0","0","0","1","0","1","0","0","0","0","4","15","0","19","0","0","0","0","13","51","4","64","0","0","0","4"
"경기도교육청","경기도용인교육지원청","경기도 용인시 기흥구","S090006784","어정중학교","03","공립","N","","1","0","0","1","1","0","0","1","0","0","0","0","2","10","0","12","2","22","3","24","0","1","0","1","0","1","0","1","0","0","0","0","0","0","0","0","0","1","0","1","0","0","0","0","4","8","0","12","0","0","0","0","10","43","3","53","0","0","0","3"
"경기도교육청","경기도구리남양주교육지원청","경기도 남양주시","S090006800","천마중학교","03","공립","N","","1","0","0","1","1","0","0","1","0","0","0","0","3","7","0","10","2","11","2","13","0","1","0","1","1","0","0","1","0","0","0","0","0","0","0","0","0","1","0","1","0","1","0","1","2","10","0","12","0","0","0","0","10","31","2","41","0","0","0","2"
"경기도교육청","경기도동두천양주교육지원청","경기도 양주시","S090006805","옥정중학교","03","공립","N","","0","1","0","1","0","1","0","1","0","0","0","0","6","6","0","12","10","30","4","40","0","2","0","2","0","1","0","1","0","0","0","0","0","0","0","0","0","1","1","1","0","1","0","1","7","19","0","26","0","0","0","0","23","62","5","85","0","0","0","5"
"경기도교육청","경기도광주하남교육지원청","경기도 하남시","S090006912","미사강변중학교","03","공립","N","","0","1","0","1","0","1","0","1","0","0","0","0","2","10","0","12","7","49","8","56","0","2","0","2","0","0","0","0","0","0","0","0","0","0","0","0","0","1","0","1","0","0","0","0","3","15","0","18","5","0","0","5","17","79","8","96","0","0","0","8"
"경기도교육청","경기도화성오산교육지원청","","S090006934","한백중학교","03","공립","N","","0","1","0","1","0","1","0","1","0","0","0","0","2","10","0","12","3","37","6","40","0","1","0","1","0","0","0","0","0","0","0","0","0","0","0","0","0","1","0","1","0","1","0","1","5","16","0","21","0","0","0","0","10","68","6","78","0","0","0","6"
"경기도교육청","경기도화성오산교육지원청","경기도 화성시 동탄구","S090006939","청계중학교","03","공립","N","","1","0","0","1","0","1","0","1","0","0","0","0","3","6","0","9","5","40","9","45","0","1","0","1","0","0","0","0","0","0","0","0","0","0","0","0","0","1","0","1","0","1","0","1","6","15","0","21","0","0","0","0","15","65","9","80","0","0","0","9"
"경기도교육청","경기도화성오산교육지원청","","S090006944","방교중학교","03","공립","N","","1","0","0","1","1","0","0","1","0","0","0","0","4","8","0","12","8","30","3","38","0","1","0","1","0","1","0","1","0","0","0","0","0","0","0","0","0","1","0","1","0","1","0","1","5","15","0","20","0","1","0","1","19","58","3","77","0","0","0","3"
"경기도교육청","경기도고양교육지원청","경기도 고양시 덕양구","S090006953","도래울중학교","03","공립","N","","1","0","0","1","0","1","0","1","0","0","0","0","2","10","0","12","2","52","6","54","0","1","0","1","0","2","1","2","0","0","0","0","0","0","0","0","0","1","0","1","0","1","1","1","2","17","0","19","0","0","0","0","7","85","8","92","0","0","0","8"
"경기도교육청","경기도구리남양주교육지원청","경기도 남양주시","S090006966","한별중학교","03","공립","N","","1","0","0","1","1","0","0","1","0","0","0","0","1","10","0","11","8","19","5","27","0","1","0","1","0","1","0","1","0","0","0","0","0","0","0","0","0","1","0","1","0","0","0","0","3","12","0","15","0","0","0","0","14","44","5","58","0","0","0","5"
"경기도교육청","경기도광주하남교육지원청","경기도 하남시","S090007035","위례중학교","03","공립","N","","0","1","0","1","0","1","0","1","0","1","0","1","0","12","0","12","4","57","11","61","0","1","0","1","0","0","0","0","0","0","0","0","0","0","0","0","0","1","0","1","0","1","1","1","3","18","0","21","1","0","0","1","8","93","12","101","1","0","1","12"
"경기도교육청","경기도광주하남교육지원청","경기도 하남시","S090007036","은가람중학교","03","공립","N","","0","1","0","1","0","1","0","1","0","0","0","0","3","9","0","12","4","21","2","25","1","0","0","1","0","0","0","0","0","0","0","0","0","0","0","0","0","1","0","1","0","1","0","1","1","6","0","7","0","0","0","0","9","40","2","49","0","0","0","2"
"경기도교육청","경기도광주하남교육지원청","경기도 하남시","S090007037","미사중학교","03","공립","N","","0","1","0","1","0","1","0","1","0","0","0","0","5","6","0","11","5","47","5","52","0","1","1","1","0","0","0","0","0","0","0","0","0","0","0","0","0","1","0","1","0","1","0","1","4","11","0","15","0","0","0","0","14","69","6","83","0","0","0","6"
"경기도교육청","경기도시흥교육지원청","경기도 시흥시","S090007065","조남중학교","03","공립","N","","1","0","0","1","0","1","0","1","0","0","0","0","3","9","0","12","12","30","1","42","0","1","0","1","0","0","0","0","0","0","0","0","0","0","0","0","0","1","1","1","0","1","0","1","4","9","0","13","0","0","0","0","20","52","2","72","0","0","0","2"
"경기도교육청","경기도부천교육지원청","경기도 부천시 소사구","S090007115","옥길중학교","03","공립","N","","1","0","0","1","1","0","0","1","0","0","0","0","4","8","0","12","5","35","10","40","0","1","0","1","0","1","0","1","0","0","0","0","0","0","0","0","0","1","1","1","0","1","0","1","1","14","0","15","0","0","0","0","12","61","11","73","0","0","0","11"
"경기도교육청","경기도안양과천교육지원청","경기도 안양시 만안구","S090007124","박달중학교","03","공립","N","","1","0","0","1","0","1","0","1","0","0","0","0","0","12","0","12","2","18","3","20","0","2","1","2","0","1","0","1","0","0","0","0","0","0","0","0","0","1","0","1","0","1","1","1","2","6","0","8","0","0","0","0","5","42","5","47","0","0","0","5"
"경기도교육청","경기도화성오산교육지원청","","S090007127","다원중학교","03","공립","N","","0","1","0","1","1","0","0","1","0","0","0","0","3","9","0","12","5","36","7","41","0","1","0","1","0","1","0","1","0","0","0","0","0","0","0","0","0","1","0","1","0","1","0","1","5","15","0","20","0","0","0","0","14","65","7","79","0","0","0","7"
"경기도교육청","경기도구리남양주교육지원청","경기도 구리시","S090007157","갈매중학교","03","공립","N","","0","1","0","1","0","1","0","1","0","0","0","0","3","9","0","12","7","27","3","34","0","1","0","1","0","1","0","1","0","0","0","0","0","0","0","0","0","1","0","1","0","1","0","1","4","11","0","15","0","0","0","0","14","53","3","67","0","0","0","3"
"경기도교육청","경기도광주하남교육지원청","경기도 하남시","S090007158","윤슬중학교","03","공립","N","","0","1","0","1","0","1","0","1","0","0","0","0","1","14","0","15","5","47","6","52","0","1","1","1","0","0","0","0","0","0","0","0","0","0","0","0","0","1","0","1","0","1","0","1","5","11","0","16","0","1","0","1","11","78","7","89","0","0","0","7"
"경기도교육청","경기도화성오산교육지원청","경기도 화성시 만세구","S090007189","송린중학교","03","공립","N","","0","1","0","1","1","0","0","1","0","0","0","0","3","7","0","10","14","36","1","50","0","1","0","1","0","1","0","1","0","0","0","0","0","0","0","0","0","1","0","1","0","1","0","1","6","15","0","21","0","0","0","0","24","63","1","87","0","0","0","1"
"경기도교육청","경기도화성오산교육지원청","경기도 화성시 동탄구","S090007219","청림중학교","03","공립","N","","0","1","0","1","0","1","0","1","0","0","0","0","5","7","0","12","7","32","7","39","0","1","0","1","0","0","0","0","0","0","0","0","0","0","0","0","0","1","0","1","0","1","0","1","6","17","0","23","0","0","0","0","18","61","7","79","0","0","0","7"
"경기도교육청","경기도평택교육지원청","경기도 평택시","S090007237","용이중학교","03","공립","N","","1","0","0","1","0","1","0","1","0","0","0","0","2","9","0","11","6","21","1","27","0","2","0","2","0","0","0","0","0","0","0","0","0","0","0","0","0","1","0","1","0","1","0","1","5","12","0","17","0","0","0","0","14","47","1","61","0","0","0","1"
"경기도교육청","경기도구리남양주교육지원청","경기도 남양주시","S090007238","남양주다산중학교","03","공립","N","","0","1","0","1","0","1","0","1","0","0","0","0","1","10","0","11","10","32","3","42","1","0","0","1","0","1","0","1","0","0","0","0","0","0","0","0","0","1","0","1","0","1","0","1","5","13","0","18","0","2","0","2","17","62","3","79","0","0","0","3"
"경기도교육청","경기도화성오산교육지원청","경기도 화성시 동탄구","S090007242","동탄목동중학교","03","공립","N","","1","0","0","1","1","0","0","1","0","0","0","0","2","7","0","9","8","31","9","39","0","1","0","1","0","1","0","1","0","0","0","0","0","0","0","0","0","1","0","1","0","1","0","1","10","18","0","28","0","0","0","0","22","60","9","82","0","0","0","9"
"경기도교육청","경기도광주하남교육지원청","경기도 광주시","S090007253","매양중학교","03","공립","N","","1","0","0","1","0","1","0","1","0","0","0","0","1","11","0","12","7","22","3","29","1","0","0","1","0","1","0","1","0","0","0","0","0","0","0","0","0","1","0","1","0","1","0","1","4","14","0","18","0","0","0","0","14","51","3","65","0","0","0","3"
"경기도교육청","경기도성남교육지원청","경기도 성남시 수정구","S090007254","창성중학교","03","공립","N","","1","0","0","1","0","1","0","1","0","0","0","0","1","7","0","8","3","9","2","12","0","1","0","1","0","1","0","1","0","1","0","1","0","0","0","0","0","1","0","1","0","1","0","1","2","4","0","6","0","0","0","0","7","26","2","33","0","0","0","2"
"경기도교육청","경기도화성오산교육지원청","","S090007256","이산중학교","03","공립","N","","1","0","0","1","0","1","0","1","0","0","0","0","2","9","0","11","4","23","2","27","1","0","0","1","0","0","0","0","0","0","0","0","0","0","0","0","0","1","0","1","0","1","0","1","4","10","0","14","0","0","0","0","12","45","2","57","0","0","0","2"
"경기도교육청","경기도부천교육지원청","경기도 부천시 원미구","S090007311","도당중학교","03","공립","N","","1","0","0","1","1","0","0","1","0","0","0","0","1","9","0","10","3","17","1","20","0","1","0","1","0","1","0","1","0","0","0","0","0","0","0","0","0","1","0","1","0","0","0","0","2","7","0","9","0","0","0","0","8","36","1","44","0","0","0","1"
"경기도교육청","경기도구리남양주교육지원청","경기도 남양주시","S090007319","다산한강중학교","03","공립","N","","0","1","0","1","0","1","0","1","0","1","0","1","4","8","0","12","6","24","2","30","0","1","1","1","1","0","0","1","0","0","0","0","0","0","0","0","0","0","0","0","0","1","0","1","5","11","0","16","0","1","0","1","16","49","3","65","0","0","0","3"
"경기도교육청","경기도시흥교육지원청","경기도 시흥시","S090007324","배곧해솔중학교","03","공립","N","","0","1","0","1","1","1","0","2","0","1","0","1","4","8","0","12","20","36","8","56","1","1","2","2","0","0","0","0","0","0","0","0","0","0","0","0","0","1","0","1","0","1","0","1","7","16","0","23","0","0","0","0","33","66","10","99","0","0","0","10"
"경기도교육청","경기도화성오산교육지원청","경기도 화성시 만세구","S090007330","신백중학교","03","공립","N","","1","0","0","1","1","0","0","1","0","0","0","0","6","6","0","12","8","26","1","34","0","1","0","1","0","0","0","0","0","0","0","0","0","0","0","0","0","0","0","0","0","1","0","1","2","10","0","12","0","0","0","0","18","44","1","62","0","0","0","1"
"경기도교육청","경기도화성오산교육지원청","","S090007332","서연중학교","03","공립","N","","1","0","0","1","0","1","0","1","0","0","0","0","3","7","0","10","10","27","6","37","1","0","1","1","0","1","0","1","0","0","0","0","0","0","0","0","0","1","0","1","0","1","0","1","6","19","0","25","1","0","0","1","22","57","7","79","0","0","0","7"
"경기도교육청","경기도광명교육지원청","경기도 광명시","S090007339","빛가온중학교","03","공립","N","","1","0","0","1","0","1","0","1","0","0","0","0","2","9","0","11","4","25","2","29","0","1","0","1","0","0","0","0","0","0","0","0","0","0","0","0","0","1","1","1","0","1","0","1","0","10","0","10","0","0","0","0","7","48","3","55","0","0","0","3"
"경기도교육청","경기도고양교육지원청","경기도 고양시 덕양구","S090007376","향동중학교","03","공립","N","","1","0","0","1","0","1","0","1","0","0","0","0","1","9","0","10","4","25","5","29","0","1","1","1","0","0","0","0","0","1","0","1","0","0","0","0","0","1","0","1","0","1","0","1","3","11","0","14","0","0","0","0","9","50","6","59","0","0","0","6"
"경기도교육청","경기도광주하남교육지원청","경기도 하남시","S090007377","감일중학교","03","공립","N","","0","1","0","1","1","0","0","1","0","0","0","0","4","8","0","12","1","27","5","28","0","1","1","1","0","1","0","1","0","0","0","0","0","0","0","0","0","1","0","1","0","1","0","1","5","6","0","11","1","1","0","2","12","47","6","59","0","0","0","6"
"경기도교육청","경기도화성오산교육지원청","","S090007395","수현중학교","03","공립","N","","1","0","0","1","0","1","0","1","0","0","0","0","2","10","0","12","6","19","4","25","0","2","0","2","0","0","0","0","0","0","0","0","0","0","0","0","0","1","0","1","0","1","0","1","3","8","0","11","0","0","0","0","12","42","4","54","0","0","0","4"
"경기도교육청","경기도광주하남교육지원청","경기도 광주시","S090007406","태전중학교","03","공립","N","","1","0","0","1","1","0","0","1","0","0","0","0","1","11","0","12","7","23","0","30","0","1","1","1","0","0","0","0","0","0","0","0","0","0","0","0","0","1","1","1","0","1","0","1","3","20","0","23","0","0","0","0","13","57","2","70","0","0","0","2"
"경기도교육청","경기도고양교육지원청","경기도 고양시 덕양구","S090007440","지축중학교","03","공립","N","","0","1","0","1","1","0","0","1","0","0","0","0","0","12","0","12","7","26","6","33","0","0","0","0","0","0","0","0","0","0","0","0","0","0","0","0","0","1","0","1","0","1","0","1","3","16","0","19","0","1","0","1","11","58","6","69","0","0","0","6"
"경기도교육청","경기도안산교육지원청","경기도 안산시 상록구","S090007442","안산해솔중학교","03","공립","N","","0","1","0","1","0","1","0","1","0","0","0","0","1","10","0","11","9","22","1","31","0","1","0","1","0","0","0","0","0","0","0","0","0","0","0","0","0","1","0","1","0","1","0","1","2","12","0","14","0","0","0","0","12","49","1","61","0","0","0","1"
"경기도교육청","경기도구리남양주교육지원청","경기도 남양주시","S090007518","다산새봄중학교","03","공립","N","","0","1","0","1","0","1","0","1","0","1","0","1","2","10","0","12","9","32","5","41","0","2","1","2","0","1","0","1","0","0","0","0","0","0","0","0","0","1","0","1","0","1","0","1","3","19","0","22","0","2","0","2","14","71","6","85","0","0","0","6"
"경기도교육청","경기도광주하남교육지원청","경기도 하남시","S090007519","감일백제중학교","03","공립","N","","0","1","0","1","0","1","0","1","0","1","0","1","1","10","0","11","4","16","3","20","0","1","1","1","0","0","0","0","0","0","0","0","0","0","0","0","0","1","0","1","0","1","0","1","3","10","0","13","0","1","0","1","8","43","4","51","0","0","0","4"
"경기도교육청","경기도화성오산교육지원청","경기도 화성시 동탄구","S090007521","화성세정중학교","03","공립","N","","0","1","0","1","0","1","0","1","0","0","0","0","3","9","0","12","12","17","1","29","0","1","0","1","0","0","0","0","0","0","0","0","0","0","0","0","0","1","0","1","0","1","0","1","3","12","0","15","0","0","0","0","18","43","1","61","0","0","0","1"
"경기도교육청","경기도화성오산교육지원청","","S090007522","치동중학교","03","공립","N","","1","0","0","1","1","0","0","1","0","0","0","0","4","8","0","12","5","23","2","28","0","1","0","1","0","0","0","0","0","0","0","0","0","0","0","0","0","1","0","1","0","1","0","1","2","12","0","14","0","0","0","0","13","46","2","59","0","0","0","2"
"경기도교육청","경기도평택교육지원청","경기도 평택시","S090007572","민세중학교","03","공립","N","","1","0","0","1","0","1","0","1","0","1","0","1","4","7","0","11","9","28","2","37","0","1","0","1","0","1","0","1","0","0","0","0","0","0","0","0","0","0","0","0","0","1","0","1","5","11","0","16","0","1","0","1","19","52","2","71","0","0","0","2"
"경기도교육청","경기도파주교육지원청","경기도 파주시","S090007577","심학중학교","03","공립","N","","0","1","0","1","0","1","0","1","0","0","0","0","2","10","0","12","3","13","0","16","1","1","1","2","0","0","0","0","0","0","0","0","0","0","0","0","0","0","0","0","0","1","0","1","5","5","0","10","0","0","0","0","11","32","1","43","0","0","0","1"
"경기도교육청","경기도김포교육지원청","경기도 김포시","S090007580","나래중학교","03","공립","N","","0","1","0","1","0","1","0","1","0","0","0","0","0","12","0","12","10","24","3","34","0","2","0","2","0","1","0","1","0","0","0","0","0","0","0","0","0","1","0","1","0","1","0","1","4","14","0","18","0","0","0","0","14","57","3","71","0","0","0","3"
"경기도교육청","경기도부천교육지원청","경기도 부천시 소사구","S090007582","범박중학교","03","공립","N","","0","1","0","1","0","1","0","1","0","0","0","0","4","8","0","12","14","28","1","42","0","1","1","1","0","0","0","0","0","0","0","0","0","0","0","0","0","0","0","0","0","1","1","1","1","12","0","13","0","0","0","0","19","52","3","71","0","0","0","3"
"경기도교육청","경기도수원교육지원청","경기도 수원시 영통구","S090007608","광교호수중학교","03","공립","N","","0","1","0","1","0","1","0","1","0","0","0","0","3","11","0","14","5","20","1","25","0","1","1","1","0","0","0","0","0","1","1","1","0","0","0","0","0","1","0","1","0","1","0","1","2","8","0","10","0","0","0","0","10","45","3","55","0","0","0","3"
"경기도교육청","경기도김포교육지원청","경기도 김포시","S090007613","향산중학교","03","공립","N","","0","1","0","1","0","1","0","1","0","0","0","0","1","8","0","9","2","5","3","7","0","0","0","0","0","1","1","1","0","0","0","0","0","0","0","0","0","1","1","1","0","1","0","1","2","12","0","14","0","0","0","0","5","30","5","35","0","0","0","5"
"경기도교육청","경기도고양교육지원청","경기도 고양시 덕양구","S090007626","덕은한강중학교","03","공립","N","","1","0","0","1","1","0","0","1","0","1","0","1","0","10","0","10","1","15","4","16","0","1","0","1","0","0","0","0","0","0","0","0","0","0","0","0","0","0","0","0","0","1","0","1","3","13","0","16","0","0","0","0","6","41","4","47","0","0","0","4"
"경기도교육청","경기도김포교육지원청","경기도 김포시","S090007627","모담중학교","03","공립","N","","0","0","0","0","0","1","0","1","0","1","0","1","0","5","0","5","2","8","3","10","0","0","0","0","0","0","0","0","0","0","0","0","0","0","0","0","0","0","0","0","0","0","0","0","1","6","0","7","0","0","0","0","3","21","3","24","0","0","0","3"
"경기도교육청","경기도평택교육지원청","경기도 평택시","S090007628","동삭중학교","03","공립","N","","1","0","0","1","0","1","0","1","0","0","0","0","6","6","0","12","6","18","4","24","0","1","0","1","0","0","0","0","0","1","0","1","0","0","0","0","0","1","0","1","0","1","0","1","7","20","0","27","0","0","0","0","20","49","4","69","0","0","0","4"
"경기도교육청","경기도수원교육지원청","경기도 수원시 권선구","S090007630","규장중학교","03","공립","N","","0","1","0","1","0","1","0","1","0","1","0","1","0","3","0","3","3","5","0","8","0","0","0","0","0","0","0","0","0","0","0","0","0","0","0","0","0","0","0","0","0","0","0","0","0","2","0","2","0","0","0","0","3","13","0","16","0","0","0","0"
"경기도교육청","경기도구리남양주교육지원청","경기도 남양주시","S090007654","하랑중학교","03","공립","N","","0","0","0","0","0","1","0","1","0","0","0","0","1","4","0","5","2","9","0","11","0","1","0","1","0","0","0","0","0","0","0","0","0","0","0","0","0","1","0","1","0","0","0","0","2","3","0","5","0","0","0","0","5","19","0","24","0","0","0","0"
"경기도교육청","경기도성남교육지원청","경기도 성남시 분당구","S090007669","판교대장중학교","03","공립","N","","0","1","0","1","1","0","0","1","0","0","0","0","1","7","0","8","3","12","2","15","0","1","1","1","0","0","0","0","0","0","0","0","0","0","0","0","0","1","0","1","0","0","0","0","0","7","0","7","0","0","0","0","5","29","3","34","0","0","0","3"
"경기도교육청","경기도안양과천교육지원청","경기도 과천시","S090007679","과천율목중학교","03","공립","N","","0","0","0","0","0","1","0","1","0","1","0","1","2","6","0","8","0","11","1","11","1","0","1","1","0","0","0","0","1","0","0","1","0","0","0","0","0","0","0","0","0","1","1","1","2","5","0","7","0","0","0","0","6","25","3","31","0","0","0","3"
"경기도교육청","경기도화성오산교육지원청","경기도 오산시","S090007866","가수중학교","03","공립","N","","1","0","0","1","0","1","0","1","1","0","0","1","0","5","0","5","4","8","3","12","0","1","0","1","0","0","0","0","0","0","0","0","0","0","0","0","0","1","0","1","0","1","0","1","1","6","0","7","0","0","0","0","7","23","3","30","0","0","0","3"
"경기도교육청","경기도부천교육지원청","경기도 부천시 소사구","S090007867","옥길새길중학교","03","공립","N","","1","0","0","1","0","1","0","1","0","1","0","1","0","4","0","4","3","6","1","9","0","0","0","0","0","0","0","0","0","0","0","0","0","0","0","0","0","1","0","1","0","1","0","1","1","3","0","4","0","0","0","0","5","17","1","22","0","0","0","1"
"경기도교육청","경기도군포의왕교육지원청","경기도 의왕시","S090007875","내손중학교","03","공립","N","","0","0","0","0","0","1","0","1","0","1","0","1","0","5","0","5","2","11","1","13","0","1","1","1","0","0","0","0","0","1","0","1","0","0","0","0","0","1","1","1","0","1","0","1","0","5","0","5","0","0","0","0","2","27","3","29","0","0","0","3"
"경기도교육청","경기도화성오산교육지원청","경기도 화성시 만세구","S090007878","화성상신중학교","03","공립","N","","0","1","0","1","1","0","0","1","0","1","0","1","1","2","0","3","3","5","1","8","0","1","0","1","0","0","0","0","0","0","0","0","0","0","0","0","0","0","0","0","0","1","0","1","1","3","0","4","0","0","0","0","6","14","1","20","0","0","0","1"
"경기도교육청","경기도화성오산교육지원청","경기도 화성시 효행구","S090007879","화담중학교","03","공립","N","","0","1","0","1","1","0","0","1","0","1","0","1","2","7","0","9","0","7","3","7","1","2","1","3","0","0","0","0","0","0","0","0","0","0","0","0","0","1","0","1","0","1","0","1","7","11","0","18","0","0","0","0","11","31","4","42","0","0","0","4"
"경기도교육청","경기도평택교육지원청","경기도 평택시","S090007883","해창중학교","03","공립","N","","0","1","0","1","0","1","0","1","0","0","0","0","3","9","0","12","7","15","1","22","0","1","0","1","0","0","0","0","0","0","0","0","0","0","0","0","0","1","0","1","0","1","0","1","0","11","0","11","0","0","0","0","10","40","1","50","0","0","0","1"
"경기도교육청","경기도파주교육지원청","경기도 파주시","S090007904","다율중학교","03","공립","N","","1","0","0","1","0","1","0","1","0","1","0","1","3","9","0","12","4","10","0","14","1","3","0","4","0","0","0","0","0","1","0","1","0","0","0","0","0","0","0","0","0","1","0","1","3","7","0","10","0","0","0","0","12","33","0","45","0","0","0","0"
"경기도교육청","경기도의정부교육지원청","경기도 의정부시","S090007913","훈민중학교","03","공립","N","","0","1","0","1","1","0","0","1","0","1","0","1","5","7","0","12","5","20","8","25","1","1","0","2","0","0","0","0","0","0","0","0","0","0","0","0","0","1","0","1","0","1","0","1","6","9","0","15","0","0","0","0","18","41","8","59","0","0","0","8"
"경기도교육청","경기도화성오산교육지원청","경기도 화성시 동탄구","S090007917","화성신동중학교","03","공립","N","","0","1","0","1","1","0","0","1","0","0","0","0","2","7","0","9","3","7","0","10","0","0","0","0","0","0","0","0","0","0","0","0","0","0","0","0","0","1","0","1","0","1","0","1","0","3","0","3","0","0","0","0","6","20","0","26","0","0","0","0"
"경기도교육청","경기도화성오산교육지원청","경기도 화성시 효행구","S090007921","청연중학교","03","공립","N","","1","0","0","1","1","0","0","1","0","1","0","1","2","2","0","4","0","9","0","9","0","0","0","0","0","0","0","0","0","0","0","0","0","0","0","0","0","0","0","0","0","1","0","1","0","3","0","3","0","0","0","0","4","16","0","20","0","0","0","0"
"경기도교육청","경기도평택교육지원청","경기도 평택시","S090007925","소사벌중학교","03","공립","N","","0","1","0","1","1","0","0","1","0","0","0","0","3","1","0","4","3","6","0","9","1","0","0","1","0","0","0","0","0","1","0","1","0","0","0","0","0","1","0","1","0","1","0","1","2","4","0","6","0","0","0","0","10","15","0","25","0","0","0","0"
"경기도교육청","경기도시흥교육지원청","경기도 시흥시","S090007928","시화나래중학교","03","공립","N","","0","0","0","0","1","0","0","1","0","1","0","1","3","5","0","8","4","4","1","8","0","2","0","2","0","0","0","0","0","0","0","0","0","0","0","0","0","0","0","0","0","1","0","1","3","8","0","11","0","0","0","0","11","21","1","32","0","0","0","1"
"경기도교육청","경기도평택교육지원청","경기도 평택시","S090007930","배다리중학교","03","공립","N","","0","0","0","0","1","0","0","1","0","0","0","0","2","5","0","7","3","7","1","10","0","1","1","1","0","0","0","0","0","0","0","0","0","0","0","0","0","1","1","1","0","0","0","0","8","7","0","15","0","0","0","0","14","21","3","35","0","0","0","3"
"경기도교육청","경기도시흥교육지원청","경기도 시흥시","S090007941","배곧라라중학교","03","공립","N","","1","0","0","1","0","1","0","1","0","1","0","1","4","8","0","12","6","10","0","16","1","0","0","1","0","0","0","0","0","0","0","0","0","0","0","0","0","1","0","1","0","1","1","1","2","8","0","10","0","2","0","2","14","32","1","46","0","0","0","1"
"경기도교육청","경기도용인교육지원청","경기도 용인시 처인구","S090008022","처인중학교","03","공립","N","","0","1","0","1","0","1","0","1","0","1","0","1","2","1","0","3","1","6","1","7","0","1","0","1","0","0","0","0","0","0","0","0","0","0","0","0","0","0","0","0","0","0","0","0","0","3","0","3","0","0","0","0","3","14","1","17","0","0","0","1"
"경기도교육청","경기도용인교육지원청","경기도 용인시 처인구","S090008023","도현중학교","03","공립","N","","0","0","0","0","0","1","0","1","0","1","0","1","2","3","0","5","3","6","0","9","1","1","0","2","0","0","0","0","0","1","0","1","0","0","0","0","0","0","0","0","0","0","0","0","1","5","0","6","0","0","0","0","7","18","0","25","0","0","0","0"