"시도교육청","교육지원청","지역","정보공시 학교코드","학교명","학교급코드","설립구분","제외여부","제외사유","교장(남)","교장(여)","교장(휴직교원)","교장(계)","교감(남)","교감(여)","교감(휴직교원)","교감(계)","수석교사(남)","수석교사(여)","수석교사(휴직교원)","수석교사(계)","보직교사(남)","보직교사(여)","보직교사(휴직교원)","보직교사(계)","일반교사(남)","일반교사(여)","일반교사(휴직교원)","일반교사(계)","특수교사(남)","특수교사(여)","특수교사(휴직교원)","특수교사(계)","전문상담교사(남)","전문상담교사(여)","전문상담교사(휴직교원)","전문상담교사(계)","사서교사(남)","사서교사(여)","사서교사(휴직교원)","사서교사(계)","실기교사(남)","실기교사(여)","실기교사(휴직교원)","실기교사(계)","보건교사(남)","보건교사(여)","보건교사(휴직교원)","보건교사(계)","영양교사(남)","영양교사(여)","영양교사(휴직교원)","영양교사(계)","기간제교사(남)","기간제교사(여)","기간제교사(휴직교원)","기간제교사(계)","강사(남)","강사(여)","강사(휴직교원)","강사(계)","총계(남)","총계(여)","총계(휴직교원)","총계(계)","원어민강사(남)","원어민강사(여)","원어민강사(계)","휴직교원수"
"경기도교육청","경기도가평교육지원청","경기도 가평군","S090000445","가평고등학교","04","공립","N","","1","0","0","1","1","0","0","1","1","0","0","1","5","9","0","14","9","23","3","32","0","2","1","2","0","1","0","1","0","0","0","0","0","0","0","0","0","1","0","1","0","0","0","0","2","5","0","7","1","0","0","1","20","41","4","61","0","0","0","4"
"경기도교육청","경기도수원교육지원청","경기도 수원시 장안구","S090000447","경기과학고등학교","04","공립","N","","1","0","0","1","1","0","0","1","0","0","0","0","8","6","0","14","32","27","1","59","0","0","0","0","0","1","0","1","0","1","0","1","0","0","0","0","0","1","0","1","0","2","0","2","0","1","0","1","0","3","0","3","42","42","1","84","0","0","0","1"
"경기도교육청","경기도수원교육지원청","경기도 수원시 권선구","S090000448","경기대명고등학교","04","공립","N","","1","0","0","1","1","0","0","1","0","0","0","0","2","3","0","5","5","8","4","13","0","0","0","0","0","1","0","1","0","0","0","0","0","0","0","0","0","0","0","0","0","1","0","1","3","4","0","7","2","1","0","3","14","18","4","32","0","0","0","4"
"경기도교육청","경기도수원교육지원청","경기도 수원시 장안구","S090000449","경기체육고등학교","04","공립","N","","1","0","0","1","1","0","0","1","0","0","0","0","6","5","0","11","7","11","4","18","0","0","0","0","0","0","0","0","0","0","0","0","0","0","0","0","0","1","0","1","0","2","0","2","3","4","0","7","0","0","0","0","18","23","4","41","0","0","0","4"
"경기도교육청","경기도이천교육지원청","경기도 이천시","S090000450","이천세무고등학교","04","공립","N","","1","0","0","1","1","0","0","1","0","0","0","0","2","3","0","5","2","6","0","8","0","0","0","0","0","0","0","0","0","0","0","0","0","0","0","0","0","0","0","0","0","0","0","0","3","2","0","5","0","0","0","0","9","11","0","20","0","0","0","0"
"경기도교육청","경기도의정부교육지원청","경기도 의정부시","S090000451","경민고등학교","04","사립","N","","1","0","0","1","1","0","0","1","0","0","0","0","9","3","0","12","15","11","0","26","0","0","0","0","0","0","0","0","0","0","0","0","0","0","0","0","0","0","0","0","0","1","0","1","10","13","0","23","0","0","0","0","36","28","0","64","0","0","0","0"
"경기도교육청","경기도의정부교육지원청","경기도 의정부시","S090000453","경민비즈니스고등학교","04","사립","N","","0","1","0","1","1","0","0","1","0","0","0","0","7","10","0","17","5","7","1","12","0","0","0","0","0","0","0","0","0","0","0","0","0","0","0","0","0","1","0","1","0","1","0","1","11","21","0","32","1","0","0","1","25","41","1","66","0","0","0","1"
"경기도교육청","경기도의정부교육지원청","경기도 의정부시","S090000455","경민IT고등학교","04","사립","N","","1","0","0","1","1","0","0","1","0","0","0","0","7","7","0","14","6","4","0","10","0","0","0","0","0","0","0","0","0","0","0","0","0","0","0","0","0","1","0","1","0","0","0","0","13","16","0","29","0","0","0","0","28","28","0","56","0","0","0","0"
"경기도교육청","경기도안산교육지원청","경기도 안산시 단원구","S090000457","경안고등학교","04","사립","N","","1","0","0","1","0","0","0","0","0","0","0","0","10","2","0","12","31","16","2","47","0","0","0","0","0","0","0","0","0","0","0","0","0","0","0","0","0","1","0","1","0","0","0","0","7","11","0","18","0","0","0","0","49","30","2","79","0","0","0","2"
"경기도교육청","경기도안산교육지원청","경기도 안산시 단원구","S090000458","경일고등학교","04","사립","N","","1","0","0","1","1","0","0","1","0","0","0","0","5","10","0","15","13","26","3","39","0","0","0","0","0","0","0","0","0","0","0","0","0","0","0","0","0","1","0","1","0","1","0","1","9","22","0","31","1","2","0","3","30","62","3","92","0","0","0","3"
"경기도교육청","경기도광주하남교육지원청","경기도 광주시","S090000460","경화여자고등학교","04","사립","N","","0","1","0","1","0","1","0","1","0","0","0","0","8","4","0","12","26","10","6","36","0","0","0","0","0","0","0","0","0","0","0","0","0","0","0","0","0","1","0","1","0","1","0","1","11","14","0","25","0","0","0","0","45","32","6","77","0","0","0","6"
"경기도교육청","경기도부천교육지원청","경기도 부천시 원미구","S090000463","계남고등학교","04","공립","N","","1","0","0","1","0","1","0","1","0","0","0","0","3","9","0","12","5","31","6","36","0","2","1","2","0","2","1","2","0","0","0","0","0","0","0","0","0","1","0","1","0","0","0","0","2","11","0","13","0","0","0","0","11","57","8","68","0","0","0","8"
"경기도교육청","경기도성남교육지원청","경기도 성남시 분당구","S090000466","계원예술고등학교","04","사립","N","","1","0","0","1","0","1","0","1","0","0","0","0","5","3","0","8","4","20","1","24","0","0","0","0","0","0","0","0","0","0","0","0","0","0","0","0","0","1","0","1","0","0","0","0","2","10","0","12","1","0","0","1","13","35","1","48","0","0","0","1"
"경기도교육청","경기도고양교육지원청","경기도 고양시 일산서구","S090000468","백송고등학교","04","사립","N","","1","0","0","1","1","0","0","1","0","0","0","0","5","4","0","9","2","8","2","10","0","0","0","0","0","0","0","0","0","0","0","0","0","0","0","0","0","0","0","0","0","0","0","0","5","10","0","15","0","0","0","0","14","22","2","36","0","0","0","2"
"경기도교육청","경기도고양교육지원청","경기도 고양시 덕양구","S090000469","고양외국어고등학교","04","사립","N","","0","0","0","0","0","1","0","1","1","0","0","1","8","3","0","11","18","12","0","30","0","0","0","0","0","0","0","0","0","0","0","0","0","0","0","0","0","1","0","1","0","0","0","0","4","12","0","16","1","6","0","7","32","35","0","67","0","0","0","0"
"경기도교육청","경기도고양교육지원청","경기도 고양시 덕양구","S090000470","고양고등학교","04","공립","N","","1","0","0","1","0","1","0","1","0","0","0","0","7","13","0","20","4","21","3","25","0","4","1","4","0","1","0","1","0","0","0","0","0","0","0","0","0","1","0","1","0","0","0","0","3","11","0","14","0","0","0","0","15","52","4","67","0","0","0","4"
"경기도교육청","경기도안산교육지원청","경기도 안산시 단원구","S090000471","고잔고등학교","04","공립","N","","1","0","0","1","0","1","0","1","0","0","0","0","9","3","0","12","11","31","6","42","2","1","1","3","0","1","0","1","0","0","0","0","0","0","0","0","0","1","0","1","0","0","0","0","4","16","0","20","0","0","0","0","27","54","7","81","0","0","0","7"
"경기도교육청","경기도안양과천교육지원청","경기도 과천시","S090000472","과천고등학교","04","공립","N","","0","1","0","1","1","0","0","1","0","1","0","1","4","7","0","11","2","33","9","35","0","3","0","3","0","0","0","0","0","0","0","0","0","0","0","0","0","1","0","1","0","1","1","1","4","10","0","14","0","0","0","0","11","57","10","68","0","0","0","10"
"경기도교육청","경기도안양과천교육지원청","경기도 과천시","S090000473","과천여자고등학교","04","사립","N","","1","0","0","1","1","0","0","1","0","0","0","0","6","3","0","9","18","4","0","22","0","0","0","0","0","0","0","0","0","0","0","0","0","0","0","0","0","1","0","1","0","0","0","0","0","5","0","5","0","0","0","0","26","13","0","39","0","0","0","0"
"경기도교육청","경기도안양과천교육지원청","경기도 과천시","S090000474","과천외국어고등학교","04","사립","N","","0","1","0","1","1","0","0","1","0","0","0","0","10","1","0","11","21","9","0","30","0","0","0","0","0","0","0","0","0","0","0","0","0","0","0","0","0","1","0","1","0","0","0","0","4","7","0","11","2","1","0","3","38","20","0","58","0","0","0","0"
"경기도교육청","경기도안양과천교육지원청","경기도 과천시","S090000475","과천중앙고등학교","04","공립","N","","1","0","0","1","0","1","0","1","0","0","0","0","5","7","0","12","9","25","5","34","0","1","0","1","0","0","0","0","0","0","0","0","0","0","0","0","0","1","0","1","0","1","0","1","3","7","0","10","0","0","0","0","18","43","5","61","0","0","0","5"
"경기도교육청","경기도안양과천교육지원청","경기도 안양시 동안구","S090000476","경기게임마이스터고등학교","04","공립","N","","1","0","0","1","1","0","0","1","0","0","0","0","4","8","0","12","3","12","0","15","0","1","0","1","1","0","0","1","0","0","0","0","0","0","0","0","0","1","0","1","0","0","0","0","0","4","0","4","0","0","0","0","10","26","0","36","0","0","0","0"
"경기도교육청","경기도안양과천교육지원청","경기도 안양시 동안구","S090000477","관양고등학교","04","공립","N","","0","1","0","1","0","1","0","1","0","0","0","0","5","8","0","13","5","52","3","57","1","1","0","2","0","0","0","0","0","0","0","0","0","0","0","0","0","1","0","1","0","1","0","1","2","3","0","5","0","0","0","0","13","68","3","81","0","0","0","3"
"경기도교육청","경기도포천교육지원청","경기도 포천시","S090000478","관인고등학교","04","공립","N","","1","0","0","1","1","0","0","1","0","0","0","0","3","1","0","4","3","7","0","10","1","0","0","1","0","0","0","0","0","0","0","0","0","0","0","0","0","0","0","0","0","0","0","0","0","2","0","2","0","0","0","0","9","10","0","19","0","0","0","0"
"경기도교육청","경기도구리남양주교육지원청","경기도 남양주시","S090000479","광동고등학교","04","사립","N","","1","0","0","1","1","0","0","1","0","0","0","0","6","7","0","13","21","18","6","39","0","0","0","0","0","1","1","1","0","0","0","0","0","0","0","0","0","1","0","1","0","0","0","0","10","15","0","25","0","0","0","0","39","42","7","81","0","0","0","7"
"경기도교육청","경기도의정부교육지원청","경기도 의정부시","S090000480","의정부광동고등학교","04","사립","N","","0","1","0","1","0","0","0","0","0","0","0","0","9","5","0","14","13","10","1","23","0","0","0","0","0","0","0","0","0","0","0","0","0","0","0","0","0","1","0","1","0","0","0","0","10","10","0","20","0","0","0","0","32","27","1","59","0","0","0","1"
"경기도교육청","경기도광명교육지원청","경기도 광명시","S090000482","광명고등학교","04","공립","N","","1","0","0","1","1","0","0","1","0","0","0","0","4","8","0","12","13","40","4","53","0","3","0","3","0","0","0","0","0","0","0","0","0","0","0","0","0","1","0","1","0","1","0","1","1","2","0","3","0","0","0","0","20","55","4","75","0","0","0","4"
"경기도교육청","경기도광명교육지원청","경기도 광명시","S090000483","경기항공고등학교","04","사립","N","","1","0","0","1","1","0","0","1","0","0","0","0","4","2","0","6","0","1","0","1","0","0","0","0","0","0","0","0","0","0","0","0","0","0","0","0","0","0","0","0","0","0","0","0","20","3","0","23","0","0","0","0","26","6","0","32","0","0","0","0"
"경기도교육청","경기도광명교육지원청","경기도 광명시","S090000484","광명북고등학교","04","공립","N","","1","0","0","1","1","0","0","1","0","0","0","0","4","7","0","11","6","47","11","53","4","5","1","9","0","0","0","0","0","1","0","1","0","0","0","0","0","1","0","1","0","1","0","1","4","11","0","15","0","0","0","0","20","73","12","93","0","0","0","12"
"경기도교육청","경기도광명교육지원청","경기도 광명시","S090000487","명문고등학교","04","공립","N","","1","0","0","1","1","0","0","1","0","0","0","0","9","3","0","12","9","47","8","56","0","3","1","3","0","0","0","0","0","0","0","0","0","0","0","0","0","1","0","1","0","0","0","0","4","2","0","6","0","0","0","0","24","56","9","80","0","0","0","9"
"경기도교육청","경기도광명교육지원청","경기도 광명시","S090000488","창의경영고등학교","04","공립","N","","1","0","0","1","0","1","0","1","0","0","0","0","0","14","0","14","1","31","7","32","0","2","0","2","0","1","0","1","0","0","0","0","0","0","0","0","0","1","0","1","0","0","0","0","4","6","0","10","2","1","0","3","8","57","7","65","0","0","0","7"
"경기도교육청","경기도광명교육지원청","경기도 광명시","S090000489","광문고등학교","04","공립","N","","0","1","0","1","1","0","0","1","0","0","0","0","5","7","0","12","10","42","9","52","1","1","1","2","0","0","0","0","0","0","0","0","0","0","0","0","0","1","1","1","0","0","0","0","9","7","0","16","0","0","0","0","26","59","11","85","0","0","0","11"
"경기도교육청","경기도광주하남교육지원청","경기도 광주시","S090000490","광주고등학교","04","공립","N","","0","1","0","1","1","0","0","1","0","0","0","0","4","7","0","11","8","33","8","41","0","1","0","1","0","1","0","1","0","0","0","0","0","0","0","0","0","1","0","1","0","0","0","0","8","11","0","19","1","0","0","1","22","55","8","77","0","0","0","8"
"경기도교육청","경기도광주하남교육지원청","경기도 광주시","S090000492","곤지암고등학교","04","공립","N","","1","0","0","1","0","1","0","1","0","0","0","0","3","9","0","12","5","16","3","21","0","1","0","1","0","1","1","1","0","0","0","0","0","0","0","0","0","1","0","1","0","0","0","0","2","9","0","11","0","0","0","0","11","38","4","49","0","0","0","4"
"경기도교육청","경기도광주하남교육지원청","경기도 광주시","S090000493","광주중앙고등학교","04","공립","N","","1","0","0","1","2","0","0","2","0","0","0","0","5","11","0","16","17","43","7","60","0","2","0","2","0","1","0","1","0","0","0","0","0","0","0","0","0","1","0","1","0","1","0","1","10","12","1","22","0","0","0","0","35","71","8","106","0","0","0","8"
"경기도교육청","경기도파주교육지원청","경기도 파주시","S090000494","광탄고등학교","04","사립","N","","1","0","0","1","0","1","0","1","0","0","0","0","5","2","0","7","7","6","1","13","0","0","0","0","0","0","0","0","0","0","0","0","0","0","0","0","0","0","0","0","0","1","0","1","4","6","0","10","0","0","0","0","17","16","1","33","0","0","0","1"
"경기도교육청","경기도구리남양주교육지원청","경기도 구리시","S090000496","구리고등학교","04","공립","N","","1","0","0","1","0","1","0","1","0","0","0","0","6","6","0","12","7","24","4","31","0","0","0","0","0","0","0","0","0","0","0","0","0","0","0","0","0","1","0","1","0","0","0","0","5","6","0","11","0","0","0","0","19","38","4","57","0","0","0","4"
"경기도교육청","경기도구리남양주교육지원청","경기도 구리시","S090000497","구리여자고등학교","04","공립","N","","0","1","0","1","0","1","0","1","0","0","0","0","5","7","0","12","1","24","4","25","0","2","0","2","0","0","0","0","0","0","0","0","0","0","0","0","0","1","0","1","0","0","0","0","5","15","0","20","0","0","0","0","11","51","4","62","0","0","0","4"
"경기도교육청","경기도시흥교육지원청","경기도 시흥시","S090000499","군자디지털과학고등학교","04","공립","N","","1","0","0","1","0","1","0","1","0","0","0","0","10","10","0","20","13","16","1","29","0","2","0","2","0","1","0","1","0","0","0","0","0","0","0","0","0","1","1","1","0","0","0","0","5","5","0","10","1","1","0","2","30","37","2","67","0","0","0","2"
"경기도교육청","경기도군포의왕교육지원청","경기도 군포시","S090000502","군포고등학교","04","사립","N","","1","0","0","1","1","0","0","1","0","0","0","0","7","5","0","12","19","10","1","29","0","0","0","0","0","0","0","0","0","0","0","0","0","0","0","0","0","1","0","1","0","0","0","0","12","10","0","22","0","0","0","0","40","26","1","66","0","0","0","1"
"경기도교육청","경기도군포의왕교육지원청","경기도 군포시","S090000504","군포e비즈니스고등학교","04","공립","N","","1","0","0","1","1","0","0","1","0","0","0","0","2","17","0","19","5","27","6","32","1","7","1","8","0","0","0","0","0","0","0","0","0","0","0","0","0","1","0","1","0","1","0","1","2","12","0","14","0","0","0","0","12","65","7","77","0","0","0","7"
"경기도교육청","경기도수원교육지원청","경기도 수원시 권선구","S090000505","권선고등학교","04","공립","N","","0","1","0","1","1","0","0","1","0","0","0","0","4","8","0","12","10","45","8","55","1","3","2","4","0","1","0","1","0","0","0","0","0","0","0","0","0","1","0","1","0","0","0","0","5","10","0","15","0","0","0","0","21","69","10","90","0","0","0","10"
"경기도교육청","경기도안양과천교육지원청","경기도 안양시 만안구","S090000507","근명고등학교","04","사립","N","","1","0","0","1","0","1","0","1","0","0","0","0","7","3","0","10","7","10","1","17","0","0","0","0","0","0","0","0","0","0","0","0","0","0","0","0","0","1","0","1","0","0","0","0","8","23","0","31","0","0","0","0","23","38","1","61","0","0","0","1"
"경기도교육청","경기도구리남양주교육지원청","경기도 남양주시","S090000508","금곡고등학교","04","공립","N","","1","0","0","1","1","0","0","1","0","0","0","0","9","6","0","15","18","29","5","47","0","0","0","0","0","1","0","1","0","0","0","0","0","0","0","0","0","1","1","1","0","1","0","1","4","12","0","16","0","0","0","0","33","50","6","83","0","0","0","6"
"경기도교육청","경기도용인교육지원청","경기도 용인시 기흥구","S090000509","기흥고등학교","04","공립","N","","1","0","0","1","1","0","0","1","0","0","0","0","4","8","0","12","13","35","6","48","0","2","0","2","1","0","0","1","0","0","0","0","0","0","0","0","0","1","0","1","0","1","0","1","2","8","0","10","0","0","0","0","22","55","6","77","0","0","0","6"
"경기도교육청","경기도김포교육지원청","경기도 김포시","S090000510","김포고등학교","04","공립","N","","0","1","0","1","1","0","0","1","0","0","0","0","5","7","0","12","13","29","5","42","0","1","0","1","0","0","0","0","0","0","0","0","0","0","0","0","0","1","0","1","0","0","0","0","5","9","0","14","0","0","0","0","24","48","5","72","0","0","0","5"
"경기도교육청","경기도김포교육지원청","경기도 김포시","S090000511","김포과학기술고등학교","04","공립","N","","1","0","0","1","1","0","0","1","0","0","0","0","4","9","0","13","8","11","2","19","1","0","0","1","0","1","0","1","0","0","0","0","0","0","0","0","0","1","1","1","0","1","0","1","17","9","0","26","2","0","0","2","34","32","3","66","0","0","0","3"
"경기도교육청","경기도성남교육지원청","경기도 성남시 분당구","S090000515","낙생고등학교","04","사립","N","","1","0","0","1","1","0","0","1","0","0","0","0","9","2","0","11","19","8","3","27","0","0","0","0","1","0","0","1","0","0","0","0","0","0","0","0","0","0","0","0","0","0","0","0","11","15","0","26","0","0","0","0","42","25","3","67","0","0","0","3"
"경기도교육청","경기도동두천양주교육지원청","경기도 양주시","S090000517","한국외식과학고등학교","04","사립","N","","1","0","0","1","1","0","0","1","0","0","0","0","3","3","0","6","5","3","0","8","0","0","0","0","0","0","0","0","0","0","0","0","0","0","0","0","0","1","0","1","0","1","0","1","8","6","0","14","0","1","0","1","18","15","0","33","0","1","1","0"
"경기도교육청","경기도화성오산교육지원청","","S090000518","남양고등학교","04","공립","N","","1","0","0","1","1","0","0","1","0","0","0","0","8","5","0","13","11","13","3","24","2","0","0","2","0","1","0","1","0","0","0","0","0","0","0","0","0","0","0","0","0","0","0","0","4","7","0","11","0","0","0","0","27","26","3","53","0","0","0","3"
"경기도교육청","경기도구리남양주교육지원청","경기도 남양주시","S090000519","남양주고등학교","04","공립","N","","1","0","0","1","1","0","0","1","0","0","0","0","10","8","0","18","9","10","0","19","0","0","0","0","1","0","0","1","0","0","0","0","0","0","0","0","0","1","0","1","0","0","0","0","4","7","0","11","0","0","0","0","26","26","0","52","0","0","0","0"
"경기도교육청","경기도광주하남교육지원청","경기도 하남시","S090000520","남한고등학교","04","공립","N","","1","0","0","1","0","1","0","1","0","0","0","0","4","8","0","12","7","32","5","39","2","1","1","3","0","1","0","1","0","0","0","0","0","0","0","0","0","1","0","1","0","1","0","1","2","11","0","13","0","0","0","0","16","56","6","72","0","0","0","6"
"경기도교육청","경기도고양교육지원청","경기도 고양시 덕양구","S090000521","능곡고등학교","04","공립","N","","0","1","0","1","1","0","0","1","0","0","0","0","4","7","0","11","12","32","6","44","0","0","0","0","0","1","0","1","0","0","0","0","0","0","0","0","0","1","0","1","0","1","0","1","3","10","0","13","0","0","0","0","20","53","6","73","0","0","0","6"
"경기도교육청","경기도안산교육지원청","경기도 안산시 단원구","S090000524","대부고등학교","04","공립","N","","1","0","0","1","1","0","0","1","0","0","0","0","1","1","0","2","2","6","1","8","1","1","0","2","0","1","0","1","0","0","0","0","0","0","0","0","0","0","0","0","0","1","0","1","4","3","0","7","0","0","0","0","10","13","1","23","0","0","0","1"
"경기도교육청","경기도여주교육지원청","경기도 여주시","S090000525","대신고등학교","04","사립","N","","1","0","0","1","1","0","0","1","0","0","0","0","5","1","0","6","8","1","0","9","0","0","0","0","0","0","0","0","0","0","0","0","0","0","0","0","0","1","0","1","0","0","0","0","3","2","0","5","0","0","0","0","18","5","0","23","0","0","0","0"
"경기도교육청","경기도수원교육지원청","경기도 수원시 장안구","S090000527","대평고등학교","04","공립","N","","1","0","0","1","1","0","0","1","0","0","0","0","4","8","0","12","10","35","4","45","0","2","0","2","1","0","0","1","0","0","0","0","0","0","0","0","0","1","0","1","0","0","0","0","4","8","0","12","0","0","0","0","21","54","4","75","0","0","0","4"
"경기도교육청","경기도부천교육지원청","경기도 부천시 오정구","S090000528","덕산고등학교","04","공립","N","","1","0","0","1","0","1","0","1","0","0","0","0","6","6","0","12","2","26","2","28","1","2","0","3","0","1","0","1","0","0","0","0","0","0","0","0","0","1","1","1","0","0","0","0","3","6","0","9","0","0","0","0","13","43","3","56","0","0","0","3"
"경기도교육청","경기도구리남양주교육지원청","경기도 남양주시","S090000529","덕소고등학교","04","사립","N","","1","0","0","1","0","0","0","0","0","0","0","0","9","3","0","12","18","13","0","31","0","0","0","0","0","0","0","0","0","0","0","0","0","0","0","0","0","0","0","0","0","0","0","0","10","20","0","30","0","0","0","0","38","36","0","74","0","0","0","0"
"경기도교육청","경기도동두천양주교육지원청","경기도 양주시","S090000532","덕정고등학교","04","공립","N","","1","0","0","1","0","1","0","1","0","0","0","0","8","6","0","14","9","23","1","32","1","2","1","3","1","0","0","1","0","0","0","0","0","0","0","0","0","1","0","1","0","1","0","1","4","10","0","14","0","0","0","0","24","44","2","68","0","0","0","2"
"경기도교육청","경기도부천교육지원청","경기도 부천시 원미구","S090000533","도당고등학교","04","공립","N","","0","1","0","1","1","0","0","1","0","0","0","0","4","8","0","12","7","31","6","38","0","2","1","2","0","1","0","1","0","0","0","0","0","0","0","0","0","1","0","1","0","1","0","1","4","7","0","11","0","1","0","1","16","53","7","69","0","0","0","7"
"경기도교육청","경기도포천교육지원청","경기도 포천시","S090000534","동남고등학교","04","사립","N","","1","0","0","1","1","0","0","1","0","0","0","0","8","4","0","12","19","14","2","33","1","0","0","1","0","0","0","0","0","0","0","0","0","0","0","0","0","1","0","1","0","0","0","0","7","11","0","18","0","0","0","0","37","30","2","67","0","0","0","2"
"경기도교육청","경기도동두천양주교육지원청","경기도 동두천시","S090000536","동두천고등학교","04","사립","N","","0","1","0","1","1","0","0","1","0","0","0","0","5","4","0","9","2","7","1","9","0","0","0","0","0","0","0","0","0","0","0","0","0","0","0","0","0","0","0","0","0","0","0","0","4","12","0","16","0","0","0","0","12","24","1","36","0","0","0","1"
"경기도교육청","경기도동두천양주교육지원청","경기도 동두천시","S090000538","한국문화영상고등학교","04","사립","N","","1","0","0","1","1","0","0","1","0","0","0","0","7","4","0","11","3","8","2","11","0","0","0","0","0","0","0","0","0","0","0","0","0","0","0","0","0","0","0","0","0","0","0","0","9","13","0","22","0","0","0","0","21","25","2","46","0","0","0","2"
"경기도교육청","경기도동두천양주교육지원청","경기도 동두천시","S090000539","동두천중앙고등학교","04","공립","N","","1","0","0","1","1","0","0","1","0","0","0","0","8","3","0","11","11","11","0","22","0","2","0","2","0","1","0","1","0","0","0","0","0","0","0","0","0","1","0","1","0","1","0","1","8","8","0","16","0","0","0","0","29","27","0","56","0","0","0","0"
"경기도교육청","경기도안양과천교육지원청","경기도 안양시 동안구","S090000541","동안고등학교","04","공립","N","","0","1","0","1","1","0","0","1","0","0","0","0","7","5","0","12","11","55","7","66","0","0","0","0","1","0","0","1","0","1","0","1","0","0","0","0","0","1","0","1","0","0","0","0","2","5","0","7","0","1","0","1","22","69","7","91","0","0","0","7"
"경기도교육청","경기도수원교육지원청","경기도 수원시 장안구","S090000542","동우여자고등학교","04","사립","N","","0","0","0","0","1","0","0","1","0","0","0","0","6","4","0","10","10","5","1","15","0","0","0","0","0","0","0","0","0","0","0","0","0","0","0","0","0","0","0","0","0","0","0","0","5","11","0","16","0","0","0","0","22","20","1","42","0","0","0","1"
"경기도교육청","경기도수원교육지원청","경기도 수원시 장안구","S090000543","동원동우고등학교","04","사립","N","","1","0","0","1","0","0","0","0","0","0","0","0","10","2","0","12","24","10","0","34","0","0","0","0","0","0","0","0","0","0","0","0","0","0","0","0","0","0","0","0","0","0","0","0","8","21","0","29","0","0","0","0","43","33","0","76","0","0","0","0"
"경기도교육청","경기도평택교육지원청","경기도 평택시","S090000544","동일공업고등학교","04","사립","N","","0","0","0","0","1","0","0","1","0","0","0","0","7","2","0","9","11","7","0","18","0","0","0","0","0","0","0","0","0","0","0","0","0","0","0","0","0","0","0","0","0","1","0","1","32","12","0","44","0","1","0","1","51","23","0","74","0","0","0","0"
"경기도교육청","경기도구리남양주교육지원청","경기도 남양주시","S090000545","동화고등학교","04","사립","N","","1","0","0","1","2","0","0","2","0","0","0","0","8","6","0","14","31","16","1","47","0","0","0","0","0","1","0","1","0","0","0","0","0","0","0","0","0","1","1","1","0","0","0","0","14","18","0","32","0","0","0","0","56","42","2","98","0","0","0","2"
"경기도교육청","경기도화성오산교육지원청","","S090000546","두레자연고등학교","04","사립","N","","1","0","0","1","1","0","0","1","0","0","0","0","3","1","0","4","5","2","0","7","0","0","0","0","0","0","0","0","0","0","0","0","0","0","0","0","0","0","0","0","0","0","0","0","2","6","0","8","0","0","0","0","12","9","0","21","0","0","0","0"
"경기도교육청","경기도이천교육지원청","경기도 이천시","S090000548","마장고등학교","04","공립","N","","0","1","0","1","1","0","0","1","0","0","0","0","3","4","0","7","5","8","4","13","1","0","0","1","0","1","0","1","0","0","0","0","0","0","0","0","0","1","0","1","0","1","0","1","6","4","0","10","0","0","0","0","16","20","4","36","0","0","0","4"
"경기도교육청","경기도수원교육지원청","경기도 수원시 팔달구","S090000552","매향여자정보고등학교","04","사립","N","","1","0","0","1","1","0","0","1","0","0","0","0","10","5","0","15","13","18","2","31","0","0","0","0","0","1","0","1","0","0","0","0","0","0","0","0","0","0","0","0","0","0","0","0","4","20","0","24","0","4","0","4","29","48","2","77","0","0","0","2"
"경기도교육청","경기도고양교육지원청","경기도 고양시 덕양구","S090000553","무원고등학교","04","공립","N","","0","1","0","1","0","1","0","1","0","0","0","0","4","8","0","12","2","40","5","42","0","2","1","2","0","0","0","0","0","0","0","0","0","0","0","0","0","1","0","1","0","1","0","1","4","14","0","18","0","0","0","0","10","68","6","78","0","0","0","6"
"경기도교육청","경기도파주교육지원청","경기도 파주시","S090000554","문산고등학교","04","공립","N","","1","0","0","1","1","0","0","1","0","0","0","0","4","5","0","9","7","13","2","20","1","2","1","3","0","0","0","0","0","0","0","0","0","0","0","0","0","1","0","1","0","1","0","1","0","4","0","4","0","0","0","0","14","26","3","40","0","0","0","3"
"경기도교육청","경기도파주교육지원청","경기도 파주시","S090000555","문산수억고등학교","04","사립","N","","0","1","0","1","1","0","0","1","0","0","0","0","9","4","0","13","10","13","2","23","0","0","0","0","0","0","0","0","0","0","0","0","0","0","0","0","0","0","0","0","0","1","0","1","9","19","0","28","1","0","0","1","30","38","2","68","0","0","0","2"
"경기도교육청","경기도파주교육지원청","경기도 파주시","S090000556","문산제일고등학교","04","공립","N","","1","0","0","1","1","0","0","1","0","0","0","0","6","10","0","16","10","34","4","44","2","1","0","3","0","1","0","1","0","0","0","0","0","0","0","0","0","1","0","1","0","0","0","0","3","6","0","9","0","0","0","0","23","53","4","76","0","0","0","4"
"경기도교육청","경기도안산교육지원청","경기도 안산시 상록구","S090000558","경기모바일과학고등학교","04","공립","N","","1","0","0","1","0","1","0","1","0","0","0","0","2","13","0","15","4","22","1","26","1","0","0","1","0","0","0","0","0","0","0","0","0","0","0","0","0","1","0","1","0","0","0","0","3","9","0","12","0","0","0","0","11","46","1","57","0","0","0","1"
"경기도교육청","경기도화성오산교육지원청","경기도 화성시 만세구","S090000559","발안바이오과학고등학교","04","공립","N","","1","0","0","1","1","0","0","1","0","0","0","0","5","8","0","13","0","12","3","12","0","0","0","0","0","1","0","1","0","0","0","0","0","0","0","0","0","1","0","1","0","0","0","0","1","11","0","12","0","0","0","0","8","33","3","41","0","0","0","3"
"경기도교육청","경기도고양교육지원청","경기도 고양시 일산동구","S090000563","백마고등학교","04","공립","N","","1","0","0","1","1","0","0","1","0","0","0","0","4","8","0","12","9","37","3","46","0","0","0","0","0","0","0","0","0","0","0","0","0","0","0","0","0","1","0","1","0","1","1","1","1","10","0","11","0","0","0","0","16","57","4","73","0","0","0","4"
"경기도교육청","경기도고양교육지원청","경기도 고양시 일산동구","S090000564","백석고등학교","04","공립","N","","1","0","0","1","0","1","0","1","0","0","0","0","4","8","0","12","8","38","8","46","0","0","0","0","0","0","0","0","0","0","0","0","0","0","0","0","0","1","0","1","0","0","0","0","3","12","0","15","0","0","0","0","16","60","8","76","0","0","0","8"
"경기도교육청","경기도고양교육지원청","경기도 고양시 일산동구","S090000565","백신고등학교","04","공립","N","","1","0","0","1","0","1","0","1","0","0","0","0","3","6","0","9","14","34","6","48","0","1","0","1","0","0","0","0","0","0","0","0","0","0","0","0","0","1","0","1","0","1","0","1","9","8","0","17","0","1","0","1","27","53","6","80","0","1","1","6"
"경기도교육청","경기도용인교육지원청","경기도 용인시 처인구","S090000566","백암고등학교","04","공립","N","","1","0","0","1","1","0","0","1","0","0","0","0","8","3","0","11","1","10","0","11","1","0","0","1","0","0","0","0","0","0","0","0","0","0","0","0","0","1","0","1","0","1","0","1","1","2","0","3","0","0","0","0","13","17","0","30","0","0","0","0"
"경기도교육청","경기도고양교육지원청","경기도 고양시 덕양구","S090000567","백양고등학교","04","공립","N","","1","0","0","1","0","1","0","1","0","0","0","0","6","6","0","12","9","42","6","51","0","1","1","1","0","1","0","1","0","0","0","0","0","0","0","0","0","1","0","1","0","1","0","1","5","5","0","10","0","0","0","0","21","58","7","79","0","0","0","7"
"경기도교육청","경기도안양과천교육지원청","경기도 안양시 동안구","S090000568","백영고등학교","04","사립","N","","1","0","0","1","1","0","0","1","0","0","0","0","10","2","0","12","28","12","0","40","0","0","0","0","0","0","0","0","0","0","0","0","0","0","0","0","0","1","0","1","0","0","0","0","6","15","0","21","0","0","0","0","46","30","0","76","0","0","0","0"
"경기도교육청","경기도군포의왕교육지원청","경기도 의왕시","S090000569","백운고등학교","04","공립","N","","1","0","0","1","0","1","0","1","0","0","0","0","4","9","0","13","11","39","8","50","0","1","0","1","0","1","0","1","0","0","0","0","0","0","0","0","0","1","0","1","0","1","0","1","5","6","0","11","0","0","0","0","21","59","8","80","0","0","0","8"
"경기도교육청","경기도동두천양주교육지원청","경기도 동두천시","S090000572","한빛누리고등학교","04","사립","N","","0","1","0","1","1","0","0","1","0","0","0","0","4","3","0","7","3","7","0","10","0","0","0","0","0","0","0","0","0","0","0","0","0","0","0","0","0","1","0","1","0","0","0","0","11","18","0","29","0","0","0","0","19","30","0","49","0","0","0","0"
"경기도교육청","경기도부천교육지원청","경기도 부천시 원미구","S090000576","부명고등학교","04","공립","N","","0","1","0","1","1","0","0","1","0","0","0","0","12","5","0","17","6","28","4","34","0","1","0","1","0","1","0","1","0","0","0","0","0","0","0","0","0","1","0","1","0","1","0","1","3","6","0","9","0","0","0","0","22","44","4","66","0","0","0","4"
"경기도교육청","경기도부천교육지원청","경기도 부천시 원미구","S090000577","경기국제통상고등학교","04","공립","N","","1","0","0","1","1","0","0","1","0","0","0","0","3","14","0","17","6","23","3","29","1","3","0","4","0","1","0","1","0","0","0","0","0","0","0","0","0","1","0","1","0","0","0","0","4","13","0","17","0","1","0","1","16","56","3","72","0","0","0","3"
"경기도교육청","경기도부천교육지원청","경기도 부천시 원미구","S090000578","상동고등학교","04","공립","N","","1","0","0","1","1","0","0","1","0","0","0","0","8","6","0","14","4","30","2","34","0","0","0","0","0","0","0","0","0","0","0","0","0","0","0","0","0","1","0","1","0","1","0","1","4","6","0","10","0","0","0","0","18","44","2","62","0","0","0","2"
"경기도교육청","경기도부천교육지원청","경기도 부천시 소사구","S090000579","부천고등학교","04","공립","N","","1","0","0","1","1","0","0","1","0","0","0","0","6","6","0","12","9","26","7","35","0","0","0","0","0","1","1","1","0","0","0","0","0","0","0","0","0","1","0","1","0","0","0","0","7","4","0","11","0","0","0","0","24","38","8","62","0","0","0","8"
"경기도교육청","경기도부천교육지원청","경기도 부천시 소사구","S090000580","부천공업고등학교","04","공립","N","","1","0","0","1","1","0","0","1","0","0","0","0","10","7","0","17","13","16","2","29","1","1","0","2","0","1","0","1","0","0","0","0","0","0","0","0","0","1","0","1","0","0","0","0","5","8","0","13","0","0","0","0","31","34","2","65","0","0","0","2"
"경기도교육청","경기도부천교육지원청","경기도 부천시 원미구","S090000581","부천북고등학교","04","공립","N","","1","0","0","1","1","0","0","1","0","0","0","0","5","6","0","11","9","28","9","37","0","2","0","2","0","1","0","1","0","0","0","0","0","0","0","0","0","1","0","1","0","1","1","1","5","11","0","16","0","0","0","0","21","50","10","71","0","0","0","10"
"경기도교육청","경기도부천교육지원청","경기도 부천시 원미구","S090000584","부천여자고등학교","04","공립","N","","0","1","0","1","0","1","0","1","0","0","0","0","4","8","0","12","1","20","3","21","0","0","0","0","0","1","0","1","0","0","0","0","0","0","0","0","0","1","0","1","0","0","0","0","1","6","0","7","0","0","0","0","6","38","3","44","0","0","0","3"
"경기도교육청","경기도부천교육지원청","경기도 부천시 원미구","S090000585","부천정보산업고등학교","04","공립","N","","1","0","0","1","1","0","0","1","0","0","0","0","2","14","0","16","5","30","6","35","2","6","1","8","0","1","0","1","0","0","0","0","0","0","0","0","0","1","1","1","0","0","0","0","4","20","0","24","0","0","0","0","15","72","8","87","0","0","0","8"
"경기도교육청","경기도안양과천교육지원청","경기도 안양시 동안구","S090000586","부흥고등학교","04","공립","N","","0","1","0","1","1","0","0","1","0","0","0","0","2","10","0","12","6","57","4","63","1","2","0","3","1","0","1","1","0","1","0","1","0","0","0","0","0","1","1","1","0","0","0","0","1","11","0","12","0","0","0","0","12","83","6","95","0","0","0","6"
"경기도교육청","경기도성남교육지원청","경기도 성남시 분당구","S090000587","분당고등학교","04","공립","N","","0","1","0","1","1","0","0","1","0","0","0","0","4","8","0","12","7","38","9","45","0","1","0","1","0","1","0","1","0","0","0","0","0","0","0","0","0","1","0","1","0","1","0","1","5","8","0","13","0","0","0","0","17","59","9","76","0","0","0","9"
"경기도교육청","경기도성남교육지원청","경기도 성남시 분당구","S090000588","분당대진고등학교","04","사립","N","","1","0","0","1","1","0","0","1","0","0","0","0","3","10","0","13","9","25","4","34","0","0","0","0","0","0","0","0","0","0","0","0","0","0","0","0","0","1","0","1","0","0","0","0","9","21","0","30","0","0","0","0","23","57","4","80","0","0","0","4"
"경기도교육청","경기도성남교육지원청","경기도 성남시 분당구","S090000589","분당경영고등학교","04","공립","N","","1","0","0","1","1","0","0","1","0","1","0","1","4","13","0","17","4","30","5","34","0","1","0","1","0","1","0","1","0","0","0","0","0","0","0","0","0","1","0","1","0","1","0","1","0","13","0","13","0","1","0","1","10","62","5","72","0","0","0","5"
"경기도교육청","경기도성남교육지원청","경기도 성남시 분당구","S090000590","분당중앙고등학교","04","공립","N","","1","0","0","1","0","1","0","1","0","0","0","0","4","7","0","11","10","31","6","41","0","0","0","0","0","1","0","1","0","0","0","0","0","0","0","0","0","1","0","1","0","1","0","1","4","6","0","10","0","0","0","0","19","48","6","67","0","0","0","6"
"경기도교육청","경기도성남교육지원청","경기도 성남시 분당구","S090000591","불곡고등학교","04","공립","N","","1","0","0","1","0","1","0","1","0","0","0","0","1","11","0","12","3","37","5","40","0","2","0","2","0","1","0","1","0","0","0","0","0","0","0","0","0","1","0","1","0","0","0","0","4","3","0","7","0","0","0","0","9","56","5","65","0","0","0","5"
"경기도교육청","경기도화성오산교육지원청","","S090000594","비봉고등학교","04","사립","N","","1","0","0","1","0","0","0","0","0","0","0","0","7","3","0","10","21","5","1","26","0","0","0","0","0","0","0","0","0","0","0","0","0","0","0","0","0","0","0","0","0","1","0","1","13","17","0","30","0","0","0","0","42","26","1","68","0","0","0","1"
"경기도교육청","경기도김포교육지원청","경기도 김포시","S090000596","사우고등학교","04","공립","N","","0","1","0","1","0","1","0","1","0","0","0","0","3","8","0","11","16","36","6","52","0","3","0","3","0","1","0","1","0","0","0","0","0","0","0","0","0","1","0","1","0","0","0","0","5","9","0","14","0","0","0","0","24","60","6","84","0","0","0","6"
"경기도교육청","경기도군포의왕교육지원청","경기도 군포시","S090000597","산본고등학교","04","공립","N","","0","1","0","1","0","1","0","1","0","0","0","0","5","7","0","12","5","60","9","65","0","2","0","2","0","1","0","1","0","0","0","0","0","0","0","0","0","1","0","1","0","0","0","0","3","10","0","13","0","0","0","0","13","83","9","96","0","0","0","9"
"경기도교육청","경기도군포의왕교육지원청","경기도 군포시","S090000598","경기폴리텍고등학교","04","공립","N","","1","0","0","1","1","0","0","1","0","0","0","0","9","7","0","16","8","13","3","21","0","0","0","0","0","1","0","1","0","0","0","0","0","0","0","0","0","1","0","1","0","1","0","1","2","4","0","6","0","0","0","0","21","27","3","48","0","0","0","3"
"경기도교육청","경기도파주교육지원청","경기도 파주시","S090000599","삼광고등학교","04","사립","N","","1","0","0","1","1","0","0","1","0","0","0","0","2","1","0","3","5","4","0","9","0","0","0","0","0","0","0","0","0","0","0","0","0","0","0","0","0","0","0","0","0","0","0","0","2","2","0","4","0","0","0","0","11","7","0","18","0","0","0","0"
"경기도교육청","경기도화성오산교육지원청","경기도 화성시 만세구","S090000600","삼괴고등학교","04","사립","N","","1","0","0","1","0","1","0","1","0","0","0","0","6","2","0","8","9","6","1","15","0","0","0","0","0","0","0","0","0","0","0","0","0","0","0","0","0","1","0","1","0","1","0","1","16","14","0","30","0","0","0","0","32","25","1","57","0","0","0","1"
"경기도교육청","경기도수원교육지원청","경기도 수원시 팔달구","S090000602","삼일공업고등학교","04","사립","N","","0","1","0","1","0","0","0","0","0","0","0","0","16","8","0","24","15","11","4","26","0","0","0","0","1","0","0","1","0","0","0","0","0","0","0","0","0","1","0","1","0","1","0","1","23","26","0","49","0","0","0","0","55","48","4","103","0","0","0","4"
"경기도교육청","경기도수원교육지원청","경기도 수원시 팔달구","S090000603","삼일고등학교","04","사립","N","","0","1","0","1","0","0","0","0","0","0","0","0","5","10","0","15","15","19","5","34","0","0","0","0","0","1","0","1","0","0","0","0","0","0","0","0","0","1","0","1","0","0","0","0","10","25","0","35","0","1","0","1","30","58","5","88","0","0","0","5"
"경기도교육청","경기도구리남양주교육지원청","경기도 구리시","S090000606","서울삼육고등학교","04","사립","N","","1","0","0","1","0","1","0","1","0","0","0","0","7","6","0","13","12","8","2","20","0","0","0","0","0","0","0","0","0","0","0","0","0","0","0","0","0","1","0","1","0","0","0","0","8","11","0","19","0","0","0","0","28","27","2","55","0","0","0","2"
"경기도교육청","경기도시흥교육지원청","경기도 시흥시","S090000607","서해고등학교","04","공립","N","","0","1","0","1","1","0","0","1","0","0","0","0","9","3","0","12","16","31","5","47","0","3","1","3","0","1","0","1","0","0","0","0","0","0","0","0","0","1","0","1","0","1","0","1","5","7","0","12","0","0","0","0","31","48","6","79","0","0","0","6"
"경기도교육청","경기도성남교육지원청","경기도 성남시 분당구","S090000608","서현고등학교","04","공립","N","","1","0","0","1","1","0","0","1","0","0","0","0","4","10","0","14","7","39","8","46","0","0","0","0","0","0","0","0","0","0","0","0","0","0","0","0","0","1","0","1","0","0","0","0","2","6","0","8","0","0","0","0","15","56","8","71","0","0","0","8"
"경기도교육청","경기도가평교육지원청","경기도 가평군","S090000609","설악고등학교","04","공립","N","","1","0","0","1","1","0","0","1","0","0","0","0","1","3","0","4","2","8","0","10","0","1","0","1","0","0","0","0","0","0","0","0","0","0","0","0","0","0","0","0","0","0","0","0","1","5","0","6","0","0","0","0","6","17","0","23","0","0","0","0"
"경기도교육청","경기도성남교육지원청","경기도 성남시 중원구","S090000610","성남테크노과학고등학교","04","공립","N","","1","0","0","1","0","1","0","1","0","0","0","0","4","8","0","12","3","19","8","22","2","2","0","4","0","1","0","1","0","0","0","0","0","0","0","0","0","1","0","1","0","0","0","0","3","11","0","14","0","0","0","0","13","43","8","56","0","0","0","8"
"경기도교육청","경기도성남교육지원청","경기도 성남시 중원구","S090000611","성남고등학교","04","공립","N","","1","0","0","1","0","1","0","1","0","0","0","0","4","7","0","11","3","33","6","36","0","3","1","3","0","0","0","0","0","0","0","0","0","0","0","0","0","1","0","1","0","1","0","1","1","7","0","8","0","0","0","0","9","53","7","62","0","0","0","7"
"경기도교육청","경기도성남교육지원청","경기도 성남시 중원구","S090000612","성남여자고등학교","04","공립","N","","0","1","0","1","1","0","0","1","0","0","0","0","4","8","0","12","3","37","8","40","0","3","1","3","0","0","0","0","0","0","0","0","0","0","0","0","0","1","0","1","0","0","0","0","2","13","0","15","0","0","0","0","10","63","9","73","0","0","0","9"
"경기도교육청","경기도성남교육지원청","경기도 성남시 분당구","S090000613","분당아람고등학교","04","공립","N","","1","0","0","1","1","0","0","1","0","1","0","1","2","17","0","19","8","31","3","39","0","6","2","6","0","1","0","1","0","0","0","0","0","0","0","0","0","1","0","1","0","0","0","0","4","9","0","13","1","3","0","4","17","69","5","86","0","0","0","5"
"경기도교육청","경기도안양과천교육지원청","경기도 안양시 만안구","S090000614","성문고등학교","04","사립","N","","1","0","0","1","1","0","0","1","0","0","0","0","12","0","0","12","18","13","0","31","0","0","0","0","0","0","0","0","0","0","0","0","0","0","0","0","0","0","0","0","0","1","0","1","8","12","0","20","2","0","0","2","42","26","0","68","0","0","0","0"
"경기도교육청","경기도성남교육지원청","경기도 성남시 수정구","S090000617","성보경영고등학교","04","사립","N","","1","0","0","1","0","1","0","1","0","0","0","0","6","7","0","13","6","19","1","25","0","0","0","0","0","1","0","1","0","0","0","0","0","0","0","0","0","1","0","1","0","0","0","0","17","28","0","45","0","0","0","0","30","57","1","87","0","0","0","1"
"경기도교육청","경기도안산교육지원청","경기도 안산시 상록구","S090000618","성안고등학교","04","공립","N","","1","0","0","1","1","0","0","1","0","0","0","0","4","8","0","12","13","27","7","40","0","3","1","3","0","1","0","1","0","0","0","0","0","0","0","0","0","1","0","1","0","0","0","0","9","15","0","24","0","0","0","0","28","55","8","83","0","0","0","8"
"경기도교육청","경기도성남교육지원청","경기도 성남시 중원구","S090000620","성일고등학교","04","사립","N","","1","0","0","1","0","0","0","0","0","0","0","0","8","4","0","12","23","12","3","35","0","0","0","0","0","1","0","1","0","0","0","0","0","0","0","0","0","1","1","1","0","0","0","0","7","16","0","23","0","0","0","0","39","34","4","73","0","0","0","4"
"경기도교육청","경기도성남교육지원청","경기도 성남시 중원구","S090000622","동광고등학교","04","사립","N","","0","1","0","1","1","0","0","1","0","0","0","0","4","8","0","12","7","14","2","21","0","0","0","0","0","1","0","1","0","0","0","0","0","0","0","0","0","1","0","1","0","0","0","0","6","19","0","25","0","0","0","0","18","44","2","62","0","0","0","2"
"경기도교육청","경기도성남교육지원청","경기도 성남시 중원구","S090000624","성일정보고등학교","04","사립","N","","0","1","0","1","1","0","0","1","0","0","0","0","11","3","0","14","18","19","4","37","0","0","0","0","0","0","0","0","0","0","0","0","0","0","0","0","0","1","0","1","0","0","0","0","11","23","0","34","1","0","0","1","42","47","4","89","0","0","0","4"
"경기도교육청","경기도화성오산교육지원청","경기도 오산시","S090000626","성호고등학교","04","공립","N","","1","0","0","1","1","0","0","1","0","0","0","0","5","7","0","12","13","22","5","35","0","2","0","2","0","1","0","1","0","0","0","0","0","0","0","0","1","0","0","1","0","0","0","0","6","11","0","17","0","0","0","0","27","43","5","70","0","0","0","5"
"경기도교육청","경기도고양교육지원청","경기도 고양시 일산동구","S090000627","세원고등학교","04","사립","N","","1","0","0","1","1","0","0","1","0","0","0","0","7","3","0","10","18","7","1","25","0","0","0","0","0","0","0","0","0","0","0","0","0","0","0","0","0","1","0","1","0","0","0","0","4","10","1","14","0","0","0","0","31","21","2","52","0","0","0","2"
"경기도교육청","경기도시흥교육지원청","경기도 시흥시","S090000628","소래고등학교","04","공립","N","","1","0","0","1","1","0","0","1","0","0","0","0","7","5","0","12","14","36","7","50","1","0","0","1","1","0","0","1","0","0","0","0","0","0","0","0","0","1","0","1","0","0","0","0","10","11","0","21","0","0","0","0","35","53","7","88","0","0","0","7"
"경기도교육청","경기도부천교육지원청","경기도 부천시 원미구","S090000630","소명여자고등학교","04","사립","N","","0","1","0","1","1","0","0","1","0","0","0","0","8","4","0","12","22","14","1","36","0","1","0","1","1","0","0","1","0","0","0","0","0","0","0","0","0","1","0","1","0","0","0","0","3","11","0","14","0","0","0","0","35","32","1","67","0","0","0","1"
"경기도교육청","경기도부천교육지원청","경기도 부천시 소사구","S090000631","소사고등학교","04","공립","N","","1","0","0","1","1","0","0","1","0","0","0","0","5","7","0","12","11","32","4","43","0","1","1","1","0","1","0","1","0","1","0","1","0","0","0","0","0","1","0","1","0","1","0","1","6","5","0","11","0","0","0","0","24","49","5","73","0","0","0","5"
"경기도교육청","경기도광명교육지원청","경기도 광명시","S090000632","소하고등학교","04","공립","N","","0","1","0","1","0","1","0","1","0","0","0","0","5","7","0","12","7","47","3","54","0","3","1","3","0","1","1","1","0","0","0","0","0","0","0","0","0","1","0","1","0","1","0","1","1","5","0","6","0","0","0","0","13","67","5","80","0","0","0","5"
"경기도교육청","경기도성남교육지원청","경기도 성남시 분당구","S090000633","송림고등학교","04","사립","N","","1","0","0","1","1","0","0","1","0","0","0","0","7","3","0","10","12","18","0","30","0","0","0","0","0","0","0","0","0","0","0","0","0","0","0","0","0","1","0","1","0","0","0","0","3","19","0","22","0","0","0","0","24","41","0","65","0","0","0","0"
"경기도교육청","경기도화성오산교육지원청","경기도 화성시 만세구","S090000634","송산고등학교","04","사립","N","","1","0","0","1","1","0","0","1","0","0","0","0","5","0","0","5","2","4","0","6","0","0","0","0","0","0","0","0","0","0","0","0","0","0","0","0","0","0","0","0","0","0","0","0","4","12","0","16","0","0","0","0","13","16","0","29","0","0","0","0"
"경기도교육청","경기도평택교육지원청","경기도 평택시","S090000636","송탄고등학교","04","공립","N","","0","1","0","1","1","0","0","1","0","0","0","0","5","7","0","12","9","9","2","18","1","3","0","4","0","1","0","1","0","0","0","0","0","0","0","0","0","1","1","1","0","1","1","1","6","15","0","21","0","0","0","0","22","38","4","60","0","0","0","4"
"경기도교육청","경기도평택교육지원청","경기도 평택시","S090000637","라온고등학교","04","사립","N","","1","0","0","1","1","0","0","1","0","0","0","0","6","4","0","10","4","11","2","15","0","0","0","0","0","0","0","0","0","0","0","0","0","0","0","0","0","1","0","1","0","0","0","0","14","9","0","23","0","1","0","1","26","26","2","52","0","0","0","2"
"경기도교육청","경기도의정부교육지원청","경기도 의정부시","S090000638","송현고등학교","04","공립","N","","1","0","0","1","1","0","0","1","0","0","0","0","5","7","0","12","9","41","3","50","2","1","0","3","0","1","0","1","0","0","0","0","0","0","0","0","0","1","0","1","0","1","0","1","2","4","0","6","0","0","0","0","20","56","3","76","0","0","0","3"
"경기도교육청","경기도성남교육지원청","경기도 성남시 분당구","S090000639","수내고등학교","04","공립","N","","0","1","0","1","0","1","0","1","0","0","0","0","4","8","0","12","5","34","8","39","0","1","0","1","0","1","0","1","0","1","0","1","0","0","0","0","0","1","0","1","0","1","0","1","3","7","0","10","0","0","0","0","12","56","8","68","0","0","0","8"
"경기도교육청","경기도군포의왕교육지원청","경기도 군포시","S090000640","수리고등학교","04","공립","N","","1","0","0","1","0","1","0","1","0","0","0","0","6","6","0","12","16","52","3","68","0","0","0","0","0","0","0","0","0","0","0","0","0","0","0","0","0","1","0","1","0","0","0","0","1","10","0","11","0","0","0","0","24","70","3","94","0","0","0","3"
"경기도교육청","경기도수원교육지원청","경기도 수원시 장안구","S090000641","수성고등학교","04","공립","N","","1","0","0","1","0","1","0","1","0","0","0","0","9","7","0","16","16","37","6","53","0","0","0","0","0","1","0","1","0","0","0","0","0","0","0","0","0","1","1","1","0","0","0","0","3","13","0","16","0","0","0","0","29","60","7","89","0","0","0","7"
"경기도교육청","경기도화성오산교육지원청","경기도 화성시 효행구","S090000644","홍익디자인고등학교","04","사립","N","","1","0","0","1","1","0","0","1","0","0","0","0","1","4","0","5","1","7","2","8","0","0","0","0","0","0","0","0","0","0","0","0","0","0","0","0","0","0","0","0","0","1","0","1","4","14","0","18","0","0","0","0","8","26","2","34","0","0","0","2"
"경기도교육청","경기도수원교육지원청","경기도 수원시 팔달구","S090000645","수원고등학교","04","사립","N","","1","0","0","1","0","0","0","0","0","0","0","0","7","4","0","11","19","23","2","42","0","0","0","0","0","0","0","0","0","0","0","0","0","0","0","0","0","1","0","1","0","1","0","1","6","15","0","21","2","0","0","2","35","44","2","79","0","0","0","2"
"경기도교육청","경기도수원교육지원청","경기도 수원시 팔달구","S090000646","수원공업고등학교","04","사립","N","","0","1","0","1","2","0","0","2","0","0","0","0","15","6","0","21","23","16","1","39","0","0","0","0","0","0","0","0","0","0","0","0","0","0","0","0","0","1","0","1","0","0","0","0","16","22","0","38","0","0","0","0","56","46","1","102","0","0","0","1"
"경기도교육청","경기도수원교육지원청","경기도 수원시 장안구","S090000648","수원농생명과학고등학교","04","공립","N","","1","0","0","1","1","0","0","1","0","0","0","0","6","13","0","19","8","34","7","42","1","3","0","4","0","1","0","1","0","0","0","0","0","0","0","0","0","1","0","1","0","2","0","2","9","16","0","25","0","0","0","0","26","70","7","96","0","0","0","7"
"경기도교육청","경기도수원교육지원청","경기도 수원시 팔달구","S090000649","수원여자고등학교","04","공립","N","","0","1","0","1","0","1","0","1","1","0","0","1","6","9","0","15","10","36","3","46","0","0","0","0","0","1","0","1","0","0","0","0","0","0","0","0","0","1","1","1","0","1","1","1","1","11","0","12","0","0","0","0","18","61","5","79","0","0","0","5"
"경기도교육청","경기도수원교육지원청","경기도 수원시 영통구","S090000651","수원정보과학고등학교","04","공립","N","","1","0","0","1","1","0","0","1","0","0","0","0","10","7","0","17","6","24","3","30","1","2","0","3","0","1","0","1","0","0","0","0","0","0","0","0","0","1","1","1","0","1","0","1","5","10","0","15","0","0","0","0","24","46","4","70","0","0","0","4"
"경기도교육청","경기도수원교육지원청","경기도 수원시 권선구","S090000653","한봄고등학교","04","사립","N","","1","0","0","1","0","1","0","1","0","0","0","0","8","7","0","15","9","17","1","26","0","0","0","0","0","0","0","0","0","0","0","0","0","0","0","0","0","1","0","1","0","0","0","0","6","19","0","25","0","0","0","0","24","45","1","69","0","0","0","1"
"경기도교육청","경기도수원교육지원청","경기도 수원시 장안구","S090000654","수일고등학교","04","공립","N","","1","0","0","1","0","1","0","1","0","0","0","0","7","5","0","12","6","40","5","46","0","0","0","0","0","1","0","1","0","0","0","0","0","0","0","0","0","1","0","1","0","0","0","0","2","8","0","10","0","0","0","0","16","56","5","72","0","0","0","5"
"경기도교육청","경기도용인교육지원청","경기도 용인시 수지구","S090000655","수지고등학교","04","공립","N","","1","0","0","1","1","0","0","1","0","0","0","0","2","9","0","11","12","50","2","62","0","2","0","2","0","1","0","1","0","0","0","0","0","0","0","0","0","1","1","1","0","1","0","1","5","11","0","16","0","0","0","0","21","75","3","96","0","0","0","3"
"경기도교육청","경기도구리남양주교육지원청","경기도 구리시","S090000656","수택고등학교","04","공립","N","","1","0","0","1","0","1","0","1","0","0","0","0","5","7","0","12","5","26","2","31","1","8","0","9","0","1","0","1","0","0","0","0","0","0","0","0","0","1","0","1","0","0","0","0","4","10","0","14","0","0","0","0","16","54","2","70","0","0","0","2"
"경기도교육청","경기도수원교육지원청","경기도 수원시 팔달구","S090000657","숙지고등학교","04","공립","N","","1","0","0","1","0","1","0","1","0","0","0","0","3","11","0","14","7","40","11","47","1","4","0","5","0","0","0","0","0","0","0","0","0","0","0","0","0","1","0","1","0","1","0","1","6","11","0","17","1","0","0","1","19","69","11","88","0","0","0","11"
"경기도교육청","경기도성남교육지원청","경기도 성남시 중원구","S090000658","숭신고등학교","04","사립","N","","0","1","0","1","0","1","0","1","0","0","0","0","7","5","0","12","10","12","1","22","0","0","0","0","0","0","0","0","0","0","0","0","0","0","0","0","0","0","0","0","0","0","0","0","7","22","0","29","0","0","0","0","24","41","1","65","0","0","0","1"
"경기도교육청","경기도부천교육지원청","경기도 부천시 소사구","S090000659","시온고등학교","04","사립","N","","0","1","0","1","0","0","0","0","0","0","0","0","6","3","0","9","20","13","0","33","0","0","0","0","0","1","0","1","0","0","0","0","0","0","0","0","0","1","1","1","0","0","0","0","15","8","0","23","0","0","0","0","41","27","1","68","0","0","0","1"
"경기도교육청","경기도시흥교육지원청","경기도 시흥시","S090000660","경기스마트고등학교","04","공립","N","","1","0","0","1","1","0","0","1","0","0","0","0","11","5","0","16","16","6","3","22","1","1","0","2","0","1","0","1","0","0","0","0","0","0","0","0","0","1","0","1","0","1","0","1","10","15","0","25","3","0","0","3","43","30","3","73","0","0","0","3"
"경기도교육청","경기도용인교육지원청","경기도 용인시 기흥구","S090000661","신갈고등학교","04","사립","N","","1","0","0","1","1","0","0","1","0","0","0","0","6","5","0","11","6","6","0","12","0","0","0","0","0","0","0","0","0","0","0","0","0","0","0","0","0","0","0","0","0","0","0","0","14","27","0","41","0","0","0","0","28","38","0","66","0","0","0","0"
"경기도교육청","경기도안양과천교육지원청","경기도 안양시 만안구","S090000662","신성고등학교","04","사립","N","","1","0","0","1","1","0","0","1","0","0","0","0","12","1","0","13","29","7","1","36","0","0","0","0","0","0","0","0","0","0","0","0","0","0","0","0","0","0","0","0","0","0","0","0","17","6","0","23","0","0","0","0","60","14","1","74","0","0","0","1"
"경기도교육청","경기도고양교육지원청","경기도 고양시 일산서구","S090000665","신일비즈니스고등학교","04","공립","N","","0","1","0","1","1","0","0","1","0","0","0","0","1","12","0","13","7","18","7","25","0","0","0","0","0","1","0","1","0","0","0","0","0","0","0","0","0","1","0","1","0","0","0","0","6","17","0","23","1","0","0","1","16","50","7","66","0","0","0","7"
"경기도교육청","경기도평택교육지원청","경기도 평택시","S090000666","신한고등학교","04","사립","N","","0","0","0","0","1","0","0","1","0","0","0","0","9","3","0","12","16","13","3","29","0","0","0","0","0","0","0","0","0","0","0","0","0","0","0","0","0","0","0","0","0","0","0","0","8","22","0","30","0","0","0","0","34","38","3","72","0","0","0","3"
"경기도교육청","경기도동두천양주교육지원청","경기도 동두천시","S090000667","신흥고등학교","04","사립","N","","1","0","0","1","1","0","0","1","0","0","0","0","6","3","0","9","5","2","1","7","0","0","0","0","0","0","0","0","0","0","0","0","0","0","0","0","0","0","0","0","0","0","0","0","7","5","0","12","1","0","0","1","21","10","1","31","0","0","0","1"
"경기도교육청","경기도구리남양주교육지원청","경기도 남양주시","S090000669","심석고등학교","04","사립","N","","1","0","0","1","1","0","0","1","0","0","0","0","11","1","0","12","30","11","3","41","0","0","0","0","0","0","0","0","0","0","0","0","0","0","0","0","0","1","0","1","0","1","0","1","14","9","0","23","0","0","0","0","57","23","3","80","0","0","0","3"
"경기도교육청","경기도부천교육지원청","경기도 부천시 원미구","S090000671","심원고등학교","04","공립","N","","1","0","0","1","1","0","0","1","1","0","0","1","6","6","0","12","6","30","8","36","0","1","0","1","0","1","0","1","0","0","0","0","0","0","0","0","0","1","0","1","0","0","0","0","6","9","0","15","0","1","0","1","21","49","8","70","0","0","0","8"
"경기도교육청","경기도안성교육지원청","경기도 안성시","S090000672","안법고등학교","04","사립","N","","1","0","0","1","1","0","0","1","0","0","0","0","7","3","0","10","18","10","0","28","0","0","0","0","0","0","0","0","0","0","0","0","0","0","0","0","0","0","0","0","0","0","0","0","5","9","0","14","0","0","0","0","32","22","0","54","0","0","0","0"
"경기도교육청","경기도안산교육지원청","경기도 안산시 단원구","S090000673","안산강서고등학교","04","사립","N","","1","0","0","1","1","0","0","1","0","0","0","0","9","3","0","12","30","9","1","39","0","0","0","0","0","1","0","1","0","0","0","0","0","0","0","0","0","1","0","1","0","0","0","0","8","15","0","23","0","0","0","0","49","29","1","78","0","0","0","1"
"경기도교육청","경기도안산교육지원청","경기도 안산시 상록구","S090000674","안산국제비즈니스고등학교","04","사립","N","","0","0","0","0","1","0","0","1","0","0","0","0","8","6","0","14","16","15","2","31","0","0","0","0","0","0","0","0","0","0","0","0","0","0","0","0","0","0","0","0","0","0","0","0","9","25","0","34","0","0","0","0","34","46","2","80","0","0","0","2"
"경기도교육청","경기도안산교육지원청","경기도 안산시 상록구","S090000675","안산고등학교","04","사립","N","","1","0","0","1","1","0","0","1","0","0","0","0","2","2","0","4","11","18","1","29","0","0","0","0","0","0","0","0","0","0","0","0","0","0","0","0","0","0","0","0","0","0","0","0","14","23","0","37","0","1","0","1","29","44","1","73","0","0","0","1"
"경기도교육청","경기도안산교육지원청","경기도 안산시 상록구","S090000676","안산공업고등학교","04","사립","N","","1","0","0","1","1","0","0","1","0","0","0","0","12","7","0","19","30","17","1","47","0","0","0","0","0","0","0","0","0","0","0","0","0","0","0","0","0","1","0","1","0","0","0","0","16","20","0","36","0","1","0","1","60","46","1","106","0","0","0","1"
"경기도교육청","경기도안산교육지원청","경기도 안산시 상록구","S090000677","안산동산고등학교","04","사립","N","","1","0","0","1","1","0","0","1","0","0","0","0","8","3","0","11","33","17","2","50","0","0","0","0","0","0","0","0","0","0","0","0","0","0","0","0","0","1","0","1","0","1","0","1","9","6","0","15","3","7","0","10","55","35","2","90","0","0","0","2"
"경기도교육청","경기도안산교육지원청","경기도 안산시 상록구","S090000680","안산디자인문화고등학교","04","사립","N","","1","0","0","1","1","0","0","1","0","0","0","0","10","5","0","15","24","20","2","44","0","0","0","0","0","0","0","0","0","0","0","0","0","0","0","0","0","1","0","1","0","0","0","0","5","13","0","18","0","0","0","0","41","39","2","80","0","0","0","2"
"경기도교육청","경기도안성교육지원청","경기도 안성시","S090000684","안성고등학교","04","공립","N","","1","0","0","1","1","0","0","1","0","0","0","0","6","5","0","11","13","16","3","29","1","2","2","3","0","1","0","1","0","0","0","0","0","0","0","0","0","1","0","1","0","0","0","0","6","4","0","10","0","0","0","0","28","29","5","57","0","0","0","5"
"경기도교육청","경기도안성교육지원청","경기도 안성시","S090000685","두원공업고등학교","04","사립","N","","1","0","0","1","1","0","0","1","0","0","0","0","14","4","0","18","18","8","2","26","0","0","0","0","0","0","0","0","0","1","0","1","0","0","0","0","0","1","0","1","0","1","0","1","7","5","0","12","0","0","0","0","41","20","2","61","0","0","0","2"
"경기도교육청","경기도안성교육지원청","경기도 안성시","S090000686","안성여자고등학교","04","공립","N","","0","1","0","1","0","1","0","1","0","0","0","0","8","3","0","11","3","19","0","22","0","2","0","2","1","0","0","1","0","0","0","0","0","0","0","0","0","1","0","1","0","0","0","0","1","6","0","7","0","0","0","0","13","33","0","46","0","0","0","0"
"경기도교육청","경기도안성교육지원청","경기도 안성시","S090000689","가온고등학교","04","사립","N","","1","0","0","1","1","0","0","1","0","0","0","0","9","6","0","15","14","5","1","19","0","0","0","0","0","0","0","0","0","0","0","0","0","0","0","0","0","0","0","0","0","1","0","1","15","15","0","30","0","0","0","0","40","27","1","67","0","0","0","1"
"경기도교육청","경기도안양과천교육지원청","경기도 안양시 만안구","S090000690","안양고등학교","04","공립","N","","1","0","0","1","1","0","0","1","0","0","0","0","5","7","0","12","13","46","10","59","0","1","0","1","0","0","0","0","0","1","1","1","0","0","0","0","0","1","0","1","0","0","0","0","5","10","0","15","0","0","0","0","25","66","11","91","0","0","0","11"
"경기도교육청","경기도안양과천교육지원청","경기도 안양시 만안구","S090000691","안양공업고등학교","04","공립","N","","1","0","0","1","0","1","0","1","0","1","0","1","11","9","0","20","13","22","4","35","1","8","0","9","1","0","1","1","0","0","0","0","0","0","0","0","0","1","0","1","0","0","0","0","7","5","0","12","2","0","0","2","36","47","5","83","0","0","0","5"
"경기도교육청","경기도안양과천교육지원청","경기도 안양시 만안구","S090000693","안양여자고등학교","04","사립","N","","1","0","0","1","0","1","0","1","0","0","0","0","5","6","0","11","13","7","4","20","0","0","0","0","0","0","0","0","0","0","0","0","0","0","0","0","0","0","0","0","0","0","0","0","7","13","0","20","0","0","0","0","26","27","4","53","0","0","0","4"
"경기도교육청","경기도안양과천교육지원청","경기도 안양시 만안구","S090000694","안양문화고등학교","04","사립","N","","1","0","0","1","0","1","0","1","0","0","0","0","4","6","0","10","6","14","1","20","0","0","0","0","0","0","0","0","0","0","0","0","0","0","0","0","0","1","0","1","0","0","0","0","7","16","0","23","0","0","0","0","18","38","1","56","0","0","0","1"
"경기도교육청","경기도안양과천교육지원청","경기도 안양시 만안구","S090000696","안양예술고등학교","04","사립","N","","1","0","0","1","1","0","0","1","0","0","0","0","6","1","0","7","8","5","1","13","0","0","0","0","0","0","0","0","0","0","0","0","0","0","0","0","0","0","0","0","0","0","0","0","7","12","0","19","5","6","0","11","28","24","1","52","0","0","0","1"
"경기도교육청","경기도안양과천교육지원청","경기도 안양시 만안구","S090000697","안양외국어고등학교","04","사립","N","","1","0","0","1","1","0","0","1","0","0","0","0","5","4","0","9","17","21","3","38","0","0","0","0","0","0","0","0","0","0","0","0","0","0","0","0","0","0","0","0","0","0","0","0","5","17","0","22","0","0","0","0","29","42","3","71","0","0","0","3"
"경기도교육청","경기도평택교육지원청","경기도 평택시","S090000699","경기물류고등학교","04","공립","N","","1","0","0","1","0","1","0","1","0","0","0","0","5","9","0","14","2","11","1","13","1","2","0","3","0","1","0","1","0","0","0","0","0","0","0","0","0","1","0","1","0","1","0","1","6","8","0","14","1","0","0","1","16","34","1","50","0","0","0","1"
"경기도교육청","경기도평택교육지원청","경기도 평택시","S090000701","안중고등학교","04","사립","N","","1","0","0","1","1","0","0","1","0","0","0","0","8","2","0","10","10","1","1","11","0","0","0","0","0","0","0","0","0","0","0","0","0","0","0","0","0","1","0","1","0","1","0","1","18","8","0","26","0","0","0","0","38","13","1","51","0","0","0","1"
"경기도교육청","경기도성남교육지원청","경기도 성남시 분당구","S090000702","야탑고등학교","04","사립","N","","1","0","0","1","1","0","0","1","0","0","0","0","6","3","0","9","20","8","4","28","0","0","0","0","0","0","0","0","0","0","0","0","0","0","0","0","0","1","0","1","0","0","0","0","8","21","0","29","0","0","0","0","36","33","4","69","0","0","0","4"
"경기도교육청","경기도김포교육지원청","경기도 김포시","S090000703","양곡고등학교","04","사립","N","","1","0","0","1","1","0","0","1","0","0","0","0","8","2","0","10","9","10","3","19","0","0","0","0","0","1","0","1","0","1","0","1","0","0","0","0","0","0","0","0","0","1","0","1","14","10","0","24","0","0","0","0","33","25","3","58","0","0","0","3"
"경기도교육청","경기도양평교육지원청","경기도 양평군","S090000704","양동고등학교","04","사립","N","","1","0","0","1","1","0","0","1","0","0","0","0","2","4","0","6","2","2","0","4","0","0","0","0","0","0","0","0","0","0","0","0","0","0","0","0","0","1","0","1","0","0","0","0","6","3","0","9","0","0","0","0","12","10","0","22","0","0","0","0"
"경기도교육청","경기도안양과천교육지원청","경기도 안양시 만안구","S090000705","양명고등학교","04","사립","N","","1","0","0","1","1","0","0","1","0","0","0","0","6","4","0","10","13","11","2","24","0","0","0","0","0","0","0","0","0","0","0","0","0","0","0","0","0","0","0","0","0","0","0","0","22","13","0","35","0","0","0","0","43","28","2","71","0","0","0","2"
"경기도교육청","경기도안양과천교육지원청","경기도 안양시 만안구","S090000706","양명여자고등학교","04","사립","N","","1","0","0","1","1","0","0","1","0","0","0","0","6","2","0","8","12","14","4","26","0","0","0","0","0","0","0","0","0","0","0","0","0","0","0","0","0","1","0","1","0","0","0","0","17","14","0","31","0","0","0","0","37","31","4","68","0","0","0","4"
"경기도교육청","경기도양평교육지원청","경기도 양평군","S090000707","양서고등학교","04","사립","N","","1","0","0","1","1","0","0","1","0","0","0","0","9","3","0","12","20","9","0","29","0","0","0","0","0","0","0","0","0","0","0","0","0","0","0","0","0","0","0","0","0","0","0","0","4","10","0","14","0","0","0","0","35","22","0","57","0","0","0","0"
"경기도교육청","경기도성남교육지원청","경기도 성남시 분당구","S090000708","양영디지털고등학교","04","공립","N","","0","1","0","1","0","1","0","1","0","0","0","0","3","13","0","16","3","17","4","20","0","0","0","0","0","1","0","1","0","0","0","0","0","0","0","0","0","1","0","1","0","1","1","1","6","6","0","12","0","1","0","1","12","42","5","54","0","0","0","5"
"경기도교육청","경기도양평교육지원청","경기도 양평군","S090000711","양일고등학교","04","사립","N","","1","0","0","1","1","0","0","1","0","0","0","0","9","2","0","11","12","10","2","22","1","0","0","1","0","0","0","0","0","0","0","0","0","0","0","0","0","1","0","1","0","1","0","1","14","5","0","19","0","0","0","0","38","19","2","57","0","0","0","2"
"경기도교육청","경기도안산교육지원청","경기도 안산시 단원구","S090000713","양지고등학교","04","공립","N","","1","0","0","1","1","0","0","1","0","0","0","0","5","7","0","12","15","27","8","42","1","1","0","2","0","1","0","1","0","0","0","0","0","0","0","0","0","1","0","1","0","0","0","0","5","12","0","17","0","0","0","0","28","49","8","77","0","0","0","8"
"경기도교육청","경기도양평교육지원청","경기도 양평군","S090000714","양평전자과학고등학교","04","공립","N","","1","0","0","1","1","0","0","1","0","0","0","0","5","2","0","7","5","6","0","11","0","0","0","0","0","0","0","0","0","0","0","0","0","0","0","0","0","1","0","1","0","0","0","0","1","2","0","3","0","0","0","0","13","11","0","24","0","0","0","0"
"경기도교육청","경기도양평교육지원청","경기도 양평군","S090000716","양평고등학교","04","공립","N","","1","0","0","1","0","1","0","1","1","0","0","1","7","6","0","13","4","20","1","24","0","3","0","3","0","0","0","0","0","0","0","0","0","0","0","0","0","1","0","1","0","0","0","0","3","6","0","9","0","1","0","1","16","38","1","54","0","0","0","1"
"경기도교육청","경기도여주교육지원청","경기도 여주시","S090000717","여강고등학교","04","사립","N","","1","0","0","1","1","0","0","1","0","0","0","0","5","0","0","5","3","5","0","8","1","0","0","1","0","0","0","0","0","0","0","0","0","0","0","0","0","1","0","1","0","0","0","0","3","5","0","8","0","0","0","0","14","11","0","25","0","0","0","0"
"경기도교육청","경기도여주교육지원청","경기도 여주시","S090000718","여주고등학교","04","사립","N","","1","0","0","1","1","0","0","1","0","0","0","0","8","1","0","9","10","7","2","17","0","0","0","0","0","1","0","1","0","1","0","1","0","0","0","0","0","1","0","1","0","1","0","1","4","8","0","12","0","0","0","0","24","20","2","44","0","0","0","2"
"경기도교육청","경기도여주교육지원청","경기도 여주시","S090000720","세종고등학교","04","공립","N","","1","0","0","1","0","1","0","1","0","0","0","0","9","4","0","13","4","18","3","22","1","0","0","1","0","1","0","1","0","0","0","0","0","0","0","0","0","1","0","1","0","0","0","0","1","5","0","6","0","1","0","1","16","31","3","47","0","0","0","3"
"경기도교육청","경기도여주교육지원청","경기도 여주시","S090000722","여주자영농업고등학교","04","공립","N","","1","0","0","1","2","0","0","2","0","0","0","0","6","3","0","9","11","16","3","27","0","2","1","2","0","1","0","1","0","0","0","0","0","0","0","0","0","1","0","1","0","1","0","1","12","21","0","33","0","0","0","0","32","45","4","77","0","0","0","4"
"경기도교육청","경기도여주교육지원청","경기도 여주시","S090000723","여주제일고등학교","04","사립","N","","1","0","0","1","1","0","0","1","0","0","0","0","8","2","0","10","6","2","0","8","0","1","0","1","0","0","0","0","0","0","0","0","0","0","0","0","0","0","0","0","0","0","0","0","9","13","0","22","0","0","0","0","25","18","0","43","0","0","0","0"
"경기도교육청","경기도연천교육지원청","경기도 연천군","S090000726","연천고등학교","04","공립","N","","1","0","0","1","1","0","0","1","0","0","0","0","4","4","0","8","3","8","0","11","0","2","1","2","0","0","0","0","0","0","0","0","0","0","0","0","0","1","0","1","0","0","0","0","2","1","0","3","0","0","0","0","11","16","1","27","0","0","0","1"
"경기도교육청","경기도수원교육지원청","경기도 수원시 영통구","S090000728","영덕고등학교","04","공립","N","","0","1","0","1","1","0","0","1","0","0","0","0","2","10","0","12","11","43","7","54","0","0","0","0","0","1","1","1","0","0","0","0","0","0","0","0","0","1","0","1","0","1","1","1","1","15","0","16","0","0","0","0","15","72","9","87","0","0","0","9"
"경기도교육청","경기도성남교육지원청","경기도 성남시 분당구","S090000729","분당영덕여자고등학교","04","사립","N","","1","0","0","1","1","0","0","1","0","0","0","0","6","6","0","12","10","15","4","25","0","0","0","0","0","0","0","0","0","0","0","0","0","0","0","0","0","1","0","1","0","0","0","0","5","24","0","29","0","0","0","0","23","46","4","69","0","0","0","4"
"경기도교육청","경기도수원교육지원청","경기도 수원시 팔달구","S090000730","영복여자고등학교","04","사립","N","","1","0","0","1","1","0","0","1","0","0","0","0","9","3","0","12","17","25","5","42","0","0","0","0","0","1","0","1","0","1","0","1","0","0","0","0","0","1","0","1","0","1","0","1","5","10","0","15","0","0","0","0","33","42","5","75","0","0","0","5"
"경기도교육청","경기도포천교육지원청","경기도 포천시","S090000731","영북고등학교","04","공립","N","","1","0","0","1","1","0","0","1","0","0","0","0","5","2","0","7","5","5","0","10","0","0","0","0","0","1","0","1","0","0","0","0","0","0","0","0","1","0","0","1","0","0","0","0","3","0","0","3","0","0","0","0","16","8","0","24","0","0","0","0"
"경기도교육청","경기도수원교육지원청","경기도 수원시 장안구","S090000732","영생고등학교","04","사립","N","","1","0","0","1","0","1","0","1","0","1","0","1","8","3","0","11","12","16","5","28","0","0","0","0","0","0","0","0","0","0","0","0","0","0","0","0","0","1","0","1","0","0","0","0","10","22","0","32","0","0","0","0","31","44","5","75","0","0","0","5"
"경기도교육청","경기도의정부교육지원청","경기도 의정부시","S090000733","동국대학교사범대학부속영석고등학교","04","사립","N","","1","0","0","1","0","1","0","1","0","0","0","0","9","3","0","12","20","14","7","34","0","0","0","0","0","0","0","0","0","0","0","0","0","0","0","0","0","1","0","1","0","1","0","1","5","16","0","21","0","0","0","0","35","36","7","71","0","0","0","7"
"경기도교육청","경기도수원교육지원청","경기도 수원시 권선구","S090000734","영신여자고등학교","04","사립","N","","1","0","0","1","1","0","0","1","0","0","0","0","9","3","0","12","10","16","2","26","0","0","0","0","0","0","0","0","0","0","0","0","0","0","0","0","0","0","0","0","0","0","0","0","8","19","0","27","0","0","0","0","29","38","2","67","0","0","0","2"
"경기도교육청","경기도화성오산교육지원청","경기도 오산시","S090000736","오산고등학교","04","사립","N","","1","0","0","1","0","1","0","1","0","0","0","0","6","6","0","12","11","12","1","23","0","0","0","0","0","0","0","0","0","0","0","0","0","0","0","0","0","1","0","1","0","0","0","0","13","16","0","29","0","0","0","0","31","36","1","67","0","0","0","1"
"경기도교육청","경기도화성오산교육지원청","경기도 오산시","S090000737","오산정보고등학교","04","공립","N","","1","0","0","1","1","0","0","1","0","0","0","0","4","11","0","15","7","15","2","22","0","3","1","3","0","1","0","1","0","0","0","0","0","0","0","0","0","1","0","1","0","0","0","0","8","9","0","17","0","0","0","0","21","40","3","61","0","0","0","3"
"경기도교육청","경기도양평교육지원청","경기도 양평군","S090000739","용문고등학교","04","사립","N","","1","0","0","1","1","0","0","1","0","0","0","0","9","5","0","14","3","2","0","5","0","1","0","1","0","0","0","0","0","0","0","0","0","0","0","0","0","0","0","0","0","0","0","0","5","15","0","20","0","0","0","0","19","23","0","42","0","0","0","0"
"경기도교육청","경기도용인교육지원청","경기도 용인시 처인구","S090000740","용인고등학교","04","공립","N","","1","0","0","1","0","1","0","1","0","0","0","0","2","10","0","12","9","46","6","55","3","2","2","5","0","1","1","1","0","0","0","0","0","0","0","0","0","1","1","1","0","1","0","1","4","16","0","20","0","1","0","1","19","79","10","98","0","0","0","10"
"경기도교육청","경기도용인교육지원청","경기도 용인시 처인구","S090000741","용인바이오고등학교","04","공립","N","","1","0","0","1","1","0","0","1","0","0","0","0","4","7","0","11","1","8","3","9","0","2","0","2","0","0","0","0","0","0","0","0","0","0","0","0","0","1","0","1","0","1","1","1","2","3","0","5","0","0","0","0","9","22","4","31","0","0","0","4"
"경기도교육청","경기도용인교육지원청","경기도 용인시 처인구","S090000744","덕영고등학교","04","사립","N","","1","0","0","1","0","0","0","0","0","0","0","0","10","5","0","15","12","12","0","24","0","0","0","0","0","0","0","0","0","0","0","0","0","0","0","0","0","1","0","1","0","1","0","1","4","18","0","22","0","0","0","0","27","37","0","64","0","0","0","0"
"경기도교육청","경기도군포의왕교육지원청","경기도 군포시","S090000745","용호고등학교","04","공립","N","","0","1","0","1","0","1","0","1","0","0","0","0","3","9","0","12","16","49","7","65","0","2","0","2","0","1","0","1","0","0","0","0","0","0","0","0","0","1","0","1","0","1","0","1","6","7","0","13","0","0","0","0","25","72","7","97","0","0","0","7"
"경기도교육청","경기도군포의왕교육지원청","경기도 의왕시","S090000746","우성고등학교","04","사립","N","","1","0","0","1","0","0","0","0","0","0","0","0","8","3","0","11","12","13","0","25","0","0","0","0","0","0","0","0","0","0","0","0","0","0","0","0","0","1","0","1","0","0","0","0","13","18","0","31","0","0","0","0","34","35","0","69","0","0","0","0"
"경기도교육청","경기도안산교육지원청","경기도 안산시 단원구","S090000747","원곡고등학교","04","공립","N","","1","0","0","1","1","0","0","1","0","0","0","0","9","3","0","12","19","32","5","51","1","1","0","2","0","1","0","1","0","0","0","0","0","0","0","0","1","0","0","1","0","0","0","0","5","14","0","19","0","0","0","0","37","51","5","88","0","0","0","5"
"경기도교육청","경기도부천교육지원청","경기도 부천시 원미구","S090000748","원미고등학교","04","공립","N","","0","1","0","1","1","0","0","1","0","0","0","0","3","9","0","12","7","29","1","36","1","2","0","3","1","0","0","1","0","0","0","0","0","0","0","0","0","1","0","1","0","0","0","0","3","4","0","7","0","0","0","0","16","46","1","62","0","0","0","1"
"경기도교육청","경기도부천교육지원청","경기도 부천시 오정구","S090000749","원종고등학교","04","공립","N","","1","0","0","1","1","0","0","1","0","0","0","0","4","6","0","10","9","31","7","40","1","2","0","3","1","0","0","1","0","0","0","0","0","0","0","0","0","1","0","1","0","0","0","0","6","8","0","14","0","0","0","0","23","48","7","71","0","0","0","7"
"경기도교육청","경기도수원교육지원청","경기도 수원시 팔달구","S090000750","유신고등학교","04","사립","N","","1","0","0","1","1","0","0","1","0","0","0","0","13","0","0","13","34","9","3","43","0","0","0","0","0","0","0","0","0","0","0","0","0","0","0","0","0","0","0","0","0","0","0","0","9","13","0","22","0","0","0","0","58","22","3","80","0","0","0","3"
"경기도교육청","경기도파주교육지원청","경기도 파주시","S090000751","율곡고등학교","04","사립","N","","1","0","0","1","0","1","0","1","0","0","0","0","5","3","0","8","3","8","5","11","0","1","0","1","0","0","0","0","0","0","0","0","0","0","0","0","0","1","0","1","0","0","0","0","14","10","0","24","0","0","0","0","23","24","5","47","0","0","0","5"
"경기도교육청","경기도이천교육지원청","경기도 이천시","S090000753","율면고등학교","04","공립","N","","1","0","0","1","0","1","0","1","0","0","0","0","2","1","0","3","1","4","0","5","0","1","0","1","0","0","0","0","0","0","0","0","0","0","0","0","0","0","0","0","0","0","0","0","0","5","0","5","0","0","0","0","4","12","0","16","0","0","0","0"
"경기도교육청","경기도시흥교육지원청","경기도 시흥시","S090000754","은행고등학교","04","공립","N","","0","1","0","1","1","0","0","1","0","1","0","1","5","9","0","14","11","40","3","51","0","2","0","2","0","1","0","1","0","0","0","0","0","0","0","0","0","0","0","0","0","0","0","0","4","7","0","11","0","0","0","0","21","61","3","82","0","0","0","3"
"경기도교육청","경기도평택교육지원청","경기도 평택시","S090000755","은혜고등학교","04","사립","N","","1","0","0","1","0","1","0","1","0","0","0","0","7","6","0","13","9","14","5","23","0","0","0","0","0","1","0","1","0","0","0","0","0","0","0","0","0","1","0","1","0","0","0","0","13","17","0","30","0","0","0","0","30","40","5","70","0","0","0","5"
"경기도교육청","경기도의정부교육지원청","경기도 의정부시","S090000756","의정부고등학교","04","공립","N","","1","0","0","1","1","0","0","1","0","0","0","0","4","9","0","13","10","29","4","39","0","2","0","2","0","0","0","0","0","0","0","0","0","0","0","0","0","1","0","1","0","2","1","2","2","4","0","6","0","0","0","0","18","47","5","65","0","0","0","5"
"경기도교육청","경기도의정부교육지원청","경기도 의정부시","S090000757","한국모빌리티고등학교","04","공립","N","","1","0","0","1","1","0","0","1","0","0","0","0","20","5","0","25","18","19","1","37","1","2","0","3","0","1","0","1","0","0","0","0","0","0","0","0","0","1","0","1","0","0","0","0","10","10","0","20","3","0","0","3","54","38","1","92","0","0","0","1"
"경기도교육청","경기도의정부교육지원청","경기도 의정부시","S090000758","의정부여자고등학교","04","공립","N","","0","1","0","1","1","0","0","1","0","0","0","0","4","8","0","12","7","31","0","38","0","2","0","2","0","1","0","1","0","0","0","0","0","0","0","0","0","1","0","1","0","1","0","1","0","1","0","1","0","0","0","0","12","46","0","58","0","0","0","0"
"경기도교육청","경기도성남교육지원청","경기도 성남시 분당구","S090000759","이매고등학교","04","공립","N","","0","1","0","1","0","1","0","1","0","0","0","0","5","7","0","12","7","38","6","45","0","0","0","0","0","0","0","0","0","1","0","1","0","0","0","0","0","1","0","1","0","1","0","1","2","7","0","9","0","0","0","0","14","57","6","71","0","0","0","6"
"경기도교육청","경기도이천교육지원청","경기도 이천시","S090000760","이천고등학교","04","공립","N","","1","0","0","1","1","0","0","1","0","0","0","0","4","8","0","12","11","21","3","32","1","1","0","2","0","1","0","1","0","1","0","1","0","0","0","0","0","1","0","1","0","0","0","0","9","10","0","19","0","0","0","0","27","43","3","70","0","0","0","3"
"경기도교육청","경기도이천교육지원청","경기도 이천시","S090000762","이천제일고등학교","04","공립","N","","1","0","0","1","1","1","0","2","0","0","0","0","10","4","0","14","27","32","8","59","1","3","0","4","0","1","0","1","0","1","0","1","0","0","0","0","0","1","0","1","0","0","0","0","17","18","0","35","0","0","0","0","57","61","8","118","0","0","0","8"
"경기도교육청","경기도이천교육지원청","경기도 이천시","S090000763","이천양정여자고등학교","04","사립","N","","1","0","0","1","1","0","0","1","0","0","0","0","5","6","0","11","10","14","1","24","0","0","0","0","0","0","0","0","0","0","0","0","0","0","0","0","0","0","0","0","0","1","1","1","9","20","0","29","0","0","0","0","26","41","2","67","0","0","0","2"
"경기도교육청","경기도이천교육지원청","경기도 이천시","S090000765","다산고등학교","04","사립","N","","1","0","0","1","0","1","0","1","0","0","0","0","5","5","0","10","11","10","3","21","0","0","0","0","0","0","0","0","0","0","0","0","0","0","0","0","0","4","0","4","0","0","0","0","7","13","0","20","0","0","0","0","24","33","3","57","0","0","0","3"
"경기도교육청","경기도여주교육지원청","경기도 여주시","S090000767","이포고등학교","04","공립","N","","1","0","0","1","1","0","0","1","0","0","0","0","3","2","0","5","6","5","1","11","1","0","0","1","0","0","0","0","0","0","0","0","0","0","0","0","0","1","0","1","0","0","0","0","3","1","0","4","0","0","0","0","15","9","1","24","0","0","0","1"
"경기도교육청","경기도구리남양주교육지원청","경기도 구리시","S090000769","인창고등학교","04","공립","N","","0","1","0","1","0","1","0","1","0","0","0","0","6","6","0","12","8","25","4","33","1","1","0","2","0","0","0","0","0","0","0","0","0","0","0","0","0","0","0","0","0","1","0","1","1","9","0","10","0","0","0","0","16","44","4","60","0","0","0","4"
"경기도교육청","경기도포천교육지원청","경기도 포천시","S090000770","일동고등학교","04","공립","N","","0","1","0","1","0","1","0","1","0","0","0","0","9","3","0","12","6","10","1","16","1","1","0","2","1","0","0","1","0","0","0","0","0","0","0","0","0","1","1","1","0","0","0","0","2","6","0","8","0","0","0","0","19","23","2","42","0","0","0","2"
"경기도교육청","경기도고양교육지원청","경기도 고양시 일산서구","S090000771","일산고등학교","04","공립","N","","1","0","0","1","1","0","0","1","0","0","0","0","3","12","0","15","13","18","5","31","0","0","0","0","0","0","0","0","0","0","0","0","0","0","0","0","0","1","0","1","0","0","0","0","5","21","0","26","0","1","0","1","23","53","5","76","0","0","0","5"
"경기도교육청","경기도고양교육지원청","경기도 고양시 일산서구","S090000772","일산대진고등학교","04","사립","N","","1","0","0","1","1","0","0","1","0","0","0","0","6","4","0","10","10","33","4","43","0","0","0","0","0","0","0","0","0","0","0","0","0","0","0","0","0","1","0","1","0","0","0","0","13","17","0","30","0","0","0","0","31","55","4","86","0","0","0","4"
"경기도교육청","경기도고양교육지원청","경기도 고양시 일산서구","S090000773","일산동고등학교","04","공립","N","","1","0","0","1","1","0","0","1","0","0","0","0","3","8","0","11","7","37","4","44","0","3","0","3","0","1","0","1","0","0","0","0","0","0","0","0","0","1","0","1","0","1","0","1","4","12","0","16","0","2","0","2","16","65","4","81","0","0","0","4"
"경기도교육청","경기도고양교육지원청","경기도 고양시 일산서구","S090000775","일산국제컨벤션고등학교","04","공립","N","","1","0","0","1","1","0","0","1","0","0","0","0","4","11","0","15","6","23","5","29","2","1","0","3","0","1","0","1","0","1","0","1","0","0","0","0","0","1","0","1","0","1","0","1","5","19","0","24","0","0","0","0","19","58","5","77","0","0","0","5"
"경기도교육청","경기도안성교육지원청","경기도 안성시","S090000777","일죽고등학교","04","공립","N","","1","0","0","1","1","0","0","1","0","0","0","0","4","2","0","6","3","3","1","6","0","0","0","0","0","0","0","0","0","0","0","0","0","0","0","0","0","0","0","0","0","0","0","0","2","3","0","5","0","0","0","0","11","8","1","19","0","0","0","1"
"경기도교육청","경기도시흥교육지원청","경기도 시흥시","S090000778","장곡고등학교","04","공립","N","","0","1","0","1","1","0","0","1","0","0","0","0","5","7","0","12","7","28","7","35","2","0","0","2","0","0","0","0","0","0","0","0","0","0","0","0","0","1","0","1","0","0","0","0","6","10","0","16","0","0","0","0","21","47","7","68","0","0","0","7"
"경기도교육청","경기도수원교육지원청","경기도 수원시 장안구","S090000779","장안고등학교","04","공립","N","","1","0","0","1","1","0","0","1","0","0","0","0","4","8","0","12","14","28","2","42","0","3","1","3","1","0","0","1","0","0","0","0","0","0","0","0","0","1","0","1","0","0","0","0","1","9","0","10","0","0","0","0","22","49","3","71","0","0","0","3"
"경기도교육청","경기도이천교육지원청","경기도 이천시","S090000780","부원고등학교","04","사립","N","","1","0","0","1","1","0","0","1","0","0","0","0","6","3","0","9","11","5","2","16","0","0","0","0","0","1","0","1","0","0","0","0","0","0","0","0","0","1","0","1","0","1","0","1","6","3","0","9","0","1","0","1","25","15","2","40","0","0","0","2"
"경기도교육청","경기도이천교육지원청","경기도 이천시","S090000781","장호원고등학교","04","공립","N","","1","0","0","1","1","0","0","1","0","0","0","0","5","4","0","9","4","12","2","16","0","0","0","0","1","0","0","1","0","0","0","0","0","0","0","0","0","1","0","1","0","1","0","1","4","7","0","11","0","0","0","0","16","25","2","41","0","0","0","2"
"경기도교육청","경기도고양교육지원청","경기도 고양시 일산동구","S090000783","저동고등학교","04","공립","N","","0","1","0","1","0","1","0","1","0","0","0","0","3","9","0","12","8","36","2","44","0","2","0","2","0","1","0","1","0","0","0","0","0","0","0","0","0","1","0","1","0","0","0","0","0","13","0","13","0","0","0","0","11","64","2","75","0","0","0","2"
"경기도교육청","경기도파주교육지원청","경기도 파주시","S090000784","적성융합고등학교","04","공립","N","","0","1","0","1","1","0","0","1","0","0","0","0","4","3","0","7","1","6","0","7","0","1","0","1","0","0","0","0","0","0","0","0","0","0","0","0","0","0","0","0","0","0","0","0","2","1","0","3","1","0","0","1","9","12","0","21","0","0","0","0"
"경기도교육청","경기도연천교육지원청","경기도 연천군","S090000786","전곡고등학교","04","공립","N","","1","0","0","1","1","0","0","1","0","1","0","1","11","2","0","13","14","24","3","38","1","3","0","4","0","1","0","1","0","0","0","0","0","0","0","0","0","1","1","1","0","2","0","2","8","5","0","13","1","0","0","1","37","39","4","76","0","0","0","4"
"경기도교육청","경기도여주교육지원청","경기도 여주시","S090000787","점동고등학교","04","공립","N","","1","0","0","1","1","0","0","1","0","0","0","0","3","1","0","4","3","8","0","11","0","2","1","2","0","0","0","0","0","0","0","0","0","0","0","0","0","1","0","1","0","0","0","0","0","0","0","0","0","0","0","0","8","12","1","20","0","0","0","1"
"경기도교육청","경기도부천교육지원청","경기도 부천시 소사구","S090000788","정명고등학교","04","사립","N","","0","1","0","1","1","0","0","1","0","0","0","0","8","4","0","12","13","14","0","27","0","0","0","0","0","0","0","0","0","0","0","0","0","0","0","0","0","1","0","1","0","0","0","0","10","12","0","22","0","0","0","0","32","32","0","64","0","0","0","0"
"경기도교육청","경기도부천교육지원청","경기도 부천시 소사구","S090000790","경기경영고등학교","04","사립","N","","1","0","0","1","1","0","0","1","0","0","0","0","8","3","0","11","11","2","0","13","0","0","0","0","0","0","0","0","0","0","0","0","0","0","0","0","0","1","0","1","0","0","0","0","9","32","0","41","0","0","0","0","30","38","0","68","0","0","0","0"
"경기도교육청","경기도고양교육지원청","경기도 고양시 일산동구","S090000791","정발고등학교","04","공립","N","","1","0","0","1","0","1","0","1","0","0","0","0","8","4","0","12","13","32","6","45","0","2","0","2","0","0","0","0","0","0","0","0","0","0","0","0","0","1","1","1","0","0","0","0","2","13","0","15","0","0","0","0","24","53","7","77","0","0","0","7"
"경기도교육청","경기도시흥교육지원청","경기도 시흥시","S090000792","정왕고등학교","04","공립","N","","0","1","0","1","1","0","0","1","0","0","0","0","5","7","0","12","15","33","4","48","0","0","0","0","0","1","0","1","0","0","0","0","0","0","0","0","0","1","0","1","0","1","0","1","4","3","0","7","0","0","0","0","25","47","4","72","0","0","0","4"
"경기도교육청","경기도가평교육지원청","경기도 가평군","S090000796","조종고등학교","04","공립","N","","1","0","0","1","1","0","0","1","0","0","0","0","4","5","0","9","4","10","1","14","0","1","0","1","0","0","0","0","0","1","0","1","0","0","0","0","0","1","0","1","0","0","0","0","0","2","0","2","0","0","0","0","10","20","1","30","0","0","0","1"
"경기도교육청","경기도고양교육지원청","경기도 고양시 일산서구","S090000797","주엽고등학교","04","공립","N","","0","1","0","1","0","1","0","1","0","0","0","0","5","8","0","13","10","39","5","49","0","2","0","2","0","0","0","0","0","0","0","0","0","0","0","0","0","1","1","1","0","1","0","1","9","10","0","19","0","0","0","0","24","63","6","87","0","0","0","6"
"경기도교육청","경기도고양교육지원청","경기도 고양시 일산서구","S090000798","경기영상과학고등학교","04","공립","N","","1","0","0","1","0","1","0","1","0","1","0","1","9","9","0","18","5","21","2","26","0","0","0","0","0","1","0","1","0","0","0","0","0","0","0","0","0","1","0","1","0","1","0","1","6","11","0","17","1","0","0","1","22","46","2","68","0","0","0","2"
"경기도교육청","경기도안성교육지원청","경기도 안성시","S090000800","죽산고등학교","04","공립","N","","1","0","0","1","1","0","0","1","0","0","0","0","3","3","0","6","8","7","1","15","0","0","0","0","0","0","0","0","0","0","0","0","0","0","0","0","0","1","0","1","0","0","0","0","3","1","0","4","0","0","0","0","16","12","1","28","0","0","0","1"
"경기도교육청","경기도용인교육지원청","경기도 용인시 수지구","S090000801","죽전고등학교","04","공립","N","","1","0","0","1","1","0","0","1","0","0","0","0","4","8","0","12","7","45","5","52","0","0","0","0","0","1","0","1","0","0","0","0","0","0","0","0","0","1","0","1","0","1","0","1","7","5","0","12","0","0","0","0","20","61","5","81","0","0","0","5"
"경기도교육청","경기도고양교육지원청","경기도 고양시 일산동구","S090000802","중산고등학교","04","공립","N","","0","1","0","1","1","0","0","1","0","0","0","0","1","11","0","12","12","30","2","42","1","0","0","1","0","0","0","0","0","0","0","0","0","0","0","0","0","1","0","1","0","0","0","0","3","11","0","14","0","0","0","0","18","54","2","72","0","0","0","2"
"경기도교육청","경기도부천교육지원청","경기도 부천시 원미구","S090000803","중원고등학교","04","공립","N","","1","0","0","1","1","0","0","1","0","0","0","0","4","8","0","12","9","27","3","36","1","1","0","2","0","0","0","0","0","0","0","0","0","0","0","0","0","1","0","1","0","0","0","0","3","9","0","12","0","0","0","0","19","46","3","65","0","0","0","3"
"경기도교육청","경기도부천교육지원청","경기도 부천시 원미구","S090000804","중흥고등학교","04","공립","N","","1","0","0","1","0","1","0","1","0","0","0","0","4","8","0","12","7","31","10","38","0","1","0","1","0","1","0","1","0","0","0","0","0","0","0","0","0","1","0","1","0","0","0","0","5","10","0","15","0","0","0","0","17","53","10","70","0","0","0","10"
"경기도교육청","경기도양평교육지원청","경기도 양평군","S090000805","지평고등학교","04","공립","N","","0","1","0","1","1","0","0","1","0","0","0","0","2","3","0","5","4","6","1","10","1","1","0","2","0","0","0","0","0","0","0","0","0","0","0","0","0","0","0","0","0","1","0","1","1","4","0","5","0","0","0","0","9","16","1","25","0","0","0","1"
"경기도교육청","경기도구리남양주교육지원청","경기도 남양주시","S090000806","진건고등학교","04","공립","N","","1","0","0","1","1","0","0","1","0","0","0","0","8","5","0","13","15","35","2","50","1","1","0","2","0","1","0","1","0","1","0","1","0","0","0","0","0","1","0","1","0","1","0","1","3","10","0","13","0","0","0","0","29","55","2","84","0","0","0","2"
"경기도교육청","경기도광명교육지원청","경기도 광명시","S090000807","진성고등학교","04","사립","N","","0","1","0","1","1","0","0","1","0","0","0","0","4","4","0","8","15","11","0","26","0","0","0","0","0","0","0","0","0","0","0","0","0","0","0","0","0","1","0","1","0","0","0","0","10","12","0","22","1","0","0","1","31","29","0","60","0","0","0","0"
"경기도교육청","경기도평택교육지원청","경기도 평택시","S090000810","진위고등학교","04","사립","N","","0","1","0","1","1","0","0","1","0","0","0","0","6","5","0","11","3","3","0","6","0","0","0","0","0","0","0","0","0","0","0","0","0","0","0","0","0","1","0","1","0","1","0","1","12","21","0","33","0","0","0","0","22","32","0","54","0","0","0","0"
"경기도교육청","경기도여주교육지원청","경기도 여주시","S090000811","경기관광고등학교","04","사립","N","","1","0","0","1","1","0","0","1","0","0","0","0","3","6","0","9","3","6","0","9","0","0","0","0","0","1","0","1","0","0","0","0","0","0","0","0","0","1","0","1","0","1","0","1","3","5","0","8","0","0","0","0","11","20","0","31","0","0","0","0"
"경기도교육청","경기도수원교육지원청","경기도 수원시 팔달구","S090000812","창현고등학교","04","사립","N","","1","0","0","1","1","0","0","1","0","0","0","0","11","2","0","13","38","17","1","55","0","0","0","0","0","1","0","1","0","0","0","0","0","0","0","0","0","1","0","1","0","1","0","1","6","11","0","17","0","0","0","0","57","33","1","90","0","0","0","1"
"경기도교육청","경기도평택교육지원청","경기도 평택시","S090000813","청담고등학교","04","사립","N","","1","0","0","1","0","1","0","1","0","0","0","0","9","7","0","16","10","9","2","19","0","0","0","0","0","1","0","1","0","0","0","0","0","0","0","0","0","1","0","1","0","0","0","0","17","9","0","26","1","0","0","1","38","28","2","66","0","0","0","2"
"경기도교육청","경기도수원교육지원청","경기도 수원시 영통구","S090000815","청명고등학교","04","공립","N","","1","0","0","1","1","0","0","1","0","0","0","0","4","8","0","12","11","44","9","55","0","2","0","2","0","1","0","1","0","0","0","0","0","0","0","0","0","1","0","1","0","1","0","1","3","12","0","15","0","0","0","0","20","69","9","89","0","0","0","9"
"경기도교육청","경기도양평교육지원청","경기도 양평군","S090000816","청운고등학교","04","공립","N","","1","0","0","1","1","0","0","1","0","0","0","0","4","1","0","5","1","5","1","6","0","0","0","0","0","1","0","1","0","0","0","0","0","0","0","0","0","0","0","0","0","0","0","0","0","3","0","3","0","0","0","0","7","10","1","17","0","0","0","1"
"경기도교육청","경기도가평교육지원청","경기도 가평군","S090000817","청평고등학교","04","공립","N","","1","0","0","1","0","1","0","1","0","0","0","0","9","3","0","12","4","8","2","12","2","2","0","4","0","1","0","1","0","0","0","0","0","0","0","0","0","1","0","1","0","1","0","1","4","0","0","4","0","0","0","0","20","17","2","37","0","0","0","2"
"경기도교육청","경기도구리남양주교육지원청","경기도 남양주시","S090000818","청학고등학교","04","공립","N","","0","1","0","1","1","0","0","1","0","0","0","0","6","6","0","12","6","14","2","20","0","0","0","0","0","1","0","1","0","0","0","0","0","0","0","0","0","1","1","1","0","1","0","1","3","11","0","14","0","0","0","0","16","35","3","51","0","0","0","3"
"경기도교육청","경기도안산교육지원청","경기도 안산시 단원구","S090000819","초지고등학교","04","공립","N","","0","1","0","1","1","0","0","1","0","0","0","0","6","6","0","12","16","25","7","41","1","0","0","1","0","1","0","1","0","0","0","0","0","0","0","0","0","1","1","1","0","0","0","0","5","10","0","15","0","0","0","0","29","44","8","73","0","0","0","8"
"경기도교육청","경기도광명교육지원청","경기도 광명시","S090000820","충현고등학교","04","공립","N","","0","1","0","1","0","1","0","1","0","0","0","0","5","6","0","11","9","38","5","47","0","0","0","0","0","1","0","1","0","0","0","0","0","0","0","0","0","1","0","1","0","0","0","0","4","4","0","8","0","0","0","0","18","52","5","70","0","0","0","5"
"경기도교육청","경기도평택교육지원청","경기도 평택시","S090000821","태광고등학교","04","사립","N","","1","0","0","1","1","0","0","1","0","0","0","0","6","7","0","13","11","11","0","22","0","0","0","0","0","0","0","0","0","0","0","0","0","0","0","0","0","1","0","1","0","0","0","0","11","16","0","27","0","0","0","0","30","35","0","65","0","0","0","0"
"경기도교육청","경기도용인교육지원청","경기도 용인시 처인구","S090000822","태성고등학교","04","사립","N","","1","0","0","1","1","0","0","1","0","0","0","0","9","4","0","13","17","12","2","29","0","0","0","0","0","1","0","1","0","0","0","0","0","0","0","0","0","1","0","1","0","0","0","0","4","10","0","14","0","2","0","2","32","30","2","62","0","0","0","2"
"경기도교육청","경기도성남교육지원청","경기도 성남시 분당구","S090000823","태원고등학교","04","사립","N","","1","0","0","1","1","0","0","1","0","0","0","0","7","7","0","14","5","22","1","27","0","0","0","0","0","0","0","0","0","0","0","0","0","0","0","0","0","0","0","0","0","1","0","1","13","20","0","33","0","0","0","0","27","50","1","77","0","0","0","1"
"경기도교육청","경기도수원교육지원청","경기도 수원시 영통구","S090000824","태장고등학교","04","공립","N","","1","0","0","1","0","1","0","1","0","1","0","1","5","8","0","13","10","46","6","56","0","3","1","3","0","0","0","0","0","0","0","0","0","0","0","0","0","1","0","1","0","1","0","1","3","8","0","11","0","0","0","0","19","69","7","88","0","0","0","7"
"경기도교육청","경기도구리남양주교육지원청","경기도 구리시","S090000825","토평고등학교","04","공립","N","","1","0","0","1","1","0","0","1","0","0","0","0","1","11","0","12","1","29","2","30","0","3","0","3","0","1","0","1","0","0","0","0","0","0","0","0","0","1","0","1","0","0","0","0","6","5","0","11","0","0","0","0","10","50","2","60","0","0","0","2"
"경기도교육청","경기도김포교육지원청","경기도 김포시","S090000826","통진고등학교","04","사립","N","","1","0","0","1","1","0","0","1","0","0","0","0","7","7","0","14","16","17","3","33","1","0","0","1","0","1","0","1","0","0","0","0","0","0","0","0","0","0","0","0","0","1","0","1","12","11","0","23","0","0","0","0","38","37","3","75","0","0","0","3"
"경기도교육청","경기도구리남양주교육지원청","경기도 남양주시","S090000827","퇴계원고등학교","04","공립","N","","0","1","0","1","1","0","0","1","0","0","0","0","10","5","0","15","18","25","3","43","0","3","0","3","0","1","1","1","0","0","0","0","0","0","0","0","0","1","0","1","0","1","0","1","7","6","0","13","0","0","0","0","36","43","4","79","0","0","0","4"
"경기도교육청","경기도파주교육지원청","경기도 파주시","S090000829","세경고등학교","04","사립","N","","1","0","0","1","1","0","0","1","0","0","0","0","11","5","0","16","16","3","2","19","0","0","0","0","0","0","0","0","0","1","0","1","0","0","0","0","0","1","0","1","0","0","0","0","15","16","0","31","2","0","0","2","46","26","2","72","0","0","0","2"
"경기도교육청","경기도파주교육지원청","경기도 파주시","S090000831","정목고등학교","04","사립","N","","1","0","0","1","0","1","0","1","0","0","0","0","6","4","0","10","3","11","0","14","0","0","0","0","0","0","0","0","0","0","0","0","0","0","0","0","0","0","0","0","0","0","0","0","12","13","0","25","0","0","0","0","22","29","0","51","0","0","0","0"
"경기도교육청","경기도파주교육지원청","경기도 파주시","S090000832","파주고등학교","04","사립","N","","0","1","0","1","0","1","0","1","0","0","0","0","3","4","0","7","4","9","3","13","0","0","0","0","0","0","0","0","0","0","0","0","0","0","0","0","0","0","0","0","0","0","0","0","5","11","0","16","0","0","0","0","12","26","3","38","0","0","0","3"
"경기도교육청","경기도수원교육지원청","경기도 수원시 영통구","S090000833","수원하이텍고등학교","04","공립","N","","1","0","0","1","0","1","0","1","0","0","0","0","9","8","0","17","20","17","0","37","0","0","0","0","1","0","0","1","0","0","0","0","0","0","0","0","0","1","0","1","0","1","0","1","1","3","0","4","0","0","0","0","32","31","0","63","0","0","0","0"
"경기도교육청","경기도안양과천교육지원청","경기도 안양시 동안구","S090000834","평촌고등학교","04","공립","N","","0","1","0","1","1","0","0","1","0","0","0","0","6","6","0","12","13","51","8","64","0","4","1","4","1","0","0","1","0","1","0","1","0","0","0","0","0","1","0","1","0","1","1","1","1","10","0","11","0","0","0","0","22","75","10","97","0","0","0","10"
"경기도교육청","경기도안양과천교육지원청","경기도 안양시 동안구","S090000835","평촌과학기술고등학교","04","공립","N","","1","0","0","1","1","0","0","1","0","0","0","0","8","9","0","17","5","24","4","29","1","1","0","2","1","0","0","1","0","0","0","0","0","0","0","0","0","1","0","1","0","0","0","0","5","4","0","9","1","2","0","3","23","41","4","64","0","0","0","4"
"경기도교육청","경기도안양과천교육지원청","경기도 안양시 동안구","S090000836","평촌경영고등학교","04","공립","N","","1","0","0","1","0","1","0","1","0","0","0","0","4","16","0","20","11","30","5","41","1","1","0","2","0","1","0","1","0","0","0","0","0","0","0","0","0","1","0","1","0","1","0","1","2","15","0","17","0","3","0","3","19","69","5","88","0","0","0","5"
"경기도교육청","경기도평택교육지원청","경기도 평택시","S090000837","평택고등학교","04","공립","N","","1","0","0","1","1","0","0","1","0","0","0","0","9","4","0","13","13","17","2","30","0","3","1","3","0","1","1","1","0","1","0","1","0","0","0","0","0","1","0","1","0","1","0","1","8","14","0","22","0","0","0","0","32","42","4","74","0","0","0","4"
"경기도교육청","경기도평택교육지원청","경기도 평택시","S090000838","평택마이스터고등학교","04","공립","N","","1","0","0","1","1","0","0","1","0","0","0","0","14","5","0","19","13","14","1","27","0","3","0","3","0","1","0","1","0","1","0","1","0","0","0","0","0","1","0","1","0","1","0","1","8","6","0","14","0","0","0","0","37","32","1","69","0","0","0","1"
"경기도교육청","경기도평택교육지원청","경기도 평택시","S090000840","평택여자고등학교","04","공립","N","","1","0","0","1","0","1","0","1","0","0","0","0","3","9","0","12","11","36","6","47","0","3","0","3","0","1","0","1","0","0","0","0","0","0","0","0","0","1","0","1","0","0","0","0","6","16","0","22","0","0","0","0","21","67","6","88","0","0","0","6"
"경기도교육청","경기도포천교육지원청","경기도 포천시","S090000841","포천고등학교","04","공립","N","","1","0","0","1","1","0","0","1","0","0","0","0","5","7","0","12","12","30","2","42","1","1","0","2","0","0","0","0","0","0","0","0","0","0","0","0","0","1","0","1","0","0","0","0","0","4","0","4","0","0","0","0","20","43","2","63","0","0","0","2"
"경기도교육청","경기도포천교육지원청","경기도 포천시","S090000843","포천일고등학교","04","공립","N","","1","0","0","1","1","0","0","1","0","0","0","0","8","5","0","13","11","37","5","48","0","1","0","1","0","1","0","1","0","0","0","0","0","0","0","0","0","1","0","1","0","1","0","1","4","9","0","13","0","0","0","0","25","55","5","80","0","0","0","5"
"경기도교육청","경기도용인교육지원청","경기도 용인시 수지구","S090000844","풍덕고등학교","04","공립","N","","1","0","0","1","1","0","0","1","0","0","0","0","3","10","0","13","13","46","1","59","1","1","1","2","0","1","0","1","0","0","0","0","0","0","0","0","0","1","0","1","0","1","0","1","2","6","0","8","0","0","0","0","21","66","2","87","0","0","0","2"
"경기도교육청","경기도성남교육지원청","경기도 성남시 수정구","S090000847","풍생고등학교","04","사립","N","","1","0","0","1","0","0","0","0","0","0","0","0","10","2","0","12","21","15","5","36","0","0","0","0","0","0","0","0","0","0","0","0","0","0","0","0","0","1","0","1","0","0","0","0","8","13","0","21","0","0","0","0","40","31","5","71","0","0","0","5"
"경기도교육청","경기도광주하남교육지원청","경기도 하남시","S090000848","하남고등학교","04","사립","N","","1","0","0","1","1","0","0","1","0","0","0","0","11","3","0","14","18","15","3","33","0","0","0","0","0","0","0","0","0","0","0","0","0","0","0","0","0","1","0","1","0","0","0","0","5","13","0","18","0","1","0","1","36","33","3","69","0","0","0","3"
"경기도교육청","경기도광주하남교육지원청","경기도 하남시","S090000849","하남경영고등학교","04","공립","N","","1","0","0","1","1","0","0","1","0","0","0","0","3","13","0","16","3","30","4","33","0","1","0","1","0","1","0","1","0","0","0","0","0","0","0","0","0","2","1","2","0","0","0","0","3","10","0","13","0","0","0","0","11","57","5","68","0","0","0","5"
"경기도교육청","경기도김포교육지원청","경기도 김포시","S090000850","하성고등학교","04","공립","N","","1","0","0","1","0","1","0","1","0","0","0","0","3","6","0","9","8","10","4","18","0","0","0","0","0","1","0","1","0","0","0","0","0","0","0","0","0","1","0","1","0","0","0","0","2","5","0","7","0","0","0","0","14","24","4","38","0","0","0","4"
"경기도교육청","경기도평택교육지원청","경기도 평택시","S090000851","한광고등학교","04","사립","N","","1","0","0","1","1","0","0","1","0","0","0","0","10","2","0","12","14","9","0","23","0","0","0","0","0","0","0","0","0","0","0","0","0","0","0","0","0","1","0","1","0","0","0","0","10","15","0","25","0","0","0","0","36","27","0","63","0","0","0","0"
"경기도교육청","경기도평택교육지원청","경기도 평택시","S090000852","한광여자고등학교","04","사립","N","","0","1","0","1","1","0","0","1","0","0","0","0","7","6","0","13","9","21","5","30","0","0","0","0","0","0","0","0","0","0","0","0","0","0","0","0","0","0","0","0","0","0","0","0","15","14","0","29","0","0","0","0","32","42","5","74","0","0","0","5"
"경기도교육청","경기도평택교육지원청","경기도 평택시","S090000853","한국관광고등학교","04","사립","N","","1","0","0","1","1","0","0","1","0","0","0","0","3","2","0","5","4","5","0","9","0","0","0","0","0","0","0","0","0","0","0","0","0","0","0","0","0","0","0","0","0","1","0","1","1","5","0","6","0","0","0","0","10","13","0","23","0","0","0","0"
"경기도교육청","경기도이천교육지원청","경기도 이천시","S090000854","한국도예고등학교","04","공립","N","","1","0","0","1","1","0","0","1","0","0","0","0","1","5","0","6","1","3","0","4","0","0","0","0","0","0","0","0","0","0","0","0","0","0","0","0","0","1","0","1","0","0","0","0","4","7","0","11","0","0","0","0","8","16","0","24","0","0","0","0"
"경기도교육청","경기도안산교육지원청","경기도 안산시 단원구","S090000855","한국디지털미디어고등학교","04","사립","N","","1","0","0","1","1","0","0","1","0","0","0","0","5","4","0","9","12","4","0","16","0","0","0","0","0","0","0","0","0","0","0","0","0","0","0","0","0","0","0","0","0","0","0","0","4","6","0","10","2","1","0","3","25","15","0","40","0","0","0","0"
"경기도교육청","경기도광주하남교육지원청","경기도 하남시","S090000856","한국애니메이션고등학교","04","공립","N","","0","1","0","1","0","1","0","1","0","0","0","0","4","6","0","10","2","12","2","14","0","0","0","0","0","1","0","1","0","0","0","0","0","0","0","0","0","1","0","1","0","1","0","1","1","7","0","8","1","1","0","2","8","31","2","39","0","0","0","2"
"경기도교육청","경기도시흥교육지원청","경기도 시흥시","S090000857","한국조리과학고등학교","04","사립","N","","1","0","0","1","1","0","0","1","0","0","0","0","1","4","0","5","9","7","1","16","0","0","0","0","0","0","0","0","0","0","0","0","0","0","0","0","0","1","0","1","0","0","0","0","2","7","0","9","6","0","0","6","20","19","1","39","0","0","0","1"
"경기도교육청","경기도성남교육지원청","경기도 성남시 분당구","S090000858","한솔고등학교","04","공립","N","","1","0","0","1","1","0","0","1","0","0","0","0","2","13","0","15","5","39","10","44","0","2","0","2","0","0","0","0","0","1","0","1","0","0","0","0","0","2","1","2","0","1","0","1","3","7","0","10","0","0","0","0","12","65","11","77","0","0","0","11"
"경기도교육청","경기도시흥교육지원청","경기도 시흥시","S090000859","경기자동차과학고등학교","04","사립","N","","1","0","0","1","0","0","0","0","0","0","0","0","7","4","0","11","15","9","2","24","0","0","0","0","0","1","0","1","0","1","0","1","0","0","0","0","0","0","0","0","0","1","0","1","11","11","0","22","0","0","0","0","34","27","2","61","0","0","0","2"
"경기도교육청","경기도시흥교육지원청","경기도 시흥시","S090000862","함현고등학교","04","공립","N","","0","1","0","1","0","1","0","1","0","0","0","0","8","6","0","14","13","31","1","44","0","1","0","1","0","1","0","1","0","0","0","0","0","0","0","0","0","1","1","1","0","1","0","1","2","4","0","6","0","0","0","0","23","47","2","70","0","0","0","2"
"경기도교육청","경기도고양교육지원청","경기도 고양시 덕양구","S090000863","행신고등학교","04","공립","N","","0","1","0","1","0","1","0","1","0","0","0","0","4","8","0","12","8","37","3","45","0","2","1","2","0","1","0","1","0","0","0","0","0","0","0","0","0","1","0","1","0","0","0","0","5","7","0","12","0","0","0","0","17","58","4","75","0","0","0","4"
"경기도교육청","경기도의정부교육지원청","경기도 의정부시","S090000865","호원고등학교","04","공립","N","","1","0","0","1","0","1","0","1","0","0","0","0","2","10","0","12","12","38","8","50","0","3","0","3","0","0","0","0","0","0","0","0","0","0","0","0","0","1","0","1","0","0","0","0","3","7","0","10","0","0","0","0","18","60","8","78","0","0","0","8"
"경기도교육청","경기도화성오산교육지원청","경기도 화성시 만세구","S090000867","화성고등학교","04","사립","N","","1","0","0","1","0","1","0","1","0","0","0","0","10","2","0","12","19","10","4","29","0","0","0","0","0","0","0","0","0","0","0","0","0","0","0","0","0","1","0","1","0","1","1","1","8","11","0","19","0","0","0","0","38","26","5","64","0","0","0","5"
"경기도교육청","경기도고양교육지원청","경기도 고양시 덕양구","S090000868","화수고등학교","04","공립","N","","0","1","0","1","0","1","0","1","0","0","0","0","6","6","0","12","5","39","3","44","1","3","0","4","0","1","0","1","0","0","0","0","0","0","0","0","0","1","1","1","0","0","0","0","2","12","0","14","0","0","0","0","14","64","4","78","0","0","0","4"
"경기도교육청","경기도고양교육지원청","경기도 고양시 덕양구","S090000869","화정고등학교","04","공립","N","","0","1","0","1","1","0","0","1","0","0","0","0","5","7","0","12","12","35","4","47","1","0","0","1","0","1","0","1","0","0","0","0","0","0","0","0","0","1","0","1","0","1","0","1","6","6","0","12","0","0","0","0","25","52","4","77","0","0","0","4"
"경기도교육청","경기도수원교육지원청","경기도 수원시 권선구","S090000870","화홍고등학교","04","공립","N","","1","0","0","1","1","0","0","1","0","1","0","1","5","7","0","12","12","44","5","56","0","0","0","0","1","0","0","1","0","1","0","1","0","0","0","0","0","2","1","2","0","0","0","0","1","9","0","10","0","0","0","0","21","64","6","85","0","0","0","6"
"경기도교육청","경기도평택교육지원청","경기도 평택시","S090000871","효명고등학교","04","사립","N","","1","0","0","1","1","0","0","1","0","0","0","0","7","5","0","12","16","16","2","32","0","0","0","0","0","0","0","0","0","0","0","0","0","0","0","0","0","1","0","1","0","0","0","0","9","11","0","20","0","0","0","0","34","33","2","67","0","0","0","2"
"경기도교육청","경기도성남교육지원청","경기도 성남시 수정구","S090000872","효성고등학교","04","사립","N","","0","1","0","1","1","0","0","1","0","0","0","0","7","3","0","10","13","10","2","23","0","0","0","0","0","1","0","1","0","0","0","0","0","0","0","0","0","0","0","0","0","1","0","1","8","16","0","24","0","0","0","0","29","32","2","61","0","0","0","2"
"경기도교육청","경기도수원교육지원청","경기도 수원시 영통구","S090000873","효원고등학교","04","공립","N","","1","0","0","1","1","0","0","1","0","0","0","0","6","6","0","12","15","48","4","63","0","0","0","0","0","0","0","0","0","0","0","0","0","0","0","0","0","1","0","1","0","1","0","1","0","9","0","9","0","0","0","0","23","65","4","88","0","0","0","4"
"경기도교육청","경기도군포의왕교육지원청","경기도 군포시","S090000874","흥진고등학교","04","공립","N","","1","0","0","1","1","0","0","1","0","1","0","1","7","3","0","10","8","49","4","57","1","2","0","3","0","1","0","1","0","0","0","0","0","0","0","0","0","1","0","1","0","1","0","1","4","5","0","9","0","0","0","0","22","63","4","85","0","0","0","4"
"경기도교육청","경기도성남교육지원청","경기도 성남시 분당구","S090004768","돌마고등학교","04","공립","N","","1","0","0","1","0","1","0","1","0","0","0","0","4","8","0","12","3","36","9","39","0","3","0","3","0","1","0","1","0","0","0","0","0","0","0","0","0","1","0","1","0","1","0","1","6","7","0","13","0","0","0","0","14","58","9","72","0","0","0","9"
"경기도교육청","경기도의정부교육지원청","경기도 의정부시","S090004831","부용고등학교","04","공립","N","","1","0","0","1","0","1","0","1","0","0","0","0","4","6","0","10","12","38","7","50","0","2","0","2","0","1","0","1","0","0","0","0","0","0","0","0","0","1","0","1","0","0","0","0","7","6","0","13","0","0","0","0","24","55","7","79","0","0","0","7"
"경기도교육청","경기도부천교육지원청","경기도 부천시 원미구","S090004832","경기예술고등학교","04","공립","N","","1","0","0","1","1","0","0","1","0","0","0","0","3","8","0","11","5","15","2","20","0","0","0","0","0","0","0","0","0","0","0","0","0","0","0","0","0","1","0","1","0","0","0","0","6","7","0","13","0","0","0","0","16","31","2","47","0","0","0","2"
"경기도교육청","경기도안산교육지원청","경기도 안산시 상록구","S090004833","송호고등학교","04","공립","N","","1","0","0","1","0","1","0","1","1","0","0","1","5","7","0","12","11","31","7","42","1","1","0","2","0","1","0","1","0","0","0","0","0","0","0","0","0","1","0","1","0","1","0","1","4","16","0","20","0","0","0","0","23","59","7","82","0","0","0","7"
"경기도교육청","경기도시흥교육지원청","경기도 시흥시","S090004834","시흥고등학교","04","공립","N","","1","0","0","1","1","0","0","1","0","0","0","0","5","8","0","13","15","31","6","46","0","2","1","2","0","0","0","0","0","0","0","0","0","0","0","0","0","1","0","1","0","1","0","1","3","12","0","15","0","0","0","0","25","55","7","80","0","0","0","7"
"경기도교육청","경기도화성오산교육지원청","경기도 오산시","S090004835","운천고등학교","04","공립","N","","1","0","0","1","1","0","0","1","0","0","0","0","4","8","0","12","13","26","4","39","0","4","1","4","0","0","0","0","0","0","0","0","0","0","0","0","0","1","1","1","0","0","0","0","7","10","0","17","0","0","0","0","26","49","6","75","0","0","0","6"
"경기도교육청","경기도용인교육지원청","경기도 용인시 수지구","S090004893","서원고등학교","04","공립","N","","1","0","0","1","1","0","0","1","0","0","0","0","3","9","0","12","7","45","5","52","0","2","0","2","0","0","0","0","0","0","0","0","0","0","0","0","0","1","0","1","0","1","0","1","5","8","0","13","0","0","0","0","17","66","5","83","0","0","0","5"
"경기도교육청","경기도수원교육지원청","경기도 수원시 장안구","S090004895","천천고등학교","04","공립","N","","0","1","0","1","1","0","0","1","0","0","0","0","6","6","0","12","17","27","7","44","0","4","0","4","0","0","0","0","0","0","0","0","0","0","0","0","0","1","0","1","0","0","0","0","1","10","0","11","0","0","0","0","25","49","7","74","0","0","0","7"
"경기도교육청","경기도수원교육지원청","경기도 수원시 장안구","S090004896","조원고등학교","04","공립","N","","1","0","0","1","1","0","0","1","0","0","0","0","2","10","0","12","5","41","9","46","0","3","0","3","0","1","1","1","0","0","0","0","0","0","0","0","0","1","0","1","0","1","0","1","3","10","0","13","0","0","0","0","12","67","10","79","0","0","0","10"
"경기도교육청","경기도성남교육지원청","경기도 성남시 분당구","S090004897","늘푸른고등학교","04","공립","N","","1","0","0","1","1","0","0","1","0","0","0","0","2","10","0","12","10","30","5","40","0","1","0","1","0","1","0","1","0","0","0","0","0","0","0","0","0","1","0","1","0","0","0","0","1","8","0","9","0","0","0","0","15","51","5","66","0","0","0","5"
"경기도교육청","경기도안양과천교육지원청","경기도 안양시 만안구","S090004898","충훈고등학교","04","공립","N","","1","0","0","1","0","1","0","1","0","0","0","0","3","9","0","12","8","40","8","48","0","2","0","2","0","0","0","0","0","0","0","0","0","0","0","0","0","1","1","1","0","1","0","1","3","6","0","9","0","0","0","0","15","60","9","75","0","0","0","9"
"경기도교육청","경기도부천교육지원청","경기도 부천시 원미구","S090004899","상일고등학교","04","공립","N","","1","0","0","1","1","0","0","1","0","0","0","0","4","8","0","12","11","27","3","38","0","0","0","0","0","1","0","1","0","0","0","0","0","0","0","0","0","1","0","1","0","0","0","0","0","5","0","5","0","0","0","0","17","42","3","59","0","0","0","3"
"경기도교육청","경기도부천교육지원청","경기도 부천시 소사구","S090004900","송내고등학교","04","공립","N","","0","1","0","1","1","0","0","1","0","0","0","0","6","6","0","12","6","30","4","36","0","0","0","0","1","0","0","1","0","0","0","0","0","0","0","0","0","1","0","1","0","1","1","1","4","7","0","11","0","0","0","0","18","46","5","64","0","0","0","5"
"경기도교육청","경기도용인교육지원청","경기도 용인시 기흥구","S090004901","구성고등학교","04","공립","N","","1","0","0","1","0","1","0","1","0","0","0","0","2","9","0","11","10","34","4","44","1","3","1","4","0","0","0","0","0","0","0","0","0","0","0","0","0","1","0","1","0","0","0","0","7","8","0","15","0","0","0","0","21","56","5","77","0","0","0","5"
"경기도교육청","경기도수원교육지원청","경기도 수원시 영통구","S090004902","매탄고등학교","04","공립","N","","0","1","0","1","1","0","0","1","0","0","0","0","3","9","0","12","12","42","6","54","1","3","0","4","0","1","0","1","0","0","0","0","0","0","0","0","0","1","1","1","0","1","0","1","2","10","0","12","0","0","0","0","19","68","7","87","0","0","0","7"
"경기도교육청","경기도안양과천교육지원청","경기도 안양시 동안구","S090004905","인덕원고등학교","04","공립","N","","1","0","0","1","1","0","0","1","0","0","0","0","2","9","0","11","4","50","10","54","0","0","0","0","0","1","1","1","0","0","0","0","0","0","0","0","0","1","0","1","0","0","0","0","7","7","0","14","0","1","0","1","15","69","11","84","0","0","0","11"
"경기도교육청","경기도부천교육지원청","경기도 부천시 소사구","S090004906","범박고등학교","04","공립","N","","0","1","0","1","0","1","0","1","0","0","0","0","3","9","0","12","9","33","1","42","2","2","0","4","0","1","1","1","0","0","0","0","0","0","0","0","0","1","0","1","0","0","0","0","5","5","0","10","0","0","0","0","19","53","2","72","0","0","0","2"
"경기도교육청","경기도동두천양주교육지원청","경기도 양주시","S090004908","덕계고등학교","04","공립","N","","1","0","0","1","0","1","0","1","0","0","0","0","8","4","0","12","4","22","2","26","1","1","0","2","0","1","0","1","0","0","0","0","0","0","0","0","0","1","0","1","0","1","0","1","3","12","0","15","0","0","0","0","17","43","2","60","0","0","0","2"
"경기도교육청","경기도안산교육지원청","경기도 안산시 단원구","S090004909","단원고등학교","04","공립","N","","1","0","0","1","1","0","0","1","0","0","0","0","4","9","0","13","7","25","6","32","0","3","0","3","0","2","1","2","0","0","0","0","0","0","0","0","0","1","0","1","0","1","0","1","6","16","0","22","0","0","0","0","19","57","7","76","0","0","0","7"
"경기도교육청","경기도시흥교육지원청","경기도 시흥시","S090004910","군서고등학교","04","공립","N","","0","1","0","1","1","0","0","1","0","0","0","0","4","8","0","12","8","35","7","43","1","2","1","3","0","1","0","1","0","0","0","0","0","0","0","0","0","1","0","1","0","0","0","0","7","13","0","20","0","0","0","0","21","61","8","82","0","0","0","8"
"경기도교육청","경기도고양교육지원청","경기도 고양시 일산동구","S090004912","풍동고등학교","04","공립","N","","0","1","0","1","1","0","0","1","0","0","0","0","7","6","0","13","11","24","4","35","0","0","0","0","1","0","0","1","0","0","0","0","0","0","0","0","0","1","0","1","0","1","0","1","6","12","0","18","0","0","0","0","26","45","4","71","0","0","0","4"
"경기도교육청","경기도구리남양주교육지원청","경기도 남양주시","S090004914","도농고등학교","04","공립","N","","0","1","0","1","1","0","0","1","0","0","0","0","6","6","0","12","7","35","2","42","0","3","0","3","0","1","0","1","0","0","0","0","0","0","0","0","0","0","0","0","0","1","0","1","3","8","0","11","0","0","0","0","17","55","2","72","0","0","0","2"
"경기도교육청","경기도구리남양주교육지원청","경기도 남양주시","S090004915","평내고등학교","04","공립","N","","1","0","0","1","0","1","0","1","0","0","0","0","5","5","0","10","12","28","4","40","0","3","0","3","0","1","0","1","0","0","0","0","0","0","0","0","1","0","0","1","0","0","0","0","9","7","0","16","0","0","0","0","28","45","4","73","0","0","0","4"
"경기도교육청","경기도광주하남교육지원청","경기도 하남시","S090004916","신장고등학교","04","공립","N","","1","0","0","1","0","1","0","1","0","0","0","0","5","7","0","12","10","34","6","44","0","2","0","2","1","0","0","1","0","0","0","0","0","0","0","0","0","1","0","1","0","0","0","0","2","8","0","10","0","0","0","0","19","53","6","72","0","0","0","6"
"경기도교육청","경기도이천교육지원청","경기도 이천시","S090004917","효양고등학교","04","공립","N","","1","0","0","1","1","0","0","1","0","0","0","0","6","7","0","13","6","30","3","36","0","3","0","3","0","1","0","1","0","0","0","0","0","0","0","0","0","1","0","1","0","0","0","0","7","7","0","14","0","0","0","0","21","49","3","70","0","0","0","3"
"경기도교육청","경기도용인교육지원청","경기도 용인시 기흥구","S090004918","보정고등학교","04","공립","N","","1","0","0","1","1","0","0","1","0","0","0","0","5","8","0","13","7","40","2","47","0","3","1","3","0","0","0","0","0","1","1","1","0","0","0","0","0","1","1","1","0","1","0","1","3","11","0","14","0","0","0","0","17","65","5","82","0","0","0","5"
"경기도교육청","경기도김포교육지원청","경기도 김포시","S090004919","풍무고등학교","04","공립","N","","0","1","0","1","1","0","0","1","0","0","0","0","3","8","0","11","9","36","2","45","1","1","0","2","0","1","0","1","0","0","0","0","0","0","0","0","0","1","0","1","0","0","0","0","5","10","0","15","0","0","0","0","19","58","2","77","0","0","0","2"
"경기도교육청","경기도화성오산교육지원청","","S090004920","병점고등학교","04","공립","N","","1","0","0","1","1","0","0","1","0","0","0","0","7","6","0","13","12","26","5","38","3","0","0","3","0","0","0","0","0","0","0","0","0","0","0","0","0","1","0","1","0","0","0","0","1","12","0","13","0","0","0","0","25","45","5","70","0","0","0","5"
"경기도교육청","경기도파주교육지원청","경기도 파주시","S090004921","봉일천고등학교","04","공립","N","","1","0","0","1","1","0","0","1","0","0","0","0","8","5","0","13","16","28","5","44","0","2","0","2","0","1","0","1","0","0","0","0","0","0","0","0","0","1","0","1","0","1","0","1","2","6","0","8","0","0","0","0","28","44","5","72","0","0","0","5"
"경기도교육청","경기도파주교육지원청","경기도 파주시","S090004922","교하고등학교","04","공립","N","","1","0","0","1","1","0","0","1","0","0","0","0","8","4","0","12","11","37","3","48","0","3","0","3","0","0","0","0","0","0","0","0","0","0","0","0","0","1","0","1","0","0","0","0","0","6","0","6","0","0","0","0","21","51","3","72","0","0","0","3"
"경기도교육청","경기도의정부교육지원청","경기도 의정부시","S090004923","상우고등학교","04","사립","N","","0","1","0","1","0","0","0","0","0","0","0","0","10","3","0","13","25","9","2","34","0","0","0","0","0","0","0","0","0","0","0","0","0","0","0","0","0","1","0","1","0","0","0","0","8","12","0","20","0","0","0","0","43","26","2","69","0","0","0","2"
"경기도교육청","경기도성남교육지원청","경기도 성남시 분당구","S090004945","이우고등학교","04","사립","N","","1","0","0","1","1","0","0","1","0","0","0","0","2","4","0","6","7","4","2","11","0","0","0","0","0","0","0","0","0","0","0","0","0","0","0","0","0","0","0","0","0","1","0","1","1","9","0","10","3","7","0","10","15","25","2","40","0","0","0","2"
"경기도교육청","경기도군포의왕교육지원청","경기도 의왕시","S090005040","경기외국어고등학교","04","사립","N","","1","0","0","1","1","0","0","1","0","0","0","0","2","5","0","7","11","12","4","23","0","0","0","0","0","0","0","0","0","0","0","0","0","0","0","0","0","0","0","0","0","0","0","0","6","12","0","18","11","6","0","17","32","35","4","67","10","3","13","4"
"경기도교육청","경기도의정부교육지원청","경기도 의정부시","S090005167","경기북과학고등학교","04","공립","N","","1","0","0","1","0","1","0","1","0","0","0","0","9","4","0","13","15","21","2","36","0","0","0","0","0","0","0","0","0","1","0","1","0","0","0","0","0","1","0","1","0","2","1","2","0","1","0","1","0","0","0","0","25","31","3","56","0","0","0","3"
"경기도교육청","경기도동두천양주교육지원청","경기도 동두천시","S090005168","동두천외국어고등학교","04","공립","N","","0","1","0","1","1","0","0","1","0","0","0","0","6","8","0","14","14","23","3","37","0","0","0","0","0","1","0","1","0","0","0","0","0","0","0","0","0","1","0","1","0","1","0","1","2","4","0","6","0","0","0","0","23","39","3","62","0","0","0","3"
"경기도교육청","경기도파주교육지원청","경기도 파주시","S090005169","금촌고등학교","04","공립","N","","0","1","0","1","1","0","0","1","0","0","0","0","3","9","0","12","12","44","5","56","1","3","1","4","0","1","0","1","0","0","0","0","0","0","0","0","0","1","0","1","0","0","0","0","4","8","0","12","0","1","0","1","21","68","6","89","0","0","0","6"
"경기도교육청","경기도용인교육지원청","경기도 용인시 처인구","S090005170","용인한국외국어대학교부설고등학교","04","사립","N","","1","0","0","1","1","0","0","1","0","0","0","0","4","4","0","8","27","15","0","42","0","0","0","0","0","0","0","0","0","0","0","0","0","0","0","0","0","1","0","1","0","0","0","0","5","13","0","18","4","4","0","8","42","37","0","79","1","0","1","0"
"경기도교육청","경기도동두천양주교육지원청","경기도 양주시","S090005280","양주백석고등학교","04","공립","N","","0","1","0","1","1","0","0","1","0","0","0","0","5","6","0","11","13","24","4","37","3","3","1","6","0","1","0","1","0","0","0","0","0","0","0","0","0","1","0","1","0","0","0","0","5","7","0","12","0","0","0","0","27","43","5","70","0","0","0","5"
"경기도교육청","경기도성남교육지원청","경기도 성남시 분당구","S090005282","성남외국어고등학교","04","공립","N","","0","1","0","1","0","1","0","1","0","0","0","0","2","11","0","13","15","24","2","39","0","0","0","0","0","0","0","0","0","0","0","0","0","0","0","0","0","1","0","1","0","1","0","1","1","3","0","4","3","4","0","7","21","46","2","67","3","4","7","2"
"경기도교육청","경기도안산교육지원청","경기도 안산시 상록구","S090005283","성포고등학교","04","공립","N","","1","0","0","1","1","0","0","1","0","0","0","0","5","7","0","12","5","33","4","38","0","2","1","2","0","1","0","1","0","0","0","0","0","0","0","0","0","1","0","1","0","0","0","0","8","14","0","22","0","0","0","0","20","58","5","78","0","0","0","5"
"경기도교육청","경기도수원교육지원청","경기도 수원시 영통구","S090005284","수원외국어고등학교","04","공립","N","","0","1","0","1","0","1","0","1","0","0","0","0","7","6","0","13","16","22","3","38","0","0","0","0","0","0","0","0","0","1","0","1","0","0","0","0","0","1","0","1","0","1","0","1","3","3","0","6","0","0","0","0","26","36","3","62","0","0","0","3"
"경기도교육청","경기도가평교육지원청","경기도 가평군","S090005286","청심국제고등학교","04","사립","N","","1","0","0","1","0","0","0","0","0","0","0","0","1","2","0","3","6","9","3","15","0","0","0","0","0","0","0","0","0","0","0","0","0","0","0","0","0","1","1","1","0","0","0","0","3","4","0","7","2","2","0","4","13","18","4","31","0","0","0","4"
"경기도교육청","경기도평택교육지원청","경기도 평택시","S090005290","현화고등학교","04","공립","N","","1","0","0","1","0","1","0","1","0","0","0","0","7","7","0","14","19","20","3","39","0","2","0","2","0","1","0","1","0","0","0","0","0","0","0","0","0","1","0","1","0","0","0","0","4","7","0","11","0","0","0","0","31","39","3","70","0","0","0","3"
"경기도교육청","경기도구리남양주교육지원청","경기도 남양주시","S090005291","호평고등학교","04","공립","N","","1","0","0","1","0","1","0","1","0","0","0","0","4","8","0","12","7","33","2","40","2","2","0","4","0","0","0","0","0","0","0","0","0","0","0","0","0","1","0","1","0","1","0","1","5","6","0","11","0","0","0","0","19","52","2","71","0","0","0","2"
"경기도교육청","경기도김포교육지원청","경기도 김포시","S090005292","김포외국어고등학교","04","사립","N","","0","0","0","0","1","0","0","1","0","0","0","0","7","0","0","7","14","4","1","18","0","0","0","0","0","0","0","0","0","0","0","0","0","0","0","0","0","1","0","1","0","0","0","0","9","7","0","16","0","3","0","3","31","15","1","46","0","0","0","1"
"경기도교육청","경기도용인교육지원청","경기도 용인시 기흥구","S090005319","용인백현고등학교","04","공립","N","","0","1","0","1","1","0","0","1","0","0","0","0","4","8","0","12","4","29","4","33","0","2","0","2","0","0","0","0","0","0","0","0","0","0","0","0","0","1","0","1","0","0","0","0","7","6","0","13","0","0","0","0","16","47","4","63","0","0","0","4"
"경기도교육청","경기도안성교육지원청","경기도 안성시","S090005320","한겨레고등학교","04","사립","N","","0","1","0","1","1","0","0","1","0","0","0","0","2","3","0","5","4","3","2","7","0","0","0","0","0","0","0","0","0","0","0","0","0","0","0","0","0","1","0","1","0","1","0","1","3","4","0","7","0","0","0","0","10","13","2","23","0","0","0","2"
"경기도교육청","경기도고양교육지원청","경기도 고양시 일산서구","S090005380","가좌고등학교","04","공립","N","","1","0","0","1","1","0","0","1","0","0","0","0","6","6","0","12","5","39","10","44","0","0","0","0","0","1","0","1","0","0","0","0","0","0","0","0","0","1","0","1","0","1","0","1","8","9","0","17","0","0","0","0","21","57","10","78","0","0","0","10"
"경기도교육청","경기도동두천양주교육지원청","경기도 양주시","S090005381","양주고등학교","04","공립","N","","1","0","0","1","1","0","0","1","0","0","0","0","5","6","0","11","8","21","0","29","1","0","0","1","0","1","0","1","0","0","0","0","0","0","0","0","0","1","0","1","0","1","0","1","3","6","0","9","0","0","0","0","19","36","0","55","0","0","0","0"
"경기도교육청","경기도포천교육지원청","경기도 포천시","S090005382","송우고등학교","04","공립","N","","1","0","0","1","1","0","0","1","0","0","0","0","6","7","0","13","22","24","5","46","1","1","0","2","0","1","0","1","0","0","0","0","0","0","0","0","0","1","0","1","0","0","0","0","3","5","0","8","0","0","0","0","34","39","5","73","0","0","0","5"
"경기도교육청","경기도부천교육지원청","경기도 부천시 원미구","S090005399","상원고등학교","04","공립","N","","0","1","0","1","1","0","0","1","0","0","0","0","5","6","0","11","10","30","5","40","0","0","0","0","0","0","0","0","0","0","0","0","0","0","0","0","0","1","0","1","0","0","0","0","3","7","0","10","0","0","0","0","19","45","5","64","0","0","0","5"
"경기도교육청","경기도고양교육지원청","경기도 고양시 덕양구","S090005413","성사고등학교","04","공립","N","","0","1","0","1","1","0","0","1","0","0","0","0","4","8","0","12","5","34","8","39","0","3","1","3","1","0","0","1","0","0","0","0","0","0","0","0","0","1","0","1","0","1","0","1","3","16","0","19","0","0","0","0","14","64","9","78","0","0","0","9"
"경기도교육청","경기도용인교육지원청","경기도 용인시 기흥구","S090005414","성지고등학교","04","공립","N","","1","0","0","1","1","0","0","1","0","0","0","0","6","6","0","12","10","41","5","51","1","1","0","2","0","1","0","1","0","0","0","0","0","0","0","0","0","1","0","1","0","0","0","0","4","10","0","14","1","0","0","1","24","60","5","84","0","0","0","5"
"경기도교육청","경기도용인교육지원청","경기도 용인시 수지구","S090005415","현암고등학교","04","공립","N","","1","0","0","1","1","0","0","1","0","0","0","0","1","10","0","11","5","25","3","30","0","0","0","0","0","1","0","1","0","0","0","0","0","0","0","0","0","1","0","1","0","0","0","0","2","8","0","10","0","0","0","0","10","45","3","55","0","0","0","3"
"경기도교육청","경기도용인교육지원청","경기도 용인시 수지구","S090005416","용인홍천고등학교","04","공립","N","","1","0","0","1","0","1","0","1","0","0","0","0","6","6","0","12","7","48","5","55","0","3","1","3","0","1","0","1","0","0","0","0","0","0","0","0","0","1","0","1","0","0","0","0","2","12","0","14","0","0","0","0","16","72","6","88","0","0","0","6"
"경기도교육청","경기도의정부교육지원청","경기도 의정부시","S090005417","효자고등학교","04","공립","N","","1","0","0","1","0","1","0","1","0","0","0","0","7","8","0","15","12","30","5","42","0","3","1","3","0","0","0","0","0","0","0","0","0","0","0","0","0","1","0","1","0","0","0","0","4","5","0","9","0","0","0","0","24","48","6","72","0","0","0","6"
"경기도교육청","경기도고양교육지원청","경기도 고양시 일산서구","S090005418","고양예술고등학교","04","사립","N","","0","0","0","0","0","1","0","1","0","0","0","0","8","2","0","10","7","7","2","14","0","0","0","0","0","0","0","0","0","0","0","0","0","0","0","0","0","0","0","0","0","0","0","0","4","11","0","15","7","24","0","31","26","45","2","71","0","0","0","2"
"경기도교육청","경기도용인교육지원청","경기도 용인시 수지구","S090005458","대지고등학교","04","공립","N","","1","0","0","1","1","0","0","1","0","0","0","0","3","9","0","12","6","35","7","41","1","1","1","2","0","1","0","1","0","0","0","0","0","0","0","0","0","1","0","1","0","0","0","0","2","13","0","15","0","0","0","0","14","60","8","74","0","0","0","8"
"경기도교육청","경기도화성오산교육지원청","","S090005459","동탄고등학교","04","공립","N","","1","0","0","1","1","0","0","1","0","0","0","0","6","6","0","12","8","35","1","43","0","2","0","2","0","1","0","1","0","0","0","0","0","0","0","0","0","1","0","1","0","1","0","1","5","6","0","11","0","0","0","0","21","52","1","73","0","0","0","1"
"경기도교육청","경기도화성오산교육지원청","경기도 화성시 병점구","S090005460","안화고등학교","04","공립","N","","1","0","0","1","1","0","0","1","0","0","0","0","3","6","0","9","14","34","6","48","0","3","1","3","0","1","0","1","0","0","0","0","0","0","0","0","0","1","1","1","0","1","0","1","6","6","0","12","0","0","0","0","25","52","8","77","0","0","0","8"
"경기도교육청","경기도화성오산교육지원청","경기도 오산시","S090005461","운암고등학교","04","공립","N","","1","0","0","1","1","0","0","1","1","0","0","1","0","11","0","11","11","14","3","25","1","1","0","2","0","0","0","0","0","0","0","0","0","0","0","0","0","1","1","1","0","0","0","0","4","10","0","14","0","1","0","1","19","38","4","57","0","0","0","4"
"경기도교육청","경기도용인교육지원청","경기도 용인시 기흥구","S090005488","동백고등학교","04","공립","N","","1","0","0","1","0","1","0","1","0","0","0","0","4","8","0","12","10","32","3","42","0","2","0","2","0","0","0","0","0","0","0","0","0","0","0","0","0","1","0","1","0","1","0","1","2","6","0","8","0","0","0","0","17","51","3","68","0","0","0","3"
"경기도교육청","경기도수원교육지원청","경기도 수원시 영통구","S090005576","망포고등학교","04","공립","N","","1","0","0","1","0","1","0","1","0","0","0","0","8","4","0","12","5","37","2","42","1","1","0","2","0","1","0","1","0","0","0","0","0","0","0","0","0","1","0","1","0","1","0","1","4","7","0","11","0","0","0","0","19","53","2","72","0","0","0","2"
"경기도교육청","경기도수원교육지원청","경기도 수원시 영통구","S090005577","매원고등학교","04","공립","N","","1","0","0","1","0","1","0","1","0","0","0","0","6","6","0","12","8","41","6","49","0","2","0","2","0","1","0","1","0","0","0","0","0","0","0","0","0","1","0","1","0","1","0","1","2","9","0","11","0","0","0","0","17","62","6","79","0","0","0","6"
"경기도교육청","경기도화성오산교육지원청","","S090005578","반송고등학교","04","공립","N","","1","0","0","1","1","0","0","1","0","0","0","0","4","7","0","11","14","28","6","42","0","0","0","0","0","0","0","0","0","0","0","0","0","0","0","0","0","1","0","1","0","1","0","1","3","12","0","15","0","0","0","0","23","49","6","72","0","0","0","6"
"경기도교육청","경기도화성오산교육지원청","경기도 화성시 효행구","S090005579","봉담고등학교","04","공립","N","","0","1","0","1","1","0","0","1","0","0","0","0","7","5","0","12","8","23","4","31","1","0","0","1","0","0","0","0","0","0","0","0","0","0","0","0","0","1","0","1","0","1","0","1","4","7","0","11","0","0","0","0","21","38","4","59","0","0","0","4"
"경기도교육청","경기도화성오산교육지원청","경기도 화성시 동탄구","S090005580","예당고등학교","04","공립","N","","1","0","0","1","1","0","0","1","0","0","0","0","6","6","0","12","16","27","6","43","0","2","0","2","0","1","0","1","0","1","0","1","0","0","0","0","0","1","0","1","0","1","0","1","2","12","0","14","0","0","0","0","26","51","6","77","0","0","0","6"
"경기도교육청","경기도부천교육지원청","경기도 부천시 오정구","S090005581","수주고등학교","04","공립","N","","1","0","0","1","0","1","0","1","0","0","0","0","4","6","0","10","5","26","6","31","0","2","1","2","0","0","0","0","0","0","0","0","0","0","0","0","0","1","0","1","0","1","0","1","12","6","0","18","0","0","0","0","22","43","7","65","0","0","0","7"
"경기도교육청","경기도고양교육지원청","경기도 고양시 덕양구","S090005599","고양일고등학교","04","공립","N","","0","1","0","1","0","1","0","1","0","0","0","0","3","9","0","12","5","25","4","30","0","1","0","1","0","1","0","1","0","0","0","0","0","0","0","0","0","0","0","0","0","0","0","0","2","11","0","13","0","0","0","0","10","49","4","59","0","0","0","4"
"경기도교육청","경기도고양교육지원청","경기도 고양시 일산동구","S090005600","안곡고등학교","04","공립","N","","0","1","0","1","1","0","0","1","0","0","0","0","5","7","0","12","9","41","6","50","0","4","0","4","0","1","0","1","0","0","0","0","0","0","0","0","0","1","1","1","0","1","0","1","3","18","0","21","0","0","0","0","18","74","7","92","0","0","0","7"
"경기도교육청","경기도구리남양주교육지원청","경기도 남양주시","S090005601","와부고등학교","04","공립","N","","0","1","0","1","1","0","0","1","0","0","0","0","7","6","0","13","11","21","2","32","0","2","0","2","0","1","0","1","0","0","0","0","0","0","0","0","0","1","1","1","0","1","0","1","2","9","0","11","0","0","0","0","21","42","3","63","0","0","0","3"
"경기도교육청","경기도수원교육지원청","경기도 수원시 권선구","S090005653","고색고등학교","04","공립","N","","1","0","0","1","1","0","0","1","0","0","0","0","11","1","0","12","17","27","8","44","0","2","1","2","0","0","0","0","0","0","0","0","0","0","0","0","0","1","0","1","0","0","0","0","6","7","0","13","0","0","0","0","36","38","9","74","0","0","0","9"
"경기도교육청","경기도화성오산교육지원청","","S090005655","나루고등학교","04","공립","N","","1","0","0","1","0","1","0","1","0","0","0","0","6","6","0","12","10","19","3","29","0","0","0","0","0","1","0","1","0","0","0","0","0","0","0","0","0","1","0","1","0","1","0","1","4","7","0","11","0","0","0","0","21","36","3","57","0","0","0","3"
"경기도교육청","경기도용인교육지원청","경기도 용인시 기흥구","S090005656","보라고등학교","04","공립","N","","1","0","0","1","0","1","0","1","0","0","0","0","6","6","0","12","4","31","5","35","0","3","1","3","0","1","0","1","0","0","0","0","0","0","0","0","0","1","0","1","0","1","0","1","6","8","0","14","0","0","0","0","17","52","6","69","0","0","0","6"
"경기도교육청","경기도용인교육지원청","경기도 용인시 기흥구","S090005658","초당고등학교","04","공립","N","","1","0","0","1","1","0","0","1","0","0","0","0","4","8","0","12","6","35","3","41","0","0","0","0","0","0","0","0","0","0","0","0","0","0","0","0","0","1","1","1","0","1","1","1","1","14","0","15","0","0","0","0","13","59","5","72","0","0","0","5"
"경기도교육청","경기도성남교육지원청","경기도 성남시 수정구","S090005659","복정고등학교","04","공립","N","","0","1","0","1","1","0","0","1","0","0","0","0","3","9","0","12","4","29","11","33","0","0","0","0","0","2","1","2","0","0","0","0","0","0","0","0","0","1","0","1","0","1","0","1","3","12","0","15","0","0","0","0","11","55","12","66","0","0","0","12"
"경기도교육청","경기도용인교육지원청","경기도 용인시 처인구","S090005660","포곡고등학교","04","공립","N","","1","0","0","1","0","1","0","1","0","1","0","1","8","6","0","14","14","31","5","45","0","5","1","5","0","1","0","1","0","0","0","0","0","0","0","0","0","0","0","0","0","1","0","1","2","13","0","15","0","0","0","0","25","59","6","84","0","0","0","6"
"경기도교육청","경기도화성오산교육지원청","경기도 화성시 만세구","S090005663","향남고등학교","04","공립","N","","1","0","0","1","1","0","0","1","0","0","0","0","4","8","0","12","8","23","5","31","1","1","0","2","0","1","0","1","0","0","0","0","0","0","0","0","0","1","0","1","0","1","0","1","6","8","0","14","0","0","0","0","21","43","5","64","0","0","0","5"
"경기도교육청","경기도용인교육지원청","경기도 용인시 기흥구","S090005664","청덕고등학교","04","공립","N","","1","0","0","1","0","1","0","1","0","0","0","0","3","9","0","12","5","41","10","46","1","2","0","3","1","0","0","1","0","0","0","0","0","0","0","0","0","1","0","1","0","0","0","0","5","13","0","18","0","0","0","0","16","67","10","83","0","0","0","10"
"경기도교육청","경기도시흥교육지원청","경기도 시흥시","S090005665","시흥능곡고등학교","04","공립","N","","0","1","0","1","1","0","0","1","0","0","0","0","4","8","0","12","10","30","3","40","2","0","0","2","0","1","0","1","0","0","0","0","0","0","0","0","0","1","0","1","0","0","0","0","7","7","0","14","0","0","0","0","24","48","3","72","0","0","0","3"
"경기도교육청","경기도시흥교육지원청","경기도 시흥시","S090005666","시흥매화고등학교","04","공립","N","","1","0","0","1","1","0","0","1","0","0","0","0","5","5","0","10","5","26","3","31","1","1","1","2","0","0","0","0","0","0","0","0","0","0","0","0","0","1","0","1","0","0","0","0","6","5","0","11","0","0","0","0","19","38","4","57","0","0","0","4"
"경기도교육청","경기도의정부교육지원청","경기도 의정부시","S090005667","발곡고등학교","04","공립","N","","1","0","0","1","1","0","0","1","0","0","0","0","3","9","0","12","8","35","2","43","1","2","0","3","1","0","1","1","0","0","0","0","0","0","0","0","0","0","0","0","0","1","0","1","2","6","0","8","0","0","0","0","17","53","3","70","0","0","0","3"
"경기도교육청","경기도시흥교육지원청","경기도 시흥시","S090005668","신천고등학교","04","공립","N","","0","1","0","1","1","0","0","1","0","0","0","0","4","8","0","12","7","35","2","42","1","3","1","4","1","0","0","1","0","0","0","0","0","0","0","0","0","1","0","1","0","1","0","1","2","8","0","10","0","0","0","0","16","57","3","73","0","0","0","3"
"경기도교육청","경기도안산교육지원청","경기도 안산시 단원구","S090005669","선부고등학교","04","공립","N","","1","0","0","1","1","0","0","1","0","0","0","0","3","9","0","12","16","24","1","40","1","2","0","3","0","0","0","0","0","0","0","0","0","0","0","0","1","0","0","1","0","0","0","0","3","11","0","14","0","0","0","0","26","46","1","72","0","0","0","1"
"경기도교육청","경기도구리남양주교육지원청","경기도 남양주시","S090005670","오남고등학교","04","공립","N","","1","0","0","1","1","0","0","1","0","0","0","0","7","6","0","13","19","34","4","53","0","3","0","3","0","0","0","0","0","0","0","0","0","0","0","0","0","1","0","1","0","0","0","0","7","5","0","12","0","0","0","0","35","49","4","84","0","0","0","4"
"경기도교육청","경기도군포의왕교육지원청","경기도 의왕시","S090005671","의왕고등학교","04","공립","N","","1","0","0","1","0","1","0","1","0","0","0","0","5","8","0","13","9","23","2","32","0","2","0","2","0","1","1","1","0","0","0","0","0","0","0","0","0","1","0","1","0","0","0","0","0","8","0","8","0","0","0","0","15","44","3","59","0","0","0","3"
"경기도교육청","경기도평택교육지원청","경기도 평택시","S090005672","이충고등학교","04","공립","N","","1","0","0","1","0","1","0","1","0","0","0","0","7","4","0","11","8","24","6","32","0","3","0","3","0","0","0","0","0","0","0","0","0","0","0","0","0","1","0","1","0","0","0","0","7","20","0","27","0","0","0","0","23","53","6","76","0","0","0","6"
"경기도교육청","경기도김포교육지원청","경기도 김포시","S090005673","장기고등학교","04","공립","N","","0","1","0","1","1","0","0","1","0","0","0","0","6","6","0","12","11","33","3","44","1","3","0","4","0","0","0","0","0","0","0","0","0","0","0","0","0","1","0","1","0","0","0","0","6","10","0","16","0","0","0","0","25","54","3","79","0","0","0","3"
"경기도교육청","경기도안산교육지원청","경기도 안산시 단원구","S090005674","신길고등학교","04","공립","N","","1","0","0","1","1","0","0","1","0","0","0","0","4","7","0","11","11","30","8","41","0","1","0","1","0","0","0","0","0","0","0","0","0","0","0","0","0","1","0","1","0","0","0","0","4","15","0","19","0","0","0","0","21","54","8","75","0","0","0","8"
"경기도교육청","경기도광주하남교육지원청","경기도 광주시","S090005675","광남고등학교","04","공립","N","","0","1","0","1","0","1","0","1","0","0","0","0","3","9","0","12","10","31","7","41","0","2","0","2","0","1","0","1","0","0","0","0","0","0","0","0","0","0","0","0","0","1","0","1","6","10","0","16","0","0","0","0","19","56","7","75","0","0","0","7"
"경기도교육청","경기도안산교육지원청","경기도 안산시 상록구","S090005676","광덕고등학교","04","공립","N","","0","1","0","1","1","0","0","1","0","0","0","0","4","8","0","12","10","27","2","37","0","0","0","0","1","0","0","1","0","1","0","1","0","0","0","0","0","1","0","1","0","1","0","1","5","9","0","14","0","0","0","0","21","48","2","69","0","0","0","2"
"경기도교육청","경기도용인교육지원청","경기도 용인시 기흥구","S090005677","흥덕고등학교","04","공립","N","","1","0","0","1","1","0","0","1","0","0","0","0","6","6","0","12","9","30","3","39","0","1","0","1","0","1","0","1","0","0","0","0","0","0","0","0","0","1","0","1","0","1","0","1","2","5","0","7","0","0","0","0","19","45","3","64","0","0","0","3"
"경기도교육청","경기도동두천양주교육지원청","경기도 양주시","S090005796","덕현고등학교","04","공립","N","","1","0","0","1","1","0","0","1","0","0","0","0","8","4","0","12","11","36","3","47","1","1","0","2","0","1","0","1","0","0","0","0","0","0","0","0","0","1","0","1","0","1","0","1","5","8","0","13","0","0","0","0","27","52","3","79","0","0","0","3"
"경기도교육청","경기도고양교육지원청","경기도 고양시 덕양구","S090005797","서정고등학교","04","공립","N","","0","1","0","1","0","1","0","1","0","0","0","0","4","8","0","12","6","37","8","43","0","3","1","3","0","1","0","1","0","0","0","0","0","0","0","0","0","1","0","1","0","1","0","1","3","16","0","19","0","0","0","0","13","69","9","82","0","0","0","9"
"경기도교육청","경기도광명교육지원청","경기도 광명시","S090005798","운산고등학교","04","공립","N","","0","1","0","1","1","0","0","1","0","0","0","0","4","8","0","12","7","41","11","48","1","2","0","3","0","1","0","1","0","0","0","0","0","0","0","0","0","1","0","1","0","0","0","0","4","6","0","10","0","0","0","0","17","60","11","77","0","0","0","11"
"경기도교육청","경기도파주교육지원청","경기도 파주시","S090005799","운정고등학교","04","공립","N","","1","0","0","1","0","1","0","1","0","0","0","0","8","4","0","12","15","42","4","57","0","0","0","0","0","1","0","1","0","0","0","0","0","0","0","0","0","1","0","1","0","1","0","1","3","8","0","11","0","0","0","0","27","58","4","85","0","0","0","4"
"경기도교육청","경기도구리남양주교육지원청","경기도 남양주시","S090005800","마석고등학교","04","공립","N","","0","1","0","1","0","1","0","1","0","0","0","0","5","6","0","11","13","35","7","48","2","0","0","2","0","0","0","0","0","0","0","0","0","0","0","0","0","1","0","1","0","1","1","1","7","10","0","17","0","1","0","1","27","56","8","83","0","0","0","8"
"경기도교육청","경기도안산교육지원청","경기도 안산시 상록구","S090005801","상록고등학교","04","공립","N","","1","0","0","1","1","0","0","1","0","0","0","0","6","6","0","12","9","29","2","38","0","3","0","3","0","0","0","0","0","0","0","0","0","0","0","0","0","1","0","1","0","1","0","1","11","9","0","20","0","0","0","0","28","49","2","77","0","0","0","2"
"경기도교육청","경기도구리남양주교육지원청","경기도 남양주시","S090005803","진접고등학교","04","공립","N","","1","0","0","1","1","0","0","1","0","1","0","1","4","8","0","12","13","36","6","49","1","3","0","4","0","0","0","0","0","0","0","0","0","0","0","0","0","1","0","1","0","1","0","1","9","9","0","18","0","0","0","0","29","59","6","88","0","0","0","6"
"경기도교육청","경기도평택교육지원청","경기도 평택시","S090005804","청북고등학교","04","공립","N","","1","0","0","1","1","0","0","1","0","0","0","0","6","6","0","12","11","22","1","33","1","0","0","1","0","1","0","1","0","0","0","0","0","0","0","0","0","0","0","0","0","1","0","1","8","11","0","19","0","0","0","0","28","41","1","69","0","0","0","1"
"경기도교육청","경기도화성오산교육지원청","경기도 오산시","S090005806","세마고등학교","04","공립","N","","1","0","0","1","1","0","0","1","0","0","0","0","7","6","0","13","13","28","4","41","0","1","0","1","0","0","0","0","0","0","0","0","0","0","0","0","0","1","0","1","0","2","0","2","2","8","0","10","0","0","0","0","24","46","4","70","0","0","0","4"
"경기도교육청","경기도화성오산교육지원청","경기도 화성시 동탄구","S090005808","능동고등학교","04","공립","N","","1","0","0","1","1","0","0","1","0","0","0","0","5","7","0","12","9","29","6","38","1","1","0","2","0","0","0","0","0","0","0","0","0","0","0","0","0","1","0","1","0","1","1","1","5","6","0","11","0","0","0","0","22","45","7","67","0","0","0","7"
"경기도교육청","경기도김포교육지원청","경기도 김포시","S090005811","마송고등학교","04","공립","N","","1","0","0","1","1","0","0","1","0","0","0","0","3","9","0","12","8","23","2","31","1","2","0","3","0","0","0","0","0","0","0","0","0","0","0","0","0","1","0","1","0","1","0","1","3","6","0","9","0","0","0","0","17","42","2","59","0","0","0","2"
"경기도교육청","경기도군포의왕교육지원청","경기도 의왕시","S090005815","모락고등학교","04","공립","N","","0","1","0","1","1","0","0","1","0","0","0","0","3","10","0","13","2","30","1","32","1","2","0","3","0","0","0","0","0","0","0","0","0","0","0","0","0","1","0","1","0","0","0","0","2","3","0","5","1","0","0","1","10","47","1","57","1","0","1","1"
"경기도교육청","경기도광주하남교육지원청","경기도 광주시","S090005820","경화여자English Business고등학교","04","사립","N","","1","0","0","1","0","1","0","1","0","0","0","0","3","6","0","9","1","3","0","4","0","0","0","0","0","0","0","0","0","0","0","0","0","0","0","0","0","0","0","0","0","0","0","0","6","15","0","21","0","0","0","0","11","25","0","36","0","0","0","0"
"경기도교육청","경기도안성교육지원청","경기도 안성시","S090005831","경기창조고등학교","04","공립","N","","1","0","0","1","0","1","0","1","0","0","0","0","5","8","0","13","18","27","3","45","1","3","0","4","0","1","0","1","0","0","0","0","0","0","0","0","0","1","0","1","0","1","0","1","5","2","0","7","0","0","0","0","30","44","3","74","0","0","0","3"
"경기도교육청","경기도성남교육지원청","경기도 성남시 분당구","S090005836","보평고등학교","04","공립","N","","0","1","0","1","0","1","0","1","0","0","0","0","1","9","0","10","7","29","4","36","0","1","0","1","0","1","0","1","0","1","0","1","0","0","0","0","0","1","0","1","0","1","0","1","1","4","0","5","0","0","0","0","9","49","4","58","0","0","0","4"
"경기도교육청","경기도성남교육지원청","경기도 성남시 분당구","S090005844","운중고등학교","04","공립","N","","1","0","0","1","0","1","0","1","0","0","0","0","2","10","0","12","6","27","4","33","0","1","1","1","0","0","0","0","0","0","0","0","0","0","0","0","0","1","0","1","0","1","0","1","1","7","0","8","0","0","0","0","10","48","5","58","0","0","0","5"
"경기도교육청","경기도구리남양주교육지원청","경기도 남양주시","S090005898","가운고등학교","04","공립","N","","1","0","0","1","0","1","0","1","0","0","0","0","3","9","0","12","12","31","4","43","1","0","0","1","0","1","0","1","0","0","0","0","0","0","0","0","0","1","1","1","0","1","0","1","3","13","0","16","1","0","0","1","21","57","5","78","0","0","0","5"
"경기도교육청","경기도파주교육지원청","경기도 파주시","S090005899","동패고등학교","04","공립","N","","1","0","0","1","1","0","0","1","0","0","0","0","9","3","0","12","11","48","4","59","1","2","0","3","0","0","0","0","0","0","0","0","0","0","0","0","0","1","0","1","0","1","0","1","3","5","0","8","0","0","0","0","26","60","4","86","0","0","0","4"
"경기도교육청","경기도부천교육지원청","경기도 부천시 원미구","S090005900","역곡고등학교","04","공립","N","","0","1","0","1","1","0","0","1","0","0","0","0","0","10","0","10","5","15","0","20","0","2","0","2","0","0","0","0","0","0","0","0","0","0","0","0","0","1","1","1","0","1","0","1","1","7","0","8","0","0","0","0","7","37","1","44","0","0","0","1"
"경기도교육청","경기도성남교육지원청","경기도 성남시 분당구","S090005901","판교고등학교","04","공립","N","","0","1","0","1","1","0","0","1","0","0","0","0","5","8","0","13","6","26","4","32","1","1","0","2","0","1","0","1","0","1","0","1","0","0","0","0","0","1","0","1","0","0","0","0","4","4","0","8","0","0","0","0","17","43","4","60","0","0","0","4"
"경기도교육청","경기도화성오산교육지원청","경기도 오산시","S090005902","세교고등학교","04","공립","N","","1","0","0","1","1","0","0","1","1","0","0","1","6","7","0","13","8","31","5","39","0","3","0","3","0","1","0","1","0","0","0","0","0","0","0","0","0","1","0","1","0","1","0","1","3","8","0","11","1","0","0","1","21","52","5","73","0","0","0","5"
"경기도교육청","경기도용인교육지원청","경기도 용인시 기흥구","S090005903","서천고등학교","04","공립","N","","1","0","0","1","1","0","0","1","0","0","0","0","5","7","0","12","3","33","3","36","0","1","0","1","0","1","0","1","0","0","0","0","0","0","0","0","0","1","0","1","0","1","0","1","3","8","0","11","0","0","0","0","13","52","3","65","0","0","0","3"
"경기도교육청","경기도용인교육지원청","경기도 용인시 수지구","S090005904","성복고등학교","04","공립","N","","1","0","0","1","0","1","0","1","0","0","0","0","3","9","0","12","10","39","6","49","0","2","0","2","0","0","0","0","0","0","0","0","0","0","0","0","0","1","0","1","0","1","1","1","5","11","0","16","0","0","0","0","19","64","7","83","0","0","0","7"
"경기도교육청","경기도고양교육지원청","경기도 고양시 일산서구","S090005905","대화고등학교","04","공립","N","","0","1","0","1","1","0","0","1","0","0","0","0","8","4","0","12","6","36","8","42","1","0","0","1","0","1","0","1","0","0","0","0","0","0","0","0","0","1","0","1","0","1","0","1","2","18","0","20","0","0","0","0","18","62","8","80","0","0","0","8"
"경기도교육청","경기도이천교육지원청","경기도 이천시","S090005906","이현고등학교","04","공립","N","","1","0","0","1","1","0","0","1","0","0","0","0","9","4","0","13","13","24","0","37","2","1","0","3","0","0","0","0","0","0","0","0","0","0","0","0","0","1","0","1","0","0","0","0","4","8","0","12","0","0","0","0","30","38","0","68","0","0","0","0"
"경기도교육청","경기도광주하남교육지원청","경기도 광주시","S090005908","초월고등학교","04","공립","N","","1","0","0","1","0","1","0","1","0","0","0","0","5","7","0","12","15","37","4","52","0","4","1","4","0","1","0","1","0","0","0","0","0","0","0","0","0","1","1","1","0","1","0","1","5","12","0","17","0","0","0","0","26","64","6","90","0","0","0","6"
"경기도교육청","경기도화성오산교육지원청","경기도 화성시 만세구","S090005909","향일고등학교","04","공립","N","","1","0","0","1","1","0","0","1","0","0","0","0","7","4","0","11","10","20","2","30","0","1","0","1","0","0","0","0","0","0","0","0","0","0","0","0","0","0","0","0","0","0","0","0","3","10","0","13","0","0","0","0","22","35","2","57","0","0","0","2"
"경기도교육청","경기도구리남양주교육지원청","경기도 남양주시","S090005910","판곡고등학교","04","공립","N","","0","1","0","1","1","0","0","1","0","0","0","0","5","7","0","12","14","38","14","52","0","0","0","0","0","0","0","0","0","0","0","0","0","0","0","0","0","1","0","1","0","0","0","0","8","17","0","25","0","0","0","0","28","64","14","92","0","0","0","14"
"경기도교육청","경기도수원교육지원청","경기도 수원시 영통구","S090005984","광교고등학교","04","공립","N","","1","0","0","1","1","0","0","1","0","0","0","0","2","10","0","12","6","35","6","41","1","0","0","1","0","0","0","0","0","0","0","0","0","0","0","0","0","2","1","2","0","0","0","0","3","11","0","14","0","0","0","0","14","58","7","72","0","0","0","7"
"경기도교육청","경기도수원교육지원청","경기도 수원시 팔달구","S090006514","율천고등학교","04","공립","N","","1","0","0","1","0","1","0","1","0","0","0","0","2","6","0","8","5","18","5","23","0","2","0","2","0","1","1","1","0","1","0","1","0","0","0","0","0","1","1","1","0","0","0","0","3","8","0","11","0","0","0","0","11","38","7","49","0","0","0","7"
"경기도교육청","경기도고양교육지원청","경기도 고양시 일산서구","S090006518","덕이고등학교","04","공립","N","","1","0","0","1","0","1","0","1","0","0","0","0","9","6","0","15","14","28","10","42","0","0","0","0","0","1","0","1","1","0","0","1","0","0","0","0","0","1","0","1","0","1","0","1","2","15","0","17","0","0","0","0","27","53","10","80","0","0","0","10"
"경기도교육청","경기도의정부교육지원청","경기도 의정부시","S090006519","송양고등학교","04","공립","N","","0","1","0","1","0","1","0","1","0","1","0","1","6","6","0","12","11","46","2","57","1","1","0","2","0","1","0","1","0","1","0","1","0","0","0","0","0","1","0","1","0","1","0","1","5","1","0","6","0","0","0","0","23","61","2","84","0","0","0","2"
"경기도교육청","경기도구리남양주교육지원청","경기도 남양주시","S090006520","별내고등학교","04","공립","N","","0","1","0","1","0","1","0","1","0","0","0","0","5","6","0","11","7","38","9","45","0","2","1","2","0","1","0","1","0","0","0","0","0","0","0","0","0","1","0","1","0","1","0","1","8","12","0","20","1","2","0","3","21","65","10","86","0","0","0","10"
"경기도교육청","경기도군포의왕교육지원청","경기도 군포시","S090006521","군포중앙고등학교","04","공립","N","","0","1","0","1","1","0","0","1","0","0","0","0","4","9","0","13","6","25","1","31","0","1","0","1","1","0","0","1","0","0","0","0","0","0","0","0","0","1","0","1","0","0","0","0","4","2","0","6","0","0","0","0","16","39","1","55","0","0","0","1"
"경기도교육청","경기도용인교육지원청","경기도 용인시 수지구","S090006522","상현고등학교","04","공립","N","","1","0","0","1","1","0","0","1","0","0","0","0","2","10","0","12","7","34","2","41","1","0","0","1","0","1","0","1","0","0","0","0","0","0","0","0","0","1","0","1","0","1","0","1","3","8","0","11","0","0","0","0","15","55","2","70","0","0","0","2"
"경기도교육청","경기도김포교육지원청","경기도 김포시","S090006523","솔터고등학교","04","공립","N","","0","1","0","1","0","1","0","1","0","0","0","0","2","10","0","12","9","34","5","43","0","1","0","1","0","1","0","1","0","0","0","0","0","0","0","0","0","1","0","1","0","2","1","2","3","11","0","14","0","0","0","0","14","62","6","76","0","0","0","6"
"경기도교육청","경기도용인교육지원청","경기도 용인시 수지구","S090006525","신봉고등학교","04","공립","N","","1","0","0","1","0","1","0","1","0","0","0","0","2","10","0","12","6","46","9","52","0","1","1","1","0","1","0","1","0","0","0","0","0","0","0","0","0","1","0","1","0","1","0","1","7","12","0","19","0","0","0","0","16","73","10","89","0","0","0","10"
"경기도교육청","경기도평택교육지원청","경기도 평택시","S090006539","비전고등학교","04","공립","N","","1","0","0","1","1","0","0","1","1","0","0","1","8","4","0","12","8","25","2","33","1","2","0","3","0","0","0","0","0","0","0","0","0","0","0","0","0","0","0","0","0","0","0","0","8","9","0","17","0","1","0","1","28","41","2","69","0","0","0","2"
"경기도교육청","경기도안산교육지원청","경기도 안산시 상록구","S090006540","부곡고등학교","04","공립","N","","1","0","0","1","1","0","0","1","0","0","0","0","6","5","0","11","13","24","2","37","1","1","0","2","0","0","0","0","0","0","0","0","0","0","0","0","0","1","0","1","0","1","0","1","11","12","0","23","0","1","0","1","33","45","2","78","0","0","0","2"
"경기도교육청","경기도광주하남교육지원청","경기도 하남시","S090006541","풍산고등학교","04","공립","N","","1","0","0","1","1","0","0","1","0","0","0","0","6","6","0","12","4","29","3","33","1","1","0","2","0","1","1","1","0","0","0","0","0","0","0","0","0","1","0","1","0","0","0","0","3","4","0","7","0","0","0","0","16","42","4","58","0","0","0","4"
"경기도교육청","경기도수원교육지원청","경기도 수원시 권선구","S090006542","호매실고등학교","04","공립","N","","1","0","0","1","1","0","0","1","0","0","0","0","6","8","0","14","5","25","8","30","2","1","0","3","0","1","0","1","0","0","0","0","0","0","0","0","0","1","0","1","0","0","0","0","3","8","0","11","0","0","0","0","18","44","8","62","0","0","0","8"
"경기도교육청","경기도고양교육지원청","경기도 고양시 일산동구","S090006561","고양국제고등학교","04","공립","N","","1","0","0","1","0","1","0","1","0","0","0","0","9","5","0","14","22","27","2","49","0","0","0","0","0","1","0","1","0","0","0","0","0","0","0","0","0","1","0","1","0","2","0","2","0","3","0","3","0","0","0","0","32","40","2","72","0","0","0","2"
"경기도교육청","경기도고양교육지원청","경기도 고양시 일산동구","S090006562","저현고등학교","04","공립","N","","1","0","0","1","1","0","0","1","0","0","0","0","3","9","0","12","9","46","8","55","0","0","0","0","0","1","0","1","0","0","0","0","0","0","0","0","0","1","0","1","0","0","0","0","2","11","0","13","0","0","0","0","16","68","8","84","0","0","0","8"
"경기도교육청","경기도화성오산교육지원청","","S090006577","동탄국제고등학교","04","공립","N","","1","0","0","1","1","0","0","1","0","0","0","0","4","9","0","13","13","34","3","47","0","0","0","0","1","0","0","1","0","0","0","0","0","0","0","0","0","1","0","1","0","0","0","0","0","9","0","9","0","0","0","0","20","53","3","73","0","0","0","3"
"경기도교육청","경기도고양교육지원청","경기도 고양시 덕양구","S090006624","고양동산고등학교","04","공립","N","","0","1","0","1","0","1","0","1","0","0","0","0","3","8","0","11","5","24","6","29","0","1","0","1","0","1","1","1","0","0","0","0","0","0","0","0","0","1","0","1","0","1","1","1","6","11","0","17","0","0","0","0","14","49","8","63","0","0","0","8"
"경기도교육청","경기도광명교육지원청","경기도 광명시","S090006645","광휘고등학교","04","공립","N","","1","0","0","1","0","1","0","1","0","0","0","0","7","12","0","19","6","33","8","39","0","2","0","2","0","1","0","1","0","0","0","0","0","0","0","0","0","1","0","1","0","1","0","1","2","10","0","12","0","0","0","0","16","61","8","77","0","0","0","8"
"경기도교육청","경기도화성오산교육지원청","경기도 화성시 병점구","S090006700","화성반월고등학교","04","공립","N","","1","0","0","1","1","0","0","1","0","0","0","0","6","5","0","11","8","28","5","36","0","1","0","1","0","1","0","1","0","0","0","0","0","0","0","0","0","1","0","1","0","1","0","1","3","17","0","20","0","0","0","0","19","54","5","73","0","0","0","5"
"경기도교육청","경기도화성오산교육지원청","경기도 오산시","S090006701","매홀고등학교","04","공립","N","","0","1","0","1","1","0","0","1","0","0","0","0","6","6","0","12","13","20","2","33","1","1","0","2","0","0","0","0","0","0","0","0","0","0","0","0","0","1","0","1","0","1","1","1","8","10","0","18","0","0","0","0","29","40","3","69","0","0","0","3"
"경기도교육청","경기도수원교육지원청","경기도 수원시 권선구","S090006702","수원칠보고등학교","04","공립","N","","1","0","0","1","0","1","0","1","0","0","0","0","7","5","0","12","10","33","8","43","0","3","0","3","0","0","0","0","0","1","0","1","0","0","0","0","0","1","0","1","0","1","0","1","7","5","0","12","0","0","0","0","25","50","8","75","0","0","0","8"
"경기도교육청","경기도수원교육지원청","경기도 수원시 권선구","S090006703","곡정고등학교","04","공립","N","","1","0","0","1","1","0","0","1","0","0","0","0","6","6","0","12","9","30","5","39","0","1","0","1","0","1","1","1","0","0","0","0","0","0","0","0","0","1","0","1","0","1","0","1","5","11","0","16","0","0","0","0","22","51","6","73","0","0","0","6"
"경기도교육청","경기도김포교육지원청","경기도 김포시","S090006717","운양고등학교","04","공립","N","","0","1","0","1","0","1","0","1","0","0","0","0","4","8","0","12","10","28","4","38","0","1","0","1","1","0","0","1","0","1","0","1","0","0","0","0","0","1","0","1","0","0","0","0","7","9","0","16","1","0","0","1","23","50","4","73","0","0","0","4"
"경기도교육청","경기도파주교육지원청","경기도 파주시","S090006763","한민고등학교","04","사립","N","","1","0","0","1","1","0","0","1","0","0","0","0","12","1","0","13","25","31","8","56","0","0","0","0","0","0","0","0","0","0","0","0","0","0","0","0","0","1","0","1","0","0","0","0","6","15","0","21","0","1","0","1","45","49","8","94","0","0","0","8"
"경기도교육청","경기도고양교육지원청","경기도 고양시 덕양구","S090006764","도래울고등학교","04","공립","N","","0","1","0","1","1","0","0","1","0","0","0","0","4","7","0","11","8","28","3","36","0","0","0","0","0","1","0","1","0","0","0","0","0","0","0","0","0","1","0","1","0","1","0","1","4","8","0","12","0","0","0","0","17","47","3","64","0","0","0","3"
"경기도교육청","경기도동두천양주교육지원청","경기도 양주시","S090006765","옥정고등학교","04","공립","N","","1","0","0","1","1","0","0","1","0","0","0","0","6","6","0","12","11","30","5","41","0","2","0","2","0","1","0","1","0","0","0","0","0","0","0","0","0","1","1","1","0","1","0","1","5","10","0","15","0","0","0","0","24","51","6","75","0","0","0","6"
"경기도교육청","경기도광주하남교육지원청","경기도 하남시","S090006810","미사고등학교","04","공립","N","","0","1","0","1","1","0","0","1","0","0","0","0","5","7","0","12","7","39","7","46","0","2","0","2","0","1","0","1","0","0","0","0","0","0","0","0","0","1","0","1","0","1","0","1","6","2","0","8","0","0","0","0","19","54","7","73","0","0","0","7"
"경기도교육청","경기도화성오산교육지원청","","S090006811","한백고등학교","04","공립","N","","1","0","0","1","0","1","0","1","0","0","0","0","5","6","0","11","11","32","6","43","0","1","0","1","0","0","0","0","1","0","0","1","0","0","0","0","0","1","1","1","0","1","0","1","8","8","0","16","0","0","0","0","26","50","7","76","0","0","0","7"
"경기도교육청","경기도화성오산교육지원청","경기도 화성시 동탄구","S090006812","동탄중앙고등학교","04","공립","N","","1","0","0","1","1","0","0","1","0","0","0","0","6","8","0","14","9","30","7","39","0","2","0","2","0","0","0","0","0","0","0","0","0","0","0","0","0","1","0","1","0","1","0","1","2","14","0","16","0","0","0","0","19","56","7","75","0","0","0","7"
"경기도교육청","경기도수원교육지원청","경기도 수원시 영통구","S090006813","이의고등학교","04","공립","N","","1","0","0","1","1","1","0","2","0","0","0","0","2","9","0","11","14","43","7","57","0","1","0","1","0","1","0","1","0","0","0","0","0","0","0","0","0","1","0","1","0","1","0","1","2","9","0","11","0","0","0","0","20","66","7","86","0","0","0","7"
"경기도교육청","경기도김포교육지원청","경기도 김포시","S090006814","김포제일고등학교","04","공립","N","","0","1","0","1","1","0","0","1","0","0","0","0","4","8","0","12","11","39","7","50","0","0","0","0","0","1","0","1","0","0","0","0","0","0","0","0","0","1","0","1","0","1","0","1","6","12","0","18","0","0","0","0","22","63","7","85","0","0","0","7"
"경기도교육청","경기도파주교육지원청","경기도 파주시","S090006903","지산고등학교","04","공립","N","","1","0","0","1","1","0","0","1","0","0","0","0","9","3","0","12","9","50","5","59","1","2","0","3","0","1","0","1","0","0","0","0","0","0","0","0","0","1","0","1","0","1","0","1","3","5","0","8","0","0","0","0","24","63","5","87","0","0","0","5"
"경기도교육청","경기도구리남양주교육지원청","경기도 남양주시","S090006905","별가람고등학교","04","공립","N","","0","1","0","1","1","0","0","1","0","0","0","0","4","8","0","12","6","35","4","41","2","3","0","5","0","1","0","1","0","1","0","1","0","0","0","0","0","1","0","1","0","1","0","1","5","10","0","15","0","0","0","0","18","61","4","79","0","0","0","4"
"경기도교육청","경기도구리남양주교육지원청","경기도 구리시","S090006906","갈매고등학교","04","공립","N","","1","0","0","1","0","1","0","1","0","0","0","0","1","11","0","12","6","29","2","35","0","1","0","1","0","1","1","1","0","0","0","0","0","0","0","0","0","1","0","1","0","1","0","1","3","11","0","14","0","0","0","0","11","56","3","67","0","0","0","3"
"경기도교육청","경기도파주교육지원청","경기도 파주시","S090006908","한빛고등학교","04","공립","N","","1","0","0","1","1","0","0","1","0","0","0","0","6","6","0","12","10","47","8","57","0","2","0","2","0","1","0","1","0","1","0","1","0","0","0","0","0","1","0","1","0","1","0","1","4","10","0","14","0","0","0","0","22","69","8","91","0","0","0","8"
"경기도교육청","경기도광주하남교육지원청","경기도 하남시","S090006919","미사강변고등학교","04","공립","N","","0","1","0","1","1","0","0","1","0","0","0","0","4","8","0","12","7","40","7","47","0","2","0","2","0","1","0","1","0","1","0","1","0","0","0","0","0","1","0","1","0","1","0","1","2","7","0","9","0","1","0","1","14","63","7","77","0","0","0","7"
"경기도교육청","경기도광주하남교육지원청","경기도 광주시","S090006920","태전고등학교","04","공립","N","","0","1","0","1","1","0","0","1","0","0","0","0","5","7","0","12","10","27","8","37","0","1","0","1","0","1","0","1","0","0","0","0","0","0","0","0","0","1","0","1","0","1","0","1","4","15","0","19","0","0","0","0","20","54","8","74","0","0","0","8"
"경기도교육청","경기도용인교육지원청","경기도 용인시 처인구","S090006921","용인삼계고등학교","04","공립","N","","1","0","0","1","1","0","0","1","0","0","0","0","5","7","0","12","11","25","2","36","0","1","0","1","0","0","0","0","0","0","0","0","0","0","0","0","0","1","0","1","0","1","0","1","2","6","0","8","0","0","0","0","20","41","2","61","0","0","0","2"
"경기도교육청","경기도용인교육지원청","경기도 용인시 처인구","S090006924","고림고등학교","04","공립","N","","1","0","0","1","1","0","0","1","0","0","0","0","5","6","0","11","8","45","7","53","0","2","0","2","0","1","1","1","0","0","0","0","0","0","0","0","0","0","0","0","0","1","0","1","6","11","0","17","0","0","0","0","21","66","8","87","0","0","0","8"
"경기도교육청","경기도시흥교육지원청","경기도 시흥시","S090006925","배곧고등학교","04","공립","N","","1","0","0","1","0","1","0","1","0","0","0","0","9","3","0","12","12","34","5","46","0","1","0","1","0","0","0","0","0","1","1","1","0","0","0","0","0","1","0","1","0","1","0","1","4","6","0","10","0","0","0","0","26","48","6","74","0","0","0","6"
"경기도교육청","경기도광주하남교육지원청","경기도 하남시","S090007014","위례고등학교","04","공립","N","","1","0","0","1","0","1","0","1","0","0","0","0","2","10","0","12","3","40","10","43","1","0","0","1","0","0","0","0","0","1","1","1","0","0","0","0","0","1","0","1","0","1","0","1","3","13","0","16","0","0","0","0","10","67","11","77","0","0","0","11"
"경기도교육청","경기도화성오산교육지원청","경기도 화성시 만세구","S090007015","하길고등학교","04","공립","N","","1","0","0","1","1","0","0","1","0","0","0","0","3","9","0","12","14","25","3","39","0","0","0","0","0","1","0","1","0","0","0","0","0","0","0","0","0","0","0","0","0","1","0","1","4","11","0","15","0","0","0","0","23","47","3","70","0","0","0","3"
"경기도교육청","경기도성남교육지원청","경기도 성남시 수정구","S090007016","위례한빛고등학교","04","공립","N","","0","1","0","1","0","1","0","1","0","0","0","0","3","10","0","13","7","48","7","55","1","2","0","3","0","1","0","1","0","1","0","1","0","0","0","0","0","1","0","1","0","1","0","1","3","10","0","13","1","1","0","2","15","77","7","92","0","0","0","7"
"경기도교육청","경기도화성오산교육지원청","경기도 화성시 동탄구","S090007130","이산고등학교","04","공립","N","","1","0","0","1","0","1","0","1","0","0","0","0","5","6","0","11","12","38","3","50","0","1","0","1","0","0","0","0","0","0","0","0","0","0","0","0","0","1","1","1","0","1","0","1","9","13","0","22","0","0","0","0","27","61","4","88","0","0","0","4"
"경기도교육청","경기도화성오산교육지원청","경기도 화성시 동탄구","S090007131","창의고등학교","04","공립","N","","1","0","0","1","1","0","0","1","0","0","0","0","6","5","0","11","13","37","5","50","0","0","0","0","0","0","0","0","0","0","0","0","0","0","0","0","0","1","0","1","0","1","0","1","6","13","0","19","0","0","0","0","27","57","5","84","0","0","0","5"
"경기도교육청","경기도화성오산교육지원청","","S090007243","정현고등학교","04","공립","N","","1","0","0","1","1","0","0","1","0","0","0","0","6","6","0","12","11","38","6","49","1","1","0","2","0","1","0","1","0","0","0","0","0","0","0","0","0","1","0","1","0","1","0","1","5","20","0","25","0","0","0","0","25","68","6","93","0","0","0","6"
"경기도교육청","경기도화성오산교육지원청","경기도 화성시 효행구","S090007278","와우고등학교","04","공립","N","","1","0","0","1","1","0","0","1","1","0","0","1","8","5","0","13","24","27","2","51","0","1","0","1","0","0","0","0","0","0","0","0","0","0","0","0","0","1","0","1","0","1","0","1","5","8","0","13","0","0","0","0","40","43","2","83","0","0","0","2"
"경기도교육청","경기도김포교육지원청","경기도 김포시","S090007314","고촌고등학교","04","공립","N","","0","1","0","1","1","0","0","1","0","0","0","0","3","10","0","13","11","28","3","39","0","1","0","1","0","1","0","1","0","0","0","0","0","0","0","0","0","1","0","1","0","1","0","1","2","14","0","16","0","0","0","0","17","57","3","74","0","0","0","3"
"경기도교육청","경기도화성오산교육지원청","경기도 화성시 만세구","S090007315","새솔고등학교","04","공립","N","","1","0","0","1","1","0","0","1","0","0","0","0","2","9","0","11","8","20","2","28","0","0","0","0","0","0","0","0","0","0","0","0","0","0","0","0","0","1","0","1","0","1","0","1","5","12","0","17","0","0","0","0","17","43","2","60","0","0","0","2"
"경기도교육청","경기도화성오산교육지원청","경기도 화성시 동탄구","S090007316","서연고등학교","04","공립","N","","1","0","0","1","1","0","0","1","0","0","0","0","6","6","0","12","12","33","4","45","0","0","0","0","0","1","0","1","0","0","0","0","0","0","0","0","0","1","0","1","0","1","0","1","5","17","0","22","0","0","0","0","25","59","4","84","0","0","0","4"
"경기도교육청","경기도구리남양주교육지원청","경기도 남양주시","S090007317","남양주다산고등학교","04","공립","N","","1","0","0","1","0","1","0","1","0","0","0","0","7","5","0","12","11","31","3","42","1","2","0","3","1","0","0","1","0","0","0","0","0","0","0","0","0","1","0","1","0","1","0","1","8","8","0","16","0","0","0","0","29","49","3","78","0","0","0","3"
"경기도교육청","경기도시흥교육지원청","경기도 시흥시","S090007318","목감고등학교","04","공립","N","","1","0","0","1","1","0","0","1","0","0","0","0","5","9","0","14","8","32","5","40","0","2","1","2","0","1","0","1","0","0","0","0","0","0","0","0","0","1","0","1","0","1","0","1","6","7","0","13","0","0","0","0","21","53","6","74","0","0","0","6"
"경기도교육청","경기도광주하남교육지원청","경기도 하남시","S090007408","감일고등학교","04","공립","N","","1","0","0","1","0","1","0","1","0","0","0","0","2","10","0","12","7","37","4","44","0","1","0","1","0","0","0","0","0","1","0","1","0","0","0","0","0","1","0","1","0","1","0","1","1","8","0","9","0","0","0","0","11","60","4","71","0","0","0","4"
"경기도교육청","경기도동두천양주교육지원청","경기도 양주시","S090007409","옥빛고등학교","04","공립","N","","1","0","0","1","1","0","0","1","0","0","0","0","5","7","0","12","17","29","3","46","0","2","0","2","0","0","0","0","0","1","0","1","0","0","0","0","0","1","0","1","0","1","0","1","9","6","0","15","0","0","0","0","33","47","3","80","0","0","0","3"
"경기도교육청","경기도용인교육지원청","경기도 용인시 처인구","S090007439","처인고등학교","04","공립","N","","0","1","0","1","1","0","0","1","0","0","0","0","2","10","0","12","12","20","1","32","1","0","0","1","0","0","0","0","0","0","0","0","0","0","0","0","0","1","0","1","0","1","0","1","3","7","0","10","1","0","0","1","20","40","1","60","0","0","0","1"
"경기도교육청","경기도고양교육지원청","경기도 고양시 덕양구","S090007444","신원고등학교","04","공립","N","","0","1","0","1","0","1","0","1","0","0","0","0","6","6","0","12","12","26","6","38","0","1","0","1","0","0","0","0","0","0","0","0","0","0","0","0","0","1","0","1","0","1","0","1","10","8","0","18","0","0","0","0","28","45","6","73","0","0","0","6"
"경기도교육청","경기도고양교육지원청","경기도 고양시 덕양구","S090007445","향동고등학교","04","공립","N","","1","0","0","1","0","1","0","1","0","0","0","0","4","8","0","12","6","29","2","35","0","1","0","1","0","0","0","0","0","0","0","0","0","0","0","0","0","1","0","1","0","1","0","1","3","9","0","12","0","0","0","0","14","50","2","64","0","0","0","2"
"경기도교육청","경기도화성오산교육지원청","경기도 화성시 동탄구","S090007568","이솔고등학교","04","공립","N","","1","0","0","1","1","0","0","1","0","0","0","0","5","7","0","12","17","37","7","54","0","0","0","0","0","0","0","0","0","0","0","0","0","0","0","0","0","1","0","1","0","1","1","1","6","13","0","19","0","0","0","0","30","59","8","89","0","0","0","8"
"경기도교육청","경기도파주교육지원청","경기도 파주시","S090007625","심학고등학교","04","공립","N","","1","0","0","1","0","1","0","1","0","1","0","1","5","7","0","12","8","23","1","31","0","1","0","1","0","0","0","0","0","0","0","0","0","0","0","0","0","1","0","1","0","1","0","1","1","7","0","8","0","0","0","0","15","42","1","57","0","0","0","1"
"경기도교육청","경기도화성오산교육지원청","","S090007863","치동고등학교","04","공립","N","","0","1","0","1","0","1","0","1","0","1","0","1","6","6","0","12","13","21","1","34","0","0","0","0","0","0","0","0","0","1","0","1","0","0","0","0","0","1","0","1","0","1","0","1","6","6","0","12","0","0","0","0","25","39","1","64","0","0","0","1"
"경기도교육청","경기도김포교육지원청","경기도 김포시","S090007869","운유고등학교","04","공립","N","","0","1","0","1","0","1","0","1","1","0","0","1","5","6","0","11","7","21","1","28","0","1","1","1","0","0","0","0","0","0","0","0","0","0","0","0","0","1","0","1","0","1","0","1","5","11","0","16","1","0","0","1","19","43","2","62","0","0","0","2"
"경기도교육청","경기도화성오산교육지원청","경기도 화성시 효행구","S090007907","화담고등학교","04","공립","N","","1","0","0","1","0","1","0","1","0","0","0","0","3","5","0","8","5","9","0","14","0","1","0","1","0","0","0","0","0","0","0","0","0","0","0","0","0","1","1","1","0","1","0","1","0","2","0","2","0","0","0","0","9","20","1","29","0","0","0","1"
"경기도교육청","경기도화성오산교육지원청","경기도 화성시 동탄구","S090007916","신동고등학교","04","공립","N","","0","1","0","1","1","0","0","1","0","0","0","0","3","2","0","5","2","8","1","10","0","1","1","1","0","0","0","0","0","0","0","0","0","0","0","0","0","0","0","0","0","1","0","1","0","3","0","3","0","0","0","0","6","16","2","22","0","0","0","2"
"경기도교육청","경기도김포교육지원청","경기도 김포시","S090007922","김포호수고등학교","04","공립","N","","1","0","0","1","0","1","0","1","0","1","0","1","5","4","0","9","6","7","4","13","0","1","0","1","0","0","0","0","0","0","0","0","0","0","0","0","0","1","0","1","0","1","0","1","2","5","0","7","0","0","0","0","14","21","4","35","0","0","0","4"
"경기도교육청","경기도군포의왕교육지원청","경기도 의왕시","S090008026","내손고등학교","04","공립","N","","1","0","0","1","0","0","0","0","0","0","0","0","0","1","0","1","1","2","0","3","0","0","0","0","0","0","0","0","0","0","0","0","0","0","0","0","0","0","0","0","0","0","0","0","0","1","0","1","0","0","0","0","2","4","0","6","0","0","0","0"
"경기도교육청","경기도수원교육지원청","경기도 수원시 영통구","S090008033","중앙기독고등학교","04","사립","N","","0","0","0","0","0","0","0","0","0","0","0","0","2","1","0","3","2","0","0","2","0","0","0","0","0","0","0","0","0","0","0","0","0","0","0","0","0","0","0","0","0","0","0","0","0","2","0","2","0","0","0","0","4","3","0","7","0","0","0","0"