"시도교육청","교육지원청","지역","정보공시 학교코드","학교명","학교급코드","설립구분","제외여부","제외사유","교장(남)","교장(여)","교장(휴직교원)","교장(계)","교감(남)","교감(여)","교감(휴직교원)","교감(계)","수석교사(남)","수석교사(여)","수석교사(휴직교원)","수석교사(계)","보직교사(남)","보직교사(여)","보직교사(휴직교원)","보직교사(계)","일반교사(남)","일반교사(여)","일반교사(휴직교원)","일반교사(계)","특수교사(남)","특수교사(여)","특수교사(휴직교원)","특수교사(계)","전문상담교사(남)","전문상담교사(여)","전문상담교사(휴직교원)","전문상담교사(계)","사서교사(남)","사서교사(여)","사서교사(휴직교원)","사서교사(계)","실기교사(남)","실기교사(여)","실기교사(휴직교원)","실기교사(계)","보건교사(남)","보건교사(여)","보건교사(휴직교원)","보건교사(계)","영양교사(남)","영양교사(여)","영양교사(휴직교원)","영양교사(계)","기간제교사(남)","기간제교사(여)","기간제교사(휴직교원)","기간제교사(계)","강사(남)","강사(여)","강사(휴직교원)","강사(계)","총계(남)","총계(여)","총계(휴직교원)","총계(계)","원어민강사(남)","원어민강사(여)","원어민강사(계)","휴직교원수"
"경기도교육청","경기도가평교육지원청","경기도 가평군","S090000881","가평마장초등학교","02","공립","N","","0","1","0","1","1","0","0","1","0","0","0","0","1","2","0","3","1","4","1","5","0","1","0","1","0","0","0","0","0","0","0","0","0","0","0","0","0","0","0","0","0","0","0","0","0","1","0","1","0","0","0","0","3","9","1","12","0","0","0","1"
"경기도교육청","경기도가평교육지원청","경기도 가평군","S090000882","가평초등학교","02","공립","N","","1","0","0","1","1","0","0","1","0","1","0","1","1","9","0","10","5","20","4","25","1","1","0","2","0","1","0","1","0","1","1","1","0","0","0","0","0","1","0","1","0","1","0","1","2","3","0","5","0","0","0","0","11","38","5","49","0","0","0","5"
"경기도교육청","경기도가평교육지원청","경기도 가평군","S090000885","대성초등학교","02","공립","N","","0","1","0","1","1","0","0","1","0","0","0","0","1","2","0","3","2","3","1","5","0","1","1","1","0","0","0","0","0","0","0","0","0","0","0","0","0","1","0","1","0","0","0","0","0","1","0","1","0","0","0","0","4","9","2","13","0","0","0","2"
"경기도교육청","경기도가평교육지원청","경기도 가평군","S090000890","목동초등학교","02","공립","N","","0","0","0","0","1","0","0","1","0","0","0","0","1","2","0","3","1","3","0","4","0","1","0","1","0","0","0","0","0","0","0","0","0","0","0","0","0","0","0","0","0","1","0","1","0","1","0","1","0","0","0","0","3","8","0","11","0","0","0","0"
"경기도교육청","경기도가평교육지원청","경기도 가평군","S090000892","목동초등학교명지분교장","02","공립","N","","0","0","0","0","0","0","0","0","0","0","0","0","0","0","0","0","1","0","0","1","0","0","0","0","0","0","0","0","0","0","0","0","0","0","0","0","0","0","0","0","0","0","0","0","0","0","0","0","0","0","0","0","1","0","0","1","0","0","0","0"
"경기도교육청","경기도가평교육지원청","경기도 가평군","S090000895","미원초등학교","02","공립","N","","0","1","0","1","0","1","0","1","0","0","0","0","1","4","0","5","5","7","1","12","0","1","0","1","0","0","0","0","0","0","0","0","0","0","0","0","0","1","0","1","0","1","0","1","1","1","0","2","0","0","0","0","7","17","1","24","0","0","0","1"
"경기도교육청","경기도가평교육지원청","경기도 가평군","S090000899","미원초등학교위곡분교장","02","공립","N","","0","0","0","0","0","0","0","0","0","0","0","0","2","1","0","3","0","3","0","3","1","0","0","1","0","0","0","0","0","0","0","0","0","0","0","0","0","0","0","0","0","0","0","0","0","0","0","0","0","0","0","0","3","4","0","7","0","0","0","0"
"경기도교육청","경기도가평교육지원청","경기도 가평군","S090000900","미원초등학교장락분교장","02","공립","N","","0","0","0","0","0","0","0","0","0","0","0","0","0","0","0","0","2","3","0","5","0","0","0","0","0","0","0","0","0","0","0","0","0","0","0","0","0","0","0","0","0","0","0","0","0","0","0","0","0","0","0","0","2","3","0","5","0","0","0","0"
"경기도교육청","경기도가평교육지원청","경기도 가평군","S090000901","방일초등학교","02","공립","N","","0","1","0","1","1","0","0","1","0","0","0","0","1","2","0","3","2","2","0","4","0","1","0","1","0","0","0","0","0","1","0","1","0","0","0","0","0","0","0","0","0","0","0","0","0","1","0","1","0","0","0","0","4","8","0","12","0","0","0","0"
"경기도교육청","경기도가평교육지원청","경기도 가평군","S090000905","상면초등학교","02","공립","N","","1","0","0","1","1","0","0","1","0","0","0","0","0","3","0","3","2","3","1","5","0","0","0","0","0","0","0","0","0","0","0","0","0","0","0","0","0","0","0","0","0","0","0","0","0","1","0","1","0","0","0","0","4","7","1","11","0","0","0","1"
"경기도교육청","경기도가평교육지원청","경기도 가평군","S090000906","상색초등학교","02","공립","N","","0","1","0","1","1","0","0","1","0","0","0","0","1","2","0","3","0","4","0","4","0","1","0","1","0","0","0","0","0","0","0","0","0","0","0","0","0","0","0","0","0","0","0","0","0","2","0","2","0","0","0","0","2","10","0","12","0","0","0","0"
"경기도교육청","경기도가평교육지원청","경기도 가평군","S090000908","상천초등학교","02","공립","N","","0","1","0","1","1","0","0","1","0","0","0","0","1","2","0","3","1","3","0","4","0","0","0","0","0","0","0","0","0","0","0","0","0","0","0","0","0","0","0","0","0","0","0","0","0","3","0","3","0","0","0","0","3","9","0","12","0","0","0","0"
"경기도교육청","경기도가평교육지원청","경기도 가평군","S090000910","연하초등학교","02","공립","N","","0","1","0","1","1","0","0","1","0","0","0","0","1","2","0","3","0","4","0","4","0","1","0","1","0","0","0","0","0","0","0","0","0","0","0","0","0","1","0","1","0","0","0","0","1","0","0","1","0","0","0","0","3","9","0","12","0","0","0","0"
"경기도교육청","경기도가평교육지원청","경기도 가평군","S090000914","율길초등학교","02","공립","N","","0","1","0","1","0","1","0","1","0","0","0","0","2","1","0","3","0","4","0","4","0","0","0","0","0","0","0","0","0","0","0","0","0","0","0","0","0","0","0","0","0","0","0","0","0","2","0","2","0","0","0","0","2","9","0","11","0","0","0","0"
"경기도교육청","경기도가평교육지원청","경기도 가평군","S090000916","조종초등학교","02","공립","N","","1","0","0","1","1","0","0","1","0","0","0","0","2","3","0","5","3","8","1","11","0","1","0","1","0","0","0","0","0","0","0","0","0","0","0","0","0","1","0","1","0","1","0","1","2","2","0","4","0","0","0","0","9","16","1","25","0","0","0","1"
"경기도교육청","경기도가평교육지원청","경기도 가평군","S090000920","청평초등학교","02","공립","N","","0","1","0","1","1","0","0","1","0","0","0","0","3","2","0","5","1","11","2","12","0","2","0","2","0","0","0","0","0","0","0","0","0","0","0","0","0","1","0","1","0","1","0","1","2","1","0","3","0","0","0","0","7","19","2","26","0","0","0","2"
"경기도교육청","경기도고양교육지원청","경기도 고양시 덕양구","S090000974","가람초등학교","02","공립","N","","1","0","0","1","0","1","0","1","0","0","0","0","0","5","0","5","0","17","5","17","0","1","0","1","1","0","0","1","0","0","0","0","0","0","0","0","0","1","0","1","0","1","0","1","0","4","0","4","0","0","0","0","2","30","5","32","0","0","0","5"
"경기도교육청","경기도고양교육지원청","경기도 고양시 일산서구","S090000975","강선초등학교","02","공립","N","","1","0","0","1","1","0","0","1","0","1","0","1","3","6","0","9","2","16","2","18","0","1","0","1","0","0","0","0","0","0","0","0","0","0","0","0","0","1","0","1","0","1","0","1","0","2","0","2","0","0","0","0","7","28","2","35","0","0","0","2"
"경기도교육청","경기도고양교육지원청","경기도 고양시 일산동구","S090000976","고봉초등학교","02","공립","N","","0","1","0","1","1","0","0","1","0","0","0","0","2","3","0","5","3","10","1","13","0","0","0","0","0","0","0","0","0","1","0","1","0","0","0","0","0","1","0","1","0","1","0","1","1","2","0","3","0","0","0","0","7","19","1","26","0","0","0","1"
"경기도교육청","경기도고양교육지원청","경기도 고양시 일산동구","S090000977","고양백석초등학교","02","공립","N","","0","1","0","1","0","1","0","1","0","0","0","0","3","3","0","6","0","17","0","17","0","0","0","0","0","0","0","0","0","0","0","0","0","0","0","0","0","1","0","1","0","1","0","1","0","3","0","3","0","0","0","0","3","27","0","30","0","0","0","0"
"경기도교육청","경기도고양교육지원청","경기도 고양시 일산서구","S090000978","고양신일초등학교","02","공립","N","","1","0","0","1","1","0","0","1","0","0","0","0","2","8","0","10","3","26","1","29","0","0","0","0","0","0","0","0","0","0","0","0","0","0","0","0","0","1","0","1","0","1","1","1","3","4","0","7","0","0","0","0","10","40","2","50","0","0","0","2"
"경기도교육청","경기도고양교육지원청","경기도 고양시 덕양구","S090000979","고양용현초등학교","02","공립","N","","1","0","0","1","0","1","0","1","0","0","0","0","2","3","0","5","2","9","1","11","0","1","0","1","0","0","0","0","0","0","0","0","0","0","0","0","0","1","0","1","0","1","0","1","1","1","0","2","0","0","0","0","6","17","1","23","0","0","0","1"
"경기도교육청","경기도고양교육지원청","경기도 고양시 덕양구","S090000980","고양초등학교","02","공립","N","","0","1","0","1","0","1","0","1","0","0","0","0","1","4","0","5","3","9","0","12","0","2","1","2","0","1","1","1","0","0","0","0","0","0","0","0","0","1","0","1","0","1","0","1","0","4","0","4","0","0","0","0","4","24","2","28","0","0","0","2"
"경기도교육청","경기도고양교육지원청","경기도 고양시 덕양구","S090000981","고양화수초등학교","02","공립","N","","0","1","0","1","1","0","0","1","0","0","0","0","4","3","0","7","1","16","2","17","0","1","0","1","0","1","0","1","0","0","0","0","0","0","0","0","0","1","0","1","0","1","0","1","1","1","0","2","0","0","0","0","7","25","2","32","0","0","0","2"
"경기도교육청","경기도고양교육지원청","경기도 고양시 덕양구","S090000982","고양화정초등학교","02","공립","N","","0","1","0","1","1","0","0","1","0","0","0","0","3","10","0","13","3","33","5","36","0","0","0","0","0","0","0","0","0","0","0","0","0","0","0","0","0","1","0","1","0","1","0","1","1","5","0","6","0","0","0","0","8","51","5","59","0","0","0","5"
"경기도교육청","경기도고양교육지원청","경기도 고양시 일산동구","S090000983","금계초등학교","02","공립","N","","0","1","0","1","0","1","0","1","0","0","0","0","2","6","0","8","1","16","2","17","0","1","0","1","0","0","0","0","0","0","0","0","0","0","0","0","0","1","0","1","0","0","0","0","2","5","0","7","0","0","0","0","5","31","2","36","0","0","0","2"
"경기도교육청","경기도고양교육지원청","경기도 고양시 일산동구","S090000984","낙민초등학교","02","공립","N","","0","1","0","1","1","0","0","1","0","0","0","0","3","6","0","9","2","20","1","22","0","1","1","1","0","0","0","0","0","0","0","0","0","0","0","0","0","1","0","1","0","1","0","1","0","3","0","3","0","0","0","0","6","33","2","39","0","0","0","2"
"경기도교육청","경기도고양교육지원청","경기도 고양시 덕양구","S090000985","내유초등학교","02","공립","N","","1","0","0","1","1","0","0","1","0","0","0","0","1","7","0","8","5","24","5","29","0","3","1","3","0","1","0","1","0","0","0","0","0","0","0","0","0","1","1","1","0","1","0","1","1","4","0","5","0","0","0","0","9","41","7","50","0","0","0","7"
"경기도교육청","경기도고양교육지원청","경기도 고양시 일산동구","S090000986","냉천초등학교","02","공립","N","","0","1","0","1","1","0","0","1","0","0","0","0","1","4","0","5","3","10","0","13","0","1","0","1","0","0","0","0","0","1","0","1","0","0","0","0","0","1","0","1","0","1","0","1","1","1","0","2","0","0","0","0","6","20","0","26","0","0","0","0"
"경기도교육청","경기도고양교육지원청","경기도 고양시 덕양구","S090000987","능곡초등학교","02","공립","N","","0","1","0","1","1","0","0","1","0","0","0","0","3","7","0","10","0","23","2","23","0","1","0","1","0","1","0","1","0","0","0","0","0","0","0","0","0","1","0","1","0","1","0","1","0","3","0","3","0","1","0","1","4","39","2","43","0","0","0","2"
"경기도교육청","경기도고양교육지원청","경기도 고양시 덕양구","S090000988","대곡초등학교","02","공립","N","","0","1","0","1","1","0","0","1","0","0","0","0","2","1","0","3","1","4","1","5","0","1","0","1","0","0","0","0","0","1","0","1","0","0","0","0","0","0","0","0","0","0","0","0","0","2","0","2","0","0","0","0","4","10","1","14","0","0","0","1"
"경기도교육청","경기도고양교육지원청","경기도 고양시 일산서구","S090000989","대화초등학교","02","공립","N","","0","1","0","1","1","0","0","1","0","0","0","0","1","4","0","5","3","12","0","15","0","0","0","0","0","0","0","0","0","0","0","0","0","0","0","0","0","1","0","1","0","1","0","1","1","2","0","3","0","0","0","0","6","21","0","27","0","0","0","0"
"경기도교육청","경기도고양교육지원청","경기도 고양시 덕양구","S090000990","덕은초등학교","02","공립","N","","0","1","0","1","0","1","0","1","0","0","0","0","1","4","0","5","1","7","0","8","0","1","0","1","0","0","0","0","0","0","0","0","0","0","0","0","0","1","0","1","0","1","0","1","0","4","0","4","0","0","0","0","2","20","0","22","0","0","0","0"
"경기도교육청","경기도고양교육지원청","경기도 고양시 일산서구","S090000991","덕이초등학교","02","공립","N","","0","1","0","1","1","0","0","1","0","0","0","0","2","3","0","5","4","5","1","9","0","1","0","1","0","0","0","0","0","0","0","0","0","0","0","0","0","1","0","1","0","0","0","0","1","2","0","3","0","0","0","0","8","13","1","21","0","0","0","1"
"경기도교육청","경기도고양교육지원청","경기도 고양시 덕양구","S090000992","무원초등학교","02","공립","N","","0","1","0","1","1","0","0","1","0","0","0","0","1","8","0","9","0","22","1","22","0","1","0","1","0","1","1","1","0","0","0","0","0","0","0","0","0","1","0","1","0","1","0","1","0","2","0","2","0","0","0","0","2","37","2","39","0","0","0","2"
"경기도교육청","경기도고양교육지원청","경기도 고양시 일산서구","S090000993","문촌초등학교","02","공립","N","","0","1","0","1","1","0","0","1","0","0","0","0","1","5","0","6","4","6","3","10","0","1","0","1","0","1","0","1","0","0","0","0","0","0","0","0","0","1","0","1","0","1","0","1","0","5","0","5","0","1","0","1","6","22","3","28","0","0","0","3"
"경기도교육청","경기도고양교육지원청","경기도 고양시 일산서구","S090000994","문화초등학교","02","공립","N","","0","1","0","1","0","1","0","1","0","0","0","0","1","8","0","9","3","15","1","18","0","1","0","1","0","0","0","0","0","0","0","0","0","0","0","0","0","1","0","1","0","1","0","1","2","4","0","6","0","0","0","0","6","32","1","38","0","0","0","1"
"경기도교육청","경기도고양교육지원청","경기도 고양시 일산동구","S090000995","백마초등학교","02","공립","N","","1","0","0","1","1","0","0","1","0","0","0","0","1","5","0","6","0","19","3","19","0","1","0","1","0","1","0","1","0","0","0","0","0","0","0","0","0","1","0","1","0","1","0","1","1","4","0","5","0","0","0","0","4","32","3","36","0","0","0","3"
"경기도교육청","경기도고양교육지원청","경기도 고양시 일산동구","S090000998","백신초등학교","02","공립","N","","0","1","0","1","0","1","0","1","0","0","0","0","1","6","0","7","1","12","1","13","0","1","0","1","0","1","0","1","0","0","0","0","0","0","0","0","0","1","0","1","0","1","0","1","1","1","0","2","0","0","0","0","3","25","1","28","0","0","0","1"
"경기도교육청","경기도고양교육지원청","경기도 고양시 덕양구","S090000999","백양초등학교","02","공립","N","","1","0","0","1","0","1","0","1","0","0","0","0","1","2","0","3","0","9","1","9","0","1","0","1","0","0","0","0","0","0","0","0","0","0","0","0","0","1","0","1","0","1","0","1","0","0","0","0","0","0","0","0","2","15","1","17","0","0","0","1"
"경기도교육청","경기도고양교육지원청","경기도 고양시 일산동구","S090001000","벽제초등학교","02","공립","N","","0","1","0","1","1","0","0","1","0","0","0","0","3","2","0","5","1","10","1","11","0","1","0","1","0","0","0","0","0","0","0","0","0","0","0","0","0","1","0","1","0","1","0","1","0","3","0","3","0","0","0","0","5","19","1","24","0","0","0","1"
"경기도교육청","경기도고양교육지원청","경기도 고양시 덕양구","S090001001","삼송초등학교","02","공립","N","","1","0","0","1","0","1","0","1","0","0","0","0","4","6","0","10","5","25","6","30","0","1","0","1","0","1","0","1","0","0","0","0","0","0","0","0","1","0","0","1","0","1","0","1","1","4","0","5","0","0","0","0","12","39","6","51","0","0","0","6"
"경기도교육청","경기도고양교육지원청","경기도 고양시 일산서구","S090001002","상탄초등학교","02","공립","N","","1","0","0","1","1","0","0","1","0","0","0","0","4","6","0","10","3","29","7","32","0","1","1","1","0","0","0","0","0","0","0","0","0","0","0","0","0","1","0","1","0","1","0","1","0","5","0","5","0","0","0","0","9","43","8","52","0","0","0","8"
"경기도교육청","경기도고양교육지원청","경기도 고양시 덕양구","S090001003","성라초등학교","02","공립","N","","1","0","0","1","1","0","0","1","0","0","0","0","3","2","0","5","1","16","5","17","0","1","0","1","1","0","0","1","0","0","0","0","0","0","0","0","0","1","0","1","0","1","0","1","2","4","0","6","0","0","0","0","9","25","5","34","0","0","0","5"
"경기도교육청","경기도고양교육지원청","경기도 고양시 덕양구","S090001004","성사초등학교","02","공립","N","","1","0","0","1","0","1","0","1","0","0","0","0","3","8","0","11","2","23","6","25","0","3","1","3","0","0","0","0","0","0","0","0","0","0","0","0","0","1","1","1","0","1","0","1","1","8","0","9","0","0","0","0","7","45","8","52","0","0","0","8"
"경기도교육청","경기도고양교육지원청","경기도 고양시 일산동구","S090001005","성석초등학교","02","공립","N","","1","0","0","1","1","0","0","1","0","0","0","0","1","2","0","3","2","3","1","5","0","1","0","1","0","0","0","0","0","0","0","0","0","0","0","0","0","0","0","0","0","0","0","0","0","3","0","3","0","0","0","0","5","9","1","14","0","0","0","1"
"경기도교육청","경기도고양교육지원청","경기도 고양시 덕양구","S090001006","성신초등학교","02","공립","N","","1","0","0","1","1","0","0","1","0","0","0","0","4","5","0","9","2","10","2","12","0","1","0","1","0","0","0","0","0","0","0","0","0","0","0","0","0","1","0","1","0","1","0","1","0","4","0","4","0","0","0","0","8","22","2","30","0","0","0","2"
"경기도교육청","경기도고양교육지원청","경기도 고양시 일산서구","S090001007","성저초등학교","02","공립","N","","0","1","0","1","1","0","0","1","0","0","0","0","2","3","0","5","1","11","0","12","0","1","1","1","0","0","0","0","0","0","0","0","0","0","0","0","0","1","0","1","0","1","0","1","0","2","0","2","0","0","0","0","4","20","1","24","0","0","0","1"
"경기도교육청","경기도고양교육지원청","경기도 고양시 덕양구","S090001008","소만초등학교","02","공립","N","","1","0","0","1","1","0","0","1","0","0","0","0","2","3","0","5","1","10","2","11","0","1","0","1","0","0","0","0","0","1","0","1","0","0","0","0","0","1","0","1","0","1","0","1","0","2","0","2","0","0","0","0","5","19","2","24","0","0","0","2"
"경기도교육청","경기도고양교육지원청","경기도 고양시 일산서구","S090001009","송포초등학교","02","공립","N","","1","0","0","1","0","1","0","1","0","0","0","0","3","2","0","5","1","13","1","14","0","0","0","0","0","0","0","0","0","0","0","0","0","0","0","0","0","1","0","1","0","0","0","0","0","6","0","6","0","0","0","0","5","23","1","28","0","0","0","1"
"경기도교육청","경기도고양교육지원청","경기도 고양시 일산동구","S090001010","일산은행초등학교","02","공립","N","","0","1","0","1","1","0","0","1","0","0","0","0","2","3","0","5","0","10","0","10","0","1","0","1","0","0","0","0","0","0","0","0","0","0","0","0","0","1","0","1","0","0","0","0","0","3","0","3","0","0","0","0","3","19","0","22","0","0","0","0"
"경기도교육청","경기도고양교육지원청","경기도 고양시 덕양구","S090001011","신능초등학교","02","공립","N","","0","1","0","1","1","0","0","1","0","0","0","0","1","2","0","3","1","10","2","11","0","1","0","1","0","0","0","0","0","0","0","0","0","0","0","0","0","1","0","1","0","1","0","1","0","2","0","2","0","0","0","0","3","18","2","21","0","0","0","2"
"경기도교육청","경기도고양교육지원청","경기도 고양시 덕양구","S090001012","신원초등학교","02","공립","N","","0","1","0","1","0","2","0","2","0","0","0","0","1","11","0","12","5","43","8","48","0","0","0","0","0","1","0","1","1","0","0","1","0","0","0","0","0","1","0","1","0","0","0","0","1","10","0","11","0","0","0","0","8","69","8","77","0","0","0","8"
"경기도교육청","경기도고양교육지원청","경기도 고양시 일산서구","S090001014","신촌초등학교","02","공립","N","","0","1","0","1","1","0","0","1","0","0","0","0","1","6","0","7","3","14","4","17","0","1","0","1","0","0","0","0","0","1","0","1","0","0","0","0","0","1","0","1","0","1","0","1","2","3","0","5","0","0","0","0","7","28","4","35","0","0","0","4"
"경기도교육청","경기도고양교육지원청","경기도 고양시 일산동구","S090001015","안곡초등학교","02","공립","N","","0","1","0","1","1","0","0","1","0","0","0","0","4","1","0","5","2","13","0","15","0","0","0","0","0","0","0","0","0","0","0","0","0","0","0","0","0","1","0","1","0","0","0","0","2","2","0","4","0","0","0","0","9","18","0","27","0","0","0","0"
"경기도교육청","경기도고양교육지원청","경기도 고양시 일산서구","S090001016","오마초등학교","02","공립","N","","0","1","0","1","1","1","0","2","0","1","0","1","2","10","0","12","3","43","3","46","0","1","0","1","0","1","0","1","0","1","0","1","0","0","0","0","0","1","0","1","0","1","0","1","2","4","0","6","0","0","0","0","8","65","3","73","0","0","0","3"
"경기도교육청","경기도고양교육지원청","경기도 고양시 덕양구","S090001017","용두초등학교","02","공립","N","","0","1","0","1","1","0","0","1","0","0","0","0","2","1","0","3","0","5","1","5","1","0","0","1","0","0","0","0","0","0","0","0","0","0","0","0","0","0","0","0","0","0","0","0","0","2","0","2","0","0","0","0","4","9","1","13","0","0","0","1"
"경기도교육청","경기도고양교육지원청","경기도 고양시 덕양구","S090001018","용정초등학교","02","공립","N","","0","1","0","1","1","0","0","1","0","0","0","0","0","3","0","3","1","4","1","5","0","5","0","5","0","0","0","0","0","0","0","0","0","0","0","0","0","1","0","1","0","1","0","1","2","1","0","3","0","0","0","0","4","16","1","20","0","0","0","1"
"경기도교육청","경기도고양교육지원청","경기도 고양시 덕양구","S090001019","원당초등학교","02","공립","N","","0","1","0","1","1","0","0","1","0","0","0","0","2","3","0","5","2","12","2","14","0","1","1","1","0","1","0","1","0","0","0","0","0","0","0","0","0","1","0","1","0","1","0","1","0","4","0","4","0","0","0","0","5","24","3","29","0","0","0","3"
"경기도교육청","경기도고양교육지원청","경기도 고양시 일산동구","S090001020","원중초등학교","02","공립","N","","0","1","0","1","1","1","0","2","0","0","0","0","1","11","0","12","4","54","5","58","0","1","0","1","0","1","0","1","0","1","0","1","0","0","0","0","0","1","0","1","0","0","0","0","1","4","0","5","0","0","0","0","7","75","5","82","0","0","0","5"
"경기도교육청","경기도고양교육지원청","경기도 고양시 일산동구","S090001021","율동초등학교","02","공립","N","","0","1","0","1","1","0","0","1","0","0","0","0","2","3","0","5","0","10","0","10","0","0","0","0","0","0","0","0","0","0","0","0","0","0","0","0","0","1","0","1","0","0","0","0","0","3","0","3","0","0","0","0","3","18","0","21","0","0","0","0"
"경기도교육청","경기도고양교육지원청","경기도 고양시 일산서구","S090001023","일산초등학교","02","공립","N","","1","0","0","1","1","0","0","1","0","0","0","0","4","3","0","7","0","13","1","13","1","2","0","3","0","1","0","1","0","0","0","0","0","0","0","0","0","1","0","1","0","1","0","1","0","3","0","3","0","0","0","0","7","24","1","31","0","0","0","1"
"경기도교육청","경기도고양교육지원청","경기도 고양시 일산서구","S090001024","장성초등학교","02","공립","N","","0","1","0","1","1","0","0","1","0","0","0","0","2","2","0","4","0","13","0","13","0","1","0","1","0","0","0","0","0","0","0","0","0","0","0","0","0","1","0","1","0","1","0","1","0","2","0","2","0","0","0","0","3","21","0","24","0","0","0","0"
"경기도교육청","경기도고양교육지원청","경기도 고양시 일산서구","S090001025","장촌초등학교","02","공립","N","","1","0","0","1","0","1","0","1","0","0","0","0","2","3","0","5","1","11","2","12","0","0","0","0","0","0","0","0","0","0","0","0","0","0","0","0","0","1","0","1","0","0","0","0","0","1","0","1","0","0","0","0","4","17","2","21","0","0","0","2"
"경기도교육청","경기도고양교육지원청","경기도 고양시 일산동구","S090001026","저동초등학교","02","공립","N","","0","1","0","1","1","0","0","1","0","0","0","0","3","2","0","5","1","13","2","14","0","0","0","0","0","1","0","1","0","0","0","0","0","0","0","0","0","1","0","1","0","1","0","1","0","1","0","1","0","0","0","0","5","20","2","25","0","0","0","2"
"경기도교육청","경기도고양교육지원청","경기도 고양시 일산동구","S090001027","정발초등학교","02","공립","N","","0","1","0","1","1","0","0","1","0","0","0","0","1","11","0","12","5","28","3","33","0","0","0","0","0","0","0","0","0","0","0","0","0","0","0","0","0","1","0","1","0","1","0","1","0","6","0","6","0","0","0","0","7","48","3","55","0","0","0","3"
"경기도교육청","경기도고양교육지원청","경기도 고양시 일산서구","S090001028","주엽초등학교","02","공립","N","","1","0","0","1","1","0","0","1","0","0","0","0","0","7","0","7","2","8","0","10","0","1","0","1","0","0","0","0","0","0","0","0","0","0","0","0","0","1","0","1","0","1","0","1","0","3","0","3","0","0","0","0","4","21","0","25","0","0","0","0"
"경기도교육청","경기도고양교육지원청","경기도 고양시 일산동구","S090001029","중산초등학교","02","공립","N","","1","0","0","1","1","0","0","1","0","0","0","0","1","4","0","5","1","14","3","15","0","1","0","1","0","0","0","0","0","0","0","0","0","0","0","0","0","1","0","1","0","1","0","1","1","4","0","5","0","0","0","0","5","25","3","30","0","0","0","3"
"경기도교육청","경기도고양교육지원청","경기도 고양시 덕양구","S090001030","지도초등학교","02","공립","N","","1","0","0","1","1","0","0","1","0","0","0","0","2","6","0","8","0","17","1","17","0","0","0","0","0","1","0","1","0","1","0","1","0","0","0","0","0","1","0","1","0","1","0","1","0","1","0","1","0","0","0","0","4","28","1","32","0","0","0","1"
"경기도교육청","경기도고양교육지원청","경기도 고양시 덕양구","S090001032","토당초등학교","02","공립","N","","1","0","0","1","0","1","0","1","1","0","0","1","2","3","0","5","0","7","0","7","0","2","0","2","0","1","0","1","0","0","0","0","0","0","0","0","0","1","0","1","0","0","0","0","0","3","0","3","0","0","0","0","4","18","0","22","0","0","0","0"
"경기도교육청","경기도고양교육지원청","경기도 고양시 일산동구","S090001033","풍산초등학교","02","공립","N","","1","0","0","1","0","1","0","1","0","0","0","0","3","7","0","10","1","21","2","22","0","2","0","2","0","1","0","1","0","0","0","0","0","0","0","0","0","1","0","1","0","0","0","0","0","5","0","5","0","0","0","0","5","38","2","43","0","0","0","2"
"경기도교육청","경기도고양교육지원청","경기도 고양시 일산서구","S090001034","한수초등학교","02","공립","N","","1","0","0","1","1","0","0","1","0","1","0","1","1","6","0","7","1","20","4","21","0","0","0","0","0","1","0","1","0","0","0","0","0","0","0","0","0","1","0","1","0","1","0","1","1","1","0","2","0","0","0","0","5","31","4","36","0","0","0","4"
"경기도교육청","경기도고양교육지원청","경기도 고양시 덕양구","S090001035","행남초등학교","02","공립","N","","1","0","0","1","0","1","0","1","0","0","0","0","2","1","0","3","1","6","0","7","0","0","0","0","0","0","0","0","0","0","0","0","0","0","0","0","0","1","0","1","0","0","0","0","1","1","0","2","0","0","0","0","5","10","0","15","0","0","0","0"
"경기도교육청","경기도고양교육지원청","경기도 고양시 덕양구","S090001036","행신초등학교","02","공립","N","","0","1","0","1","1","0","0","1","0","0","0","0","2","3","0","5","1","11","3","12","0","1","1","1","0","1","0","1","0","1","0","1","0","0","0","0","0","1","0","1","0","1","0","1","0","3","0","3","0","0","0","0","4","23","4","27","0","0","0","4"
"경기도교육청","경기도고양교육지원청","경기도 고양시 덕양구","S090001037","행주초등학교","02","공립","N","","1","0","0","1","1","0","0","1","0","0","0","0","1","2","0","3","2","3","1","5","0","0","0","0","0","0","0","0","0","1","0","1","0","0","0","0","0","0","0","0","0","0","0","0","1","3","0","4","0","0","0","0","6","9","1","15","0","0","0","1"
"경기도교육청","경기도고양교육지원청","경기도 고양시 일산서구","S090001038","현산초등학교","02","공립","N","","1","0","0","1","1","0","0","1","0","0","0","0","4","5","0","9","4","17","0","21","0","1","0","1","0","0","0","0","0","0","0","0","0","0","0","0","0","0","0","0","0","1","1","1","0","4","0","4","0","0","0","0","10","28","1","38","0","0","0","1"
"경기도교육청","경기도고양교육지원청","경기도 고양시 일산서구","S090001039","호곡초등학교","02","공립","N","","0","1","0","1","1","1","0","2","0","0","0","0","2","10","0","12","6","34","1","40","0","1","1","1","0","1","0","1","0","0","0","0","0","0","0","0","0","1","0","1","0","1","0","1","1","5","0","6","0","0","0","0","10","55","2","65","0","0","0","2"
"경기도교육청","경기도고양교육지원청","경기도 고양시 일산동구","S090001040","호수초등학교","02","공립","N","","1","0","0","1","0","1","0","1","0","0","0","0","0","5","0","5","1","12","2","13","0","1","0","1","0","0","0","0","0","0","0","0","0","0","0","0","0","1","0","1","0","1","0","1","1","1","0","2","0","0","0","0","3","22","2","25","0","0","0","2"
"경기도교육청","경기도고양교육지원청","경기도 고양시 덕양구","S090001041","화중초등학교","02","공립","N","","1","0","0","1","0","1","0","1","0","1","0","1","1","4","0","5","2","12","2","14","0","0","0","0","0","0","0","0","0","0","0","0","0","0","0","0","0","1","0","1","0","1","1","1","1","5","0","6","0","0","0","0","5","25","3","30","0","0","0","3"
"경기도교육청","경기도고양교육지원청","경기도 고양시 일산서구","S090001042","황룡초등학교","02","공립","N","","0","1","0","1","1","0","0","1","0","0","0","0","3","2","0","5","1","12","1","13","0","1","1","1","0","1","0","1","0","0","0","0","0","0","0","0","0","1","0","1","0","1","0","1","0","5","0","5","0","0","0","0","5","24","2","29","0","0","0","2"
"경기도교육청","경기도고양교육지원청","경기도 고양시 덕양구","S090001043","흥도초등학교","02","공립","N","","1","0","0","1","2","0","0","2","0","0","0","0","3","9","0","12","1","47","5","48","0","1","0","1","1","0","0","1","0","1","0","1","0","0","0","0","0","1","0","1","0","1","0","1","1","6","0","7","0","0","0","0","9","66","5","75","0","0","0","5"
"경기도교육청","경기도광명교육지원청","경기도 광명시","S090001199","가림초등학교","02","공립","N","","1","0","0","1","0","1","0","1","0","0","0","0","0","8","0","8","1","17","5","18","0","2","1","2","0","1","0","1","0","0","0","0","0","0","0","0","0","1","0","1","0","1","0","1","2","3","0","5","0","1","0","1","4","35","6","39","0","0","0","6"
"경기도교육청","경기도광명교육지원청","경기도 광명시","S090001201","광명광덕초등학교","02","공립","N","","0","1","0","1","1","0","0","1","0","1","0","1","1","8","0","9","2","25","5","27","0","1","0","1","0","1","0","1","0","0","0","0","0","0","0","0","0","1","0","1","0","1","0","1","2","2","0","4","0","0","0","0","6","41","5","47","0","0","0","5"
"경기도교육청","경기도광명교육지원청","경기도 광명시","S090001202","광명광성초등학교","02","공립","N","","0","1","0","1","1","0","0","1","0","0","0","0","0","8","0","8","2","29","9","31","0","2","2","2","0","1","0","1","0","0","0","0","0","0","0","0","0","1","0","1","0","1","0","1","1","4","0","5","0","0","0","0","4","47","11","51","0","0","0","11"
"경기도교육청","경기도광명교육지원청","경기도 광명시","S090001203","광명남초등학교","02","공립","N","","0","1","0","1","1","0","0","1","0","0","0","0","0","7","0","7","2","18","3","20","0","1","0","1","0","1","0","1","0","0","0","0","0","0","0","0","0","1","0","1","0","1","0","1","1","2","0","3","0","0","0","0","4","32","3","36","0","0","0","3"
"경기도교육청","경기도광명교육지원청","경기도 광명시","S090001204","광명동초등학교","02","공립","N","","0","1","0","1","1","0","0","1","0","0","0","0","1","2","0","3","1","5","1","6","0","1","0","1","0","0","0","0","0","0","0","0","0","0","0","0","0","0","0","0","0","1","0","1","0","1","0","1","0","0","0","0","3","11","1","14","0","0","0","1"
"경기도교육청","경기도광명교육지원청","경기도 광명시","S090001205","광명북초등학교","02","공립","N","","1","0","0","1","0","1","0","1","0","0","0","0","0","11","0","11","3","14","2","17","0","1","0","1","0","1","1","1","0","0","0","0","0","0","0","0","0","0","0","0","0","0","0","0","0","5","0","5","0","0","0","0","4","33","3","37","0","0","0","3"
"경기도교육청","경기도광명교육지원청","경기도 광명시","S090001206","광명서초등학교","02","공립","N","","0","1","0","1","0","1","0","1","0","1","0","1","0","9","0","9","3","15","2","18","0","2","0","2","0","0","0","0","0","0","0","0","0","0","0","0","0","1","0","1","0","1","0","1","2","5","0","7","0","0","0","0","5","36","2","41","0","0","0","2"
"경기도교육청","경기도광명교육지원청","경기도 광명시","S090001207","광명초등학교","02","공립","N","","1","0","0","1","1","0","0","1","0","0","0","0","2","7","0","9","3","19","4","22","0","2","1","2","0","1","0","1","0","0","0","0","0","0","0","0","0","1","0","1","0","1","0","1","2","4","0","6","0","0","0","0","9","35","5","44","0","0","0","5"
"경기도교육청","경기도광명교육지원청","경기도 광명시","S090001208","광문초등학교","02","공립","N","","1","0","0","1","1","0","0","1","0","0","0","0","4","8","0","12","3","28","2","31","0","2","0","2","0","1","0","1","0","0","0","0","0","0","0","0","0","1","0","1","0","1","0","1","0","4","0","4","0","1","0","1","9","46","2","55","0","0","0","2"
"경기도교육청","경기도광명교육지원청","경기도 광명시","S090001210","광일초등학교","02","공립","N","","1","0","0","1","0","1","0","1","0","0","0","0","1","5","0","6","2","25","7","27","0","3","0","3","0","0","0","0","0","0","0","0","0","0","0","0","0","1","0","1","0","0","0","0","1","6","0","7","0","0","0","0","5","41","7","46","0","0","0","7"
"경기도교육청","경기도광명교육지원청","경기도 광명시","S090001211","도덕초등학교","02","공립","N","","0","1","0","1","1","0","0","1","0","0","0","0","2","5","0","7","3","13","1","16","0","2","0","2","0","0","0","0","0","0","0","0","0","0","0","0","0","1","0","1","0","1","0","1","1","2","0","3","0","0","0","0","7","25","1","32","0","0","0","1"
"경기도교육청","경기도광명교육지원청","경기도 광명시","S090001212","서면초등학교","02","공립","N","","0","1","0","1","0","1","0","1","0","0","0","0","1","6","0","7","4","12","7","16","1","1","0","2","0","0","0","0","0","0","0","0","0","0","0","0","0","1","0","1","0","1","0","1","1","5","0","6","0","0","0","0","7","28","7","35","0","0","0","7"
"경기도교육청","경기도광명교육지원청","경기도 광명시","S090001213","소하초등학교","02","공립","N","","0","1","0","1","0","1","0","1","0","0","0","0","2","10","0","12","2","30","8","32","0","2","1","2","0","0","0","0","0","0","0","0","0","0","0","0","0","1","0","1","0","0","0","0","0","9","0","9","0","1","0","1","4","55","9","59","0","0","0","9"
"경기도교육청","경기도광명교육지원청","경기도 광명시","S090001214","안서초등학교","02","공립","N","","0","1","0","1","1","0","0","1","0","0","0","0","0","3","0","3","0","5","0","5","0","1","0","1","0","0","0","0","0","1","0","1","0","0","0","0","0","0","0","0","0","0","0","0","0","1","0","1","0","1","0","1","1","13","0","14","0","0","0","0"
"경기도교육청","경기도광명교육지원청","경기도 광명시","S090001215","연서초등학교","02","공립","N","","0","1","0","1","0","1","0","1","0","0","0","0","1","1","0","2","0","17","1","17","0","1","0","1","0","0","0","0","0","0","0","0","0","0","0","0","0","1","0","1","0","1","0","1","0","2","0","2","0","0","0","0","1","25","1","26","0","0","0","1"
"경기도교육청","경기도광명교육지원청","경기도 광명시","S090001216","온신초등학교","02","공립","N","","1","0","0","1","0","1","0","1","0","0","0","0","1","2","0","3","1","3","0","4","0","1","0","1","0","0","0","0","0","0","0","0","0","0","0","0","0","0","0","0","0","1","0","1","0","1","0","1","0","0","0","0","3","9","0","12","0","0","0","0"
"경기도교육청","경기도광명교육지원청","경기도 광명시","S090001217","철산초등학교","02","공립","N","","1","0","0","1","0","2","0","2","0","1","0","1","4","8","0","12","3","47","5","50","0","1","1","1","0","0","0","0","0","0","0","0","0","0","0","0","0","1","0","1","0","1","0","1","2","8","0","10","0","0","0","0","10","69","6","79","0","0","0","6"
"경기도교육청","경기도광명교육지원청","경기도 광명시","S090001218","하안남초등학교","02","공립","N","","1","0","0","1","1","0","0","1","0","0","0","0","1","4","0","5","1","9","1","10","0","1","0","1","0","0","0","0","0","0","0","0","0","0","0","0","0","1","0","1","0","0","0","0","1","4","0","5","0","0","0","0","5","19","1","24","0","0","0","1"
"경기도교육청","경기도광명교육지원청","경기도 광명시","S090001219","하안북초등학교","02","공립","N","","1","0","0","1","1","0","0","1","0","0","0","0","2","6","0","8","0","9","3","9","0","1","1","1","0","0","0","0","0","1","0","1","0","0","0","0","0","1","0","1","0","1","0","1","2","2","0","4","0","0","0","0","6","21","4","27","0","0","0","4"
"경기도교육청","경기도광명교육지원청","경기도 광명시","S090001220","하안초등학교","02","공립","N","","0","1","0","1","0","1","0","1","0","0","0","0","3","4","0","7","1","17","6","18","0","2","0","2","0","0","0","0","0","0","0","0","0","0","0","0","0","1","0","1","0","1","0","1","1","3","0","4","0","0","0","0","5","30","6","35","0","0","0","6"
"경기도교육청","경기도광명교육지원청","경기도 광명시","S090001221","하일초등학교","02","공립","N","","0","1","0","1","0","1","0","1","0","0","0","0","2","3","0","5","1","11","3","12","0","1","0","1","0","0","0","0","0","0","0","0","0","0","0","0","0","1","0","1","0","1","0","1","0","3","0","3","0","0","0","0","3","22","3","25","0","0","0","3"
"경기도교육청","경기도광주하남교육지원청","경기도 광주시","S090001279","경안초등학교","02","공립","N","","0","1","0","1","0","1","0","1","0","0","0","0","2","3","0","5","3","11","4","14","0","1","0","1","0","0","0","0","0","0","0","0","0","0","0","0","0","1","0","1","0","0","0","0","0","4","0","4","0","0","0","0","5","22","4","27","0","0","0","4"
"경기도교육청","경기도광주하남교육지원청","경기도 광주시","S090001281","곤지암초등학교","02","공립","N","","1","0","0","1","1","0","0","1","0","0","0","0","4","3","0","7","7","9","2","16","0","1","0","1","0","0","0","0","0","0","0","0","0","0","0","0","0","1","0","1","0","0","0","0","1","3","0","4","0","0","0","0","14","17","2","31","0","0","0","2"
"경기도교육청","경기도광주하남교육지원청","경기도 광주시","S090001282","광남초등학교","02","공립","N","","0","1","0","1","0","1","0","1","0","0","0","0","3","10","0","13","5","27","2","32","0","1","1","1","0","1","0","1","0","0","0","0","0","0","0","0","0","1","0","1","0","1","1","1","1","7","0","8","0","0","0","0","9","50","4","59","0","0","0","4"
"경기도교육청","경기도광주하남교육지원청","경기도 광주시","S090001284","광주광명초등학교","02","공립","N","","0","1","0","1","1","0","0","1","0","0","0","0","2","8","0","10","6","29","3","35","0","2","1","2","0","0","0","0","0","0","0","0","0","0","0","0","0","1","0","1","0","1","0","1","1","3","0","4","0","0","0","0","10","45","4","55","0","0","0","4"
"경기도교육청","경기도광주하남교육지원청","경기도 광주시","S090001285","광주매곡초등학교","02","공립","N","","1","0","0","1","1","0","0","1","0","0","0","0","4","8","0","12","5","35","9","40","0","1","0","1","0","0","0","0","0","0","0","0","0","0","0","0","0","1","1","1","0","1","0","1","2","9","0","11","0","0","0","0","13","55","10","68","0","0","0","10"
"경기도교육청","경기도광주하남교육지원청","경기도 광주시","S090001286","광주초등학교","02","공립","N","","0","1","0","1","1","0","0","1","0","0","0","0","6","6","0","12","4","34","5","38","0","1","0","1","0","1","1","1","0","0","0","0","0","0","0","0","0","1","0","1","0","1","0","1","2","6","0","8","0","0","0","0","13","51","6","64","0","0","0","6"
"경기도교육청","경기도광주하남교육지원청","경기도 광주시","S090001288","광지원초등학교","02","공립","N","","0","1","0","1","0","1","0","1","0","0","0","0","2","1","0","3","3","1","0","4","0","1","0","1","0","0","0","0","0","0","0","0","0","0","0","0","0","0","0","0","0","0","0","0","0","1","0","1","0","0","0","0","5","6","0","11","0","0","0","0"
"경기도교육청","경기도광주하남교육지원청","경기도 광주시","S090001289","남한산초등학교","02","공립","N","","0","1","0","1","1","0","0","1","0","0","0","0","1","2","0","3","2","3","1","5","0","0","0","0","0","0","0","0","0","0","0","0","0","0","0","0","0","0","0","0","0","0","0","0","0","2","0","2","0","0","0","0","4","8","1","12","0","0","0","1"
"경기도교육청","경기도광주하남교육지원청","경기도 하남시","S090001290","덕풍초등학교","02","공립","N","","0","1","0","1","0","1","0","1","0","0","0","0","4","4","0","8","3","17","2","20","0","1","1","1","1","0","0","1","0","0","0","0","0","0","0","0","0","1","0","1","0","1","0","1","0","2","0","2","0","0","0","0","8","28","3","36","0","0","0","3"
"경기도교육청","경기도광주하남교육지원청","경기도 광주시","S090001291","도곡초등학교","02","공립","N","","1","0","0","1","1","0","0","1","0","0","0","0","7","3","0","10","8","22","2","30","0","1","0","1","0","1","0","1","0","0","0","0","0","0","0","0","0","1","0","1","0","0","0","0","0","4","0","4","0","0","0","0","17","32","2","49","0","0","0","2"
"경기도교육청","경기도광주하남교육지원청","경기도 광주시","S090001292","도궁초등학교","02","공립","N","","0","1","0","1","1","0","0","1","0","0","0","0","2","1","0","3","3","1","0","4","0","0","0","0","0","0","0","0","0","0","0","0","0","0","0","0","0","0","0","0","0","0","0","0","0","1","0","1","0","0","0","0","6","4","0","10","0","0","0","0"
"경기도교육청","경기도광주하남교육지원청","경기도 광주시","S090001293","도수초등학교","02","공립","N","","0","1","0","1","1","0","0","1","0","0","0","0","4","3","0","7","7","10","4","17","0","1","0","1","0","0","0","0","0","0","0","0","0","0","0","0","0","1","0","1","0","1","0","1","1","5","0","6","0","0","0","0","13","22","4","35","0","0","0","4"
"경기도교육청","경기도구리남양주교육지원청","경기도 남양주시","S090001294","도심초등학교","02","공립","N","","0","1","0","1","0","1","0","1","0","0","0","0","5","0","0","5","3","12","0","15","0","1","0","1","0","0","0","0","0","0","0","0","0","0","0","0","0","1","0","1","0","0","0","0","0","2","0","2","0","0","0","0","8","18","0","26","0","0","0","0"
"경기도교육청","경기도광주하남교육지원청","경기도 광주시","S090001295","도척초등학교","02","공립","N","","0","1","0","1","1","0","0","1","0","0","0","0","1","2","0","3","3","3","0","6","0","1","0","1","0","0","0","0","0","0","0","0","0","0","0","0","0","0","0","0","0","1","0","1","0","2","0","2","0","0","0","0","5","10","0","15","0","0","0","0"
"경기도교육청","경기도광주하남교육지원청","경기도 하남시","S090001296","동부초등학교","02","공립","N","","1","0","0","1","1","0","0","1","0","0","0","0","4","5","0","9","3","20","5","23","0","2","0","2","0","1","0","1","0","0","0","0","0","0","0","0","0","1","0","1","0","1","0","1","1","1","0","2","0","0","0","0","10","31","5","41","0","0","0","5"
"경기도교육청","경기도광주하남교육지원청","경기도 광주시","S090001298","만선초등학교","02","공립","N","","1","0","0","1","0","1","0","1","0","0","0","0","2","1","0","3","1","3","0","4","0","1","0","1","0","0","0","0","0","0","0","0","0","0","0","0","0","0","0","0","0","1","0","1","0","3","0","3","0","0","0","0","4","10","0","14","0","0","0","0"
"경기도교육청","경기도광주하남교육지원청","경기도 하남시","S090001299","망월초등학교","02","공립","N","","0","1","0","1","1","1","0","2","0","0","0","0","2","9","0","11","4","57","6","61","0","1","1","1","0","1","1","1","0","0","0","0","0","0","0","0","0","1","0","1","0","1","0","1","1","7","0","8","0","0","0","0","8","79","8","87","0","0","0","8"
"경기도교육청","경기도광주하남교육지원청","경기도 광주시","S090001301","번천초등학교","02","공립","N","","0","1","0","1","0","1","0","1","0","0","0","0","1","2","0","3","2","3","1","5","0","0","0","0","0","0","0","0","0","0","0","0","0","0","0","0","0","0","0","0","0","1","0","1","0","2","0","2","0","0","0","0","3","10","1","13","0","0","0","1"
"경기도교육청","경기도광주하남교육지원청","경기도 광주시","S090001302","분원초등학교","02","공립","N","","0","1","0","1","0","1","0","1","0","0","0","0","2","1","0","3","4","1","1","5","0","0","0","0","0","0","0","0","0","0","0","0","0","0","0","0","0","0","0","0","0","0","0","0","0","1","0","1","0","0","0","0","6","5","1","11","0","0","0","1"
"경기도교육청","경기도광주하남교육지원청","경기도 하남시","S090001305","산곡초등학교","02","공립","N","","1","0","0","1","0","1","0","1","0","0","0","0","1","2","0","3","0","4","0","4","0","0","0","0","0","0","0","0","0","0","0","0","0","0","0","0","0","0","0","0","0","0","0","0","0","2","0","2","0","0","0","0","2","9","0","11","0","0","0","0"
"경기도교육청","경기도광주하남교육지원청","경기도 광주시","S090001306","삼리초등학교","02","공립","N","","1","0","0","1","0","1","0","1","0","0","0","0","5","2","0","7","7","16","3","23","0","1","0","1","0","1","0","1","0","0","0","0","0","0","0","0","0","1","0","1","0","0","0","0","1","1","0","2","0","0","0","0","14","23","3","37","0","0","0","3"
"경기도교육청","경기도광주하남교육지원청","경기도 하남시","S090001307","서부초등학교","02","공립","N","","0","1","0","1","0","1","0","1","0","0","0","0","0","3","0","3","0","6","0","6","0","0","0","0","0","0","0","0","0","1","0","1","0","0","0","0","0","0","0","0","0","0","0","0","0","2","0","2","0","0","0","0","0","14","0","14","0","0","0","0"
"경기도교육청","경기도광주하남교육지원청","경기도 광주시","S090001308","선동초등학교","02","공립","N","","0","1","0","1","0","0","0","0","0","0","0","0","2","1","0","3","1","3","0","4","0","0","0","0","0","0","0","0","0","0","0","0","0","0","0","0","0","0","0","0","0","0","0","0","0","2","0","2","0","0","0","0","3","7","0","10","0","0","0","0"
"경기도교육청","경기도광주하남교육지원청","경기도 하남시","S090001309","신장초등학교","02","공립","N","","0","1","0","1","1","0","0","1","0","0","0","0","5","7","0","12","3","29","1","32","0","1","0","1","0","0","0","0","0","0","0","0","0","0","0","0","0","1","0","1","0","1","0","1","0","2","0","2","0","0","0","0","9","42","1","51","0","0","0","1"
"경기도교육청","경기도광주하남교육지원청","경기도 광주시","S090001310","쌍령초등학교","02","공립","N","","0","1","0","1","0","1","0","1","0","0","0","0","2","3","0","5","2","14","3","16","1","0","0","1","0","1","1","1","0","0","0","0","0","0","0","0","0","1","1","1","0","0","0","0","1","3","0","4","0","0","0","0","6","24","5","30","0","0","0","5"
"경기도교육청","경기도광주하남교육지원청","경기도 광주시","S090001311","오포초등학교","02","공립","N","","1","0","0","1","1","0","0","1","0","0","0","0","3","6","0","9","6","15","5","21","0","1","0","1","0","1","0","1","0","0","0","0","0","0","0","0","0","1","0","1","0","0","0","0","1","2","0","3","0","0","0","0","12","26","5","38","0","0","0","5"
"경기도교육청","경기도광주하남교육지원청","경기도 하남시","S090001312","창우초등학교","02","공립","N","","0","1","0","1","0","1","0","1","0","1","0","1","3","2","0","5","1","19","2","20","0","2","1","2","0","0","0","0","0","0","0","0","0","0","0","0","0","1","0","1","0","1","0","1","0","3","0","3","1","0","0","1","5","31","3","36","1","0","1","3"
"경기도교육청","경기도광주하남교육지원청","경기도 광주시","S090001314","초월초등학교","02","공립","N","","1","0","0","1","0","1","0","1","0","0","0","0","1","2","0","3","3","3","1","6","0","1","0","1","0","0","0","0","0","0","0","0","0","0","0","0","0","0","0","0","0","0","0","0","2","1","0","3","0","0","0","0","7","8","1","15","0","0","0","1"
"경기도교육청","경기도광주하남교육지원청","경기도 광주시","S090001315","탄벌초등학교","02","공립","N","","0","1","0","1","1","1","0","2","0","0","0","0","8","3","0","11","6","47","11","53","0","2","0","2","0","1","0","1","0","0","0","0","0","0","0","0","0","1","0","1","0","1","0","1","1","8","0","9","0","0","0","0","16","65","11","81","0","0","0","11"
"경기도교육청","경기도광주하남교육지원청","경기도 광주시","S090001316","태전초등학교","02","공립","N","","1","0","0","1","1","0","0","1","0","0","0","0","2","7","0","9","1","18","4","19","0","1","1","1","0","1","1","1","0","0","0","0","0","0","0","0","0","1","0","1","0","0","0","0","0","6","0","6","0","0","0","0","5","34","6","39","0","0","0","6"
"경기도교육청","경기도광주하남교육지원청","경기도 하남시","S090001317","하남천현초등학교","02","공립","N","","0","1","0","1","1","0","0","1","0","0","0","0","2","1","0","3","1","9","1","10","1","0","0","1","0","0","0","0","0","0","0","0","0","0","0","0","0","1","0","1","0","1","1","1","0","2","0","2","0","0","0","0","5","15","2","20","0","0","0","2"
"경기도교육청","경기도광주하남교육지원청","경기도 하남시","S090001318","하남초등학교","02","공립","N","","0","1","0","1","1","0","0","1","0","0","0","0","2","5","0","7","0","15","5","15","0","1","1","1","0","0","0","0","0","0","0","0","0","0","0","0","0","1","1","1","0","0","0","0","1","5","0","6","0","0","0","0","4","28","7","32","0","0","0","7"
"경기도교육청","경기도군포의왕교육지원청","경기도 의왕시","S090001380","갈뫼초등학교","02","공립","N","","0","1","0","1","0","1","0","1","0","0","0","0","4","3","0","7","1","13","2","14","0","1","0","1","0","1","0","1","0","0","0","0","0","0","0","0","0","1","0","1","0","0","0","0","1","2","0","3","0","0","0","0","6","23","2","29","0","0","0","2"
"경기도교육청","경기도군포의왕교육지원청","경기도 의왕시","S090001381","고천초등학교","02","공립","N","","0","1","0","1","1","0","0","1","0","0","0","0","1","4","0","5","1","11","1","12","0","1","0","1","0","0","0","0","0","1","0","1","0","0","0","0","0","1","0","1","0","0","0","0","0","3","0","3","0","0","0","0","3","22","1","25","0","0","0","1"
"경기도교육청","경기도군포의왕교육지원청","경기도 군포시","S090001382","곡란초등학교","02","공립","N","","1","0","0","1","0","1","0","1","0","0","0","0","2","3","0","5","1","9","2","10","0","1","0","1","0","0","0","0","0","1","0","1","0","0","0","0","0","1","0","1","0","0","0","0","0","4","0","4","0","0","0","0","4","20","2","24","0","0","0","2"
"경기도교육청","경기도군포의왕교육지원청","경기도 군포시","S090001383","관모초등학교","02","공립","N","","0","1","0","1","0","1","0","1","0","0","0","0","1","4","0","5","0","9","3","9","0","2","0","2","0","0","0","0","0","0","0","0","0","0","0","0","0","1","0","1","0","0","0","0","1","3","0","4","0","0","0","0","2","21","3","23","0","0","0","3"
"경기도교육청","경기도군포의왕교육지원청","경기도 군포시","S090001384","광정초등학교","02","공립","N","","0","1","0","1","1","0","0","1","0","0","0","0","0","8","0","8","1","12","1","13","0","2","0","2","0","0","0","0","0","0","0","0","0","0","0","0","0","1","0","1","0","1","0","1","1","0","0","1","0","1","0","1","3","26","1","29","0","0","0","1"
"경기도교육청","경기도군포의왕교육지원청","경기도 군포시","S090001385","군포양정초등학교","02","공립","N","","1","0","0","1","1","0","0","1","0","0","0","0","0","9","0","9","3","21","5","24","0","1","0","1","0","1","0","1","0","1","0","1","0","0","0","0","0","1","0","1","0","1","0","1","0","3","0","3","0","0","0","0","5","38","5","43","0","0","0","5"
"경기도교육청","경기도군포의왕교육지원청","경기도 군포시","S090001386","군포옥천초등학교","02","공립","N","","1","0","0","1","1","0","0","1","0","0","0","0","1","4","0","5","1","11","2","12","0","1","0","1","0","0","0","0","0","0","0","0","0","0","0","0","0","1","0","1","0","0","0","0","0","1","0","1","0","0","0","0","4","18","2","22","0","0","0","2"
"경기도교육청","경기도군포의왕교육지원청","경기도 군포시","S090001387","군포초등학교","02","공립","N","","0","1","0","1","1","0","0","1","0","0","0","0","4","7","0","11","1","25","2","26","0","2","0","2","0","1","0","1","0","0","0","0","0","0","0","0","0","1","0","1","0","1","0","1","1","1","0","2","0","0","0","0","7","39","2","46","0","0","0","2"
"경기도교육청","경기도군포의왕교육지원청","경기도 군포시","S090001388","군포화산초등학교","02","공립","N","","0","1","0","1","0","1","0","1","0","0","0","0","1","4","0","5","0","9","2","9","0","2","0","2","0","0","0","0","0","0","0","0","0","0","0","0","0","1","0","1","0","0","0","0","1","3","0","4","0","0","0","0","2","21","2","23","0","0","0","2"
"경기도교육청","경기도군포의왕교육지원청","경기도 군포시","S090001389","궁내초등학교","02","공립","N","","0","1","0","1","1","0","0","1","0","0","0","0","2","5","0","7","1","20","5","21","0","0","0","0","0","0","0","0","0","0","0","0","0","0","0","0","0","1","0","1","0","1","0","1","0","0","0","0","0","0","0","0","4","28","5","32","0","0","0","5"
"경기도교육청","경기도군포의왕교육지원청","경기도 군포시","S090001390","금정초등학교","02","공립","N","","0","1","0","1","1","0","0","1","0","0","0","0","2","5","0","7","0","20","3","20","0","2","0","2","0","0","0","0","0","1","0","1","0","0","0","0","0","1","1","1","0","1","0","1","0","3","0","3","0","0","0","0","3","34","4","37","0","0","0","4"
"경기도교육청","경기도군포의왕교육지원청","경기도 의왕시","S090001391","내손초등학교","02","공립","N","","0","1","0","1","0","1","0","1","0","0","0","0","1","2","0","3","1","7","1","8","0","2","0","2","0","0","0","0","0","0","0","0","0","0","0","0","0","1","0","1","0","1","0","1","1","3","0","4","0","0","0","0","3","18","1","21","0","0","0","1"
"경기도교육청","경기도군포의왕교육지원청","경기도 군포시","S090001392","능내초등학교","02","공립","N","","0","1","0","1","1","0","0","1","0","0","0","0","2","6","0","8","2","13","1","15","0","1","0","1","0","0","0","0","0","0","0","0","0","0","0","0","0","1","0","1","0","1","0","1","0","2","0","2","0","0","0","0","5","25","1","30","0","0","0","1"
"경기도교육청","경기도군포의왕교육지원청","경기도 의왕시","S090001393","덕장초등학교","02","공립","N","","0","1","0","1","0","1","0","1","0","1","0","1","1","5","0","6","2","14","5","16","0","2","1","2","0","1","1","1","0","0","0","0","0","0","0","0","0","1","0","1","0","0","0","0","1","7","0","8","0","0","0","0","4","33","7","37","0","0","0","7"
"경기도교육청","경기도군포의왕교육지원청","경기도 군포시","S090001394","도장초등학교","02","공립","N","","0","1","0","1","0","1","0","1","0","0","0","0","1","2","0","3","2","3","0","5","0","1","1","1","0","0","0","0","0","0","0","0","0","0","0","0","0","0","0","0","0","0","0","0","0","2","0","2","0","0","0","0","3","10","1","13","0","0","0","1"
"경기도교육청","경기도군포의왕교육지원청","경기도 군포시","S090001395","둔대초등학교","02","공립","N","","0","1","0","1","1","0","0","1","0","0","0","0","0","1","0","1","3","6","1","9","0","1","0","1","0","1","0","1","0","1","0","1","0","0","0","0","0","1","0","1","0","0","0","0","0","2","0","2","0","0","0","0","4","14","1","18","0","0","0","1"
"경기도교육청","경기도군포의왕교육지원청","경기도 군포시","S090001396","둔전초등학교","02","공립","N","","0","1","0","1","1","0","0","1","0","0","0","0","4","5","0","9","1","20","4","21","0","2","1","2","0","0","0","0","0","0","0","0","0","0","0","0","0","1","0","1","0","0","0","0","1","3","0","4","0","0","0","0","7","32","5","39","0","0","0","5"
"경기도교육청","경기도군포의왕교육지원청","경기도 의왕시","S090001397","백운초등학교","02","공립","N","","1","0","0","1","1","0","0","1","0","1","0","1","1","9","0","10","1","24","3","25","0","2","0","2","0","0","0","0","0","0","0","0","0","0","0","0","0","1","0","1","0","1","0","1","0","1","0","1","0","3","0","3","4","42","3","46","0","1","1","3"
"경기도교육청","경기도군포의왕교육지원청","경기도 군포시","S090001399","산본초등학교","02","공립","N","","0","1","0","1","1","0","0","1","0","0","0","0","1","7","0","8","4","18","6","22","0","1","0","1","0","0","0","0","0","1","0","1","0","0","0","0","0","1","0","1","0","1","0","1","2","1","0","3","0","0","0","0","8","31","6","39","0","0","0","6"
"경기도교육청","경기도군포의왕교육지원청","경기도 군포시","S090001400","수리초등학교","02","공립","N","","0","1","0","1","1","0","0","1","0","0","0","0","2","1","0","3","0","7","0","7","0","1","0","1","0","0","0","0","0","1","0","1","0","0","0","0","0","1","0","1","0","0","0","0","0","1","0","1","0","0","0","0","3","13","0","16","0","0","0","0"
"경기도교육청","경기도군포의왕교육지원청","경기도 군포시","S090001401","신흥초등학교","02","공립","N","","0","1","0","1","0","1","0","1","0","0","0","0","1","4","0","5","1","14","3","15","1","0","0","1","0","0","0","0","0","0","0","0","0","0","0","0","0","1","0","1","0","0","0","0","1","0","0","1","0","0","0","0","4","21","3","25","0","0","0","3"
"경기도교육청","경기도군포의왕교육지원청","경기도 군포시","S090001403","오금초등학교","02","공립","N","","1","0","0","1","1","0","0","1","0","0","0","0","1","2","0","3","1","10","1","11","0","1","0","1","0","0","0","0","0","0","0","0","0","0","0","0","0","1","0","1","0","1","0","1","1","3","0","4","0","0","0","0","5","18","1","23","0","0","0","1"
"경기도교육청","경기도군포의왕교육지원청","경기도 의왕시","S090001404","오전초등학교","02","공립","N","","0","1","0","1","1","0","0","1","0","0","0","0","1","4","0","5","0","8","1","8","0","2","0","2","0","0","0","0","0","1","0","1","0","0","0","0","0","1","0","1","0","1","0","1","0","2","0","2","1","1","0","2","3","21","1","24","1","0","1","1"
"경기도교육청","경기도군포의왕교육지원청","경기도 의왕시","S090001405","왕곡초등학교","02","공립","N","","1","0","0","1","1","0","0","1","0","0","0","0","1","3","0","4","3","11","3","14","0","1","0","1","0","1","0","1","0","0","0","0","0","0","0","0","0","1","0","1","0","0","0","0","0","3","0","3","0","1","0","1","6","21","3","27","0","1","1","3"
"경기도교육청","경기도군포의왕교육지원청","경기도 군포시","S090001406","용호초등학교","02","공립","N","","0","1","0","1","0","1","0","1","0","0","0","0","1","4","0","5","2","9","2","11","0","0","0","0","0","0","0","0","0","0","0","0","0","0","0","0","0","1","0","1","0","0","0","0","1","5","0","6","0","0","0","0","4","21","2","25","0","0","0","2"
"경기도교육청","경기도군포의왕교육지원청","경기도 의왕시","S090001407","의왕덕성초등학교","02","공립","N","","0","1","0","1","0","1","0","1","0","0","0","0","1","9","0","10","4","29","5","33","0","1","0","1","0","1","1","1","0","0","0","0","0","0","0","0","0","0","0","0","0","0","0","0","0","6","0","6","1","1","0","2","6","49","6","55","1","0","1","6"
"경기도교육청","경기도군포의왕교육지원청","경기도 의왕시","S090001408","의왕부곡초등학교","02","공립","N","","1","0","0","1","1","0","0","1","0","0","0","0","1","6","0","7","4","13","2","17","0","3","0","3","0","0","0","0","0","0","0","0","0","0","0","0","0","1","0","1","0","1","0","1","0","3","0","3","0","0","0","0","7","27","2","34","0","0","0","2"
"경기도교육청","경기도군포의왕교육지원청","경기도 의왕시","S090001409","의왕초등학교","02","공립","N","","0","1","0","1","1","0","0","1","0","0","0","0","1","12","0","13","5","26","6","31","0","1","0","1","0","0","0","0","0","0","0","0","0","0","0","0","0","1","1","1","0","0","0","0","2","6","0","8","1","1","0","2","10","48","7","58","1","0","1","7"
"경기도교육청","경기도군포의왕교육지원청","경기도 군포시","S090001410","태을초등학교","02","공립","N","","0","1","0","1","0","1","0","1","1","0","0","1","1","4","0","5","0","15","4","15","0","1","0","1","0","0","0","0","0","0","0","0","0","0","0","0","0","1","0","1","0","1","0","1","3","3","0","6","0","0","0","0","5","27","4","32","0","0","0","4"
"경기도교육청","경기도군포의왕교육지원청","경기도 군포시","S090001413","흥진초등학교","02","공립","N","","1","0","0","1","1","0","0","1","0","0","0","0","0","7","0","7","1","17","2","18","0","1","0","1","0","0","0","0","0","0","0","0","0","0","0","0","0","1","0","1","0","1","0","1","1","1","0","2","0","0","0","0","4","28","2","32","0","0","0","2"
"경기도교육청","경기도김포교육지원청","경기도 김포시","S090001498","감정초등학교","02","공립","N","","1","0","0","1","1","0","0","1","0","0","0","0","3","5","0","8","5","25","6","30","0","2","0","2","0","1","0","1","0","0","0","0","0","0","0","0","0","1","0","1","0","1","0","1","2","3","0","5","0","0","0","0","12","38","6","50","0","0","0","6"
"경기도교육청","경기도김포교육지원청","경기도 김포시","S090001499","개곡초등학교","02","공립","N","","0","1","0","1","0","1","0","1","0","0","0","0","2","1","0","3","2","2","0","4","0","0","0","0","0","0","0","0","0","0","0","0","0","0","0","0","0","0","0","0","0","0","0","0","0","1","0","1","0","0","0","0","4","6","0","10","0","0","0","0"
"경기도교육청","경기도김포교육지원청","경기도 김포시","S090001501","고창초등학교","02","공립","N","","1","0","0","1","0","1","0","1","0","0","0","0","2","7","0","9","6","17","3","23","0","2","0","2","0","0","0","0","0","0","0","0","0","0","0","0","0","1","0","1","0","1","0","1","1","2","0","3","0","0","0","0","10","31","3","41","0","0","0","3"
"경기도교육청","경기도김포교육지원청","경기도 김포시","S090001502","고촌초등학교","02","공립","N","","1","0","0","1","0","1","0","1","0","0","0","0","3","4","0","7","5","15","2","20","0","1","0","1","0","0","0","0","0","0","0","0","0","0","0","0","0","1","0","1","0","1","0","1","2","2","0","4","0","0","0","0","11","25","2","36","0","0","0","2"
"경기도교육청","경기도김포교육지원청","경기도 김포시","S090001503","금란초등학교","02","공립","N","","1","0","0","1","1","0","0","1","0","0","0","0","1","2","0","3","1","4","1","5","0","0","0","0","0","0","0","0","0","0","0","0","0","0","0","0","0","0","0","0","0","0","0","0","0","2","0","2","0","0","0","0","4","8","1","12","0","0","0","1"
"경기도교육청","경기도김포교육지원청","경기도 김포시","S090001504","금성초등학교","02","공립","N","","1","0","0","1","1","0","0","1","0","0","0","0","0","3","0","3","2","3","1","5","0","0","0","0","0","0","0","0","0","0","0","0","0","0","0","0","0","0","0","0","0","0","0","0","0","2","0","2","0","0","0","0","4","8","1","12","0","0","0","1"
"경기도교육청","경기도김포교육지원청","경기도 김포시","S090001505","금파초등학교","02","공립","N","","0","1","0","1","0","1","0","1","0","0","0","0","1","6","0","7","3","14","3","17","0","1","0","1","0","0","0","0","0","0","0","0","0","0","0","0","0","1","0","1","0","1","0","1","0","2","0","2","0","0","0","0","4","27","3","31","0","0","0","3"
"경기도교육청","경기도김포교육지원청","경기도 김포시","S090001506","양도초등학교","02","공립","N","","0","1","0","1","1","0","0","1","0","0","0","0","7","1","0","8","1","20","3","21","0","2","1","2","0","0","0","0","0","0","0","0","0","0","0","0","0","1","0","1","0","0","0","0","0","3","0","3","0","0","0","0","9","28","4","37","0","0","0","4"
"경기도교육청","경기도김포교육지원청","경기도 김포시","S090001507","김포대명초등학교","02","공립","N","","0","1","0","1","1","0","0","1","0","0","0","0","1","2","0","3","3","1","0","4","0","0","0","0","0","0","0","0","0","0","0","0","0","0","0","0","0","0","0","0","0","0","0","0","0","2","0","2","0","0","0","0","5","6","0","11","0","0","0","0"
"경기도교육청","경기도김포교육지원청","경기도 김포시","S090001508","김포서초등학교","02","공립","N","","1","0","0","1","0","1","0","1","0","0","0","0","3","4","0","7","2","14","2","16","0","2","0","2","0","0","0","0","0","0","0","0","0","0","0","0","0","1","0","1","0","1","0","1","0","5","0","5","0","0","0","0","6","28","2","34","0","0","0","2"
"경기도교육청","경기도김포교육지원청","경기도 김포시","S090001509","김포초등학교","02","공립","N","","0","1","0","1","1","0","0","1","0","0","0","0","1","4","0","5","1","12","2","13","0","1","0","1","0","0","0","0","0","0","0","0","0","0","0","0","0","1","0","1","0","1","0","1","0","1","0","1","0","0","0","0","3","21","2","24","0","0","0","2"
"경기도교육청","경기도김포교육지원청","경기도 김포시","S090001512","대곶초등학교","02","공립","N","","0","1","0","1","0","1","0","1","0","0","0","0","3","2","0","5","3","9","1","12","0","1","0","1","0","0","0","0","0","0","0","0","0","0","0","0","0","1","0","1","0","1","0","1","0","2","0","2","0","0","0","0","6","18","1","24","0","0","0","1"
"경기도교육청","경기도김포교육지원청","경기도 김포시","S090001514","마송초등학교","02","공립","N","","1","0","0","1","0","1","0","1","0","0","0","0","2","3","0","5","2","9","1","11","0","0","0","0","0","0","0","0","0","0","0","0","0","0","0","0","0","1","0","1","0","0","0","0","1","1","0","2","0","0","0","0","6","15","1","21","0","0","0","1"
"경기도교육청","경기도김포교육지원청","경기도 김포시","S090001516","사우초등학교","02","공립","N","","1","0","0","1","0","1","0","1","0","0","0","0","5","4","0","9","3","23","4","26","0","1","0","1","0","1","0","1","0","0","0","0","0","0","0","0","0","1","0","1","0","1","0","1","1","2","0","3","0","0","0","0","10","34","4","44","0","0","0","4"
"경기도교육청","경기도김포교육지원청","경기도 김포시","S090001517","서암초등학교","02","공립","N","","1","0","0","1","0","1","0","1","0","0","0","0","2","4","0","6","3","4","0","7","1","1","2","2","0","0","0","0","0","0","0","0","0","0","0","0","0","1","0","1","0","1","0","1","2","3","0","5","0","0","0","0","9","15","2","24","0","0","0","2"
"경기도교육청","경기도김포교육지원청","경기도 김포시","S090001518","석정초등학교","02","공립","N","","0","1","0","1","1","0","0","1","0","0","0","0","1","2","0","3","0","6","1","6","0","1","0","1","0","0","0","0","0","0","0","0","0","0","0","0","0","0","0","0","0","0","0","0","0","5","0","5","0","0","0","0","2","15","1","17","0","0","0","1"
"경기도교육청","경기도김포교육지원청","경기도 김포시","S090001519","수남초등학교","02","공립","N","","1","0","0","1","1","0","0","1","0","0","0","0","1","1","0","2","2","3","1","5","0","0","0","0","0","0","0","0","0","0","0","0","0","0","0","0","0","0","0","0","0","0","0","0","1","1","0","2","0","0","0","0","6","5","1","11","0","0","0","1"
"경기도교육청","경기도김포교육지원청","경기도 김포시","S090001520","양곡초등학교","02","공립","N","","1","0","0","1","1","0","0","1","0","0","0","0","4","3","0","7","3","10","2","13","1","2","1","3","0","0","0","0","0","0","0","0","0","0","0","0","0","1","0","1","0","0","0","0","0","5","0","5","0","0","0","0","10","21","3","31","0","0","0","3"
"경기도교육청","경기도김포교육지원청","경기도 김포시","S090001521","옹정초등학교","02","공립","N","","0","1","0","1","0","1","0","1","0","0","0","0","2","1","0","3","2","3","0","5","0","0","0","0","0","0","0","0","0","0","0","0","0","0","0","0","0","0","0","0","0","1","0","1","0","2","0","2","0","0","0","0","4","9","0","13","0","0","0","0"
"경기도교육청","경기도김포교육지원청","경기도 김포시","S090001522","운양초등학교","02","공립","N","","1","0","0","1","1","1","0","2","0","0","0","0","3","9","0","12","4","44","6","48","0","1","1","1","0","1","0","1","0","0","0","0","0","0","0","0","0","1","0","1","0","0","0","0","2","6","0","8","0","0","0","0","11","63","7","74","0","0","0","7"
"경기도교육청","경기도김포교육지원청","경기도 김포시","S090001523","월곶초등학교","02","공립","N","","1","0","0","1","0","1","0","1","0","0","0","0","0","3","0","3","3","2","1","5","1","0","0","1","0","0","0","0","0","0","0","0","0","0","0","0","0","0","0","0","0","1","0","1","0","1","0","1","0","0","0","0","5","8","1","13","0","0","0","1"
"경기도교육청","경기도김포교육지원청","경기도 김포시","S090001525","유현초등학교","02","공립","N","","0","1","0","1","1","1","0","2","0","0","0","0","1","11","0","12","4","50","7","54","0","0","0","0","0","1","0","1","0","0","0","0","0","0","0","0","0","1","0","1","0","1","0","1","2","3","0","5","0","0","0","0","8","69","7","77","0","0","0","7"
"경기도교육청","경기도김포교육지원청","경기도 김포시","S090001527","풍무초등학교","02","공립","N","","1","0","0","1","0","1","0","1","0","0","0","0","3","8","0","11","4","29","4","33","1","0","0","1","0","0","0","0","0","0","0","0","0","0","0","0","0","1","0","1","0","1","0","1","2","5","0","7","0","0","0","0","11","45","4","56","0","0","0","4"
"경기도교육청","경기도김포교육지원청","경기도 김포시","S090001528","하성초등학교","02","공립","N","","0","1","0","1","1","0","0","1","0","0","0","0","1","2","0","3","3","4","0","7","0","1","0","1","0","0","0","0","0","0","0","0","0","0","0","0","0","0","0","0","0","0","0","0","0","4","0","4","0","0","0","0","5","12","0","17","0","0","0","0"
"경기도교육청","경기도김포교육지원청","경기도 김포시","S090001529","학운초등학교","02","공립","N","","1","0","0","1","0","1","0","1","0","0","0","0","4","1","0","5","4","8","3","12","0","0","0","0","0","0","0","0","0","0","0","0","0","0","0","0","0","1","0","1","0","0","0","0","0","3","0","3","0","0","0","0","9","14","3","23","0","0","0","3"
"경기도교육청","경기도구리남양주교육지원청","경기도 남양주시","S090001600","가곡초등학교","02","공립","N","","0","1","0","1","0","1","0","1","0","0","0","0","4","3","0","7","5","14","4","19","0","0","0","0","0","0","0","0","0","0","0","0","0","0","0","0","0","1","0","1","0","0","0","0","1","4","0","5","0","0","0","0","10","24","4","34","0","0","0","4"
"경기도교육청","경기도구리남양주교육지원청","경기도 남양주시","S090001601","가양초등학교","02","공립","N","","1","0","0","1","1","0","0","1","0","0","0","0","2","1","0","3","2","3","1","5","0","0","0","0","0","0","0","0","0","0","0","0","0","0","0","0","0","0","0","0","0","0","0","0","0","2","0","2","1","0","0","1","7","6","1","13","0","0","0","1"
"경기도교육청","경기도구리남양주교육지원청","경기도 구리시","S090001603","갈매초등학교","02","공립","N","","0","1","0","1","1","1","0","2","0","0","0","0","4","9","0","13","6","48","9","54","0","1","0","1","0","1","0","1","0","1","1","1","0","0","0","0","0","1","0","1","0","0","0","0","0","10","0","10","0","0","0","0","11","73","10","84","0","0","0","10"
"경기도교육청","경기도구리남양주교육지원청","경기도 남양주시","S090001604","광릉초등학교","02","공립","N","","0","1","0","1","0","1","0","1","0","0","0","0","4","1","0","5","2","8","1","10","0","1","0","1","0","0","0","0","0","0","0","0","0","0","0","0","0","1","0","1","0","0","0","0","0","4","0","4","0","0","0","0","6","17","1","23","0","0","0","1"
"경기도교육청","경기도구리남양주교육지원청","경기도 구리시","S090001605","교문초등학교","02","공립","N","","0","1","0","1","0","1","0","1","0","0","0","0","2","5","0","7","2","12","1","14","0","2","2","2","0","1","0","1","0","0","0","0","0","0","0","0","0","1","0","1","0","1","0","1","1","4","0","5","0","0","0","0","5","28","3","33","0","0","0","3"
"경기도교육청","경기도구리남양주교육지원청","경기도 구리시","S090001606","구리초등학교","02","공립","N","","0","1","0","1","0","1","0","1","0","0","0","0","1","7","0","8","3","14","1","17","0","2","0","2","0","1","0","1","0","0","0","0","0","0","0","0","0","1","0","1","0","1","1","1","0","2","0","2","0","0","0","0","4","30","2","34","0","0","0","2"
"경기도교육청","경기도구리남양주교육지원청","경기도 구리시","S090001607","구지초등학교","02","공립","N","","0","1","0","1","0","1","0","1","0","0","0","0","2","5","0","7","4","22","8","26","0","1","0","1","0","1","0","1","0","0","0","0","0","0","0","0","0","1","0","1","0","1","0","1","0","4","0","4","0","0","0","0","6","37","8","43","0","0","0","8"
"경기도교육청","경기도구리남양주교육지원청","경기도 남양주시","S090001608","금교초등학교","02","공립","N","","0","1","0","1","0","1","0","1","0","0","0","0","2","5","0","7","2","16","0","18","0","1","0","1","0","0","0","0","0","0","0","0","0","0","0","0","0","1","0","1","0","1","0","1","0","2","0","2","0","0","0","0","4","28","0","32","0","0","0","0"
"경기도교육청","경기도구리남양주교육지원청","경기도 남양주시","S090001609","금남초등학교","02","공립","N","","0","1","0","1","1","0","0","1","0","0","0","0","1","2","0","3","0","4","0","4","0","0","0","0","0","0","0","0","0","0","0","0","0","0","0","0","0","0","0","0","0","0","0","0","1","1","0","2","0","0","0","0","3","8","0","11","0","0","0","0"
"경기도교육청","경기도구리남양주교육지원청","경기도 남양주시","S090001611","남양주금곡초등학교","02","공립","N","","0","1","0","1","0","1","0","1","0","0","0","0","2","1","0","3","2","7","3","9","0","1","0","1","0","0","0","0","0","1","0","1","0","0","0","0","0","1","0","1","0","1","0","1","1","2","0","3","0","0","0","0","5","16","3","21","0","0","0","3"
"경기도교육청","경기도구리남양주교육지원청","경기도 남양주시","S090001612","남양주도곡초등학교","02","공립","N","","1","0","0","1","0","1","0","1","0","0","0","0","1","6","0","7","3","16","3","19","0","1","1","1","1","0","0","1","0","0","0","0","0","0","0","0","0","1","0","1","0","1","0","1","1","4","0","5","0","0","0","0","7","30","4","37","0","0","0","4"
"경기도교육청","경기도구리남양주교육지원청","경기도 남양주시","S090001613","남양주동곡초등학교","02","공립","N","","1","0","0","1","1","0","0","1","0","0","0","0","2","1","0","3","2","5","1","7","0","1","0","1","0","0","0","0","0","0","0","0","0","0","0","0","0","1","0","1","0","0","0","0","0","3","0","3","0","0","0","0","6","11","1","17","0","0","0","1"
"경기도교육청","경기도구리남양주교육지원청","경기도 남양주시","S090001614","남양주미금초등학교","02","공립","N","","0","1","0","1","1","0","0","1","0","0","0","0","2","7","0","9","3","17","3","20","0","1","0","1","0","0","0","0","0","0","0","0","0","0","0","0","0","1","0","1","0","1","0","1","1","3","0","4","0","0","0","0","7","31","3","38","0","0","0","3"
"경기도교육청","경기도구리남양주교육지원청","경기도 남양주시","S090001615","남양주송라초등학교","02","공립","N","","1","0","0","1","1","0","0","1","0","0","0","0","2","7","0","9","1","28","2","29","0","2","0","2","0","1","0","1","0","0","0","0","0","0","0","0","0","1","0","1","0","0","0","0","0","2","0","2","0","0","0","0","5","41","2","46","0","0","0","2"
"경기도교육청","경기도구리남양주교육지원청","경기도 남양주시","S090001616","남양주송촌초등학교","02","공립","N","","1","0","0","1","0","1","0","1","0","0","0","0","1","2","0","3","1","3","1","4","0","0","0","0","0","0","0","0","0","0","0","0","0","0","0","0","0","0","0","0","0","0","0","0","0","3","0","3","0","0","0","0","3","9","1","12","0","0","0","1"
"경기도교육청","경기도구리남양주교육지원청","경기도 남양주시","S090001617","남양주양정초등학교","02","공립","N","","1","0","0","1","1","0","0","1","0","0","0","0","1","6","0","7","0","17","1","17","0","0","0","0","0","0","0","0","0","0","0","0","0","0","0","0","0","1","0","1","0","0","0","0","1","3","0","4","0","0","0","0","4","27","1","31","0","0","0","1"
"경기도교육청","경기도구리남양주교육지원청","경기도 남양주시","S090001618","남양주양지초등학교","02","공립","N","","0","1","0","1","1","0","0","1","0","0","0","0","3","3","0","6","3","8","0","11","0","1","0","1","0","0","0","0","0","0","0","0","0","0","0","0","0","1","0","1","0","1","0","1","1","1","0","2","0","1","0","1","8","17","0","25","0","0","0","0"
"경기도교육청","경기도구리남양주교육지원청","경기도 남양주시","S090001619","남양주월문초등학교","02","공립","N","","1","0","0","1","0","1","0","1","0","0","0","0","0","3","0","3","1","3","0","4","0","0","0","0","0","0","0","0","0","0","0","0","0","0","0","0","0","0","0","0","0","1","0","1","0","1","0","1","0","0","0","0","2","9","0","11","0","0","0","0"
"경기도교육청","경기도구리남양주교육지원청","경기도 구리시","S090001620","내양초등학교","02","공립","N","","0","1","0","1","0","1","0","1","0","0","0","0","1","2","0","3","1","3","1","4","0","1","0","1","0","0","0","0","0","0","0","0","0","0","0","0","0","0","0","0","0","0","0","0","1","2","0","3","0","0","0","0","3","10","1","13","0","0","0","1"
"경기도교육청","경기도구리남양주교육지원청","경기도 남양주시","S090001621","답내초등학교","02","공립","N","","0","1","0","1","1","0","0","1","0","0","0","0","1","2","0","3","1","3","0","4","0","0","0","0","0","0","0","0","0","0","0","0","0","0","0","0","0","0","0","0","0","1","0","1","1","1","0","2","0","0","0","0","4","8","0","12","0","0","0","0"
"경기도교육청","경기도구리남양주교육지원청","경기도 남양주시","S090001622","덕소초등학교","02","공립","N","","1","0","0","1","0","1","0","1","0","0","0","0","2","3","0","5","2","12","1","14","0","2","0","2","0","0","0","0","0","0","0","0","0","0","0","0","0","1","0","1","0","1","0","1","0","2","0","2","0","1","0","1","5","23","1","28","0","0","0","1"
"경기도교육청","경기도구리남양주교육지원청","경기도 남양주시","S090001624","도농초등학교","02","공립","N","","1","0","0","1","1","0","0","1","0","0","0","0","2","4","0","6","3","20","6","23","0","0","0","0","0","1","0","1","0","0","0","0","0","0","0","0","0","1","0","1","0","0","0","0","1","4","0","5","0","0","0","0","8","30","6","38","0","0","0","6"
"경기도교육청","경기도구리남양주교육지원청","경기도 구리시","S090001625","도림초등학교","02","공립","N","","1","0","0","1","1","0","0","1","0","0","0","0","1","2","0","3","1","7","2","8","0","1","1","1","0","0","0","0","0","0","0","0","0","0","0","0","0","0","0","0","0","0","0","0","0","3","0","3","0","0","0","0","4","13","3","17","0","0","0","3"
"경기도교육청","경기도구리남양주교육지원청","경기도 남양주시","S090001626","도제원초등학교","02","공립","N","","0","1","0","1","1","0","0","1","0","0","0","0","6","1","0","7","10","8","0","18","0","1","0","1","0","0","0","0","0","0","0","0","0","0","0","0","0","1","0","1","0","0","0","0","0","2","0","2","0","0","0","0","17","14","0","31","0","0","0","0"
"경기도교육청","경기도구리남양주교육지원청","경기도 구리시","S090001627","동구초등학교","02","공립","N","","0","1","0","1","1","0","0","1","0","0","0","0","1","4","0","5","1","12","4","13","0","1","0","1","0","1","1","1","0","0","0","0","0","0","0","0","0","1","0","1","0","1","0","1","0","5","0","5","0","0","0","0","3","26","5","29","0","0","0","5"
"경기도교육청","경기도구리남양주교육지원청","경기도 구리시","S090001628","동인초등학교","02","공립","N","","1","0","0","1","1","0","0","1","0","0","0","0","3","9","0","12","2","34","7","36","0","2","1","2","0","1","0","1","0","0","0","0","0","0","0","0","0","1","0","1","0","1","0","1","1","2","0","3","0","1","0","1","8","51","8","59","0","0","0","8"
"경기도교육청","경기도구리남양주교육지원청","경기도 남양주시","S090001629","마석초등학교","02","공립","N","","0","1","0","1","1","0","0","1","0","0","0","0","4","5","0","9","4","20","4","24","0","2","1","2","0","1","0","1","0","0","0","0","0","0","0","0","0","1","0","1","0","1","0","1","0","2","0","2","0","0","0","0","9","33","5","42","0","0","0","5"
"경기도교육청","경기도구리남양주교육지원청","경기도 구리시","S090001632","백문초등학교","02","공립","N","","0","1","0","1","0","1","0","1","0","1","0","1","2","8","0","10","2","30","8","32","0","2","0","2","0","0","0","0","0","1","0","1","0","0","0","0","0","1","0","1","0","1","1","1","2","6","0","8","0","0","0","0","6","52","9","58","0","0","0","9"
"경기도교육청","경기도구리남양주교육지원청","경기도 남양주시","S090001634","별내초등학교","02","공립","N","","1","0","0","1","1","0","0","1","0","0","0","0","4","5","0","9","6","18","4","24","0","2","0","2","0","1","0","1","0","0","0","0","0","0","0","0","0","1","1","1","0","1","0","1","0","3","0","3","0","2","0","2","12","33","5","45","0","0","0","5"
"경기도교육청","경기도구리남양주교육지원청","경기도 구리시","S090001635","부양초등학교","02","공립","N","","1","0","0","1","0","1","0","1","0","0","0","0","2","5","0","7","1","14","4","15","0","1","0","1","0","0","0","0","0","0","0","0","0","0","0","0","0","1","0","1","0","1","0","1","2","3","0","5","0","0","0","0","6","26","4","32","0","0","0","4"
"경기도교육청","경기도구리남양주교육지원청","경기도 남양주시","S090001638","수동초등학교","02","공립","N","","0","1","0","1","1","0","0","1","0","0","0","0","1","3","0","4","1","4","2","5","0","1","0","1","0","0","0","0","0","0","0","0","0","0","0","0","0","0","0","0","0","1","0","1","1","1","0","2","0","0","0","0","4","11","2","15","0","0","0","2"
"경기도교육청","경기도구리남양주교육지원청","경기도 남양주시","S090001639","수동초등학교송천분교장","02","공립","N","","0","0","0","0","0","0","0","0","0","0","0","0","3","0","0","3","3","1","0","4","0","1","0","1","0","0","0","0","0","0","0","0","0","0","0","0","0","0","0","0","0","0","0","0","0","1","0","1","0","0","0","0","6","3","0","9","0","0","0","0"
"경기도교육청","경기도구리남양주교육지원청","경기도 구리시","S090001640","수택초등학교","02","공립","N","","0","1","0","1","0","1","0","1","0","0","0","0","4","1","0","5","2","12","0","14","0","1","0","1","0","1","0","1","0","0","0","0","0","0","0","0","0","1","0","1","0","1","0","1","1","0","0","1","0","0","0","0","7","19","0","26","0","0","0","0"
"경기도교육청","경기도구리남양주교육지원청","경기도 남양주시","S090001641","심석초등학교","02","사립","N","","0","1","0","1","1","0","0","1","0","0","0","0","3","3","0","6","2","6","1","8","0","0","0","0","0","0","0","0","0","0","0","0","0","0","0","0","0","0","0","0","0","0","0","0","4","8","0","12","0","0","0","0","10","18","1","28","0","0","0","1"
"경기도교육청","경기도구리남양주교육지원청","경기도 남양주시","S090001644","오남초등학교","02","공립","N","","0","1","0","1","1","0","0","1","0","0","0","0","3","2","0","5","2","9","5","11","0","1","0","1","0","0","0","0","0","0","0","0","0","0","0","0","0","1","0","1","0","1","0","1","2","4","0","6","0","0","0","0","8","19","5","27","0","0","0","5"
"경기도교육청","경기도구리남양주교육지원청","경기도 남양주시","S090001645","와부초등학교","02","공립","N","","1","0","0","1","0","1","0","1","0","0","0","0","4","5","0","9","6","24","4","30","0","0","0","0","0","0","0","0","0","0","0","0","0","0","0","0","0","1","0","1","0","1","0","1","2","1","0","3","0","0","0","0","13","33","4","46","0","0","0","4"
"경기도교육청","경기도구리남양주교육지원청","경기도 남양주시","S090001646","용신초등학교","02","공립","N","","0","1","0","1","0","1","0","1","0","0","0","0","2","0","0","2","2","5","0","7","0","1","0","1","0","0","0","0","0","0","0","0","0","0","0","0","0","1","0","1","0","1","0","1","0","3","0","3","0","0","0","0","4","13","0","17","0","0","0","0"
"경기도교육청","경기도구리남양주교육지원청","경기도 구리시","S090001648","인창초등학교","02","공립","N","","1","0","0","1","0","1","0","1","0","0","0","0","0","6","0","6","1","19","3","20","0","1","0","1","0","0","0","0","0","0","0","0","0","0","0","0","0","1","0","1","0","1","0","1","0","3","0","3","0","0","0","0","2","32","3","34","0","0","0","3"
"경기도교육청","경기도구리남양주교육지원청","경기도 남양주시","S090001649","장승초등학교","02","공립","N","","1","0","0","1","0","1","0","1","0","0","0","0","3","6","0","9","4","21","5","25","0","1","0","1","0","1","0","1","0","1","0","1","0","0","0","0","0","0","0","0","0","0","0","0","0","3","0","3","0","0","0","0","8","34","5","42","0","0","0","5"
"경기도교육청","경기도구리남양주교육지원청","경기도 구리시","S090001650","장자초등학교","02","공립","N","","1","0","0","1","1","0","0","1","0","0","0","0","3","4","0","7","2","16","4","18","0","0","0","0","0","0","0","0","0","0","0","0","0","0","0","0","0","1","0","1","0","0","0","0","1","4","0","5","0","0","0","0","8","25","4","33","0","0","0","4"
"경기도교육청","경기도구리남양주교육지원청","경기도 남양주시","S090001651","장현초등학교","02","공립","N","","0","1","0","1","1","0","0","1","0","0","0","0","5","4","0","9","3","15","0","18","1","0","0","1","0","0","0","0","0","0","0","0","0","0","0","0","0","1","0","1","0","1","0","1","1","3","0","4","0","0","0","0","11","25","0","36","0","0","0","0"
"경기도교육청","경기도구리남양주교육지원청","경기도 남양주시","S090001652","조안초등학교","02","공립","N","","1","0","0","1","0","1","0","1","0","0","0","0","3","0","0","3","1","4","1","5","0","0","0","0","0","0","0","0","0","0","0","0","0","0","0","0","0","0","0","0","0","0","0","0","0","2","0","2","0","0","0","0","5","7","1","12","0","0","0","1"
"경기도교육청","경기도구리남양주교육지원청","경기도 남양주시","S090001653","진건초등학교","02","공립","N","","0","1","0","1","1","0","0","1","0","0","0","0","1","4","0","5","2","11","2","13","0","1","0","1","0","0","0","0","0","0","0","0","0","0","0","0","0","1","0","1","0","1","0","1","1","4","0","5","0","0","0","0","5","23","2","28","0","0","0","2"
"경기도교육청","경기도구리남양주교육지원청","경기도 남양주시","S090001654","창현초등학교","02","공립","N","","1","0","0","1","0","1","0","1","0","0","0","0","3","6","0","9","4","21","2","25","0","1","0","1","0","0","0","0","0","1","0","1","0","0","0","0","0","1","0","1","0","1","0","1","0","2","0","2","0","0","0","0","8","34","2","42","0","0","0","2"
"경기도교육청","경기도구리남양주교육지원청","경기도 남양주시","S090001655","천마초등학교","02","공립","N","","0","1","0","1","0","1","0","1","0","0","0","0","1","7","0","8","2","24","2","26","0","2","0","2","0","0","0","0","0","0","0","0","0","0","0","0","0","1","0","1","0","1","0","1","0","6","0","6","0","0","0","0","3","43","2","46","0","0","0","2"
"경기도교육청","경기도구리남양주교육지원청","경기도 구리시","S090001657","토평초등학교","02","공립","N","","0","1","0","1","1","0","0","1","0","0","0","0","2","3","0","5","0","12","3","12","0","3","0","3","0","0","0","0","0","0","0","0","0","0","0","0","0","1","0","1","0","1","0","1","0","3","0","3","0","0","0","0","3","24","3","27","0","0","0","3"
"경기도교육청","경기도구리남양주교육지원청","경기도 남양주시","S090001658","퇴계원초등학교","02","공립","N","","0","1","0","1","1","0","0","1","0","0","0","0","3","4","0","7","3","11","4","14","0","2","0","2","0","1","0","1","0","0","0","0","0","0","0","0","0","1","0","1","0","1","0","1","1","6","0","7","0","0","0","0","8","27","4","35","0","0","0","4"
"경기도교육청","경기도구리남양주교육지원청","경기도 남양주시","S090001660","평내초등학교","02","공립","N","","0","1","0","1","0","1","0","1","0","0","0","0","3","4","0","7","3","12","3","15","0","1","0","1","0","0","0","0","0","0","0","0","0","0","0","0","0","1","1","1","0","1","0","1","1","5","0","6","0","0","0","0","7","26","4","33","0","0","0","4"
"경기도교육청","경기도구리남양주교육지원청","경기도 남양주시","S090001661","풍양초등학교","02","공립","N","","0","1","0","1","1","0","0","1","0","0","0","0","3","0","0","3","1","8","0","9","0","1","0","1","0","0","0","0","0","0","0","0","0","0","0","0","0","1","0","1","0","0","0","0","0","3","0","3","0","0","0","0","5","14","0","19","0","0","0","0"
"경기도교육청","경기도구리남양주교육지원청","경기도 남양주시","S090001662","호평초등학교","02","공립","N","","1","0","0","1","0","1","0","1","0","0","0","0","4","5","0","9","5","22","7","27","0","1","0","1","0","1","0","1","0","0","0","0","0","0","0","0","0","0","0","0","0","1","0","1","1","4","0","5","0","0","0","0","11","35","7","46","0","0","0","7"
"경기도교육청","경기도구리남양주교육지원청","경기도 남양주시","S090001663","화접초등학교","02","공립","N","","0","1","0","1","0","1","0","1","0","0","0","0","4","6","0","10","4","25","5","29","0","2","0","2","0","0","0","0","0","0","0","0","0","0","0","0","0","1","0","1","0","0","0","0","5","2","0","7","0","0","0","0","13","38","5","51","0","0","0","5"
"경기도교육청","경기도동두천양주교육지원청","경기도 양주시","S090001782","가납초등학교","02","공립","N","","0","1","0","1","0","1","0","1","0","1","0","1","2","3","0","5","5","9","2","14","0","1","0","1","0","1","0","1","0","0","0","0","0","0","0","0","0","1","0","1","0","1","0","1","0","3","0","3","0","0","0","0","7","22","2","29","0","0","0","2"
"경기도교육청","경기도동두천양주교육지원청","경기도 양주시","S090001784","고암초등학교","02","공립","N","","0","1","0","1","1","0","0","1","0","0","0","0","4","1","0","5","3","7","1","10","0","1","0","1","0","0","0","0","0","0","0","0","0","0","0","0","0","1","0","1","0","0","0","0","0","4","0","4","0","0","0","0","8","15","1","23","0","0","0","1"
"경기도교육청","경기도동두천양주교육지원청","경기도 양주시","S090001785","남면초등학교","02","공립","N","","1","0","0","1","1","0","0","1","0","0","0","0","2","1","0","3","1","6","1","7","0","1","0","1","0","0","0","0","0","0","0","0","0","0","0","0","0","0","0","0","0","1","1","1","0","2","0","2","0","0","0","0","5","11","2","16","0","0","0","2"
"경기도교육청","경기도동두천양주교육지원청","경기도 양주시","S090001786","남면초등학교양덕분교장","02","공립","N","","0","0","0","0","0","0","0","0","0","0","0","0","3","0","0","3","2","4","1","6","0","0","0","0","0","0","0","0","0","0","0","0","0","0","0","0","0","0","0","0","0","0","0","0","1","0","0","1","0","0","0","0","6","4","1","10","0","0","0","1"
"경기도교육청","경기도동두천양주교육지원청","경기도 양주시","S090001787","덕도초등학교","02","공립","N","","0","1","0","1","1","0","0","1","0","0","0","0","3","1","0","4","1","2","0","3","0","0","0","0","0","0","0","0","0","0","0","0","0","0","0","0","0","0","0","0","0","0","0","0","1","1","0","2","0","0","0","0","6","5","0","11","0","0","0","0"
"경기도교육청","경기도동두천양주교육지원청","경기도 양주시","S090001789","덕정초등학교","02","공립","N","","0","1","0","1","0","1","0","1","0","1","0","1","2","3","0","5","1","12","0","13","1","2","0","3","0","0","0","0","0","0","0","0","0","0","0","0","0","1","0","1","0","0","0","0","1","4","0","5","0","0","0","0","5","25","0","30","0","0","0","0"
"경기도교육청","경기도동두천양주교육지원청","경기도 동두천시","S090001791","동두천초등학교","02","공립","N","","0","1","0","1","0","1","0","1","0","0","0","0","1","4","0","5","2","7","0","9","1","1","0","2","0","1","0","1","0","0","0","0","0","0","0","0","0","1","0","1","0","1","0","1","1","2","0","3","0","0","0","0","5","19","0","24","0","0","0","0"
"경기도교육청","경기도동두천양주교육지원청","경기도 동두천시","S090001793","동보초등학교","02","공립","N","","1","0","0","1","1","0","0","1","0","0","0","0","2","1","0","3","2","4","0","6","0","1","0","1","0","0","0","0","0","0","0","0","0","0","0","0","0","0","0","0","0","0","0","0","1","3","0","4","0","0","0","0","7","9","0","16","0","0","0","0"
"경기도교육청","경기도동두천양주교육지원청","경기도 동두천시","S090001795","보산초등학교","02","공립","N","","1","0","0","1","1","0","0","1","0","0","0","0","5","0","0","5","3","9","1","12","0","1","0","1","0","1","0","1","0","0","0","0","0","0","0","0","0","1","0","1","0","0","0","0","2","3","0","5","0","0","0","0","12","15","1","27","0","0","0","1"
"경기도교육청","경기도동두천양주교육지원청","경기도 양주시","S090001796","봉암초등학교","02","공립","N","","1","0","0","1","0","1","0","1","0","0","0","0","2","1","0","3","0","4","0","4","0","0","0","0","0","0","0","0","0","0","0","0","0","0","0","0","0","0","0","0","0","0","0","0","0","1","0","1","0","0","0","0","3","7","0","10","0","0","0","0"
"경기도교육청","경기도동두천양주교육지원청","경기도 동두천시","S090001797","사동초등학교","02","공립","N","","1","0","0","1","1","0","0","1","0","0","0","0","5","2","0","7","4","11","2","15","1","0","0","1","0","0","0","0","0","0","0","0","0","0","0","0","0","1","0","1","0","0","0","0","1","4","0","5","0","0","0","0","13","18","2","31","0","0","0","2"
"경기도교육청","경기도동두천양주교육지원청","경기도 양주시","S090001798","산북초등학교","02","공립","N","","1","0","0","1","1","0","0","1","0","0","0","0","1","2","0","3","1","3","1","4","0","1","0","1","0","0","0","0","0","0","0","0","0","0","0","0","0","0","0","0","0","0","0","0","2","2","0","4","0","0","0","0","6","8","1","14","0","0","0","1"
"경기도교육청","경기도동두천양주교육지원청","경기도 양주시","S090001799","삼상초등학교","02","공립","N","","0","1","0","1","0","1","0","1","0","0","0","0","2","0","0","2","3","2","0","5","0","1","1","1","0","0","0","0","0","0","0","0","0","0","0","0","0","0","0","0","0","0","0","0","0","4","0","4","0","0","0","0","5","9","1","14","0","0","0","1"
"경기도교육청","경기도동두천양주교육지원청","경기도 양주시","S090001800","상수초등학교","02","공립","N","","1","0","0","1","1","0","0","1","0","0","0","0","1","3","0","4","1","2","0","3","0","0","0","0","0","0","0","0","0","0","0","0","0","0","0","0","0","0","0","0","0","0","0","0","0","1","0","1","0","0","0","0","4","6","0","10","0","0","0","0"
"경기도교육청","경기도동두천양주교육지원청","경기도 양주시","S090001801","상패초등학교","02","공립","N","","1","0","0","1","0","1","0","1","0","0","0","0","0","3","0","3","3","2","1","5","0","1","0","1","0","0","0","0","0","0","0","0","0","0","0","0","0","0","0","0","0","0","0","0","0","2","0","2","0","0","0","0","4","9","1","13","0","0","0","1"
"경기도교육청","경기도동두천양주교육지원청","경기도 동두천시","S090001802","생연초등학교","02","공립","N","","1","0","0","1","1","0","0","1","0","0","0","0","0","5","0","5","1","10","2","11","0","1","0","1","0","1","0","1","0","0","0","0","0","0","0","0","0","1","0","1","0","1","0","1","1","3","0","4","0","0","0","0","4","22","2","26","0","0","0","2"
"경기도교육청","경기도동두천양주교육지원청","경기도 동두천시","S090001803","소요초등학교","02","공립","N","","1","0","0","1","0","1","0","1","0","0","0","0","1","2","0","3","1","4","1","5","0","1","0","1","0","0","0","0","0","0","0","0","0","0","0","0","0","0","0","0","0","0","0","0","0","1","0","1","0","0","0","0","3","9","1","12","0","0","0","1"
"경기도교육청","경기도동두천양주교육지원청","경기도 양주시","S090001804","송추초등학교","02","공립","N","","1","0","0","1","1","0","0","1","0","0","0","0","2","1","0","3","1","5","0","6","0","1","0","1","0","0","0","0","0","0","0","0","0","0","0","0","0","0","0","0","0","1","0","1","1","1","0","2","0","0","0","0","6","9","0","15","0","0","0","0"
"경기도교육청","경기도동두천양주교육지원청","경기도 양주시","S090001806","양주덕산초등학교","02","공립","N","","1","0","0","1","1","0","0","1","0","0","0","0","0","5","0","5","3","11","1","14","0","1","0","1","0","0","0","0","0","0","0","0","0","0","0","0","0","1","0","1","0","1","0","1","1","2","0","3","0","0","0","0","6","21","1","27","0","0","0","1"
"경기도교육청","경기도동두천양주교육지원청","경기도 양주시","S090001807","양주덕현초등학교","02","공립","N","","0","1","0","1","1","0","0","1","0","0","0","0","3","7","0","10","5","22","3","27","0","1","0","1","0","0","0","0","0","0","0","0","0","0","0","0","0","1","0","1","0","0","0","0","2","2","0","4","0","0","0","0","11","34","3","45","0","0","0","3"
"경기도교육청","경기도동두천양주교육지원청","경기도 양주시","S090001808","양주백석초등학교","02","공립","N","","1","0","0","1","0","1","0","1","0","0","0","0","3","2","0","5","1","8","2","9","0","1","0","1","0","0","0","0","0","0","0","0","0","0","0","0","0","1","0","1","0","0","0","0","0","5","0","5","0","0","0","0","5","18","2","23","0","0","0","2"
"경기도교육청","경기도동두천양주교육지원청","경기도 양주시","S090001809","연곡초등학교","02","공립","N","","1","0","0","1","0","1","0","1","0","0","0","0","2","1","0","3","2","2","0","4","0","0","0","0","0","0","0","0","0","0","0","0","0","0","0","0","0","0","0","0","0","0","0","0","0","1","0","1","0","0","0","0","5","5","0","10","0","0","0","0"
"경기도교육청","경기도동두천양주교육지원청","경기도 양주시","S090001810","유양초등학교","02","공립","N","","0","1","0","1","0","1","0","1","0","0","0","0","0","3","0","3","1","3","0","4","0","0","0","0","0","0","0","0","0","0","0","0","0","0","0","0","0","0","0","0","0","0","0","0","0","2","0","2","0","0","0","0","1","10","0","11","0","0","0","0"
"경기도교육청","경기도동두천양주교육지원청","경기도 양주시","S090001812","은봉초등학교","02","공립","N","","0","1","0","1","1","0","0","1","0","0","0","0","2","3","0","5","1","10","1","11","0","0","0","0","0","0","0","0","0","0","0","0","0","0","0","0","0","0","0","0","0","1","0","1","1","4","0","5","0","0","0","0","5","19","1","24","0","0","0","1"
"경기도교육청","경기도동두천양주교육지원청","경기도 양주시","S090001813","은현초등학교","02","공립","N","","0","1","0","1","1","0","0","1","0","0","0","0","0","2","0","2","1","5","0","6","1","0","0","1","0","0","0","0","0","0","0","0","0","0","0","0","0","0","0","0","0","1","0","1","0","2","0","2","0","0","0","0","3","11","0","14","0","0","0","0"
"경기도교육청","경기도동두천양주교육지원청","경기도 동두천시","S090001814","지행초등학교","02","공립","N","","1","0","0","1","1","0","0","1","0","0","0","0","4","6","0","10","10","19","5","29","1","2","0","3","0","0","0","0","0","0","0","0","0","0","0","0","0","1","0","1","0","0","0","0","3","1","0","4","0","0","0","0","20","29","5","49","0","0","0","5"
"경기도교육청","경기도동두천양주교육지원청","경기도 양주시","S090001815","천보초등학교","02","공립","N","","0","1","0","1","1","0","0","1","0","0","0","0","5","6","0","11","7","21","4","28","1","0","0","1","0","1","0","1","0","0","0","0","0","0","0","0","0","1","1","1","0","1","0","1","1","5","0","6","0","0","0","0","15","36","5","51","0","0","0","5"
"경기도교육청","경기도동두천양주교육지원청","경기도 양주시","S090001816","칠봉초등학교","02","공립","N","","1","0","0","1","1","0","0","1","0","0","0","0","5","3","0","8","4","14","4","18","0","0","0","0","0","0","0","0","0","0","0","0","0","0","0","0","0","1","1","1","0","1","0","1","2","2","0","4","0","0","0","0","13","21","5","34","0","0","0","5"
"경기도교육청","경기도동두천양주교육지원청","경기도 동두천시","S090001817","탑동초등학교","02","공립","N","","0","1","0","1","0","1","0","1","0","0","0","0","0","3","0","3","1","3","0","4","0","0","0","0","0","0","0","0","0","0","0","0","0","0","0","0","0","0","0","0","0","0","0","0","0","3","0","3","0","0","0","0","1","11","0","12","0","0","0","0"
"경기도교육청","경기도동두천양주교육지원청","경기도 양주시","S090001819","회정초등학교","02","공립","N","","1","0","0","1","1","0","0","1","0","0","0","0","2","2","0","4","6","6","2","12","0","1","0","1","0","0","0","0","0","0","0","0","0","0","0","0","0","1","0","1","0","0","0","0","1","1","0","2","0","0","0","0","11","11","2","22","0","0","0","2"
"경기도교육청","경기도동두천양주교육지원청","경기도 양주시","S090001820","회천초등학교","02","공립","N","","0","1","0","1","1","0","0","1","0","1","0","1","2","4","0","6","5","12","1","17","1","0","0","1","0","0","0","0","0","1","0","1","0","0","0","0","0","1","0","1","0","0","0","0","0","4","0","4","0","0","0","0","9","24","1","33","0","0","0","1"
"경기도교육청","경기도동두천양주교육지원청","경기도 양주시","S090001821","효촌초등학교","02","공립","N","","0","1","0","1","1","0","0","1","0","0","0","0","0","3","0","3","3","1","0","4","0","0","0","0","0","0","0","0","0","0","0","0","0","0","0","0","0","0","0","0","0","0","0","0","0","2","0","2","0","0","0","0","4","7","0","11","0","0","0","0"
"경기도교육청","경기도부천교육지원청","경기도 부천시 원미구","S090001914","계남초등학교","02","공립","N","","0","1","0","1","1","1","0","2","0","0","0","0","3","10","0","13","3","42","10","45","0","1","0","1","0","0","0","0","0","0","0","0","0","0","0","0","0","1","0","1","0","1","0","1","4","5","0","9","0","0","0","0","11","62","10","73","0","0","0","10"
"경기도교육청","경기도부천교육지원청","경기도 부천시 오정구","S090001915","고강초등학교","02","공립","N","","1","0","0","1","1","0","0","1","0","0","0","0","1","6","0","7","3","11","2","14","0","1","0","1","0","1","0","1","0","0","0","0","0","0","0","0","0","1","0","1","0","1","0","1","0","5","0","5","0","0","0","0","6","26","2","32","0","0","0","2"
"경기도교육청","경기도부천교육지원청","경기도 부천시 오정구","S090001916","고리울초등학교","02","공립","N","","0","1","0","1","1","0","0","1","0","0","0","0","2","3","0","5","2","11","2","13","0","1","0","1","0","1","0","1","0","0","0","0","0","0","0","0","0","1","1","1","0","0","0","0","0","4","0","4","0","0","0","0","5","22","3","27","0","0","0","3"
"경기도교육청","경기도부천교육지원청","경기도 부천시 오정구","S090001918","까치울초등학교","02","공립","N","","0","1","0","1","1","0","0","1","0","0","0","0","1","2","0","3","1","7","2","8","0","2","0","2","0","0","0","0","0","1","0","1","0","0","0","0","0","1","0","1","0","0","0","0","2","2","0","4","0","0","0","0","5","16","2","21","0","0","0","2"
"경기도교육청","경기도부천교육지원청","경기도 부천시 원미구","S090001944","도당초등학교","02","공립","N","","1","0","0","1","0","1","0","1","0","0","0","0","1","8","0","9","4","26","2","30","0","2","0","2","0","1","0","1","0","0","0","0","0","0","0","0","0","1","0","1","0","1","1","1","0","4","0","4","0","0","0","0","6","44","3","50","0","0","0","3"
"경기도교육청","경기도부천교육지원청","경기도 부천시 소사구","S090001945","도원초등학교","02","공립","N","","0","1","0","1","0","1","0","1","0","0","0","0","3","2","0","5","4","13","5","17","0","1","0","1","0","0","0","0","0","0","0","0","0","0","0","0","0","1","0","1","0","1","1","1","0","8","0","8","0","0","0","0","7","28","6","35","0","0","0","6"
"경기도교육청","경기도부천교육지원청","경기도 부천시 원미구","S090001946","동곡초등학교","02","공립","N","","1","0","0","1","1","0","0","1","0","0","0","0","1","8","0","9","1","18","2","19","0","0","0","0","0","0","0","0","0","0","0","0","0","0","0","0","0","1","0","1","0","1","0","1","0","5","0","5","0","0","0","0","4","33","2","37","0","0","0","2"
"경기도교육청","경기도부천교육지원청","경기도 부천시 소사구","S090001953","범박초등학교","02","공립","N","","1","0","0","1","1","0","0","1","0","0","0","0","1","6","0","7","2","33","6","35","0","1","0","1","0","1","0","1","0","0","0","0","0","0","0","0","0","1","0","1","0","0","0","0","2","3","0","5","0","0","0","0","7","45","6","52","0","0","0","6"
"경기도교육청","경기도부천교육지원청","경기도 부천시 소사구","S090001954","복사초등학교","02","공립","N","","0","1","0","1","0","1","0","1","0","0","0","0","3","3","0","6","2","18","4","20","0","1","0","1","0","0","0","0","0","0","0","0","0","0","0","0","0","0","0","0","0","0","0","0","0","6","0","6","0","0","0","0","5","30","4","35","0","0","0","4"
"경기도교육청","경기도부천교육지원청","경기도 부천시 원미구","S090001956","부광초등학교","02","공립","N","","1","0","0","1","1","0","0","1","0","0","0","0","2","2","0","4","2","8","1","10","1","1","0","2","0","0","0","0","0","0","0","0","0","0","0","0","0","1","0","1","0","1","0","1","0","1","0","1","0","0","0","0","7","14","1","21","0","0","0","1"
"경기도교육청","경기도부천교육지원청","경기도 부천시 원미구","S090001957","부명초등학교","02","공립","N","","1","0","0","1","1","0","0","1","0","0","0","0","1","7","0","8","2","15","3","17","0","1","0","1","0","0","0","0","0","0","0","0","0","0","0","0","0","1","0","1","0","1","0","1","1","3","0","4","0","0","0","0","6","28","3","34","0","0","0","3"
"경기도교육청","경기도부천교육지원청","경기도 부천시 소사구","S090001959","부원초등학교","02","공립","N","","1","0","0","1","0","1","0","1","0","0","0","0","4","3","0","7","2","20","3","22","0","1","0","1","0","0","0","0","0","0","0","0","0","0","0","0","0","1","0","1","0","1","0","1","0","2","0","2","0","0","0","0","7","29","3","36","0","0","0","3"
"경기도교육청","경기도부천교육지원청","경기도 부천시 원미구","S090001960","부인초등학교","02","공립","N","","0","1","0","1","0","1","0","1","0","0","0","0","2","5","0","7","3","14","4","17","0","1","0","1","0","0","0","0","0","1","0","1","0","0","0","0","0","1","0","1","0","1","0","1","1","5","0","6","0","0","0","0","6","30","4","36","0","0","0","4"
"경기도교육청","경기도부천교육지원청","경기도 부천시 원미구","S090001961","부일초등학교","02","공립","N","","1","0","0","1","0","1","0","1","0","0","0","0","2","3","0","5","2","10","2","12","0","3","0","3","0","0","0","0","0","0","0","0","0","0","0","0","0","1","0","1","0","1","1","1","1","3","0","4","0","0","0","0","6","22","3","28","0","0","0","3"
"경기도교육청","경기도부천교육지원청","경기도 부천시 소사구","S090001962","부천남초등학교","02","공립","N","","0","1","0","1","0","1","0","1","0","0","0","0","1","8","0","9","3","16","4","19","0","1","0","1","0","1","0","1","0","0","0","0","0","0","0","0","0","1","0","1","0","1","0","1","1","3","0","4","0","0","0","0","5","33","4","38","0","0","0","4"
"경기도교육청","경기도부천교육지원청","경기도 부천시 오정구","S090001963","부천대명초등학교","02","공립","N","","1","0","0","1","0","1","0","1","0","0","0","0","2","5","0","7","4","12","0","16","0","1","0","1","0","1","1","1","0","0","0","0","0","0","0","0","0","1","0","1","0","1","1","1","0","5","0","5","0","2","0","2","7","29","2","36","0","0","0","2"
"경기도교육청","경기도부천교육지원청","경기도 부천시 오정구","S090001964","부천덕산초등학교","02","공립","N","","0","1","0","1","0","1","0","1","0","0","0","0","2","5","0","7","1","10","2","11","0","1","0","1","0","1","0","1","0","0","0","0","0","0","0","0","0","1","0","1","0","1","0","1","2","3","0","5","0","0","0","0","5","24","2","29","0","0","0","2"
"경기도교육청","경기도부천교육지원청","경기도 부천시 원미구","S090001966","부천동초등학교","02","공립","N","","0","1","0","1","1","0","0","1","0","0","0","0","4","3","0","7","2","10","1","12","0","1","0","1","0","1","0","1","0","0","0","0","0","0","0","0","0","1","0","1","0","1","0","1","0","4","0","4","0","0","0","0","7","22","1","29","0","0","0","1"
"경기도교육청","경기도부천교육지원청","경기도 부천시 원미구","S090001967","부천부곡초등학교","02","공립","N","","0","1","0","1","1","0","0","1","0","1","0","1","2","5","0","7","1","13","2","14","1","0","0","1","0","0","0","0","0","0","0","0","0","0","0","0","0","1","0","1","0","1","0","1","0","5","0","5","0","0","0","0","5","27","2","32","0","0","0","2"
"경기도교육청","경기도부천교육지원청","경기도 부천시 소사구","S090001968","부천부안초등학교","02","공립","N","","1","0","0","1","1","0","0","1","0","0","0","0","3","3","0","6","1","16","1","17","1","0","0","1","0","1","0","1","0","0","0","0","0","0","0","0","0","1","0","1","0","1","0","1","0","1","0","1","0","0","0","0","7","23","1","30","0","0","0","1"
"경기도교육청","경기도부천교육지원청","경기도 부천시 원미구","S090001969","부천부흥초등학교","02","공립","N","","0","1","0","1","0","1","0","1","0","1","0","1","2","5","0","7","2","18","4","20","0","1","0","1","0","0","0","0","0","0","0","0","0","0","0","0","0","1","0","1","0","1","0","1","4","2","0","6","0","0","0","0","8","31","4","39","0","0","0","4"
"경기도교육청","경기도부천교육지원청","경기도 부천시 원미구","S090001970","부천북초등학교","02","공립","N","","1","0","0","1","1","0","0","1","0","0","0","0","4","6","0","10","8","20","4","28","0","1","0","1","0","1","0","1","0","1","0","1","0","0","0","0","0","1","0","1","0","1","0","1","1","4","0","5","0","0","0","0","15","35","4","50","0","0","0","4"
"경기도교육청","경기도부천교육지원청","경기도 부천시 오정구","S090001971","부천삼정초등학교","02","공립","N","","1","0","0","1","1","0","0","1","0","0","0","0","2","3","0","5","2","11","3","13","1","1","1","2","0","1","0","1","0","0","0","0","0","0","0","0","0","1","0","1","0","0","0","0","1","3","0","4","0","0","0","0","8","20","4","28","0","0","0","4"
"경기도교육청","경기도부천교육지원청","경기도 부천시 원미구","S090001972","부천서초등학교","02","공립","N","","1","0","0","1","1","0","0","1","0","0","0","0","1","8","0","9","2","23","2","25","0","0","0","0","0","0","0","0","0","0","0","0","0","0","0","0","0","1","0","1","0","1","0","1","1","3","0","4","0","0","0","0","6","36","2","42","0","0","0","2"
"경기도교육청","경기도부천교육지원청","경기도 부천시 오정구","S090001973","부천수주초등학교","02","공립","N","","0","1","0","1","1","0","0","1","0","0","0","0","1","4","0","5","1","12","3","13","0","1","0","1","0","0","0","0","0","0","0","0","0","0","0","0","0","1","0","1","0","1","0","1","1","0","0","1","0","0","0","0","4","20","3","24","0","0","0","3"
"경기도교육청","경기도부천교육지원청","경기도 부천시 원미구","S090001974","부천신흥초등학교","02","공립","N","","0","1","0","1","1","0","0","1","0","0","0","0","6","1","0","7","0","18","2","18","0","2","0","2","0","0","0","0","0","0","0","0","0","0","0","0","0","1","0","1","0","1","0","1","0","3","0","3","0","0","0","0","7","27","2","34","0","0","0","2"
"경기도교육청","경기도부천교육지원청","경기도 부천시 오정구","S090001975","부천여월초등학교","02","공립","N","","0","1","0","1","1","0","0","1","0","0","0","0","3","4","0","7","2","16","1","18","0","1","0","1","0","0","0","0","0","1","0","1","0","0","0","0","0","1","0","1","0","1","0","1","0","2","0","2","0","0","0","0","6","27","1","33","0","0","0","1"
"경기도교육청","경기도부천교육지원청","경기도 부천시 원미구","S090001976","부천역곡초등학교","02","공립","N","","1","0","0","1","0","1","0","1","0","0","0","0","2","6","0","8","1","17","3","18","0","1","1","1","0","0","0","0","0","0","0","0","0","0","0","0","0","1","0","1","0","0","0","0","1","5","0","6","0","0","0","0","5","31","4","36","0","0","0","4"
"경기도교육청","경기도부천교육지원청","경기도 부천시 오정구","S090001977","부천원일초등학교","02","공립","N","","1","0","0","1","1","0","0","1","0","0","0","0","3","2","0","5","0","12","2","12","0","2","0","2","0","0","0","0","0","0","0","0","0","0","0","0","0","1","0","1","0","1","0","1","1","2","0","3","0","0","0","0","6","20","2","26","0","0","0","2"
"경기도교육청","경기도부천교육지원청","경기도 부천시 원미구","S090001978","부천중앙초등학교","02","공립","N","","1","0","0","1","1","0","0","1","0","0","0","0","3","6","0","9","3","19","4","22","0","1","0","1","0","1","0","1","0","0","0","0","0","0","0","0","0","1","0","1","0","1","0","1","2","2","0","4","0","0","0","0","10","31","4","41","0","0","0","4"
"경기도교육청","경기도부천교육지원청","경기도 부천시 원미구","S090001979","부천중원초등학교","02","공립","N","","0","1","0","1","1","0","0","1","0","0","0","0","1","2","0","3","3","9","4","12","0","0","0","0","0","0","0","0","0","0","0","0","0","0","0","0","0","1","0","1","0","1","0","1","0","2","0","2","0","0","0","0","5","16","4","21","0","0","0","4"
"경기도교육청","경기도부천교육지원청","경기도 부천시 원미구","S090001980","부천초등학교","02","공립","N","","0","1","0","1","0","1","0","1","0","0","0","0","1","5","0","6","4","15","2","19","0","0","0","0","0","0","0","0","0","0","0","0","0","0","0","0","0","1","0","1","0","1","1","1","1","6","0","7","0","0","0","0","6","30","3","36","0","0","0","3"
"경기도교육청","경기도부천교육지원청","경기도 부천시 원미구","S090001987","상도초등학교","02","공립","N","","0","1","0","1","1","0","0","1","0","1","0","1","0","5","0","5","2","14","2","16","0","0","0","0","0","0","0","0","0","1","0","1","0","0","0","0","0","1","0","1","0","0","0","0","1","4","0","5","0","0","0","0","4","27","2","31","0","0","0","2"
"경기도교육청","경기도부천교육지원청","경기도 부천시 원미구","S090001988","상동초등학교","02","공립","N","","0","1","0","1","0","1","0","1","0","0","0","0","4","7","0","11","3","29","8","32","0","0","0","0","0","0","0","0","0","1","0","1","0","0","0","0","0","1","0","1","0","1","0","1","1","5","0","6","0","0","0","0","8","46","8","54","0","0","0","8"
"경기도교육청","경기도부천교육지원청","경기도 부천시 원미구","S090001989","상원초등학교","02","공립","N","","1","0","0","1","0","1","0","1","0","0","0","0","3","2","0","5","1","11","1","12","0","1","0","1","0","0","0","0","0","0","0","0","0","0","0","0","0","1","0","1","0","0","0","0","1","3","0","4","0","0","0","0","6","19","1","25","0","0","0","1"
"경기도교육청","경기도부천교육지원청","경기도 부천시 원미구","S090001990","상인초등학교","02","공립","N","","1","0","0","1","0","1","0","1","0","0","0","0","5","6","0","11","2","33","2","35","0","2","0","2","0","0","0","0","0","0","0","0","0","0","0","0","1","0","0","1","0","0","0","0","0","3","0","3","0","0","0","0","9","45","2","54","0","0","0","2"
"경기도교육청","경기도부천교육지원청","경기도 부천시 원미구","S090001991","상일초등학교","02","공립","N","","1","0","0","1","0","1","0","1","0","0","0","0","2","9","0","11","3","38","7","41","0","1","0","1","0","0","0","0","0","1","0","1","0","0","0","0","0","1","0","1","0","1","0","1","0","4","0","4","0","0","0","0","6","56","7","62","0","0","0","7"
"경기도교육청","경기도부천교육지원청","경기도 부천시 원미구","S090001992","상지초등학교","02","공립","N","","1","0","0","1","1","0","0","1","0","0","0","0","2","3","0","5","0","9","0","9","0","1","0","1","0","1","0","1","0","0","0","0","0","0","0","0","0","1","1","1","0","1","0","1","0","3","0","3","0","0","0","0","4","19","1","23","0","0","0","1"
"경기도교육청","경기도부천교육지원청","경기도 부천시 소사구","S090002001","성주초등학교","02","공립","N","","1","0","0","1","1","0","0","1","0","0","0","0","2","8","0","10","5","13","3","18","1","0","0","1","0","0","0","0","0","0","0","0","0","0","0","0","0","1","1","1","0","1","0","1","2","4","0","6","0","0","0","0","12","27","4","39","0","0","0","4"
"경기도교육청","경기도부천교육지원청","경기도 부천시 소사구","S090002002","소사초등학교","02","공립","N","","1","0","0","1","1","0","0","1","0","0","0","0","6","8","0","14","3","24","8","27","0","1","0","1","0","0","0","0","0","0","0","0","0","0","0","0","0","1","0","1","0","1","0","1","4","6","0","10","0","0","0","0","15","41","8","56","0","0","0","8"
"경기도교육청","경기도부천교육지원청","경기도 부천시 원미구","S090002003","송내초등학교","02","공립","N","","1","0","0","1","0","1","0","1","0","0","0","0","0","3","0","3","1","6","0","7","1","0","0","1","0","0","0","0","0","0","0","0","0","0","0","0","0","0","0","0","0","0","0","0","0","3","0","3","0","0","0","0","3","13","0","16","0","0","0","0"
"경기도교육청","경기도부천교육지원청","경기도 부천시 원미구","S090002007","신도초등학교","02","공립","N","","0","1","0","1","1","0","0","1","0","0","0","0","3","6","0","9","4","19","2","23","0","1","0","1","0","0","0","0","0","1","0","1","0","0","0","0","0","1","0","1","0","1","1","1","1","2","0","3","0","0","0","0","9","32","3","41","0","0","0","3"
"경기도교육청","경기도부천교육지원청","경기도 부천시 소사구","S090002011","소일초등학교","02","공립","N","","0","1","0","1","0","1","0","1","0","0","0","0","2","3","0","5","3","9","1","12","0","1","0","1","0","0","0","0","0","0","0","0","0","0","0","0","0","1","0","1","0","0","0","0","0","5","0","5","0","0","0","0","5","21","1","26","0","0","0","1"
"경기도교육청","경기도부천교육지원청","경기도 부천시 원미구","S090002015","심곡초등학교","02","공립","N","","0","1","0","1","1","0","0","1","0","0","0","0","2","6","0","8","4","19","6","23","0","0","0","0","0","1","0","1","0","0","0","0","0","0","0","0","0","1","0","1","0","1","0","1","3","3","0","6","0","0","0","0","10","32","6","42","0","0","0","6"
"경기도교육청","경기도부천교육지원청","경기도 부천시 원미구","S090002016","심원초등학교","02","공립","N","","1","0","0","1","0","1","0","1","0","0","0","0","2","8","0","10","5","20","0","25","0","1","0","1","0","0","0","0","0","0","0","0","0","0","0","0","0","1","0","1","0","1","0","1","1","3","0","4","0","0","0","0","9","35","0","44","0","0","0","0"
"경기도교육청","경기도부천교육지원청","경기도 부천시 원미구","S090002017","약대초등학교","02","공립","N","","0","1","0","1","1","0","0","1","0","0","0","0","1","2","0","3","1","8","1","9","0","1","0","1","0","1","0","1","0","0","0","0","0","0","0","0","0","1","0","1","0","0","0","0","1","2","0","3","0","0","0","0","4","16","1","20","0","0","0","1"
"경기도교육청","경기도부천교육지원청","경기도 부천시 오정구","S090002022","오정초등학교","02","공립","N","","0","1","0","1","1","0","0","1","0","0","0","0","3","4","0","7","2","17","2","19","0","1","0","1","0","1","0","1","0","0","0","0","0","0","0","0","0","1","0","1","0","1","0","1","1","1","0","2","0","0","0","0","7","27","2","34","0","0","0","2"
"경기도교육청","경기도부천교육지원청","경기도 부천시 원미구","S090002026","원미초등학교","02","공립","N","","1","0","0","1","1","0","0","1","0","1","0","1","7","3","0","10","3","19","0","22","0","2","0","2","1","0","0","1","0","0","0","0","0","0","0","0","0","1","0","1","0","1","0","1","1","3","0","4","0","0","0","0","14","30","0","44","0","0","0","0"
"경기도교육청","경기도부천교육지원청","경기도 부천시 오정구","S090002027","원종초등학교","02","공립","N","","0","1","0","1","0","1","0","1","0","0","0","0","1","6","0","7","3","16","1","19","0","1","0","1","0","1","0","1","0","0","0","0","0","0","0","0","0","1","0","1","0","1","0","1","1","1","0","2","0","0","0","0","5","29","1","34","0","0","0","1"
"경기도교육청","경기도부천교육지원청","경기도 부천시 원미구","S090002038","중흥초등학교","02","공립","N","","0","1","0","1","1","0","0","1","0","1","0","1","3","7","0","10","2","28","4","30","1","0","0","1","0","1","0","1","0","0","0","0","0","0","0","0","0","0","0","0","0","1","0","1","1","5","0","6","0","0","0","0","8","44","4","52","0","0","0","4"
"경기도교육청","경기도부천교육지원청","경기도 부천시 소사구","S090002039","창영초등학교","02","공립","N","","1","0","0","1","1","0","0","1","0","0","0","0","3","6","0","9","2","17","2","19","0","1","0","1","0","0","0","0","0","0","0","0","0","0","0","0","0","1","0","1","0","1","0","1","1","2","0","3","0","0","0","0","8","28","2","36","0","0","0","2"
"경기도교육청","경기도성남교육지원청","경기도 성남시 중원구","S090002210","검단초등학교","02","공립","N","","0","1","0","1","0","1","0","1","0","0","0","0","0","7","0","7","0","13","4","13","0","3","0","3","0","0","0","0","0","0","0","0","0","0","0","0","0","1","0","1","0","0","0","0","3","4","0","7","0","0","0","0","3","30","4","33","0","0","0","4"
"경기도교육청","경기도성남교육지원청","경기도 성남시 분당구","S090002211","구미초등학교","02","공립","N","","0","1","0","1","0","1","0","1","0","0","0","0","0","7","0","7","2","22","6","24","0","1","0","1","0","1","0","1","0","0","0","0","0","0","0","0","0","1","0","1","0","1","1","1","0","2","0","2","0","0","0","0","2","37","7","39","0","0","0","7"
"경기도교육청","경기도성남교육지원청","경기도 성남시 수정구","S090002214","금빛초등학교","02","공립","N","","0","1","0","1","1","0","0","1","0","0","0","0","2","2","0","4","0","12","4","12","0","1","0","1","0","0","0","0","0","0","0","0","0","0","0","0","0","1","0","1","0","1","0","1","2","3","0","5","0","0","0","0","5","21","4","26","0","0","0","4"
"경기도교육청","경기도성남교육지원청","경기도 성남시 중원구","S090002215","금상초등학교","02","공립","N","","0","1","0","1","1","0","0","1","0","0","0","0","1","8","0","9","3","23","8","26","0","2","0","2","0","0","0","0","0","0","0","0","0","0","0","0","0","1","1","1","0","0","0","0","0","5","0","5","0","0","0","0","5","40","9","45","0","0","0","9"
"경기도교육청","경기도성남교육지원청","경기도 성남시 분당구","S090002216","낙생초등학교","02","공립","N","","0","1","0","1","2","0","0","2","0","0","0","0","1","10","0","11","3","37","6","40","0","2","0","2","0","1","0","1","0","0","0","0","0","0","0","0","0","1","0","1","0","0","0","0","3","4","0","7","0","0","0","0","9","56","6","65","0","0","0","6"
"경기도교육청","경기도성남교육지원청","경기도 성남시 분당구","S090002217","내정초등학교","02","공립","N","","0","1","0","1","2","0","0","2","0","0","0","0","2","10","0","12","2","43","10","45","0","0","0","0","0","1","0","1","0","0","0","0","0","0","0","0","0","1","0","1","0","1","0","1","2","7","0","9","0","0","0","0","8","64","10","72","0","0","0","10"
"경기도교육청","경기도성남교육지원청","경기도 성남시 중원구","S090002218","단남초등학교","02","공립","N","","0","1","0","1","0","1","0","1","0","0","0","0","0","7","0","7","1","18","2","19","0","2","0","2","0","1","0","1","0","0","0","0","0","0","0","0","0","1","0","1","0","0","0","0","0","4","0","4","0","0","0","0","1","35","2","36","0","0","0","2"
"경기도교육청","경기도성남교육지원청","경기도 성남시 수정구","S090002219","단대초등학교","02","공립","N","","1","0","0","1","1","0","0","1","0","0","0","0","0","9","0","9","1","24","7","25","0","2","1","2","0","0","0","0","0","0","0","0","0","0","0","0","0","1","0","1","0","1","0","1","3","4","0","7","0","0","0","0","6","41","8","47","0","0","0","8"
"경기도교육청","경기도성남교육지원청","경기도 성남시 분당구","S090002221","당촌초등학교","02","공립","N","","1","0","0","1","1","0","0","1","0","1","0","1","2","8","0","10","0","28","4","28","0","0","0","0","0","0","0","0","0","0","0","0","0","0","0","0","0","1","0","1","0","1","0","1","2","6","0","8","0","0","0","0","6","45","4","51","0","0","0","4"
"경기도교육청","경기도성남교육지원청","경기도 성남시 중원구","S090002223","대일초등학교","02","공립","N","","0","1","0","1","0","1","0","1","0","0","0","0","0","5","0","5","0","14","6","14","0","2","0","2","0","0","0","0","0","0","0","0","0","0","0","0","0","1","0","1","0","1","0","1","1","3","0","4","0","0","0","0","1","28","6","29","0","0","0","6"
"경기도교육청","경기도성남교육지원청","경기도 성남시 중원구","S090002224","대하초등학교","02","공립","N","","1","0","0","1","0","1","0","1","0","0","0","0","1","6","0","7","1","20","2","21","0","1","0","1","0","1","0","1","0","0","0","0","0","0","0","0","0","1","0","1","0","0","0","0","0","3","0","3","0","0","0","0","3","33","2","36","0","0","0","2"
"경기도교육청","경기도성남교육지원청","경기도 성남시 분당구","S090002225","돌마초등학교","02","공립","N","","0","1","0","1","1","0","0","1","0","0","0","0","3","3","0","6","2","14","3","16","0","1","1","1","0","0","0","0","0","0","0","0","0","0","0","0","0","1","0","1","0","0","0","0","3","2","0","5","0","0","0","0","9","22","4","31","0","0","0","4"
"경기도교육청","경기도성남교육지원청","경기도 성남시 분당구","S090002227","백현초등학교","02","공립","N","","0","1","0","1","1","0","0","1","0","0","0","0","0","3","0","3","0","5","1","5","0","1","0","1","0","0","0","0","0","0","0","0","0","0","0","0","0","0","0","0","0","0","0","0","0","1","0","1","0","0","0","0","1","11","1","12","0","0","0","1"
"경기도교육청","경기도성남교육지원청","경기도 성남시 수정구","S090002228","복정초등학교","02","공립","N","","1","0","0","1","1","0","0","1","0","0","0","0","1","4","0","5","1","8","0","9","0","1","0","1","0","0","0","0","0","0","0","0","0","0","0","0","0","1","0","1","0","0","0","0","2","2","0","4","0","0","0","0","6","16","0","22","0","0","0","0"
"경기도교육청","경기도성남교육지원청","경기도 성남시 분당구","S090002229","분당초등학교","02","공립","N","","0","1","0","1","1","0","0","1","0","0","0","0","4","6","0","10","0","30","3","30","0","1","0","1","0","0","0","0","0","0","0","0","0","0","0","0","0","1","0","1","0","1","0","1","1","2","0","3","0","0","0","0","6","42","3","48","0","0","0","3"
"경기도교육청","경기도성남교육지원청","경기도 성남시 분당구","S090002230","불곡초등학교","02","공립","N","","0","1","0","1","0","1","0","1","0","0","0","0","0","7","0","7","1","15","1","16","0","1","0","1","0","0","0","0","0","0","0","0","0","0","0","0","0","1","0","1","0","1","0","1","1","4","0","5","0","1","0","1","2","32","1","34","0","0","0","1"
"경기도교육청","경기도성남교육지원청","경기도 성남시 분당구","S090002231","불정초등학교","02","공립","N","","1","0","0","1","1","0","0","1","0","0","0","0","1","8","0","9","0","30","4","30","0","0","0","0","0","1","0","1","0","0","0","0","0","0","0","0","0","1","0","1","0","1","0","1","0","3","0","3","0","0","0","0","3","44","4","47","0","0","0","4"
"경기도교육청","경기도성남교육지원청","경기도 성남시 중원구","S090002232","상대원초등학교","02","공립","N","","1","0","0","1","0","1","0","1","0","0","0","0","0","3","0","3","0","9","2","9","0","1","0","1","1","0","0","1","0","0","0","0","0","0","0","0","0","1","0","1","0","0","0","0","0","3","0","3","0","0","0","0","2","18","2","20","0","0","0","2"
"경기도교육청","경기도성남교육지원청","경기도 성남시 중원구","S090002234","상원초등학교","02","공립","N","","0","1","0","1","1","0","1","1","0","0","0","0","2","6","0","8","1","11","2","12","0","2","0","2","0","0","0","0","0","0","0","0","0","0","0","0","0","1","0","1","0","1","1","1","2","2","0","4","0","0","0","0","6","24","4","30","0","0","0","4"
"경기도교육청","경기도성남교육지원청","경기도 성남시 분당구","S090002235","상탑초등학교","02","공립","N","","0","1","0","1","1","0","0","1","0","0","0","0","1","4","0","5","2","12","2","14","0","2","0","2","0","0","0","0","0","0","0","0","0","0","0","0","0","1","0","1","0","0","0","0","1","3","0","4","0","0","0","0","5","23","2","28","0","0","0","2"
"경기도교육청","경기도성남교육지원청","경기도 성남시 분당구","S090002236","서당초등학교","02","공립","N","","1","0","0","1","1","0","0","1","0","0","0","0","2","8","0","10","1","25","1","26","0","1","0","1","0","1","1","1","0","0","0","0","0","0","0","0","0","1","0","1","0","1","0","1","1","1","0","2","0","1","0","1","6","39","2","45","0","0","0","2"
"경기도교육청","경기도성남교육지원청","경기도 성남시 분당구","S090002237","서현초등학교","02","공립","N","","0","1","0","1","1","0","0","1","0","0","0","0","2","10","0","12","3","37","11","40","0","0","0","0","0","1","0","1","0","0","0","0","0","0","0","0","0","1","0","1","0","1","0","1","1","5","0","6","0","0","0","0","7","56","11","63","0","0","0","11"
"경기도교육청","경기도성남교육지원청","경기도 성남시 중원구","S090002238","성남동초등학교","02","공립","N","","1","0","0","1","0","1","0","1","0","0","0","0","2","4","0","6","1","15","2","16","1","1","1","2","0","0","0","0","0","0","0","0","0","0","0","0","0","1","0","1","0","1","0","1","0","4","0","4","0","0","0","0","5","27","3","32","0","0","0","3"
"경기도교육청","경기도성남교육지원청","경기도 성남시 분당구","S090002239","성남매송초등학교","02","공립","N","","1","0","0","1","0","1","0","1","0","0","0","0","4","6","0","10","3","25","9","28","0","1","0","1","0","0","0","0","0","1","0","1","0","0","0","0","0","1","0","1","0","1","1","1","2","7","0","9","0","0","0","0","10","43","10","53","0","0","0","10"
"경기도교육청","경기도성남교육지원청","경기도 성남시 분당구","S090002240","성남미금초등학교","02","공립","N","","0","1","0","1","1","0","0","1","0","0","0","0","2","7","0","9","0","27","8","27","0","2","0","2","0","0","0","0","0","0","0","0","0","0","0","0","0","1","0","1","0","0","0","0","2","2","0","4","0","1","0","1","5","41","8","46","0","0","0","8"
"경기도교육청","경기도성남교육지원청","경기도 성남시 수정구","S090002241","성남북초등학교","02","공립","N","","0","1","0","1","1","0","0","1","0","0","0","0","2","1","0","3","0","8","1","8","0","1","0","1","0","0","0","0","0","0","0","0","0","0","0","0","0","1","0","1","0","0","0","0","1","0","0","1","0","0","0","0","4","12","1","16","0","0","0","1"
"경기도교육청","경기도성남교육지원청","경기도 성남시 수정구","S090002242","성남서초등학교","02","공립","N","","0","1","0","1","1","0","0","1","0","0","0","0","0","3","0","3","1","9","1","10","0","1","0","1","0","0","0","0","0","0","0","0","0","0","0","0","0","1","0","1","0","0","0","0","0","3","0","3","0","0","0","0","2","18","1","20","0","0","0","1"
"경기도교육청","경기도성남교육지원청","경기도 성남시 분당구","S090002243","성남신기초등학교","02","공립","N","","0","1","0","1","0","1","0","1","0","0","0","0","0","7","0","7","1","15","2","16","0","1","0","1","0","0","0","0","0","0","0","0","0","0","0","0","0","1","0","1","0","1","0","1","1","2","0","3","0","0","0","0","2","29","2","31","0","0","0","2"
"경기도교육청","경기도성남교육지원청","경기도 성남시 수정구","S090002244","성남신흥초등학교","02","공립","N","","0","1","0","1","0","1","0","1","0","0","0","0","2","5","0","7","1","26","8","27","0","0","0","0","0","0","0","0","0","0","0","0","0","0","0","0","0","1","0","1","0","0","0","0","0","3","0","3","0","0","0","0","3","37","8","40","0","0","0","8"
"경기도교육청","경기도성남교육지원청","경기도 성남시 중원구","S090002245","성남은행초등학교","02","공립","N","","1","0","0","1","0","1","0","1","0","0","0","0","1","4","0","5","0","16","4","16","0","1","1","1","0","0","0","0","0","0","0","0","0","0","0","0","0","1","0","1","0","1","0","1","2","3","0","5","0","0","0","0","4","27","5","31","0","0","0","5"
"경기도교육청","경기도성남교육지원청","경기도 성남시 분당구","S090002246","성남장안초등학교","02","공립","N","","1","0","0","1","0","1","0","1","0","0","0","0","2","6","0","8","0","15","3","15","0","2","1","2","0","1","1","1","0","0","0","0","0","0","0","0","0","1","0","1","0","1","0","1","1","4","0","5","0","0","0","0","4","31","5","35","0","0","0","5"
"경기도교육청","경기도성남교육지원청","경기도 성남시 중원구","S090002247","성남제일초등학교","02","공립","N","","1","0","0","1","0","1","0","1","0","0","0","0","1","7","0","8","1","23","6","24","1","0","0","1","0","0","0","0","0","0","0","0","0","0","0","0","0","1","0","1","0","1","0","1","1","5","0","6","0","0","0","0","5","38","6","43","0","0","0","6"
"경기도교육청","경기도성남교육지원청","경기도 성남시 수정구","S090002248","성남수정초등학교","02","공립","N","","0","1","0","1","1","0","0","1","0","0","0","0","2","5","0","7","2","16","4","18","0","1","0","1","0","0","0","0","0","0","0","0","0","0","0","0","0","1","0","1","0","1","0","1","1","2","0","3","0","0","0","0","6","27","4","33","0","0","0","4"
"경기도교육청","경기도성남교육지원청","경기도 성남시 중원구","S090002249","성남중앙초등학교","02","공립","N","","0","1","0","1","0","1","0","1","0","0","0","0","0","4","0","4","1","17","8","18","1","1","0","2","0","0","0","0","0","0","0","0","0","0","0","0","0","1","0","1","0","0","0","0","2","4","0","6","0","0","0","0","4","29","8","33","0","0","0","8"
"경기도교육청","경기도성남교육지원청","경기도 성남시 수정구","S090002250","성남초등학교","02","공립","N","","0","1","0","1","0","1","0","1","0","0","0","0","0","9","0","9","1","21","3","22","0","1","0","1","0","1","0","1","0","1","0","1","0","0","0","0","0","1","0","1","0","2","1","2","2","1","0","3","0","0","0","0","3","39","4","42","0","0","0","4"
"경기도교육청","경기도성남교육지원청","경기도 성남시 수정구","S090002251","성수초등학교","02","공립","N","","1","0","0","1","0","1","0","1","0","0","0","0","1","6","0","7","2","13","1","15","0","1","0","1","0","0","0","0","0","1","0","1","0","0","0","0","0","1","0","1","0","1","0","1","0","2","0","2","0","1","0","1","4","27","1","31","0","0","0","1"
"경기도교육청","경기도성남교육지원청","경기도 성남시 분당구","S090002252","수내초등학교","02","공립","N","","1","0","0","1","1","0","0","1","0","0","0","0","1","11","0","12","1","37","4","38","0","0","0","0","0","1","0","1","0","0","0","0","0","0","0","0","0","1","0","1","0","0","0","0","0","5","0","5","0","0","0","0","4","55","4","59","0","0","0","4"
"경기도교육청","경기도성남교육지원청","경기도 성남시 수정구","S090002253","수진초등학교","02","공립","N","","0","1","0","1","0","1","0","1","0","0","0","0","2","7","0","9","0","19","4","19","0","2","1","2","0","1","0","1","0","0","0","0","0","0","0","0","0","1","0","1","0","1","0","1","1","2","0","3","0","0","0","0","3","35","5","38","0","0","0","5"
"경기도교육청","경기도성남교육지원청","경기도 성남시 분당구","S090002256","안말초등학교","02","공립","N","","1","0","0","1","1","0","0","1","0","0","0","0","0","9","0","9","1","22","6","23","0","1","0","1","0","1","1","1","0","0","0","0","0","0","0","0","0","1","0","1","0","1","0","1","2","3","0","5","0","0","0","0","5","38","7","43","0","0","0","7"
"경기도교육청","경기도성남교육지원청","경기도 성남시 분당구","S090002257","야탑초등학교","02","공립","N","","0","1","0","1","1","0","0","1","0","0","0","0","0","9","0","9","2","19","3","21","0","2","1","2","0","0","0","0","0","0","0","0","0","0","0","0","0","1","0","1","0","1","0","1","2","2","0","4","0","0","0","0","5","35","4","40","0","0","0","4"
"경기도교육청","경기도성남교육지원청","경기도 성남시 분당구","S090002258","양영초등학교","02","공립","N","","0","1","0","1","0","1","0","1","0","0","0","0","1","4","0","5","0","6","1","6","0","0","0","0","0","0","0","0","0","0","0","0","0","0","0","0","0","1","0","1","0","0","0","0","0","3","0","3","0","0","0","0","1","16","1","17","0","0","0","1"
"경기도교육청","경기도성남교육지원청","경기도 성남시 분당구","S090002259","오리초등학교","02","공립","N","","1","0","0","1","1","0","0","1","0","0","0","0","0","3","0","3","0","5","1","5","0","2","1","2","0","0","0","0","0","0","0","0","0","0","0","0","0","0","0","0","0","0","0","0","0","2","0","2","0","0","0","0","2","12","2","14","0","0","0","2"
"경기도교육청","경기도성남교육지원청","경기도 성남시 수정구","S090002260","왕남초등학교","02","공립","N","","0","1","0","1","0","1","0","1","0","0","0","0","0","9","0","9","0","23","1","23","0","1","1","1","0","0","0","0","0","0","0","0","0","0","0","0","0","1","0","1","0","0","0","0","0","2","0","2","0","0","0","0","0","38","2","38","0","0","0","2"
"경기도교육청","경기도성남교육지원청","경기도 성남시 분당구","S090002262","이매초등학교","02","공립","N","","1","0","0","1","0","1","0","1","0","0","0","0","2","8","0","10","2","23","6","25","0","0","0","0","0","0","0","0","0","0","0","0","0","0","0","0","0","1","0","1","0","0","0","0","1","3","0","4","0","0","0","0","6","36","6","42","0","0","0","6"
"경기도교육청","경기도성남교육지원청","경기도 성남시 중원구","S090002267","중부초등학교","02","공립","N","","1","0","0","1","1","0","0","1","0","0","0","0","0","5","0","5","0","16","8","16","0","1","1","1","0","0","0","0","0","0","0","0","0","0","0","0","0","1","0","1","0","1","0","1","0","8","0","8","0","0","0","0","2","32","9","34","0","0","0","9"
"경기도교육청","경기도성남교육지원청","경기도 성남시 중원구","S090002269","중원초등학교","02","공립","N","","1","0","0","1","1","0","0","1","0","0","0","0","1","5","0","6","2","16","4","18","0","1","0","1","0","0","0","0","0","0","0","0","0","0","0","0","0","1","0","1","0","1","0","1","0","3","0","3","0","0","0","0","5","27","4","32","0","0","0","4"
"경기도교육청","경기도성남교육지원청","경기도 성남시 분당구","S090002270","중탑초등학교","02","공립","N","","0","1","0","1","0","1","0","1","0","0","0","0","1","6","0","7","2","17","5","19","0","2","0","2","0","0","0","0","0","0","0","0","0","0","0","0","0","1","0","1","0","1","1","1","1","3","0","4","0","0","0","0","4","32","6","36","0","0","0","6"
"경기도교육청","경기도성남교육지원청","경기도 성남시 분당구","S090002271","청솔초등학교","02","공립","N","","0","1","0","1","1","0","0","1","0","0","0","0","0","5","0","5","1","10","4","11","0","2","0","2","0","0","0","0","0","0","0","0","0","0","0","0","0","1","0","1","0","0","0","0","1","6","0","7","0","0","0","0","3","25","4","28","0","0","0","4"
"경기도교육청","경기도성남교육지원청","경기도 성남시 분당구","S090002272","초림초등학교","02","공립","N","","0","1","0","1","0","1","0","1","0","0","0","0","2","10","0","12","0","42","9","42","0","0","0","0","0","0","0","0","0","0","0","0","0","0","0","0","0","1","1","1","0","1","0","1","2","6","0","8","0","0","0","0","4","62","10","66","0","0","0","10"
"경기도교육청","경기도성남교육지원청","경기도 성남시 분당구","S090002273","탄천초등학교","02","공립","N","","0","1","0","1","0","1","0","1","0","0","0","0","0","7","0","7","1","16","4","17","0","1","0","1","0","0","0","0","0","0","0","0","0","0","0","0","0","1","0","1","0","0","0","0","1","3","0","4","0","0","0","0","2","30","4","32","0","0","0","4"
"경기도교육청","경기도성남교육지원청","경기도 성남시 수정구","S090002274","태평초등학교","02","공립","N","","1","0","0","1","0","1","0","1","0","0","0","0","0","3","0","3","0","8","0","8","0","0","0","0","0","0","0","0","0","0","0","0","0","0","0","0","0","1","0","1","0","0","0","0","0","2","0","2","0","0","0","0","1","15","0","16","0","0","0","0"
"경기도교육청","경기도성남교육지원청","경기도 성남시 중원구","S090002275","하원초등학교","02","공립","N","","1","0","0","1","0","1","0","1","0","0","0","0","2","4","0","6","2","21","4","23","1","0","0","1","0","1","0","1","0","0","0","0","0","0","0","0","0","1","0","1","0","0","0","0","0","2","0","2","0","0","0","0","6","30","4","36","0","0","0","4"
"경기도교육청","경기도성남교육지원청","경기도 성남시 분당구","S090002276","하탑초등학교","02","공립","N","","0","1","0","1","0","1","0","1","0","0","0","0","1","8","0","9","3","22","5","25","0","2","1","2","0","0","0","0","0","0","0","0","0","0","0","0","0","1","0","1","0","0","0","0","1","8","0","9","0","0","0","0","5","43","6","48","0","0","0","6"
"경기도교육청","경기도성남교육지원청","경기도 성남시 분당구","S090002277","한솔초등학교","02","공립","N","","0","1","0","1","1","0","0","1","0","0","0","0","0","3","0","3","1","3","0","4","0","1","0","1","0","0","0","0","0","0","0","0","0","0","0","0","0","0","0","0","0","0","0","0","0","1","0","1","0","1","0","1","2","10","0","12","0","0","0","0"
"경기도교육청","경기도성남교육지원청","경기도 성남시 수정구","S090002278","희망대초등학교","02","공립","N","","0","1","0","1","0","1","0","1","0","0","0","0","2","8","0","10","3","25","3","28","0","2","0","2","0","0","0","0","0","0","0","0","0","0","0","0","0","1","0","1","0","1","0","1","0","2","0","2","0","1","0","1","5","42","3","47","0","0","0","3"
"경기도교육청","경기도수원교육지원청","경기도 수원시 권선구","S090002444","고색초등학교","02","공립","N","","1","0","0","1","1","0","0","1","0","0","0","0","1","4","0","5","0","14","2","14","0","2","0","2","0","0","0","0","0","0","0","0","0","0","0","0","0","1","0","1","0","1","1","1","2","2","0","4","0","0","0","0","5","24","3","29","0","0","0","3"
"경기도교육청","경기도수원교육지원청","경기도 수원시 권선구","S090002445","고현초등학교","02","공립","N","","1","0","0","1","0","1","0","1","0","0","0","0","1","2","0","3","2","2","1","4","0","1","0","1","0","0","0","0","0","0","0","0","0","0","0","0","0","0","0","0","0","0","0","0","0","2","0","2","0","0","0","0","4","8","1","12","0","0","0","1"
"경기도교육청","경기도수원교육지원청","경기도 수원시 권선구","S090002446","곡반초등학교","02","공립","N","","1","0","0","1","1","0","0","1","0","0","0","0","1","9","0","10","2","32","7","34","0","1","1","1","0","0","0","0","0","0","0","0","0","0","0","0","0","1","0","1","0","0","0","0","1","5","0","6","0","0","0","0","6","48","8","54","0","0","0","8"
"경기도교육청","경기도수원교육지원청","경기도 수원시 권선구","S090002447","곡선초등학교","02","공립","N","","0","1","0","1","0","1","0","1","0","0","0","0","0","7","0","7","3","19","7","22","0","2","1","2","0","1","0","1","0","0","0","0","0","0","0","0","0","1","0","1","0","1","0","1","1","5","0","6","0","0","0","0","4","38","8","42","0","0","0","8"
"경기도교육청","경기도수원교육지원청","경기도 수원시 권선구","S090002448","구운초등학교","02","공립","N","","1","0","0","1","0","1","0","1","0","0","0","0","3","4","0","7","1","15","2","16","0","1","0","1","0","1","1","1","0","0","0","0","0","0","0","0","0","1","0","1","0","0","0","0","1","5","0","6","0","0","0","0","6","28","3","34","0","0","0","3"
"경기도교육청","경기도수원교육지원청","경기도 수원시 권선구","S090002449","권선초등학교","02","공립","N","","0","1","0","1","0","1","0","1","0","0","0","0","3","4","0","7","2","12","5","14","0","2","0","2","0","1","1","1","0","0","0","0","0","0","0","0","0","1","0","1","0","1","0","1","1","3","0","4","0","0","0","0","6","26","6","32","0","0","0","6"
"경기도교육청","경기도수원교육지원청","경기도 수원시 권선구","S090002450","남수원초등학교","02","공립","N","","0","1","0","1","1","0","0","1","0","0","0","0","1","6","0","7","2","17","2","19","0","2","1","2","0","1","0","1","0","0","0","0","0","0","0","0","0","1","0","1","0","1","0","1","0","3","0","3","0","0","0","0","4","32","3","36","0","0","0","3"
"경기도교육청","경기도수원교육지원청","경기도 수원시 팔달구","S090002451","남창초등학교","02","공립","N","","1","0","0","1","1","0","0","1","0","0","0","0","2","1","0","3","1","3","1","4","0","1","0","1","0","0","0","0","0","0","0","0","0","0","0","0","0","0","0","0","0","0","0","0","2","1","0","3","0","0","0","0","7","6","1","13","0","0","0","1"
"경기도교육청","경기도수원교육지원청","경기도 수원시 권선구","S090002452","당수초등학교","02","공립","N","","0","1","0","1","0","1","0","1","0","0","0","0","3","5","0","8","1","18","2","19","0","1","0","1","0","1","1","1","0","0","0","0","0","0","0","0","0","1","0","1","0","0","0","0","1","2","0","3","0","0","0","0","5","30","3","35","0","0","0","3"
"경기도교육청","경기도수원교육지원청","경기도 수원시 장안구","S090002453","대평초등학교","02","공립","N","","0","1","0","1","1","0","0","1","0","0","0","0","1","6","0","7","0","15","2","15","0","1","0","1","0","0","0","0","0","0","0","0","0","0","0","0","0","1","0","1","0","0","0","0","1","4","0","5","0","0","0","0","3","28","2","31","0","0","0","2"
"경기도교육청","경기도수원교육지원청","경기도 수원시 영통구","S090002454","동수원초등학교","02","공립","N","","0","1","0","1","0","1","0","1","0","0","0","0","0","5","0","5","0","16","2","16","0","1","0","1","0","0","0","0","0","0","0","0","0","0","0","0","0","1","0","1","0","1","0","1","0","2","0","2","0","0","0","0","0","28","2","28","0","0","0","2"
"경기도교육청","경기도수원교육지원청","경기도 수원시 장안구","S090002455","수원동신초등학교","02","공립","N","","0","1","0","1","0","1","0","1","0","0","0","0","0","7","0","7","1","16","3","17","0","1","0","1","0","0","0","0","0","0","0","0","0","0","0","0","0","1","0","1","0","0","0","0","1","4","0","5","0","0","0","0","2","31","3","33","0","0","0","3"
"경기도교육청","경기도수원교육지원청","경기도 수원시 팔달구","S090002456","매산초등학교","02","공립","N","","0","1","0","1","1","0","0","1","0","0","0","0","2","8","0","10","6","19","3","25","0","1","0","1","0","1","1","1","0","0","0","0","0","0","0","0","0","1","0","1","0","1","0","1","0","4","0","4","0","0","0","0","9","36","4","45","0","0","0","4"
"경기도교육청","경기도수원교육지원청","경기도 수원시 영통구","S090002457","매원초등학교","02","공립","N","","0","1","0","1","1","1","0","2","0","1","0","1","3","10","0","13","3","44","6","47","0","1","0","1","0","0","0","0","0","0","0","0","0","0","0","0","0","1","0","1","0","0","0","0","3","5","0","8","0","0","0","0","10","64","6","74","0","0","0","6"
"경기도교육청","경기도수원교육지원청","경기도 수원시 영통구","S090002458","매탄초등학교","02","공립","N","","0","1","0","1","2","0","0","2","0","0","0","0","3","9","0","12","2","42","6","44","0","1","0","1","0","1","0","1","0","0","0","0","0","0","0","0","0","1","0","1","0","1","0","1","1","5","0","6","0","0","0","0","8","61","6","69","0","0","0","6"
"경기도교육청","경기도수원교육지원청","경기도 수원시 영통구","S090002459","매현초등학교","02","공립","N","","0","1","0","1","0","1","0","1","0","0","0","0","1","4","0","5","1","9","0","10","0","2","0","2","0","1","0","1","0","0","0","0","0","0","0","0","0","1","0","1","0","0","0","0","0","2","0","2","0","0","0","0","2","21","0","23","0","0","0","0"
"경기도교육청","경기도수원교육지원청","경기도 수원시 권선구","S090002460","명당초등학교","02","공립","N","","1","0","0","1","1","0","0","1","0","0","0","0","2","1","0","3","0","10","3","10","0","0","0","0","0","0","0","0","0","0","0","0","0","0","0","0","0","1","0","1","0","0","0","0","0","3","0","3","0","0","0","0","4","15","3","19","0","0","0","3"
"경기도교육청","경기도수원교육지원청","경기도 수원시 장안구","S090002461","명인초등학교","02","공립","N","","0","1","0","1","1","0","0","1","0","0","0","0","1","8","0","9","3","16","2","19","0","1","0","1","0","1","0","1","0","0","0","0","0","0","0","0","0","1","0","1","0","1","0","1","2","0","0","2","0","1","0","1","7","30","2","37","0","0","0","2"
"경기도교육청","경기도수원교육지원청","경기도 수원시 영통구","S090002462","산남초등학교","02","공립","N","","0","1","0","1","0","1","0","1","0","0","0","0","2","5","0","7","1","11","1","12","0","2","0","2","0","0","0","0","0","0","0","0","0","0","0","0","0","1","0","1","0","0","0","0","0","4","0","4","0","0","0","0","3","25","1","28","0","0","0","1"
"경기도교육청","경기도수원교육지원청","경기도 수원시 영통구","S090002463","산의초등학교","02","공립","N","","0","1","0","1","2","0","0","2","0","0","0","0","3","10","0","13","1","56","9","57","0","1","0","1","0","0","0","0","0","0","0","0","0","0","0","0","0","1","0","1","0","0","0","0","1","6","0","7","0","0","0","0","7","75","9","82","0","0","0","9"
"경기도교육청","경기도수원교육지원청","경기도 수원시 장안구","S090002464","상률초등학교","02","공립","N","","1","0","0","1","1","0","0","1","0","0","0","0","3","4","0","7","1","15","2","16","0","2","0","2","0","1","0","1","0","0","0","0","0","0","0","0","0","1","0","1","0","0","0","0","2","1","0","3","0","0","0","0","8","24","2","32","0","0","0","2"
"경기도교육청","경기도수원교육지원청","경기도 수원시 권선구","S090002465","상촌초등학교","02","공립","N","","0","1","0","1","1","0","0","1","0","0","0","0","6","3","0","9","6","12","3","18","0","1","0","1","0","1","0","1","0","0","0","0","0","0","0","0","0","1","0","1","0","1","0","1","1","4","0","5","0","0","0","0","14","24","3","38","0","0","0","3"
"경기도교육청","경기도수원교육지원청","경기도 수원시 권선구","S090002466","서호초등학교","02","공립","N","","0","1","0","1","1","0","0","1","0","0","0","0","2","4","0","6","0","10","1","10","0","0","0","0","0","0","0","0","0","0","0","0","0","0","0","0","0","1","0","1","0","0","0","0","1","4","0","5","0","0","0","0","4","20","1","24","0","0","0","1"
"경기도교육청","경기도수원교육지원청","경기도 수원시 권선구","S090002467","세곡초등학교","02","공립","N","","1","0","0","1","1","0","0","1","0","1","0","1","2","3","0","5","1","10","1","11","0","0","0","0","0","0","0","0","0","0","0","0","0","0","0","0","0","1","0","1","0","0","0","0","1","1","0","2","0","0","0","0","6","16","1","22","0","0","0","1"
"경기도교육청","경기도수원교육지원청","경기도 수원시 권선구","S090002468","세류초등학교","02","공립","N","","0","1","0","1","0","1","0","1","0","0","0","0","2","8","0","10","4","29","9","33","0","2","0","2","0","1","1","1","0","0","0","0","0","0","0","0","0","1","0","1","0","1","0","1","1","7","0","8","0","4","0","4","7","55","10","62","0","0","0","10"
"경기도교육청","경기도수원교육지원청","경기도 수원시 영통구","S090002469","소화초등학교","02","사립","N","","1","0","0","1","0","1","0","1","0","0","0","0","5","2","0","7","2","10","2","12","0","0","0","0","0","0","0","0","0","1","0","1","0","0","0","0","0","0","0","0","0","0","0","0","2","9","0","11","0","1","0","1","10","24","2","34","0","0","0","2"
"경기도교육청","경기도수원교육지원청","경기도 수원시 장안구","S090002470","송림초등학교","02","공립","N","","1","0","0","1","1","1","0","2","0","0","0","0","8","6","0","14","8","43","3","51","0","2","0","2","0","0","0","0","0","0","0","0","0","0","0","0","0","2","1","2","0","0","0","0","1","2","0","3","0","0","0","0","19","56","4","75","0","0","0","4"
"경기도교육청","경기도수원교육지원청","경기도 수원시 장안구","S090002471","송원초등학교","02","공립","N","","0","1","0","1","1","0","0","1","0","0","0","0","3","3","0","6","2","16","1","18","0","1","0","1","0","0","0","0","0","0","0","0","0","0","0","0","0","1","0","1","0","1","0","1","0","2","0","2","0","0","0","0","6","25","1","31","0","0","0","1"
"경기도교육청","경기도수원교육지원청","경기도 수원시 장안구","S090002472","송정초등학교","02","공립","N","","0","1","0","1","0","1","0","1","0","0","0","0","3","4","0","7","2","19","6","21","0","2","1","2","0","0","0","0","0","0","0","0","0","0","0","0","0","1","0","1","0","0","0","0","1","4","0","5","0","0","0","0","6","32","7","38","0","0","0","7"
"경기도교육청","경기도수원교육지원청","경기도 수원시 장안구","S090002473","송죽초등학교","02","공립","N","","0","1","0","1","0","1","0","1","0","0","0","0","1","4","0","5","2","14","4","16","0","1","0","1","0","1","0","1","0","0","0","0","0","0","0","0","0","1","0","1","0","0","0","0","0","3","0","3","0","0","0","0","3","26","4","29","0","0","0","4"
"경기도교육청","경기도수원교육지원청","경기도 수원시 장안구","S090002474","수성초등학교","02","공립","N","","0","1","0","1","1","0","0","1","0","0","0","0","2","3","0","5","0","11","1","11","0","1","0","1","0","0","0","0","0","0","0","0","0","0","0","0","0","1","0","1","0","1","0","1","1","1","0","2","0","0","0","0","4","19","1","23","0","0","0","1"
"경기도교육청","경기도수원교육지원청","경기도 수원시 권선구","S090002475","수원금곡초등학교","02","공립","N","","0","1","0","1","0","1","0","1","0","0","0","0","2","3","0","5","2","8","2","10","0","1","0","1","0","0","0","0","0","0","0","0","0","0","0","0","0","1","0","1","0","1","0","1","1","2","0","3","0","0","0","0","5","18","2","23","0","0","0","2"
"경기도교육청","경기도수원교육지원청","경기도 수원시 권선구","S090002477","수원선일초등학교","02","공립","N","","0","1","0","1","1","0","0","1","0","0","0","0","1","5","0","6","1","16","3","17","0","1","0","1","0","1","0","1","0","0","0","0","0","0","0","0","0","1","0","1","0","1","0","1","1","3","0","4","0","0","0","0","4","29","3","33","0","0","0","3"
"경기도교육청","경기도수원교육지원청","경기도 수원시 권선구","S090002478","수원신곡초등학교","02","공립","N","","1","0","0","1","0","1","0","1","0","0","0","0","3","7","0","10","2","25","5","27","0","1","0","1","0","1","0","1","0","0","0","0","0","0","0","0","0","1","0","1","0","1","0","1","0","5","0","5","0","0","0","0","6","42","5","48","0","0","0","5"
"경기도교육청","경기도수원교육지원청","경기도 수원시 팔달구","S090002479","수원초등학교","02","공립","N","","1","0","0","1","0","1","0","1","0","0","0","0","4","8","0","12","4","34","7","38","0","1","1","1","0","1","0","1","0","1","1","1","0","0","0","0","0","1","1","1","0","1","0","1","3","5","0","8","0","0","0","0","12","53","10","65","0","0","0","10"
"경기도교육청","경기도수원교육지원청","경기도 수원시 팔달구","S090002480","숙지초등학교","02","공립","N","","0","1","0","1","0","1","0","1","0","0","0","0","1","4","0","5","2","10","2","12","0","1","1","1","0","0","0","0","0","0","0","0","0","0","0","0","0","1","0","1","0","1","0","1","2","1","0","3","0","0","0","0","5","20","3","25","0","0","0","3"
"경기도교육청","경기도수원교육지원청","경기도 수원시 영통구","S090002482","신성초등학교","02","공립","N","","1","0","0","1","0","1","0","1","0","0","0","0","2","1","0","3","0","12","1","12","0","1","0","1","0","0","0","0","0","0","0","0","0","0","0","0","0","1","0","1","0","1","0","1","0","4","0","4","0","0","0","0","3","21","1","24","0","0","0","1"
"경기도교육청","경기도수원교육지원청","경기도 수원시 영통구","S090002483","신영초등학교","02","공립","N","","1","0","0","1","0","1","0","1","0","0","0","0","1","4","0","5","2","8","0","10","0","2","0","2","0","0","0","0","0","0","0","0","0","0","0","0","0","1","0","1","0","1","0","1","0","2","0","2","0","0","0","0","4","19","0","23","0","0","0","0"
"경기도교육청","경기도수원교육지원청","경기도 수원시 영통구","S090002484","신풍초등학교","02","공립","N","","1","0","0","1","2","0","0","2","0","1","0","1","1","10","0","11","2","49","14","51","0","1","0","1","0","0","0","0","0","0","0","0","0","0","0","0","0","1","0","1","0","0","0","0","6","8","0","14","0","0","0","0","12","70","14","82","0","0","0","14"
"경기도교육청","경기도수원교육지원청","경기도 수원시 권선구","S090002485","안룡초등학교","02","공립","N","","1","0","0","1","0","1","0","1","0","0","0","0","1","8","0","9","0","23","2","23","0","1","0","1","0","1","0","1","0","0","0","0","0","0","0","0","0","1","1","1","0","1","0","1","2","4","0","6","0","0","0","0","4","40","3","44","0","0","0","3"
"경기도교육청","경기도수원교육지원청","경기도 수원시 팔달구","S090002486","연무초등학교","02","공립","N","","0","1","0","1","1","0","0","1","0","0","0","0","2","3","0","5","2","10","4","12","0","1","0","1","0","0","0","0","0","0","0","0","0","0","0","0","0","1","0","1","0","1","0","1","1","4","0","5","0","0","0","0","6","21","4","27","0","0","0","4"
"경기도교육청","경기도수원교육지원청","경기도 수원시 영통구","S090002487","영덕초등학교","02","공립","N","","1","0","0","1","0","2","0","2","0","0","0","0","2","10","0","12","5","49","10","54","0","0","0","0","0","0","0","0","0","0","0","0","0","0","0","0","0","1","0","1","0","1","0","1","1","6","0","7","0","0","0","0","9","69","10","78","0","0","0","10"
"경기도교육청","경기도수원교육지원청","경기도 수원시 영통구","S090002488","영동초등학교","02","공립","N","","0","1","0","1","0","1","0","1","0","0","0","0","2","11","0","13","7","29","8","36","0","2","0","2","0","0","0","0","0","0","0","0","0","0","0","0","0","1","0","1","0","0","0","0","0","5","0","5","0","0","0","0","9","50","8","59","0","0","0","8"
"경기도교육청","경기도수원교육지원청","경기도 수원시 영통구","S090002489","영일초등학교","02","공립","N","","1","0","0","1","0","1","0","1","0","0","0","0","2","5","0","7","1","15","3","16","0","0","0","0","0","0","0","0","0","0","0","0","0","0","0","0","0","1","0","1","0","1","1","1","0","3","0","3","0","0","0","0","4","26","4","30","0","0","0","4"
"경기도교육청","경기도수원교육지원청","경기도 수원시 영통구","S090002490","영통초등학교","02","공립","N","","1","0","0","1","1","0","0","1","0","0","0","0","3","4","0","7","0","10","0","10","0","0","0","0","0","0","0","0","0","0","0","0","0","0","0","0","0","1","0","1","0","1","0","1","0","2","0","2","0","0","0","0","5","18","0","23","0","0","0","0"
"경기도교육청","경기도수원교육지원청","경기도 수원시 장안구","S090002491","영화초등학교","02","공립","N","","0","1","0","1","0","1","0","1","0","0","0","0","3","4","0","7","3","16","3","19","1","0","0","1","0","1","0","1","0","0","0","0","0","0","0","0","0","1","0","1","0","1","0","1","1","2","0","3","0","0","0","0","8","27","3","35","0","0","0","3"
"경기도교육청","경기도수원교육지원청","경기도 수원시 권선구","S090002492","오목초등학교","02","공립","N","","0","1","0","1","1","0","0","1","0","0","0","0","2","5","0","7","1","16","2","17","0","2","0","2","0","0","0","0","0","0","0","0","0","0","0","0","0","1","0","1","0","0","0","0","1","2","0","3","0","0","0","0","5","27","2","32","0","0","0","2"
"경기도교육청","경기도수원교육지원청","경기도 수원시 팔달구","S090002493","우만초등학교","02","공립","N","","0","1","0","1","0","1","0","1","0","0","0","0","1","4","0","5","1","7","1","8","0","2","1","2","0","0","0","0","0","0","0","0","0","0","0","0","0","1","0","1","0","1","0","1","1","3","0","4","0","1","0","1","3","21","2","24","0","0","0","2"
"경기도교육청","경기도수원교육지원청","경기도 수원시 영통구","S090002494","원일초등학교","02","공립","N","","0","1","0","1","0","1","0","1","0","0","0","0","2","3","0","5","3","12","3","15","0","1","0","1","0","0","0","0","0","0","0","0","0","0","0","0","0","1","0","1","0","0","0","0","1","2","0","3","0","0","0","0","6","21","3","27","0","0","0","3"
"경기도교육청","경기도수원교육지원청","경기도 수원시 영통구","S090002495","원천초등학교","02","공립","N","","1","0","0","1","0","1","0","1","0","0","0","0","2","4","0","6","1","12","1","13","0","2","0","2","0","1","0","1","0","0","0","0","0","0","0","0","0","1","0","1","0","1","0","1","1","2","0","3","0","0","0","0","5","24","1","29","0","0","0","1"
"경기도교육청","경기도수원교육지원청","경기도 수원시 장안구","S090002496","율전초등학교","02","공립","N","","0","1","0","1","1","0","0","1","0","0","0","0","1","5","0","6","1","14","1","15","0","0","0","0","0","1","0","1","0","0","0","0","0","0","0","0","0","1","0","1","0","1","0","1","0","2","0","2","0","0","0","0","3","25","1","28","0","0","0","1"
"경기도교육청","경기도수원교육지원청","경기도 수원시 팔달구","S090002497","율현초등학교","02","공립","N","","1","0","0","1","1","0","0","1","0","0","0","0","1","5","0","6","3","16","4","19","0","1","0","1","0","1","1","1","0","0","0","0","0","0","0","0","0","1","0","1","0","1","0","1","1","5","0","6","0","0","0","0","7","30","5","37","0","0","0","5"
"경기도교육청","경기도수원교육지원청","경기도 수원시 팔달구","S090002498","인계초등학교","02","공립","N","","0","1","0","1","1","0","0","1","0","0","0","0","3","9","0","12","5","24","8","29","0","0","0","0","0","1","0","1","0","0","0","0","0","0","0","0","0","1","1","1","0","1","0","1","3","8","0","11","0","1","0","1","12","46","9","58","0","0","0","9"
"경기도교육청","경기도수원교육지원청","경기도 수원시 권선구","S090002499","일월초등학교","02","공립","N","","1","0","0","1","1","0","0","1","0","0","0","0","4","3","0","7","1","15","2","16","0","1","1","1","0","0","0","0","0","0","0","0","0","0","0","0","0","1","1","1","0","1","0","1","2","7","0","9","0","0","0","0","9","28","4","37","0","0","0","4"
"경기도교육청","경기도수원교육지원청","경기도 수원시 영통구","S090002500","잠원초등학교","02","공립","N","","1","0","0","1","1","1","0","2","0","0","0","0","2","10","0","12","6","39","2","45","0","2","0","2","0","1","0","1","0","0","0","0","0","0","0","0","0","1","1","1","0","0","0","0","1","5","0","6","0","0","0","0","11","59","3","70","0","0","0","3"
"경기도교육청","경기도수원교육지원청","경기도 수원시 장안구","S090002501","정자초등학교","02","공립","N","","0","1","0","1","1","0","0","1","0","0","0","0","3","5","0","8","0","18","2","18","0","0","0","0","0","1","0","1","0","0","0","0","0","0","0","0","0","1","1","1","0","1","0","1","0","3","0","3","0","0","0","0","4","30","3","34","0","0","0","3"
"경기도교육청","경기도수원교육지원청","경기도 수원시 장안구","S090002502","정천초등학교","02","공립","N","","0","1","0","1","1","0","0","1","0","0","0","0","3","7","0","10","3","26","3","29","0","0","0","0","0","1","0","1","0","0","0","0","0","0","0","0","0","1","0","1","0","1","0","1","1","3","0","4","0","0","0","0","8","40","3","48","0","0","0","3"
"경기도교육청","경기도수원교육지원청","경기도 수원시 장안구","S090002503","조원초등학교","02","공립","N","","0","1","0","1","1","0","0","1","0","0","0","0","0","5","0","5","2","11","1","13","0","1","0","1","0","0","0","0","0","0","0","0","0","0","0","0","0","1","0","1","0","0","0","0","0","5","0","5","0","0","0","0","3","24","1","27","0","0","0","1"
"경기도교육청","경기도수원교육지원청","경기도 수원시 영통구","S090002504","중앙기독초등학교","02","사립","N","","0","1","0","1","0","0","0","0","0","0","0","0","1","6","0","7","11","11","5","22","0","2","0","2","0","0","0","0","0","0","0","0","0","0","0","0","0","0","0","0","0","0","0","0","1","8","0","9","0","0","0","0","13","28","5","41","0","0","0","5"
"경기도교육청","경기도수원교육지원청","경기도 수원시 팔달구","S090002506","지동초등학교","02","공립","N","","0","1","0","1","1","0","0","1","0","0","0","0","1","4","0","5","1","13","2","14","0","1","0","1","0","0","0","0","0","0","0","0","0","0","0","0","0","1","1","1","0","0","0","0","1","3","0","4","0","0","0","0","4","23","3","27","0","0","0","3"
"경기도교육청","경기도수원교육지원청","경기도 수원시 장안구","S090002507","창용초등학교","02","공립","N","","0","1","0","1","0","1","0","1","0","0","0","0","0","5","0","5","0","13","4","13","0","1","0","1","0","1","1","1","0","1","0","1","0","0","0","0","0","1","0","1","0","0","0","0","0","2","0","2","0","0","0","0","0","26","5","26","0","0","0","5"
"경기도교육청","경기도수원교육지원청","경기도 수원시 장안구","S090002508","천일초등학교","02","공립","N","","0","1","0","1","0","1","0","1","0","0","0","0","1","4","0","5","2","14","2","16","0","0","0","0","0","0","0","0","0","0","0","0","0","0","0","0","0","1","1","1","0","0","0","0","1","2","0","3","0","0","0","0","4","23","3","27","0","0","0","3"
"경기도교육청","경기도수원교육지원청","경기도 수원시 장안구","S090002509","천천초등학교","02","공립","N","","0","1","0","1","0","1","0","1","0","0","0","0","2","5","0","7","2","25","7","27","0","1","0","1","0","0","0","0","0","0","0","0","0","0","0","0","0","1","0","1","0","1","1","1","2","6","0","8","0","0","0","0","6","41","8","47","0","0","0","8"
"경기도교육청","경기도수원교육지원청","경기도 수원시 영통구","S090002510","청명초등학교","02","공립","N","","0","1","0","1","0","1","0","1","0","0","0","0","3","4","0","7","1","16","4","17","1","0","0","1","0","0","0","0","0","0","0","0","0","0","0","0","0","1","0","1","0","1","1","1","0","5","0","5","0","0","0","0","5","29","5","34","0","0","0","5"
"경기도교육청","경기도수원교육지원청","경기도 수원시 권선구","S090002511","칠보초등학교","02","공립","N","","0","1","0","1","1","0","0","1","0","0","0","0","5","5","0","10","5","27","12","32","0","2","0","2","0","0","0","0","0","0","0","0","0","0","0","0","0","0","0","0","0","1","0","1","0","9","0","9","0","0","0","0","11","45","12","56","0","0","0","12"
"경기도교육청","경기도수원교육지원청","경기도 수원시 권선구","S090002512","탑동초등학교","02","공립","N","","1","0","0","1","0","1","0","1","0","0","0","0","0","9","0","9","3","16","5","19","0","1","0","1","0","1","0","1","0","0","0","0","0","0","0","0","0","1","0","1","0","1","0","1","1","4","0","5","0","0","0","0","5","34","5","39","0","0","0","5"
"경기도교육청","경기도수원교육지원청","경기도 수원시 영통구","S090002513","태장초등학교","02","공립","N","","0","1","0","1","1","0","0","1","0","0","0","0","3","7","0","10","5","24","4","29","0","2","0","2","0","1","0","1","0","0","0","0","0","0","0","0","0","1","0","1","0","1","0","1","0","3","0","3","0","0","0","0","9","40","4","49","0","0","0","4"
"경기도교육청","경기도수원교육지원청","경기도 수원시 장안구","S090002514","파장초등학교","02","공립","N","","0","1","0","1","1","0","0","1","0","0","0","0","1","7","0","8","1","25","6","26","0","1","0","1","0","0","0","0","0","0","0","0","0","0","0","0","0","1","1","1","0","1","0","1","2","3","0","5","0","0","0","0","5","39","7","44","0","0","0","7"
"경기도교육청","경기도수원교육지원청","경기도 수원시 장안구","S090002515","한일초등학교","02","공립","N","","1","0","0","1","1","0","0","1","0","0","0","0","1","4","0","5","3","11","0","14","0","0","0","0","0","0","0","0","0","0","0","0","0","0","0","0","0","1","0","1","0","1","0","1","0","2","0","2","0","0","0","0","6","19","0","25","0","0","0","0"
"경기도교육청","경기도수원교육지원청","경기도 수원시 권선구","S090002516","호매실초등학교","02","공립","N","","0","1","0","1","1","0","0","1","0","0","0","0","2","5","0","7","3","11","2","14","0","1","0","1","0","0","0","0","0","0","0","0","0","0","0","0","0","1","0","1","0","1","0","1","0","3","0","3","0","0","0","0","6","23","2","29","0","0","0","2"
"경기도교육청","경기도수원교육지원청","경기도 수원시 팔달구","S090002517","화서초등학교","02","공립","N","","0","1","0","1","1","0","0","1","0","0","0","0","0","2","0","2","4","11","3","15","0","2","0","2","0","1","0","1","0","0","0","0","0","0","0","0","0","1","0","1","0","0","0","0","0","4","0","4","0","0","0","0","5","22","3","27","0","0","0","3"
"경기도교육청","경기도수원교육지원청","경기도 수원시 팔달구","S090002518","화양초등학교","02","공립","N","","0","1","0","1","0","1","0","1","0","0","0","0","1","6","0","7","1","18","2","19","0","2","1","2","0","1","0","1","0","0","0","0","0","0","0","0","0","1","0","1","0","0","0","0","1","1","0","2","0","0","0","0","3","31","3","34","0","0","0","3"
"경기도교육청","경기도수원교육지원청","경기도 수원시 팔달구","S090002519","화홍초등학교","02","공립","N","","0","1","0","1","1","0","0","1","0","0","0","0","3","6","0","9","2","21","2","23","0","1","0","1","0","1","0","1","0","0","0","0","0","0","0","0","0","1","1","1","0","0","0","0","0","5","0","5","0","0","0","0","6","36","3","42","0","0","0","3"
"경기도교육청","경기도수원교육지원청","경기도 수원시 영통구","S090002520","황곡초등학교","02","공립","N","","0","1","0","1","1","0","0","1","0","0","0","0","1","8","0","9","3","22","6","25","0","2","1","2","0","1","0","1","0","0","0","0","0","0","0","0","1","0","0","1","0","1","0","1","1","2","0","3","0","0","0","0","7","37","7","44","0","0","0","7"
"경기도교육청","경기도수원교육지원청","경기도 수원시 영통구","S090002521","효동초등학교","02","공립","N","","1","0","0","1","0","1","0","1","0","1","0","1","1","1","0","2","3","8","1","11","0","0","0","0","0","0","0","0","0","0","0","0","0","0","0","0","0","1","0","1","0","0","0","0","0","3","0","3","0","0","0","0","5","15","1","20","0","0","0","1"
"경기도교육청","경기도수원교육지원청","경기도 수원시 팔달구","S090002522","효성초등학교","02","공립","N","","1","0","0","1","1","0","0","1","0","0","0","0","1","4","0","5","1","10","2","11","0","1","0","1","0","0","0","0","0","0","0","0","0","0","0","0","0","1","0","1","0","1","0","1","0","2","0","2","0","0","0","0","4","19","2","23","0","0","0","2"
"경기도교육청","경기도수원교육지원청","경기도 수원시 영통구","S090002523","효원초등학교","02","공립","N","","1","0","0","1","1","0","0","1","0","0","0","0","1","2","0","3","3","9","2","12","0","0","0","0","0","0","0","0","0","0","0","0","0","0","0","0","0","1","0","1","0","0","0","0","0","3","0","3","0","0","0","0","6","15","2","21","0","0","0","2"
"경기도교육청","경기도수원교육지원청","경기도 수원시 권선구","S090002524","효정초등학교","02","공립","N","","0","1","0","1","0","1","0","1","0","0","0","0","1","4","0","5","2","9","2","11","0","0","0","0","0","0","0","0","0","0","0","0","0","0","0","0","0","1","0","1","0","1","0","1","0","4","0","4","0","0","0","0","3","21","2","24","0","0","0","2"
"경기도교육청","경기도수원교육지원청","경기도 수원시 장안구","S090002525","효천초등학교","02","공립","N","","0","1","0","1","1","0","0","1","0","0","0","0","3","3","0","6","3","12","1","15","0","1","1","1","0","0","0","0","0","0","0","0","0","0","0","0","0","1","0","1","0","0","0","0","1","3","0","4","0","0","0","0","8","21","2","29","0","0","0","2"
"경기도교육청","경기도안산교육지원청","경기도 안산시 상록구","S090002715","각골초등학교","02","공립","N","","0","1","0","1","1","0","0","1","0","0","0","0","3","4","0","7","1","12","1","13","0","1","0","1","0","0","0","0","0","0","0","0","0","0","0","0","0","1","0","1","0","0","0","0","0","3","0","3","0","0","0","0","5","22","1","27","0","0","0","1"
"경기도교육청","경기도시흥교육지원청","경기도 시흥시","S090002716","검바위초등학교","02","공립","N","","1","0","0","1","1","0","0","1","0","0","0","0","4","5","0","9","2","27","4","29","0","1","0","1","0","0","0","0","0","0","0","0","0","0","0","0","0","1","0","1","0","0","0","0","1","3","0","4","0","0","0","0","9","37","4","46","0","0","0","4"
"경기도교육청","경기도안산교육지원청","경기도 안산시 상록구","S090002718","경일초등학교","02","공립","N","","1","0","0","1","1","0","0","1","0","0","0","0","2","5","0","7","0","18","1","18","0","1","0","1","0","0","0","0","0","0","0","0","0","0","0","0","0","1","0","1","0","1","0","1","0","3","0","3","0","0","0","0","4","29","1","33","0","0","0","1"
"경기도교육청","경기도시흥교육지원청","경기도 시흥시","S090002719","계수초등학교","02","공립","N","","1","0","0","1","0","1","0","1","0","0","0","0","0","3","0","3","0","4","1","4","0","1","0","1","0","0","0","0","0","0","0","0","0","0","0","0","0","0","0","0","0","0","0","0","1","2","0","3","0","0","0","0","2","11","1","13","0","0","0","1"
"경기도교육청","경기도안산교육지원청","경기도 안산시 단원구","S090002720","고잔초등학교","02","공립","N","","0","1","0","1","1","0","0","1","0","0","0","0","2","4","0","6","2","18","2","20","0","1","0","1","1","0","0","1","0","0","0","0","0","0","0","0","0","1","0","1","0","1","0","1","0","3","0","3","0","0","0","0","6","29","2","35","0","0","0","2"
"경기도교육청","경기도안산교육지원청","경기도 안산시 단원구","S090002721","관산초등학교","02","공립","N","","0","1","0","1","1","1","0","2","0","0","0","0","7","5","0","12","11","35","3","46","0","1","0","1","0","1","0","1","0","0","0","0","0","0","0","0","0","1","0","1","0","1","0","1","1","5","0","6","0","0","0","0","20","51","3","71","0","0","0","3"
"경기도교육청","경기도시흥교육지원청","경기도 시흥시","S090002722","군서초등학교","02","공립","N","","1","0","0","1","0","1","0","1","0","0","0","0","8","4","0","12","7","24","1","31","0","2","0","2","0","1","0","1","0","0","0","0","0","0","0","0","0","1","0","1","0","0","0","0","0","3","0","3","0","0","0","0","16","36","1","52","0","0","0","1"
"경기도교육청","경기도시흥교육지원청","경기도 시흥시","S090002723","군자초등학교","02","공립","N","","1","0","0","1","1","0","0","1","0","0","0","0","5","3","0","8","2","17","0","19","0","2","0","2","0","1","0","1","0","0","0","0","0","0","0","0","0","1","0","1","0","1","0","1","0","2","0","2","0","0","0","0","9","27","0","36","0","0","0","0"
"경기도교육청","경기도시흥교육지원청","경기도 시흥시","S090002724","금모래초등학교","02","공립","N","","1","0","0","1","0","1","0","1","0","0","0","0","3","9","0","12","5","24","1","29","0","1","1","1","0","0","0","0","0","0","0","0","0","0","0","0","0","1","0","1","0","1","0","1","1","4","0","5","0","0","0","0","10","41","2","51","0","0","0","2"
"경기도교육청","경기도시흥교육지원청","경기도 시흥시","S090002725","냉정초등학교","02","공립","N","","0","1","0","1","1","0","0","1","0","0","0","0","2","5","0","7","4","16","6","20","0","2","0","2","1","0","0","1","0","0","0","0","0","0","0","0","0","1","0","1","0","1","0","1","3","4","0","7","0","0","0","0","11","30","6","41","0","0","0","6"
"경기도교육청","경기도안산교육지원청","경기도 안산시 단원구","S090002726","능길초등학교","02","공립","N","","1","0","0","1","1","0","0","1","0","0","0","0","1","2","0","3","3","6","0","9","0","0","0","0","0","0","0","0","0","0","0","0","0","0","0","0","0","1","0","1","0","0","0","0","1","0","0","1","0","0","0","0","7","9","0","16","0","0","0","0"
"경기도교육청","경기도안산교육지원청","경기도 안산시 단원구","S090002727","대남초등학교","02","공립","N","","1","0","0","1","0","1","0","1","0","0","0","0","1","2","0","3","2","3","0","5","0","1","0","1","0","0","0","0","0","0","0","0","0","0","0","0","0","0","0","0","0","1","0","1","1","2","0","3","0","0","0","0","5","10","0","15","0","0","0","0"
"경기도교육청","경기도안산교육지원청","경기도 안산시 단원구","S090002729","대동초등학교","02","공립","N","","0","1","0","1","0","1","0","1","0","0","0","0","2","1","0","3","2","2","0","4","0","0","0","0","0","0","0","0","0","0","0","0","0","0","0","0","0","0","0","0","0","1","0","1","0","2","0","2","0","0","0","0","4","8","0","12","0","0","0","0"
"경기도교육청","경기도안산교육지원청","경기도 안산시 단원구","S090002730","대부초등학교","02","공립","N","","1","0","0","1","1","0","0","1","0","0","0","0","2","1","0","3","1","4","1","5","0","0","0","0","0","0","0","0","0","0","0","0","0","0","0","0","0","0","0","0","0","0","0","0","0","2","0","2","0","0","0","0","5","7","1","12","0","0","0","1"
"경기도교육청","경기도시흥교육지원청","경기도 시흥시","S090002731","대야초등학교","02","공립","N","","1","0","0","1","1","0","0","1","0","0","0","0","3","6","0","9","1","17","2","18","0","0","0","0","0","1","0","1","0","0","0","0","0","0","0","0","0","1","0","1","0","1","0","1","0","4","0","4","0","0","0","0","6","30","2","36","0","0","0","2"
"경기도교육청","경기도안산교육지원청","경기도 안산시 단원구","S090002732","덕성초등학교","02","공립","N","","0","1","0","1","1","0","0","1","0","0","0","0","1","4","0","5","2","10","3","12","0","1","0","1","0","0","0","0","0","0","0","0","0","0","0","0","0","1","0","1","0","1","0","1","0","3","0","3","0","0","0","0","4","21","3","25","0","0","0","3"
"경기도교육청","경기도시흥교육지원청","경기도 시흥시","S090002733","도일초등학교","02","공립","N","","0","1","0","1","1","0","0","1","0","0","0","0","2","6","0","8","0","17","3","17","0","1","0","1","0","0","0","0","0","0","0","0","0","0","0","0","0","1","0","1","0","1","0","1","4","2","0","6","0","0","0","0","7","29","3","36","0","0","0","3"
"경기도교육청","경기도시흥교육지원청","경기도 시흥시","S090002734","도창초등학교","02","공립","N","","1","0","0","1","1","0","0","1","0","0","0","0","0","2","0","2","1","5","3","6","0","0","0","0","0","0","0","0","0","0","0","0","0","0","0","0","0","0","0","0","0","0","0","0","2","1","0","3","0","0","0","0","5","8","3","13","0","0","0","3"
"경기도교육청","경기도안산교육지원청","경기도 안산시 상록구","S090002735","매화초등학교","02","공립","N","","1","0","0","1","0","1","0","1","0","0","0","0","2","5","0","7","0","16","1","16","0","1","0","1","0","1","0","1","0","0","0","0","0","0","0","0","0","1","0","1","0","1","0","1","0","3","0","3","0","0","0","0","3","29","1","32","0","0","0","1"
"경기도교육청","경기도시흥교육지원청","경기도 시흥시","S090002736","목감초등학교","02","공립","N","","0","1","0","1","1","0","0","1","0","0","0","0","1","4","0","5","0","11","2","11","0","2","0","2","0","0","0","0","0","0","0","0","0","0","0","0","0","1","0","1","0","0","0","0","1","1","0","2","0","0","0","0","3","20","2","23","0","0","0","2"
"경기도교육청","경기도안산교육지원청","경기도 안산시 상록구","S090002737","반월초등학교","02","공립","N","","1","0","0","1","0","1","0","1","0","0","0","0","1","4","0","5","1","8","3","9","0","1","0","1","0","0","0","0","0","0","0","0","0","0","0","0","0","1","0","1","0","1","0","1","1","3","0","4","0","0","0","0","4","19","3","23","0","0","0","3"
"경기도교육청","경기도안산교육지원청","경기도 안산시 단원구","S090002738","별망초등학교","02","공립","N","","1","0","0","1","0","1","0","1","0","0","0","0","2","3","0","5","1","9","1","10","0","2","0","2","0","0","0","0","0","0","0","0","0","0","0","0","0","1","0","1","0","1","0","1","1","2","0","3","0","0","0","0","5","19","1","24","0","0","0","1"
"경기도교육청","경기도안산교육지원청","경기도 안산시 상록구","S090002739","본오초등학교","02","공립","N","","0","1","0","1","0","1","0","1","0","0","0","0","1","6","0","7","1","21","2","22","0","1","0","1","0","0","0","0","0","0","0","0","0","0","0","0","0","1","0","1","0","1","0","1","1","4","0","5","0","0","0","0","3","36","2","39","0","0","0","2"
"경기도교육청","경기도안산교육지원청","경기도 안산시 상록구","S090002740","본원초등학교","02","공립","N","","1","0","0","1","1","0","0","1","0","0","0","0","3","7","0","10","4","24","5","28","0","1","0","1","0","0","0","0","0","0","0","0","0","0","0","0","0","1","0","1","0","1","0","1","2","5","0","7","0","0","0","0","11","39","5","50","0","0","0","5"
"경기도교육청","경기도안산교육지원청","경기도 안산시 상록구","S090002741","삼일초등학교","02","공립","N","","0","1","0","1","0","1","0","1","0","0","0","0","3","6","0","9","2","16","1","18","0","1","0","1","0","1","0","1","0","0","0","0","0","0","0","0","0","1","0","1","0","1","0","1","1","2","0","3","0","0","0","0","6","30","1","36","0","0","0","1"
"경기도교육청","경기도안산교육지원청","경기도 안산시 상록구","S090002742","상록초등학교","02","공립","N","","1","0","0","1","1","0","0","1","0","0","0","0","1","8","0","9","1","19","2","20","1","0","0","1","0","1","0","1","0","0","0","0","0","0","0","0","0","1","1","1","0","1","0","1","0","6","0","6","0","0","0","0","5","36","3","41","0","0","0","3"
"경기도교육청","경기도시흥교육지원청","경기도 시흥시","S090002743","서촌초등학교","02","공립","N","","0","1","0","1","0","1","0","1","0","0","0","0","5","2","0","7","3","16","3","19","0","1","1","1","0","0","0","0","0","0","0","0","0","0","0","0","0","1","0","1","0","1","0","1","1","4","0","5","0","0","0","0","9","27","4","36","0","0","0","4"
"경기도교육청","경기도시흥교육지원청","경기도 시흥시","S090002744","서해초등학교","02","공립","N","","1","0","0","1","1","0","0","1","0","0","0","0","4","7","0","11","4","25","6","29","0","2","0","2","0","0","0","0","0","0","0","0","0","0","0","0","0","1","0","1","0","1","0","1","2","4","0","6","0","0","0","0","12","40","6","52","0","0","0","6"
"경기도교육청","경기도안산교육지원청","경기도 안산시 상록구","S090002745","석호초등학교","02","공립","N","","0","1","0","1","0","1","0","1","0","0","0","0","4","8","0","12","3","26","1","29","0","1","0","1","0","1","0","1","0","0","0","0","0","0","0","0","0","1","0","1","0","1","0","1","0","2","0","2","0","0","0","0","7","42","1","49","0","0","0","1"
"경기도교육청","경기도안산교육지원청","경기도 안산시 단원구","S090002746","선부초등학교","02","공립","N","","1","0","0","1","0","1","0","1","0","0","0","0","3","6","0","9","7","16","4","23","0","1","0","1","0","0","0","0","0","0","0","0","0","0","0","0","0","1","1","1","0","1","0","1","0","5","0","5","0","0","0","0","11","31","5","42","0","0","0","5"
"경기도교육청","경기도안산교육지원청","경기도 안산시 단원구","S090002747","선일초등학교","02","공립","N","","1","0","0","1","0","1","0","1","0","0","0","0","6","4","0","10","10","14","4","24","1","0","1","1","0","0","0","0","0","0","0","0","0","0","0","0","0","1","0","1","0","0","0","0","2","4","0","6","0","0","0","0","20","24","5","44","0","0","0","5"
"경기도교육청","경기도안산교육지원청","경기도 안산시 상록구","S090002749","성안초등학교","02","공립","N","","1","0","0","1","0","1","0","1","0","0","0","0","1","8","0","9","2","20","5","22","0","1","0","1","0","0","0","0","0","0","0","0","0","0","0","0","0","1","1","1","0","1","0","1","1","5","0","6","0","0","0","0","5","37","6","42","0","0","0","6"
"경기도교육청","경기도안산교육지원청","경기도 안산시 상록구","S090002750","성포초등학교","02","공립","N","","1","0","0","1","0","1","0","1","0","0","0","0","3","5","0","8","3","12","4","15","1","0","0","1","0","0","0","0","0","0","0","0","0","0","0","0","0","1","0","1","0","1","0","1","0","4","0","4","0","0","0","0","8","24","4","32","0","0","0","4"
"경기도교육청","경기도시흥교육지원청","경기도 시흥시","S090002751","소래초등학교","02","공립","N","","0","1","0","1","0","1","0","1","0","0","0","0","2","4","0","6","3","10","1","13","0","1","0","1","0","0","0","0","0","0","0","0","0","0","0","0","0","1","0","1","0","1","0","1","1","2","0","3","0","0","0","0","6","21","1","27","0","0","0","1"
"경기도교육청","경기도시흥교육지원청","경기도 시흥시","S090002752","송운초등학교","02","공립","N","","0","1","0","1","0","1","0","1","0","0","0","0","8","1","0","9","3","18","2","21","0","1","0","1","0","0","0","0","0","0","0","0","0","0","0","0","0","1","0","1","0","1","0","1","0","3","0","3","0","0","0","0","11","27","2","38","0","0","0","2"
"경기도교육청","경기도안산교육지원청","경기도 안산시 단원구","S090002753","송호초등학교","02","공립","N","","0","1","0","1","0","1","0","1","0","0","0","0","5","4","0","9","1","21","6","22","0","3","0","3","0","0","0","0","0","0","0","0","0","0","0","0","0","1","1","1","0","1","0","1","2","7","0","9","0","0","0","0","8","39","7","47","0","0","0","7"
"경기도교육청","경기도안산교육지원청","경기도 안산시 단원구","S090002755","슬기초등학교","02","공립","N","","0","1","0","1","1","0","0","1","1","0","0","1","1","7","0","8","4","15","1","19","0","2","0","2","0","0","0","0","0","0","0","0","0","0","0","0","0","1","1","1","0","1","0","1","0","4","0","4","0","0","0","0","7","31","2","38","0","0","0","2"
"경기도교육청","경기도안산교육지원청","경기도 안산시 상록구","S090002756","시곡초등학교","02","공립","N","","1","0","0","1","1","0","0","1","0","0","0","0","4","3","0","7","2","16","0","18","0","1","0","1","0","0","0","0","0","0","0","0","0","0","0","0","0","1","0","1","0","1","0","1","1","0","0","1","0","0","0","0","9","22","0","31","0","0","0","0"
"경기도교육청","경기도안산교육지원청","경기도 안산시 상록구","S090002757","시랑초등학교","02","공립","N","","0","1","0","1","0","1","0","1","0","0","0","0","3","4","0","7","2","13","6","15","0","2","0","2","0","0","0","0","0","1","0","1","0","0","0","0","0","1","1","1","0","0","0","0","1","5","0","6","0","0","0","0","6","28","7","34","0","0","0","7"
"경기도교육청","경기도시흥교육지원청","경기도 시흥시","S090002758","시화초등학교","02","공립","N","","1","0","0","1","1","0","0","1","0","0","0","0","6","3","0","9","3","15","1","18","0","1","0","1","0","1","0","1","0","0","0","0","0","0","0","0","0","1","0","1","0","1","0","1","0","3","0","3","0","0","0","0","11","25","1","36","0","0","0","1"
"경기도교육청","경기도시흥교육지원청","경기도 시흥시","S090002759","시흥매화초등학교","02","공립","N","","1","0","0","1","0","1","0","1","0","0","0","0","1","3","0","4","3","11","1","14","0","2","0","2","0","0","0","0","0","0","0","0","0","0","0","0","0","1","0","1","0","0","0","0","0","2","0","2","0","0","0","0","5","20","1","25","0","0","0","1"
"경기도교육청","경기도시흥교육지원청","경기도 시흥시","S090002760","시흥신일초등학교","02","공립","N","","0","1","0","1","1","0","0","1","0","0","0","0","0","6","0","6","2","15","2","17","0","1","0","1","0","0","0","0","0","0","0","0","0","0","0","0","0","1","0","1","0","1","1","1","0","3","0","3","0","0","0","0","3","28","3","31","0","0","0","3"
"경기도교육청","경기도시흥교육지원청","경기도 시흥시","S090002761","시흥은행초등학교","02","공립","N","","0","1","0","1","1","0","0","1","1","0","0","1","1","7","0","8","5","20","2","25","0","1","0","1","0","0","0","0","0","0","0","0","0","0","0","0","0","1","0","1","0","1","0","1","2","2","0","4","0","0","0","0","10","33","2","43","0","0","0","2"
"경기도교육청","경기도시흥교육지원청","경기도 시흥시","S090002762","시흥초등학교","02","공립","N","","1","0","0","1","1","0","0","1","0","0","0","0","7","2","0","9","0","16","2","16","0","1","0","1","0","0","0","0","0","0","0","0","0","0","0","0","0","1","0","1","0","1","0","1","1","3","0","4","0","0","0","0","10","24","2","34","0","0","0","2"
"경기도교육청","경기도시흥교육지원청","경기도 시흥시","S090002764","신천초등학교","02","공립","N","","1","0","0","1","1","0","0","1","0","0","0","0","2","3","0","5","0","11","1","11","0","2","1","2","0","0","0","0","0","0","0","0","0","0","0","0","0","1","0","1","0","1","0","1","1","2","0","3","0","0","0","0","5","20","2","25","0","0","0","2"
"경기도교육청","경기도안산교육지원청","경기도 안산시 상록구","S090002765","안산광덕초등학교","02","공립","N","","0","1","0","1","0","1","0","1","0","0","0","0","0","6","0","6","1","12","2","13","0","1","0","1","0","0","0","0","0","0","0","0","0","0","0","0","0","1","0","1","0","1","1","1","2","3","0","5","0","0","0","0","3","26","3","29","0","0","0","3"
"경기도교육청","경기도안산교육지원청","경기도 안산시 상록구","S090002766","안산부곡초등학교","02","공립","N","","1","0","0","1","1","0","0","1","0","0","0","0","5","4","0","9","4","18","3","22","0","2","0","2","0","1","0","1","0","0","0","0","0","0","0","0","0","1","0","1","0","1","0","1","3","0","0","3","0","0","0","0","14","27","3","41","0","0","0","3"
"경기도교육청","경기도안산교육지원청","경기도 안산시 단원구","S090002767","안산서초등학교","02","공립","N","","1","0","0","1","0","1","0","1","0","0","0","0","4","5","0","9","6","24","0","30","0","1","0","1","0","1","0","1","0","0","0","0","0","0","0","0","0","1","1","1","0","0","0","0","1","2","0","3","0","0","0","0","12","35","1","47","0","0","0","1"
"경기도교육청","경기도안산교육지원청","경기도 안산시 단원구","S090002768","안산석수초등학교","02","공립","N","","1","0","0","1","1","0","0","1","0","0","0","0","7","5","0","12","14","20","1","34","0","1","0","1","0","1","0","1","0","0","0","0","0","0","0","0","0","1","0","1","0","1","0","1","0","3","0","3","0","0","0","0","23","32","1","55","0","0","0","1"
"경기도교육청","경기도안산교육지원청","경기도 안산시 단원구","S090002769","안산양지초등학교","02","공립","N","","0","1","0","1","1","0","0","1","0","0","0","0","5","7","0","12","4","31","6","35","0","1","0","1","0","0","0","0","0","0","0","0","0","0","0","0","0","1","0","1","0","1","0","1","0","4","0","4","0","0","0","0","10","46","6","56","0","0","0","6"
"경기도교육청","경기도안산교육지원청","경기도 안산시 단원구","S090002770","안산원곡초등학교","02","공립","N","","1","0","0","1","0","1","0","1","0","0","0","0","7","3","0","10","11","16","1","27","0","1","1","1","0","1","0","1","0","0","0","0","0","0","0","0","0","1","0","1","0","1","0","1","0","2","0","2","0","0","0","0","19","26","2","45","0","0","0","2"
"경기도교육청","경기도안산교육지원청","경기도 안산시 단원구","S090002771","안산중앙초등학교","02","공립","N","","0","1","0","1","0","1","0","1","0","0","0","0","3","6","0","9","1","20","2","21","0","2","0","2","0","1","0","1","0","0","0","0","0","0","0","0","0","1","1","1","0","1","0","1","0","3","0","3","0","0","0","0","4","36","3","40","0","0","0","3"
"경기도교육청","경기도안산교육지원청","경기도 안산시 상록구","S090002772","안산초등학교","02","공립","N","","1","0","0","1","1","0","0","1","0","0","0","0","2","3","0","5","0","9","1","9","0","1","0","1","0","0","0","0","0","0","0","0","0","0","0","0","0","1","0","1","0","1","0","1","1","1","0","2","0","0","0","0","5","16","1","21","0","0","0","1"
"경기도교육청","경기도안산교육지원청","경기도 안산시 단원구","S090002773","안산화정초등학교","02","공립","N","","1","0","0","1","1","0","0","1","0","0","0","0","6","6","0","12","7","21","1","28","0","1","0","1","0","0","0","0","0","0","0","0","0","0","0","0","0","1","0","1","0","1","0","1","1","3","0","4","0","0","0","0","16","33","1","49","0","0","0","1"
"경기도교육청","경기도시흥교육지원청","경기도 시흥시","S090002774","연성초등학교","02","공립","N","","0","1","0","1","1","0","0","1","0","0","0","0","1","3","0","4","0","9","1","9","0","2","1","2","0","0","0","0","0","0","0","0","0","0","0","0","0","1","0","1","0","1","1","1","2","1","0","3","0","0","0","0","4","18","3","22","0","0","0","3"
"경기도교육청","경기도시흥교육지원청","경기도 시흥시","S090002775","옥터초등학교","02","공립","N","","0","1","0","1","1","0","0","1","0","0","0","0","4","1","0","5","5","8","2","13","0","1","0","1","0","1","0","1","0","0","0","0","0","0","0","0","0","1","0","1","0","0","0","0","0","4","0","4","0","0","0","0","10","17","2","27","0","0","0","2"
"경기도교육청","경기도안산교육지원청","경기도 안산시 단원구","S090002776","와동초등학교","02","공립","N","","0","1","0","1","0","1","0","1","0","0","0","0","4","5","0","9","3","23","6","26","0","1","0","1","0","0","0","0","0","0","0","0","0","0","0","0","0","1","0","1","0","1","0","1","1","4","0","5","0","0","0","0","8","37","6","45","0","0","0","6"
"경기도교육청","경기도안산교육지원청","경기도 안산시 단원구","S090002778","원일초등학교","02","공립","N","","0","1","0","1","1","0","0","1","0","0","0","0","7","2","0","9","13","14","1","27","0","1","0","1","0","1","0","1","0","0","0","0","0","0","0","0","0","1","0","1","0","1","0","1","1","2","0","3","0","0","0","0","22","23","1","45","0","0","0","1"
"경기도교육청","경기도시흥교육지원청","경기도 시흥시","S090002779","은계초등학교","02","공립","N","","0","1","0","1","1","0","0","1","0","0","0","0","6","6","0","12","2","28","3","30","0","3","0","3","0","0","0","0","0","0","0","0","0","0","0","0","0","1","0","1","0","1","0","1","0","5","0","5","0","0","0","0","9","45","3","54","0","0","0","3"
"경기도교육청","경기도안산교육지원청","경기도 안산시 상록구","S090002780","이호초등학교","02","공립","N","","1","0","0","1","1","0","0","1","0","1","0","1","3","7","0","10","6","22","2","28","0","3","0","3","0","1","0","1","0","0","0","0","0","0","0","0","0","1","0","1","0","1","0","1","0","2","0","2","0","0","0","0","11","38","2","49","0","0","0","2"
"경기도교육청","경기도시흥교육지원청","경기도 시흥시","S090002781","장곡초등학교","02","공립","N","","0","1","0","1","0","1","0","1","0","0","0","0","4","5","0","9","3","14","1","17","0","2","0","2","0","1","0","1","0","0","0","0","0","0","0","0","0","1","0","1","0","1","0","1","0","1","0","1","0","0","0","0","7","27","1","34","0","0","0","1"
"경기도교육청","경기도시흥교육지원청","경기도 시흥시","S090002782","정왕초등학교","02","공립","N","","1","0","0","1","2","0","0","2","0","0","0","0","3","9","0","12","13","36","7","49","1","2","1","3","0","1","0","1","0","0","0","0","0","0","0","0","0","1","0","1","0","1","0","1","3","6","0","9","0","0","0","0","23","56","8","79","0","0","0","8"
"경기도교육청","경기도안산교육지원청","경기도 안산시 상록구","S090002783","정재초등학교","02","공립","N","","0","1","0","1","1","0","0","1","0","0","0","0","0","6","0","6","1","10","2","11","0","2","0","2","0","0","0","0","0","0","0","0","0","0","0","0","0","1","0","1","0","0","0","0","2","2","0","4","0","0","0","0","4","22","2","26","0","0","0","2"
"경기도교육청","경기도안산교육지원청","경기도 안산시 단원구","S090002784","정지초등학교","02","공립","N","","0","1","0","1","1","0","0","1","0","0","0","0","3","2","0","5","4","8","0","12","0","1","0","1","0","0","0","0","0","0","0","0","0","0","0","0","0","1","0","1","0","1","0","1","2","2","0","4","0","0","0","0","10","16","0","26","0","0","0","0"
"경기도교육청","경기도시흥교육지원청","경기도 시흥시","S090002786","진말초등학교","02","공립","N","","1","0","0","1","1","1","0","2","0","0","0","0","5","9","0","14","11","36","6","47","0","2","1","2","0","1","0","1","0","0","0","0","0","0","0","0","0","1","0","1","0","1","0","1","2","6","0","8","0","0","0","0","20","57","7","77","0","0","0","7"
"경기도교육청","경기도안산교육지원청","경기도 안산시 상록구","S090002787","초당초등학교","02","공립","N","","0","1","0","1","1","0","0","1","0","0","0","0","6","6","0","12","4","28","1","32","0","1","0","1","0","1","0","1","0","0","0","0","0","0","0","0","0","1","0","1","0","1","0","1","2","2","0","4","0","0","0","0","13","41","1","54","0","0","0","1"
"경기도교육청","경기도안산교육지원청","경기도 안산시 단원구","S090002788","초지초등학교","02","공립","N","","0","1","0","1","0","1","0","1","0","0","0","0","4","5","0","9","6","15","4","21","0","0","0","0","0","0","0","0","0","0","0","0","0","0","0","0","0","1","0","1","0","0","0","0","1","3","0","4","0","0","0","0","11","26","4","37","0","0","0","4"
"경기도교육청","경기도시흥교육지원청","경기도 시흥시","S090002789","포리초등학교","02","공립","N","","1","0","0","1","1","0","0","1","0","0","0","0","2","1","0","3","3","2","1","5","0","1","0","1","0","0","0","0","0","0","0","0","0","0","0","0","0","0","0","0","0","0","0","0","0","2","0","2","0","0","0","0","7","6","1","13","0","0","0","1"
"경기도교육청","경기도시흥교육지원청","경기도 시흥시","S090002790","하중초등학교","02","공립","N","","1","0","0","1","1","0","0","1","0","0","0","0","2","3","0","5","3","10","3","13","0","2","0","2","0","1","0","1","0","0","0","0","0","0","0","0","0","1","0","1","0","1","0","1","2","0","0","2","0","0","0","0","9","18","3","27","0","0","0","3"
"경기도교육청","경기도시흥교육지원청","경기도 시흥시","S090002791","함현초등학교","02","공립","N","","1","0","0","1","1","0","0","1","0","0","0","0","1","5","0","6","1","13","1","14","0","1","0","1","0","0","0","0","0","0","0","0","0","0","0","0","0","1","0","1","0","1","0","1","2","0","0","2","0","0","0","0","6","21","1","27","0","0","0","1"
"경기도교육청","경기도안산교육지원청","경기도 안산시 상록구","S090002792","호동초등학교","02","공립","N","","1","0","0","1","0","1","0","1","0","0","0","0","3","7","0","10","5","33","2","38","0","1","0","1","0","0","0","0","0","0","0","0","0","0","0","0","0","1","0","1","0","1","0","1","0","3","0","3","0","0","0","0","9","47","2","56","0","0","0","2"
"경기도교육청","경기도안산교육지원청","경기도 안산시 단원구","S090002793","화랑초등학교","02","공립","N","","0","1","0","1","0","1","0","1","0","0","0","0","4","5","0","9","7","11","1","18","0","2","0","2","0","0","0","0","0","0","0","0","0","0","0","0","0","0","0","0","0","1","0","1","2","2","0","4","0","0","0","0","13","23","1","36","0","0","0","1"
"경기도교육청","경기도안성교육지원청","경기도 안성시","S090002927","개산초등학교","02","공립","N","","1","0","0","1","1","0","0","1","0","0","0","0","3","0","0","3","1","3","0","4","0","0","0","0","0","1","0","1","0","0","0","0","0","0","0","0","0","0","0","0","0","0","0","0","0","4","0","4","0","1","0","1","6","9","0","15","0","1","1","0"
"경기도교육청","경기도안성교육지원청","경기도 안성시","S090002928","개정초등학교","02","공립","N","","0","1","0","1","0","1","0","1","0","0","0","0","2","1","0","3","1","4","0","5","0","0","0","0","0","0","0","0","0","0","0","0","0","0","0","0","0","0","0","0","0","0","0","0","0","1","0","1","0","0","0","0","3","8","0","11","0","0","0","0"
"경기도교육청","경기도안성교육지원청","경기도 안성시","S090002929","고삼초등학교","02","공립","N","","1","0","0","1","1","0","0","1","0","0","0","0","2","1","0","3","2","3","1","5","0","1","0","1","0","0","0","0","0","0","0","0","0","0","0","0","0","0","0","0","0","0","0","0","0","2","0","2","0","0","0","0","6","7","1","13","0","0","0","1"
"경기도교육청","경기도안성교육지원청","경기도 안성시","S090002931","공도초등학교","02","공립","N","","1","0","0","1","2","0","0","2","0","0","0","0","8","4","0","12","14","41","4","55","0","1","0","1","0","1","0","1","0","0","0","0","0","0","0","0","0","1","0","1","0","0","0","0","2","5","0","7","0","0","0","0","27","53","4","80","0","0","0","4"
"경기도교육청","경기도안성교육지원청","경기도 안성시","S090002933","광덕초등학교","02","공립","N","","1","0","0","1","0","1","0","1","0","0","0","0","4","3","0","7","4","10","1","14","0","1","0","1","0","1","0","1","0","0","0","0","0","0","0","0","0","1","0","1","0","0","0","0","0","3","0","3","0","0","0","0","9","20","1","29","0","0","0","1"
"경기도교육청","경기도안성교육지원청","경기도 안성시","S090002934","광선초등학교","02","공립","N","","0","1","0","1","0","0","0","0","0","0","0","0","1","2","0","3","2","3","1","5","0","0","0","0","0","0","0","0","0","0","0","0","0","0","0","0","0","0","0","0","0","0","0","0","1","1","0","2","0","0","0","0","4","7","1","11","0","0","0","1"
"경기도교육청","경기도안성교육지원청","경기도 안성시","S090002935","금광초등학교","02","공립","N","","1","0","0","1","1","0","0","1","0","0","0","0","1","2","0","3","1","3","0","4","1","0","0","1","0","0","0","0","0","0","0","0","0","0","0","0","0","1","0","1","0","1","0","1","1","1","0","2","0","0","0","0","6","8","0","14","0","0","0","0"
"경기도교육청","경기도안성교육지원청","경기도 안성시","S090002936","금광초등학교조령분교장","02","공립","N","","0","0","0","0","0","0","0","0","0","0","0","0","1","0","0","1","2","3","3","5","0","0","0","0","0","0","0","0","0","0","0","0","0","0","0","0","0","0","0","0","0","0","0","0","0","1","0","1","0","0","0","0","3","4","3","7","0","0","0","3"
"경기도교육청","경기도안성교육지원청","경기도 안성시","S090002937","내혜홀초등학교","02","공립","N","","1","0","0","1","0","1","0","1","0","0","0","0","4","3","0","7","3","9","0","12","0","1","0","1","0","0","0","0","0","0","0","0","0","0","0","0","0","1","0","1","0","1","0","1","1","4","0","5","0","0","0","0","9","20","0","29","0","0","0","0"
"경기도교육청","경기도안성교육지원청","경기도 안성시","S090002938","대덕초등학교","02","공립","N","","1","0","0","1","1","0","0","1","0","0","0","0","0","3","0","3","1","4","2","5","0","1","0","1","0","0","0","0","0","0","0","0","0","0","0","0","0","0","0","0","0","0","0","0","0","2","0","2","0","0","0","0","3","10","2","13","0","0","0","2"
"경기도교육청","경기도안성교육지원청","경기도 안성시","S090002940","동신초등학교","02","공립","N","","0","1","0","1","1","0","0","1","0","0","0","0","2","1","0","3","4","4","1","8","0","1","0","1","0","0","0","0","0","0","0","0","0","0","0","0","0","1","0","1","0","0","0","0","0","2","0","2","0","0","0","0","7","10","1","17","0","0","0","1"
"경기도교육청","경기도안성교육지원청","경기도 안성시","S090002941","마전초등학교","02","공립","N","","0","1","0","1","0","1","0","1","0","0","0","0","3","0","0","3","1","3","0","4","0","0","0","0","0","0","0","0","0","0","0","0","0","0","0","0","0","0","0","0","0","0","0","0","0","1","0","1","0","0","0","0","4","6","0","10","0","0","0","0"
"경기도교육청","경기도안성교육지원청","경기도 안성시","S090002942","명덕초등학교","02","공립","N","","1","0","0","1","0","1","0","1","0","0","0","0","2","1","0","3","0","4","0","4","1","0","0","1","0","0","0","0","0","0","0","0","0","0","0","0","0","0","0","0","0","0","0","0","1","1","0","2","0","0","0","0","5","7","0","12","0","0","0","0"
"경기도교육청","경기도안성교육지원청","경기도 안성시","S090002943","문기초등학교","02","공립","N","","1","0","0","1","1","0","0","1","0","0","0","0","3","3","0","6","1","21","1","22","0","0","0","0","0","1","0","1","0","0","0","0","0","0","0","0","0","1","0","1","0","0","0","0","1","0","0","1","0","0","0","0","7","26","1","33","0","0","0","1"
"경기도교육청","경기도안성교육지원청","경기도 안성시","S090002944","미곡초등학교","02","공립","N","","0","1","0","1","1","0","0","1","0","0","0","0","3","0","0","3","2","2","0","4","0","0","0","0","0","0","0","0","0","0","0","0","0","0","0","0","0","0","0","0","0","1","0","1","0","2","0","2","0","0","0","0","6","6","0","12","0","0","0","0"
"경기도교육청","경기도안성교육지원청","경기도 안성시","S090002945","미양초등학교","02","공립","N","","0","1","0","1","1","0","0","1","0","0","0","0","1","2","0","3","1","3","0","4","1","0","0","1","0","0","0","0","0","0","0","0","0","0","0","0","0","0","0","0","0","1","0","1","1","1","0","2","0","0","0","0","5","8","0","13","0","0","0","0"
"경기도교육청","경기도안성교육지원청","경기도 안성시","S090002947","백성초등학교","02","공립","N","","1","0","0","1","0","1","0","1","0","1","0","1","4","8","0","12","2","33","2","35","0","1","0","1","0","1","0","1","0","0","0","0","0","0","0","0","0","1","0","1","0","1","0","1","0","6","0","6","0","0","0","0","7","53","2","60","0","0","0","2"
"경기도교육청","경기도안성교육지원청","경기도 안성시","S090002948","보개초등학교","02","공립","N","","1","0","0","1","1","0","0","1","0","0","0","0","1","2","0","3","0","4","0","4","1","0","0","1","0","0","0","0","0","0","0","0","0","0","0","0","0","0","0","0","0","0","0","0","0","1","0","1","0","0","0","0","4","7","0","11","0","0","0","0"
"경기도교육청","경기도안성교육지원청","경기도 안성시","S090002949","보체초등학교","02","공립","N","","1","0","0","1","1","0","0","1","0","0","0","0","3","0","0","3","0","4","0","4","0","1","0","1","0","0","0","0","0","0","0","0","0","0","0","0","0","0","0","0","0","0","0","0","0","2","0","2","0","0","0","0","5","7","0","12","0","0","0","0"
"경기도교육청","경기도안성교육지원청","경기도 안성시","S090002950","비룡초등학교","02","공립","N","","0","1","0","1","2","0","0","2","0","0","0","0","4","6","0","10","7","38","2","45","0","2","0","2","0","0","0","0","0","1","0","1","0","0","0","0","0","1","1","1","0","1","0","1","0","5","0","5","0","0","0","0","13","55","3","68","0","0","0","3"
"경기도교육청","경기도안성교육지원청","경기도 안성시","S090002951","산평초등학교","02","공립","N","","1","0","0","1","0","0","0","0","0","0","0","0","2","1","0","3","0","4","0","4","0","0","0","0","0","0","0","0","0","0","0","0","0","0","0","0","0","0","0","0","0","0","0","0","0","2","0","2","0","0","0","0","3","7","0","10","0","0","0","0"
"경기도교육청","경기도안성교육지원청","경기도 안성시","S090002952","삼죽초등학교","02","공립","N","","1","0","0","1","1","0","0","1","0","0","0","0","3","0","0","3","1","4","0","5","0","0","0","0","0","0","0","0","0","0","0","0","0","0","0","0","0","0","0","0","0","1","0","1","0","2","0","2","0","0","0","0","6","7","0","13","0","0","0","0"
"경기도교육청","경기도안성교육지원청","경기도 안성시","S090002954","서운초등학교","02","공립","N","","1","0","0","1","0","1","0","1","0","0","0","0","1","2","0","3","2","2","0","4","0","1","0","1","0","0","0","0","0","0","0","0","0","0","0","0","0","0","0","0","0","0","0","0","0","2","0","2","0","0","0","0","4","8","0","12","0","0","0","0"
"경기도교육청","경기도안성교육지원청","경기도 안성시","S090002956","안성초등학교","02","공립","N","","1","0","0","1","1","0","0","1","0","1","0","1","5","4","0","9","5","19","5","24","0","3","0","3","0","1","0","1","0","0","0","0","0","0","0","0","0","1","0","1","0","1","0","1","1","3","0","4","0","0","0","0","13","33","5","46","0","0","0","5"
"경기도교육청","경기도안성교육지원청","경기도 안성시","S090002957","양성초등학교","02","공립","N","","0","0","0","0","0","1","0","1","0","0","0","0","1","2","0","3","0","4","0","4","0","0","0","0","0","0","0","0","0","0","0","0","0","0","0","0","0","0","0","0","0","1","1","1","0","2","0","2","0","0","0","0","1","10","1","11","0","0","0","1"
"경기도교육청","경기도안성교육지원청","경기도 안성시","S090002959","양진초등학교","02","공립","N","","1","0","0","1","1","0","0","1","0","0","0","0","6","3","0","9","3","17","2","20","0","1","0","1","0","1","0","1","0","0","0","0","0","0","0","0","0","1","0","1","0","1","0","1","0","4","0","4","0","0","0","0","11","28","2","39","0","0","0","2"
"경기도교육청","경기도안성교육지원청","경기도 안성시","S090002960","용머리초등학교","02","공립","N","","1","0","0","1","0","1","0","1","0","0","0","0","4","5","0","9","3","15","3","18","0","1","0","1","0","1","0","1","0","0","0","0","0","0","0","0","0","1","0","1","0","0","0","0","2","3","0","5","0","0","0","0","10","27","3","37","0","0","0","3"
"경기도교육청","경기도안성교육지원청","경기도 안성시","S090002961","원곡초등학교","02","공립","N","","0","1","0","1","1","0","0","1","0","0","0","0","3","0","0","3","2","6","2","8","0","2","0","2","0","0","0","0","0","0","0","0","0","0","0","0","0","1","0","1","0","0","0","0","1","1","0","2","0","0","0","0","7","11","2","18","0","0","0","2"
"경기도교육청","경기도안성교육지원청","경기도 안성시","S090002963","일죽초등학교","02","공립","N","","1","0","0","1","0","1","0","1","0","0","0","0","1","2","0","3","1","5","0","6","0","0","0","0","0","1","0","1","0","0","0","0","0","0","0","0","0","1","0","1","0","0","0","0","0","1","0","1","0","1","0","1","3","12","0","15","0","0","0","0"
"경기도교육청","경기도안성교육지원청","경기도 안성시","S090002967","죽산초등학교","02","공립","N","","1","0","0","1","1","0","0","1","0","0","0","0","2","1","0","3","1","5","1","6","0","0","0","0","0","1","0","1","0","0","0","0","0","0","0","0","0","1","0","1","0","1","0","1","2","1","0","3","0","0","0","0","7","10","1","17","0","0","0","1"
"경기도교육청","경기도안성교육지원청","경기도 안성시","S090002968","죽화초등학교","02","공립","N","","1","0","0","1","0","0","0","0","0","0","0","0","1","2","0","3","2","2","0","4","0","0","0","0","0","0","0","0","0","0","0","0","0","0","0","0","0","0","0","0","0","0","0","0","0","1","0","1","0","0","0","0","4","5","0","9","0","0","0","0"
"경기도교육청","경기도안성교육지원청","경기도 안성시","S090002969","현매초등학교","02","공립","N","","0","1","0","1","1","0","0","1","0","0","0","0","1","2","0","3","0","4","0","4","0","0","0","0","0","0","0","0","0","0","0","0","0","0","0","0","0","0","0","0","0","0","0","0","0","1","0","1","0","0","0","0","2","8","0","10","0","0","0","0"
"경기도교육청","경기도안양과천교육지원청","경기도 과천시","S090003042","과천초등학교","02","공립","N","","0","1","0","1","0","1","0","1","0","0","0","0","2","8","0","10","1","28","7","29","0","1","0","1","0","0","0","0","0","0","0","0","0","0","0","0","0","1","0","1","0","1","0","1","1","3","0","4","0","0","0","0","4","44","7","48","0","0","0","7"
"경기도교육청","경기도안양과천교육지원청","경기도 과천시","S090003043","관문초등학교","02","공립","N","","0","1","0","1","0","1","0","1","0","0","0","0","2","7","0","9","2","17","2","19","0","1","0","1","0","0","0","0","0","0","0","0","0","0","0","0","0","1","0","1","0","1","0","1","1","1","0","2","0","0","0","0","5","30","2","35","0","0","0","2"
"경기도교육청","경기도안양과천교육지원청","경기도 안양시 동안구","S090003044","관양초등학교","02","공립","N","","0","1","0","1","1","0","0","1","0","0","0","0","0","8","0","8","2","20","4","22","0","2","0","2","0","1","0","1","0","0","0","0","0","0","0","0","0","1","0","1","0","1","0","1","1","1","0","2","0","0","0","0","4","35","4","39","0","0","0","4"
"경기도교육청","경기도안양과천교육지원청","경기도 안양시 동안구","S090003045","귀인초등학교","02","공립","N","","1","0","0","1","1","1","0","2","0","0","0","0","1","10","0","11","3","60","8","63","0","1","0","1","0","1","0","1","0","0","0","0","0","0","0","0","0","1","0","1","0","1","0","1","1","5","0","6","0","0","0","0","7","80","8","87","0","0","0","8"
"경기도교육청","경기도안양과천교육지원청","경기도 안양시 동안구","S090003046","달안초등학교","02","공립","N","","0","1","0","1","0","1","0","1","0","0","0","0","0","2","0","2","1","4","1","5","0","1","0","1","0","0","0","0","0","0","0","0","0","0","0","0","0","1","0","1","0","0","0","0","2","2","0","4","0","0","0","0","3","12","1","15","0","0","0","1"
"경기도교육청","경기도안양과천교육지원청","경기도 안양시 만안구","S090003047","덕천초등학교","02","공립","N","","1","0","0","1","1","0","0","1","0","0","0","0","1","11","0","12","3","26","3","29","0","1","0","1","0","0","0","0","0","0","0","0","0","0","0","0","0","1","0","1","0","1","1","1","0","4","0","4","0","0","0","0","6","44","4","50","0","0","0","4"
"경기도교육청","경기도안양과천교육지원청","경기도 안양시 동안구","S090003049","동안초등학교","02","공립","N","","0","1","0","1","1","0","0","1","0","0","0","0","0","7","0","7","3","17","4","20","0","1","0","1","0","0","0","0","0","0","0","0","0","0","0","0","0","1","0","1","0","1","0","1","2","1","0","3","0","0","0","0","6","29","4","35","0","0","0","4"
"경기도교육청","경기도안양과천교육지원청","경기도 안양시 만안구","S090003050","만안초등학교","02","공립","N","","0","1","0","1","0","1","0","1","0","0","0","0","1","5","0","6","0","19","4","19","0","2","0","2","0","0","0","0","0","0","0","0","0","0","0","0","0","1","0","1","0","1","1","1","3","5","0","8","0","0","0","0","4","35","5","39","0","0","0","5"
"경기도교육청","경기도안양과천교육지원청","경기도 안양시 만안구","S090003051","명학초등학교","02","공립","N","","0","1","0","1","1","0","0","1","0","0","0","0","0","4","0","4","2","14","4","16","0","0","0","0","0","0","0","0","0","0","0","0","0","0","0","0","0","1","0","1","0","1","0","1","1","5","0","6","0","0","0","0","4","26","4","30","0","0","0","4"
"경기도교육청","경기도안양과천교육지원청","경기도 과천시","S090003052","문원초등학교","02","공립","N","","0","1","0","1","1","1","0","2","0","0","0","0","2","11","0","13","5","64","13","69","0","2","0","2","0","0","0","0","0","0","0","0","0","0","0","0","0","1","0","1","0","1","0","1","5","4","0","9","0","4","0","4","13","89","13","102","0","2","2","13"
"경기도교육청","경기도안양과천교육지원청","경기도 안양시 동안구","S090003053","민백초등학교","02","공립","N","","0","1","0","1","1","0","0","1","0","0","0","0","1","8","0","9","1","22","3","23","0","0","0","0","0","0","0","0","0","0","0","0","0","0","0","0","0","1","0","1","0","1","0","1","0","3","0","3","0","0","0","0","3","36","3","39","0","0","0","3"
"경기도교육청","경기도안양과천교육지원청","경기도 안양시 만안구","S090003054","박달초등학교","02","공립","N","","1","0","0","1","0","1","0","1","0","0","0","0","4","6","0","10","2","27","2","29","0","0","0","0","0","1","0","1","0","0","0","0","0","0","0","0","1","0","0","1","0","1","0","1","1","4","0","5","0","1","0","1","9","41","2","50","0","0","0","2"
"경기도교육청","경기도안양과천교육지원청","경기도 안양시 동안구","S090003055","벌말초등학교","02","공립","N","","0","1","0","1","0","1","0","1","0","0","0","0","2","12","0","14","3","21","9","24","0","1","0","1","0","1","1","1","0","0","0","0","0","0","0","0","0","1","0","1","0","0","0","0","2","6","0","8","0","0","0","0","7","44","10","51","0","0","0","10"
"경기도교육청","경기도안양과천교육지원청","경기도 안양시 동안구","S090003056","범계초등학교","02","공립","N","","0","1","0","1","1","0","0","1","0","0","0","0","0","9","0","9","2","21","1","23","0","1","0","1","0","0","0","0","0","0","0","0","0","0","0","0","0","1","1","1","0","1","0","1","2","2","0","4","0","0","0","0","5","36","2","41","0","0","0","2"
"경기도교육청","경기도안양과천교육지원청","경기도 안양시 동안구","S090003057","부림초등학교","02","공립","N","","0","1","0","1","0","1","0","1","0","0","0","0","0","10","0","10","2","28","2","30","0","2","0","2","0","0","0","0","0","0","0","0","0","0","0","0","0","1","0","1","0","1","0","1","1","1","0","2","0","0","0","0","3","45","2","48","0","0","0","2"
"경기도교육청","경기도안양과천교육지원청","경기도 안양시 동안구","S090003060","비산초등학교","02","공립","N","","0","1","0","1","1","0","0","1","0","0","0","0","1","6","0","7","1","16","3","17","0","1","0","1","0","0","0","0","0","0","0","0","0","0","0","0","0","1","0","1","0","1","0","1","0","5","0","5","0","0","0","0","3","31","3","34","0","0","0","3"
"경기도교육청","경기도안양과천교육지원청","경기도 안양시 만안구","S090003061","삼봉초등학교","02","공립","N","","1","0","0","1","0","1","0","1","0","0","0","0","2","7","0","9","1","20","4","21","0","2","1","2","0","0","0","0","0","0","0","0","0","0","0","0","0","1","0","1","0","0","0","0","3","1","0","4","0","0","0","0","7","32","5","39","0","0","0","5"
"경기도교육청","경기도안양과천교육지원청","경기도 안양시 만안구","S090003062","삼성초등학교","02","공립","N","","0","1","0","1","1","0","0","1","0","1","0","1","3","7","0","10","2","27","4","29","0","1","0","1","0","0","0","0","0","0","0","0","0","0","0","0","0","1","0","1","0","1","0","1","4","4","0","8","0","0","0","0","10","43","4","53","0","0","0","4"
"경기도교육청","경기도안양과천교육지원청","경기도 안양시 만안구","S090003063","석수초등학교","02","공립","N","","0","1","0","1","0","1","0","1","0","0","0","0","2","5","0","7","2","14","2","16","0","2","1","2","0","1","0","1","0","0","0","0","0","0","0","0","0","1","0","1","0","1","0","1","1","1","0","2","0","0","0","0","5","27","3","32","0","0","0","3"
"경기도교육청","경기도안양과천교육지원청","경기도 안양시 만안구","S090003065","신안초등학교","02","공립","N","","0","1","0","1","1","0","0","1","0","0","0","0","1","6","0","7","1","15","7","16","0","0","0","0","0","1","0","1","0","0","0","0","0","0","0","0","0","1","0","1","0","1","0","1","2","7","0","9","0","0","0","0","5","32","7","37","0","0","0","7"
"경기도교육청","경기도안양과천교육지원청","경기도 안양시 동안구","S090003066","안양관악초등학교","02","공립","N","","0","1","0","1","0","1","0","1","0","0","0","0","1","4","0","5","1","11","2","12","0","0","0","0","0","0","0","0","0","0","0","0","0","0","0","0","0","1","0","1","0","1","1","1","1","4","0","5","0","0","0","0","3","23","3","26","0","0","0","3"
"경기도교육청","경기도안양과천교육지원청","경기도 안양시 동안구","S090003067","안양남초등학교","02","공립","N","","1","0","0","1","0","1","0","1","1","0","0","1","1","6","0","7","1","19","3","20","0","1","0","1","0","0","0","0","0","0","0","0","0","0","0","0","0","1","0","1","0","0","0","0","2","4","0","6","0","0","0","0","6","32","3","38","0","0","0","3"
"경기도교육청","경기도안양과천교육지원청","경기도 안양시 동안구","S090003068","안양덕현초등학교","02","공립","N","","1","0","0","1","1","1","0","2","0","0","0","0","4","8","0","12","2","41","4","43","0","1","0","1","0","1","1","1","0","0","0","0","0","0","0","0","0","1","0","1","0","1","0","1","1","4","0","5","0","0","0","0","9","58","5","67","0","0","0","5"
"경기도교육청","경기도안양과천교육지원청","경기도 안양시 동안구","S090003069","안양동초등학교","02","공립","N","","0","1","0","1","1","0","0","1","0","0","0","0","2","10","0","12","3","28","6","31","0","1","0","1","0","0","0","0","0","0","0","0","0","0","0","0","0","1","0","1","0","0","0","0","1","4","0","5","0","0","0","0","7","45","6","52","0","0","0","6"
"경기도교육청","경기도안양과천교육지원청","경기도 안양시 동안구","S090003070","안양부안초등학교","02","공립","N","","0","1","0","1","0","1","0","1","0","0","0","0","2","4","0","6","0","18","4","18","0","1","1","1","0","0","0","0","0","0","0","0","0","0","0","0","0","1","0","1","0","1","0","1","0","4","0","4","0","0","0","0","2","31","5","33","0","0","0","5"
"경기도교육청","경기도안양과천교육지원청","경기도 안양시 동안구","S090003071","안양부흥초등학교","02","공립","N","","1","0","0","1","0","1","0","1","0","0","0","0","1","9","0","10","1","31","9","32","0","1","0","1","0","0","0","0","0","0","0","0","0","0","0","0","0","1","0","1","0","1","0","1","2","4","0","6","0","0","0","0","5","48","9","53","0","0","0","9"
"경기도교육청","경기도안양과천교육지원청","경기도 안양시 만안구","S090003072","안양서초등학교","02","공립","N","","0","1","0","1","0","1","0","1","0","0","0","0","3","3","0","6","1","14","1","15","0","2","0","2","0","0","0","0","0","0","0","0","0","0","0","0","0","1","0","1","0","1","0","1","1","3","0","4","0","0","0","0","5","26","1","31","0","0","0","1"
"경기도교육청","경기도안양과천교육지원청","경기도 안양시 동안구","S090003073","안양신기초등학교","02","공립","N","","0","1","0","1","1","0","0","1","0","0","0","0","0","9","0","9","2","22","2","24","0","1","0","1","0","1","0","1","0","0","0","0","0","0","0","0","0","1","0","1","0","1","0","1","0","2","0","2","0","0","0","0","3","38","2","41","0","0","0","2"
"경기도교육청","경기도안양과천교육지원청","경기도 안양시 만안구","S090003074","안양양지초등학교","02","공립","N","","1","0","0","1","0","1","0","1","0","0","0","0","2","3","0","5","0","15","8","15","0","1","0","1","0","1","1","1","0","0","0","0","0","0","0","0","0","1","0","1","0","0","0","0","0","8","0","8","0","0","0","0","3","30","9","33","0","0","0","9"
"경기도교육청","경기도안양과천교육지원청","경기도 안양시 동안구","S090003075","안양중앙초등학교","02","공립","N","","0","1","0","1","1","0","0","1","0","0","0","0","2","7","0","9","0","28","3","28","0","2","0","2","0","0","0","0","0","0","0","0","0","0","0","0","0","1","0","1","0","1","0","1","1","3","0","4","0","0","0","0","4","43","3","47","0","0","0","3"
"경기도교육청","경기도안양과천교육지원청","경기도 안양시 만안구","S090003076","안양초등학교","02","공립","N","","1","0","0","1","1","1","0","2","0","0","0","0","2","10","0","12","3","46","6","49","0","2","1","2","0","1","1","1","0","0","0","0","0","0","0","0","0","1","0","1","0","1","0","1","3","3","0","6","0","1","0","1","10","66","8","76","0","0","0","8"
"경기도교육청","경기도안양과천교육지원청","경기도 안양시 만안구","S090003077","안일초등학교","02","공립","N","","1","0","0","1","0","1","0","1","0","0","0","0","1","10","0","11","1","22","10","23","0","1","0","1","0","0","0","0","0","0","0","0","0","0","0","0","0","1","0","1","0","0","0","0","2","3","0","5","0","0","0","0","5","38","10","43","0","0","0","10"
"경기도교육청","경기도안양과천교육지원청","경기도 안양시 만안구","S090003079","연현초등학교","02","공립","N","","0","1","0","1","1","0","0","1","0","0","0","0","2","6","0","8","1","20","4","21","0","1","0","1","0","0","0","0","0","0","0","0","0","0","0","0","0","1","0","1","0","0","0","0","1","1","0","2","0","0","0","0","5","30","4","35","0","0","0","4"
"경기도교육청","경기도안양과천교육지원청","경기도 안양시 동안구","S090003080","인덕원초등학교","02","공립","N","","1","0","0","1","1","0","0","1","0","0","0","0","1","6","0","7","0","15","0","15","0","1","0","1","0","0","0","0","0","1","0","1","0","0","0","0","0","1","0","1","0","0","0","0","0","2","0","2","0","0","0","0","3","26","0","29","0","0","0","0"
"경기도교육청","경기도안양과천교육지원청","경기도 과천시","S090003082","청계초등학교","02","공립","N","","0","1","0","1","0","1","0","1","0","0","0","0","4","8","0","12","2","32","6","34","0","1","0","1","0","0","0","0","0","0","0","0","0","0","0","0","0","1","0","1","0","1","0","1","2","3","0","5","0","0","0","0","8","48","6","56","0","0","0","6"
"경기도교육청","경기도안양과천교육지원청","경기도 안양시 동안구","S090003083","평촌초등학교","02","공립","N","","1","0","0","1","1","1","0","2","0","0","0","0","2","9","0","11","2","41","3","43","0","1","0","1","0","1","0","1","0","0","0","0","0","0","0","0","0","1","0","1","0","1","0","1","1","3","0","4","0","0","0","0","7","58","3","65","0","0","0","3"
"경기도교육청","경기도안양과천교육지원청","경기도 안양시 동안구","S090003084","호계초등학교","02","공립","N","","0","1","0","1","1","0","0","1","0","0","0","0","0","7","0","7","4","23","3","27","0","1","0","1","0","0","0","0","0","0","0","0","0","0","0","0","0","1","0","1","0","1","0","1","1","2","0","3","0","0","0","0","6","36","3","42","0","0","0","3"
"경기도교육청","경기도안양과천교육지원청","경기도 안양시 동안구","S090003085","호성초등학교","02","공립","N","","0","1","0","1","0","1","0","1","0","0","0","0","0","12","0","12","2","33","2","35","1","1","0","2","0","1","0","1","0","0","0","0","0","0","0","0","0","1","0","1","0","1","0","1","0","4","0","4","0","0","0","0","3","55","2","58","0","0","0","2"
"경기도교육청","경기도안양과천교육지원청","경기도 안양시 동안구","S090003086","호원초등학교","02","공립","N","","1","0","0","1","1","1","0","2","0","0","0","0","1","11","0","12","0","52","6","52","0","2","0","2","0","1","0","1","0","0","0","0","0","0","0","0","0","1","0","1","0","0","0","0","1","9","0","10","0","0","0","0","4","77","6","81","0","0","0","6"
"경기도교육청","경기도안양과천교육지원청","경기도 안양시 동안구","S090003088","희성초등학교","02","공립","N","","0","1","0","1","1","0","0","1","0","0","0","0","0","5","0","5","0","11","2","11","0","0","0","0","0","0","0","0","0","0","0","0","0","0","0","0","0","1","0","1","0","1","0","1","1","1","0","2","0","0","0","0","2","20","2","22","0","0","0","2"
"경기도교육청","경기도양평교육지원청","경기도 양평군","S090003216","강상초등학교","02","공립","N","","1","0","0","1","1","0","0","1","0","0","0","0","3","4","0","7","2","15","3","17","0","1","0","1","1","0","0","1","0","0","0","0","0","0","0","0","0","1","0","1","0","1","0","1","1","1","0","2","0","0","0","0","9","23","3","32","0","0","0","3"
"경기도교육청","경기도양평교육지원청","경기도 양평군","S090003217","강하초등학교","02","공립","N","","1","0","0","1","1","0","0","1","0","0","0","0","1","2","0","3","1","4","1","5","1","0","0","1","0","0","0","0","0","0","0","0","0","0","0","0","0","0","0","0","0","2","1","2","0","3","0","3","0","0","0","0","5","11","2","16","0","0","0","2"
"경기도교육청","경기도양평교육지원청","경기도 양평군","S090003218","개군초등학교","02","공립","N","","0","1","0","1","1","0","0","1","0","0","0","0","1","2","0","3","1","3","0","4","0","1","0","1","0","0","0","0","0","0","0","0","0","0","0","0","0","0","0","0","0","0","0","0","0","1","0","1","0","0","0","0","3","8","0","11","0","0","0","0"
"경기도교육청","경기도양평교육지원청","경기도 양평군","S090003220","곡수초등학교","02","공립","N","","1","0","0","1","1","0","0","1","0","0","0","0","3","1","0","4","1","2","0","3","0","0","0","0","0","0","0","0","0","0","0","0","0","0","0","0","0","0","0","0","0","0","0","0","0","3","0","3","0","0","0","0","6","6","0","12","0","0","0","0"
"경기도교육청","경기도양평교육지원청","경기도 양평군","S090003223","다문초등학교","02","공립","N","","1","0","0","1","0","1","0","1","0","0","0","0","2","9","0","11","4","12","3","16","0","2","1","2","0","0","0","0","0","0","0","0","0","0","0","0","0","1","0","1","0","0","0","0","1","3","0","4","0","0","0","0","8","28","4","36","0","0","0","4"
"경기도교육청","경기도양평교육지원청","경기도 양평군","S090003230","대아초등학교","02","공립","N","","0","1","0","1","0","1","0","1","0","0","0","0","2","1","0","3","0","4","0","4","0","0","0","0","0","0","0","0","0","0","0","0","0","0","0","0","0","0","0","0","0","0","0","0","0","3","0","3","0","0","0","0","2","10","0","12","0","0","0","0"
"경기도교육청","경기도양평교육지원청","경기도 양평군","S090003240","서종초등학교","02","공립","N","","1","0","0","1","0","1","0","1","0","0","0","0","3","2","0","5","1","12","1","13","0","1","0","1","0","1","0","1","0","0","0","0","0","0","0","0","0","1","0","1","0","1","0","1","1","1","0","2","0","0","0","0","6","20","1","26","0","0","0","1"
"경기도교육청","경기도양평교육지원청","경기도 양평군","S090003244","세월초등학교","02","공립","N","","0","1","0","1","0","1","0","1","0","0","0","0","3","0","0","3","1","4","1","5","0","0","0","0","0","0","0","0","0","0","0","0","0","0","0","0","0","0","0","0","0","0","0","0","1","3","0","4","0","0","0","0","5","9","1","14","0","0","0","1"
"경기도교육청","경기도양평교육지원청","경기도 양평군","S090003245","수입초등학교","02","공립","N","","1","0","0","1","1","0","0","1","0","0","0","0","2","1","0","3","1","4","0","5","0","1","0","1","0","1","1","1","0","0","0","0","0","0","0","0","0","1","0","1","0","0","0","0","0","1","0","1","0","0","0","0","5","9","1","14","0","0","0","1"
"경기도교육청","경기도양평교육지원청","경기도 양평군","S090003247","양동초등학교","02","공립","N","","0","1","0","1","0","1","0","1","0","0","0","0","1","2","0","3","2","4","1","6","0","1","0","1","0","0","0","0","0","0","0","0","0","0","0","0","0","0","0","0","0","1","0","1","0","2","0","2","0","0","0","0","3","12","1","15","0","0","0","1"
"경기도교육청","경기도양평교육지원청","경기도 양평군","S090003248","양동초등학교고송분교장","02","공립","N","","0","0","0","0","0","0","0","0","0","0","0","0","0","1","0","1","0","1","0","1","0","0","0","0","0","0","0","0","0","0","0","0","0","0","0","0","0","0","0","0","0","0","0","0","0","0","0","0","0","0","0","0","0","2","0","2","0","0","0","0"
"경기도교육청","경기도양평교육지원청","경기도 양평군","S090003251","양서초등학교","02","공립","N","","0","1","0","1","1","0","0","1","0","0","0","0","2","1","0","3","2","2","0","4","0","1","0","1","0","0","0","0","0","0","0","0","0","0","0","0","0","0","0","0","0","0","0","0","1","1","0","2","0","0","0","0","6","6","0","12","0","0","0","0"
"경기도교육청","경기도양평교육지원청","경기도 양평군","S090003252","양수초등학교","02","공립","N","","0","0","0","0","1","0","0","1","0","0","0","0","4","1","0","5","2","6","1","8","0","1","0","1","0","1","0","1","0","0","0","0","0","0","0","0","0","1","0","1","0","1","0","1","0","3","0","3","0","0","0","0","7","14","1","21","0","0","0","1"
"경기도교육청","경기도양평교육지원청","경기도 양평군","S090003253","양평단월초등학교","02","공립","N","","1","0","0","1","1","0","0","1","0","0","0","0","1","2","0","3","2","2","0","4","0","0","0","0","0","0","0","0","0","0","0","0","0","0","0","0","0","0","0","0","0","0","0","0","0","3","0","3","0","0","0","0","5","7","0","12","0","0","0","0"
"경기도교육청","경기도양평교육지원청","경기도 양평군","S090003255","양평동초등학교","02","공립","N","","1","0","0","1","1","0","0","1","0","0","0","0","3","6","0","9","3","19","3","22","0","2","0","2","0","1","0","1","0","0","0","0","0","0","0","0","0","0","0","0","0","1","0","1","0","1","0","1","0","0","0","0","8","30","3","38","0","0","0","3"
"경기도교육청","경기도양평교육지원청","경기도 양평군","S090003257","양평초등학교","02","공립","N","","1","0","0","1","1","1","0","2","0","1","0","1","4","8","0","12","9","37","4","46","0","2","1","2","0","0","0","0","0","1","0","1","0","0","0","0","0","1","0","1","0","1","1","1","1","9","0","10","0","0","0","0","16","61","6","77","0","0","0","6"
"경기도교육청","경기도양평교육지원청","경기도 양평군","S090003259","옥천초등학교","02","공립","N","","1","0","0","1","1","0","0","1","0","0","0","0","2","3","0","5","1","10","1","11","1","0","0","1","0","1","0","1","0","0","0","0","0","0","0","0","0","1","0","1","0","1","0","1","3","1","0","4","0","0","0","0","9","17","1","26","0","0","0","1"
"경기도교육청","경기도양평교육지원청","경기도 양평군","S090003261","용문초등학교","02","공립","N","","1","0","0","1","0","1","0","1","0","0","0","0","1","2","0","3","3","1","0","4","0","1","0","1","0","0","0","0","0","0","0","0","0","0","0","0","0","0","0","0","0","1","0","1","0","2","0","2","0","0","0","0","5","8","0","13","0","0","0","0"
"경기도교육청","경기도양평교육지원청","경기도 양평군","S090003262","원덕초등학교","02","공립","N","","0","1","0","1","0","1","0","1","0","0","0","0","0","3","0","3","1","3","0","4","0","1","0","1","0","0","0","0","0","0","0","0","0","0","0","0","0","0","0","0","0","0","0","0","0","1","0","1","0","0","0","0","1","10","0","11","0","0","0","0"
"경기도교육청","경기도양평교육지원청","경기도 양평군","S090003267","조현초등학교","02","공립","N","","1","0","0","1","0","1","0","1","0","0","0","0","4","1","0","5","1","7","1","8","0","1","0","1","0","0","0","0","0","0","0","0","0","0","0","0","0","1","0","1","0","1","0","1","1","2","0","3","0","0","0","0","7","14","1","21","0","0","0","1"
"경기도교육청","경기도양평교육지원청","경기도 양평군","S090003268","지평초등학교","02","공립","N","","0","1","0","1","0","1","0","1","0","0","0","0","1","2","0","3","0","3","0","3","0","1","0","1","0","1","0","1","0","0","0","0","0","0","0","0","0","0","0","0","0","1","0","1","0","3","0","3","0","0","0","0","1","13","0","14","0","0","0","0"
"경기도교육청","경기도양평교육지원청","경기도 양평군","S090003270","청운초등학교","02","공립","N","","1","0","0","1","1","0","0","1","0","0","0","0","3","0","0","3","0","4","0","4","0","1","0","1","0","0","0","0","0","0","0","0","0","0","0","0","0","0","0","0","0","1","0","1","1","1","0","2","0","0","0","0","6","7","0","13","0","0","0","0"
"경기도교육청","경기도여주교육지원청","경기도 여주시","S090003326","가남초등학교","02","공립","N","","0","1","0","1","1","0","0","1","0","0","0","0","3","4","0","7","4","9","0","13","0","1","1","1","0","0","0","0","0","0","0","0","0","0","0","0","0","1","0","1","0","0","0","0","1","2","0","3","0","0","0","0","9","18","1","27","0","0","0","1"
"경기도교육청","경기도여주교육지원청","경기도 여주시","S090003328","강천초등학교","02","공립","N","","0","1","0","1","1","0","0","1","0","0","0","0","2","1","0","3","2","2","1","4","0","1","0","1","0","1","0","1","0","1","0","1","0","0","0","0","0","0","0","0","0","0","0","0","1","1","0","2","0","0","0","0","6","8","1","14","0","0","0","1"
"경기도교육청","경기도여주교육지원청","경기도 여주시","S090003333","금당초등학교","02","공립","N","","1","0","0","1","0","0","0","0","0","0","0","0","1","1","0","2","1","4","1","5","0","1","0","1","0","0","0","0","0","0","0","0","0","0","0","0","0","0","0","0","0","0","0","0","0","1","0","1","0","0","0","0","3","7","1","10","0","0","0","1"
"경기도교육청","경기도여주교육지원청","경기도 여주시","S090003335","능북초등학교","02","공립","N","","1","0","0","1","1","0","0","1","0","0","0","0","1","2","0","3","2","2","0","4","0","1","0","1","0","0","0","0","0","0","0","0","0","0","0","0","0","0","0","0","0","0","0","0","0","2","0","2","0","0","0","0","5","7","0","12","0","0","0","0"
"경기도교육청","경기도여주교육지원청","경기도 여주시","S090003336","능서초등학교","02","공립","N","","1","0","0","1","0","1","0","1","0","0","0","0","1","2","0","3","1","3","0","4","0","1","0","1","0","0","0","0","0","0","0","0","0","0","0","0","0","0","0","0","0","1","0","1","1","2","0","3","0","0","0","0","4","10","0","14","0","0","0","0"
"경기도교육청","경기도여주교육지원청","경기도 여주시","S090003338","대신초등학교","02","공립","N","","1","0","0","1","0","1","0","1","0","0","0","0","0","3","0","3","2","2","0","4","0","0","0","0","0","0","0","0","0","0","0","0","0","0","0","0","0","1","0","1","0","1","0","1","0","1","0","1","0","0","0","0","3","9","0","12","0","0","0","0"
"경기도교육청","경기도여주교육지원청","경기도 여주시","S090003340","매류초등학교","02","공립","N","","1","0","0","1","0","0","0","0","0","0","0","0","1","2","0","3","1","2","0","3","0","1","0","1","0","0","0","0","0","0","0","0","0","0","0","0","0","0","0","0","0","0","0","0","0","1","0","1","0","0","0","0","3","6","0","9","0","0","0","0"
"경기도교육청","경기도여주교육지원청","경기도 여주시","S090003341","문장초등학교","02","공립","N","","1","0","0","1","1","0","0","1","0","0","0","0","1","2","0","3","2","2","0","4","0","0","0","0","0","0","0","0","0","0","0","0","0","0","0","0","0","1","0","1","0","0","0","0","0","0","0","0","0","0","0","0","5","5","0","10","0","0","0","0"
"경기도교육청","경기도여주교육지원청","경기도 여주시","S090003342","북내초등학교","02","공립","N","","0","1","0","1","1","0","0","1","0","0","0","0","1","2","0","3","1","3","0","4","0","1","0","1","0","0","0","0","0","0","0","0","0","0","0","0","0","1","0","1","0","1","0","1","0","1","0","1","0","0","0","0","3","10","0","13","0","0","0","0"
"경기도교육청","경기도여주교육지원청","경기도 여주시","S090003343","북내초등학교도전분교장","02","공립","N","","0","0","0","0","0","0","0","0","0","0","0","0","0","1","0","1","0","3","1","3","0","0","0","0","0","0","0","0","0","0","0","0","0","0","0","0","0","0","0","0","0","0","0","0","0","1","0","1","0","0","0","0","0","5","1","5","0","0","0","1"
"경기도교육청","경기도여주교육지원청","경기도 여주시","S090003346","상품초등학교","02","공립","N","","0","1","0","1","1","0","0","1","0","0","0","0","2","1","0","3","1","3","0","4","0","0","0","0","0","0","0","0","0","1","0","1","0","0","0","0","0","0","0","0","0","0","0","0","0","1","0","1","0","0","0","0","4","7","0","11","0","0","0","0"
"경기도교육청","경기도여주교육지원청","경기도 여주시","S090003348","송삼초등학교","02","공립","N","","0","1","0","1","1","0","0","1","0","0","0","0","2","1","0","3","0","4","1","4","0","0","0","0","0","0","0","0","0","0","0","0","0","0","0","0","0","0","0","0","0","0","0","0","1","2","0","3","0","0","0","0","4","8","1","12","0","0","0","1"
"경기도교육청","경기도여주교육지원청","경기도 여주시","S090003349","송촌초등학교","02","공립","N","","1","0","0","1","1","0","0","1","0","0","0","0","3","0","0","3","2","2","1","4","0","0","0","0","0","0","0","0","0","0","0","0","0","0","0","0","0","0","0","0","0","0","0","0","0","3","0","3","0","0","0","0","7","5","1","12","0","0","0","1"
"경기도교육청","경기도여주교육지원청","경기도 여주시","S090003351","여주초등학교","02","공립","N","","1","0","0","1","1","0","0","1","0","0","0","0","4","3","0","7","5","10","1","15","0","2","0","2","0","0","0","0","0","0","0","0","0","0","0","0","0","1","0","1","0","1","0","1","1","2","0","3","0","0","0","0","12","19","1","31","0","0","0","1"
"경기도교육청","경기도여주교육지원청","경기도 여주시","S090003352","여흥초등학교","02","공립","N","","1","0","0","1","1","0","0","1","0","0","0","0","6","3","0","9","5","15","2","20","0","2","0","2","0","1","0","1","0","0","0","0","0","0","0","0","0","1","1","1","0","1","0","1","1","3","0","4","0","0","0","0","14","26","3","40","0","0","0","3"
"경기도교육청","경기도여주교육지원청","경기도 여주시","S090003353","연라초등학교","02","공립","N","","1","0","0","1","0","1","0","1","0","0","0","0","0","3","0","3","3","2","1","5","0","1","0","1","0","1","0","1","0","0","0","0","0","0","0","0","0","0","0","0","0","0","0","0","0","1","0","1","0","0","0","0","4","9","1","13","0","0","0","1"
"경기도교육청","경기도여주교육지원청","경기도 여주시","S090003354","오산초등학교","02","공립","N","","0","1","0","1","0","1","0","1","0","0","0","0","2","1","0","3","1","3","0","4","0","1","0","1","0","0","0","0","0","0","0","0","0","0","0","0","0","0","0","0","0","0","0","0","0","1","0","1","0","0","0","0","3","8","0","11","0","0","0","0"
"경기도교육청","경기도여주교육지원청","경기도 여주시","S090003355","오학초등학교","02","공립","N","","1","0","0","1","1","0","0","1","0","0","0","0","4","8","0","12","6","24","3","30","0","1","0","1","0","1","1","1","0","0","0","0","0","0","0","0","0","1","0","1","0","1","0","1","0","3","0","3","0","0","0","0","12","39","4","51","0","0","0","4"
"경기도교육청","경기도여주교육지원청","경기도 여주시","S090003358","이포초등학교","02","공립","N","","0","1","0","1","0","0","0","0","0","0","0","0","0","3","0","3","1","1","0","2","0","0","0","0","0","0","0","0","0","0","0","0","0","0","0","0","0","0","0","0","0","0","0","0","0","1","0","1","0","0","0","0","1","6","0","7","0","0","0","0"
"경기도교육청","경기도여주교육지원청","경기도 여주시","S090003359","이포초등학교하호분교장","02","공립","N","","0","0","0","0","0","0","0","0","0","0","0","0","2","0","0","2","0","0","0","0","0","0","0","0","0","0","0","0","0","0","0","0","0","0","0","0","0","0","0","0","0","0","0","0","0","0","0","0","0","0","0","0","2","0","0","2","0","0","0","0"
"경기도교육청","경기도여주교육지원청","경기도 여주시","S090003360","점동초등학교","02","공립","N","","0","1","0","1","0","1","0","1","0","0","0","0","2","1","0","3","1","4","1","5","1","2","0","3","0","1","0","1","0","0","0","0","0","0","0","0","0","0","0","0","0","1","0","1","1","3","0","4","0","0","0","0","5","14","1","19","0","0","0","1"
"경기도교육청","경기도여주교육지원청","경기도 여주시","S090003363","점봉초등학교","02","공립","N","","1","0","0","1","0","1","0","1","0","0","0","0","1","4","0","5","2","11","0","13","0","1","0","1","0","0","0","0","0","0","0","0","0","0","0","0","0","1","0","1","0","1","0","1","0","2","0","2","0","0","0","0","4","21","0","25","0","0","0","0"
"경기도교육청","경기도여주교육지원청","경기도 여주시","S090003365","천남초등학교","02","공립","N","","1","0","0","1","0","1","0","1","0","0","0","0","1","2","0","3","2","4","1","6","0","1","0","1","0","0","0","0","0","0","0","0","0","0","0","0","0","0","0","0","0","0","0","0","0","2","0","2","0","0","0","0","4","10","1","14","0","0","0","1"
"경기도교육청","경기도여주교육지원청","경기도 여주시","S090003368","흥천초등학교","02","공립","N","","0","1","0","1","0","0","0","0","0","0","0","0","2","1","0","3","1","3","1","4","0","0","0","0","0","0","0","0","0","0","0","0","0","0","0","0","0","1","0","1","0","1","0","1","0","2","0","2","0","0","0","0","3","9","1","12","0","0","0","1"
"경기도교육청","경기도연천교육지원청","경기도 연천군","S090003414","군남초등학교","02","공립","N","","0","1","0","1","1","0","0","1","0","0","0","0","2","1","0","3","1","3","0","4","1","0","0","1","0","0","0","0","0","1","0","1","0","0","0","0","0","1","1","1","0","0","0","0","0","1","0","1","0","0","0","0","5","8","1","13","0","0","0","1"
"경기도교육청","경기도연천교육지원청","경기도 연천군","S090003417","궁평초등학교","02","공립","N","","0","1","0","1","1","0","0","1","0","0","0","0","1","2","0","3","3","1","0","4","0","0","0","0","0","0","0","0","0","1","0","1","0","0","0","0","0","0","0","0","0","0","0","0","0","1","0","1","0","0","0","0","5","6","0","11","0","0","0","0"
"경기도교육청","경기도연천교육지원청","경기도 연천군","S090003419","대광초등학교","02","공립","N","","0","1","0","1","1","0","0","1","0","0","0","0","3","0","0","3","1","3","0","4","0","1","0","1","0","0","0","0","0","0","0","0","0","0","0","0","0","0","0","0","0","1","0","1","0","1","0","1","0","0","0","0","5","7","0","12","0","0","0","0"
"경기도교육청","경기도연천교육지원청","경기도 연천군","S090003423","백의초등학교","02","공립","N","","1","0","0","1","1","0","0","1","0","0","0","0","2","1","0","3","1","3","0","4","0","1","0","1","0","0","0","0","0","0","0","0","0","0","0","0","0","1","0","1","0","0","0","0","0","0","0","0","0","0","0","0","5","6","0","11","0","0","0","0"
"경기도교육청","경기도연천교육지원청","경기도 연천군","S090003424","백학초등학교","02","공립","N","","1","0","0","1","0","1","0","1","0","0","0","0","2","0","0","2","1","4","0","5","0","0","0","0","0","0","0","0","0","0","0","0","0","0","0","0","0","0","0","0","0","1","0","1","0","3","0","3","0","0","0","0","4","9","0","13","0","0","0","0"
"경기도교육청","경기도연천교육지원청","경기도 연천군","S090003426","상리초등학교","02","공립","N","","0","1","0","1","1","0","0","1","0","0","0","0","1","2","0","3","3","2","1","5","1","0","0","1","0","0","0","0","0","0","0","0","0","0","0","0","0","1","0","1","0","0","0","0","0","0","0","0","0","0","0","0","6","6","1","12","0","0","0","1"
"경기도교육청","경기도연천교육지원청","경기도 연천군","S090003428","연천노곡초등학교","02","공립","N","","1","0","0","1","0","1","0","1","0","0","0","0","2","1","0","3","3","1","0","4","0","1","0","1","0","0","0","0","0","0","0","0","0","0","0","0","0","0","0","0","0","0","0","0","0","2","0","2","0","0","0","0","6","6","0","12","0","0","0","0"
"경기도교육청","경기도연천교육지원청","경기도 연천군","S090003429","연천왕산초등학교","02","공립","N","","0","1","0","1","1","0","0","1","0","0","0","0","1","2","0","3","3","3","3","6","0","0","0","0","0","0","0","0","0","0","0","0","0","0","0","0","0","0","0","0","0","1","0","1","1","3","0","4","0","0","0","0","6","10","3","16","0","0","0","3"
"경기도교육청","경기도연천교육지원청","경기도 연천군","S090003431","연천초등학교","02","공립","N","","1","0","0","1","1","0","0","1","0","0","0","0","4","1","0","5","3","7","0","10","0","0","0","0","0","1","0","1","0","0","0","0","0","0","0","0","0","1","0","1","0","1","0","1","1","1","0","2","0","0","0","0","10","12","0","22","0","0","0","0"
"경기도교육청","경기도연천교육지원청","경기도 연천군","S090003437","은대초등학교","02","공립","N","","1","0","0","1","1","0","0","1","0","0","0","0","1","2","0","3","2","3","0","5","0","0","0","0","0","0","0","0","0","0","0","0","0","0","0","0","0","0","0","0","0","0","0","0","0","1","0","1","0","0","0","0","5","6","0","11","0","0","0","0"
"경기도교육청","경기도연천교육지원청","경기도 연천군","S090003438","전곡초등학교","02","공립","N","","1","0","0","1","1","0","0","1","0","1","0","1","7","3","0","10","16","9","5","25","0","1","0","1","0","1","0","1","0","0","0","0","0","0","0","0","0","1","0","1","0","1","0","1","3","2","0","5","0","0","0","0","28","19","5","47","0","0","0","5"
"경기도교육청","경기도연천교육지원청","경기도 연천군","S090003441","초성초등학교","02","공립","N","","1","0","0","1","1","0","0","1","0","0","0","0","2","1","0","3","2","2","0","4","0","1","0","1","0","0","0","0","0","1","0","1","0","0","0","0","0","0","0","0","0","1","0","1","0","1","0","1","0","0","0","0","6","7","0","13","0","0","0","0"
"경기도교육청","경기도연천교육지원청","경기도 연천군","S090003442","화진초등학교","02","공립","N","","1","0","0","1","1","0","0","1","0","0","0","0","3","0","0","3","3","2","1","5","0","1","0","1","0","0","0","0","0","0","0","0","0","0","0","0","0","1","0","1","0","0","0","0","0","0","0","0","0","0","0","0","8","4","1","12","0","0","0","1"
"경기도교육청","경기도용인교육지원청","경기도 용인시 수지구","S090003495","고기초등학교","02","공립","N","","0","1","0","1","0","1","0","1","0","0","0","0","0","5","0","5","0","9","1","9","1","0","0","1","0","0","0","0","0","0","0","0","0","0","0","0","0","1","0","1","0","1","0","1","1","2","0","3","0","0","0","0","2","20","1","22","0","0","0","1"
"경기도교육청","경기도용인교육지원청","경기도 용인시 처인구","S090003496","고림초등학교","02","공립","N","","0","1","0","1","0","1","0","1","0","0","0","0","2","9","0","11","1","18","0","19","0","1","0","1","0","0","0","0","0","0","0","0","0","0","0","0","0","1","0","1","0","1","0","1","1","2","0","3","0","0","0","0","4","34","0","38","0","0","0","0"
"경기도교육청","경기도용인교육지원청","경기도 용인시 기흥구","S090003497","관곡초등학교","02","공립","N","","1","0","0","1","0","1","0","1","0","0","0","0","1","2","0","3","4","1","1","5","0","1","0","1","0","0","0","0","0","0","0","0","0","0","0","0","0","0","0","0","0","0","0","0","0","3","0","3","0","0","0","0","6","8","1","14","0","0","0","1"
"경기도교육청","경기도용인교육지원청","경기도 용인시 기흥구","S090003498","구갈초등학교","02","공립","N","","1","0","0","1","0","1","0","1","0","0","0","0","0","7","0","7","1","11","1","12","1","1","0","2","0","0","0","0","0","0","0","0","0","0","0","0","0","1","0","1","0","1","0","1","2","1","0","3","0","0","0","0","5","23","1","28","0","0","0","1"
"경기도교육청","경기도용인교육지원청","경기도 용인시 기흥구","S090003499","구성초등학교","02","공립","N","","1","0","0","1","0","1","0","1","0","0","0","0","2","5","0","7","3","17","2","20","0","1","0","1","0","0","0","0","0","0","0","0","0","0","0","0","0","1","0","1","0","0","0","0","1","1","0","2","0","0","0","0","7","26","2","33","0","0","0","2"
"경기도교육청","경기도용인교육지원청","경기도 용인시 기흥구","S090003500","기흥초등학교","02","공립","N","","0","1","0","1","1","0","0","1","0","0","0","0","3","2","0","5","2","14","5","16","0","1","0","1","0","0","0","0","0","0","0","0","0","0","0","0","0","1","0","1","0","1","0","1","0","2","0","2","0","0","0","0","6","22","5","28","0","0","0","5"
"경기도교육청","경기도용인교육지원청","경기도 용인시 처인구","S090003501","남곡초등학교","02","공립","N","","1","0","0","1","1","1","0","2","0","0","0","0","7","5","0","12","16","49","10","65","0","1","0","1","0","1","0","1","0","0","0","0","0","0","0","0","0","1","0","1","0","1","0","1","4","7","0","11","0","0","0","0","29","66","10","95","0","0","0","10"
"경기도교육청","경기도용인교육지원청","경기도 용인시 처인구","S090003502","남사초등학교","02","공립","N","","1","0","0","1","1","0","0","1","0","0","0","0","1","2","0","3","1","4","2","5","0","1","0","1","0","0","0","0","0","1","0","1","0","0","0","0","0","0","0","0","0","0","0","0","1","1","0","2","0","0","0","0","5","9","2","14","0","0","0","2"
"경기도교육청","경기도용인교육지원청","경기도 용인시 처인구","S090003504","남촌초등학교","02","공립","N","","0","1","0","1","0","1","0","1","0","0","0","0","1","2","0","3","1","3","1","4","0","0","0","0","0","0","0","0","0","0","0","0","0","0","0","0","0","0","0","0","0","0","0","0","0","2","0","2","0","0","0","0","2","9","1","11","0","0","0","1"
"경기도교육청","경기도용인교육지원청","경기도 용인시 처인구","S090003505","능원초등학교","02","공립","N","","0","1","0","1","1","0","0","1","0","0","0","0","6","4","0","10","2","28","7","30","0","1","0","1","0","1","0","1","0","0","0","0","0","0","0","0","0","1","0","1","0","0","0","0","1","4","0","5","0","0","0","0","10","40","7","50","0","0","0","7"
"경기도교육청","경기도용인교육지원청","경기도 용인시 수지구","S090003506","용인대일초등학교","02","공립","N","","1","0","0","1","1","0","0","1","0","0","0","0","3","5","0","8","2","12","3","14","0","1","0","1","0","0","0","0","0","0","0","0","0","0","0","0","0","1","0","1","0","1","0","1","1","4","0","5","0","0","0","0","8","24","3","32","0","0","0","3"
"경기도교육청","경기도용인교육지원청","경기도 용인시 수지구","S090003507","대지초등학교","02","공립","N","","0","1","0","1","0","1","0","1","0","0","0","0","1","4","0","5","1","15","5","16","0","1","0","1","0","0","0","0","0","0","0","0","0","0","0","0","0","1","0","1","0","1","0","1","1","3","0","4","0","0","0","0","3","27","5","30","0","0","0","5"
"경기도교육청","경기도용인교육지원청","경기도 용인시 수지구","S090003508","대현초등학교","02","공립","N","","1","0","0","1","1","0","0","1","0","1","0","1","2","5","0","7","2","8","5","10","0","1","0","1","0","0","0","0","0","0","0","0","0","0","0","0","0","1","0","1","0","0","0","0","0","6","0","6","0","0","0","0","6","22","5","28","0","0","0","5"
"경기도교육청","경기도용인교육지원청","경기도 용인시 수지구","S090003509","동천초등학교","02","공립","N","","0","1","0","1","1","1","0","2","0","0","0","0","3","11","0","14","0","48","14","48","0","1","0","1","0","1","0","1","0","0","0","0","0","0","0","0","0","1","0","1","0","0","0","0","0","9","0","9","0","0","0","0","4","73","14","77","0","0","0","14"
"경기도교육청","경기도용인교육지원청","경기도 용인시 기흥구","S090003511","마북초등학교","02","공립","N","","1","0","0","1","1","0","0","1","0","0","0","0","2","5","0","7","2","18","5","20","0","1","1","1","0","0","0","0","0","0","0","0","0","0","0","0","0","1","0","1","0","2","1","2","1","5","0","6","0","0","0","0","7","32","7","39","0","0","0","7"
"경기도교육청","경기도용인교육지원청","경기도 용인시 기흥구","S090003512","마성초등학교","02","공립","N","","0","1","0","1","1","0","0","1","0","0","0","0","4","1","0","5","2","10","1","12","0","1","0","1","0","0","0","0","0","0","0","0","0","0","0","0","0","1","0","1","0","0","0","0","1","3","0","4","0","0","0","0","8","17","1","25","0","0","0","1"
"경기도교육청","경기도용인교육지원청","경기도 용인시 수지구","S090003513","용인심곡초등학교","02","공립","N","","0","1","0","1","0","1","0","1","0","0","0","0","3","6","0","9","2","17","4","19","0","2","1","2","0","0","0","0","0","0","0","0","0","0","0","0","0","1","0","1","0","1","0","1","0","5","0","5","0","0","0","0","5","34","5","39","0","0","0","5"
"경기도교육청","경기도용인교육지원청","경기도 용인시 처인구","S090003514","모현초등학교","02","공립","N","","0","1","0","1","1","0","0","1","0","0","0","0","0","3","0","3","0","8","0","8","0","1","0","1","0","0","0","0","0","1","0","1","0","0","0","0","0","1","0","1","0","1","0","1","0","1","0","1","0","0","0","0","1","17","0","18","0","0","0","0"
"경기도교육청","경기도용인교육지원청","경기도 용인시 처인구","S090003515","백봉초등학교","02","공립","N","","1","0","0","1","0","1","0","1","0","0","0","0","1","2","0","3","2","2","1","4","0","1","0","1","0","0","0","0","0","0","0","0","0","0","0","0","0","0","0","0","0","0","0","0","0","3","0","3","0","0","0","0","4","9","1","13","0","0","0","1"
"경기도교육청","경기도용인교육지원청","경기도 용인시 처인구","S090003516","백암초등학교","02","공립","N","","1","0","0","1","0","1","0","1","0","0","0","0","0","3","0","3","2","3","1","5","0","1","0","1","0","0","0","0","0","0","0","0","0","0","0","0","0","0","0","0","0","1","0","1","0","3","0","3","0","0","0","0","3","12","1","15","0","0","0","1"
"경기도교육청","경기도용인교육지원청","경기도 용인시 처인구","S090003517","백암초등학교수정분교장","02","공립","N","","0","0","0","0","0","0","0","0","0","0","0","0","1","0","0","1","1","2","1","3","0","1","0","1","0","0","0","0","0","0","0","0","0","0","0","0","0","0","0","0","0","0","0","0","0","1","0","1","0","0","0","0","2","4","1","6","0","0","0","1"
"경기도교육청","경기도용인교육지원청","경기도 용인시 기흥구","S090003518","보라초등학교","02","공립","N","","1","0","0","1","1","0","0","1","0","0","0","0","0","4","0","4","1","4","0","5","0","2","0","2","0","0","0","0","0","0","0","0","0","0","0","0","0","1","0","1","0","0","0","0","0","1","0","1","0","0","0","0","3","12","0","15","0","0","0","0"
"경기도교육청","경기도용인교육지원청","경기도 용인시 기흥구","S090003519","보정초등학교","02","공립","N","","1","0","0","1","0","1","0","1","0","0","0","0","1","7","0","8","1","27","6","28","0","1","0","1","0","1","1","1","0","0","0","0","0","0","0","0","0","1","0","1","0","1","0","1","2","3","0","5","0","0","0","0","5","42","7","47","0","0","0","7"
"경기도교육청","경기도용인교육지원청","경기도 용인시 기흥구","S090003520","산양초등학교","02","공립","N","","0","1","0","1","0","1","0","1","0","0","0","0","2","5","0","7","4","19","8","23","0","1","0","1","0","0","0","0","0","0","0","0","0","0","0","0","0","1","1","1","0","1","0","1","1","5","0","6","0","0","0","0","7","34","9","41","0","0","0","9"
"경기도교육청","경기도용인교육지원청","경기도 용인시 기흥구","S090003521","상갈초등학교","02","공립","N","","0","1","0","1","1","0","0","1","0","0","0","0","3","2","0","5","0","15","6","15","0","1","0","1","0","0","0","0","0","0","0","0","0","0","0","0","0","1","0","1","0","1","0","1","0","7","0","7","0","0","0","0","4","28","6","32","0","0","0","6"
"경기도교육청","경기도용인교육지원청","경기도 용인시 기흥구","S090003522","상하초등학교","02","공립","N","","0","1","0","1","1","0","0","1","0","0","0","0","3","4","0","7","6","14","4","20","0","1","0","1","0","0","0","0","0","0","0","0","0","0","0","0","0","1","0","1","0","0","0","0","0","6","0","6","0","0","0","0","10","27","4","37","0","0","0","4"
"경기도교육청","경기도용인교육지원청","경기도 용인시 수지구","S090003523","상현초등학교","02","공립","N","","1","0","0","1","0","1","0","1","0","0","0","0","1","11","0","12","5","33","1","38","0","0","0","0","0","1","0","1","0","0","0","0","0","0","0","0","0","0","0","0","0","1","0","1","0","3","0","3","0","0","0","0","7","50","1","57","0","0","0","1"
"경기도교육청","경기도용인교육지원청","경기도 용인시 처인구","S090003524","서룡초등학교","02","공립","N","","1","0","0","1","1","0","0","1","0","0","0","0","3","6","0","9","4","14","4","18","0","2","0","2","0","1","0","1","0","0","0","0","0","0","0","0","0","1","0","1","0","1","0","1","0","3","0","3","0","1","0","1","9","29","4","38","0","0","0","4"
"경기도교육청","경기도용인교육지원청","경기도 용인시 수지구","S090003525","서원초등학교","02","공립","N","","0","1","0","1","0","1","0","1","0","0","0","0","0","14","0","14","1","26","6","27","0","2","1","2","0","1","0","1","0","0","0","0","0","0","0","0","0","1","0","1","0","1","0","1","3","2","0","5","0","0","0","0","4","49","7","53","0","0","0","7"
"경기도교육청","경기도용인교육지원청","경기도 용인시 기흥구","S090003526","서천초등학교","02","공립","N","","1","0","0","1","1","0","0","1","0","0","0","0","3","4","0","7","3","14","4","17","0","1","0","1","0","0","0","0","0","0","0","0","0","0","0","0","0","1","0","1","0","0","0","0","1","7","0","8","0","0","0","0","9","27","4","36","0","0","0","4"
"경기도교육청","경기도용인교육지원청","경기도 용인시 수지구","S090003527","성복초등학교","02","공립","N","","0","1","0","1","1","0","0","1","0","1","0","1","2","7","0","9","5","21","3","26","0","0","0","0","0","1","1","1","0","1","0","1","0","0","0","0","0","1","0","1","0","0","0","0","2","2","0","4","0","0","0","0","10","35","4","45","0","0","0","4"
"경기도교육청","경기도용인교육지원청","경기도 용인시 수지구","S090003528","소현초등학교","02","공립","N","","0","1","0","1","0","1","0","1","0","0","0","0","4","3","0","7","0","13","0","13","0","1","0","1","0","0","0","0","0","1","1","1","0","0","0","0","0","1","0","1","0","1","0","1","1","3","0","4","0","0","0","0","5","25","1","30","0","0","0","1"
"경기도교육청","경기도용인교육지원청","경기도 용인시 수지구","S090003529","솔개초등학교","02","공립","N","","1","0","0","1","1","0","0","1","0","0","0","0","2","8","0","10","0","31","6","31","0","0","0","0","0","1","0","1","0","0","0","0","0","0","0","0","0","1","0","1","0","0","0","0","0","4","0","4","0","0","0","0","4","45","6","49","0","0","0","6"
"경기도교육청","경기도용인교육지원청","경기도 용인시 처인구","S090003530","송전초등학교","02","공립","N","","1","0","0","1","1","0","0","1","0","0","0","0","1","4","0","5","2","7","0","9","0","1","0","1","0","0","0","0","0","1","0","1","0","0","0","0","0","1","0","1","0","0","0","0","0","1","0","1","0","0","0","0","5","15","0","20","0","0","0","0"
"경기도교육청","경기도용인교육지원청","경기도 용인시 수지구","S090003532","수지초등학교","02","공립","N","","0","1","0","1","1","1","0","2","0","0","0","0","2","10","0","12","6","64","6","70","0","2","0","2","0","1","1","1","0","0","0","0","0","0","0","0","0","1","0","1","0","0","0","0","1","3","0","4","0","0","0","0","10","83","7","93","0","0","0","7"
"경기도교육청","경기도용인교육지원청","경기도 용인시 기흥구","S090003534","신갈초등학교","02","공립","N","","0","1","0","1","1","0","0","1","0","0","0","0","3","3","0","6","5","17","5","22","0","2","0","2","0","1","0","1","0","0","0","0","0","0","0","0","0","1","0","1","0","0","0","0","0","3","0","3","0","0","0","0","9","28","5","37","0","0","0","5"
"경기도교육청","경기도용인교육지원청","경기도 용인시 수지구","S090003535","신월초등학교","02","공립","N","","0","1","0","1","1","0","0","1","0","0","0","0","3","4","0","7","1","14","2","15","0","2","0","2","0","0","0","0","0","0","0","0","0","0","0","0","0","1","0","1","0","1","0","1","0","2","0","2","0","0","0","0","5","25","2","30","0","0","0","2"
"경기도교육청","경기도용인교육지원청","경기도 용인시 처인구","S090003536","양지초등학교","02","공립","N","","0","1","0","1","0","1","0","1","0","0","0","0","2","7","0","9","5","13","0","18","0","2","0","2","0","0","0","0","0","0","0","0","0","0","0","0","0","1","0","1","0","0","0","0","0","2","0","2","0","0","0","0","7","27","0","34","0","0","0","0"
"경기도교육청","경기도용인교육지원청","경기도 용인시 기흥구","S090003537","어정초등학교","02","공립","N","","1","0","0","1","1","0","0","1","0","1","0","1","5","5","0","10","3","31","4","34","0","1","0","1","0","1","1","1","0","0","0","0","0","0","0","0","0","1","0","1","0","0","0","0","1","6","0","7","0","0","0","0","11","46","5","57","0","0","0","5"
"경기도교육청","경기도용인교육지원청","경기도 용인시 기흥구","S090003539","언동초등학교","02","공립","N","","0","1","0","1","1","0","0","1","0","0","0","0","3","7","0","10","1","14","2","15","0","1","0","1","0","1","1","1","0","0","0","0","0","0","0","0","0","1","0","1","0","1","0","1","0","5","0","5","0","0","0","0","5","31","3","36","0","0","0","3"
"경기도교육청","경기도용인교육지원청","경기도 용인시 처인구","S090003540","역북초등학교","02","공립","N","","1","0","0","1","0","1","0","1","0","0","0","0","0","10","0","10","2","23","2","25","1","0","0","1","0","0","0","0","0","0","0","0","0","0","0","0","0","1","0","1","0","1","0","1","0","1","0","1","0","0","0","0","4","37","2","41","0","0","0","2"
"경기도교육청","경기도용인교육지원청","경기도 용인시 처인구","S090003541","왕산초등학교","02","공립","N","","1","0","0","1","0","1","0","1","0","0","0","0","3","2","0","5","1","15","5","16","0","1","0","1","0","1","0","1","0","0","0","0","0","0","0","0","0","1","0","1","0","1","0","1","0","3","0","3","0","0","0","0","5","25","5","30","0","0","0","5"
"경기도교육청","경기도용인교육지원청","경기도 용인시 처인구","S090003542","용마초등학교","02","공립","N","","1","0","0","1","0","1","0","1","0","0","0","0","1","9","0","10","4","19","4","23","0","2","0","2","0","1","1","1","0","0","0","0","0","0","0","0","0","1","0","1","0","0","0","0","3","3","0","6","0","0","0","0","9","36","5","45","0","0","0","5"
"경기도교육청","경기도용인교육지원청","경기도 용인시 처인구","S090003543","용인둔전초등학교","02","공립","N","","0","1","0","1","1","0","0","1","0","0","0","0","6","4","0","10","6","19","4","25","0","2","0","2","0","0","0","0","0","0","0","0","0","0","0","0","0","1","0","1","0","1","0","1","1","4","0","5","0","0","0","0","14","32","4","46","0","0","0","4"
"경기도교육청","경기도용인교육지원청","경기도 용인시 처인구","S090003544","용인초등학교","02","공립","N","","1","0","0","1","0","1","0","1","0","0","0","0","2","5","0","7","3","27","3","30","0","2","0","2","0","1","0","1","0","0","0","0","0","0","0","0","0","1","0","1","0","1","0","1","0","2","0","2","0","0","0","0","6","40","3","46","0","0","0","3"
"경기도교육청","경기도용인교육지원청","경기도 용인시 처인구","S090003545","용천초등학교","02","공립","N","","1","0","0","1","1","0","0","1","0","0","0","0","3","2","0","5","1","11","2","12","0","1","1","1","0","0","0","0","0","0","0","0","0","0","0","0","0","1","0","1","0","1","0","1","1","2","0","3","0","0","0","0","7","18","3","25","0","0","0","3"
"경기도교육청","경기도용인교육지원청","경기도 용인시 처인구","S090003546","운학초등학교","02","공립","N","","0","1","0","1","1","0","0","1","0","0","0","0","2","1","0","3","1","4","0","5","1","0","0","1","0","0","0","0","0","0","0","0","0","0","0","0","0","0","0","0","0","0","0","0","0","1","0","1","0","0","0","0","5","7","0","12","0","0","0","0"
"경기도교육청","경기도용인교육지원청","경기도 용인시 처인구","S090003547","원삼초등학교","02","공립","N","","0","1","0","1","0","1","0","1","0","0","0","0","2","1","0","3","1","3","0","4","0","0","0","0","0","0","0","0","0","0","0","0","0","0","0","0","0","0","0","0","0","1","0","1","0","2","0","2","0","0","0","0","3","9","0","12","0","0","0","0"
"경기도교육청","경기도용인교육지원청","경기도 용인시 기흥구","S090003550","이현초등학교","02","공립","N","","0","1","0","1","0","1","0","1","0","0","0","0","1","7","0","8","2","20","5","22","0","1","0","1","0","0","0","0","0","0","0","0","0","0","0","0","0","1","0","1","0","1","0","1","1","6","0","7","0","0","0","0","4","38","5","42","0","0","0","5"
"경기도교육청","경기도용인교육지원청","경기도 용인시 처인구","S090003551","장평초등학교","02","공립","N","","0","1","0","1","1","0","0","1","0","0","0","0","1","2","0","3","1","5","1","6","0","0","0","0","0","0","0","0","0","0","0","0","0","0","0","0","0","0","0","0","0","0","0","0","0","1","0","1","0","0","0","0","3","9","1","12","0","0","0","1"
"경기도교육청","경기도용인교육지원청","경기도 용인시 수지구","S090003552","정평초등학교","02","공립","N","","1","0","0","1","0","1","0","1","0","0","0","0","2","10","0","12","1","28","7","29","0","1","0","1","0","0","0","0","0","1","0","1","0","0","0","0","0","1","0","1","0","1","0","1","3","6","0","9","0","0","0","0","7","49","7","56","0","0","0","7"
"경기도교육청","경기도용인교육지원청","","S090003553","제일초등학교","02","공립","N","","0","1","0","1","1","0","0","1","0","0","0","0","1","1","0","2","5","5","0","10","0","0","0","0","0","0","0","0","0","0","0","0","0","0","0","0","0","1","0","1","0","0","0","0","0","1","0","1","0","0","0","0","7","9","0","16","0","0","0","0"
"경기도교육청","경기도용인교육지원청","경기도 용인시 처인구","S090003554","좌항초등학교","02","공립","N","","0","1","0","1","0","1","0","1","0","0","0","0","2","1","0","3","0","5","1","5","0","1","0","1","0","0","0","0","0","0","0","0","0","0","0","0","0","0","0","0","0","0","0","0","0","1","0","1","0","0","0","0","2","10","1","12","0","0","0","1"
"경기도교육청","경기도용인교육지원청","경기도 용인시 수지구","S090003555","죽전초등학교","02","공립","N","","0","1","0","1","0","1","0","1","1","0","0","1","1","4","0","5","4","10","3","14","0","1","0","1","0","0","0","0","0","1","0","1","0","0","0","0","0","1","0","1","0","0","0","0","1","2","0","3","0","0","0","0","7","21","3","28","0","0","0","3"
"경기도교육청","경기도용인교육지원청","경기도 용인시 기흥구","S090003556","청곡초등학교","02","공립","N","","0","1","0","1","0","1","0","1","0","1","0","1","3","10","0","13","4","35","5","39","0","1","1","1","0","0","0","0","0","1","0","1","0","0","0","0","0","1","0","1","0","1","0","1","1","5","0","6","0","0","0","0","8","57","6","65","0","0","0","6"
"경기도교육청","경기도용인교육지원청","경기도 용인시 수지구","S090003558","토월초등학교","02","공립","N","","1","0","0","1","0","1","0","1","0","0","0","0","2","3","0","5","0","26","3","26","0","0","0","0","0","1","0","1","0","0","0","0","0","0","0","0","0","1","0","1","0","1","0","1","1","3","0","4","0","0","0","0","4","36","3","40","0","0","0","3"
"경기도교육청","경기도용인교육지원청","경기도 용인시 처인구","S090003559","포곡초등학교","02","공립","N","","0","1","0","1","1","0","0","1","0","0","0","0","5","6","0","11","4","16","3","20","0","3","0","3","0","1","0","1","0","0","0","0","0","0","0","0","0","1","0","1","0","1","0","1","0","4","0","4","0","0","0","0","10","33","3","43","0","0","0","3"
"경기도교육청","경기도용인교육지원청","경기도 용인시 수지구","S090003560","풍덕초등학교","02","공립","N","","1","0","0","1","1","1","0","2","0","0","0","0","0","14","0","14","6","40","7","46","0","1","0","1","0","1","0","1","0","0","0","0","0","0","0","0","0","1","1","1","0","1","0","1","3","5","0","8","0","0","0","0","11","64","8","75","0","0","0","8"
"경기도교육청","경기도용인교육지원청","경기도 용인시 수지구","S090003561","풍천초등학교","02","공립","N","","0","1","0","1","0","1","0","1","0","0","0","0","4","8","0","12","1","42","6","43","0","0","0","0","0","0","0","0","0","0","0","0","0","0","0","0","0","1","0","1","0","0","0","0","0","5","0","5","0","0","0","0","5","58","6","63","0","0","0","6"
"경기도교육청","경기도용인교육지원청","","S090003562","한터초등학교","02","공립","N","","0","1","0","1","1","0","0","1","0","0","0","0","1","2","0","3","1","4","0","5","0","0","0","0","0","0","0","0","0","1","0","1","0","0","0","0","0","0","0","0","0","0","0","0","0","2","0","2","0","0","0","0","3","10","0","13","0","0","0","0"
"경기도교육청","경기도용인교육지원청","경기도 용인시 수지구","S090003563","홍천초등학교","02","공립","N","","0","1","0","1","0","1","0","1","0","0","0","0","0","6","0","6","2","17","7","19","0","1","0","1","0","0","0","0","0","0","0","0","0","0","0","0","0","1","0","1","0","1","0","1","1","8","0","9","0","0","0","0","3","36","7","39","0","0","0","7"
"경기도교육청","경기도의정부교육지원청","경기도 의정부시","S090003656","가능초등학교","02","공립","N","","0","1","0","1","1","0","0","1","0","0","0","0","2","9","0","11","6","25","4","31","0","2","1","2","0","0","0","0","0","0","0","0","0","0","0","0","0","1","1","1","0","1","0","1","3","5","0","8","0","0","0","0","12","44","6","56","0","0","0","6"
"경기도교육청","경기도의정부교육지원청","경기도 의정부시","S090003657","경의초등학교","02","공립","N","","0","1","0","1","1","0","0","1","0","0","0","0","3","5","0","8","5","21","3","26","0","2","0","2","0","0","0","0","0","0","0","0","0","0","0","0","0","1","0","1","0","1","0","1","0","2","0","2","0","0","0","0","9","33","3","42","0","0","0","3"
"경기도교육청","경기도의정부교육지원청","경기도 의정부시","S090003658","고산초등학교","02","공립","N","","0","1","0","1","1","1","0","2","0","1","0","1","5","5","0","10","7","34","3","41","0","1","0","1","0","0","0","0","0","0","0","0","0","0","0","0","0","1","0","1","0","0","0","0","3","3","0","6","0","0","0","0","16","47","3","63","0","0","0","3"
"경기도교육청","경기도의정부교육지원청","경기도 의정부시","S090003659","금오초등학교","02","공립","N","","0","1","0","1","1","0","0","1","0","0","0","0","1","4","0","5","3","8","1","11","0","1","0","1","0","0","0","0","0","0","0","0","0","0","0","0","0","1","0","1","0","0","0","0","0","3","0","3","0","0","0","0","5","18","1","23","0","0","0","1"
"경기도교육청","경기도의정부교육지원청","경기도 의정부시","S090003660","녹양초등학교","02","공립","N","","1","0","0","1","1","0","0","1","0","0","0","0","2","3","0","5","2","14","2","16","0","3","0","3","0","0","0","0","0","0","0","0","0","0","0","0","0","1","0","1","0","0","0","0","2","4","0","6","0","0","0","0","8","25","2","33","0","0","0","2"
"경기도교육청","경기도의정부교육지원청","경기도 의정부시","S090003661","동오초등학교","02","공립","N","","1","0","0","1","1","0","0","1","0","0","0","0","2","4","0","6","4","15","2","19","0","0","0","0","0","1","1","1","0","0","0","0","0","0","0","0","0","1","0","1","0","1","0","1","3","0","0","3","0","0","0","0","11","22","3","33","0","0","0","3"
"경기도교육청","경기도의정부교육지원청","경기도 의정부시","S090003662","민락초등학교","02","공립","N","","0","1","0","1","1","0","0","1","0","0","0","0","5","8","0","13","3","20","1","23","0","1","0","1","0","0","0","0","0","0","0","0","0","0","0","0","0","1","0","1","0","1","0","1","0","2","0","2","0","0","0","0","9","34","1","43","0","0","0","1"
"경기도교육청","경기도의정부교육지원청","경기도 의정부시","S090003663","발곡초등학교","02","공립","N","","0","1","0","1","0","1","0","1","0","0","0","0","1","7","0","8","3","14","1","17","0","1","0","1","0","1","1","1","0","0","0","0","0","0","0","0","0","1","0","1","0","1","0","1","0","3","0","3","0","0","0","0","4","30","2","34","0","0","0","2"
"경기도교육청","경기도의정부교육지원청","경기도 의정부시","S090003664","배영초등학교","02","공립","N","","1","0","0","1","0","1","0","1","0","1","0","1","1","6","0","7","2","10","1","12","0","2","0","2","0","0","0","0","0","0","0","0","0","0","0","0","0","1","0","1","0","1","0","1","2","4","0","6","0","0","0","0","6","26","1","32","0","0","0","1"
"경기도교육청","경기도의정부교육지원청","경기도 의정부시","S090003665","새말초등학교","02","공립","N","","0","1","0","1","0","1","0","1","0","0","0","0","3","7","0","10","4","26","2","30","0","1","0","1","0","1","0","1","0","0","0","0","0","0","0","0","0","1","0","1","0","0","0","0","0","3","0","3","0","1","0","1","7","42","2","49","0","0","0","2"
"경기도교육청","경기도의정부교육지원청","경기도 의정부시","S090003666","솔뫼초등학교","02","공립","N","","0","1","0","1","0","1","0","1","0","0","0","0","0","9","0","9","5","16","2","21","0","3","0","3","0","1","0","1","0","0","0","0","0","0","0","0","0","0","0","0","0","0","0","0","0","4","0","4","0","0","0","0","5","35","2","40","0","0","0","2"
"경기도교육청","경기도의정부교육지원청","경기도 의정부시","S090003667","송양초등학교","02","공립","N","","1","0","0","1","0","1","0","1","0","0","0","0","4","7","0","11","3","27","2","30","0","1","0","1","0","0","0","0","0","0","0","0","0","0","0","0","0","0","0","0","0","1","0","1","1","2","0","3","0","0","0","0","9","39","2","48","0","0","0","2"
"경기도교육청","경기도의정부교육지원청","경기도 의정부시","S090003669","신동초등학교","02","공립","N","","0","1","0","1","0","1","0","1","0","0","0","0","1","5","0","6","2","17","1","19","0","1","0","1","0","0","0","0","0","0","0","0","0","0","0","0","0","1","0","1","0","1","0","1","0","3","0","3","0","1","0","1","3","31","1","34","0","0","0","1"
"경기도교육청","경기도의정부교육지원청","경기도 의정부시","S090003670","어룡초등학교","02","공립","N","","1","0","0","1","1","0","0","1","0","0","0","0","1","2","0","3","3","7","3","10","0","2","0","2","0","0","0","0","0","0","0","0","0","0","0","0","0","1","0","1","0","0","0","0","2","1","0","3","0","0","0","0","8","13","3","21","0","0","0","3"
"경기도교육청","경기도의정부교육지원청","경기도 의정부시","S090003671","오동초등학교","02","공립","N","","1","0","0","1","0","1","0","1","0","0","0","0","3","6","0","9","3","16","1","19","0","1","0","1","0","0","0","0","0","0","0","0","0","0","0","0","0","1","0","1","0","0","0","0","0","1","0","1","0","0","0","0","7","26","1","33","0","0","0","1"
"경기도교육청","경기도의정부교육지원청","경기도 의정부시","S090003673","의순초등학교","02","공립","N","","1","0","0","1","0","1","0","1","0","0","0","0","2","7","0","9","4","16","4","20","1","0","0","1","1","0","0","1","0","0","0","0","0","0","0","0","0","1","0","1","0","0","0","0","0","2","0","2","0","0","0","0","9","27","4","36","0","0","0","4"
"경기도교육청","경기도의정부교육지원청","경기도 의정부시","S090003674","의정부부용초등학교","02","공립","N","","1","0","0","1","1","0","0","1","0","0","0","0","3","6","0","9","2","17","1","19","0","1","0","1","0","0","0","0","0","0","0","0","0","0","0","0","0","1","1","1","0","0","0","0","0","3","0","3","0","0","0","0","7","28","2","35","0","0","0","2"
"경기도교육청","경기도의정부교육지원청","경기도 의정부시","S090003675","의정부서초등학교","02","공립","N","","0","1","0","1","1","0","0","1","0","0","0","0","2","5","0","7","3","14","1","17","0","1","0","1","0","1","0","1","0","0","0","0","0","0","0","0","0","0","0","0","0","1","0","1","0","2","0","2","0","0","0","0","6","25","1","31","0","0","0","1"
"경기도교육청","경기도의정부교육지원청","경기도 의정부시","S090003676","의정부신곡초등학교","02","공립","N","","0","1","0","1","0","1","0","1","0","0","0","0","3","7","0","10","3","17","2","20","0","1","0","1","0","0","0","0","0","0","0","0","0","0","0","0","0","1","1","1","0","1","0","1","2","2","0","4","0","0","0","0","8","31","3","39","0","0","0","3"
"경기도교육청","경기도의정부교육지원청","경기도 의정부시","S090003677","의정부용현초등학교","02","공립","N","","0","1","0","1","1","0","0","1","0","0","0","0","5","4","0","9","3","15","1","18","0","1","0","1","0","0","0","0","0","0","0","0","0","0","0","0","0","1","0","1","0","1","0","1","1","2","0","3","0","0","0","0","10","25","1","35","0","0","0","1"
"경기도교육청","경기도의정부교육지원청","경기도 의정부시","S090003678","의정부장암초등학교","02","공립","N","","0","1","0","1","1","0","0","1","0","0","0","0","0","3","0","3","2","9","2","11","1","1","0","2","0","0","0","0","0","0","0","0","0","0","0","0","0","1","0","1","0","0","0","0","0","4","0","4","0","0","0","0","4","19","2","23","0","0","0","2"
"경기도교육청","경기도의정부교육지원청","경기도 의정부시","S090003679","의정부중앙초등학교","02","공립","N","","1","0","0","1","1","0","0","1","0","0","0","0","3","4","0","7","2","9","0","11","0","2","0","2","0","0","0","0","0","0","0","0","0","0","0","0","0","0","0","0","0","0","0","0","1","5","0","6","0","0","0","0","8","20","0","28","0","0","0","0"
"경기도교육청","경기도의정부교육지원청","경기도 의정부시","S090003680","의정부청룡초등학교","02","공립","N","","1","0","0","1","0","1","0","1","0","0","0","0","2","3","0","5","2","12","1","14","0","0","0","0","0","0","0","0","0","0","0","0","0","0","0","0","0","1","0","1","0","1","0","1","0","1","0","1","0","0","0","0","5","19","1","24","0","0","0","1"
"경기도교육청","경기도의정부교육지원청","경기도 의정부시","S090003681","의정부초등학교","02","공립","N","","0","1","0","1","1","0","0","1","0","0","0","0","2","2","0","4","2","9","1","11","0","0","0","0","0","1","0","1","0","0","0","0","0","0","0","0","0","1","0","1","0","0","0","0","0","5","0","5","0","0","0","0","5","19","1","24","0","0","0","1"
"경기도교육청","경기도의정부교육지원청","경기도 의정부시","S090003682","의정부호동초등학교","02","공립","N","","1","0","0","1","0","1","0","1","0","1","0","1","3","9","0","12","3","35","4","38","0","2","0","2","0","0","0","0","0","0","0","0","0","0","0","0","0","1","0","1","0","1","1","1","2","5","0","7","0","0","0","0","9","55","5","64","0","0","0","5"
"경기도교육청","경기도의정부교육지원청","경기도 의정부시","S090003685","호암초등학교","02","공립","N","","0","1","0","1","0","1","0","1","0","0","0","0","2","7","0","9","2","16","1","18","0","2","0","2","0","1","0","1","0","1","0","1","0","0","0","0","0","1","0","1","0","0","0","0","1","0","0","1","0","1","0","1","5","31","1","36","0","0","0","1"
"경기도교육청","경기도의정부교육지원청","경기도 의정부시","S090003686","회룡초등학교","02","공립","N","","0","1","0","1","0","1","0","1","0","0","0","0","2","5","0","7","3","15","2","18","0","1","0","1","0","0","0","0","0","0","0","0","0","0","0","0","0","1","0","1","0","1","0","1","1","1","0","2","0","0","0","0","6","26","2","32","0","0","0","2"
"경기도교육청","경기도이천교육지원청","경기도 이천시","S090003758","나래초등학교","02","공립","N","","1","0","0","1","1","0","0","1","0","0","0","0","2","0","0","2","3","3","0","6","0","0","0","0","0","0","0","0","0","0","0","0","0","0","0","0","0","0","0","0","0","0","0","0","0","1","0","1","0","0","0","0","7","4","0","11","0","0","0","0"
"경기도교육청","경기도이천교육지원청","경기도 이천시","S090003760","대서초등학교","02","공립","N","","1","0","0","1","1","0","0","1","0","0","0","0","1","1","0","2","0","5","0","5","0","0","0","0","0","0","0","0","0","0","0","0","0","0","0","0","0","0","0","0","0","0","0","0","0","1","0","1","0","0","0","0","3","7","0","10","0","0","0","0"
"경기도교육청","경기도이천교육지원청","경기도 이천시","S090003762","대월초등학교","02","공립","N","","1","0","0","1","0","1","0","1","0","0","0","0","2","1","0","3","0","6","0","6","0","1","0","1","0","0","0","0","0","0","0","0","0","0","0","0","0","0","0","0","0","0","0","0","0","1","0","1","0","0","0","0","3","10","0","13","0","0","0","0"
"경기도교육청","경기도이천교육지원청","경기도 이천시","S090003763","도암초등학교","02","공립","N","","1","0","0","1","0","1","0","1","0","0","0","0","2","3","0","5","1","11","0","12","1","0","0","1","0","0","0","0","0","0","0","0","0","0","0","0","0","1","0","1","0","1","0","1","3","3","0","6","0","0","0","0","8","20","0","28","0","0","0","0"
"경기도교육청","경기도이천교육지원청","경기도 이천시","S090003764","도지초등학교","02","공립","N","","0","1","0","1","1","0","0","1","0","0","0","0","1","4","0","5","0","12","1","12","0","1","0","1","0","0","0","0","0","0","0","0","0","0","0","0","0","1","0","1","0","0","0","0","1","2","0","3","0","0","0","0","3","21","1","24","0","0","0","1"
"경기도교육청","경기도이천교육지원청","경기도 이천시","S090003766","마장초등학교","02","공립","N","","1","0","0","1","1","0","0","1","0","0","0","0","6","6","0","12","3","29","2","32","0","0","0","0","1","0","0","1","0","1","0","1","0","0","0","0","0","1","0","1","0","1","0","1","0","2","0","2","0","0","0","0","12","40","2","52","0","0","0","2"
"경기도교육청","경기도이천교육지원청","경기도 이천시","S090003772","백사초등학교","02","공립","N","","1","0","0","1","1","0","0","1","0","0","0","0","1","2","0","3","0","4","0","4","0","1","0","1","0","0","0","0","0","0","0","0","0","0","0","0","0","0","0","0","0","0","0","0","0","3","0","3","0","0","0","0","3","10","0","13","0","0","0","0"
"경기도교육청","경기도이천교육지원청","경기도 이천시","S090003774","부발초등학교","02","공립","N","","0","1","0","1","0","1","0","1","0","0","0","0","4","3","0","7","0","15","4","15","0","1","0","1","0","1","0","1","0","0","0","0","0","0","0","0","0","1","0","1","0","0","0","0","3","4","0","7","0","0","0","0","7","27","4","34","0","0","0","4"
"경기도교육청","경기도이천교육지원청","경기도 이천시","S090003776","설봉초등학교","02","공립","N","","1","0","0","1","1","0","0","1","0","0","0","0","3","4","0","7","4","34","2","38","0","1","0","1","0","0","0","0","0","0","0","0","0","0","0","0","0","1","0","1","0","0","0","0","1","3","0","4","0","0","0","0","10","43","2","53","0","0","0","2"
"경기도교육청","경기도이천교육지원청","경기도 이천시","S090003777","설성초등학교","02","공립","N","","0","1","0","1","0","0","0","0","0","0","0","0","1","2","0","3","2","3","1","5","0","0","0","0","0","0","0","0","0","1","0","1","0","0","0","0","0","0","0","0","0","0","0","0","0","1","0","1","0","0","0","0","3","8","1","11","0","0","0","1"
"경기도교육청","경기도이천교육지원청","경기도 이천시","S090003778","송곡초등학교","02","공립","N","","0","1","0","1","0","0","0","0","0","0","0","0","1","2","0","3","1","4","1","5","0","1","0","1","0","0","0","0","0","0","0","0","0","0","0","0","0","0","0","0","0","0","0","0","0","2","0","2","0","0","0","0","2","10","1","12","0","0","0","1"
"경기도교육청","경기도이천교육지원청","경기도 이천시","S090003779","신둔초등학교","02","공립","N","","1","0","0","1","1","0","0","1","0","0","0","0","2","4","0","6","4","9","2","13","0","2","2","2","0","0","0","0","0","1","0","1","0","0","0","0","0","1","0","1","0","1","0","1","1","4","0","5","0","0","0","0","9","22","4","31","0","0","0","4"
"경기도교육청","경기도이천교육지원청","경기도 이천시","S090003780","신하초등학교","02","공립","N","","0","1","0","1","0","1","0","1","0","0","0","0","2","7","0","9","3","18","2","21","0","2","0","2","0","0","0","0","0","0","0","0","0","0","0","0","0","1","0","1","0","1","0","1","1","2","0","3","0","0","0","0","6","33","2","39","0","0","0","2"
"경기도교육청","경기도이천교육지원청","경기도 이천시","S090003781","아미초등학교","02","공립","N","","1","0","0","1","0","1","0","1","0","0","0","0","4","6","0","10","6","28","5","34","0","1","1","1","0","1","0","1","0","0","0","0","0","0","0","0","0","1","0","1","0","0","0","0","0","6","0","6","0","0","0","0","11","44","6","55","0","0","0","6"
"경기도교육청","경기도이천교육지원청","경기도 이천시","S090003782","안흥초등학교","02","공립","N","","1","0","0","1","0","1","0","1","0","0","0","0","3","9","0","12","4","28","3","32","0","1","0","1","0","0","0","0","0","0","0","0","0","0","0","0","0","1","0","1","0","0","0","0","1","4","0","5","0","0","0","0","9","44","3","53","0","0","0","3"
"경기도교육청","경기도이천교육지원청","경기도 이천시","S090003784","율면초등학교","02","공립","N","","0","0","0","0","1","0","0","1","0","0","0","0","2","1","0","3","0","1","0","1","0","1","0","1","0","0","0","0","0","0","0","0","0","0","0","0","0","0","0","0","0","1","0","1","0","1","0","1","0","0","0","0","3","5","0","8","0","0","0","0"
"경기도교육청","경기도이천교육지원청","경기도 이천시","S090003786","이천가산초등학교","02","공립","N","","0","1","0","1","1","0","0","1","0","0","0","0","3","0","0","3","0","7","0","7","0","1","0","1","0","0","0","0","0","0","0","0","0","0","0","0","0","1","0","1","0","0","0","0","2","1","0","3","0","0","0","0","6","11","0","17","0","0","0","0"
"경기도교육청","경기도이천교육지원청","경기도 이천시","S090003787","이천남초등학교","02","공립","N","","0","1","0","1","1","0","0","1","0","0","0","0","2","4","0","6","4","14","3","18","0","2","0","2","0","0","0","0","0","0","0","0","0","0","0","0","0","1","0","1","0","1","0","1","0","3","0","3","0","0","0","0","7","26","3","33","0","0","0","3"
"경기도교육청","경기도이천교육지원청","경기도 이천시","S090003788","이천단월초등학교","02","공립","N","","0","1","0","1","0","1","0","1","0","0","0","0","0","3","0","3","1","3","0","4","0","1","0","1","0","0","0","0","0","0","0","0","0","0","0","0","0","0","0","0","0","0","0","0","0","1","0","1","0","0","0","0","1","10","0","11","0","0","0","0"
"경기도교육청","경기도이천교육지원청","경기도 이천시","S090003789","이천매곡초등학교","02","공립","N","","1","0","0","1","0","1","0","1","0","0","0","0","2","1","0","3","1","3","0","4","0","0","0","0","0","0","0","0","0","0","0","0","0","0","0","0","0","0","0","0","0","0","0","0","0","1","0","1","0","0","0","0","4","6","0","10","0","0","0","0"
"경기도교육청","경기도이천교육지원청","경기도 이천시","S090003790","이천송정초등학교","02","공립","N","","1","0","0","1","2","0","0","2","0","1","0","1","1","10","0","11","7","42","7","49","0","1","0","1","0","1","0","1","0","0","0","0","0","0","0","0","0","1","0","1","0","0","0","0","4","5","0","9","0","0","0","0","15","61","7","76","0","0","0","7"
"경기도교육청","경기도이천교육지원청","경기도 이천시","S090003791","이천초등학교","02","공립","N","","1","0","0","1","1","0","0","1","0","0","0","0","1","10","0","11","3","24","4","27","0","2","0","2","0","1","0","1","0","0","0","0","0","0","0","0","0","1","0","1","0","1","0","1","2","3","0","5","0","0","0","0","8","42","4","50","0","0","0","4"
"경기도교육청","경기도이천교육지원청","경기도 이천시","S090003792","이황초등학교","02","공립","N","","1","0","0","1","0","0","0","0","0","0","0","0","1","2","0","3","1","3","0","4","0","0","0","0","0","0","0","0","0","0","0","0","0","0","0","0","0","0","0","0","0","0","0","0","0","1","0","1","0","0","0","0","3","6","0","9","0","0","0","0"
"경기도교육청","경기도이천교육지원청","경기도 이천시","S090003793","장천초등학교","02","공립","N","","1","0","0","1","1","0","0","1","0","0","0","0","3","0","0","3","0","5","1","5","0","0","0","0","0","0","0","0","0","0","0","0","0","0","0","0","0","0","0","0","0","1","0","1","0","2","0","2","0","0","0","0","5","8","1","13","0","0","0","1"
"경기도교육청","경기도이천교육지원청","경기도 이천시","S090003794","장호원초등학교","02","공립","N","","1","0","0","1","0","1","0","1","0","0","0","0","2","5","0","7","4","14","4","18","1","0","0","1","0","0","0","0","0","1","0","1","0","0","0","0","0","1","0","1","0","1","0","1","0","3","0","3","0","0","0","0","8","26","4","34","0","0","0","4"
"경기도교육청","경기도이천교육지원청","경기도 이천시","S090003795","진가초등학교","02","공립","N","","1","0","0","1","1","0","0","1","0","0","0","0","1","2","0","3","1","3","0","4","0","1","0","1","0","0","0","0","0","0","0","0","0","0","0","0","0","0","0","0","0","1","0","1","0","2","0","2","0","0","0","0","4","9","0","13","0","0","0","0"
"경기도교육청","경기도이천교육지원청","경기도 이천시","S090003798","표교초등학교","02","공립","N","","1","0","0","1","0","1","0","1","0","0","0","0","0","3","0","3","0","6","2","6","0","0","0","0","0","0","0","0","0","0","0","0","0","0","0","0","0","0","0","0","0","0","0","0","0","2","0","2","0","0","0","0","1","12","2","13","0","0","0","2"
"경기도교육청","경기도이천교육지원청","경기도 이천시","S090003799","한내초등학교","02","공립","N","","0","1","0","1","0","1","0","1","0","0","0","0","1","8","0","9","2","25","6","27","0","1","0","1","0","1","0","1","0","0","0","0","0","0","0","0","0","1","1","1","0","1","0","1","2","4","0","6","0","0","0","0","5","43","7","48","0","0","0","7"
"경기도교육청","경기도이천교육지원청","경기도 이천시","S090003800","호법초등학교","02","공립","N","","0","1","0","1","1","0","0","1","0","0","0","0","1","2","0","3","1","5","0","6","0","1","0","1","0","0","0","0","0","0","0","0","0","0","0","0","0","0","0","0","0","1","0","1","0","2","0","2","0","0","0","0","3","12","0","15","0","0","0","0"
"경기도교육청","경기도파주교육지원청","경기도 파주시","S090003876","갈현초등학교","02","공립","N","","0","1","0","1","1","0","0","1","0","0","0","0","2","0","0","2","3","2","0","5","0","1","0","1","0","0","0","0","0","0","0","0","0","0","0","0","0","0","0","0","0","0","0","0","0","1","0","1","0","0","0","0","6","5","0","11","0","0","0","0"
"경기도교육청","경기도파주교육지원청","경기도 파주시","S090003877","검산초등학교","02","공립","N","","0","1","0","1","0","1","0","1","0","0","0","0","3","2","0","5","4","8","2","12","0","1","0","1","0","0","0","0","0","0","0","0","0","0","0","0","0","1","0","1","0","1","0","1","1","1","0","2","0","0","0","0","8","16","2","24","0","0","0","2"
"경기도교육청","경기도파주교육지원청","경기도 파주시","S090003878","교하초등학교","02","공립","N","","1","0","0","1","1","0","0","1","0","0","0","0","2","1","0","3","1","3","1","4","0","1","0","1","0","0","0","0","0","0","0","0","0","0","0","0","0","0","0","0","0","0","0","0","0","2","0","2","0","0","0","0","5","7","1","12","0","0","0","1"
"경기도교육청","경기도파주교육지원청","경기도 파주시","S090003879","군내초등학교","02","공립","N","","1","0","0","1","1","0","0","1","0","0","0","0","2","1","0","3","3","1","0","4","0","1","0","1","0","0","0","0","0","0","0","0","0","0","0","0","0","0","0","0","0","0","0","0","0","1","0","1","0","0","0","0","7","4","0","11","0","0","0","0"
"경기도교육청","경기도파주교육지원청","경기도 파주시","S090003881","금신초등학교","02","공립","N","","1","0","0","1","0","1","0","1","0","0","0","0","4","3","0","7","4","11","2","15","0","1","0","1","0","0","0","0","0","0","0","0","0","0","0","0","0","1","0","1","0","1","0","1","2","1","0","3","0","0","0","0","11","19","2","30","0","0","0","2"
"경기도교육청","경기도파주교육지원청","경기도 파주시","S090003882","금촌초등학교","02","공립","N","","1","0","0","1","0","1","0","1","0","0","0","0","2","3","0","5","2","12","4","14","0","2","0","2","0","0","0","0","0","0","0","0","0","0","0","0","0","1","0","1","0","1","0","1","1","5","0","6","0","0","0","0","6","25","4","31","0","0","0","4"
"경기도교육청","경기도파주교육지원청","경기도 파주시","S090003883","능안초등학교","02","공립","N","","1","0","0","1","1","0","0","1","0","0","0","0","3","0","0","3","0","4","0","4","0","1","0","1","0","0","0","0","0","0","0","0","0","0","0","0","0","0","0","0","0","0","0","0","0","1","0","1","0","0","0","0","5","6","0","11","0","0","0","0"
"경기도교육청","경기도파주교육지원청","경기도 파주시","S090003884","대성동초등학교","02","공립","N","","1","0","0","1","0","0","0","0","0","0","0","0","1","2","0","3","3","1","0","4","0","0","0","0","0","0","0","0","0","0","0","0","0","0","0","0","0","0","0","0","0","0","0","0","0","2","0","2","0","0","0","0","5","5","0","10","0","0","0","0"
"경기도교육청","경기도파주교육지원청","경기도 파주시","S090003885","덕암초등학교","02","공립","N","","1","0","0","1","1","0","0","1","0","0","0","0","2","1","0","3","1","4","1","5","0","1","0","1","0","0","0","0","0","0","0","0","0","0","0","0","0","0","0","0","0","0","0","0","1","1","0","2","0","0","0","0","6","7","1","13","0","0","0","1"
"경기도교육청","경기도파주교육지원청","경기도 파주시","S090003886","마정초등학교","02","공립","N","","1","0","0","1","0","1","0","1","0","0","0","0","2","1","0","3","1","4","0","5","0","1","0","1","0","0","0","0","0","0","0","0","0","0","0","0","0","0","0","0","0","0","0","0","0","1","0","1","0","0","0","0","4","8","0","12","0","0","0","0"
"경기도교육청","경기도파주교육지원청","경기도 파주시","S090003887","마지초등학교","02","공립","N","","0","1","0","1","1","0","0","1","0","0","0","0","2","1","0","3","5","1","2","6","1","0","0","1","0","0","0","0","0","0","0","0","0","0","0","0","0","0","0","0","0","1","0","1","0","1","0","1","0","0","0","0","9","5","2","14","0","0","0","2"
"경기도교육청","경기도파주교육지원청","경기도 파주시","S090003888","도마산초등학교","02","공립","N","","0","1","0","1","1","0","0","1","0","0","0","0","2","1","0","3","4","0","0","4","0","0","0","0","0","0","0","0","0","0","0","0","0","0","0","0","0","0","0","0","0","0","0","0","0","2","0","2","0","0","0","0","7","4","0","11","0","0","0","0"
"경기도교육청","경기도파주교육지원청","경기도 파주시","S090003889","문산동초등학교","02","공립","N","","1","0","0","1","1","0","0","1","0","0","0","0","6","2","0","8","2","17","2","19","0","1","0","1","0","0","0","0","0","0","0","0","0","0","0","0","0","0","0","0","0","1","0","1","1","5","0","6","0","0","0","0","11","26","2","37","0","0","0","2"
"경기도교육청","경기도파주교육지원청","경기도 파주시","S090003890","문산초등학교","02","공립","N","","0","1","0","1","1","0","0","1","0","0","0","0","6","3","0","9","6","15","3","21","0","1","0","1","0","1","1","1","0","0","0","0","0","0","0","0","0","1","0","1","0","1","0","1","0","5","0","5","0","0","0","0","13","28","4","41","0","0","0","4"
"경기도교육청","경기도파주교육지원청","경기도 파주시","S090003892","봉일천초등학교","02","공립","N","","1","0","0","1","1","0","0","1","0","0","0","0","4","3","0","7","7","15","5","22","0","1","0","1","0","0","0","0","0","0","0","0","0","0","0","0","0","1","0","1","0","1","0","1","0","5","0","5","0","1","0","1","13","27","5","40","0","0","0","5"
"경기도교육청","경기도파주교육지원청","경기도 파주시","S090003893","삼성초등학교","02","공립","N","","0","1","0","1","0","1","0","1","0","0","0","0","0","0","0","0","4","3","0","7","0","0","0","0","0","0","0","0","0","0","0","0","0","0","0","0","0","0","0","0","0","0","0","0","0","1","0","1","0","0","0","0","4","6","0","10","0","0","0","0"
"경기도교육청","경기도파주교육지원청","경기도 파주시","S090003894","신산초등학교","02","공립","N","","0","1","0","1","0","1","0","1","0","0","0","0","0","3","0","3","2","5","0","7","0","0","0","0","0","1","0","1","0","0","0","0","0","0","0","0","0","1","0","1","0","0","0","0","1","3","0","4","0","0","0","0","3","15","0","18","0","0","0","0"
"경기도교육청","경기도파주교육지원청","경기도 파주시","S090003896","심학초등학교","02","공립","N","","1","0","0","1","0","1","0","1","0","0","0","0","0","3","0","3","2","2","2","4","0","0","0","0","0","0","0","0","0","0","0","0","0","0","0","0","0","0","0","0","0","0","0","0","1","2","0","3","0","0","0","0","4","8","2","12","0","0","0","2"
"경기도교육청","경기도파주교육지원청","경기도 파주시","S090003897","연풍초등학교","02","공립","N","","0","1","0","1","0","1","0","1","0","0","0","0","2","1","0","3","2","4","0","6","1","0","0","1","1","0","0","1","0","0","0","0","0","0","0","0","0","0","0","0","0","1","0","1","0","2","0","2","0","0","0","0","6","10","0","16","0","0","0","0"
"경기도교육청","경기도파주교육지원청","경기도 파주시","S090003898","영도초등학교","02","공립","N","","1","0","0","1","0","0","0","0","0","0","0","0","2","1","0","3","1","3","0","4","0","0","0","0","0","0","0","0","0","0","0","0","0","0","0","0","0","0","0","0","0","0","0","0","0","3","0","3","0","0","0","0","4","7","0","11","0","0","0","0"
"경기도교육청","경기도파주교육지원청","경기도 파주시","S090003900","용미초등학교","02","공립","N","","0","1","0","1","1","0","0","1","0","0","0","0","1","2","0","3","3","1","1","4","0","1","0","1","0","0","0","0","0","0","0","0","0","0","0","0","0","0","0","0","0","0","0","0","1","2","0","3","0","0","0","0","6","7","1","13","0","0","0","1"
"경기도교육청","경기도파주교육지원청","경기도 파주시","S090003901","용연초등학교","02","공립","N","","1","0","0","1","0","1","0","1","0","0","0","0","1","2","0","3","1","4","1","5","0","0","0","0","0","0","0","0","0","0","0","0","0","0","0","0","0","0","0","0","0","1","0","1","0","1","0","1","0","0","0","0","3","9","1","12","0","0","0","1"
"경기도교육청","경기도파주교육지원청","경기도 파주시","S090003903","웅담초등학교","02","공립","N","","1","0","0","1","1","0","0","1","0","0","0","0","3","0","0","3","3","1","0","4","0","1","0","1","0","0","0","0","0","0","0","0","0","0","0","0","0","0","0","0","0","0","0","0","0","2","0","2","0","0","0","0","8","4","0","12","0","0","0","0"
"경기도교육청","경기도파주교육지원청","경기도 파주시","S090003904","월롱초등학교","02","공립","N","","1","0","0","1","0","1","0","1","0","0","0","0","1","2","0","3","2","2","0","4","0","0","0","0","0","0","0","0","0","0","0","0","0","0","0","0","0","0","0","0","0","1","0","1","0","2","0","2","0","0","0","0","4","8","0","12","0","0","0","0"
"경기도교육청","경기도파주교육지원청","경기도 파주시","S090003905","장파초등학교","02","공립","N","","1","0","0","1","0","1","0","1","0","0","0","0","3","0","0","3","3","1","1","4","1","0","0","1","0","0","0","0","0","0","0","0","0","0","0","0","0","0","0","0","0","0","0","0","1","2","0","3","0","0","0","0","9","4","1","13","0","0","0","1"
"경기도교육청","경기도파주교육지원청","경기도 파주시","S090003906","적서초등학교","02","공립","N","","0","1","0","1","0","1","0","1","0","0","0","0","3","0","0","3","1","3","0","4","0","0","0","0","0","0","0","0","0","0","0","0","0","0","0","0","0","0","0","0","0","0","0","0","0","1","0","1","0","0","0","0","4","6","0","10","0","0","0","0"
"경기도교육청","경기도파주교육지원청","경기도 파주시","S090003908","적암초등학교","02","공립","N","","1","0","0","1","0","0","0","0","0","0","0","0","2","1","0","3","2","0","0","2","1","0","0","1","0","0","0","0","0","0","0","0","0","0","0","0","0","0","0","0","0","0","0","0","2","1","0","3","0","0","0","0","8","2","0","10","0","0","0","0"
"경기도교육청","경기도파주교육지원청","경기도 파주시","S090003909","지산초등학교","02","공립","N","","1","0","0","1","1","0","0","1","0","1","0","1","2","5","0","7","3","45","6","48","0","0","0","0","0","1","0","1","0","0","0","0","0","0","0","0","0","1","1","1","0","0","0","0","1","5","0","6","0","0","0","0","8","58","7","66","0","0","0","7"
"경기도교육청","경기도파주교육지원청","경기도 파주시","S090003911","천현초등학교","02","공립","N","","0","1","0","1","1","0","0","1","0","0","0","0","4","0","0","4","1","7","1","8","0","1","0","1","0","1","0","1","0","0","0","0","0","0","0","0","0","1","0","1","0","0","0","0","1","2","0","3","0","0","0","0","7","13","1","20","0","0","0","1"
"경기도교육청","경기도파주교육지원청","경기도 파주시","S090003913","청석초등학교","02","공립","N","","1","0","0","1","0","1","0","1","0","0","0","0","4","5","0","9","6","22","5","28","1","1","0","2","0","0","0","0","0","0","0","0","0","0","0","0","0","1","0","1","0","0","0","0","1","5","0","6","0","0","0","0","13","35","5","48","0","0","0","5"
"경기도교육청","경기도파주교육지원청","경기도 파주시","S090003914","청암초등학교","02","공립","N","","1","0","0","1","1","1","0","2","0","0","0","0","4","9","0","13","5","45","7","50","0","1","0","1","0","1","0","1","0","0","0","0","0","0","0","0","0","1","0","1","0","0","0","0","2","6","0","8","0","0","0","0","13","64","7","77","0","0","0","7"
"경기도교육청","경기도파주교육지원청","경기도 파주시","S090003915","탄현초등학교","02","공립","N","","1","0","0","1","1","0","0","1","0","0","0","0","2","1","0","3","1","3","0","4","0","1","0","1","0","0","0","0","0","0","0","0","0","0","0","0","0","0","0","0","0","0","0","0","0","2","0","2","0","0","0","0","5","7","0","12","0","0","0","0"
"경기도교육청","경기도파주교육지원청","경기도 파주시","S090003916","통일초등학교","02","공립","N","","1","0","0","1","1","0","0","1","0","0","0","0","1","5","0","6","4","8","4","12","0","1","0","1","0","0","0","0","0","0","0","0","0","0","0","0","0","1","0","1","0","1","0","1","4","0","0","4","0","0","0","0","11","16","4","27","0","0","0","4"
"경기도교육청","경기도파주교육지원청","경기도 파주시","S090003917","파양초등학교","02","공립","N","","1","0","0","1","1","0","0","1","0","0","0","0","2","1","0","3","2","2","0","4","0","1","0","1","0","0","0","0","0","0","0","0","0","0","0","0","0","0","0","0","0","0","0","0","0","2","0","2","0","0","0","0","6","6","0","12","0","0","0","0"
"경기도교육청","경기도파주교육지원청","경기도 파주시","S090003919","파주대원초등학교","02","공립","N","","0","1","0","1","1","0","0","1","0","0","0","0","4","3","0","7","1","12","1","13","0","1","0","1","0","0","0","0","0","0","0","0","0","0","0","0","0","1","0","1","0","0","0","0","0","5","0","5","0","0","0","0","6","23","1","29","0","0","0","1"
"경기도교육청","경기도파주교육지원청","경기도 파주시","S090003920","파주송화초등학교","02","공립","N","","0","1","0","1","0","1","0","1","0","0","0","0","6","4","0","10","3","17","2","20","0","2","0","2","0","0","0","0","0","0","0","0","0","0","0","0","0","1","0","1","0","0","0","0","0","3","0","3","0","0","0","0","9","29","2","38","0","0","0","2"
"경기도교육청","경기도파주교육지원청","경기도 파주시","S090003921","파주와동초등학교","02","공립","N","","0","1","0","1","1","0","0","1","0","0","0","0","5","5","0","10","6","21","6","27","0","1","0","1","0","1","1","1","0","0","0","0","0","0","0","0","0","1","0","1","0","0","0","0","2","7","0","9","0","0","0","0","14","37","7","51","0","0","0","7"
"경기도교육청","경기도파주교육지원청","경기도 파주시","S090003922","파주초등학교","02","공립","N","","1","0","0","1","1","0","0","1","0","0","0","0","3","0","0","3","2","4","0","6","0","1","0","1","0","0","0","0","0","0","0","0","0","0","0","0","0","0","0","0","0","0","0","0","0","1","0","1","0","0","0","0","7","6","0","13","0","0","0","0"
"경기도교육청","경기도파주교육지원청","경기도 파주시","S090003923","파평초등학교","02","공립","N","","1","0","0","1","0","1","0","1","0","0","0","0","2","1","0","3","3","1","0","4","0","0","0","0","0","0","0","0","0","0","0","0","0","0","0","0","0","0","0","0","0","0","0","0","0","1","0","1","0","0","0","0","6","4","0","10","0","0","0","0"
"경기도교육청","경기도평택교육지원청","경기도 평택시","S090004009","가사초등학교","02","공립","N","","1","0","0","1","0","1","0","1","0","0","0","0","2","1","0","3","1","3","0","4","0","0","0","0","0","0","0","0","0","0","0","0","0","0","0","0","0","0","0","0","0","0","0","0","0","1","0","1","0","0","0","0","4","6","0","10","0","0","0","0"
"경기도교육청","경기도평택교육지원청","경기도 평택시","S090004010","갈곶초등학교","02","공립","N","","1","0","0","1","0","1","0","1","0","0","0","0","1","2","0","3","1","5","2","6","0","0","0","0","0","1","0","1","0","0","0","0","0","0","0","0","0","1","0","1","0","0","0","0","1","1","0","2","0","0","0","0","4","11","2","15","0","0","0","2"
"경기도교육청","경기도평택교육지원청","경기도 평택시","S090004011","계성초등학교","02","공립","N","","0","1","0","1","1","0","0","1","0","0","0","0","2","1","0","3","1","4","1","5","0","1","0","1","0","0","0","0","0","0","0","0","0","0","0","0","0","0","0","0","0","0","0","0","0","2","0","2","0","0","0","0","4","9","1","13","0","0","0","1"
"경기도교육청","경기도평택교육지원청","경기도 평택시","S090004013","고덕초등학교","02","공립","N","","0","1","0","1","1","1","0","2","0","0","0","0","8","4","0","12","11","46","9","57","0","1","1","1","0","1","0","1","0","0","0","0","0","0","0","0","0","1","0","1","0","1","0","1","2","9","0","11","0","0","0","0","22","65","10","87","0","0","0","10"
"경기도교육청","경기도평택교육지원청","경기도 평택시","S090004015","군문초등학교","02","공립","N","","1","0","0","1","0","1","0","1","0","0","0","0","2","3","0","5","1","9","3","10","0","2","0","2","0","0","0","0","0","0","0","0","0","0","0","0","0","1","0","1","0","0","0","0","0","2","0","2","0","0","0","0","4","18","3","22","0","0","0","3"
"경기도교육청","경기도평택교육지원청","경기도 평택시","S090004017","내기초등학교","02","공립","N","","1","0","0","1","0","1","0","1","0","0","0","0","3","2","0","5","1","6","0","7","1","0","0","1","0","0","0","0","0","0","0","0","0","0","0","0","0","0","0","0","0","1","0","1","0","3","0","3","0","0","0","0","6","13","0","19","0","0","0","0"
"경기도교육청","경기도평택교육지원청","경기도 평택시","S090004022","덕동초등학교","02","공립","N","","0","1","0","1","0","1","0","1","0","0","0","0","1","8","0","9","2","17","1","19","0","2","0","2","0","0","0","0","0","0","0","0","0","0","0","0","0","1","0","1","0","1","1","1","0","4","0","4","0","3","0","3","3","38","2","41","0","1","1","2"
"경기도교육청","경기도평택교육지원청","경기도 평택시","S090004023","동삭초등학교","02","공립","N","","1","0","0","1","1","0","0","1","0","0","0","0","6","4","0","10","3","19","3","22","0","1","0","1","0","0","0","0","0","0","0","0","0","0","0","0","0","1","1","1","0","0","0","0","2","7","0","9","0","1","0","1","13","33","4","46","0","0","0","4"
"경기도교육청","경기도평택교육지원청","경기도 평택시","S090004024","복창초등학교","02","공립","N","","1","0","0","1","1","0","0","1","0","0","0","0","1","4","0","5","1","6","1","7","0","0","0","0","0","1","0","1","0","0","0","0","0","0","0","0","0","1","0","1","0","0","0","0","1","3","0","4","0","0","0","0","5","15","1","20","0","0","0","1"
"경기도교육청","경기도평택교육지원청","경기도 평택시","S090004025","부용초등학교","02","공립","N","","0","1","0","1","0","1","0","1","0","0","0","0","5","2","0","7","4","9","1","13","0","3","0","3","1","0","0","1","0","0","0","0","0","0","0","0","0","1","0","1","0","0","0","0","0","3","0","3","0","0","0","0","10","20","1","30","0","0","0","1"
"경기도교육청","경기도평택교육지원청","경기도 평택시","S090004027","비전초등학교","02","공립","N","","1","0","0","1","0","1","0","1","0","0","0","0","3","2","0","5","0","7","1","7","0","1","0","1","0","0","0","0","0","0","0","0","0","0","0","0","0","1","0","1","0","0","0","0","0","4","0","4","0","0","0","0","4","16","1","20","0","0","0","1"
"경기도교육청","경기도평택교육지원청","경기도 평택시","S090004029","삼덕초등학교","02","공립","N","","1","0","0","1","0","1","0","1","0","0","0","0","1","2","0","3","0","4","0","4","0","0","0","0","0","0","0","0","0","0","0","0","0","0","0","0","0","0","0","0","0","0","0","0","0","3","0","3","0","0","0","0","2","10","0","12","0","0","0","0"
"경기도교육청","경기도평택교육지원청","경기도 평택시","S090004030","서정리초등학교","02","공립","N","","0","1","0","1","0","1","0","1","0","0","0","0","1","2","0","3","0","9","1","9","0","0","0","0","0","0","0","0","0","0","0","0","0","0","0","0","0","1","0","1","0","1","0","1","1","4","0","5","0","0","0","0","2","19","1","21","0","0","0","1"
"경기도교육청","경기도평택교육지원청","경기도 평택시","S090004031","서탄초등학교","02","공립","N","","0","1","0","1","1","0","0","1","0","0","0","0","1","2","0","3","4","1","1","5","0","1","0","1","0","0","0","0","0","0","0","0","0","0","0","0","0","0","0","0","0","0","0","0","0","1","0","1","0","0","0","0","6","6","1","12","0","0","0","1"
"경기도교육청","경기도평택교육지원청","경기도 평택시","S090004033","서탄초등학교내수분교장","02","공립","N","","0","0","0","0","0","0","0","0","0","0","0","0","1","0","0","1","1","2","0","3","0","0","0","0","0","0","0","0","0","0","0","0","0","0","0","0","0","0","0","0","0","0","0","0","0","0","0","0","0","0","0","0","2","2","0","4","0","0","0","0"
"경기도교육청","경기도평택교육지원청","경기도 평택시","S090004035","세교초등학교","02","공립","N","","0","1","0","1","1","0","0","1","0","0","0","0","3","7","0","10","3","19","2","22","0","2","0","2","0","1","0","1","0","0","0","0","0","0","0","0","0","1","1","1","0","1","0","1","0","5","0","5","1","0","0","1","8","37","3","45","1","0","1","3"
"경기도교육청","경기도평택교육지원청","경기도 평택시","S090004036","소사벌초등학교","02","공립","N","","1","0","0","1","0","1","0","1","0","0","0","0","3","6","0","9","3","19","0","22","0","2","0","2","0","0","0","0","0","0","0","0","0","0","0","0","0","1","0","1","0","1","0","1","0","2","0","2","0","2","0","2","7","34","0","41","0","1","1","0"
"경기도교육청","경기도평택교육지원청","경기도 평택시","S090004037","송북초등학교","02","공립","N","","1","0","0","1","1","0","0","1","0","0","0","0","2","6","0","8","7","22","3","29","0","2","0","2","0","1","0","1","0","0","0","0","0","0","0","0","0","1","0","1","0","1","0","1","0","2","0","2","0","0","0","0","11","35","3","46","0","0","0","3"
"경기도교육청","경기도평택교육지원청","경기도 평택시","S090004038","송신초등학교","02","공립","N","","1","0","0","1","1","0","0","1","0","0","0","0","6","1","0","7","5","12","1","17","0","1","1","1","0","0","0","0","0","0","0","0","0","0","0","0","0","1","0","1","0","0","0","0","1","5","0","6","0","1","0","1","14","21","2","35","0","1","1","2"
"경기도교육청","경기도평택교육지원청","경기도 평택시","S090004039","송일초등학교","02","공립","N","","0","1","0","1","1","0","0","1","0","0","0","0","2","3","0","5","2","5","0","7","0","1","0","1","0","0","0","0","0","0","0","0","0","0","0","0","0","1","0","1","0","1","1","1","0","3","0","3","0","0","0","0","5","15","1","20","0","0","0","1"
"경기도교육청","경기도평택교육지원청","경기도 평택시","S090004040","송탄초등학교","02","공립","N","","1","0","0","1","1","0","0","1","0","0","0","0","1","0","0","1","2","4","0","6","1","0","0","1","0","0","0","0","0","0","0","0","0","0","0","0","0","0","0","0","0","0","0","0","0","3","0","3","0","1","0","1","6","8","0","14","0","0","0","0"
"경기도교육청","경기도평택교육지원청","경기도 평택시","S090004042","안중초등학교","02","공립","N","","0","1","0","1","1","0","0","1","0","0","0","0","4","1","0","5","5","7","1","12","0","1","0","1","0","0","0","0","0","0","0","0","0","0","0","0","0","1","0","1","0","1","0","1","0","2","0","2","0","1","0","1","10","15","1","25","0","1","1","1"
"경기도교육청","경기도평택교육지원청","경기도 평택시","S090004043","어연초등학교","02","공립","N","","0","1","0","1","1","0","0","1","0","0","0","0","1","2","0","3","2","3","1","5","0","1","1","1","0","0","0","0","0","0","0","0","0","0","0","0","0","0","0","0","0","0","0","0","0","2","0","2","0","0","0","0","4","9","2","13","0","0","0","2"
"경기도교육청","경기도평택교육지원청","경기도 평택시","S090004044","오성초등학교","02","공립","N","","0","1","0","1","0","1","0","1","0","0","0","0","2","1","0","3","1","7","0","8","0","1","0","1","0","0","0","0","0","0","0","0","0","0","0","0","0","1","0","1","0","1","0","1","0","2","0","2","0","0","0","0","3","15","0","18","0","0","0","0"
"경기도교육청","경기도평택교육지원청","경기도 평택시","S090004045","원정초등학교","02","공립","N","","0","1","0","1","1","0","0","1","0","0","0","0","4","1","0","5","5","6","1","11","0","0","0","0","0","0","0","0","0","0","0","0","0","0","0","0","0","1","0","1","0","0","0","0","1","4","0","5","0","0","0","0","11","13","1","24","0","0","0","1"
"경기도교육청","경기도평택교육지원청","경기도 평택시","S090004046","이충초등학교","02","공립","N","","1","0","0","1","1","0","0","1","0","0","0","0","3","5","0","8","6","9","3","15","0","1","0","1","1","0","0","1","0","0","0","0","0","0","0","0","0","1","1","1","0","1","0","1","1","3","0","4","0","0","0","0","13","20","4","33","0","0","0","4"
"경기도교육청","경기도평택교육지원청","경기도 평택시","S090004047","종덕초등학교","02","공립","N","","1","0","0","1","2","0","0","2","0","0","0","0","4","8","0","12","5","34","3","39","1","0","0","1","0","0","0","0","0","0","0","0","0","0","0","0","0","1","1","1","0","1","0","1","0","6","0","6","0","0","0","0","13","50","4","63","0","0","0","4"
"경기도교육청","경기도평택교육지원청","경기도 평택시","S090004049","죽백초등학교","02","공립","N","","1","0","0","1","1","0","0","1","0","0","0","0","2","4","0","6","1","8","0","9","0","1","0","1","0","0","0","0","0","0","0","0","0","0","0","0","0","1","0","1","0","0","0","0","0","4","0","4","0","0","0","0","5","18","0","23","0","0","0","0"
"경기도교육청","경기도평택교육지원청","경기도 평택시","S090004052","지장초등학교","02","공립","N","","0","1","0","1","1","0","0","1","0","0","0","0","1","4","0","5","3","15","3","18","1","0","0","1","0","0","0","0","0","1","0","1","0","0","0","0","0","1","0","1","0","1","0","1","3","3","0","6","0","0","0","0","9","26","3","35","0","0","0","3"
"경기도교육청","경기도평택교육지원청","경기도 평택시","S090004053","진위초등학교","02","공립","N","","1","0","0","1","0","1","0","1","0","0","0","0","3","0","0","3","1","3","0","4","0","1","0","1","0","0","0","0","0","0","0","0","0","0","0","0","0","0","0","0","0","1","0","1","0","2","0","2","0","0","0","0","5","8","0","13","0","0","0","0"
"경기도교육청","경기도평택교육지원청","경기도 평택시","S090004054","진위초등학교산대분교장","02","공립","N","","0","0","0","0","0","0","0","0","0","0","0","0","1","0","0","1","0","3","0","3","0","1","0","1","0","0","0","0","0","0","0","0","0","0","0","0","0","0","0","0","0","0","0","0","0","0","0","0","0","0","0","0","1","4","0","5","0","0","0","0"
"경기도교육청","경기도평택교육지원청","경기도 평택시","S090004055","창신초등학교","02","공립","N","","1","0","0","1","1","0","0","1","0","0","0","0","2","1","0","3","0","4","0","4","0","0","0","0","0","0","0","0","0","0","0","0","0","0","0","0","0","0","0","0","0","0","0","0","0","1","0","1","0","0","0","0","4","6","0","10","0","0","0","0"
"경기도교육청","경기도평택교육지원청","경기도 평택시","S090004056","청북초등학교","02","공립","N","","0","1","0","1","0","1","0","1","0","0","0","0","1","2","0","3","0","3","0","3","0","0","0","0","0","0","0","0","0","0","0","0","0","0","0","0","0","0","0","0","0","1","0","1","0","1","0","1","0","0","0","0","1","9","0","10","0","0","0","0"
"경기도교육청","경기도평택교육지원청","경기도 평택시","S090004057","팽성초등학교","02","공립","N","","1","0","0","1","1","0","0","1","0","0","0","0","2","1","0","3","1","4","1","5","0","1","0","1","0","0","0","0","0","0","0","0","0","0","0","0","0","0","0","0","0","0","0","0","0","2","0","2","0","0","0","0","5","8","1","13","0","0","0","1"
"경기도교육청","경기도평택교육지원청","경기도 평택시","S090004058","평일초등학교","02","공립","N","","1","0","0","1","1","0","0","1","0","0","0","0","3","3","0","6","5","9","0","14","0","2","0","2","0","1","0","1","0","0","0","0","0","0","0","0","0","1","0","1","0","1","0","1","1","2","0","3","0","0","0","0","11","19","0","30","0","0","0","0"
"경기도교육청","경기도평택교육지원청","경기도 평택시","S090004059","평택성동초등학교","02","공립","N","","1","0","0","1","1","0","0","1","0","0","0","0","3","2","0","5","0","11","1","11","0","2","0","2","0","1","0","1","0","0","0","0","0","0","0","0","1","0","0","1","0","0","0","0","0","3","0","3","0","0","0","0","6","19","1","25","0","0","0","1"
"경기도교육청","경기도평택교육지원청","경기도 평택시","S090004060","평택중앙초등학교","02","공립","N","","0","1","0","1","1","0","0","1","0","0","0","0","1","2","0","3","2","8","3","10","0","2","0","2","0","0","0","0","0","0","0","0","0","0","0","0","0","1","0","1","0","1","0","1","1","2","0","3","0","0","0","0","5","17","3","22","0","0","0","3"
"경기도교육청","경기도평택교육지원청","경기도 평택시","S090004061","평택지산초등학교","02","공립","N","","0","1","0","1","1","0","0","1","0","0","0","0","1","5","0","6","3","13","3","16","0","0","0","0","1","0","0","1","0","0","0","0","0","0","0","0","0","1","0","1","0","1","0","1","1","3","0","4","0","0","0","0","7","24","3","31","0","0","0","3"
"경기도교육청","경기도평택교육지원청","경기도 평택시","S090004062","평택초등학교","02","공립","N","","0","1","0","1","1","0","0","1","0","0","0","0","1","2","0","3","0","6","1","6","0","1","0","1","0","0","0","0","0","0","0","0","0","0","0","0","0","0","0","0","0","0","0","0","1","1","0","2","0","0","0","0","3","11","1","14","0","0","0","1"
"경기도교육청","경기도평택교육지원청","경기도 평택시","S090004063","합정초등학교","02","공립","N","","1","0","0","1","1","0","0","1","0","0","0","0","1","2","0","3","3","1","1","4","0","1","0","1","0","0","0","0","0","0","0","0","0","0","0","0","0","0","0","0","0","0","0","0","0","4","0","4","0","0","0","0","6","8","1","14","0","0","0","1"
"경기도교육청","경기도평택교육지원청","경기도 평택시","S090004064","현덕초등학교","02","공립","N","","1","0","0","1","0","1","0","1","0","0","0","0","2","1","0","3","0","4","0","4","0","0","0","0","0","0","0","0","0","0","0","0","0","0","0","0","0","0","0","0","0","1","0","1","1","2","0","3","0","0","0","0","4","9","0","13","0","0","0","0"
"경기도교육청","경기도평택교육지원청","경기도 평택시","S090004065","현덕초등학교광덕분교장","02","공립","N","","0","0","0","0","0","0","0","0","0","0","0","0","0","3","0","3","1","3","0","4","0","0","0","0","0","0","0","0","0","0","0","0","0","0","0","0","0","0","0","0","0","0","0","0","0","0","0","0","0","0","0","0","1","6","0","7","0","0","0","0"
"경기도교육청","경기도평택교육지원청","경기도 평택시","S090004066","현화초등학교","02","공립","N","","1","0","0","1","0","1","0","1","0","0","0","0","5","5","0","10","6","12","3","18","0","1","0","1","0","0","0","0","0","0","0","0","0","0","0","0","0","0","0","0","0","1","0","1","1","5","0","6","0","0","0","0","13","25","3","38","0","0","0","3"
"경기도교육청","경기도평택교육지원청","경기도 평택시","S090004067","홍원초등학교","02","공립","N","","1","0","0","1","0","1","0","1","0","0","0","0","1","2","0","3","2","2","1","4","1","0","0","1","0","0","0","0","0","0","0","0","0","0","0","0","0","0","0","0","0","0","0","0","0","3","0","3","0","0","0","0","5","8","1","13","0","0","0","1"
"경기도교육청","경기도평택교육지원청","경기도 평택시","S090004068","효덕초등학교","02","공립","N","","0","1","0","1","1","0","0","1","0","0","0","0","5","2","0","7","6","7","1","13","0","1","0","1","0","0","0","0","0","0","0","0","0","0","0","0","0","1","0","1","0","0","0","0","0","2","0","2","0","0","0","0","12","14","1","26","0","0","0","1"
"경기도교육청","경기도포천교육지원청","경기도 포천시","S090004176","가산초등학교","02","공립","N","","1","0","0","1","0","1","0","1","0","0","0","0","1","2","0","3","3","1","0","4","1","1","0","2","0","0","0","0","0","0","0","0","0","0","0","0","0","0","0","0","0","0","0","0","0","2","0","2","0","0","0","0","6","7","0","13","0","0","0","0"
"경기도교육청","경기도포천교육지원청","경기도 포천시","S090004177","관인초등학교","02","공립","N","","1","0","0","1","0","0","0","0","0","0","0","0","1","2","0","3","1","2","0","3","0","1","0","1","0","0","0","0","0","0","0","0","0","0","0","0","0","0","0","0","0","0","0","0","0","2","0","2","0","0","0","0","3","7","0","10","0","0","0","0"
"경기도교육청","경기도포천교육지원청","경기도 포천시","S090004180","내촌초등학교","02","공립","N","","1","0","0","1","0","1","0","1","0","0","0","0","1","2","0","3","0","4","0","4","0","0","0","0","0","0","0","0","0","0","0","0","0","0","0","0","0","0","0","0","0","1","0","1","0","2","0","2","0","0","0","0","2","10","0","12","0","0","0","0"
"경기도교육청","경기도포천교육지원청","경기도 포천시","S090004183","도평초등학교","02","공립","N","","0","1","0","1","1","0","0","1","0","0","0","0","1","2","0","3","1","2","0","3","0","0","0","0","0","0","0","0","0","0","0","0","0","0","0","0","0","0","0","0","0","0","0","0","0","2","0","2","0","0","0","0","3","7","0","10","0","0","0","0"
"경기도교육청","경기도포천교육지원청","경기도 포천시","S090004189","선단초등학교","02","공립","N","","1","0","0","1","0","1","0","1","0","1","0","1","4","3","0","7","6","7","3","13","0","1","0","1","0","1","0","1","0","0","0","0","0","0","0","0","0","1","1","1","0","1","0","1","1","4","0","5","0","0","0","0","12","20","4","32","0","0","0","4"
"경기도교육청","경기도포천교육지원청","경기도 포천시","S090004190","송우초등학교","02","공립","N","","1","0","0","1","1","0","0","1","0","0","0","0","3","2","0","5","5","7","0","12","0","2","0","2","0","0","0","0","0","0","0","0","0","0","0","0","0","1","0","1","0","1","0","1","1","0","0","1","0","0","0","0","11","13","0","24","0","0","0","0"
"경기도교육청","경기도포천교육지원청","경기도 포천시","S090004191","신북초등학교","02","공립","N","","1","0","0","1","1","0","0","1","0","0","0","0","3","0","0","3","1","3","0","4","1","0","0","1","0","1","0","1","0","0","0","0","0","0","0","0","0","1","0","1","0","0","0","0","0","0","0","0","0","0","0","0","7","5","0","12","0","0","0","0"
"경기도교육청","경기도포천교육지원청","경기도 포천시","S090004193","영북초등학교","02","공립","N","","0","1","0","1","1","0","0","1","0","0","0","0","5","0","0","5","3","8","0","11","0","1","0","1","0","1","0","1","0","0","0","0","0","0","0","0","0","1","0","1","0","1","0","1","0","2","0","2","0","0","0","0","9","15","0","24","0","0","0","0"
"경기도교육청","경기도포천교육지원청","경기도 포천시","S090004198","왕방초등학교","02","공립","N","","0","1","0","1","1","0","0","1","0","0","0","0","6","1","0","7","10","9","3","19","0","1","0","1","0","0","0","0","0","0","0","0","0","0","0","0","0","1","0","1","0","0","0","0","2","3","0","5","0","0","0","0","19","16","3","35","0","0","0","3"
"경기도교육청","경기도포천교육지원청","경기도 포천시","S090004199","외북초등학교","02","공립","N","","1","0","0","1","1","0","0","1","0","0","0","0","1","2","0","3","2","2","1","4","0","0","0","0","0","0","0","0","0","1","0","1","0","0","0","0","0","0","0","0","0","1","0","1","0","4","0","4","0","0","0","0","5","10","1","15","0","0","0","1"
"경기도교육청","경기도포천교육지원청","경기도 포천시","S090004200","운담초등학교","02","공립","N","","1","0","0","1","1","0","0","1","0","0","0","0","1","1","0","2","2","4","1","6","0","0","0","0","0","0","0","0","0","0","0","0","0","0","0","0","0","0","0","0","0","0","0","0","1","2","0","3","0","0","0","0","6","7","1","13","0","0","0","1"
"경기도교육청","경기도포천교육지원청","경기도 포천시","S090004201","유암초등학교","02","공립","N","","1","0","0","1","1","0","0","1","0","0","0","0","1","2","0","3","0","4","0","4","0","1","0","1","0","0","0","0","0","0","0","0","0","0","0","0","0","0","0","0","0","0","0","0","0","2","0","2","0","0","0","0","3","9","0","12","0","0","0","0"
"경기도교육청","경기도포천교육지원청","경기도 포천시","S090004202","이곡초등학교","02","공립","N","","1","0","0","1","1","0","0","1","0","0","0","0","2","1","0","3","4","2","1","6","0","0","0","0","0","0","0","0","0","0","0","0","0","0","0","0","0","0","0","0","0","1","0","1","0","1","0","1","0","0","0","0","8","5","1","13","0","0","0","1"
"경기도교육청","경기도포천교육지원청","경기도 포천시","S090004203","이동초등학교","02","공립","N","","0","1","0","1","1","0","0","1","0","0","0","0","3","0","0","3","0","4","0","4","0","0","0","0","0","1","0","1","0","0","0","0","0","0","0","0","0","1","0","1","0","1","0","1","0","1","0","1","0","0","0","0","4","9","0","13","0","0","0","0"
"경기도교육청","경기도포천교육지원청","경기도 포천시","S090004204","일동초등학교","02","공립","N","","0","1","0","1","0","1","0","1","0","0","0","0","4","1","0","5","5","5","0","10","0","1","0","1","0","1","0","1","0","0","0","0","0","0","0","0","0","1","0","1","0","1","0","1","0","3","0","3","0","0","0","0","9","15","0","24","0","0","0","0"
"경기도교육청","경기도포천교육지원청","경기도 포천시","S090004205","정교초등학교","02","공립","N","","1","0","0","1","0","1","0","1","0","0","0","0","2","1","0","3","4","1","1","5","0","0","0","0","0","0","0","0","0","0","0","0","0","0","0","0","0","0","0","0","0","0","0","0","1","2","0","3","0","0","0","0","8","5","1","13","0","0","0","1"
"경기도교육청","경기도포천교육지원청","경기도 포천시","S090004208","지현초등학교","02","공립","N","","1","0","0","1","0","0","0","0","0","0","0","0","1","2","0","3","1","3","0","4","0","1","0","1","0","0","0","0","0","0","0","0","0","0","0","0","0","0","0","0","0","0","0","0","1","1","0","2","0","0","0","0","4","7","0","11","0","0","0","0"
"경기도교육청","경기도포천교육지원청","경기도 포천시","S090004209","창수초등학교","02","공립","N","","1","0","0","1","1","0","0","1","0","0","0","0","1","1","0","2","1","5","0","6","0","0","0","0","0","0","0","0","0","0","0","0","0","0","0","0","0","0","0","0","0","0","0","0","1","1","0","2","0","0","0","0","5","7","0","12","0","0","0","0"
"경기도교육청","경기도포천교육지원청","경기도 포천시","S090004210","청성초등학교","02","공립","N","","0","1","0","1","1","0","0","1","0","0","0","0","1","2","0","3","2","2","0","4","0","1","0","1","0","0","0","0","0","0","0","0","0","0","0","0","0","0","0","0","0","0","0","0","0","1","0","1","0","0","0","0","4","7","0","11","0","0","0","0"
"경기도교육청","경기도포천교육지원청","경기도 포천시","S090004211","추산초등학교","02","공립","N","","1","0","0","1","1","0","0","1","0","0","0","0","3","6","0","9","9","10","2","19","0","2","0","2","0","1","0","1","0","0","0","0","0","0","0","0","0","1","0","1","0","1","0","1","2","1","0","3","0","0","0","0","16","22","2","38","0","0","0","2"
"경기도교육청","경기도포천교육지원청","경기도 포천시","S090004212","축석초등학교","02","공립","N","","1","0","0","1","1","0","0","1","0","0","0","0","2","1","0","3","1","3","0","4","0","1","0","1","0","0","0","0","0","0","0","0","0","0","0","0","0","0","0","0","0","0","0","0","0","2","0","2","0","0","0","0","5","7","0","12","0","0","0","0"
"경기도교육청","경기도포천교육지원청","경기도 포천시","S090004213","포천노곡초등학교","02","공립","N","","1","0","0","1","0","1","0","1","0","0","0","0","3","0","0","3","1","3","0","4","0","0","0","0","0","0","0","0","0","0","0","0","0","0","0","0","0","0","0","0","0","0","0","0","0","1","0","1","0","0","0","0","5","5","0","10","0","0","0","0"
"경기도교육청","경기도포천교육지원청","경기도 포천시","S090004214","포천삼정초등학교","02","공립","N","","1","0","0","1","0","0","0","0","0","0","0","0","3","0","0","3","0","2","0","2","0","2","0","2","0","0","0","0","0","0","0","0","0","0","0","0","0","0","0","0","0","0","0","0","0","1","0","1","0","0","0","0","4","5","0","9","0","0","0","0"
"경기도교육청","경기도포천교육지원청","경기도 포천시","S090004215","포천초등학교","02","공립","N","","1","0","0","1","0","1","0","1","0","0","0","0","4","6","0","10","13","13","3","26","0","2","0","2","0","1","0","1","0","0","0","0","0","0","0","0","0","1","0","1","0","1","0","1","4","2","0","6","0","0","0","0","22","27","3","49","0","0","0","3"
"경기도교육청","경기도포천교육지원청","경기도 포천시","S090004216","화현초등학교","02","공립","N","","0","1","0","1","1","0","0","1","0","0","0","0","2","1","0","3","1","3","0","4","1","0","1","1","0","0","0","0","0","0","0","0","0","0","0","0","0","0","0","0","0","0","0","0","0","2","0","2","0","0","0","0","5","7","1","12","0","0","0","1"
"경기도교육청","경기도화성오산교육지원청","","S090004282","갈담초등학교","02","공립","N","","0","1","0","1","0","1","0","1","0","0","0","0","3","0","0","3","3","3","0","6","1","0","0","1","0","0","0","0","0","0","0","0","0","0","0","0","0","1","0","1","0","0","0","0","0","2","0","2","0","0","0","0","7","8","0","15","0","0","0","0"
"경기도교육청","경기도화성오산교육지원청","경기도 화성시 만세구","S090004283","갈천초등학교","02","공립","N","","0","1","0","1","0","1","0","1","0","0","0","0","1","2","0","3","0","4","0","4","0","0","0","0","0","0","0","0","0","0","0","0","0","0","0","0","0","0","0","0","0","0","0","0","0","2","0","2","0","0","0","0","1","10","0","11","0","0","0","0"
"경기도교육청","경기도화성오산교육지원청","경기도 화성시 만세구","S090004284","고정초등학교","02","공립","N","","0","1","0","1","1","0","0","1","0","0","0","0","0","3","0","3","1","3","0","4","0","1","0","1","0","0","0","0","0","0","0","0","0","0","0","0","0","0","0","0","0","0","0","0","0","2","0","2","0","0","0","0","2","10","0","12","0","0","0","0"
"경기도교육청","경기도화성오산교육지원청","경기도 오산시","S090004286","광성초등학교","02","공립","N","","0","1","0","1","1","0","0","1","0","0","0","0","1","6","0","7","2","19","5","21","0","0","0","0","0","0","0","0","0","0","0","0","0","0","0","0","0","1","1","1","0","0","0","0","2","5","0","7","0","0","0","0","6","32","6","38","0","0","0","6"
"경기도교육청","경기도화성오산교육지원청","","S090004287","기안초등학교","02","공립","N","","0","1","0","1","0","1","0","1","0","0","0","0","4","5","0","9","3","19","2","22","0","2","1","2","0","1","0","1","0","0","0","0","0","0","0","0","0","1","0","1","0","1","0","1","1","3","0","4","0","0","0","0","8","34","3","42","0","0","0","3"
"경기도교육청","경기도화성오산교육지원청","경기도 화성시 만세구","S090004288","남양초등학교","02","공립","N","","1","0","0","1","1","0","0","1","0","0","0","0","3","4","0","7","3","13","1","16","0","1","0","1","0","1","0","1","0","0","0","0","0","0","0","0","0","1","0","1","0","1","0","1","2","3","0","5","0","0","0","0","10","24","1","34","0","0","0","1"
"경기도교육청","경기도화성오산교육지원청","경기도 화성시 만세구","S090004289","노진초등학교","02","공립","N","","1","0","0","1","1","0","0","1","0","0","0","0","0","3","0","3","1","3","0","4","0","1","0","1","0","0","0","0","0","0","0","0","0","0","0","0","0","0","0","0","0","1","0","1","0","1","0","1","0","0","0","0","3","9","0","12","0","0","0","0"
"경기도교육청","경기도화성오산교육지원청","","S090004292","동탄초등학교","02","공립","N","","0","1","0","1","2","0","0","2","0","0","0","0","3","9","0","12","2","42","8","44","0","1","0","1","0","1","0","1","0","1","0","1","0","0","0","0","0","1","0","1","0","1","0","1","2","5","0","7","0","0","0","0","9","62","8","71","0","0","0","8"
"경기도교육청","경기도화성오산교육지원청","경기도 화성시 병점구","S090004294","동학초등학교","02","공립","N","","0","1","0","1","0","1","0","1","0","0","0","0","2","7","0","9","0","24","6","24","0","1","0","1","0","1","0","1","0","0","0","0","0","0","0","0","0","1","0","1","0","1","0","1","0","1","0","1","0","0","0","0","2","38","6","40","0","0","0","6"
"경기도교육청","경기도화성오산교육지원청","경기도 화성시 만세구","S090004296","마도초등학교","02","공립","N","","0","1","0","1","0","1","0","1","0","0","0","0","2","1","0","3","0","4","0","4","0","1","0","1","0","0","0","0","0","0","0","0","0","0","0","0","0","0","0","0","0","1","0","1","0","1","0","1","0","0","0","0","2","10","0","12","0","0","0","0"
"경기도교육청","경기도화성오산교육지원청","","S090004297","마산초등학교","02","공립","N","","1","0","0","1","0","1","0","1","0","0","0","0","2","1","0","3","2","3","1","5","0","0","0","0","0","0","0","0","0","0","0","0","0","0","0","0","0","0","0","0","0","1","0","1","0","1","0","1","0","0","0","0","5","7","1","12","0","0","0","1"
"경기도교육청","경기도화성오산교육지원청","경기도 오산시","S090004301","매홀초등학교","02","공립","N","","1","0","0","1","0","1","0","1","0","0","0","0","1","4","0","5","2","5","0","7","0","1","0","1","0","0","0","0","0","0","0","0","0","0","0","0","0","1","0","1","0","0","0","0","0","5","0","5","0","0","0","0","4","17","0","21","0","0","0","0"
"경기도교육청","경기도화성오산교육지원청","경기도 오산시","S090004302","삼미초등학교","02","공립","N","","0","1","0","1","0","1","0","1","0","0","0","0","2","5","0","7","1","17","1","18","1","0","0","1","0","0","0","0","0","0","0","0","0","0","0","0","0","1","0","1","0","1","0","1","0","1","0","1","0","0","0","0","4","27","1","31","0","0","0","1"
"경기도교육청","경기도화성오산교육지원청","","S090004304","발안초등학교","02","공립","N","","1","0","0","1","1","0","0","1","0","0","0","0","4","4","0","8","3","7","1","10","0","1","0","1","0","0","0","0","0","0","0","0","0","0","0","0","0","1","0","1","0","1","0","1","1","4","0","5","0","0","0","0","10","18","1","28","0","0","0","1"
"경기도교육청","경기도화성오산교육지원청","경기도 화성시 병점구","S090004305","병점초등학교","02","공립","N","","1","0","0","1","1","0","0","1","0","0","0","0","2","1","0","3","0","9","3","9","0","0","0","0","0","0","0","0","0","0","0","0","0","0","0","0","0","1","0","1","0","1","0","1","2","3","0","5","0","0","0","0","6","15","3","21","0","0","0","3"
"경기도교육청","경기도화성오산교육지원청","경기도 화성시 효행구","S090004306","봉담초등학교","02","공립","N","","1","0","0","1","1","0","0","1","0","0","0","0","1","11","0","12","8","28","2","36","0","1","0","1","0","1","0","1","0","0","0","0","0","0","0","0","0","1","0","1","0","1","1","1","0","5","0","5","0","0","0","0","11","48","3","59","0","0","0","3"
"경기도교육청","경기도화성오산교육지원청","경기도 화성시 효행구","S090004308","비봉초등학교","02","공립","N","","1","0","0","1","1","0","0","1","0","0","0","0","0","3","0","3","1","5","0","6","0","1","0","1","0","0","0","0","0","0","0","0","0","0","0","0","0","0","0","0","0","1","0","1","0","2","0","2","0","0","0","0","3","12","0","15","0","0","0","0"
"경기도교육청","경기도화성오산교육지원청","경기도 화성시 만세구","S090004310","사창초등학교","02","공립","N","","0","1","0","1","1","0","0","1","0","0","0","0","2","1","0","3","1","3","0","4","0","0","0","0","0","0","0","0","0","0","0","0","0","0","0","0","0","0","0","0","0","0","0","0","0","2","0","2","0","0","0","0","4","7","0","11","0","0","0","0"
"경기도교육청","경기도화성오산교육지원청","경기도 화성시 만세구","S090004312","상신초등학교","02","공립","N","","0","1","0","1","1","0","0","1","0","0","0","0","7","2","0","9","6","19","5","25","1","0","0","1","0","0","0","0","0","0","0","0","0","0","0","0","0","1","0","1","0","0","0","0","0","4","0","4","0","0","0","0","15","27","5","42","0","0","0","5"
"경기도교육청","경기도화성오산교육지원청","경기도 화성시 만세구","S090004313","서신초등학교","02","공립","N","","0","1","0","1","0","1","0","1","0","0","0","0","2","1","0","3","1","3","1","4","0","1","0","1","0","0","0","0","0","0","0","0","0","0","0","0","0","0","0","0","0","0","0","0","0","2","0","2","0","0","0","0","3","9","1","12","0","0","0","1"
"경기도교육청","경기도화성오산교육지원청","경기도 화성시 만세구","S090004315","석천초등학교","02","공립","N","","1","0","0","1","0","1","0","1","0","0","0","0","1","2","0","3","0","4","1","4","0","1","1","1","0","0","0","0","0","0","0","0","0","0","0","0","0","0","0","0","0","0","0","0","1","2","0","3","0","0","0","0","3","10","2","13","0","0","0","2"
"경기도교육청","경기도화성오산교육지원청","경기도 오산시","S090004317","성산초등학교","02","공립","N","","1","0","0","1","1","0","0","1","0","0","0","0","1","3","0","4","2","4","0","6","0","9","0","9","0","0","0","0","0","0","0","0","0","0","0","0","0","0","0","0","0","0","0","0","3","2","0","5","0","0","0","0","8","18","0","26","0","0","0","0"
"경기도교육청","경기도화성오산교육지원청","경기도 오산시","S090004318","성호초등학교","02","공립","N","","0","1","0","1","1","0","0","1","0","0","0","0","2","3","0","5","3","9","1","12","0","1","0","1","0","0","0","0","0","0","0","0","0","0","0","0","0","1","0","1","0","0","0","0","0","3","0","3","0","0","0","0","6","18","1","24","0","0","0","1"
"경기도교육청","경기도화성오산교육지원청","경기도 화성시 효행구","S090004319","송라초등학교","02","공립","N","","0","1","0","1","1","0","0","1","0","0","0","0","2","1","0","3","2","2","0","4","0","0","0","0","0","0","0","0","0","0","0","0","0","0","0","0","0","0","0","0","0","0","0","0","1","1","0","2","0","0","0","0","6","5","0","11","0","0","0","0"
"경기도교육청","경기도화성오산교육지원청","경기도 화성시 만세구","S090004320","송산초등학교","02","공립","N","","1","0","0","1","1","0","0","1","0","0","0","0","2","1","0","3","3","6","0","9","0","1","0","1","0","0","0","0","0","0","0","0","0","0","0","0","0","1","0","1","0","1","0","1","0","1","0","1","0","0","0","0","7","11","0","18","0","0","0","0"
"경기도교육청","경기도화성오산교육지원청","경기도 화성시 병점구","S090004321","송화초등학교","02","공립","N","","1","0","0","1","0","1","0","1","0","0","0","0","2","10","0","12","6","21","3","27","1","0","0","1","0","1","0","1","0","0","0","0","0","0","0","0","0","1","1","1","0","1","0","1","0","4","0","4","0","0","0","0","10","39","4","49","0","0","0","4"
"경기도교육청","경기도화성오산교육지원청","경기도 화성시 효행구","S090004322","수기초등학교","02","공립","N","","1","0","0","1","0","1","0","1","0","0","0","0","2","1","0","3","1","3","0","4","0","1","0","1","0","0","0","0","0","0","0","0","0","0","0","0","0","0","0","0","0","0","0","0","0","2","0","2","0","0","0","0","4","8","0","12","0","0","0","0"
"경기도교육청","경기도화성오산교육지원청","","S090004324","양감초등학교","02","공립","N","","1","0","0","1","1","0","0","1","0","0","0","0","1","2","0","3","1","3","0","4","0","1","0","1","0","0","0","0","0","0","0","0","0","0","0","0","0","0","0","0","0","0","0","0","0","1","0","1","0","0","0","0","4","7","0","11","0","0","0","0"
"경기도교육청","경기도화성오산교육지원청","경기도 오산시","S090004325","오산초등학교","02","공립","N","","1","0","0","1","1","0","0","1","0","0","0","0","2","6","0","8","3","24","6","27","0","1","0","1","0","0","0","0","0","0","0","0","0","0","0","0","0","1","0","1","0","1","0","1","0","4","0","4","0","0","0","0","7","37","6","44","0","0","0","6"
"경기도교육청","경기도화성오산교육지원청","","S090004326","우정초등학교","02","공립","N","","1","0","0","1","0","1","0","1","0","0","0","0","1","2","0","3","2","6","1","8","0","1","0","1","0","0","0","0","0","0","0","0","0","0","0","0","0","0","0","0","0","0","0","0","1","4","0","5","0","0","0","0","5","14","1","19","0","0","0","1"
"경기도교육청","경기도화성오산교육지원청","경기도 오산시","S090004328","운산초등학교","02","공립","N","","0","1","0","1","0","1","0","1","0","0","0","0","0","8","0","8","3","20","6","23","1","0","0","1","0","1","0","1","0","0","0","0","0","0","0","0","0","1","0","1","0","1","0","1","2","3","0","5","0","0","0","0","6","36","6","42","0","0","0","6"
"경기도교육청","경기도화성오산교육지원청","경기도 오산시","S090004329","운암초등학교","02","공립","N","","0","1","0","1","0","1","0","1","0","0","0","0","3","2","0","5","0","13","3","13","0","1","0","1","0","0","0","0","0","0","0","0","0","0","0","0","0","1","0","1","0","1","0","1","2","2","0","4","0","0","0","0","5","22","3","27","0","0","0","3"
"경기도교육청","경기도화성오산교육지원청","경기도 오산시","S090004330","운천초등학교","02","공립","N","","1","0","0","1","0","1","0","1","0","0","0","0","3","6","0","9","3","25","10","28","1","0","0","1","0","1","0","1","0","0","0","0","0","0","0","0","0","1","0","1","0","1","0","1","2","4","0","6","0","0","0","0","10","39","10","49","0","0","0","10"
"경기도교육청","경기도화성오산교육지원청","경기도 오산시","S090004331","원동초등학교","02","공립","N","","1","0","0","1","0","1","0","1","0","0","0","0","2","7","0","9","1","21","3","22","0","1","0","1","0","1","0","1","0","0","0","0","0","0","0","0","0","1","1","1","0","1","0","1","1","5","0","6","0","0","0","0","5","38","4","43","0","0","0","4"
"경기도교육청","경기도화성오산교육지원청","경기도 화성시 만세구","S090004333","장명초등학교","02","공립","N","","0","1","0","1","0","0","0","0","0","0","0","0","2","1","0","3","1","2","0","3","0","1","0","1","0","0","0","0","0","0","0","0","0","0","0","0","0","0","0","0","0","1","0","1","0","1","0","1","0","0","0","0","3","7","0","10","0","0","0","0"
"경기도교육청","경기도화성오산교육지원청","경기도 화성시 효행구","S090004336","정남초등학교","02","공립","N","","0","1","0","1","0","1","0","1","0","0","0","0","3","0","0","3","3","5","1","8","0","1","0","1","0","0","0","0","0","0","0","0","0","0","0","0","0","1","1","1","0","1","0","1","0","2","0","2","0","0","0","0","6","12","2","18","0","0","0","2"
"경기도교육청","경기도화성오산교육지원청","경기도 화성시 효행구","S090004337","정림초등학교","02","공립","N","","1","0","0","1","0","1","0","1","0","0","0","0","1","1","0","2","4","1","0","5","0","1","0","1","0","0","0","0","0","0","0","0","0","0","0","0","0","0","0","0","0","0","0","0","1","2","0","3","0","0","0","0","7","6","0","13","0","0","0","0"
"경기도교육청","경기도화성오산교육지원청","","S090004340","청룡초등학교","02","공립","N","","1","0","0","1","0","0","0","0","0","0","0","0","0","3","0","3","2","1","0","3","0","1","0","1","0","0","0","0","0","0","0","0","0","0","0","0","0","0","0","0","0","0","0","0","0","2","0","2","0","0","0","0","3","7","0","10","0","0","0","0"
"경기도교육청","경기도화성오산교육지원청","경기도 화성시 만세구","S090004341","청원초등학교","02","공립","N","","1","0","0","1","0","1","0","1","0","0","0","0","1","2","0","3","2","2","0","4","0","1","0","1","0","0","0","0","0","0","0","0","0","0","0","0","0","0","0","0","0","0","0","0","0","1","0","1","0","0","0","0","4","7","0","11","0","0","0","0"
"경기도교육청","경기도화성오산교육지원청","경기도 화성시 만세구","S090004344","팔탄초등학교","02","공립","N","","0","1","0","1","0","1","0","1","0","0","0","0","2","1","0","3","2","2","0","4","0","0","0","0","0","0","0","0","0","0","0","0","0","0","0","0","0","0","0","0","0","1","0","1","1","2","0","3","0","0","0","0","5","8","0","13","0","0","0","0"
"경기도교육청","경기도화성오산교육지원청","경기도 화성시 만세구","S090004345","팔탄초등학교대방분교장","02","공립","N","","0","0","0","0","0","0","0","0","0","0","0","0","1","2","0","3","3","1","0","4","0","0","0","0","0","0","0","0","0","0","0","0","0","0","0","0","0","0","0","0","0","0","0","0","0","0","0","0","0","0","0","0","4","3","0","7","0","0","0","0"
"경기도교육청","경기도화성오산교육지원청","경기도 화성시 만세구","S090004347","해운초등학교","02","공립","N","","1","0","0","1","1","0","0","1","0","0","0","0","0","3","0","3","1","3","0","4","0","0","0","0","0","0","0","0","0","0","0","0","0","0","0","0","0","0","0","0","0","1","0","1","0","1","0","1","0","0","0","0","3","8","0","11","0","0","0","0"
"경기도교육청","경기도화성오산교육지원청","경기도 화성시 만세구","S090004348","향남초등학교","02","공립","N","","0","1","0","1","0","1","0","1","0","0","0","0","1","2","0","3","0","5","0","5","0","0","0","0","0","0","0","0","0","0","0","0","0","0","0","0","0","0","0","0","0","0","0","0","0","2","0","2","0","0","0","0","1","11","0","12","0","0","0","0"
"경기도교육청","경기도화성오산교육지원청","","S090004349","화남초등학교","02","공립","N","","0","1","0","1","1","0","0","1","0","0","0","0","3","4","0","7","3","35","5","38","1","0","0","1","0","0","0","0","0","0","0","0","0","0","0","0","0","1","0","1","0","1","0","1","0","4","0","4","0","0","0","0","8","46","5","54","0","0","0","5"
"경기도교육청","경기도화성오산교육지원청","경기도 화성시 병점구","S090004350","화산초등학교","02","공립","N","","1","0","0","1","1","0","0","1","0","0","0","0","0","4","0","4","1","10","2","11","1","1","0","2","0","0","0","0","0","0","0","0","0","0","0","0","0","1","0","1","0","1","0","1","1","3","0","4","0","0","0","0","5","20","2","25","0","0","0","2"
"경기도교육청","경기도화성오산교육지원청","","S090004351","화성매송초등학교","02","공립","N","","0","1","0","1","1","0","0","1","0","0","0","0","2","1","0","3","2","2","0","4","1","0","0","1","0","0","0","0","0","1","0","1","0","0","0","0","0","0","0","0","0","1","0","1","0","1","0","1","0","0","0","0","6","7","0","13","0","0","0","0"
"경기도교육청","경기도화성오산교육지원청","경기도 화성시 만세구","S090004352","화성월문초등학교","02","공립","N","","1","0","0","1","1","0","0","1","0","0","0","0","2","1","0","3","1","3","0","4","0","0","0","0","0","0","0","0","0","0","0","0","0","0","0","0","0","0","0","0","0","0","0","0","0","1","0","1","0","0","0","0","5","5","0","10","0","0","0","0"
"경기도교육청","경기도화성오산교육지원청","경기도 화성시 만세구","S090004353","화성장안초등학교","02","공립","N","","1","0","0","1","0","1","0","1","0","0","0","0","3","4","0","7","3","19","5","22","0","1","0","1","0","0","0","0","0","0","0","0","0","0","0","0","0","1","0","1","0","1","0","1","0","2","0","2","0","0","0","0","7","29","5","36","0","0","0","5"
"경기도교육청","경기도화성오산교육지원청","경기도 오산시","S090004354","화성초등학교","02","공립","N","","0","1","0","1","1","0","0","1","0","0","0","0","1","4","0","5","2","10","1","12","0","1","0","1","0","0","0","0","0","0","0","0","0","0","0","0","0","1","0","1","0","1","0","1","0","3","0","3","0","0","0","0","4","21","1","25","0","0","0","1"
"경기도교육청","경기도화성오산교육지원청","경기도 화성시 만세구","S090004355","화성장안초등학교석포분교장","02","공립","N","","0","0","0","0","0","0","0","0","0","0","0","0","1","0","0","1","0","3","0","3","0","1","0","1","0","0","0","0","0","0","0","0","0","0","0","0","0","0","0","0","0","0","0","0","0","0","0","0","0","0","0","0","1","4","0","5","0","0","0","0"
"경기도교육청","경기도화성오산교육지원청","경기도 화성시 만세구","S090004356","화성화수초등학교","02","공립","N","","1","0","0","1","0","0","0","0","0","0","0","0","2","1","0","3","2","4","2","6","0","1","0","1","0","0","0","0","0","0","0","0","0","0","0","0","0","0","0","0","0","0","0","0","0","1","0","1","0","0","0","0","5","7","2","12","0","0","0","2"
"경기도교육청","경기도화성오산교육지원청","경기도 화성시 만세구","S090004358","활초초등학교","02","공립","N","","0","1","0","1","1","0","0","1","0","0","0","0","0","3","0","3","3","1","0","4","0","0","0","0","0","0","0","0","0","0","0","0","0","0","0","0","0","0","0","0","0","1","0","1","0","1","0","1","0","0","0","0","4","7","0","11","0","0","0","0"
"경기도교육청","경기도용인교육지원청","경기도 용인시 기흥구","S090004797","교동초등학교","02","공립","N","","0","1","0","1","0","1","0","1","0","0","0","0","2","7","0","9","3","21","4","24","0","1","0","1","0","0","0","0","0","0","0","0","0","0","0","0","0","1","0","1","0","0","0","0","0","5","0","5","0","0","0","0","5","37","4","42","0","0","0","4"
"경기도교육청","경기도용인교육지원청","경기도 용인시 기흥구","S090004804","나곡초등학교","02","공립","N","","0","1","0","1","1","0","0","1","0","0","0","0","2","9","0","11","3","26","2","29","0","1","0","1","0","1","0","1","0","0","0","0","0","0","0","0","0","1","1","1","0","1","0","1","1","2","0","3","0","0","0","0","7","42","3","49","0","0","0","3"
"경기도교육청","경기도부천교육지원청","경기도 부천시 원미구","S090004824","석천초등학교","02","공립","N","","0","1","0","1","1","0","0","1","0","0","0","0","2","9","0","11","3","30","1","33","1","1","1","2","0","0","0","0","0","0","0","0","0","0","0","0","0","1","0","1","0","1","0","1","1","2","0","3","0","1","0","1","8","46","2","54","0","0","0","2"
"경기도교육청","경기도용인교육지원청","경기도 용인시 수지구","S090004836","효자초등학교","02","공립","N","","1","0","0","1","1","0","0","1","0","0","0","0","1","7","0","8","4","30","6","34","0","1","0","1","0","0","0","0","0","0","0","0","0","0","0","0","0","1","0","1","0","0","0","0","5","5","0","10","0","0","0","0","12","44","6","56","0","0","0","6"
"경기도교육청","경기도성남교육지원청","경기도 성남시 분당구","S090004841","늘푸른초등학교","02","공립","N","","0","1","0","1","0","2","0","2","0","0","0","0","0","12","0","12","0","49","9","49","0","0","0","0","0","1","1","1","0","0","0","0","0","0","0","0","0","1","0","1","0","1","0","1","0","5","0","5","0","1","0","1","0","73","10","73","0","0","0","10"
"경기도교육청","경기도의정부교육지원청","경기도 의정부시","S090004842","의정부호원초등학교","02","공립","N","","0","1","0","1","1","0","0","1","0","0","0","0","3","6","0","9","2","21","3","23","0","1","0","1","0","0","0","0","0","0","0","0","0","0","0","0","0","1","0","1","0","0","0","0","1","4","0","5","0","0","0","0","7","34","3","41","0","0","0","3"
"경기도교육청","경기도부천교육지원청","경기도 부천시 소사구","S090004843","부천일신초등학교","02","공립","N","","0","1","0","1","1","0","0","1","0","0","0","0","1","9","0","10","5","26","6","31","0","1","1","1","0","1","0","1","0","1","0","1","0","0","0","0","0","1","0","1","0","0","0","0","1","4","0","5","0","2","0","2","8","46","7","54","0","0","0","7"
"경기도교육청","경기도부천교육지원청","경기도 부천시 소사구","S090004844","솔안초등학교","02","공립","N","","0","1","0","1","1","0","0","1","0","0","0","0","1","4","0","5","1","9","1","10","0","1","0","1","0","0","0","0","0","0","0","0","0","0","0","0","0","1","0","1","0","0","0","0","0","5","0","5","0","0","0","0","3","21","1","24","0","0","0","1"
"경기도교육청","경기도동두천양주교육지원청","경기도 동두천시","S090004845","동두천신천초등학교","02","공립","N","","0","1","0","1","1","0","0","1","0","0","0","0","3","4","0","7","5","15","4","20","0","1","0","1","0","1","0","1","0","0","0","0","0","0","0","0","0","1","1","1","0","0","0","0","1","4","0","5","0","0","0","0","10","27","5","37","0","0","0","5"
"경기도교육청","경기도동두천양주교육지원청","경기도 동두천시","S090004846","동두천송내초등학교","02","공립","N","","0","1","0","1","1","0","0","1","0","0","0","0","5","0","0","5","3","8","0","11","0","1","0","1","0","1","0","1","0","0","0","0","0","0","0","0","0","1","0","1","0","0","0","0","0","3","0","3","0","0","0","0","9","15","0","24","0","0","0","0"
"경기도교육청","경기도안산교육지원청","경기도 안산시 단원구","S090004847","안산진흥초등학교","02","공립","N","","1","0","0","1","1","0","0","1","0","0","0","0","3","2","0","5","3","8","1","11","0","1","0","1","0","0","0","0","0","0","0","0","0","0","0","0","0","1","0","1","0","1","1","1","2","3","0","5","0","0","0","0","10","16","2","26","0","0","0","2"
"경기도교육청","경기도안산교육지원청","경기도 안산시 상록구","S090004848","학현초등학교","02","공립","N","","1","0","0","1","1","0","0","1","0","0","0","0","2","3","0","5","1","12","2","13","0","1","0","1","0","0","0","0","0","1","0","1","0","0","0","0","0","1","0","1","0","0","0","0","2","4","0","6","0","0","0","0","7","22","2","29","0","0","0","2"
"경기도교육청","경기도시흥교육지원청","경기도 시흥시","S090004849","시흥도원초등학교","02","공립","N","","1","0","0","1","1","0","0","1","0","0","0","0","2","3","0","5","2","10","2","12","1","0","0","1","0","0","0","0","0","0","0","0","0","0","0","0","0","1","0","1","0","0","0","0","1","2","0","3","0","0","0","0","8","16","2","24","0","0","0","2"
"경기도교육청","경기도시흥교육지원청","경기도 시흥시","S090004850","시흥월곶초등학교","02","공립","N","","0","1","0","1","0","1","0","1","0","0","0","0","5","4","0","9","4","19","5","23","0","1","0","1","0","1","0","1","0","0","0","0","0","0","0","0","0","1","0","1","0","0","0","0","2","2","0","4","0","0","0","0","11","30","5","41","0","0","0","5"
"경기도교육청","경기도시흥교육지원청","경기도 시흥시","S090004851","시흥장현초등학교","02","공립","N","","0","1","0","1","1","0","0","1","0","0","0","0","6","6","0","12","6","18","1","24","0","1","0","1","0","0","0","0","0","0","0","0","0","0","0","0","0","1","0","1","0","0","0","0","2","1","0","3","0","0","0","0","15","28","1","43","0","0","0","1"
"경기도교육청","경기도군포의왕교육지원청","경기도 군포시","S090004852","당동초등학교","02","공립","N","","1","0","0","1","1","0","0","1","0","0","0","0","0","9","0","9","0","25","2","25","0","2","0","2","0","1","0","1","0","0","0","0","0","0","0","0","0","1","0","1","0","0","0","0","0","2","0","2","0","1","0","1","2","41","2","43","0","0","0","2"
"경기도교육청","경기도군포의왕교육지원청","경기도 군포시","S090004853","당정초등학교","02","공립","N","","1","0","0","1","0","1","0","1","0","0","0","0","0","9","0","9","0","21","5","21","1","1","1","2","0","0","0","0","0","0","0","0","0","0","0","0","0","1","0","1","0","0","0","0","1","4","0","5","0","0","0","0","3","37","6","40","0","0","0","6"
"경기도교육청","경기도화성오산교육지원청","경기도 화성시 만세구","S090004854","제암초등학교","02","공립","N","","1","0","0","1","1","0","0","1","0","0","0","0","4","5","0","9","5","15","3","20","0","1","0","1","0","0","0","0","0","0","0","0","0","0","0","0","0","1","0","1","0","0","0","0","0","4","0","4","0","0","0","0","11","26","3","37","0","0","0","3"
"경기도교육청","경기도화성오산교육지원청","경기도 오산시","S090004855","오산대원초등학교","02","공립","N","","0","1","0","1","1","0","0","1","0","0","0","0","4","5","0","9","2","20","3","22","0","1","0","1","0","1","0","1","0","0","0","0","0","0","0","0","0","1","0","1","0","0","0","0","0","3","0","3","0","2","1","2","7","34","4","41","0","0","0","4"
"경기도교육청","경기도파주교육지원청","경기도 파주시","S090004856","동패초등학교","02","공립","N","","1","0","0","1","2","0","0","2","0","0","0","0","3","9","0","12","12","54","8","66","0","2","2","2","0","1","0","1","0","0","0","0","0","0","0","0","0","1","0","1","0","0","0","0","2","9","0","11","0","0","0","0","20","76","10","96","0","0","0","10"
"경기도교육청","경기도고양교육지원청","경기도 고양시 덕양구","S090004857","고양관산초등학교","02","공립","N","","0","1","0","1","0","1","0","1","0","0","0","0","3","5","0","8","1","9","0","10","0","2","0","2","0","1","0","1","0","0","0","0","0","0","0","0","0","1","0","1","0","0","0","0","1","1","0","2","0","0","0","0","5","21","0","26","0","0","0","0"
"경기도교육청","경기도고양교육지원청","경기도 고양시 일산서구","S090004858","고양한내초등학교","02","공립","N","","1","0","0","1","0","1","0","1","0","0","0","0","2","3","0","5","2","13","1","15","0","0","0","0","0","0","0","0","0","0","0","0","0","0","0","0","0","1","0","1","0","0","0","0","1","4","0","5","0","0","0","0","6","22","1","28","0","0","0","1"
"경기도교육청","경기도고양교육지원청","경기도 고양시 일산서구","S090004859","한뫼초등학교","02","공립","N","","0","1","0","1","1","0","0","1","0","0","0","0","2","7","0","9","2","22","3","24","0","2","1","2","0","1","0","1","0","0","0","0","0","0","0","0","0","1","1","1","0","0","0","0","1","4","0","5","0","0","0","0","6","38","5","44","0","0","0","5"
"경기도교육청","경기도파주교육지원청","경기도 파주시","S090004881","임진초등학교","02","공립","N","","0","1","0","1","1","0","0","1","0","0","0","0","5","4","0","9","5","15","1","20","0","1","0","1","0","0","0","0","0","1","0","1","0","0","0","0","0","1","0","1","0","0","0","0","0","3","0","3","0","0","0","0","11","26","1","37","0","0","0","1"
"경기도교육청","경기도용인교육지원청","경기도 용인시 기흥구","S090004891","지석초등학교","02","공립","N","","0","1","0","1","1","0","0","1","0","0","0","0","2","3","0","5","1","11","0","12","0","1","0","1","0","0","0","0","0","0","0","0","0","0","0","0","0","1","0","1","0","0","0","0","0","2","0","2","0","0","0","0","4","19","0","23","0","0","0","0"
"경기도교육청","경기도부천교육지원청","경기도 부천시 원미구","S090004892","옥산초등학교","02","공립","N","","0","1","0","1","0","1","0","1","0","0","0","0","1","2","0","3","2","4","0","6","0","0","0","0","0","0","0","0","0","0","0","0","0","0","0","0","0","0","0","0","0","0","0","0","0","4","0","4","0","0","0","0","3","12","0","15","0","0","0","0"
"경기도교육청","경기도이천교육지원청","경기도 이천시","S090004940","증포초등학교","02","공립","N","","0","1","0","1","0","1","0","1","0","0","0","0","3","6","0","9","1","27","1","28","0","1","0","1","0","0","0","0","0","1","0","1","0","0","0","0","0","1","0","1","0","1","0","1","1","2","0","3","0","0","0","0","5","41","1","46","0","0","0","1"
"경기도교육청","경기도광주하남교육지원청","경기도 광주시","S090004941","양벌초등학교","02","공립","N","","0","1","0","1","0","1","0","1","0","1","0","1","2","8","0","10","3","28","2","31","0","1","0","1","0","1","0","1","0","0","0","0","0","0","0","0","0","1","0","1","0","0","0","0","0","3","0","3","0","0","0","0","5","45","2","50","0","0","0","2"
"경기도교육청","경기도광주하남교육지원청","경기도 광주시","S090004942","광주도평초등학교","02","공립","N","","1","0","0","1","0","1","0","1","0","0","0","0","6","3","0","9","9","11","3","20","0","1","0","1","0","0","0","0","0","0","0","0","0","0","0","0","0","1","0","1","0","0","0","0","0","3","0","3","0","0","0","0","16","20","3","36","0","0","0","3"
"경기도교육청","경기도성남교육지원청","경기도 성남시 분당구","S090004946","성남정자초등학교","02","공립","N","","1","0","0","1","0","1","0","1","0","0","0","0","0","13","0","13","1","33","3","34","0","1","0","1","0","0","0","0","0","0","0","0","0","0","0","0","0","1","0","1","0","1","0","1","2","2","0","4","0","0","0","0","4","52","3","56","0","0","0","3"
"경기도교육청","경기도용인교육지원청","경기도 용인시 기흥구","S090004953","지곡초등학교","02","공립","N","","0","1","0","1","1","0","0","1","0","0","0","0","0","3","0","3","0","4","0","4","0","1","0","1","0","0","0","0","0","0","0","0","0","0","0","0","0","0","0","0","0","0","0","0","0","3","0","3","0","0","0","0","1","12","0","13","0","0","0","0"
"경기도교육청","경기도용인교육지원청","경기도 용인시 기흥구","S090004954","언남초등학교","02","공립","N","","0","1","0","1","1","0","0","1","0","0","0","0","2","4","0","6","2","12","3","14","0","0","0","0","0","0","0","0","0","0","0","0","0","0","0","0","0","1","0","1","0","0","0","0","1","4","0","5","0","0","0","0","6","22","3","28","0","0","0","3"
"경기도교육청","경기도용인교육지원청","경기도 용인시 처인구","S090004955","용인이동초등학교","02","공립","N","","1","0","0","1","1","0","0","1","0","0","0","0","1","4","0","5","2","14","2","16","0","1","0","1","0","1","0","1","0","0","0","0","0","0","0","0","0","1","0","1","0","0","0","0","1","3","0","4","0","0","0","0","6","24","2","30","0","0","0","2"
"경기도교육청","경기도용인교육지원청","경기도 용인시 수지구","S090004958","현암초등학교","02","공립","N","","1","0","0","1","0","1","0","1","0","0","0","0","2","7","0","9","3","19","7","22","0","1","0","1","0","0","0","0","0","0","0","0","0","0","0","0","0","1","0","1","0","1","0","1","3","3","0","6","0","0","0","0","9","33","7","42","0","0","0","7"
"경기도교육청","경기도용인교육지원청","경기도 용인시 기흥구","S090004960","독정초등학교","02","공립","N","","0","1","0","1","1","0","0","1","0","0","0","0","3","9","0","12","0","31","6","31","0","0","0","0","0","0","0","0","0","0","0","0","0","0","0","0","0","1","1","1","0","1","0","1","0","6","0","6","0","0","0","0","4","49","7","53","0","0","0","7"
"경기도교육청","경기도용인교육지원청","경기도 용인시 수지구","S090004961","용인대덕초등학교","02","공립","N","","0","1","0","1","0","1","0","1","0","0","0","0","1","4","0","5","3","12","2","15","0","0","0","0","0","0","0","0","0","0","0","0","0","0","0","0","0","1","0","1","0","0","0","0","1","2","0","3","0","0","0","0","5","21","2","26","0","0","0","2"
"경기도교육청","경기도용인교육지원청","경기도 용인시 수지구","S090004962","신리초등학교","02","공립","N","","0","1","0","1","0","1","0","1","0","0","0","0","1","6","0","7","2","13","3","15","0","1","1","1","0","0","0","0","0","0","0","0","0","0","0","0","0","1","0","1","0","0","0","0","1","7","0","8","0","0","0","0","4","30","4","34","0","0","0","4"
"경기도교육청","경기도용인교육지원청","경기도 용인시 수지구","S090004963","손곡초등학교","02","공립","N","","0","1","0","1","0","1","0","1","0","0","0","0","2","8","0","10","1","29","5","30","0","1","0","1","0","0","0","0","0","0","0","0","0","0","0","0","0","1","0","1","0","0","0","0","1","6","0","7","0","0","0","0","4","47","5","51","0","0","0","5"
"경기도교육청","경기도용인교육지원청","경기도 용인시 기흥구","S090004964","갈곡초등학교","02","공립","N","","0","1","0","1","0","1","0","1","0","0","0","0","1","6","0","7","3","18","6","21","0","1","0","1","0","0","0","0","0","0","0","0","0","0","0","0","0","1","0","1","0","0","0","0","2","3","0","5","0","0","0","0","6","31","6","37","0","0","0","6"
"경기도교육청","경기도용인교육지원청","경기도 용인시 기흥구","S090004965","성지초등학교","02","공립","N","","0","1","0","1","1","0","0","1","0","0","0","0","0","3","0","3","0","4","1","4","0","0","0","0","0","0","0","0","0","0","0","0","0","0","0","0","0","0","0","0","0","0","0","0","0","2","0","2","0","0","0","0","1","10","1","11","0","0","0","1"
"경기도교육청","경기도용인교육지원청","경기도 용인시 처인구","S090004966","삼가초등학교","02","공립","N","","1","0","0","1","1","0","0","1","0","0","0","0","3","6","0","9","2","19","5","21","0","1","0","1","0","1","0","1","0","0","0","0","0","0","0","0","0","1","0","1","0","1","0","1","0","3","0","3","0","0","0","0","7","32","5","39","0","0","0","5"
"경기도교육청","경기도용인교육지원청","경기도 용인시 처인구","S090004967","용인성산초등학교","02","공립","N","","1","0","0","1","0","1","0","1","0","1","0","1","3","6","0","9","1","16","1","17","1","1","0","2","0","1","0","1","0","0","0","0","0","0","0","0","0","1","0","1","0","1","1","1","1","2","0","3","0","0","0","0","7","30","2","37","0","0","0","2"
"경기도교육청","경기도용인교육지원청","경기도 용인시 수지구","S090004978","용인신촌초등학교","02","공립","N","","1","0","0","1","1","0","0","1","0","0","0","0","1","7","0","8","3","28","4","31","0","1","1","1","0","0","0","0","0","0","0","0","0","0","0","0","0","1","0","1","0","0","0","0","5","3","0","8","0","0","0","0","11","40","5","51","0","0","0","5"
"경기도교육청","경기도파주교육지원청","경기도 파주시","S090004980","금화초등학교","02","공립","N","","0","1","0","1","1","0","0","1","0","0","0","0","2","5","0","7","5","16","3","21","1","0","0","1","0","0","0","0","0","0","0","0","0","0","0","0","0","1","0","1","0","0","0","0","3","3","0","6","0","0","0","0","12","26","3","38","0","0","0","3"
"경기도교육청","경기도파주교육지원청","경기도 파주시","S090004981","금릉초등학교","02","공립","N","","0","1","0","1","0","1","0","1","0","0","0","0","2","7","0","9","7","21","10","28","0","1","0","1","0","1","0","1","0","0","0","0","0","0","0","0","0","1","0","1","0","0","0","0","2","5","0","7","0","0","0","0","11","38","10","49","0","0","0","10"
"경기도교육청","경기도포천교육지원청","경기도 포천시","S090004998","신봉초등학교","02","공립","N","","1","0","0","1","1","0","0","1","0","0","0","0","3","0","0","3","7","3","1","10","0","1","0","1","0","0","0","0","0","0","0","0","0","0","0","0","0","1","0","1","0","1","0","1","0","1","0","1","0","0","0","0","12","7","1","19","0","0","0","1"
"경기도교육청","경기도수원교육지원청","경기도 수원시 장안구","S090005003","수일초등학교","02","공립","N","","1","0","0","1","1","0","0","1","0","0","0","0","2","4","0","6","2","15","2","17","0","1","0","1","0","0","0","0","0","0","0","0","0","0","0","0","0","1","0","1","0","1","0","1","1","1","0","2","0","0","0","0","7","23","2","30","0","0","0","2"
"경기도교육청","경기도수원교육지원청","경기도 수원시 권선구","S090005004","입북초등학교","02","공립","N","","1","0","0","1","1","0","0","1","0","0","0","0","1","6","0","7","2","16","3","18","0","1","0","1","0","1","0","1","0","0","0","0","0","0","0","0","0","1","0","1","0","0","0","0","1","1","0","2","0","0","0","0","6","26","3","32","0","0","0","3"
"경기도교육청","경기도수원교육지원청","경기도 수원시 영통구","S090005005","대선초등학교","02","공립","N","","0","1","0","1","1","1","0","2","0","0","0","0","1","11","0","12","3","46","12","49","0","2","1","2","0","0","0","0","0","1","0","1","0","0","0","0","0","1","0","1","0","1","0","1","3","8","0","11","0","0","0","0","8","72","13","80","0","0","0","13"
"경기도교육청","경기도수원교육지원청","경기도 수원시 영통구","S090005006","수원매화초등학교","02","공립","N","","1","0","0","1","1","0","0","1","0","0","0","0","0","5","0","5","2","11","1","13","0","1","0","1","0","0","0","0","0","0","0","0","0","0","0","0","0","1","0","1","0","0","0","0","3","3","0","6","0","0","0","0","7","21","1","28","0","0","0","1"
"경기도교육청","경기도수원교육지원청","경기도 수원시 팔달구","S090005007","팔달초등학교","02","공립","N","","1","0","0","1","1","0","0","1","0","0","0","0","1","6","0","7","3","16","3","19","0","0","0","0","0","1","0","1","0","0","0","0","0","0","0","0","0","1","0","1","0","0","0","0","4","3","0","7","0","0","0","0","10","27","3","37","0","0","0","3"
"경기도교육청","경기도성남교육지원청","경기도 성남시 수정구","S090005008","성남양지초등학교","02","공립","N","","0","1","0","1","0","1","0","1","0","0","0","0","0","5","0","5","2","11","3","13","0","1","0","1","0","1","0","1","0","0","0","0","0","0","0","0","0","1","0","1","0","0","0","0","1","2","0","3","0","0","0","0","3","23","3","26","0","0","0","3"
"경기도교육청","경기도안양과천교육지원청","경기도 안양시 동안구","S090005009","샘모루초등학교","02","공립","N","","0","1","0","1","1","0","0","1","0","0","0","0","2","8","0","10","2","25","4","27","0","2","0","2","0","1","0","1","0","0","0","0","0","0","0","0","0","0","0","0","0","0","0","0","1","4","0","5","0","0","0","0","6","41","4","47","0","0","0","4"
"경기도교육청","경기도안양과천교육지원청","경기도 안양시 만안구","S090005010","화창초등학교","02","공립","N","","0","1","0","1","1","0","0","1","0","0","0","0","1","4","0","5","2","12","3","14","0","1","1","1","0","0","0","0","0","0","0","0","0","0","0","0","0","1","0","1","0","0","0","0","1","5","0","6","0","0","0","0","5","24","4","29","0","0","0","4"
"경기도교육청","경기도부천교육지원청","경기도 부천시 소사구","S090005011","부천송일초등학교","02","공립","N","","0","1","0","1","0","1","0","1","0","0","0","0","1","6","0","7","2","16","2","18","0","1","0","1","0","1","0","1","0","0","0","0","0","0","0","0","0","1","0","1","0","0","0","0","0","4","0","4","0","0","0","0","3","31","2","34","0","0","0","2"
"경기도교육청","경기도동두천양주교육지원청","경기도 동두천시","S090005012","이담초등학교","02","공립","N","","1","0","0","1","1","0","0","1","0","0","0","0","5","2","0","7","10","9","2","19","0","2","0","2","0","0","0","0","0","0","0","0","0","0","0","0","0","1","0","1","0","0","0","0","0","1","0","1","0","0","0","0","17","15","2","32","0","0","0","2"
"경기도교육청","경기도화성오산교육지원청","경기도 화성시 병점구","S090005013","구봉초등학교","02","공립","N","","0","1","0","1","1","0","0","1","0","0","0","0","1","10","0","11","3","26","1","29","0","2","0","2","0","1","1","1","0","0","0","0","0","0","0","0","0","1","0","1","0","0","0","0","1","3","0","4","0","1","0","1","6","45","2","51","0","0","0","2"
"경기도교육청","경기도화성오산교육지원청","경기도 화성시 병점구","S090005014","기산초등학교","02","공립","N","","0","1","0","1","0","1","0","1","0","0","0","0","2","5","0","7","2","16","4","18","0","1","1","1","0","0","0","0","0","0","0","0","0","0","0","0","0","1","0","1","0","1","0","1","2","5","0","7","0","1","0","1","6","32","5","38","0","0","0","5"
"경기도교육청","경기도화성오산교육지원청","경기도 화성시 병점구","S090005015","안화초등학교","02","공립","N","","1","0","0","1","0","1","0","1","0","0","0","0","2","8","0","10","4","22","4","26","0","1","0","1","0","0","0","0","0","0","0","0","0","0","0","0","0","1","0","1","0","0","0","0","1","3","0","4","0","0","0","0","8","36","4","44","0","0","0","4"
"경기도교육청","경기도화성오산교육지원청","경기도 화성시 병점구","S090005016","진안초등학교","02","공립","N","","0","1","0","1","0","1","0","1","0","0","0","0","1","6","0","7","3","16","7","19","0","1","0","1","0","0","0","0","0","0","0","0","0","0","0","0","0","1","0","1","0","0","0","0","1","5","0","6","0","0","0","0","5","31","7","36","0","0","0","7"
"경기도교육청","경기도화성오산교육지원청","경기도 화성시 병점구","S090005017","태안초등학교","02","공립","N","","1","0","0","1","0","1","0","1","0","0","0","0","6","1","0","7","2","16","3","18","0","0","0","0","0","1","0","1","0","0","0","0","0","0","0","0","0","1","0","1","0","0","0","0","2","1","0","3","0","0","0","0","11","21","3","32","0","0","0","3"
"경기도교육청","경기도화성오산교육지원청","경기도 화성시 병점구","S090005018","화성벌말초등학교","02","공립","N","","0","1","0","1","0","1","0","1","0","0","0","0","0","7","0","7","2","14","1","16","0","0","0","0","0","0","0","0","0","0","0","0","0","0","0","0","0","1","0","1","0","0","0","0","1","4","0","5","0","0","0","0","3","28","1","31","0","0","0","1"
"경기도교육청","경기도화성오산교육지원청","경기도 오산시","S090005019","대호초등학교","02","공립","N","","0","1","0","1","1","0","0","1","0","0","0","0","3","6","0","9","6","17","3","23","0","1","0","1","0","1","0","1","0","0","0","0","0","0","0","0","0","1","0","1","0","0","0","0","1","2","0","3","0","0","0","0","11","29","3","40","0","0","0","3"
"경기도교육청","경기도동두천양주교육지원청","경기도 양주시","S090005023","덕계초등학교","02","공립","N","","1","0","0","1","1","0","0","1","0","0","0","0","3","4","0","7","5","10","1","15","0","1","0","1","0","0","0","0","0","0","0","0","0","0","0","0","0","1","0","1","0","1","0","1","1","3","0","4","0","0","0","0","11","20","1","31","0","0","0","1"
"경기도교육청","경기도안산교육지원청","경기도 안산시 단원구","S090005024","안산호원초등학교","02","공립","N","","1","0","0","1","1","0","0","1","0","0","0","0","7","3","0","10","6","23","1","29","1","0","0","1","0","0","0","0","0","0","0","0","0","0","0","0","0","1","0","1","0","1","0","1","1","0","0","1","0","0","0","0","17","28","1","45","0","0","0","1"
"경기도교육청","경기도시흥교육지원청","경기도 시흥시","S090005025","웃터골초등학교","02","공립","N","","0","1","0","1","1","0","0","1","0","0","0","0","5","5","0","10","1","22","1","23","0","1","0","1","0","0","0","0","0","0","0","0","0","0","0","0","0","1","0","1","0","0","0","0","0","3","0","3","0","0","0","0","7","33","1","40","0","0","0","1"
"경기도교육청","경기도구리남양주교육지원청","경기도 남양주시","S090005026","남양주신촌초등학교","02","공립","N","","0","1","0","1","1","0","0","1","0","0","0","0","2","8","0","10","5","22","3","27","0","1","0","1","0","0","0","0","0","1","0","1","0","0","0","0","0","1","1","1","0","0","0","0","2","2","0","4","0","0","0","0","10","36","4","46","0","0","0","4"
"경기도교육청","경기도구리남양주교육지원청","경기도 남양주시","S090005027","장내초등학교","02","공립","N","","0","1","0","1","1","0","0","1","0","0","0","0","3","4","0","7","3","18","5","21","0","0","0","0","0","0","0","0","0","0","0","0","0","0","0","0","0","1","0","1","0","0","0","0","0","4","0","4","0","0","0","0","7","28","5","35","0","0","0","5"
"경기도교육청","경기도구리남양주교육지원청","경기도 남양주시","S090005028","판곡초등학교","02","공립","N","","1","0","0","1","1","0","0","1","0","0","0","0","3","7","0","10","8","23","4","31","0","1","0","1","0","0","0","0","0","0","0","0","0","0","0","0","0","1","0","1","0","0","0","0","0","6","0","6","0","0","0","0","13","38","4","51","0","0","0","4"
"경기도교육청","경기도구리남양주교육지원청","경기도 남양주시","S090005029","평동초등학교","02","공립","N","","0","1","0","1","0","1","0","1","0","0","0","0","3","4","0","7","5","12","1","17","0","1","0","1","0","1","0","1","0","0","0","0","0","0","0","0","0","1","0","1","0","0","0","0","1","1","0","2","0","0","0","0","9","22","1","31","0","0","0","1"
"경기도교육청","경기도파주교육지원청","경기도 파주시","S090005030","금향초등학교","02","공립","N","","0","1","0","1","1","0","0","1","0","0","0","0","1","6","0","7","3","12","3","15","0","1","0","1","0","0","0","0","0","0","0","0","0","0","0","0","0","1","0","1","0","0","0","0","1","4","0","5","0","0","0","0","6","25","3","31","0","0","0","3"
"경기도교육청","경기도고양교육지원청","경기도 고양시 덕양구","S090005031","목암초등학교","02","공립","N","","0","1","0","1","0","1","0","1","0","0","0","0","4","6","0","10","3","25","4","28","0","1","0","1","0","1","0","1","0","0","0","0","0","0","0","0","0","1","0","1","0","0","0","0","2","3","0","5","0","0","0","0","9","39","4","48","0","0","0","4"
"경기도교육청","경기도김포교육지원청","경기도 김포시","S090005032","김포신풍초등학교","02","공립","N","","0","1","0","1","0","1","0","1","0","0","0","0","2","10","0","12","4","38","7","42","1","1","0","2","0","1","0","1","0","0","0","0","0","0","0","0","0","1","0","1","0","1","1","1","2","4","0","6","0","0","0","0","9","58","8","67","0","0","0","8"
"경기도교육청","경기도용인교육지원청","경기도 용인시 수지구","S090005036","대청초등학교","02","공립","N","","1","0","0","1","0","1","0","1","0","0","0","0","2","5","0","7","1","17","1","18","0","1","0","1","0","0","0","0","0","0","0","0","0","0","0","0","0","1","0","1","0","1","0","1","2","1","0","3","0","0","0","0","6","27","1","33","0","0","0","1"
"경기도교육청","경기도용인교육지원청","경기도 용인시 기흥구","S090005037","용인신릉초등학교","02","공립","N","","0","1","0","1","1","0","0","1","0","0","0","0","1","4","0","5","2","12","4","14","0","0","0","0","0","0","0","0","0","0","0","0","0","0","0","0","0","1","0","1","0","0","0","0","1","3","0","4","0","0","0","0","5","21","4","26","0","0","0","4"
"경기도교육청","경기도용인교육지원청","경기도 용인시 수지구","S090005041","신일초등학교","02","공립","N","","0","1","0","1","1","0","0","1","0","0","0","0","1","5","0","6","4","15","5","19","0","1","0","1","0","0","0","0","0","0","0","0","0","0","0","0","0","1","0","1","0","0","0","0","0","5","0","5","0","0","0","0","6","28","5","34","0","0","0","5"
"경기도교육청","경기도안양과천교육지원청","경기도 안양시 만안구","S090005042","안양호암초등학교","02","공립","N","","0","1","0","1","1","0","0","1","0","0","0","0","1","4","0","5","0","12","2","12","0","1","0","1","0","0","0","0","0","0","0","0","0","0","0","0","0","1","0","1","0","0","0","0","0","4","0","4","0","0","0","0","2","23","2","25","0","0","0","2"
"경기도교육청","경기도안양과천교육지원청","경기도 안양시 동안구","S090005043","나눔초등학교","02","공립","N","","0","1","0","1","1","0","0","1","0","0","0","0","0","3","0","3","1","7","0","8","0","0","0","0","0","0","0","0","0","0","0","0","0","0","0","0","0","1","0","1","0","0","0","0","1","0","0","1","0","0","0","0","3","12","0","15","0","0","0","0"
"경기도교육청","경기도의정부교육지원청","경기도 의정부시","S090005129","의정부효자초등학교","02","공립","N","","1","0","0","1","0","1","0","1","0","0","0","0","2","3","0","5","3","11","4","14","0","1","0","1","0","0","0","0","0","0","0","0","0","0","0","0","0","1","0","1","0","0","0","0","0","4","0","4","0","0","0","0","6","21","4","27","0","0","0","4"
"경기도교육청","경기도의정부교육지원청","경기도 의정부시","S090005130","동암초등학교","02","공립","N","","1","0","0","1","1","0","0","1","0","0","0","0","3","3","0","6","2","27","1","29","0","1","0","1","0","1","0","1","0","0","0","0","0","0","0","0","0","1","0","1","0","0","0","0","0","4","0","4","0","0","0","0","7","37","1","44","0","0","0","1"
"경기도교육청","경기도의정부교육지원청","경기도 의정부시","S090005131","버들개초등학교","02","공립","N","","0","1","0","1","0","1","0","1","0","0","0","0","4","5","0","9","2","19","2","21","0","1","0","1","0","0","0","0","0","0","0","0","0","0","0","0","0","1","0","1","0","1","0","1","1","2","0","3","0","0","0","0","7","31","2","38","0","0","0","2"
"경기도교육청","경기도부천교육지원청","경기도 부천시 소사구","S090005138","부천양지초등학교","02","공립","N","","1","0","0","1","1","0","0","1","0","0","0","0","1","6","0","7","1","14","3","15","0","1","1","1","0","1","0","1","0","0","0","0","0","0","0","0","0","1","0","1","0","0","0","0","1","3","0","4","0","0","0","0","5","26","4","31","0","0","0","4"
"경기도교육청","경기도동두천양주교육지원청","경기도 양주시","S090005139","삼숭초등학교","02","공립","N","","0","1","0","1","0","1","0","1","0","0","0","0","1","9","0","10","2","21","7","23","0","1","0","1","0","1","0","1","0","0","0","0","0","0","0","0","0","1","0","1","0","0","0","0","4","4","0","8","0","0","0","0","7","39","7","46","0","0","0","7"
"경기도교육청","경기도평택교육지원청","경기도 평택시","S090005141","평택송화초등학교","02","공립","N","","1","0","0","1","1","0","0","1","0","0","0","0","3","4","0","7","0","14","0","14","0","1","0","1","0","1","0","1","0","0","0","0","0","0","0","0","0","1","0","1","0","0","0","0","0","2","0","2","0","0","0","0","5","23","0","28","0","0","0","0"
"경기도교육청","경기도평택교육지원청","경기도 평택시","S090005142","장당초등학교","02","공립","N","","1","0","0","1","1","0","0","1","0","0","0","0","4","6","0","10","4","20","3","24","0","1","0","1","0","1","0","1","0","0","0","0","0","0","0","0","0","1","0","1","0","0","0","0","0","5","0","5","0","0","0","0","10","34","3","44","0","0","0","3"
"경기도교육청","경기도구리남양주교육지원청","경기도 남양주시","S090005145","사능초등학교","02","공립","N","","1","0","0","1","0","1","0","1","0","0","0","0","2","1","0","3","1","3","0","4","0","5","1","5","0","0","0","0","0","0","0","0","0","0","0","0","0","1","0","1","0","0","0","0","0","3","0","3","0","0","0","0","4","14","1","18","0","0","0","1"
"경기도교육청","경기도구리남양주교육지원청","경기도 남양주시","S090005146","남양주백봉초등학교","02","공립","N","","0","1","0","1","1","0","0","1","0","0","0","0","3","4","0","7","2","14","2","16","0","1","0","1","0","0","0","0","0","0","0","0","0","0","0","0","0","1","0","1","0","0","0","0","1","2","0","3","0","0","0","0","7","23","2","30","0","0","0","2"
"경기도교육청","경기도구리남양주교육지원청","경기도 남양주시","S090005147","양오초등학교","02","공립","N","","0","1","0","1","0","1","0","1","0","0","0","0","4","6","0","10","7","20","3","27","0","1","1","1","0","1","0","1","0","0","0","0","0","0","0","0","0","1","1","1","0","0","0","0","0","5","0","5","0","0","0","0","11","36","5","47","0","0","0","5"
"경기도교육청","경기도광주하남교육지원청","경기도 하남시","S090005152","신평초등학교","02","공립","N","","0","1","0","1","1","0","0","1","0","0","0","0","4","6","0","10","4","27","2","31","0","1","0","1","0","1","0","1","0","0","0","0","0","0","0","0","0","1","0","1","0","0","0","0","1","2","0","3","0","0","0","0","10","39","2","49","0","0","0","2"
"경기도교육청","경기도파주교육지원청","경기도 파주시","S090005154","새금초등학교","02","공립","N","","0","1","0","1","1","0","0","1","0","0","0","0","2","5","0","7","4","12","1","16","0","1","0","1","0","0","0","0","0","0","0","0","0","0","0","0","0","1","0","1","0","1","0","1","1","4","0","5","0","0","0","0","8","25","1","33","0","0","0","1"
"경기도교육청","경기도파주교육지원청","경기도 파주시","S090005155","석곶초등학교","02","공립","N","","1","0","0","1","1","0","0","1","0","0","0","0","4","8","0","12","5","29","8","34","0","1","1","1","1","0","0","1","0","0","0","0","0","0","0","0","0","1","1","1","0","1","0","1","0","11","0","11","0","0","0","0","12","51","10","63","0","0","0","10"
"경기도교육청","경기도수원교육지원청","경기도 수원시 권선구","S090005179","효탑초등학교","02","공립","N","","1","0","0","1","1","0","0","1","0","0","0","0","3","2","0","5","1","14","3","15","0","2","0","2","0","1","0","1","0","0","0","0","0","0","0","0","0","1","0","1","0","0","0","0","0","1","0","1","0","0","0","0","6","21","3","27","0","0","0","3"
"경기도교육청","경기도부천교육지원청","경기도 부천시 원미구","S090005181","상미초등학교","02","공립","N","","1","0","0","1","0","1","0","1","0","0","0","0","1","2","0","3","2","5","1","7","0","1","0","1","0","0","0","0","0","1","0","1","0","0","0","0","0","1","0","1","0","0","0","0","0","1","0","1","0","0","0","0","4","12","1","16","0","0","0","1"
"경기도교육청","경기도동두천양주교육지원청","경기도 양주시","S090005182","광숭초등학교","02","공립","N","","1","0","0","1","1","0","0","1","0","0","0","0","2","5","0","7","3","16","3","19","0","2","0","2","0","0","0","0","0","0","0","0","0","0","0","0","0","1","0","1","0","0","0","0","1","1","0","2","0","0","0","0","8","25","3","33","0","0","0","3"
"경기도교육청","경기도평택교육지원청","경기도 평택시","S090005183","평택안일초등학교","02","공립","N","","1","0","0","1","1","0","0","1","0","0","0","0","6","6","0","12","6","29","3","35","0","0","0","0","0","0","0","0","0","0","0","0","0","0","0","0","0","1","0","1","0","0","0","0","2","5","0","7","0","0","0","0","16","41","3","57","0","0","0","3"
"경기도교육청","경기도평택교육지원청","경기도 평택시","S090005184","현일초등학교","02","공립","N","","1","0","0","1","1","0","0","1","0","0","0","0","4","5","0","9","6","17","3","23","0","1","0","1","0","0","0","0","0","0","0","0","0","0","0","0","0","1","0","1","0","1","0","1","1","2","0","3","0","0","0","0","13","27","3","40","0","0","0","3"
"경기도교육청","경기도구리남양주교육지원청","경기도 남양주시","S090005185","어람초등학교","02","공립","N","","0","1","0","1","1","0","0","1","0","0","0","0","3","7","0","10","6","25","2","31","0","1","0","1","0","1","0","1","0","0","0","0","0","0","0","0","0","1","0","1","0","0","0","0","0","3","0","3","0","0","0","0","10","39","2","49","0","0","0","2"
"경기도교육청","경기도여주교육지원청","경기도 여주시","S090005186","세종초등학교","02","공립","N","","0","1","0","1","1","0","0","1","0","1","0","1","7","6","0","13","7","33","5","40","0","1","0","1","0","1","0","1","0","0","0","0","0","0","0","0","0","1","0","1","0","0","0","0","3","2","0","5","0","0","0","0","18","46","5","64","0","0","0","5"
"경기도교육청","경기도화성오산교육지원청","경기도 화성시 만세구","S090005187","동양초등학교","02","공립","N","","0","1","0","1","1","0","0","1","0","0","0","0","7","5","0","12","3","36","9","39","0","1","0","1","0","0","0","0","0","0","0","0","0","0","0","0","0","1","0","1","0","0","0","0","0","5","0","5","0","0","0","0","11","49","9","60","0","0","0","9"
"경기도교육청","경기도화성오산교육지원청","경기도 화성시 효행구","S090005188","배양초등학교","02","공립","N","","1","0","0","1","1","0","0","1","0","0","0","0","3","2","0","5","2","10","2","12","0","1","0","1","0","1","0","1","0","0","0","0","0","0","0","0","0","1","0","1","0","0","0","0","2","1","0","3","0","0","0","0","9","16","2","25","0","0","0","2"
"경기도교육청","경기도안산교육지원청","경기도 안산시 상록구","S090005269","안산청석초등학교","02","공립","N","","1","0","0","1","0","1","0","1","0","0","0","0","3","4","0","7","2","11","0","13","0","0","0","0","0","0","0","0","0","0","0","0","0","0","0","0","0","1","0","1","0","0","0","0","1","3","0","4","0","0","0","0","7","20","0","27","0","0","0","0"
"경기도교육청","경기도안산교육지원청","경기도 안산시 상록구","S090005270","팔곡초등학교","02","공립","N","","0","1","0","1","1","0","0","1","0","0","0","0","1","2","0","3","0","4","0","4","0","0","0","0","0","0","0","0","0","0","0","0","0","0","0","0","0","0","0","0","0","0","0","0","0","2","0","2","0","0","0","0","2","9","0","11","0","0","0","0"
"경기도교육청","경기도포천교육지원청","경기도 포천시","S090005288","태봉초등학교","02","공립","N","","1","0","0","1","0","1","0","1","0","0","0","0","7","3","0","10","16","11","1","27","0","2","0","2","0","1","0","1","0","0","0","0","0","0","0","0","0","1","0","1","0","0","0","0","1","0","0","1","0","0","0","0","25","19","1","44","0","0","0","1"
"경기도교육청","경기도안산교육지원청","경기도 안산시 상록구","S090005294","안산창촌초등학교","02","공립","N","","1","0","0","1","1","0","0","1","0","0","0","0","4","2","0","6","4","11","5","15","0","1","0","1","0","0","0","0","0","0","0","0","0","0","0","0","0","1","0","1","0","1","0","1","1","5","0","6","0","0","0","0","11","21","5","32","0","0","0","5"
"경기도교육청","경기도안산교육지원청","경기도 안산시 상록구","S090005295","안산해양초등학교","02","공립","N","","0","1","0","1","1","0","0","1","0","0","0","0","3","4","0","7","1","18","3","19","0","0","0","0","0","0","0","0","0","0","0","0","0","0","0","0","0","1","0","1","0","0","0","0","0","2","0","2","0","0","0","0","5","26","3","31","0","0","0","3"
"경기도교육청","경기도부천교육지원청","경기도 부천시 오정구","S090005313","동산초등학교","02","공립","N","","0","1","0","1","1","0","0","1","0","0","0","0","0","5","0","5","2","15","4","17","0","0","0","0","0","0","0","0","0","0","0","0","0","0","0","0","0","1","0","1","0","0","0","0","0","1","0","1","0","0","0","0","3","23","4","26","0","0","0","4"
"경기도교육청","경기도용인교육지원청","경기도 용인시 기흥구","S090005324","동막초등학교","02","공립","N","","1","0","0","1","0","1","0","1","0","0","0","0","0","8","0","8","1","24","5","25","0","2","0","2","0","0","0","0","0","0","0","0","0","0","0","0","0","1","0","1","0","1","0","1","0","3","0","3","0","0","0","0","2","40","5","42","0","0","0","5"
"경기도교육청","경기도용인교육지원청","경기도 용인시 기흥구","S090005325","석성초등학교","02","공립","N","","1","0","0","1","1","0","0","1","0","0","0","0","2","8","0","10","8","21","1","29","0","1","0","1","0","1","0","1","0","0","0","0","0","0","0","0","0","1","0","1","0","1","0","1","1","4","0","5","0","0","0","0","13","37","1","50","0","0","0","1"
"경기도교육청","경기도용인교육지원청","경기도 용인시 기흥구","S090005330","동백초등학교","02","공립","N","","1","0","0","1","0","1","0","1","0","0","0","0","5","7","0","12","2","36","8","38","0","1","0","1","0","0","0","0","0","0","0","0","0","0","0","0","0","1","0","1","0","1","0","1","5","6","0","11","0","0","0","0","13","53","8","66","0","0","0","8"
"경기도교육청","경기도용인교육지원청","경기도 용인시 기흥구","S090005332","용인백현초등학교","02","공립","N","","0","1","0","1","1","0","0","1","0","0","0","0","2","10","0","12","5","27","4","32","0","1","0","1","0","1","0","1","0","0","0","0","0","0","0","0","0","1","0","1","0","1","0","1","0","5","0","5","0","0","0","0","8","47","4","55","0","0","0","4"
"경기도교육청","경기도수원교육지원청","경기도 수원시 권선구","S090005334","서평초등학교","02","공립","N","","1","0","0","1","1","0","0","1","0","0","0","0","0","3","0","3","2","6","1","8","0","1","0","1","0","0","0","0","0","0","0","0","0","0","0","0","0","1","1","1","0","0","0","0","0","4","0","4","0","0","0","0","4","15","2","19","0","0","0","2"
"경기도교육청","경기도수원교육지원청","경기도 수원시 권선구","S090005337","오현초등학교","02","공립","N","","0","1","0","1","0","1","0","1","0","0","0","0","1","6","0","7","4","26","6","30","1","0","0","1","0","1","0","1","0","0","0","0","0","0","0","0","0","1","0","1","0","0","0","0","2","4","0","6","0","0","0","0","8","40","6","48","0","0","0","6"
"경기도교육청","경기도용인교육지원청","경기도 용인시 기흥구","S090005339","용인초당초등학교","02","공립","N","","1","0","0","1","0","1","0","1","0","0","0","0","2","4","0","6","3","21","0","24","0","2","0","2","0","0","0","0","0","0","0","0","0","0","0","0","0","1","0","1","0","1","1","1","0","3","0","3","0","0","0","0","6","33","1","39","0","0","0","1"
"경기도교육청","경기도고양교육지원청","경기도 고양시 일산서구","S090005341","가좌초등학교","02","공립","N","","0","1","0","1","1","0","0","1","0","0","0","0","3","4","0","7","1","17","4","18","0","1","0","1","0","1","0","1","0","0","0","0","0","0","0","0","0","1","0","1","0","0","0","0","2","4","0","6","0","0","0","0","7","29","4","36","0","0","0","4"
"경기도교육청","경기도동두천양주교육지원청","경기도 양주시","S090005344","도둔초등학교","02","공립","N","","1","0","0","1","0","1","0","1","0","0","0","0","4","5","0","9","5","24","1","29","0","0","0","0","0","0","0","0","0","0","0","0","0","0","0","0","0","1","0","1","0","0","0","0","0","4","0","4","0","0","0","0","10","35","1","45","0","0","0","1"
"경기도교육청","경기도평택교육지원청","경기도 평택시","S090005357","평택도곡초등학교","02","공립","N","","1","0","0","1","1","0","0","1","0","0","0","0","10","4","0","14","5","15","3","20","0","1","0","1","0","0","0","0","0","0","0","0","0","0","0","0","0","1","0","1","0","0","0","0","2","2","0","4","0","0","0","0","19","23","3","42","0","0","0","3"
"경기도교육청","경기도화성오산교육지원청","경기도 화성시 병점구","S090005363","안녕초등학교","02","공립","N","","1","0","0","1","0","1","0","1","0","0","0","0","1","9","0","10","4","27","3","31","0","3","0","3","0","1","0","1","0","0","0","0","0","0","0","0","0","1","0","1","0","1","0","1","0","5","0","5","0","0","0","0","6","48","3","54","0","0","0","3"
"경기도교육청","경기도화성오산교육지원청","경기도 오산시","S090005366","가수초등학교","02","공립","N","","0","1","0","1","0","1","0","1","0","0","0","0","1","8","0","9","3","20","6","23","1","0","0","1","0","0","0","0","0","0","0","0","0","0","0","0","0","1","0","1","0","1","0","1","0","3","0","3","0","0","0","0","5","35","6","40","0","0","0","6"
"경기도교육청","경기도파주교육지원청","경기도 파주시","S090005369","두일초등학교","02","공립","N","","0","1","0","1","0","1","0","1","0","0","0","0","4","6","0","10","6","20","3","26","0","2","0","2","0","0","0","0","0","0","0","0","0","0","0","0","0","1","0","1","0","0","0","0","1","2","0","3","0","0","0","0","11","33","3","44","0","0","0","3"
"경기도교육청","경기도화성오산교육지원청","경기도 오산시","S090005372","수청초등학교","02","공립","N","","0","1","0","1","1","0","0","1","0","0","0","0","1","6","0","7","1","22","5","23","0","1","0","1","0","0","0","0","0","0","0","0","0","0","0","0","0","1","0","1","0","0","0","0","0","2","0","2","0","0","0","0","3","33","5","36","0","0","0","5"
"경기도교육청","경기도파주교육지원청","경기도 파주시","S090005373","와석초등학교","02","공립","N","","1","0","0","1","2","0","0","2","0","0","0","0","5","7","0","12","8","44","3","52","0","0","0","0","0","0","0","0","0","0","0","0","0","0","0","0","0","1","1","1","0","0","0","0","1","5","0","6","0","0","0","0","17","57","4","74","0","0","0","4"
"경기도교육청","경기도김포교육지원청","경기도 김포시","S090005375","통진초등학교","02","공립","N","","1","0","0","1","1","0","0","1","0","0","0","0","3","3","0","6","4","9","2","13","0","1","0","1","0","0","0","0","0","0","0","0","0","0","0","0","0","1","0","1","0","0","0","0","1","4","0","5","0","0","0","0","10","18","2","28","0","0","0","2"
"경기도교육청","경기도고양교육지원청","경기도 고양시 일산동구","S090005393","다솜초등학교","02","공립","N","","0","1","0","1","1","0","0","1","0","0","0","0","1","9","0","10","2","21","6","23","0","1","0","1","0","1","0","1","0","0","0","0","0","0","0","0","0","1","0","1","0","0","0","0","1","6","0","7","0","0","0","0","5","40","6","45","0","0","0","6"
"경기도교육청","경기도안산교육지원청","경기도 안산시 단원구","S090005395","덕인초등학교","02","공립","N","","0","1","0","1","0","1","0","1","0","0","0","0","6","2","0","8","1","14","2","15","0","1","0","1","0","1","0","1","0","0","0","0","0","0","0","0","0","1","0","1","0","1","0","1","0","3","0","3","0","0","0","0","7","25","2","32","0","0","0","2"
"경기도교육청","경기도파주교육지원청","경기도 파주시","S090005397","문발초등학교","02","공립","N","","0","1","0","1","1","0","0","1","0","0","0","0","1","4","0","5","2","8","1","10","0","1","0","1","0","0","0","0","0","0","0","0","0","0","0","0","0","1","0","1","0","0","0","0","1","5","0","6","0","0","0","0","5","20","1","25","0","0","0","1"
"경기도교육청","경기도부천교육지원청","경기도 부천시 소사구","S090005402","소안초등학교","02","공립","N","","1","0","0","1","1","0","0","1","0","0","0","0","2","5","0","7","2","12","1","14","0","1","0","1","0","0","0","0","0","0","0","0","0","0","0","0","0","1","0","1","0","0","0","0","0","4","0","4","0","0","0","0","6","23","1","29","0","0","0","1"
"경기도교육청","경기도동두천양주교육지원청","경기도 양주시","S090005404","신지초등학교","02","공립","N","","0","1","0","1","0","1","0","1","0","0","0","0","3","2","0","5","2","6","0","8","1","0","0","1","0","0","0","0","0","0","0","0","0","0","0","0","0","1","0","1","0","0","0","0","0","3","0","3","0","0","0","0","6","14","0","20","0","0","0","0"
"경기도교육청","경기도화성오산교육지원청","경기도 오산시","S090005406","오산원당초등학교","02","공립","N","","1","0","0","1","1","0","0","1","0","0","0","0","2","8","0","10","5","22","2","27","0","2","0","2","0","0","0","0","0","0","0","0","0","0","0","0","0","1","0","1","0","0","0","0","2","1","0","3","0","0","0","0","11","34","2","45","0","0","0","2"
"경기도교육청","경기도시흥교육지원청","경기도 시흥시","S090005408","월포초등학교","02","공립","N","","1","0","0","1","1","0","0","1","0","0","0","0","5","1","0","6","1","9","1","10","0","1","0","1","0","0","0","0","0","0","0","0","0","0","0","0","0","1","1","1","0","0","0","0","1","6","0","7","0","0","0","0","9","18","2","27","0","0","0","2"
"경기도교육청","경기도고양교육지원청","경기도 고양시 일산동구","S090005411","풍동초등학교","02","공립","N","","1","0","0","1","0","1","0","1","0","0","0","0","1","4","0","5","2","16","6","18","0","1","0","1","0","0","0","0","0","0","0","0","0","0","0","0","0","1","0","1","0","0","0","0","0","4","0","4","0","0","0","0","4","27","6","31","0","0","0","6"
"경기도교육청","경기도화성오산교육지원청","","S090005412","학동초등학교","02","공립","N","","0","1","0","1","1","0","0","1","0","0","0","0","1","11","0","12","0","34","5","34","0","0","0","0","0","0","0","0","0","0","0","0","0","0","0","0","0","1","0","1","0","0","0","0","0","3","0","3","0","0","0","0","2","50","5","52","0","0","0","5"
"경기도교육청","경기도화성오산교육지원청","경기도 화성시 동탄구","S090005471","화성금곡초등학교","02","공립","N","","1","0","0","1","1","0","0","1","0","0","0","0","3","8","0","11","2","26","4","28","0","1","0","1","0","1","1","1","0","0","0","0","0","0","0","0","0","1","0","1","0","1","0","1","2","3","0","5","0","0","0","0","9","41","5","50","0","0","0","5"
"경기도교육청","경기도평택교육지원청","경기도 평택시","S090005472","반지초등학교","02","공립","N","","1","0","0","1","1","0","0","1","0","0","0","0","2","8","0","10","2","24","2","26","0","1","0","1","0","0","0","0","0","0","0","0","0","0","0","0","0","0","0","0","0","1","0","1","1","3","0","4","0","0","0","0","7","37","2","44","0","0","0","2"
"경기도교육청","경기도화성오산교육지원청","","S090005474","석우초등학교","02","공립","N","","0","1","0","1","1","0","0","1","0","0","0","0","2","8","0","10","1","24","2","25","0","1","0","1","0","0","0","0","0","0","0","0","0","0","0","0","0","1","1","1","0","0","0","0","1","7","0","8","0","0","0","0","5","42","3","47","0","0","0","3"
"경기도교육청","경기도화성오산교육지원청","경기도 오산시","S090005476","오산원일초등학교","02","공립","N","","1","0","0","1","0","1","0","1","0","0","0","0","4","7","0","11","1","30","7","31","0","1","1","1","0","1","0","1","0","0","0","0","0","0","0","0","0","1","0","1","0","0","0","0","1","3","0","4","0","0","0","0","7","44","8","51","0","0","0","8"
"경기도교육청","경기도용인교육지원청","경기도 용인시 기흥구","S090005478","용인한일초등학교","02","공립","N","","0","1","0","1","1","0","0","1","0","0","0","0","1","4","0","5","2","10","2","12","0","1","0","1","0","0","0","0","0","1","0","1","0","0","0","0","0","1","0","1","0","0","0","0","0","5","0","5","0","0","0","0","4","23","2","27","0","0","0","2"
"경기도교육청","경기도용인교육지원청","경기도 용인시 기흥구","S090005480","나산초등학교","02","공립","N","","0","1","0","1","0","1","0","1","0","0","0","0","2","7","0","9","4","20","3","24","0","1","0","1","0","1","0","1","0","0","0","0","0","0","0","0","0","1","0","1","0","1","0","1","1","3","0","4","0","0","0","0","7","36","3","43","0","0","0","3"
"경기도교육청","경기도화성오산교육지원청","","S090005487","와우초등학교","02","공립","N","","0","1","0","1","0","1","0","1","0","0","0","0","5","7","0","12","11","26","8","37","0","1","0","1","0","1","0","1","0","0","0","0","0","0","0","0","0","1","0","1","0","1","0","1","1","7","0","8","0","0","0","0","17","46","8","63","0","0","0","8"
"경기도교육청","경기도구리남양주교육지원청","경기도 남양주시","S090005494","예봉초등학교","02","공립","N","","0","1","0","1","1","0","0","1","0","0","0","0","4","3","0","7","8","12","4","20","0","1","0","1","0","0","0","0","0","0","0","0","0","0","0","0","0","1","0","1","0","0","0","0","1","4","0","5","0","0","0","0","14","22","4","36","0","0","0","4"
"경기도교육청","경기도동두천양주교육지원청","경기도 양주시","S090005495","주원초등학교","02","공립","N","","0","1","0","1","0","1","0","1","0","0","0","0","2","4","0","6","1","6","1","7","0","1","0","1","0","0","0","0","0","1","0","1","0","0","0","0","0","1","0","1","0","0","0","0","0","3","0","3","0","0","0","0","3","18","1","21","0","0","0","1"
"경기도교육청","경기도고양교육지원청","경기도 고양시 일산동구","S090005496","하늘초등학교","02","공립","N","","0","1","0","1","1","0","0","1","0","0","0","0","3","5","0","8","0","17","2","17","0","1","1","1","0","0","0","0","0","0","0","0","0","0","0","0","0","1","0","1","0","0","0","0","1","5","0","6","0","0","0","0","5","30","3","35","0","0","0","3"
"경기도교육청","경기도화성오산교육지원청","","S090005588","동화초등학교","02","공립","N","","0","1","0","1","1","0","0","1","0","0","0","0","3","6","0","9","6","15","5","21","0","1","0","1","0","0","0","0","0","0","0","0","0","0","0","0","0","1","0","1","0","1","0","1","1","2","0","3","0","0","0","0","11","27","5","38","0","0","0","5"
"경기도교육청","경기도화성오산교육지원청","경기도 화성시 동탄구","S090005589","반석초등학교","02","공립","N","","1","0","0","1","1","0","0","1","0","0","0","0","3","7","0","10","3","32","6","35","0","1","0","1","0","0","0","0","0","0","0","0","0","0","0","0","0","1","0","1","0","0","0","0","1","2","0","3","0","0","0","0","9","43","6","52","0","0","0","6"
"경기도교육청","경기도화성오산교육지원청","경기도 화성시 효행구","S090005591","상봉초등학교","02","공립","N","","1","0","0","1","0","1","0","1","0","0","0","0","5","4","0","9","4","20","5","24","0","2","0","2","0","1","0","1","0","0","0","0","0","0","0","0","0","1","0","1","0","0","0","0","0","3","0","3","0","0","0","0","10","32","5","42","0","0","0","5"
"경기도교육청","경기도화성오산교육지원청","경기도 화성시 동탄구","S090005593","솔빛초등학교","02","공립","N","","1","0","0","1","1","1","0","2","0","1","0","1","3","9","0","12","4","40","8","44","0","1","0","1","1","0","0","1","0","1","0","1","0","0","0","0","0","1","0","1","0","1","0","1","1","10","0","11","0","0","0","0","11","65","8","76","0","0","0","8"
"경기도교육청","경기도화성오산교육지원청","경기도 오산시","S090005594","오산고현초등학교","02","공립","N","","1","0","0","1","1","0","0","1","0","0","0","0","4","7","0","11","1","32","7","33","0","1","1","1","0","1","0","1","0","0","0","0","0","0","0","0","0","1","0","1","0","1","0","1","4","6","0","10","0","0","0","0","11","49","8","60","0","0","0","8"
"경기도교육청","경기도화성오산교육지원청","경기도 화성시 병점구","S090005595","율목초등학교","02","공립","N","","1","0","0","1","0","1","0","1","0","0","0","0","1","8","0","9","4","28","4","32","0","1","0","1","0","0","0","0","0","1","0","1","0","0","0","0","0","1","0","1","0","1","0","1","1","2","0","3","0","0","0","0","7","43","4","50","0","0","0","4"
"경기도교육청","경기도화성오산교육지원청","","S090005597","반송초등학교","02","공립","N","","0","1","0","1","1","0","0","1","0","0","0","0","2","11","0","13","4","27","6","31","0","1","0","1","0","1","0","1","0","0","0","0","0","0","0","0","0","1","0","1","0","0","0","0","0","1","0","1","0","0","0","0","7","43","6","50","0","0","0","6"
"경기도교육청","경기도부천교육지원청","경기도 부천시 오정구","S090005603","성곡초등학교","02","공립","N","","0","1","0","1","0","1","0","1","0","0","0","0","1","4","0","5","2","13","3","15","0","2","0","2","1","0","0","1","0","0","0","0","0","0","0","0","0","1","0","1","0","1","0","1","1","2","0","3","0","1","0","1","5","26","3","31","0","0","0","3"
"경기도교육청","경기도고양교육지원청","경기도 고양시 일산동구","S090005607","모당초등학교","02","공립","N","","0","1","0","1","1","0","0","1","0","0","0","0","1","6","0","7","3","22","2","25","0","1","0","1","0","1","0","1","0","0","0","0","0","0","0","0","0","1","0","1","0","1","1","1","0","4","0","4","0","1","0","1","5","38","3","43","0","0","0","3"
"경기도교육청","경기도용인교육지원청","경기도 용인시 기흥구","S090005610","청덕초등학교","02","공립","N","","0","1","0","1","1","0","0","1","0","0","0","0","2","7","0","9","3","19","4","22","0","2","0","2","0","1","0","1","0","0","0","0","0","0","0","0","0","1","0","1","0","1","0","1","1","5","0","6","0","1","0","1","7","38","4","45","0","0","0","4"
"경기도교육청","경기도시흥교육지원청","경기도 시흥시","S090005612","시흥능곡초등학교","02","공립","N","","1","0","0","1","0","1","0","1","0","0","0","0","2","4","0","6","4","10","3","14","0","2","0","2","0","0","0","0","0","0","0","0","0","0","0","0","0","1","1","1","0","1","0","1","1","5","0","6","0","0","0","0","8","24","4","32","0","0","0","4"
"경기도교육청","경기도김포교육지원청","경기도 김포시","S090005617","장기초등학교","02","공립","N","","0","1","0","1","1","0","0","1","0","0","0","0","4","5","0","9","7","21","4","28","0","1","0","1","0","1","0","1","0","0","0","0","0","0","0","0","0","1","0","1","1","0","0","1","1","2","0","3","0","0","0","0","14","32","4","46","0","0","0","4"
"경기도교육청","경기도성남교육지원청","경기도 성남시 중원구","S090005621","도촌초등학교","02","공립","N","","0","1","0","1","0","1","0","1","0","0","0","0","0","9","0","9","4","28","10","32","0","2","0","2","0","1","0","1","0","0","0","0","0","0","0","0","0","1","0","1","0","1","0","1","1","3","0","4","0","0","0","0","5","47","10","52","0","0","0","10"
"경기도교육청","경기도군포의왕교육지원청","경기도 군포시","S090005627","군포대야초등학교","02","공립","N","","1","0","0","1","1","0","0","1","0","0","0","0","1","3","0","4","1","11","2","12","0","1","0","1","0","0","0","0","0","1","0","1","0","0","0","0","0","1","0","1","0","1","0","1","0","2","0","2","0","0","0","0","4","20","2","24","0","0","0","2"
"경기도교육청","경기도군포의왕교육지원청","경기도 의왕시","S090005628","모락초등학교","02","공립","N","","1","0","0","1","0","1","0","1","0","0","0","0","0","5","0","5","1","14","3","15","0","0","0","0","0","0","0","0","0","1","0","1","0","0","0","0","0","1","0","1","0","0","0","0","1","3","0","4","0","1","0","1","3","26","3","29","0","1","1","3"
"경기도교육청","경기도화성오산교육지원청","경기도 화성시 동탄구","S090005644","능동초등학교","02","공립","N","","0","1","0","1","1","0","0","1","0","0","0","0","4","3","0","7","2","16","4","18","0","0","0","0","0","1","1","1","0","0","0","0","0","0","0","0","0","1","0","1","0","1","1","1","0","6","0","6","0","0","0","0","7","29","6","36","0","0","0","6"
"경기도교육청","경기도화성오산교육지원청","경기도 화성시 만세구","S090005645","도이초등학교","02","공립","N","","0","1","0","1","2","0","0","2","0","0","0","0","6","3","0","9","8","18","6","26","0","1","0","1","0","1","0","1","0","0","0","0","0","0","0","0","0","0","0","0","0","1","0","1","0","3","0","3","0","0","0","0","16","28","6","44","0","0","0","6"
"경기도교육청","경기도화성오산교육지원청","경기도 화성시 효행구","S090005646","수영초등학교","02","공립","N","","1","0","0","1","0","1","0","1","0","0","0","0","2","5","0","7","9","9","0","18","0","2","0","2","0","0","0","0","0","0","0","0","0","0","0","0","0","1","0","1","0","1","0","1","0","0","0","0","0","0","0","0","12","19","0","31","0","0","0","0"
"경기도교육청","경기도화성오산교육지원청","경기도 화성시 동탄구","S090005647","예당초등학교","02","공립","N","","0","1","0","1","0","1","0","1","0","0","0","0","1","8","0","9","2","19","2","21","0","1","0","1","0","1","0","1","0","1","0","1","0","0","0","0","0","1","0","1","0","1","0","1","0","2","0","2","0","0","0","0","3","36","2","39","0","0","0","2"
"경기도교육청","경기도부천교육지원청","경기도 부천시 원미구","S090005648","중동초등학교","02","공립","N","","0","1","0","1","0","1","0","1","0","0","0","0","2","8","0","10","2","27","4","29","0","0","0","0","0","0","0","0","0","0","0","0","0","0","0","0","0","1","0","1","0","0","0","0","0","3","0","3","0","0","0","0","4","41","4","45","0","0","0","4"
"경기도교육청","경기도화성오산교육지원청","경기도 화성시 동탄구","S090005649","푸른초등학교","02","공립","N","","0","1","0","1","1","1","0","2","0","0","0","0","1","11","0","12","1","43","8","44","0","1","0","1","0","1","0","1","0","0","0","0","0","0","0","0","0","1","0","1","0","1","0","1","2","7","0","9","0","0","0","0","5","67","8","72","0","0","0","8"
"경기도교육청","경기도화성오산교육지원청","경기도 화성시 동탄구","S090005650","한마음초등학교","02","공립","N","","0","1","0","1","1","0","0","1","0","0","0","0","1","9","0","10","3","24","3","27","0","0","0","0","0","1","0","1","0","0","0","0","0","0","0","0","0","1","0","1","0","1","0","1","0","3","0","3","0","0","0","0","5","40","3","45","0","0","0","3"
"경기도교육청","경기도화성오산교육지원청","경기도 화성시 만세구","S090005651","한울초등학교","02","공립","N","","0","1","0","1","2","0","0","2","0","0","0","0","9","3","0","12","9","31","4","40","0","1","0","1","0","0","0","0","0","0","0","0","0","0","0","0","0","1","0","1","0","1","0","1","1","7","0","8","0","0","0","0","21","45","4","66","0","0","0","4"
"경기도교육청","경기도화성오산교육지원청","경기도 화성시 만세구","S090005652","행정초등학교","02","공립","N","","0","1","0","1","0","1","0","1","0","0","0","0","8","4","0","12","7","25","0","32","0","1","0","1","0","0","0","0","0","0","0","0","0","0","0","0","0","1","0","1","0","1","0","1","3","0","0","3","0","0","0","0","18","34","0","52","0","0","0","0"
"경기도교육청","경기도구리남양주교육지원청","경기도 남양주시","S090005678","가운초등학교","02","공립","N","","1","0","0","1","1","0","0","1","0","0","0","0","1","4","0","5","2","13","2","15","0","1","0","1","0","1","0","1","0","0","0","0","0","0","0","0","0","1","0","1","0","1","0","1","1","0","0","1","0","0","0","0","6","21","2","27","0","0","0","2"
"경기도교육청","경기도평택교육지원청","경기도 평택시","S090005680","송현초등학교","02","공립","N","","1","0","0","1","1","0","0","1","0","0","0","0","1","2","0","3","2","8","5","10","1","0","0","1","0","1","0","1","0","0","0","0","0","0","0","0","0","1","1","1","0","1","0","1","1","6","0","7","0","0","0","0","7","19","6","26","0","0","0","6"
"경기도교육청","경기도김포교육지원청","경기도 김포시","S090005682","신곡초등학교","02","공립","N","","1","0","0","1","0","1","0","1","0","0","0","0","9","2","0","11","13","15","3","28","0","1","0","1","0","0","0","0","0","0","0","0","0","0","0","0","0","1","0","1","0","1","0","1","0","2","0","2","0","0","0","0","23","23","3","46","0","0","0","3"
"경기도교육청","경기도광주하남교육지원청","경기도 하남시","S090005686","하남풍산초등학교","02","공립","N","","0","1","0","1","0","1","0","1","1","0","0","1","4","3","0","7","0","25","9","25","0","1","0","1","0","0","0","0","0","1","0","1","0","0","0","0","0","1","0","1","0","1","0","1","0","4","0","4","0","0","0","0","5","38","9","43","0","0","0","9"
"경기도교육청","경기도고양교육지원청","경기도 고양시 덕양구","S090005687","아람초등학교","02","공립","N","","1","0","0","1","0","1","0","1","0","0","0","0","1","4","0","5","0","11","4","11","0","0","0","0","0","0","0","0","0","0","0","0","0","0","0","0","0","1","0","1","0","1","0","1","0","4","0","4","0","0","0","0","2","22","4","24","0","0","0","4"
"경기도교육청","경기도안산교육지원청","경기도 안산시 단원구","S090005688","안산대월초등학교","02","공립","N","","0","1","0","1","0","1","0","1","0","0","0","0","4","3","0","7","4","15","2","19","0","1","0","1","0","0","0","0","0","0","0","0","0","0","0","0","0","0","0","0","0","0","0","0","0","4","0","4","0","0","0","0","8","25","2","33","0","0","0","2"
"경기도교육청","경기도안산교육지원청","경기도 안산시 단원구","S090005690","신길초등학교","02","공립","N","","1","0","0","1","0","1","0","1","0","0","0","0","6","3","0","9","6","13","3","19","1","0","1","1","0","1","0","1","0","0","0","0","0","0","0","0","0","0","0","0","0","0","0","0","3","2","0","5","0","0","0","0","17","20","4","37","0","0","0","4"
"경기도교육청","경기도성남교육지원청","경기도 성남시 분당구","S090005692","성남송현초등학교","02","공립","N","","1","0","0","1","1","0","0","1","0","0","0","0","0","12","0","12","1","39","10","40","0","1","0","1","0","0","0","0","0","0","0","0","0","0","0","0","0","1","0","1","0","1","0","1","1","6","0","7","0","0","0","0","4","60","10","64","0","0","0","10"
"경기도교육청","경기도수원교육지원청","경기도 수원시 팔달구","S090005693","매여울초등학교","02","공립","N","","1","0","0","1","0","1","0","1","0","0","0","0","1","6","0","7","2","18","4","20","0","0","0","0","0","1","0","1","0","0","0","0","0","0","0","0","0","1","0","1","0","0","0","0","0","1","0","1","0","0","0","0","4","28","4","32","0","0","0","4"
"경기도교육청","경기도성남교육지원청","경기도 성남시 분당구","S090005695","보평초등학교","02","공립","N","","0","1","0","1","0","1","0","1","0","0","0","0","2","10","0","12","4","26","4","30","0","2","0","2","0","1","1","1","0","0","0","0","0","0","0","0","0","1","0","1","0","0","0","0","1","6","0","7","0","0","0","0","7","48","5","55","0","0","0","5"
"경기도교육청","경기도성남교육지원청","경기도 성남시 분당구","S090005696","운중초등학교","02","공립","N","","0","1","0","1","0","1","0","1","0","0","0","0","1","6","0","7","1","18","3","19","0","1","0","1","0","0","0","0","0","0","0","0","0","0","0","0","0","1","0","1","0","0","0","0","0","3","0","3","0","0","0","0","2","31","3","33","0","0","0","3"
"경기도교육청","경기도성남교육지원청","경기도 성남시 분당구","S090005702","판교초등학교","02","공립","N","","1","0","0","1","0","1","0","1","0","0","0","0","0","6","0","6","4","37","7","41","0","0","0","0","0","1","0","1","0","0","0","0","0","0","0","0","0","1","0","1","0","0","0","0","1","4","0","5","0","0","0","0","6","50","7","56","0","0","0","7"
"경기도교육청","경기도성남교육지원청","경기도 성남시 분당구","S090005703","산운초등학교","02","공립","N","","0","1","0","1","1","0","0","1","0","0","0","0","2","7","0","9","2","17","4","19","0","1","0","1","0","1","1","1","0","0","0","0","0","0","0","0","0","1","0","1","0","1","0","1","1","4","0","5","0","0","0","0","6","33","5","39","0","0","0","5"
"경기도교육청","경기도구리남양주교육지원청","경기도 남양주시","S090005705","구룡초등학교","02","공립","N","","0","1","0","1","0","1","0","1","0","0","0","0","3","7","0","10","3","28","3","31","0","1","0","1","0","1","0","1","0","0","0","0","0","0","0","0","0","1","0","1","0","0","0","0","1","3","0","4","0","0","0","0","7","43","3","50","0","0","0","3"
"경기도교육청","경기도구리남양주교육지원청","경기도 구리시","S090005706","건원초등학교","02","공립","N","","0","1","0","1","1","0","0","1","0","0","0","0","0","3","0","3","2","14","6","16","0","1","1","1","0","0","0","0","0","0","0","0","0","0","0","0","0","1","0","1","0","0","0","0","1","5","0","6","0","0","0","0","4","25","7","29","0","0","0","7"
"경기도교육청","경기도구리남양주교육지원청","경기도 남양주시","S090005708","진접초등학교","02","공립","N","","1","0","0","1","0","1","0","1","0","0","0","0","4","7","0","11","9","17","5","26","0","2","0","2","0","0","0","0","0","0","0","0","0","0","0","0","0","1","0","1","0","1","0","1","0","4","0","4","0","0","0","0","14","33","5","47","0","0","0","5"
"경기도교육청","경기도구리남양주교육지원청","경기도 남양주시","S090005710","차산초등학교","02","공립","N","","0","1","0","1","1","0","0","1","0","0","0","0","3","4","0","7","1","14","0","15","0","1","0","1","0","0","0","0","0","0","0","0","0","0","0","0","0","1","0","1","0","0","0","0","0","0","0","0","0","0","0","0","5","21","0","26","0","0","0","0"
"경기도교육청","경기도광명교육지원청","경기도 광명시","S090005739","충현초등학교","02","공립","N","","0","1","0","1","1","0","0","1","0","0","0","0","1","5","0","6","2","27","9","29","0","1","0","1","0","1","0","1","0","1","0","1","0","0","0","0","0","1","0","1","0","1","0","1","2","2","0","4","0","0","0","0","6","40","9","46","0","0","0","9"
"경기도교육청","경기도광명교육지원청","경기도 광명시","S090005740","구름산초등학교","02","공립","N","","1","0","0","1","1","0","0","1","0","1","0","1","1","10","0","11","1","36","3","37","0","1","0","1","0","1","0","1","0","0","0","0","0","0","0","0","0","1","0","1","0","0","0","0","3","3","0","6","0","0","0","0","7","53","3","60","0","0","0","3"
"경기도교육청","경기도김포교육지원청","경기도 김포시","S090005742","걸포초등학교","02","공립","N","","1","0","0","1","1","0","0","1","0","0","0","0","2","6","0","8","2","16","3","18","0","2","0","2","0","0","0","0","0","0","0","0","0","0","0","0","0","1","0","1","0","1","0","1","1","2","0","3","0","0","0","0","7","28","3","35","0","0","0","3"
"경기도교육청","경기도광명교육지원청","경기도 광명시","S090005744","안현초등학교","02","공립","N","","0","1","0","1","0","1","0","1","0","0","0","0","1","11","0","12","3","39","10","42","0","1","0","1","0","1","0","1","0","0","0","0","0","0","0","0","0","1","0","1","0","1","0","1","3","6","0","9","0","0","0","0","7","62","10","69","0","0","0","10"
"경기도교육청","경기도화성오산교육지원청","경기도 오산시","S090005747","문시초등학교","02","공립","N","","1","0","0","1","0","1","0","1","0","0","0","0","2","7","0","9","1","24","5","25","0","1","0","1","0","0","0","0","0","0","0","0","0","0","0","0","0","1","0","1","0","0","0","0","2","2","0","4","0","0","0","0","6","36","5","42","0","0","0","5"
"경기도교육청","경기도용인교육지원청","경기도 용인시 기흥구","S090005748","공세초등학교","02","공립","N","","1","0","0","1","0","1","0","1","0","0","0","0","2","3","0","5","1","16","3","17","0","1","0","1","0","0","0","0","0","0","0","0","0","0","0","0","0","1","0","1","0","0","0","0","0","3","0","3","0","0","0","0","4","25","3","29","0","0","0","3"
"경기도교육청","경기도용인교육지원청","경기도 용인시 수지구","S090005750","용인한빛초등학교","02","공립","N","","0","1","0","1","0","1","0","1","0","0","0","0","2","7","0","9","1","31","8","32","0","1","0","1","0","1","0","1","0","0","0","0","0","0","0","0","0","1","0","1","0","0","0","0","2","5","0","7","0","0","0","0","5","48","8","53","0","0","0","8"
"경기도교육청","경기도용인교육지원청","경기도 용인시 처인구","S090005751","둔전제일초등학교","02","공립","N","","1","0","0","1","1","0","0","1","0","0","0","0","5","2","0","7","2","10","0","12","0","1","0","1","0","1","0","1","0","0","0","0","0","0","0","0","0","1","0","1","0","0","0","0","1","2","0","3","0","0","0","0","10","17","0","27","0","0","0","0"
"경기도교육청","경기도화성오산교육지원청","경기도 오산시","S090005763","양산초등학교","02","공립","N","","1","0","0","1","0","1","0","1","0","0","0","0","0","5","0","5","4","22","6","26","1","0","1","1","0","1","1","1","0","0","0","0","0","0","0","0","0","1","0","1","0","0","0","0","2","4","0","6","0","0","0","0","8","34","8","42","0","0","0","8"
"경기도교육청","경기도평택교육지원청","경기도 평택시","S090005765","용이초등학교","02","공립","N","","1","0","0","1","1","1","0","2","0","0","0","0","6","6","0","12","6","36","6","42","0","2","1","2","0","1","0","1","0","0","0","0","0","0","0","0","1","0","0","1","0","0","0","0","1","8","0","9","0","0","0","0","16","54","7","70","0","0","0","7"
"경기도교육청","경기도군포의왕교육지원청","경기도 의왕시","S090005771","내동초등학교","02","공립","N","","0","1","0","1","1","0","0","1","0","0","0","0","1","10","0","11","1","27","4","28","0","1","0","1","0","1","0","1","0","0","0","0","0","0","0","0","0","1","0","1","0","1","0","1","2","1","0","3","0","0","0","0","5","43","4","48","0","0","0","4"
"경기도교육청","경기도용인교육지원청","경기도 용인시 기흥구","S090005773","석현초등학교","02","공립","N","","1","0","0","1","0","1","0","1","0","0","0","0","2","6","0","8","0","15","4","15","0","2","0","2","0","1","0","1","0","0","0","0","0","0","0","0","0","1","0","1","0","0","0","0","1","2","0","3","0","0","0","0","4","28","4","32","0","0","0","4"
"경기도교육청","경기도용인교육지원청","경기도 용인시 기흥구","S090005774","흥덕초등학교","02","공립","N","","0","1","0","1","1","0","0","1","1","0","0","1","2","5","0","7","2","16","3","18","0","1","0","1","0","1","1","1","0","1","0","1","0","0","0","0","0","1","0","1","0","1","0","1","3","1","0","4","0","0","0","0","9","28","4","37","0","0","0","4"
"경기도교육청","경기도구리남양주교육지원청","경기도 남양주시","S090005780","남양주덕송초등학교","02","공립","N","","0","1","0","1","2","0","0","2","0","0","0","0","2","10","0","12","5","38","5","43","0","1","0","1","0","0","0","0","0","0","0","0","0","0","0","0","0","1","0","1","0","0","0","0","1","5","0","6","0","0","0","0","10","56","5","66","0","0","0","5"
"경기도교육청","경기도구리남양주교육지원청","경기도 남양주시","S090005784","별가람초등학교","02","공립","N","","0","1","0","1","0","1","0","1","0","0","0","0","1","8","0","9","2","25","8","27","0","2","0","2","0","0","0","0","0","0","0","0","0","0","0","0","0","1","0","1","0","1","0","1","0","5","0","5","0","0","0","0","3","44","8","47","0","0","0","8"
"경기도교육청","경기도동두천양주교육지원청","경기도 양주시","S090005805","만송초등학교","02","공립","N","","1","0","0","1","1","0","0","1","0","0","0","0","2","3","0","5","2","11","2","13","1","0","0","1","0","0","0","0","0","0","0","0","0","0","0","0","0","1","0","1","0","1","0","1","1","1","0","2","0","0","0","0","8","17","2","25","0","0","0","2"
"경기도교육청","경기도화성오산교육지원청","경기도 화성시 동탄구","S090005807","숲속초등학교","02","공립","N","","1","0","0","1","0","1","0","1","0","0","0","0","2","7","0","9","3","18","5","21","0","2","0","2","0","0","0","0","0","0","0","0","0","0","0","0","0","1","1","1","0","0","0","0","0","6","0","6","0","0","0","0","6","35","6","41","0","0","0","6"
"경기도교육청","경기도시흥교육지원청","경기도 시흥시","S090005809","승지초등학교","02","공립","N","","1","0","0","1","1","0","0","1","0","0","0","0","0","7","0","7","4","11","1","15","0","2","0","2","0","0","0","0","0","0","0","0","0","0","0","0","0","1","0","1","0","0","0","0","0","3","0","3","0","0","0","0","6","24","1","30","0","0","0","1"
"경기도교육청","경기도화성오산교육지원청","경기도 오산시","S090005816","세미초등학교","02","공립","N","","0","1","0","1","1","1","0","2","0","0","0","0","3","11","0","14","7","50","3","57","0","2","0","2","0","1","0","1","0","0","0","0","0","0","0","0","0","1","0","1","0","0","0","0","1","3","0","4","0","0","0","0","12","70","3","82","0","0","0","3"
"경기도교육청","경기도화성오산교육지원청","경기도 오산시","S090005818","필봉초등학교","02","공립","N","","0","1","0","1","1","0","0","1","0","0","0","0","2","7","0","9","1","24","3","25","1","0","0","1","0","0","0","0","0","0","0","0","0","0","0","0","0","1","0","1","0","1","0","1","0","3","0","3","0","0","0","0","5","37","3","42","0","0","0","3"
"경기도교육청","경기도수원교육지원청","경기도 수원시 권선구","S090005839","선행초등학교","02","공립","N","","0","1","0","1","0","1","0","1","0","0","0","0","1","6","0","7","6","17","4","23","0","1","0","1","1","0","0","1","0","0","0","0","0","0","0","0","0","1","1","1","0","0","0","0","1","2","0","3","0","0","0","0","9","29","5","38","0","0","0","5"
"경기도교육청","경기도군포의왕교육지원청","경기도 군포시","S090005846","군포신기초등학교","02","공립","N","","1","0","0","1","1","0","0","1","0","1","0","1","1","6","0","7","5","17","3","22","0","1","0","1","0","1","0","1","0","0","0","0","0","0","0","0","0","1","0","1","0","0","0","0","2","5","0","7","0","0","0","0","10","32","3","42","0","0","0","3"
"경기도교육청","경기도광주하남교육지원청","경기도 광주시","S090005847","벌원초등학교","02","공립","N","","0","1","0","1","1","0","0","1","0","1","0","1","2","5","0","7","2","16","4","18","0","1","0","1","0","0","0","0","0","0","0","0","0","0","0","0","0","1","0","1","0","0","0","0","2","3","0","5","0","0","0","0","7","28","4","35","0","0","0","4"
"경기도교육청","경기도광명교육지원청","경기도 광명시","S090005848","빛가온초등학교","02","공립","N","","0","1","0","1","1","1","0","2","1","0","0","1","1","11","0","12","2","60","13","62","0","2","1","2","0","0","0","0","0","0","0","0","0","0","0","0","0","1","0","1","0","1","0","1","2","11","0","13","0","0","0","0","7","88","14","95","0","0","0","14"
"경기도교육청","경기도안양과천교육지원청","경기도 안양시 동안구","S090005852","해오름초등학교","02","공립","N","","1","0","0","1","0","1","0","1","0","1","0","1","0","5","0","5","1","11","0","12","0","2","0","2","0","0","0","0","0","0","0","0","0","0","0","0","0","1","0","1","0","1","0","1","0","4","0","4","0","0","0","0","2","26","0","28","0","0","0","0"
"경기도교육청","경기도김포교육지원청","경기도 김포시","S090005853","솔터초등학교","02","공립","N","","1","0","0","1","2","0","0","2","0","0","0","0","4","8","0","12","4","37","3","41","0","2","0","2","0","1","0","1","0","0","0","0","0","0","0","0","0","1","0","1","0","0","0","0","0","5","0","5","0","0","0","0","11","54","3","65","0","0","0","3"
"경기도교육청","경기도파주교육지원청","경기도 파주시","S090005854","자유초등학교","02","공립","N","","1","0","0","1","0","1","0","1","1","0","0","1","4","8","0","12","11","28","4","39","0","1","0","1","0","1","0","1","0","0","0","0","0","0","0","0","0","1","0","1","0","1","0","1","1","4","0","5","0","0","0","0","18","45","4","63","0","0","0","4"
"경기도교육청","경기도고양교육지원청","경기도 고양시 일산서구","S090005855","한산초등학교","02","공립","N","","1","0","0","1","0","1","0","1","0","0","0","0","2","9","0","11","2","24","1","26","0","0","0","0","0","1","0","1","0","0","0","0","0","0","0","0","0","1","0","1","0","1","0","1","1","3","0","4","0","0","0","0","6","40","1","46","0","0","0","1"
"경기도교육청","경기도고양교육지원청","경기도 고양시 일산서구","S090005856","백송초등학교","02","공립","N","","1","0","0","1","0","1","0","1","0","0","0","0","2","8","0","10","5","24","5","29","0","1","0","1","0","0","0","0","0","0","0","0","0","0","0","0","0","1","0","1","0","1","0","1","2","3","0","5","0","0","0","0","10","39","5","49","0","0","0","5"
"경기도교육청","경기도안성교육지원청","경기도 안성시","S090005860","만정초등학교","02","공립","N","","1","0","0","1","1","0","0","1","0","0","0","0","6","7","0","13","4","24","2","28","1","1","0","2","1","0","0","1","0","0","0","0","0","0","0","0","0","1","0","1","0","1","0","1","1","0","0","1","0","1","0","1","15","35","2","50","0","1","1","2"
"경기도교육청","경기도용인교육지원청","경기도 용인시 수지구","S090005862","새빛초등학교","02","공립","N","","0","1","0","1","0","1","0","1","0","0","0","0","4","9","0","13","3","30","2","33","0","1","0","1","0","1","0","1","0","0","0","0","0","0","0","0","0","1","0","1","0","0","0","0","2","3","0","5","0","0","0","0","9","47","2","56","0","0","0","2"
"경기도교육청","경기도용인교육지원청","경기도 용인시 기흥구","S090005864","서농초등학교","02","공립","N","","0","1","0","1","1","1","0","2","0","0","0","0","3","8","0","11","5","41","6","46","0","1","0","1","0","0","0","0","0","1","0","1","0","0","0","0","0","1","0","1","0","1","1","1","1","9","0","10","0","0","0","0","10","64","7","74","0","0","0","7"
"경기도교육청","경기도파주교육지원청","경기도 파주시","S090005867","가온초등학교","02","공립","N","","1","0","0","1","1","0","0","1","0","0","0","0","4","8","0","12","6","33","5","39","0","2","1","2","0","1","1","1","0","0","0","0","0","0","0","0","0","1","0","1","0","1","0","1","1","5","0","6","0","0","0","0","13","51","7","64","0","0","0","7"
"경기도교육청","경기도김포교육지원청","경기도 김포시","S090005869","김포한가람초등학교","02","공립","N","","1","0","0","1","1","0","0","1","0","0","0","0","5","5","0","10","3","22","4","25","0","1","0","1","0","0","0","0","0","0","0","0","0","0","0","0","0","1","0","1","0","1","0","1","0","4","0","4","0","0","0","0","10","34","4","44","0","0","0","4"
"경기도교육청","경기도김포교육지원청","경기도 김포시","S090005873","보름초등학교","02","공립","N","","1","0","0","1","1","1","0","2","0","1","0","1","4","8","0","12","14","57","3","71","0","1","1","1","0","1","1","1","0","0","0","0","0","0","0","0","0","1","0","1","0","1","0","1","4","3","0","7","0","0","0","0","24","74","5","98","0","0","0","5"
"경기도교육청","경기도화성오산교육지원청","경기도 화성시 동탄구","S090005874","예원초등학교","02","공립","N","","1","0","0","1","0","1","0","1","0","1","0","1","1","4","0","5","2","11","3","13","1","1","0","2","0","0","0","0","0","0","0","0","0","0","0","0","0","1","0","1","0","0","0","0","1","3","0","4","0","0","0","0","6","22","3","28","0","0","0","3"
"경기도교육청","경기도수원교육지원청","경기도 수원시 영통구","S090005879","광교초등학교","02","공립","N","","1","0","0","1","2","0","0","2","0","0","0","0","2","8","0","10","1","48","9","49","0","1","0","1","0","0","0","0","0","0","0","0","0","0","0","0","0","1","0","1","0","0","0","0","2","7","0","9","0","0","0","0","8","65","9","73","0","0","0","9"
"경기도교육청","경기도수원교육지원청","경기도 수원시 영통구","S090005882","이의초등학교","02","공립","N","","0","1","0","1","0","1","0","1","0","0","0","0","3","7","0","10","5","26","3","31","0","2","0","2","0","0","0","0","0","0","0","0","0","0","0","0","0","1","0","1","0","1","0","1","0","2","0","2","0","0","0","0","8","41","3","49","0","0","0","3"
"경기도교육청","경기도김포교육지원청","경기도 김포시","S090005883","가현초등학교","02","공립","N","","0","1","0","1","1","1","0","2","0","0","0","0","6","7","0","13","1","46","9","47","0","2","0","2","0","1","0","1","0","0","0","0","0","0","0","0","0","1","0","1","0","1","0","1","3","7","0","10","0","0","0","0","11","67","9","78","0","0","0","9"
"경기도교육청","경기도김포교육지원청","경기도 김포시","S090005885","푸른솔초등학교","02","공립","N","","1","0","0","1","1","1","0","2","0","0","0","0","2","10","0","12","13","32","8","45","0","1","0","1","0","0","0","0","0","0","0","0","0","0","0","0","0","1","0","1","0","0","0","0","2","3","0","5","0","0","0","0","19","48","8","67","0","0","0","8"
"경기도교육청","경기도평택교육지원청","경기도 평택시","S090005888","청옥초등학교","02","공립","N","","1","0","0","1","1","1","0","2","0","0","0","0","9","3","0","12","6","41","0","47","1","1","0","2","0","1","1","1","0","0","0","0","0","0","0","0","0","1","0","1","0","0","0","0","3","6","0","9","0","1","0","1","21","55","1","76","0","1","1","1"
"경기도교육청","경기도수원교육지원청","경기도 수원시 권선구","S090005894","수원중촌초등학교","02","공립","N","","1","0","0","1","1","0","0","1","0","0","0","0","4","5","0","9","1","32","7","33","0","1","0","1","0","0","0","0","0","0","0","0","0","0","0","0","0","1","0","1","0","0","0","0","1","3","0","4","0","0","0","0","8","42","7","50","0","0","0","7"
"경기도교육청","경기도수원교육지원청","경기도 수원시 권선구","S090005896","수원금호초등학교","02","공립","N","","1","0","0","1","1","1","0","2","0","0","0","0","5","7","0","12","8","58","7","66","0","1","0","1","0","1","0","1","0","1","0","1","0","0","0","0","0","1","0","1","0","1","0","1","0","6","0","6","0","0","0","0","15","77","7","92","0","0","0","7"
"경기도교육청","경기도수원교육지원청","경기도 수원시 권선구","S090005897","능실초등학교","02","공립","N","","0","1","0","1","2","0","0","2","0","0","0","0","3","9","0","12","9","44","7","53","0","3","0","3","0","1","0","1","0","0","0","0","0","0","0","0","0","1","0","1","0","0","0","0","2","2","0","4","0","0","0","0","16","61","7","77","0","0","0","7"
"경기도교육청","경기도군포의왕교육지원청","경기도 의왕시","S090005912","포일초등학교","02","공립","N","","0","1","0","1","1","0","0","1","0","0","0","0","0","7","0","7","2","17","3","19","0","2","0","2","0","0","0","0","0","0","0","0","0","0","0","0","0","1","0","1","0","0","0","0","0","2","0","2","0","0","0","0","3","30","3","33","0","0","0","3"
"경기도교육청","경기도성남교육지원청","경기도 성남시 중원구","S090005914","성남여수초등학교","02","공립","N","","0","1","0","1","1","0","0","1","0","0","0","0","1","7","0","8","1","25","1","26","0","1","0","1","0","0","0","0","0","0","0","0","0","0","0","0","0","1","0","1","0","1","0","1","0","3","0","3","0","0","0","0","3","39","1","42","0","0","0","1"
"경기도교육청","경기도구리남양주교육지원청","경기도 남양주시","S090005988","부평초등학교","02","공립","N","","1","0","0","1","1","0","0","1","0","0","0","0","6","6","0","12","4","29","4","33","0","1","0","1","0","0","0","0","0","0","0","0","0","0","0","0","0","1","0","1","0","0","0","0","2","2","0","4","0","0","0","0","14","39","4","53","0","0","0","4"
"경기도교육청","경기도김포교육지원청","경기도 김포시","S090006026","김포금빛초등학교","02","공립","N","","0","1","0","1","0","2","0","2","0","0","0","0","6","6","0","12","12","50","9","62","0","1","0","1","0","1","0","1","0","0","0","0","0","0","0","0","0","1","0","1","0","1","0","1","1","7","0","8","0","0","0","0","19","70","9","89","0","0","0","9"
"경기도교육청","경기도용인교육지원청","경기도 용인시 처인구","S090006028","고진초등학교","02","공립","N","","0","1","0","1","2","0","0","2","0","1","0","1","4","8","0","12","8","38","4","46","0","1","1","1","0","0","0","0","0","0","0","0","0","0","0","0","0","1","0","1","0","1","0","1","2","7","0","9","0","0","0","0","16","58","5","74","0","0","0","5"
"경기도교육청","경기도김포교육지원청","경기도 김포시","S090006030","은여울초등학교","02","공립","N","","1","0","0","1","1","1","0","2","0","0","0","0","7","5","0","12","8","64","2","72","0","1","0","1","0","1","0","1","0","0","0","0","0","0","0","0","0","1","0","1","0","1","0","1","2","3","0","5","0","0","0","0","19","77","2","96","0","0","0","2"
"경기도교육청","경기도김포교육지원청","경기도 김포시","S090006033","나비초등학교","02","공립","N","","1","0","0","1","1","0","0","1","0","0","0","0","6","6","0","12","5","31","2","36","0","1","0","1","0","1","0","1","0","0","0","0","0","0","0","0","0","1","1","1","0","1","0","1","0","4","0","4","0","0","0","0","13","45","3","58","0","0","0","3"
"경기도교육청","경기도용인교육지원청","경기도 용인시 처인구","S090006039","함박초등학교","02","공립","N","","1","0","0","1","1","1","0","2","0","0","0","0","3","8","0","11","9","40","2","49","0","2","0","2","0","1","0","1","0","0","0","0","0","0","0","0","0","1","0","1","0","1","0","1","0","3","0","3","0","0","0","0","14","57","2","71","0","0","0","2"
"경기도교육청","경기도김포교육지원청","경기도 김포시","S090006040","운유초등학교","02","공립","N","","1","0","0","1","2","0","0","2","0","0","0","0","8","4","0","12","13","36","9","49","0","2","0","2","0","1","0","1","0","0","0","0","0","0","0","0","0","1","1","1","0","0","0","0","2","6","0","8","0","0","0","0","26","50","10","76","0","0","0","10"
"경기도교육청","경기도용인교육지원청","경기도 용인시 기흥구","S090006042","중일초등학교","02","공립","N","","1","0","0","1","1","0","0","1","0","0","0","0","5","7","0","12","7","27","6","34","0","1","1","1","0","1","0","1","0","0","0","0","0","0","0","0","0","1","0","1","0","1","0","1","0","8","0","8","0","0","0","0","14","46","7","60","0","0","0","7"
"경기도교육청","경기도김포교육지원청","경기도 김포시","S090006046","청수초등학교","02","공립","N","","1","0","0","1","1","1","0","2","0","0","0","0","7","8","0","15","7","62","9","69","0","1","0","1","0","1","0","1","0","1","0","1","0","0","0","0","0","1","1","1","0","1","1","1","2","5","0","7","0","0","0","0","18","81","11","99","0","0","0","11"
"경기도교육청","경기도동두천양주교육지원청","경기도 양주시","S090006053","율빛초등학교","02","공립","N","","1","0","0","1","2","0","0","2","0","0","0","0","9","3","0","12","7","34","1","41","1","0","0","1","0","1","0","1","0","0","0","0","0","0","0","0","0","1","0","1","0","1","0","1","1","4","0","5","0","0","0","0","21","44","1","65","0","0","0","1"
"경기도교육청","경기도동두천양주교육지원청","경기도 양주시","S090006055","회암초등학교","02","공립","N","","1","0","0","1","0","1","0","1","0","1","0","1","0","8","0","8","7","18","1","25","0","1","0","1","0","0","0","0","0","0","0","0","0","0","0","0","0","1","0","1","0","1","0","1","0","4","0","4","0","0","0","0","8","35","1","43","0","0","0","1"
"경기도교육청","경기도동두천양주교육지원청","경기도 양주시","S090006058","율정초등학교","02","공립","N","","1","0","0","1","0","1","0","1","0","0","0","0","3","3","0","6","7","7","1","14","0","1","0","1","0","1","0","1","0","1","0","1","0","0","0","0","0","1","0","1","0","1","0","1","2","0","0","2","0","0","0","0","13","16","1","29","0","0","0","1"
"경기도교육청","경기도동두천양주교육지원청","경기도 양주시","S090006061","옥정초등학교","02","공립","N","","1","0","0","1","2","0","0","2","0","0","0","0","6","6","0","12","6","41","6","47","1","1","1","2","0","1","0","1","0","1","0","1","0","0","0","0","0","1","0","1","0","1","0","1","3","2","0","5","0","0","0","0","19","54","7","73","0","0","0","7"
"경기도교육청","경기도동두천양주교육지원청","경기도 양주시","S090006062","연푸른초등학교","02","공립","N","","1","0","0","1","0","2","0","2","0","0","0","0","5","6","0","11","8","32","4","40","0","1","0","1","0","1","0","1","0","0","0","0","0","0","0","0","0","1","0","1","0","1","0","1","2","8","0","10","0","0","0","0","16","52","4","68","0","0","0","4"
"경기도교육청","경기도동두천양주교육지원청","경기도 양주시","S090006063","옥빛초등학교","02","공립","N","","0","1","0","1","1","1","0","2","0","0","0","0","4","9","0","13","9","54","3","63","0","2","0","2","0","1","0","1","0","1","0","1","0","0","0","0","0","1","0","1","0","1","0","1","0","4","0","4","0","0","0","0","14","75","3","89","0","0","0","3"
"경기도교육청","경기도동두천양주교육지원청","경기도 양주시","S090006065","옥정호수초등학교","02","공립","N","","1","0","0","1","1","0","0","1","0","0","0","0","5","8","0","13","4","30","3","34","0","1","0","1","0","0","0","0","0","0","0","0","0","0","0","0","0","1","0","1","0","1","0","1","1","4","0","5","0","0","0","0","12","45","3","57","0","0","0","3"
"경기도교육청","경기도광주하남교육지원청","경기도 광주시","S090006082","고산하늘초등학교","02","공립","N","","1","0","0","1","1","1","0","2","0","0","0","0","2","10","0","12","4","43","3","47","0","1","0","1","0","0","0","0","0","0","0","0","0","0","0","0","0","1","0","1","0","1","0","1","3","3","0","6","0","0","0","0","11","60","3","71","0","0","0","3"
"경기도교육청","경기도광주하남교육지원청","경기도 광주시","S090006083","고산별빛초등학교","02","공립","N","","1","0","0","1","0","1","0","1","0","1","0","1","1","8","0","9","6","13","2","19","0","1","0","1","0","0","0","0","0","0","0","0","0","0","0","0","0","1","0","1","0","1","0","1","1","4","0","5","0","0","0","0","9","30","2","39","0","0","0","2"
"경기도교육청","경기도고양교육지원청","경기도 고양시 덕양구","S090006096","고양오금초등학교","02","공립","N","","0","1","0","1","0","1","0","1","0","0","0","0","3","8","0","11","3","31","4","34","0","1","0","1","0","1","0","1","0","0","0","0","0","0","0","0","0","1","0","1","0","1","0","1","0","4","0","4","0","0","0","0","6","49","4","55","0","0","0","4"
"경기도교육청","경기도광주하남교육지원청","경기도 광주시","S090006100","신현초등학교","02","공립","N","","0","1","0","1","1","0","0","1","0","0","0","0","2","10","0","12","2","32","4","34","0","2","0","2","0","0","0","0","0","0","0","0","0","0","0","0","0","1","0","1","0","1","0","1","2","2","0","4","0","0","0","0","7","49","4","56","0","0","0","4"
"경기도교육청","경기도성남교육지원청","경기도 성남시 수정구","S090006104","위례한빛초등학교","02","공립","N","","0","1","0","1","1","0","0","1","0","0","0","0","1","17","0","18","2","33","5","35","0","2","0","2","0","1","1","1","0","1","0","1","0","0","0","0","0","1","0","1","0","1","0","1","1","6","0","7","0","0","0","0","5","63","6","68","0","0","0","6"
"경기도교육청","경기도성남교육지원청","경기도 성남시 수정구","S090006107","위례푸른초등학교","02","공립","N","","0","1","0","1","0","1","0","1","0","0","0","0","0","12","0","12","2","37","5","39","0","1","0","1","1","0","0","1","0","0","0","0","0","0","0","0","0","1","0","1","0","1","0","1","1","6","0","7","0","0","0","0","4","60","5","64","0","0","0","5"
"경기도교육청","경기도성남교육지원청","경기도 성남시 수정구","S090006108","위례고운초등학교","02","공립","N","","1","0","0","1","0","1","0","1","0","0","0","0","3","6","0","9","4","21","6","25","0","1","0","1","0","0","0","0","0","1","0","1","0","0","0","0","0","1","0","1","0","1","0","1","1","2","0","3","0","0","0","0","9","34","6","43","0","0","0","6"
"경기도교육청","경기도성남교육지원청","경기도 성남시 수정구","S090006109","위례중앙초등학교","02","공립","N","","1","0","0","1","0","1","0","1","0","0","0","0","4","5","0","9","1","18","4","19","0","2","0","2","0","0","0","0","0","0","0","0","0","0","0","0","0","1","0","1","0","1","0","1","0","2","0","2","0","0","0","0","6","30","4","36","0","0","0","4"
"경기도교육청","경기도광주하남교육지원청","경기도 광주시","S090006112","한아람초등학교","02","공립","N","","0","1","0","1","2","0","0","2","0","0","0","0","4","8","0","12","9","44","7","53","0","1","0","1","0","1","0","1","0","0","0","0","0","0","0","0","0","1","0","1","0","1","1","1","0","8","0","8","0","0","0","0","15","65","8","80","0","0","0","8"
"경기도교육청","경기도광주하남교육지원청","경기도 광주시","S090006113","태성초등학교","02","공립","N","","1","0","0","1","2","0","0","2","0","0","0","0","4","7","0","11","8","41","7","49","0","1","0","1","0","1","0","1","0","0","0","0","0","0","0","0","0","1","1","1","0","1","0","1","4","7","0","11","0","0","0","0","19","59","8","78","0","0","0","8"
"경기도교육청","경기도시흥교육지원청","경기도 시흥시","S090006122","배곧초등학교","02","공립","N","","1","0","0","1","1","1","0","2","0","0","0","0","5","7","0","12","13","49","9","62","0","1","0","1","0","1","0","1","0","0","0","0","0","0","0","0","0","1","0","1","0","1","0","1","4","3","0","7","0","0","0","0","24","64","9","88","0","0","0","9"
"경기도교육청","경기도시흥교육지원청","경기도 시흥시","S090006123","배곧라온초등학교","02","공립","N","","1","0","0","1","1","1","0","2","0","0","0","0","10","4","0","14","19","36","6","55","0","2","1","2","0","1","0","1","0","0","0","0","0","0","0","0","0","1","1","1","0","1","0","1","6","7","0","13","0","0","0","0","37","53","8","90","0","0","0","8"
"경기도교육청","경기도시흥교육지원청","경기도 시흥시","S090006131","산현초등학교","02","공립","N","","1","0","0","1","1","0","0","1","0","0","0","0","4","7","0","11","7","31","5","38","0","1","1","1","0","1","0","1","0","0","0","0","0","0","0","0","0","1","0","1","0","1","0","1","1","6","0","7","0","0","0","0","14","48","6","62","0","0","0","6"
"경기도교육청","경기도시흥교육지원청","경기도 시흥시","S090006132","운흥초등학교","02","공립","N","","1","0","0","1","0","2","0","2","0","0","0","0","5","7","0","12","12","36","7","48","0","2","0","2","0","0","0","0","0","0","0","0","0","0","0","0","0","1","0","1","0","1","0","1","3","6","0","9","0","0","0","0","21","55","7","76","0","0","0","7"
"경기도교육청","경기도시흥교육지원청","경기도 시흥시","S090006133","조남초등학교","02","공립","N","","0","1","0","1","0","1","0","1","0","0","0","0","3","6","0","9","4","20","3","24","0","1","0","1","0","0","0","0","0","0","0","0","0","0","0","0","0","1","0","1","0","1","0","1","3","1","0","4","0","0","0","0","10","32","3","42","0","0","0","3"
"경기도교육청","경기도시흥교육지원청","경기도 시흥시","S090006152","생금초등학교","02","공립","N","","1","0","0","1","1","0","0","1","0","0","0","0","4","1","0","5","4","12","2","16","0","0","0","0","0","0","0","0","0","0","0","0","0","0","0","0","0","1","0","1","0","1","0","1","0","4","0","4","0","0","0","0","10","19","2","29","0","0","0","2"
"경기도교육청","경기도화성오산교육지원청","경기도 화성시 만세구","S090006153","화원초등학교","02","공립","N","","1","0","0","1","1","0","0","1","0","0","0","0","9","3","0","12","16","25","6","41","0","1","0","1","0","1","0","1","0","0","0","0","0","0","0","0","0","1","0","1","0","1","0","1","1","5","0","6","0","0","0","0","28","37","6","65","0","0","0","6"
"경기도교육청","경기도화성오산교육지원청","경기도 화성시 만세구","S090006154","하길초등학교","02","공립","N","","0","1","0","1","1","1","0","2","0","1","0","1","5","10","0","15","14","42","12","56","0","1","0","1","0","1","1","1","0","0","0","0","0","0","0","0","0","1","0","1","0","1","0","1","4","7","0","11","0","0","0","0","24","66","13","90","0","0","0","13"
"경기도교육청","경기도수원교육지원청","경기도 수원시 권선구","S090006157","곡정초등학교","02","공립","N","","0","1","0","1","1","1","0","2","0","0","0","0","4","8","0","12","5","47","6","52","0","2","0","2","0","1","0","1","0","0","0","0","0","0","0","0","0","1","0","1","0","0","0","0","2","4","0","6","0","0","0","0","12","65","6","77","0","0","0","6"
"경기도교육청","경기도파주교육지원청","경기도 파주시","S090006164","산내초등학교","02","공립","N","","0","1","0","1","2","0","0","2","0","0","0","0","5","6","0","11","14","68","2","82","0","1","0","1","0","1","0","1","0","0","0","0","0","0","0","0","0","1","0","1","0","1","0","1","1","5","0","6","0","0","0","0","22","84","2","106","0","0","0","2"
"경기도교육청","경기도화성오산교육지원청","경기도 오산시","S090006418","금암초등학교","02","공립","N","","0","1","0","1","1","0","0","1","0","0","0","0","0","7","0","7","2","13","3","15","0","1","0","1","0","0","0","0","0","0","0","0","0","0","0","0","0","0","0","0","0","0","0","0","2","3","0","5","0","0","0","0","5","25","3","30","0","0","0","3"
"경기도교육청","경기도동두천양주교육지원청","경기도 양주시","S090006419","광사초등학교","02","공립","N","","0","1","0","1","1","0","0","1","0","0","0","0","2","7","0","9","4","16","2","20","0","1","0","1","0","1","0","1","0","0","0","0","0","0","0","0","0","1","0","1","0","1","0","1","0","4","0","4","0","0","0","0","7","32","2","39","0","0","0","2"
"경기도교육청","경기도광주하남교육지원청","경기도 하남시","S090006421","나룰초등학교","02","공립","N","","0","1","0","1","1","0","0","1","0","0","0","0","4","4","0","8","0","18","3","18","0","1","0","1","0","0","0","0","0","0","0","0","0","0","0","0","0","1","0","1","0","0","0","0","0","1","0","1","0","0","0","0","5","26","3","31","0","0","0","3"
"경기도교육청","경기도김포교육지원청","경기도 김포시","S090006425","마송중앙초등학교","02","공립","N","","0","1","0","1","1","0","0","1","0","0","0","0","3","6","0","9","3","16","3","19","0","1","0","1","0","0","0","0","0","0","0","0","0","0","0","0","0","1","0","1","0","0","0","0","1","3","0","4","0","1","0","1","8","29","3","37","0","0","0","3"
"경기도교육청","경기도군포의왕교육지원청","경기도 군포시","S090006431","부곡중앙초등학교","02","공립","N","","1","0","0","1","1","0","0","1","0","1","0","1","5","5","0","10","0","26","3","26","0","2","0","2","0","1","0","1","0","0","0","0","0","0","0","0","0","1","0","1","0","0","0","0","0","3","0","3","0","0","0","0","7","39","3","46","0","0","0","3"
"경기도교육청","경기도고양교육지원청","경기도 고양시 덕양구","S090006432","서정초등학교","02","공립","N","","1","0","0","1","0","1","0","1","0","0","0","0","2","3","0","5","2","6","3","8","0","1","0","1","0","1","0","1","0","0","0","0","0","0","0","0","0","1","0","1","0","0","0","0","0","3","0","3","0","0","0","0","5","16","3","21","0","0","0","3"
"경기도교육청","경기도성남교육지원청","경기도 성남시 분당구","S090006433","성남화랑초등학교","02","공립","N","","0","1","0","1","0","1","0","1","0","0","0","0","2","7","0","9","3","17","5","20","0","2","0","2","0","0","0","0","0","1","0","1","0","0","0","0","0","1","0","1","0","0","0","0","1","2","0","3","0","0","0","0","6","32","5","38","0","0","0","5"
"경기도교육청","경기도용인교육지원청","경기도 용인시 수지구","S090006434","성서초등학교","02","공립","N","","0","1","0","1","0","1","0","1","0","0","0","0","1","9","0","10","1","29","6","30","0","1","1","1","0","0","0","0","0","0","0","0","0","0","0","0","0","1","0","1","0","0","0","0","2","6","0","8","0","0","0","0","4","48","7","52","0","0","0","7"
"경기도교육청","경기도성남교육지원청","경기도 성남시 분당구","S090006439","신백현초등학교","02","공립","N","","1","0","0","1","0","1","0","1","0","0","0","0","3","6","0","9","0","21","5","21","0","2","1","2","0","0","0","0","0","0","0","0","0","0","0","0","0","1","0","1","0","1","0","1","1","3","0","4","0","0","0","0","5","35","6","40","0","0","0","6"
"경기도교육청","경기도김포교육지원청","경기도 김포시","S090006440","신양초등학교","02","공립","N","","1","0","0","1","0","1","0","1","0","0","0","0","5","5","0","10","17","10","5","27","2","0","0","2","0","0","0","0","0","0","0","0","0","0","0","0","0","1","0","1","0","0","0","0","1","4","0","5","0","0","0","0","26","21","5","47","0","0","0","5"
"경기도교육청","경기도고양교육지원청","경기도 고양시 일산동구","S090006443","양일초등학교","02","공립","N","","1","0","0","1","0","2","0","2","0","0","0","0","2","10","0","12","3","37","4","40","0","1","0","1","0","0","0","0","0","0","0","0","0","0","0","0","0","1","0","1","0","0","0","0","1","8","0","9","0","0","0","0","7","59","4","66","0","0","0","4"
"경기도교육청","경기도용인교육지원청","경기도 용인시 수지구","S090006445","용인신봉초등학교","02","공립","N","","0","1","0","1","0","1","0","1","0","0","0","0","3","8","0","11","1","37","5","38","0","1","0","1","0","1","0","1","0","1","0","1","0","0","0","0","0","1","0","1","0","0","0","0","2","4","0","6","0","0","0","0","6","55","5","61","0","0","0","5"
"경기도교육청","경기도파주교육지원청","경기도 파주시","S090006446","운광초등학교","02","공립","N","","0","1","0","1","1","0","0","1","0","0","0","0","5","6","0","11","5","26","6","31","0","1","0","1","0","1","0","1","0","0","0","0","0","0","0","0","0","1","0","1","0","1","0","1","1","3","0","4","0","0","0","0","12","40","6","52","0","0","0","6"
"경기도교육청","경기도이천교육지원청","경기도 이천시","S090006449","이천사동초등학교","02","공립","N","","1","0","0","1","1","0","0","1","0","0","0","0","6","3","0","9","5","19","5","24","0","1","0","1","0","1","0","1","0","1","0","1","0","0","0","0","0","1","0","1","0","0","0","0","1","3","0","4","0","0","0","0","14","29","5","43","0","0","0","5"
"경기도교육청","경기도구리남양주교육지원청","경기도 남양주시","S090006452","주곡초등학교","02","공립","N","","0","1","0","1","0","1","0","1","0","0","0","0","4","5","0","9","2","22","3","24","0","1","0","1","0","0","0","0","0","0","0","0","0","0","0","0","0","1","0","1","0","0","0","0","1","7","0","8","0","0","0","0","7","38","3","45","0","0","0","3"
"경기도교육청","경기도파주교육지원청","경기도 파주시","S090006454","한가람초등학교","02","공립","N","","1","0","0","1","0","1","0","1","0","0","0","0","4","8","0","12","7","30","5","37","0","2","0","2","0","1","0","1","0","0","0","0","0","0","0","0","0","1","0","1","0","1","0","1","2","4","0","6","0","1","0","1","14","49","5","63","0","0","0","5"
"경기도교육청","경기도파주교육지원청","경기도 파주시","S090006455","한빛초등학교","02","공립","N","","1","0","0","1","2","0","0","2","0","0","0","0","6","10","0","16","5","31","9","36","0","1","0","1","0","1","0","1","0","0","0","0","0","0","0","0","0","1","0","1","0","1","0","1","3","7","0","10","0","0","0","0","17","52","9","69","0","0","0","9"
"경기도교육청","경기도군포의왕교육지원청","경기도 군포시","S090006456","한얼초등학교","02","공립","N","","1","0","0","1","0","1","0","1","0","0","0","0","2","4","0","6","2","7","2","9","0","1","1","1","0","0","0","0","0","0","0","0","0","0","0","0","0","1","0","1","0","1","0","1","1","1","0","2","0","0","0","0","6","16","3","22","0","0","0","3"
"경기도교육청","경기도파주교육지원청","경기도 파주시","S090006458","해솔초등학교","02","공립","N","","0","1","0","1","1","0","0","1","0","0","0","0","2","8","0","10","5","26","6","31","0","0","0","0","0","1","0","1","0","0","0","0","0","0","0","0","0","1","0","1","0","0","0","0","1","5","0","6","0","0","0","0","9","42","6","51","0","0","0","6"
"경기도교육청","경기도구리남양주교육지원청","경기도 남양주시","S090006459","화도초등학교","02","공립","N","","1","0","0","1","0","1","0","1","0","0","0","0","4","6","0","10","8","21","2","29","0","2","1","2","0","1","0","1","0","0","0","0","0","0","0","0","0","0","0","0","0","1","0","1","1","3","0","4","0","0","0","0","14","35","3","49","0","0","0","3"
"경기도교육청","경기도구리남양주교육지원청","경기도 남양주시","S090006460","화봉초등학교","02","공립","N","","1","0","0","1","1","0","0","1","0","0","0","0","7","3","0","10","11","14","2","25","1","0","0","1","0","1","0","1","0","0","0","0","0","0","0","0","0","1","0","1","0","0","0","0","2","2","0","4","0","0","0","0","23","21","2","44","0","0","0","2"
"경기도교육청","경기도화성오산교육지원청","","S090006650","서경초등학교","02","공립","N","","0","1","0","1","0","1","0","1","0","0","0","0","1","9","0","10","3","24","2","27","0","0","0","0","0","0","0","0","0","1","0","1","0","0","0","0","0","1","0","1","0","1","1","1","0","6","0","6","0","0","0","0","4","44","3","48","0","0","0","3"
"경기도교육청","경기도화성오산교육지원청","","S090006651","화성반월초등학교","02","공립","N","","1","0","0","1","2","0","0","2","0","0","0","0","1","11","0","12","2","52","3","54","0","1","0","1","0","1","0","1","0","0","0","0","0","0","0","0","0","1","0","1","0","1","0","1","2","4","0","6","0","0","0","0","8","71","3","79","0","0","0","3"
"경기도교육청","경기도용인교육지원청","경기도 용인시 처인구","S090006759","두창초등학교","02","공립","N","","1","0","0","1","1","0","0","1","0","0","0","0","2","1","0","3","4","1","0","5","0","0","0","0","0","0","0","0","0","0","0","0","0","0","0","0","0","0","0","0","0","0","0","0","0","1","0","1","0","0","0","0","8","3","0","11","0","0","0","0"
"경기도교육청","경기도고양교육지원청","경기도 고양시 덕양구","S090006770","고양동산초등학교","02","공립","N","","1","0","0","1","1","1","0","2","0","0","0","0","3","9","0","12","6","41","12","47","0","2","0","2","0","1","0","1","0","0","0","0","0","0","0","0","0","1","0","1","0","1","0","1","1","6","0","7","0","0","0","0","12","62","12","74","0","0","0","12"
"경기도교육청","경기도평택교육지원청","경기도 평택시","S090006771","자란초등학교","02","공립","N","","0","1","0","1","0","1","0","1","0","0","0","0","2","4","0","6","5","15","0","20","0","1","0","1","0","1","0","1","0","0","0","0","0","0","0","0","0","1","0","1","0","0","0","0","1","2","0","3","0","0","0","0","8","26","0","34","0","0","0","0"
"경기도교육청","경기도수원교육지원청","경기도 수원시 권선구","S090006773","수원가온초등학교","02","공립","N","","1","0","0","1","1","0","0","1","0","0","0","0","4","8","0","12","7","34","5","41","0","2","0","2","0","1","0","1","0","0","0","0","0","0","0","0","0","1","0","1","0","1","0","1","1","2","0","3","0","0","0","0","14","49","5","63","0","0","0","5"
"경기도교육청","경기도수원교육지원청","경기도 수원시 장안구","S090006774","다솔초등학교","02","공립","N","","0","1","0","1","2","0","0","2","0","0","0","0","2","10","0","12","3","48","4","51","0","1","0","1","0","1","0","1","0","0","0","0","0","0","0","0","0","1","0","1","0","0","0","0","0","3","0","3","0","0","0","0","7","65","4","72","0","0","0","4"
"경기도교육청","경기도김포교육지원청","경기도 김포시","S090006775","하늘빛초등학교","02","공립","N","","0","1","0","1","1","1","0","2","0","0","0","0","4","8","0","12","3","51","4","54","0","0","0","0","0","1","1","1","0","0","0","0","0","0","0","0","0","1","0","1","0","0","0","0","1","6","0","7","0","0","0","0","9","69","5","78","0","0","0","5"
"경기도교육청","경기도김포교육지원청","경기도 김포시","S090006776","김포호수초등학교","02","공립","N","","0","1","0","1","1","1","0","2","0","0","0","0","2","10","0","12","14","41","4","55","0","1","0","1","0","0","0","0","0","0","0","0","0","0","0","0","0","1","1","1","0","1","0","1","1","5","0","6","0","0","0","0","18","61","5","79","0","0","0","5"
"경기도교육청","경기도파주교육지원청","경기도 파주시","S090006778","운정초등학교","02","공립","N","","1","0","0","1","1","0","0","1","0","0","0","0","8","5","0","13","10","23","8","33","0","1","0","1","0","1","1","1","0","0","0","0","0","0","0","0","0","1","0","1","0","1","0","1","0","4","0","4","0","0","0","0","20","36","9","56","0","0","0","9"
"경기도교육청","경기도의정부교육지원청","경기도 의정부시","S090006799","의정부송산초등학교","02","공립","N","","1","0","0","1","1","1","0","2","0","0","0","0","2","10","0","12","12","41","4","53","0","1","0","1","0","1","0","1","0","1","0","1","0","0","0","0","0","2","0","2","0","1","0","1","1","1","0","2","0","0","0","0","17","59","4","76","0","0","0","4"
"경기도교육청","경기도구리남양주교육지원청","경기도 남양주시","S090006801","남양주월산초등학교","02","공립","N","","0","1","0","1","1","0","0","1","0","0","0","0","5","4","0","9","7","16","5","23","0","2","0","2","0","0","0","0","0","0","0","0","0","0","0","0","0","1","0","1","0","1","0","1","0","5","0","5","0","0","0","0","13","30","5","43","0","0","0","5"
"경기도교육청","경기도구리남양주교육지원청","경기도 남양주시","S090006802","해밀초등학교","02","공립","N","","1","0","0","1","1","0","0","1","0","0","0","0","6","2","0","8","8","11","1","19","0","1","0","1","0","0","0","0","0","0","0","0","0","0","0","0","0","1","0","1","0","1","0","1","0","2","0","2","0","0","0","0","16","18","1","34","0","0","0","1"
"경기도교육청","경기도용인교육지원청","경기도 용인시 수지구","S090006847","매봉초등학교","02","공립","N","","0","1","0","1","1","0","0","1","0","0","0","0","3","14","0","17","1","25","5","26","0","1","0","1","0","0","0","0","0","0","0","0","0","0","0","0","0","1","1","1","0","1","0","1","3","4","0","7","0","0","0","0","8","47","6","55","0","0","0","6"
"경기도교육청","경기도광주하남교육지원청","경기도 하남시","S090006913","미사초등학교","02","공립","N","","0","1","0","1","1","0","0","1","0","1","0","1","2","10","0","12","3","31","7","34","0","2","0","2","0","1","0","1","0","0","0","0","0","0","0","0","0","1","0","1","0","1","0","1","0","5","0","5","0","0","0","0","6","53","7","59","0","0","0","7"
"경기도교육청","경기도광주하남교육지원청","경기도 하남시","S090006914","미사강변초등학교","02","공립","N","","0","1","0","1","1","1","0","2","0","0","0","0","4","9","0","13","2","47","9","49","0","1","0","1","0","1","1","1","0","0","0","0","0","0","0","0","0","1","0","1","0","0","0","0","1","9","0","10","0","0","0","0","8","70","10","78","0","0","0","10"
"경기도교육청","경기도의정부교육지원청","경기도 의정부시","S090006926","삼현초등학교","02","공립","N","","0","1","0","1","1","1","0","2","0","0","0","0","4","8","0","12","6","43","7","49","1","1","0","2","0","1","0","1","0","1","0","1","0","0","0","0","0","1","0","1","0","1","0","1","1","6","0","7","0","0","0","0","13","64","7","77","0","0","0","7"
"경기도교육청","경기도화성오산교육지원청","경기도 화성시 동탄구","S090006930","동탄중앙초등학교","02","공립","N","","0","1","0","1","1","1","0","2","0","0","0","0","1","11","0","12","3","55","12","58","0","2","0","2","0","1","0","1","0","0","0","0","0","0","0","0","0","1","0","1","0","1","0","1","2","5","0","7","0","0","0","0","7","78","12","85","0","0","0","12"
"경기도교육청","경기도화성오산교육지원청","","S090006931","화성청계초등학교","02","공립","N","","0","1","0","1","1","1","0","2","0","0","0","0","3","8","0","11","1","44","4","45","0","1","0","1","0","1","1","1","0","0","0","0","0","0","0","0","0","1","0","1","0","1","0","1","1","8","0","9","0","0","0","0","6","66","5","72","0","0","0","5"
"경기도교육청","경기도화성오산교육지원청","경기도 화성시 동탄구","S090006932","아인초등학교","02","공립","N","","1","0","0","1","0","2","0","2","0","0","0","0","2","11","0","13","7","36","8","43","0","1","0","1","1","0","0","1","0","1","0","1","0","0","0","0","0","1","0","1","0","1","0","1","3","4","0","7","0","0","0","0","14","57","8","71","0","0","0","8"
"경기도교육청","경기도화성오산교육지원청","경기도 화성시 동탄구","S090006933","무봉초등학교","02","공립","N","","1","0","0","1","0","1","0","1","0","0","0","0","5","4","0","9","1","22","5","23","0","1","0","1","0","0","0","0","0","0","0","0","0","0","0","0","0","1","0","1","0","1","0","1","1","3","0","4","0","0","0","0","8","33","5","41","0","0","0","5"
"경기도교육청","경기도화성오산교육지원청","경기도 화성시 동탄구","S090006935","예솔초등학교","02","공립","N","","0","1","0","1","1","0","0","1","0","0","0","0","1","9","0","10","3","28","8","31","0","1","0","1","0","1","0","1","0","0","0","0","0","0","0","0","0","1","0","1","0","1","0","1","0","4","0","4","0","0","0","0","5","46","8","51","0","0","0","8"
"경기도교육청","경기도화성오산교육지원청","경기도 화성시 동탄구","S090006936","청목초등학교","02","공립","N","","0","1","0","1","1","0","0","1","0","0","0","0","2","10","0","12","2","38","5","40","0","0","0","0","0","0","0","0","0","0","0","0","0","0","0","0","0","1","0","1","0","1","1","1","1","6","0","7","0","0","0","0","6","57","6","63","0","0","0","6"
"경기도교육청","경기도화성오산교육지원청","","S090006937","왕배초등학교","02","공립","N","","0","1","0","1","1","1","0","2","0","0","0","0","8","4","0","12","5","53","12","58","1","0","0","1","0","1","0","1","0","0","0","0","0","0","0","0","0","1","0","1","0","1","0","1","0","8","0","8","0","0","0","0","15","70","12","85","0","0","0","12"
"경기도교육청","경기도화성오산교육지원청","","S090006940","호연초등학교","02","공립","N","","0","1","0","1","0","1","0","1","0","0","0","0","4","8","0","12","5","28","4","33","0","1","1","1","0","0","0","0","0","0","0","0","0","0","0","0","0","1","0","1","0","1","0","1","0","6","0","6","0","0","0","0","9","47","5","56","0","0","0","5"
"경기도교육청","경기도화성오산교육지원청","경기도 화성시 동탄구","S090006942","방교초등학교","02","공립","N","","0","1","0","1","2","0","0","2","0","0","0","0","2","10","0","12","5","45","6","50","0","1","0","1","0","1","0","1","0","0","0","0","0","0","0","0","0","1","1","1","0","1","0","1","1","4","0","5","0","0","0","0","10","64","7","74","0","0","0","7"
"경기도교육청","경기도화성오산교육지원청","경기도 화성시 동탄구","S090006945","서연초등학교","02","공립","N","","0","1","0","1","1","1","0","2","0","0","0","0","5","5","0","10","7","51","12","58","1","1","0","2","0","1","0","1","0","0","0","0","0","0","0","0","0","1","0","1","0","1","0","1","2","8","0","10","0","0","0","0","16","70","12","86","0","0","0","12"
"경기도교육청","경기도화성오산교육지원청","경기도 화성시 동탄구","S090006946","영천초등학교","02","공립","N","","1","0","0","1","1","0","0","1","0","0","0","0","5","8","0","13","7","15","3","22","0","1","0","1","0","1","1","1","0","1","0","1","0","0","0","0","0","1","0","1","0","1","0","1","0","4","0","4","0","0","0","0","14","32","4","46","0","0","0","4"
"경기도교육청","경기도화성오산교육지원청","경기도 화성시 동탄구","S090006947","한백초등학교","02","공립","N","","0","1","0","1","1","0","0","1","1","0","0","1","5","7","0","12","8","33","2","41","0","0","0","0","0","1","0","1","0","0","0","0","0","0","0","0","0","1","0","1","0","1","1","1","0","5","0","5","0","0","0","0","15","49","3","64","0","0","0","3"
"경기도교육청","경기도고양교육지원청","경기도 고양시 덕양구","S090006954","도래울초등학교","02","공립","N","","1","0","0","1","0","1","0","1","0","1","0","1","0","10","0","10","6","22","6","28","0","0","0","0","0","1","0","1","0","0","0","0","0","0","0","0","0","1","0","1","0","1","0","1","3","5","0","8","0","0","0","0","10","42","6","52","0","0","0","6"
"경기도교육청","경기도구리남양주교육지원청","경기도 남양주시","S090006970","한별초등학교","02","공립","N","","1","0","0","1","1","1","0","2","0","0","0","0","6","6","0","12","7","34","3","41","0","1","0","1","0","1","0","1","0","0","0","0","0","0","0","0","0","1","0","1","0","1","0","1","2","4","0","6","0","0","0","0","17","49","3","66","0","0","0","3"
"경기도교육청","경기도구리남양주교육지원청","경기도 남양주시","S090006971","남양주샛별초등학교","02","공립","N","","1","0","0","1","0","1","0","1","0","0","0","0","6","7","0","13","5","33","3","38","0","2","0","2","0","0","0","0","0","0","0","0","0","0","0","0","0","1","0","1","0","0","0","0","1","5","0","6","0","0","0","0","13","49","3","62","0","0","0","3"
"경기도교육청","경기도양평교육지원청","경기도 양평군","S090006972","정배초등학교","02","공립","N","","0","1","0","1","1","0","0","1","0","0","0","0","1","2","0","3","2","2","1","4","0","1","1","1","0","0","0","0","0","0","0","0","0","0","0","0","0","0","0","0","0","0","0","0","0","4","0","4","0","0","0","0","4","10","2","14","0","0","0","2"
"경기도교육청","경기도광주하남교육지원청","경기도 하남시","S090007038","위례초등학교","02","공립","N","","1","0","0","1","1","1","0","2","0","1","0","1","4","7","0","11","3","60","10","63","0","1","0","1","0","1","0","1","0","0","0","0","0","0","0","0","0","1","0","1","0","1","1","1","2","13","0","15","0","0","0","0","11","86","11","97","0","0","0","11"
"경기도교육청","경기도광주하남교육지원청","경기도 하남시","S090007039","미사중앙초등학교","02","공립","N","","0","1","0","1","1","1","0","2","0","0","0","0","5","7","0","12","4","53","6","57","0","1","0","1","0","1","1","1","0","0","0","0","0","0","0","0","0","1","0","1","0","1","0","1","1","7","0","8","0","0","0","0","11","73","7","84","0","0","0","7"
"경기도교육청","경기도평택교육지원청","경기도 평택시","S090007050","현촌초등학교","02","공립","N","","1","0","0","1","1","1","0","2","1","0","0","1","6","7","0","13","4","39","2","43","0","1","0","1","0","1","0","1","0","1","0","1","0","0","0","0","0","1","0","1","0","1","0","1","1","4","0","5","0","0","0","0","14","56","2","70","0","0","0","2"
"경기도교육청","경기도안성교육지원청","경기도 안성시","S090007111","어울초등학교","02","공립","N","","1","0","0","1","1","0","0","1","0","0","0","0","6","3","0","9","3","18","1","21","0","2","1","2","0","1","0","1","0","0","0","0","0","0","0","0","0","1","0","1","0","1","0","1","0","1","0","1","0","0","0","0","11","27","2","38","0","0","0","2"
"경기도교육청","경기도부천교육지원청","경기도 부천시 소사구","S090007116","옥길버들초등학교","02","공립","N","","1","0","0","1","2","0","0","2","0","0","0","0","4","10","0","14","5","36","4","41","0","1","0","1","0","0","0","0","0","0","0","0","0","0","0","0","0","1","0","1","0","1","0","1","4","5","0","9","0","0","0","0","16","54","4","70","0","0","0","4"
"경기도교육청","경기도부천교육지원청","경기도 부천시 소사구","S090007117","옥길산들초등학교","02","공립","N","","1","0","0","1","1","1","0","2","0","0","0","0","6","7","0","13","7","64","5","71","0","2","0","2","0","1","0","1","0","0","0","0","0","0","0","0","0","1","0","1","0","1","1","1","3","6","0","9","0","0","0","0","18","83","6","101","0","0","0","6"
"경기도교육청","경기도용인교육지원청","경기도 용인시 기흥구","S090007135","샘말초등학교","02","공립","N","","0","1","0","1","1","0","0","1","0","0","0","0","5","7","0","12","2","35","7","37","0","1","0","1","0","1","0","1","0","0","0","0","0","0","0","0","0","1","0","1","0","0","0","0","2","4","0","6","0","0","0","0","10","50","7","60","0","0","0","7"
"경기도교육청","경기도화성오산교육지원청","경기도 화성시 만세구","S090007139","송린초등학교","02","공립","N","","1","0","0","1","1","1","0","2","0","0","0","0","5","8","0","13","12","44","6","56","0","0","0","0","0","1","0","1","0","0","0","0","0","0","0","0","0","1","0","1","0","1","0","1","0","13","0","13","0","0","0","0","19","69","6","88","0","0","0","6"
"경기도교육청","경기도화성오산교육지원청","경기도 화성시 동탄구","S090007140","한율초등학교","02","공립","N","","1","0","0","1","1","1","0","2","0","0","0","0","4","9","0","13","9","53","11","62","0","1","0","1","0","1","0","1","0","1","0","1","0","0","0","0","0","1","0","1","0","1","1","1","2","5","0","7","0","0","0","0","17","73","12","90","0","0","0","12"
"경기도교육청","경기도광주하남교육지원청","경기도 광주시","S090007159","역동초등학교","02","공립","N","","0","1","0","1","0","1","0","1","0","0","0","0","2","8","0","10","2","31","1","33","0","1","0","1","0","1","0","1","0","0","0","0","0","0","0","0","0","1","0","1","0","1","0","1","0","3","0","3","0","0","0","0","4","48","1","52","0","0","0","1"
"경기도교육청","경기도구리남양주교육지원청","경기도 구리시","S090007160","산마루초등학교","02","공립","N","","1","0","0","1","2","0","0","2","0","0","0","0","2","10","0","12","3","38","6","41","0","2","1","2","0","0","0","0","0","0","0","0","0","0","0","0","0","1","1","1","0","1","0","1","1","7","0","8","0","0","0","0","9","59","8","68","0","0","0","8"
"경기도교육청","경기도평택교육지원청","경기도 평택시","S090007161","평택이화초등학교","02","공립","N","","0","1","0","1","0","1","0","1","0","0","0","0","6","6","0","12","6","27","6","33","0","1","0","1","0","1","1","1","0","0","0","0","0","0","0","0","0","1","0","1","0","1","1","1","2","3","0","5","0","0","0","0","14","42","8","56","0","0","0","8"
"경기도교육청","경기도광주하남교육지원청","경기도 하남시","S090007162","윤슬초등학교","02","공립","N","","0","1","0","1","1","1","0","2","0","0","0","0","1","9","0","10","4","46","8","50","0","1","0","1","0","1","1","1","0","0","0","0","0","0","0","0","0","2","1","2","0","1","0","1","2","7","0","9","0","0","0","0","8","69","10","77","0","0","0","10"
"경기도교육청","경기도광주하남교육지원청","경기도 하남시","S090007163","한홀초등학교","02","공립","N","","1","0","0","1","1","1","0","2","0","0","0","0","1","9","0","10","7","43","7","50","0","2","0","2","0","1","0","1","0","0","0","0","0","0","0","0","0","1","0","1","0","1","0","1","1","8","0","9","0","0","0","0","11","66","7","77","0","0","0","7"
"경기도교육청","경기도광주하남교육지원청","경기도 하남시","S090007164","청아초등학교","02","공립","N","","0","1","0","1","1","1","0","2","0","0","0","0","4","8","0","12","2","63","14","65","0","1","0","1","0","1","0","1","0","0","0","0","0","0","0","0","0","1","0","1","0","1","1","1","2","11","0","13","0","0","0","0","9","88","15","97","0","0","0","15"
"경기도교육청","경기도수원교육지원청","경기도 수원시 영통구","S090007194","광교호수초등학교","02","공립","N","","1","0","0","1","1","0","0","1","0","0","0","0","4","7","0","11","4","35","4","39","0","0","0","0","1","0","0","1","0","1","0","1","0","0","0","0","0","1","0","1","0","1","0","1","2","5","0","7","0","0","0","0","13","50","4","63","0","0","0","4"
"경기도교육청","경기도시흥교육지원청","경기도 시흥시","S090007197","배곧한울초등학교","02","공립","N","","1","0","0","1","1","1","0","2","0","0","0","0","11","1","0","12","13","27","3","40","0","1","0","1","0","0","0","0","0","0","0","0","0","0","0","0","0","1","0","1","0","0","0","0","0","10","0","10","0","0","0","0","26","41","3","67","0","0","0","3"
"경기도교육청","경기도화성오산교육지원청","경기도 오산시","S090007217","다온초등학교","02","공립","N","","1","0","0","1","1","0","0","1","0","0","0","0","9","3","0","12","2","30","1","32","0","2","0","2","0","1","0","1","0","0","0","0","0","0","0","0","0","1","0","1","0","1","0","1","1","3","0","4","0","0","0","0","14","41","1","55","0","0","0","1"
"경기도교육청","경기도시흥교육지원청","경기도 시흥시","S090007226","배곧해솔초등학교","02","공립","N","","1","0","0","1","2","0","0","2","0","0","0","0","5","7","0","12","7","48","8","55","0","2","1","2","0","1","0","1","0","0","0","0","0","0","0","0","0","1","0","1","0","1","1","1","2","5","0","7","0","0","0","0","17","65","10","82","0","0","0","10"
"경기도교육청","경기도수원교육지원청","경기도 수원시 영통구","S090007230","망포초등학교","02","공립","N","","1","0","0","1","1","1","0","2","0","0","0","0","2","10","0","12","9","80","10","89","0","1","1","1","0","0","0","0","0","0","0","0","0","0","0","0","0","1","1","1","0","1","0","1","2","8","0","10","0","0","0","0","15","102","12","117","0","0","0","12"
"경기도교육청","경기도용인교육지원청","경기도 용인시 기흥구","S090007235","용인한얼초등학교","02","공립","N","","0","1","0","1","2","0","0","2","0","0","0","0","4","8","0","12","7","40","6","47","0","1","0","1","0","1","1","1","0","0","0","0","0","0","0","0","0","1","0","1","0","1","0","1","0","6","0","6","0","0","0","0","13","59","7","72","0","0","0","7"
"경기도교육청","경기도평택교육지원청","경기도 평택시","S090007236","평택청아초등학교","02","공립","N","","1","0","0","1","1","0","0","1","0","0","0","0","9","3","0","12","15","18","4","33","0","1","0","1","0","1","0","1","0","0","0","0","0","0","0","0","0","1","0","1","0","1","0","1","2","4","0","6","0","0","0","0","28","29","4","57","0","0","0","4"
"경기도교육청","경기도구리남양주교육지원청","경기도 남양주시","S090007239","다산가람초등학교","02","공립","N","","1","0","0","1","1","1","0","2","0","0","0","0","3","8","0","11","5","47","8","52","0","1","0","1","0","1","0","1","0","0","0","0","0","0","0","0","0","1","0","1","0","1","0","1","4","4","0","8","0","0","0","0","14","64","8","78","0","0","0","8"
"경기도교육청","경기도평택교육지원청","경기도 평택시","S090007240","용죽초등학교","02","공립","N","","0","1","0","1","1","1","0","2","0","0","0","0","4","8","0","12","8","60","4","68","1","0","0","1","0","1","0","1","0","0","0","0","0","0","0","0","0","1","0","1","0","1","0","1","1","6","0","7","0","0","0","0","15","79","4","94","0","0","0","4"
"경기도교육청","경기도화성오산교육지원청","경기도 화성시 동탄구","S090007241","동탄목동초등학교","02","공립","N","","1","0","0","1","2","0","0","2","0","0","0","0","4","8","0","12","3","55","6","58","0","1","0","1","0","1","1","1","0","0","0","0","0","0","0","0","0","1","0","1","0","1","0","1","1","8","0","9","0","0","0","0","11","75","7","86","0","0","0","7"
"경기도교육청","경기도화성오산교육지원청","경기도 화성시 동탄구","S090007244","다원초등학교","02","공립","N","","1","0","0","1","0","1","0","1","0","0","0","0","4","6","0","10","1","24","4","25","0","1","0","1","0","1","0","1","0","0","0","0","0","0","0","0","0","1","0","1","0","1","0","1","1","1","0","2","0","0","0","0","7","36","4","43","0","0","0","4"
"경기도교육청","경기도화성오산교육지원청","경기도 화성시 효행구","S090007255","효행초등학교","02","공립","N","","1","0","0","1","1","1","0","2","0","0","0","0","6","6","0","12","20","34","4","54","0","3","0","3","0","1","0","1","0","0","0","0","0","0","0","0","0","1","0","1","0","1","0","1","3","8","0","11","0","0","0","0","31","55","4","86","0","0","0","4"
"경기도교육청","경기도화성오산교육지원청","경기도 화성시 만세구","S090007257","대양초등학교","02","공립","N","","0","1","0","1","2","0","0","2","0","0","0","0","10","2","0","12","11","26","7","37","0","1","0","1","0","1","0","1","0","1","0","1","0","0","0","0","0","1","1","1","0","0","0","0","4","6","0","10","0","0","0","0","27","39","8","66","0","0","0","8"
"경기도교육청","경기도화성오산교육지원청","경기도 화성시 동탄구","S090007263","치동초등학교","02","공립","N","","0","1","0","1","1","0","0","1","0","0","0","0","2","8","0","10","1","28","4","29","0","0","0","0","0","1","0","1","0","0","0","0","0","0","0","0","0","1","0","1","0","0","0","0","2","2","0","4","0","0","0","0","6","41","4","47","0","0","0","4"
"경기도교육청","경기도화성오산교육지원청","경기도 화성시 동탄구","S090007265","정현초등학교","02","공립","N","","0","1","0","1","2","0","0","2","0","0","0","0","3","9","0","12","8","40","8","48","0","1","0","1","0","1","1","1","0","0","0","0","0","0","0","0","0","1","0","1","0","1","0","1","2","9","0","11","0","0","0","0","15","63","9","78","0","0","0","9"
"경기도교육청","경기도평택교육지원청","경기도 평택시","S090007268","가내초등학교","02","공립","N","","0","1","0","1","2","0","0","2","0","0","0","0","3","9","0","12","7","41","6","48","1","0","0","1","0","0","0","0","0","0","0","0","0","0","0","0","0","1","1","1","0","1","0","1","2","6","0","8","0","0","0","0","15","59","7","74","0","0","0","7"
"경기도교육청","경기도광주하남교육지원청","경기도 광주시","S090007274","광주송정초등학교","02","공립","N","","0","1","0","1","1","0","0","1","0","0","0","0","5","4","0","9","10","31","4","41","0","1","1","1","0","1","1","1","0","1","0","1","0","0","0","0","0","1","0","1","0","1","0","1","0","4","0","4","0","0","0","0","16","45","6","61","0","0","0","6"
"경기도교육청","경기도구리남양주교육지원청","경기도 남양주시","S090007275","다산한강초등학교","02","공립","N","","1","0","0","1","1","1","0","2","0","1","0","1","4","9","0","13","3","81","11","84","0","1","0","1","0","1","0","1","0","0","0","0","0","0","0","0","0","1","0","1","0","1","0","1","5","6","0","11","0","0","0","0","14","102","11","116","0","0","0","11"
"경기도교육청","경기도군포의왕교육지원청","경기도 의왕시","S090007277","백운호수초등학교","02","공립","N","","1","0","0","1","1","0","0","1","0","1","0","1","0","5","0","5","4","18","2","22","0","1","0","1","0","0","0","0","0","1","0","1","0","0","0","0","0","1","0","1","0","1","0","1","0","1","0","1","0","0","0","0","6","29","2","35","0","0","0","2"
"경기도교육청","경기도고양교육지원청","경기도 고양시 일산동구","S090007279","한류초등학교","02","공립","N","","1","0","0","1","1","1","0","2","0","0","0","0","3","11","0","14","5","38","3","43","0","1","0","1","0","1","0","1","0","0","0","0","0","0","0","0","0","1","0","1","0","1","0","1","1","4","0","5","0","0","0","0","11","58","3","69","0","0","0","3"
"경기도교육청","경기도군포의왕교육지원청","경기도 군포시","S090007298","송안초등학교","02","공립","N","","0","1","0","1","0","1","0","1","0","0","0","0","3","9","0","12","4","32","4","36","0","2","0","2","0","1","0","1","0","1","0","1","0","0","0","0","0","1","1","1","0","1","0","1","0","8","0","8","0","0","0","0","7","57","5","64","0","0","0","5"
"경기도교육청","경기도구리남양주교육지원청","경기도 남양주시","S090007307","남양주다산초등학교","02","공립","N","","0","1","0","1","2","1","1","3","1","0","0","1","6","6","0","12","7","39","9","46","0","1","0","1","0","1","0","1","0","1","0","1","0","0","0","0","0","1","0","1","0","1","0","1","3","10","0","13","0","0","0","0","19","62","10","81","0","0","0","10"
"경기도교육청","경기도화성오산교육지원청","경기도 오산시","S090007310","세마초등학교","02","공립","N","","0","1","0","1","1","0","0","1","0","0","0","0","4","5","0","9","2","17","2","19","0","1","0","1","0","0","0","0","0","0","0","0","0","0","0","0","0","1","0","1","0","1","0","1","2","2","0","4","0","0","0","0","9","28","2","37","0","0","0","2"
"경기도교육청","경기도구리남양주교육지원청","경기도 남양주시","S090007320","다산새봄초등학교","02","공립","N","","1","0","0","1","1","1","0","2","0","1","0","1","6","6","0","12","14","58","7","72","0","2","0","2","0","1","0","1","0","1","0","1","0","0","0","0","0","1","0","1","0","1","0","1","1","6","0","7","0","0","0","0","23","78","7","101","0","0","0","7"
"경기도교육청","경기도고양교육지원청","경기도 고양시 덕양구","S090007321","창릉초등학교","02","공립","N","","0","1","0","1","1","0","0","1","0","0","0","0","2","8","0","10","4","23","6","27","0","1","0","1","0","0","0","0","0","0","0","0","0","0","0","0","0","1","0","1","0","1","0","1","0","5","0","5","0","0","0","0","7","40","6","47","0","0","0","6"
"경기도교육청","경기도고양교육지원청","경기도 고양시 덕양구","S090007322","향동숲내초등학교","02","공립","N","","1","0","0","1","1","0","0","1","0","0","0","0","2","11","0","13","4","37","7","41","0","1","0","1","0","1","0","1","0","0","0","0","0","0","0","0","0","1","0","1","0","1","0","1","0","6","0","6","0","0","0","0","8","58","7","66","0","0","0","7"
"경기도교육청","경기도의정부교육지원청","경기도 의정부시","S090007323","훈민초등학교","02","공립","N","","0","1","0","1","1","0","0","1","0","0","0","0","6","6","0","12","5","32","1","37","0","1","0","1","0","0","0","0","0","0","0","0","0","0","0","0","0","1","0","1","0","1","0","1","1","4","0","5","0","0","0","0","13","46","1","59","0","0","0","1"
"경기도교육청","경기도시흥교육지원청","경기도 시흥시","S090007325","은빛초등학교","02","공립","N","","1","0","0","1","1","1","0","2","0","0","0","0","3","9","0","12","6","74","6","80","0","1","0","1","0","1","0","1","0","0","0","0","0","0","0","0","0","1","0","1","0","1","0","1","1","4","0","5","0","0","0","0","12","92","6","104","0","0","0","6"
"경기도교육청","경기도시흥교육지원청","경기도 시흥시","S090007326","배곧누리초등학교","02","공립","N","","1","0","0","1","1","0","0","1","0","0","0","0","7","5","0","12","5","25","4","30","0","2","0","2","0","1","0","1","0","0","0","0","0","0","0","0","0","1","0","1","0","1","0","1","1","5","0","6","0","0","0","0","15","40","4","55","0","0","0","4"
"경기도교육청","경기도광주하남교육지원청","경기도 하남시","S090007327","감일초등학교","02","공립","N","","0","1","0","1","1","0","0","1","0","0","0","0","4","8","0","12","4","36","9","40","0","1","0","1","0","0","0","0","0","1","0","1","0","0","0","0","0","1","0","1","0","1","0","1","0","4","0","4","0","0","0","0","9","53","9","62","0","0","0","9"
"경기도교육청","경기도광주하남교육지원청","경기도 광주시","S090007328","능평초등학교","02","공립","N","","1","0","0","1","0","1","0","1","0","0","0","0","1","5","0","6","2","30","4","32","0","1","0","1","0","0","0","0","0","0","0","0","0","0","0","0","0","1","0","1","0","1","1","1","0","3","0","3","0","0","0","0","4","42","5","46","0","0","0","5"
"경기도교육청","경기도광주하남교육지원청","경기도 광주시","S090007329","광주푸른초등학교","02","공립","N","","1","0","0","1","0","1","0","1","0","0","0","0","4","5","0","9","8","17","3","25","0","1","0","1","0","0","0","0","0","0","0","0","0","0","0","0","0","1","0","1","0","1","0","1","2","1","0","3","0","0","0","0","15","27","3","42","0","0","0","3"
"경기도교육청","경기도화성오산교육지원청","경기도 화성시 만세구","S090007331","새솔초등학교","02","공립","N","","1","0","0","1","2","0","0","2","0","0","0","0","2","12","0","14","9","49","8","58","0","1","0","1","0","1","0","1","0","0","0","0","0","0","0","0","0","1","0","1","0","1","0","1","1","8","0","9","0","1","0","1","15","74","8","89","0","0","0","8"
"경기도교육청","경기도화성오산교육지원청","경기도 화성시 동탄구","S090007333","세정초등학교","02","공립","N","","0","1","0","1","1","1","0","2","0","0","0","0","4","8","0","12","6","31","6","37","0","1","0","1","0","1","0","1","0","0","0","0","0","0","0","0","0","1","0","1","0","1","0","1","1","6","0","7","0","0","0","0","12","51","6","63","0","0","0","6"
"경기도교육청","경기도화성오산교육지원청","","S090007334","청림초등학교","02","공립","N","","0","1","0","1","1","1","0","2","0","0","0","0","7","5","0","12","6","50","9","56","0","2","0","2","0","1","1","1","0","0","0","0","0","0","0","0","0","1","0","1","0","1","0","1","4","9","0","13","0","0","0","0","18","71","10","89","0","0","0","10"
"경기도교육청","경기도평택교육지원청","경기도 평택시","S090007335","평택대동초등학교","02","공립","N","","1","0","0","1","0","1","0","1","0","0","0","0","0","5","0","5","5","28","2","33","0","1","0","1","0","0","0","0","0","0","0","0","0","0","0","0","0","1","0","1","0","1","0","1","2","2","0","4","0","0","0","0","8","39","2","47","0","0","0","2"
"경기도교육청","경기도평택교육지원청","경기도 평택시","S090007337","평택새빛초등학교","02","공립","N","","1","0","0","1","1","1","0","2","0","0","0","0","4","7","0","11","10","39","8","49","0","1","0","1","0","0","0","0","0","0","0","0","0","0","0","0","0","1","0","1","0","1","1","1","2","7","0","9","0","0","0","0","18","57","9","75","0","0","0","9"
"경기도교육청","경기도안산교육지원청","경기도 안산시 상록구","S090007338","안산해솔초등학교","02","공립","N","","0","1","0","1","1","1","0","2","0","0","0","0","5","7","0","12","21","57","7","78","1","2","0","3","0","1","0","1","0","1","0","1","0","0","0","0","0","1","0","1","0","1","0","1","1","4","0","5","0","0","0","0","29","76","7","105","0","0","0","7"
"경기도교육청","경기도화성오산교육지원청","경기도 화성시 효행구","S090007361","수현초등학교","02","공립","N","","1","0","0","1","1","1","0","2","0","0","0","0","7","5","0","12","10","35","6","45","0","1","0","1","0","1","0","1","0","0","0","0","0","0","0","0","0","1","0","1","0","1","0","1","1","6","0","7","0","0","0","0","20","51","6","71","0","0","0","6"
"경기도교육청","경기도파주교육지원청","경기도 파주시","S090007363","산들초등학교","02","공립","N","","1","0","0","1","0","1","0","1","0","0","0","0","5","5","0","10","7","22","6","29","0","1","0","1","0","0","0","0","0","0","0","0","0","0","0","0","0","1","1","1","0","1","0","1","1","8","0","9","0","0","0","0","14","39","7","53","0","0","0","7"
"경기도교육청","경기도화성오산교육지원청","경기도 화성시 동탄구","S090007371","이솔초등학교","02","공립","N","","0","1","0","1","0","1","0","1","0","0","0","0","6","6","0","12","4","36","5","40","0","1","0","1","0","0","0","0","0","0","0","0","0","0","0","0","0","1","0","1","0","1","0","1","2","5","0","7","0","0","0","0","12","52","5","64","0","0","0","5"
"경기도교육청","경기도고양교육지원청","경기도 고양시 덕양구","S090007375","향동초등학교","02","공립","N","","0","1","0","1","1","0","0","1","0","0","0","0","2","10","0","12","3","31","1","34","0","0","0","0","0","1","0","1","0","0","0","0","0","0","0","0","0","1","0","1","0","1","0","1","1","4","0","5","0","0","0","0","7","49","1","56","0","0","0","1"
"경기도교육청","경기도고양교육지원청","경기도 고양시 덕양구","S090007378","지축초등학교","02","공립","N","","1","0","0","1","1","1","0","2","0","1","0","1","4","8","0","12","8","55","9","63","0","2","0","2","0","1","0","1","0","1","1","1","0","0","0","0","0","1","0","1","0","1","0","1","3","3","0","6","0","0","0","0","17","74","10","91","0","0","0","10"
"경기도교육청","경기도화성오산교육지원청","경기도 화성시 동탄구","S090007396","여울초등학교","02","공립","N","","1","0","0","1","0","1","0","1","0","0","0","0","8","5","0","13","4","36","4","40","0","1","0","1","0","1","0","1","0","0","0","0","0","0","0","0","0","1","0","1","0","1","0","1","0","5","0","5","0","0","0","0","13","51","4","64","0","0","0","4"
"경기도교육청","경기도화성오산교육지원청","경기도 화성시 동탄구","S090007397","늘봄초등학교","02","공립","N","","0","1","0","1","0","1","0","1","0","0","0","0","5","3","0","8","3","17","4","20","0","1","0","1","0","0","0","0","0","1","0","1","0","0","0","0","0","1","0","1","0","1","0","1","0","3","0","3","0","0","0","0","8","29","4","37","0","0","0","4"
"경기도교육청","경기도평택교육지원청","경기도 평택시","S090007398","평택서재초등학교","02","공립","N","","0","1","0","1","0","2","0","2","0","0","0","0","7","5","0","12","9","50","6","59","0","0","0","0","0","1","0","1","0","0","0","0","0","0","0","0","0","1","0","1","0","1","0","1","3","5","0","8","0","0","0","0","19","66","6","85","0","0","0","6"
"경기도교육청","경기도구리남양주교육지원청","경기도 남양주시","S090007407","다산하늘초등학교","02","공립","N","","1","0","0","1","1","1","0","2","0","1","0","1","7","5","0","12","15","41","4","56","1","0","0","1","0","0","0","0","0","1","0","1","0","0","0","0","0","1","0","1","0","1","0","1","1","5","0","6","0","0","0","0","26","56","4","82","0","0","0","4"
"경기도교육청","경기도구리남양주교육지원청","경기도 남양주시","S090007424","은솔초등학교","02","공립","N","","0","1","0","1","0","1","0","1","0","0","0","0","4","4","0","8","1","25","4","26","0","1","0","1","0","0","0","0","0","0","0","0","0","0","0","0","0","1","0","1","0","1","0","1","1","5","0","6","0","0","0","0","6","39","4","45","0","0","0","4"
"경기도교육청","경기도광주하남교육지원청","경기도 하남시","S090007435","위례숲초등학교","02","공립","N","","0","1","0","1","1","1","0","2","0","0","0","0","1","11","0","12","12","49","2","61","0","1","0","1","0","1","0","1","0","0","0","0","0","0","0","0","0","1","0","1","0","1","1","1","1","5","0","6","0","0","0","0","15","71","3","86","0","0","0","3"
"경기도교육청","경기도광주하남교육지원청","경기도 하남시","S090007436","신우초등학교","02","공립","N","","0","1","0","1","2","0","0","2","0","0","0","0","6","8","0","14","7","48","2","55","0","2","0","2","0","0","0","0","0","1","0","1","0","0","0","0","0","1","0","1","0","1","0","1","1","4","0","5","0","0","0","0","16","66","2","82","0","0","0","2"
"경기도교육청","경기도시흥교육지원청","경기도 시흥시","S090007437","한여울초등학교","02","공립","N","","1","0","0","1","0","1","0","1","0","0","0","0","6","7","0","13","5","23","5","28","0","6","1","6","0","0","0","0","0","0","0","0","0","0","0","0","0","1","0","1","0","1","0","1","4","7","0","11","0","0","0","0","16","46","6","62","0","0","0","6"
"경기도교육청","경기도구리남양주교육지원청","경기도 남양주시","S090007443","하랑초등학교","02","공립","N","","1","0","0","1","1","0","0","1","0","0","0","0","6","5","0","11","6","19","5","25","0","0","0","0","0","0","0","0","0","0","0","0","0","0","0","0","0","1","1","1","0","1","0","1","2","7","0","9","0","0","0","0","16","33","6","49","0","0","0","6"
"경기도교육청","경기도평택교육지원청","경기도 평택시","S090007450","세아초등학교","02","공립","N","","1","0","0","1","0","1","0","1","0","0","0","0","3","7","0","10","5","22","6","27","0","1","0","1","0","0","0","0","0","0","0","0","0","0","0","0","0","1","0","1","0","1","0","1","2","3","0","5","0","0","0","0","11","36","6","47","0","0","0","6"
"경기도교육청","경기도성남교육지원청","경기도 성남시 분당구","S090007517","판교대장초등학교","02","공립","N","","0","0","0","0","1","1","0","2","0","0","0","0","1","11","0","12","5","40","4","45","0","2","0","2","0","1","0","1","0","0","0","0","0","0","0","0","0","1","0","1","0","1","0","1","0","5","0","5","0","0","0","0","7","62","4","69","0","0","0","4"
"경기도교육청","경기도광주하남교육지원청","경기도 하남시","S090007520","단샘초등학교","02","공립","N","","1","0","0","1","0","2","0","2","0","0","0","0","5","7","0","12","3","45","0","48","0","2","0","2","0","0","0","0","0","1","0","1","0","0","0","0","0","1","0","1","0","1","0","1","0","4","0","4","0","0","0","0","9","63","0","72","0","0","0","0"
"경기도교육청","경기도화성오산교육지원청","경기도 화성시 병점구","S090007523","새봄초등학교","02","공립","N","","1","0","0","1","0","1","0","1","0","0","0","0","4","9","0","13","0","34","6","34","0","1","0","1","0","0","0","0","0","0","0","0","0","0","0","0","0","1","0","1","0","1","0","1","2","5","0","7","0","0","0","0","7","52","6","59","0","0","0","6"
"경기도교육청","경기도평택교육지원청","경기도 평택시","S090007524","배다리초등학교","02","공립","N","","0","1","0","1","0","1","0","1","0","0","0","0","3","4","0","7","4","12","2","16","0","0","0","0","0","0","0","0","0","0","0","0","0","0","0","0","0","1","0","1","0","1","0","1","1","4","0","5","0","0","0","0","8","24","2","32","0","0","0","2"
"경기도교육청","경기도평택교육지원청","경기도 평택시","S090007573","지제초등학교","02","공립","N","","1","0","0","1","1","0","0","1","0","1","0","1","3","6","0","9","2","20","2","22","0","1","0","1","0","1","0","1","0","0","0","0","0","0","0","0","0","0","0","0","0","1","0","1","1","5","0","6","0","0","0","0","8","35","2","43","0","0","0","2"
"경기도교육청","경기도화성오산교육지원청","경기도 화성시 만세구","S090007574","신남초등학교","02","공립","N","","1","0","0","1","1","0","0","1","0","0","0","0","6","5","0","11","7","17","0","24","0","1","0","1","0","0","0","0","0","0","0","0","0","0","0","0","0","1","0","1","0","1","0","1","0","4","0","4","0","0","0","0","15","29","0","44","0","0","0","0"
"경기도교육청","경기도파주교육지원청","경기도 파주시","S090007576","초롱초등학교","02","공립","N","","0","1","0","1","1","1","0","2","0","0","0","0","9","4","0","13","12","43","0","55","0","2","0","2","0","1","0","1","0","0","0","0","0","0","0","0","0","1","1","1","1","0","0","1","1","4","0","5","0","0","0","0","24","57","1","81","0","0","0","1"
"경기도교육청","경기도구리남양주교육지원청","경기도 남양주시","S090007581","다산별빛초등학교","02","공립","N","","0","1","0","1","0","1","0","1","0","0","0","0","7","5","0","12","4","32","2","36","0","1","1","1","0","0","0","0","0","0","0","0","0","0","0","0","0","1","0","1","0","1","0","1","2","5","0","7","0","0","0","0","13","47","3","60","0","0","0","3"
"경기도교육청","경기도파주교육지원청","경기도 파주시","S090007583","다율초등학교","02","공립","N","","0","1","0","1","2","0","0","2","0","0","0","0","5","7","0","12","6","50","8","56","0","1","0","1","0","0","0","0","0","1","0","1","0","0","0","0","0","1","1","1","0","1","0","1","2","10","0","12","0","0","0","0","15","72","9","87","0","0","0","9"
"경기도교육청","경기도고양교육지원청","경기도 고양시 덕양구","S090007603","원흥초등학교","02","공립","N","","0","1","0","1","0","1","0","1","0","1","0","1","1","5","0","6","6","13","0","19","0","0","0","0","0","0","0","0","0","0","0","0","0","0","0","0","0","1","0","1","0","1","0","1","0","4","0","4","0","0","0","0","7","27","0","34","0","0","0","0"
"경기도교육청","경기도화성오산교육지원청","","S090007604","화성신동초등학교","02","공립","N","","1","0","0","1","0","1","0","1","0","0","0","0","2","10","0","12","5","24","4","29","0","1","0","1","0","1","0","1","0","0","0","0","0","0","0","0","0","1","0","1","0","1","0","1","1","2","0","3","0","0","0","0","9","41","4","50","0","0","0","4"
"경기도교육청","경기도평택교육지원청","경기도 평택시","S090007607","평택모산초등학교","02","공립","N","","1","0","0","1","0","1","0","1","0","1","0","1","4","6","0","10","6","31","4","37","0","0","0","0","0","0","0","0","0","0","0","0","0","0","0","0","0","1","0","1","0","1","0","1","4","3","0","7","0","0","0","0","15","44","4","59","0","0","0","4"
"경기도교육청","경기도시흥교육지원청","경기도 시흥시","S090007611","시흥가온초등학교","02","공립","N","","1","0","0","1","1","1","0","2","0","0","0","0","5","7","0","12","11","47","3","58","0","2","1","2","0","1","0","1","0","0","0","0","0","0","0","0","0","1","0","1","0","1","1","1","2","5","0","7","0","0","0","0","20","65","5","85","0","0","0","5"
"경기도교육청","경기도김포교육지원청","경기도 김포시","S090007614","향산초등학교","02","공립","N","","0","0","0","0","0","1","0","1","0","0","0","0","9","3","0","12","12","25","5","37","0","1","0","1","0","0","0","0","0","0","0","0","0","0","0","0","0","1","1","1","0","0","0","0","1","7","0","8","0","0","0","0","22","38","6","60","0","0","0","6"
"경기도교육청","경기도김포교육지원청","경기도 김포시","S090007616","김포나진초등학교","02","공립","N","","1","0","0","1","1","1","0","2","0","0","0","0","7","5","0","12","10","37","5","47","0","2","0","2","0","1","0","1","0","0","0","0","0","0","0","0","0","1","0","1","0","1","1","1","4","4","0","8","0","0","0","0","23","52","6","75","0","0","0","6"
"경기도교육청","경기도김포교육지원청","경기도 김포시","S090007618","김포구래초등학교","02","공립","N","","1","0","0","1","1","1","0","2","0","0","0","0","3","8","0","11","3","36","1","39","0","2","0","2","0","0","0","0","0","0","0","0","0","0","0","0","0","1","0","1","0","1","0","1","1","5","0","6","0","0","0","0","9","54","1","63","0","0","0","1"
"경기도교육청","경기도고양교육지원청","경기도 고양시 덕양구","S090007629","덕은한강초등학교","02","공립","N","","0","1","0","1","1","1","0","2","0","0","0","0","3","9","0","12","7","46","10","53","0","1","0","1","0","1","0","1","0","0","0","0","0","0","0","0","0","0","0","0","0","1","0","1","1","11","0","12","0","0","0","0","12","71","10","83","0","0","0","10"
"경기도교육청","경기도안양과천교육지원청","경기도 과천시","S090007632","과천갈현초등학교","02","공립","N","","1","0","0","1","0","2","0","2","0","0","0","0","1","11","0","12","2","39","3","41","0","3","0","3","0","0","0","0","0","0","0","0","0","0","0","0","0","1","0","1","0","1","1","1","1","5","0","6","0","0","0","0","5","62","4","67","0","0","0","4"
"경기도교육청","경기도광주하남교육지원청","경기도 광주시","S090007676","쌍동초등학교","02","공립","N","","1","0","0","1","1","0","0","1","0","0","0","0","5","2","0","7","7","13","2","20","0","1","0","1","0","0","0","0","0","0","0","0","0","0","0","0","0","1","0","1","0","0","0","0","0","2","0","2","0","0","0","0","14","19","2","33","0","0","0","2"
"경기도교육청","경기도평택교육지원청","경기도 평택시","S090007677","율포초등학교","02","공립","N","","1","0","0","1","1","0","0","1","1","0","0","1","1","10","0","11","7","27","6","34","0","1","0","1","0","0","0","0","0","0","0","0","0","0","0","0","0","1","0","1","0","1","0","1","1","5","0","6","0","0","0","0","12","45","6","57","0","0","0","6"
"경기도교육청","경기도고양교육지원청","경기도 고양시 덕양구","S090007678","지효초등학교","02","공립","N","","0","1","0","1","1","0","0","1","0","1","0","1","3","8","0","11","3","21","0","24","0","2","0","2","0","0","0","0","0","0","0","0","0","0","0","0","0","1","0","1","0","1","1","1","0","2","0","2","0","0","0","0","7","37","1","44","0","0","0","1"
"경기도교육청","경기도평택교육지원청","경기도 평택시","S090007859","해창초등학교","02","공립","N","","1","0","0","1","1","0","0","1","0","0","0","0","2","5","0","7","5","15","3","20","0","0","0","0","0","0","0","0","0","0","0","0","0","0","0","0","0","1","1","1","0","1","0","1","1","3","0","4","0","0","0","0","10","25","4","35","0","0","0","4"
"경기도교육청","경기도평택교육지원청","경기도 평택시","S090007860","평택영신초등학교","02","공립","N","","1","0","0","1","1","0","0","1","0","0","0","0","1","8","0","9","2","19","0","21","0","1","0","1","0","0","0","0","0","0","0","0","0","0","0","0","0","1","0","1","0","1","0","1","0","0","0","0","0","0","0","0","5","30","0","35","0","0","0","0"
"경기도교육청","경기도고양교육지원청","경기도 고양시 일산동구","S090007862","고양장항초등학교","02","공립","N","","1","0","0","1","1","0","0","1","1","0","0","1","1","4","0","5","3","13","1","16","0","1","0","1","0","0","0","0","0","0","0","0","0","0","0","0","0","1","0","1","0","1","0","1","2","0","0","2","0","0","0","0","9","20","1","29","0","0","0","1"
"경기도교육청","경기도시흥교육지원청","경기도 시흥시","S090007870","배곧라라초등학교","02","공립","N","","0","0","0","0","0","1","0","1","0","1","0","1","3","2","0","5","1","13","1","14","0","1","0","1","0","0","0","0","0","1","0","1","0","0","0","0","0","1","0","1","0","0","0","0","2","1","0","3","0","0","0","0","6","21","1","27","0","0","0","1"
"경기도교육청","경기도수원교육지원청","경기도 수원시 영통구","S090007871","글빛초등학교","02","공립","N","","1","0","0","1","1","1","0","2","0","1","0","1","4","9","0","13","3","45","3","48","0","1","0","1","0","0","0","0","0","0","0","0","0","0","0","0","0","1","0","1","0","1","0","1","2","5","0","7","0","0","0","0","11","64","3","75","0","0","0","3"
"경기도교육청","경기도화성오산교육지원청","경기도 오산시","S090007880","세담초등학교","02","공립","N","","1","0","0","1","1","0","0","1","0","1","0","1","4","9","0","13","9","23","2","32","0","0","0","0","0","0","0","0","0","1","1","1","0","0","0","0","0","1","0","1","0","1","0","1","4","5","0","9","0","0","0","0","19","41","3","60","0","0","0","3"
"경기도교육청","경기도화성오산교육지원청","경기도 화성시 효행구","S090007881","내리숲초등학교","02","공립","N","","1","0","0","1","1","0","0","1","0","0","0","0","6","3","0","9","6","16","2","22","1","0","0","1","0","0","0","0","0","0","0","0","0","0","0","0","0","1","0","1","0","1","0","1","0","2","0","2","0","0","0","0","15","23","2","38","0","0","0","2"
"경기도교육청","경기도평택교육지원청","경기도 평택시","S090007882","민세초등학교","02","공립","N","","1","0","0","1","1","0","0","1","0","0","0","0","1","6","0","7","4","15","2","19","0","1","0","1","0","0","0","0","0","0","0","0","0","0","0","0","0","1","0","1","0","1","0","1","1","1","0","2","0","0","0","0","8","25","2","33","0","0","0","2"
"경기도교육청","경기도파주교육지원청","경기도 파주시","S090007903","별하람초등학교","02","공립","N","","1","0","0","1","0","1","0","1","0","0","0","0","1","6","0","7","6","13","0","19","0","1","0","1","0","0","0","0","0","0","0","0","0","0","0","0","0","1","0","1","0","1","0","1","0","1","0","1","0","0","0","0","8","24","0","32","0","0","0","0"
"경기도교육청","경기도파주교육지원청","경기도 파주시","S090007905","운정해오름초등학교","02","공립","N","","1","0","0","1","1","0","0","1","0","0","0","0","5","5","0","10","2","20","0","22","0","2","0","2","0","0","0","0","0","0","0","0","0","0","0","0","0","1","0","1","0","1","0","1","0","5","0","5","0","0","0","0","9","34","0","43","0","0","0","0"
"경기도교육청","경기도포천교육지원청","경기도 포천시","S090007911","포담초등학교","02","공립","N","","0","1","0","1","1","0","0","1","0","0","0","0","2","1","0","3","1","4","0","5","0","0","0","0","0","0","0","0","1","0","0","1","0","0","0","0","0","1","0","1","0","0","0","0","1","1","0","2","0","0","0","0","6","8","0","14","0","0","0","0"
"경기도교육청","경기도용인교육지원청","경기도 용인시 처인구","S090007918","도현초등학교","02","공립","N","","0","1","0","1","1","0","0","1","1","0","0","1","1","6","0","7","4","13","1","17","0","0","0","0","0","0","0","0","0","0","0","0","0","0","0","0","0","1","0","1","0","1","0","1","1","2","0","3","0","0","0","0","8","24","1","32","0","0","0","1"
"경기도교육청","경기도용인교육지원청","경기도 용인시 처인구","S090007919","처인초등학교","02","공립","N","","0","0","0","0","1","0","0","1","0","1","0","1","2","1","0","3","3","5","0","8","0","2","1","2","0","0","0","0","0","0","0","0","0","0","0","0","0","1","0","1","0","1","0","1","0","2","0","2","0","0","0","0","6","13","1","19","0","0","0","1"
"경기도교육청","경기도화성오산교육지원청","경기도 화성시 효행구","S090007920","청연초등학교","02","공립","N","","0","1","0","1","1","0","0","1","0","1","0","1","2","5","0","7","7","9","1","16","0","1","0","1","0","0","0","0","0","1","0","1","0","0","0","0","0","1","0","1","0","1","0","1","0","1","0","1","0","0","0","0","10","21","1","31","0","0","0","1"
"경기도교육청","경기도평택교육지원청","경기도 평택시","S090007926","고덕함박초등학교","02","공립","N","","1","0","0","1","1","0","0","1","0","1","0","1","1","5","0","6","1","12","4","13","1","0","0","1","0","0","0","0","0","0","0","0","0","0","0","0","0","1","0","1","0","1","0","1","3","8","0","11","0","0","0","0","8","28","4","36","0","0","0","4"
"경기도교육청","경기도시흥교육지원청","경기도 시흥시","S090007929","시화나래초등학교","02","공립","N","","0","1","0","1","1","0","0","1","0","0","0","0","5","4","0","9","8","20","2","28","0","1","0","1","0","0","0","0","0","0","0","0","0","0","0","0","0","1","0","1","0","0","0","0","1","1","0","2","0","0","0","0","15","28","2","43","0","0","0","2"
"경기도교육청","경기도안양과천교육지원청","경기도 과천시","S090007937","과천율목초등학교","02","공립","N","","0","1","0","1","1","0","0","1","1","0","0","1","1","6","0","7","6","14","3","20","0","1","0","1","0","0","0","0","0","0","0","0","0","0","0","0","0","1","0","1","0","0","0","0","0","5","0","5","0","0","0","0","9","28","3","37","0","0","0","3"
"경기도교육청","경기도동두천양주교육지원청","경기도 양주시","S090007944","푸른샘초등학교","02","공립","N","","0","1","0","1","0","1","0","1","0","1","0","1","2","6","0","8","5","16","1","21","0","1","0","1","0","0","0","0","0","0","0","0","0","0","0","0","0","1","0","1","0","1","0","1","1","1","0","2","0","0","0","0","8","29","1","37","0","0","0","1"
"경기도교육청","경기도수원교육지원청","경기도 수원시 팔달구","S090008028","매교초등학교","02","공립","N","","1","0","0","1","0","1","0","1","0","1","0","1","3","7","0","10","1","33","0","34","0","1","0","1","0","0","0","0","0","0","0","0","0","0","0","0","0","1","0","1","0","1","0","1","1","1","0","2","0","0","0","0","6","46","0","52","0","0","0","0"
"경기도교육청","경기도수원교육지원청","경기도 수원시 권선구","S090008029","규장초등학교","02","공립","N","","0","1","0","1","0","1","0","1","0","1","0","1","1","4","0","5","1","11","0","12","0","1","0","1","0","0","0","0","0","0","0","0","0","0","0","0","0","1","0","1","0","1","0","1","0","1","0","1","0","0","0","0","2","22","0","24","0","0","0","0"
"경기도교육청","경기도김포교육지원청","경기도 김포시","S090008032","모담초등학교","02","공립","N","","1","0","0","1","1","0","0","1","0","0","0","0","2","1","0","3","0","3","0","3","0","0","0","0","0","0","0","0","0","0","0","0","0","0","0","0","0","1","0","1","0","1","0","1","0","1","0","1","0","0","0","0","4","7","0","11","0","0","0","0"