"시도교육청","교육지원청","지역","정보공시 학교코드","학교명","학교급코드","설립구분","제외여부","제외사유","교장(남)","교장(여)","교장(계)","교감(남)","교감(여)","교감(계)","수석교사(남)","수석교사(여)","수석교사(계)","정교사(1정)(남)","정교사(1정)(여)","정교사(1정)(계)","정교사(2정)(남)","정교사(2정)(여)","정교사(2정)(계)","특수1정(남)","특수1정(여)","특수1정(계)","특수2정(남)","특수2정(여)","특수2정(계)","준교사(남)","준교사(여)","준교사(계)","실기교사(남)","실기교사(여)","실기교사(계)","전문상담교사(남)","전문상담교사(여)","전문상담교사(계)","사서교사(남)","사서교사(여)","사서교사(계)","보건교사(남)","보건교사(여)","보건교사(계)","영양교사(남)","영양교사(여)","영양교사(계)","해당없음(남)","해당없음(여)","해당없음(계)","계(남)","계(여)","계"
"경기도교육청","경기도가평교육지원청","경기도 가평군","S090000881","가평마장초등학교","02","공립","N","","0","1","1","0","1","1","0","0","0","3","4","7","1","1","2","1","0","1","0","0","0","0","0","0","0","0","0","0","0","0","0","0","0","0","1","1","0","0","0","0","0","0","5","8","13"
"경기도교육청","경기도가평교육지원청","경기도 가평군","S090000882","가평초등학교","02","공립","N","","1","0","1","0","1","1","0","0","0","8","14","22","2","12","14","0","1","1","0","0","0","0","0","0","0","0","0","0","1","1","0","1","1","0","1","1","0","1","1","0","0","0","11","32","43"
"경기도교육청","경기도가평교육지원청","경기도 가평군","S090000885","대성초등학교","02","공립","N","","0","1","1","1","0","1","0","0","0","2","3","5","0","2","2","0","1","1","0","0","0","0","0","0","0","0","0","0","0","0","0","0","0","0","1","1","0","0","0","0","0","0","3","8","11"
"경기도교육청","경기도가평교육지원청","경기도 가평군","S090000890","목동초등학교","02","공립","N","","0","0","0","0","2","2","0","0","0","1","3","4","2","1","3","0","0","0","0","1","1","0","0","0","0","0","0","0","0","0","0","0","0","0","1","1","0","1","1","0","0","0","3","9","12"
"경기도교육청","경기도가평교육지원청","경기도 가평군","S090000892","목동초등학교명지분교장","02","공립","N","","0","0","0","0","0","0","0","0","0","1","1","2","0","0","0","0","0","0","0","0","0","0","0","0","0","0","0","0","0","0","0","0","0","0","0","0","0","0","0","0","0","0","1","1","2"
"경기도교육청","경기도가평교육지원청","경기도 가평군","S090000895","미원초등학교","02","공립","N","","0","1","1","1","0","1","0","0","0","1","10","11","1","5","6","0","1","1","0","0","0","0","0","0","0","0","0","0","0","0","0","0","0","0","1","1","0","1","1","0","0","0","3","19","22"
"경기도교육청","경기도가평교육지원청","경기도 가평군","S090000899","미원초등학교위곡분교장","02","공립","N","","0","0","0","0","0","0","0","0","0","1","2","3","1","1","2","0","0","0","0","0","0","0","0","0","0","0","0","0","0","0","0","0","0","0","0","0","0","0","0","0","0","0","2","3","5"
"경기도교육청","경기도가평교육지원청","경기도 가평군","S090000900","미원초등학교장락분교장","02","공립","N","","0","0","0","0","0","0","0","0","0","1","0","1","1","2","3","0","0","0","0","1","1","0","0","0","0","0","0","0","0","0","0","0","0","0","0","0","0","0","0","0","0","0","2","3","5"
"경기도교육청","경기도가평교육지원청","경기도 가평군","S090000901","방일초등학교","02","공립","N","","0","1","1","0","1","1","0","0","0","1","4","5","1","2","3","0","0","0","0","1","1","0","0","0","0","0","0","0","0","0","0","1","1","0","1","1","0","0","0","0","0","0","2","11","13"
"경기도교육청","경기도가평교육지원청","경기도 가평군","S090000905","상면초등학교","02","공립","N","","1","1","2","1","0","1","0","0","0","1","4","5","0","1","1","0","0","0","0","1","1","0","0","0","0","0","0","0","0","0","0","0","0","0","1","1","0","0","0","0","0","0","3","8","11"
"경기도교육청","경기도가평교육지원청","경기도 가평군","S090000906","상색초등학교","02","공립","N","","1","1","2","0","0","0","0","0","0","0","6","6","1","0","1","0","0","0","0","1","1","0","0","0","0","0","0","0","0","0","0","0","0","0","1","1","0","0","0","0","0","0","2","9","11"
"경기도교육청","경기도가평교육지원청","경기도 가평군","S090000908","상천초등학교","02","공립","N","","0","2","2","0","0","0","0","0","0","2","4","6","1","1","2","0","0","0","0","0","0","0","0","0","0","0","0","0","0","0","0","0","0","0","1","1","0","0","0","0","0","0","3","8","11"
"경기도교육청","경기도가평교육지원청","경기도 가평군","S090000910","연하초등학교","02","공립","N","","0","1","1","0","1","1","0","0","0","3","2","5","0","3","3","0","0","0","0","1","1","0","0","0","0","0","0","0","0","0","0","0","0","0","1","1","0","0","0","0","0","0","3","9","12"
"경기도교육청","경기도가평교육지원청","경기도 가평군","S090000914","율길초등학교","02","공립","N","","0","1","1","1","0","1","0","0","0","4","1","5","0","3","3","0","0","0","0","0","0","0","0","0","0","0","0","0","0","0","0","0","0","0","1","1","0","0","0","0","0","0","5","6","11"
"경기도교육청","경기도가평교육지원청","경기도 가평군","S090000916","조종초등학교","02","공립","N","","0","1","1","1","0","1","0","0","0","4","7","11","1","7","8","0","2","2","0","0","0","0","0","0","0","0","0","0","0","0","0","0","0","0","1","1","0","2","2","0","0","0","6","20","26"
"경기도교육청","경기도가평교육지원청","경기도 가평군","S090000920","청평초등학교","02","공립","N","","0","1","1","0","1","1","0","0","0","4","11","15","0","4","4","0","3","3","0","0","0","0","0","0","0","0","0","0","0","0","0","0","0","0","1","1","0","1","1","0","0","0","4","22","26"
"경기도교육청","경기도고양교육지원청","경기도 고양시 덕양구","S090000974","가람초등학교","02","공립","N","","1","0","1","0","1","1","0","0","0","3","21","24","0","2","2","0","1","1","0","0","0","0","0","0","0","0","0","0","1","1","0","1","1","0","1","1","0","1","1","0","0","0","4","29","33"
"경기도교육청","경기도고양교육지원청","경기도 고양시 일산서구","S090000975","강선초등학교","02","공립","N","","0","1","1","1","0","1","0","1","1","3","24","27","0","5","5","0","1","1","0","0","0","0","0","0","0","0","0","0","0","0","0","0","0","0","1","1","0","1","1","0","1","1","4","35","39"
"경기도교육청","경기도고양교육지원청","경기도 고양시 일산동구","S090000976","고봉초등학교","02","공립","N","","0","1","1","1","0","1","0","0","0","3","12","15","2","3","5","0","1","1","0","0","0","0","0","0","0","0","0","0","0","0","0","1","1","0","1","1","0","1","1","0","0","0","6","20","26"
"경기도교육청","경기도고양교육지원청","경기도 고양시 일산동구","S090000977","고양백석초등학교","02","공립","N","","1","0","1","1","0","1","0","0","0","7","17","24","0","3","3","0","0","0","0","0","0","0","0","0","0","0","0","0","0","0","0","0","0","0","1","1","0","1","1","0","0","0","9","22","31"
"경기도교육청","경기도고양교육지원청","경기도 고양시 일산서구","S090000978","고양신일초등학교","02","공립","N","","0","2","2","1","0","1","0","0","0","3","32","35","4","5","9","0","0","0","0","0","0","0","0","0","0","0","0","0","0","0","0","0","0","0","1","1","0","1","1","0","0","0","8","41","49"
"경기도교육청","경기도고양교육지원청","경기도 고양시 덕양구","S090000979","고양용현초등학교","02","공립","N","","0","2","2","1","0","1","0","0","0","3","13","16","0","0","0","0","1","1","0","0","0","0","0","0","0","0","0","0","0","0","0","0","0","0","1","1","0","1","1","0","0","0","4","18","22"
"경기도교육청","경기도고양교육지원청","경기도 고양시 덕양구","S090000980","고양초등학교","02","공립","N","","1","1","2","1","0","1","0","0","0","3","22","25","0","0","0","0","1","1","2","0","2","0","0","0","0","0","0","0","1","1","0","0","0","0","1","1","0","1","1","0","0","0","7","27","34"
"경기도교육청","경기도고양교육지원청","경기도 고양시 덕양구","S090000981","고양화수초등학교","02","공립","N","","1","0","1","1","0","1","0","0","0","4","27","31","3","6","9","0","0","0","0","1","1","0","0","0","0","0","0","0","1","1","0","0","0","0","1","1","0","1","1","0","0","0","9","37","46"
"경기도교육청","경기도고양교육지원청","경기도 고양시 덕양구","S090000982","고양화정초등학교","02","공립","N","","0","1","1","0","1","1","0","0","0","8","41","49","2","5","7","0","1","1","0","0","0","0","0","0","0","0","0","0","0","0","0","0","0","0","3","3","0","1","1","0","0","0","10","53","63"
"경기도교육청","경기도고양교육지원청","경기도 고양시 일산동구","S090000983","금계초등학교","02","공립","N","","1","0","1","1","0","1","0","0","0","5","22","27","0","1","1","0","1","1","0","1","1","0","0","0","0","0","0","1","0","1","0","1","1","0","1","1","0","0","0","0","0","0","8","27","35"
"경기도교육청","경기도고양교육지원청","경기도 고양시 일산동구","S090000984","낙민초등학교","02","공립","N","","1","0","1","1","0","1","0","1","1","1","28","29","3","1","4","0","0","0","0","0","0","0","0","0","0","0","0","0","0","0","0","1","1","0","1","1","0","1","1","0","0","0","6","33","39"
"경기도교육청","경기도고양교육지원청","경기도 고양시 덕양구","S090000985","내유초등학교","02","공립","N","","1","0","1","0","1","1","0","0","0","7","39","46","3","4","7","0","3","3","0","0","0","0","0","0","0","0","0","0","0","0","0","0","0","0","2","2","0","1","1","0","0","0","11","50","61"
"경기도교육청","경기도고양교육지원청","경기도 고양시 일산동구","S090000986","냉천초등학교","02","공립","N","","0","1","1","1","0","1","0","0","0","5","14","19","0","7","7","0","1","1","0","1","1","0","0","0","0","0","0","0","0","0","0","1","1","0","1","1","0","2","2","0","0","0","6","28","34"
"경기도교육청","경기도고양교육지원청","경기도 고양시 덕양구","S090000987","능곡초등학교","02","공립","N","","0","1","1","1","0","1","0","0","0","3","22","25","1","2","3","0","2","2","0","0","0","0","0","0","0","0","0","0","1","1","0","1","1","0","1","1","0","1","1","0","0","0","5","31","36"
"경기도교육청","경기도고양교육지원청","경기도 고양시 덕양구","S090000988","대곡초등학교","02","공립","N","","1","0","1","1","0","1","0","0","0","5","3","8","0","1","1","0","0","0","0","0","0","0","0","0","0","0","0","0","0","0","0","0","0","0","1","1","0","0","0","0","0","0","7","5","12"
"경기도교육청","경기도고양교육지원청","경기도 고양시 일산서구","S090000989","대화초등학교","02","공립","N","","1","1","2","1","0","1","0","0","0","1","20","21","0","3","3","0","1","1","0","0","0","0","0","0","0","0","0","0","0","0","0","0","0","0","1","1","0","1","1","0","0","0","3","27","30"
"경기도교육청","경기도고양교육지원청","경기도 고양시 덕양구","S090000990","덕은초등학교","02","공립","N","","0","1","1","0","1","1","0","0","0","1","14","15","1","0","1","0","1","1","0","0","0","0","0","0","0","0","0","0","1","1","0","1","1","0","1","1","0","1","1","0","0","0","2","21","23"
"경기도교육청","경기도고양교육지원청","경기도 고양시 일산서구","S090000991","덕이초등학교","02","공립","N","","0","1","1","1","0","1","0","0","0","5","8","13","0","2","2","0","1","1","0","0","0","0","0","0","0","0","0","0","0","0","0","0","0","0","1","1","0","0","0","0","0","0","6","13","19"
"경기도교육청","경기도고양교육지원청","경기도 고양시 덕양구","S090000992","무원초등학교","02","공립","N","","0","1","1","0","1","1","0","0","0","2","34","36","1","1","2","0","1","1","0","0","0","0","0","0","0","0","0","0","0","0","0","0","0","0","1","1","0","1","1","0","0","0","3","40","43"
"경기도교육청","경기도고양교육지원청","경기도 고양시 일산서구","S090000993","문촌초등학교","02","공립","N","","1","0","1","0","1","1","0","0","0","7","15","22","0","2","2","0","2","2","0","2","2","0","0","0","0","0","0","0","1","1","0","0","0","0","1","1","0","1","1","0","0","0","8","25","33"
"경기도교육청","경기도고양교육지원청","경기도 고양시 일산서구","S090000994","문화초등학교","02","공립","N","","1","1","2","1","1","2","0","1","1","2","27","29","3","4","7","0","1","1","0","0","0","0","0","0","0","0","0","0","0","0","0","0","0","0","1","1","0","1","1","0","0","0","7","37","44"
"경기도교육청","경기도고양교육지원청","경기도 고양시 일산동구","S090000995","백마초등학교","02","공립","N","","1","0","1","1","0","1","0","0","0","2","24","26","1","6","7","0","1","1","0","1","1","0","0","0","0","0","0","0","1","1","0","0","0","0","1","1","0","1","1","0","0","0","5","35","40"
"경기도교육청","경기도고양교육지원청","경기도 고양시 일산동구","S090000998","백신초등학교","02","공립","N","","1","0","1","0","1","1","0","0","0","4","21","25","0","1","1","1","0","1","0","0","0","0","0","0","0","0","0","0","1","1","0","1","1","0","1","1","0","1","1","0","0","0","6","27","33"
"경기도교육청","경기도고양교육지원청","경기도 고양시 덕양구","S090000999","백양초등학교","02","공립","N","","1","0","1","1","0","1","0","0","0","4","17","21","0","3","3","0","1","1","0","0","0","0","0","0","0","0","0","0","0","0","0","0","0","0","2","2","0","1","1","0","0","0","6","24","30"
"경기도교육청","경기도고양교육지원청","경기도 고양시 일산동구","S090001000","벽제초등학교","02","공립","N","","1","0","1","1","0","1","0","0","0","2","11","13","2","2","4","0","0","0","0","0","0","0","0","0","0","0","0","0","0","0","0","1","1","0","1","1","0","1","1","0","0","0","6","16","22"
"경기도교육청","경기도고양교육지원청","경기도 고양시 덕양구","S090001001","삼송초등학교","02","공립","N","","1","0","1","0","1","1","0","0","0","11","44","55","2","0","2","0","1","1","0","0","0","0","0","0","0","0","0","0","1","1","0","0","0","0","1","1","0","1","1","0","0","0","14","49","63"
"경기도교육청","경기도고양교육지원청","경기도 고양시 일산서구","S090001002","상탄초등학교","02","공립","N","","0","1","1","1","0","1","0","0","0","4","37","41","0","2","2","0","2","2","0","1","1","0","0","0","0","0","0","0","0","0","0","0","0","0","2","2","0","1","1","0","0","0","5","46","51"
"경기도교육청","경기도고양교육지원청","경기도 고양시 덕양구","S090001003","성라초등학교","02","공립","N","","1","1","2","0","0","0","0","0","0","4","22","26","1","1","2","0","1","1","0","0","0","0","0","0","0","0","0","0","1","1","0","1","1","0","1","1","0","1","1","0","0","0","6","29","35"
"경기도교육청","경기도고양교육지원청","경기도 고양시 덕양구","S090001004","성사초등학교","02","공립","N","","1","0","1","1","0","1","0","0","0","6","25","31","2","7","9","1","3","4","0","1","1","0","0","0","0","0","0","0","0","0","0","0","0","0","1","1","0","1","1","0","0","0","11","38","49"
"경기도교육청","경기도고양교육지원청","경기도 고양시 일산동구","S090001005","성석초등학교","02","공립","N","","0","1","1","1","0","1","0","0","0","2","6","8","0","1","1","0","1","1","0","0","0","0","0","0","0","0","0","0","0","0","0","1","1","0","1","1","0","0","0","0","0","0","3","11","14"
"경기도교육청","경기도고양교육지원청","경기도 고양시 덕양구","S090001006","성신초등학교","02","공립","N","","0","1","1","1","0","1","0","0","0","5","20","25","0","5","5","0","2","2","0","0","0","0","0","0","0","0","0","0","0","0","0","0","0","0","1","1","0","2","2","0","0","0","6","31","37"
"경기도교육청","경기도고양교육지원청","경기도 고양시 일산서구","S090001007","성저초등학교","02","공립","N","","0","1","1","1","0","1","0","0","0","2","15","17","0","4","4","0","1","1","0","0","0","0","0","0","0","0","0","0","0","0","0","0","0","0","1","1","0","1","1","0","0","0","3","23","26"
"경기도교육청","경기도고양교육지원청","경기도 고양시 덕양구","S090001008","소만초등학교","02","공립","N","","0","1","1","0","1","1","0","0","0","2","16","18","1","3","4","0","1","1","0","0","0","0","0","0","0","0","0","0","0","0","0","1","1","0","1","1","0","1","1","0","0","0","3","25","28"
"경기도교육청","경기도고양교육지원청","경기도 고양시 일산서구","S090001009","송포초등학교","02","공립","N","","0","1","1","0","1","1","0","0","0","3","21","24","0","3","3","0","0","0","0","0","0","0","0","0","0","0","0","0","0","0","0","1","1","0","1","1","0","1","1","0","0","0","3","29","32"
"경기도교육청","경기도고양교육지원청","경기도 고양시 일산동구","S090001010","일산은행초등학교","02","공립","N","","0","1","1","0","1","1","0","0","0","3","12","15","0","0","0","0","1","1","0","0","0","0","0","0","0","0","0","0","0","0","0","0","0","0","1","1","0","0","0","0","0","0","3","16","19"
"경기도교육청","경기도고양교육지원청","경기도 고양시 덕양구","S090001011","신능초등학교","02","공립","N","","1","0","1","1","0","1","0","0","0","2","12","14","1","4","5","0","1","1","0","0","0","0","0","0","0","0","0","0","0","0","0","1","1","0","1","1","0","1","1","0","0","0","5","20","25"
"경기도교육청","경기도고양교육지원청","경기도 고양시 덕양구","S090001012","신원초등학교","02","공립","N","","1","0","1","1","3","4","0","0","0","3","58","61","2","3","5","0","0","0","0","1","1","0","0","0","0","0","0","0","0","0","0","1","1","0","1","1","0","0","0","0","0","0","7","67","74"
"경기도교육청","경기도고양교육지원청","경기도 고양시 일산서구","S090001014","신촌초등학교","02","공립","N","","1","0","1","0","1","1","0","0","0","4","21","25","1","1","2","0","1","1","0","0","0","0","0","0","0","0","0","0","1","1","0","0","0","0","1","1","0","1","1","0","0","0","6","27","33"
"경기도교육청","경기도고양교육지원청","경기도 고양시 일산동구","S090001015","안곡초등학교","02","공립","N","","1","0","1","1","0","1","0","0","0","4","20","24","1","3","4","0","1","1","0","0","0","0","0","0","0","0","0","0","1","1","0","0","0","0","2","2","0","0","0","0","0","0","7","27","34"
"경기도교육청","경기도고양교육지원청","경기도 고양시 일산서구","S090001016","오마초등학교","02","공립","N","","1","0","1","1","0","1","0","1","1","6","48","54","2","4","6","0","1","1","0","0","0","0","0","0","0","0","0","0","0","0","0","1","1","0","2","2","0","1","1","0","0","0","10","58","68"
"경기도교육청","경기도고양교육지원청","경기도 고양시 덕양구","S090001017","용두초등학교","02","공립","N","","0","1","1","1","0","1","0","0","0","2","6","8","0","0","0","0","1","1","0","0","0","0","0","0","0","0","0","0","0","0","0","1","1","0","1","1","0","0","0","0","0","0","3","10","13"
"경기도교육청","경기도고양교육지원청","경기도 고양시 덕양구","S090001018","용정초등학교","02","공립","N","","1","1","2","0","0","0","0","0","0","3","9","12","0","1","1","0","4","4","1","1","2","0","0","0","0","0","0","0","0","0","0","0","0","0","1","1","0","1","1","0","0","0","5","18","23"
"경기도교육청","경기도고양교육지원청","경기도 고양시 덕양구","S090001019","원당초등학교","02","공립","N","","1","1","2","0","1","1","0","0","0","3","18","21","1","1","2","0","0","0","0","1","1","0","0","0","0","0","0","0","1","1","0","1","1","0","1","1","0","1","1","0","0","0","5","26","31"
"경기도교육청","경기도고양교육지원청","경기도 고양시 일산동구","S090001020","원중초등학교","02","공립","N","","0","1","1","0","2","2","0","0","0","3","48","51","2","7","9","0","2","2","0","0","0","0","0","0","0","0","0","0","0","0","0","1","1","0","3","3","0","0","0","0","0","0","5","64","69"
"경기도교육청","경기도고양교육지원청","경기도 고양시 일산동구","S090001021","율동초등학교","02","공립","N","","1","0","1","1","0","1","0","1","1","3","13","16","0","1","1","0","0","0","0","1","1","0","0","0","0","0","0","0","0","0","0","0","0","0","1","1","0","1","1","0","0","0","5","18","23"
"경기도교육청","경기도고양교육지원청","경기도 고양시 일산서구","S090001023","일산초등학교","02","공립","N","","0","2","2","2","0","2","0","1","1","2","12","14","0","2","2","0","2","2","0","1","1","0","0","0","0","0","0","0","1","1","0","0","0","0","1","1","0","1","1","0","0","0","4","23","27"
"경기도교육청","경기도고양교육지원청","경기도 고양시 일산서구","S090001024","장성초등학교","02","공립","N","","0","1","1","1","0","1","0","0","0","6","12","18","1","0","1","0","1","1","0","0","0","0","0","0","0","0","0","0","0","0","0","0","0","0","1","1","0","2","2","0","0","0","8","17","25"
"경기도교육청","경기도고양교육지원청","경기도 고양시 일산서구","S090001025","장촌초등학교","02","공립","N","","0","1","1","1","0","1","0","0","0","2","12","14","1","2","3","0","0","0","0","0","0","0","0","0","0","0","0","0","0","0","0","0","0","0","1","1","0","0","0","0","0","0","4","16","20"
"경기도교육청","경기도고양교육지원청","경기도 고양시 일산동구","S090001026","저동초등학교","02","공립","N","","2","0","2","0","0","0","0","0","0","6","15","21","1","3","4","0","0","0","0","0","0","0","0","0","0","0","0","0","1","1","0","0","0","0","2","2","0","2","2","0","0","0","9","23","32"
"경기도교육청","경기도고양교육지원청","경기도 고양시 일산동구","S090001027","정발초등학교","02","공립","N","","0","1","1","0","1","1","0","0","0","3","33","36","4","9","13","0","0","0","0","0","0","0","0","0","0","0","0","0","0","0","0","0","0","0","1","1","0","1","1","0","0","0","7","46","53"
"경기도교육청","경기도고양교육지원청","경기도 고양시 일산서구","S090001028","주엽초등학교","02","공립","N","","1","1","2","1","0","1","0","0","0","2","18","20","0","1","1","0","0","0","0","1","1","0","0","0","0","0","0","0","0","0","0","0","0","0","1","1","0","1","1","0","2","2","4","25","29"
"경기도교육청","경기도고양교육지원청","경기도 고양시 일산동구","S090001029","중산초등학교","02","공립","N","","2","0","2","0","0","0","0","0","0","5","18","23","1","0","1","0","0","0","0","0","0","0","0","0","0","0","0","0","0","0","0","1","1","0","1","1","0","1","1","0","0","0","8","21","29"
"경기도교육청","경기도고양교육지원청","경기도 고양시 덕양구","S090001030","지도초등학교","02","공립","N","","0","1","1","0","1","1","0","0","0","4","28","32","2","1","3","0","0","0","0","1","1","0","0","0","0","0","0","0","1","1","0","0","0","0","1","1","0","1","1","0","0","0","6","35","41"
"경기도교육청","경기도고양교육지원청","경기도 고양시 덕양구","S090001032","토당초등학교","02","공립","N","","0","1","1","0","1","1","1","0","1","3","13","16","0","1","1","0","1","1","0","1","1","0","0","0","0","0","0","0","1","1","0","1","1","0","1","1","0","0","0","0","0","0","4","21","25"
"경기도교육청","경기도고양교육지원청","경기도 고양시 일산동구","S090001033","풍산초등학교","02","공립","N","","0","2","2","0","1","1","0","0","0","2","38","40","0","4","4","0","0","0","1","2","3","0","0","0","0","0","0","0","1","1","0","1","1","0","2","2","0","0","0","0","0","0","3","51","54"
"경기도교육청","경기도고양교육지원청","경기도 고양시 일산서구","S090001034","한수초등학교","02","공립","N","","1","0","1","1","0","1","0","0","0","2","28","30","0","3","3","0","1","1","0","1","1","0","0","0","0","0","0","0","1","1","0","0","0","0","1","1","0","1","1","0","0","0","4","36","40"
"경기도교육청","경기도고양교육지원청","경기도 고양시 덕양구","S090001035","행남초등학교","02","공립","N","","1","0","1","0","1","1","0","0","0","2","11","13","1","1","2","0","0","0","0","0","0","0","0","0","0","0","0","0","0","0","0","1","1","0","1","1","0","0","0","0","0","0","4","15","19"
"경기도교육청","경기도고양교육지원청","경기도 고양시 덕양구","S090001036","행신초등학교","02","공립","N","","1","0","1","0","1","1","0","0","0","3","17","20","0","2","2","0","1","1","0","0","0","0","0","0","0","0","0","0","1","1","0","1","1","0","1","1","0","1","1","0","0","0","4","25","29"
"경기도교육청","경기도고양교육지원청","경기도 고양시 덕양구","S090001037","행주초등학교","02","공립","N","","0","1","1","0","1","1","0","0","0","2","5","7","0","0","0","0","0","0","0","0","0","0","0","0","0","0","0","0","0","0","0","1","1","0","1","1","0","0","0","0","0","0","2","9","11"
"경기도교육청","경기도고양교육지원청","경기도 고양시 일산서구","S090001038","현산초등학교","02","공립","N","","1","0","1","1","0","1","0","0","0","6","24","30","1","5","6","0","1","1","0","1","1","0","0","0","0","0","0","0","0","0","0","1","1","0","1","1","0","1","1","0","0","0","9","34","43"
"경기도교육청","경기도고양교육지원청","경기도 고양시 일산서구","S090001039","호곡초등학교","02","공립","N","","0","1","1","1","2","3","0","0","0","10","44","54","3","6","9","0","2","2","1","1","2","0","0","0","0","0","0","0","1","1","0","0","0","0","2","2","0","1","1","0","0","0","15","60","75"
"경기도교육청","경기도고양교육지원청","경기도 고양시 일산동구","S090001040","호수초등학교","02","공립","N","","1","0","1","1","0","1","0","0","0","2","19","21","0","0","0","0","1","1","0","0","0","0","0","0","0","0","0","0","0","0","0","0","0","0","1","1","0","1","1","1","0","1","5","22","27"
"경기도교육청","경기도고양교육지원청","경기도 고양시 덕양구","S090001041","화중초등학교","02","공립","N","","0","1","1","3","0","3","0","1","1","2","18","20","1","1","2","0","0","0","0","0","0","0","0","0","0","0","0","0","0","0","0","1","1","0","1","1","0","1","1","0","0","0","6","24","30"
"경기도교육청","경기도고양교육지원청","경기도 고양시 일산서구","S090001042","황룡초등학교","02","공립","N","","0","1","1","0","1","1","0","0","0","3","16","19","0","5","5","0","2","2","0","0","0","0","0","0","0","0","0","0","1","1","0","1","1","0","1","1","0","1","1","0","0","0","3","29","32"
"경기도교육청","경기도고양교육지원청","경기도 고양시 덕양구","S090001043","흥도초등학교","02","공립","N","","0","1","1","1","1","2","0","0","0","9","53","62","2","0","2","0","1","1","0","1","1","0","0","0","0","0","0","0","1","1","0","1","1","0","3","3","0","2","2","0","0","0","12","64","76"
"경기도교육청","경기도광명교육지원청","경기도 광명시","S090001199","가림초등학교","02","공립","N","","0","1","1","0","1","1","0","1","1","2","24","26","0","3","3","0","2","2","0","0","0","0","0","0","0","0","0","0","0","0","0","0","0","0","1","1","0","2","2","0","0","0","2","35","37"
"경기도교육청","경기도광명교육지원청","경기도 광명시","S090001201","광명광덕초등학교","02","공립","N","","0","1","1","0","1","1","0","2","2","4","33","37","0","6","6","0","2","2","0","0","0","0","0","0","0","0","0","0","1","1","0","1","1","0","1","1","0","1","1","0","0","0","4","49","53"
"경기도교육청","경기도광명교육지원청","경기도 광명시","S090001202","광명광성초등학교","02","공립","N","","0","1","1","1","0","1","0","1","1","4","33","37","4","9","13","0","1","1","0","1","1","0","0","0","0","0","0","0","1","1","0","0","0","0","2","2","0","1","1","0","0","0","9","50","59"
"경기도교육청","경기도광명교육지원청","경기도 광명시","S090001203","광명남초등학교","02","공립","N","","1","1","2","1","0","1","0","0","0","1","23","24","2","1","3","0","2","2","0","0","0","0","0","0","0","0","0","0","1","1","0","0","0","0","1","1","0","1","1","0","0","0","5","30","35"
"경기도교육청","경기도광명교육지원청","경기도 광명시","S090001204","광명동초등학교","02","공립","N","","0","1","1","1","0","1","0","0","0","0","15","15","0","2","2","0","2","2","0","0","0","0","0","0","0","0","0","0","1","1","0","0","0","0","1","1","0","1","1","0","0","0","1","23","24"
"경기도교육청","경기도광명교육지원청","경기도 광명시","S090001205","광명북초등학교","02","공립","N","","1","0","1","0","1","1","0","0","0","1","35","36","1","8","9","0","2","2","0","0","0","0","0","0","0","0","0","0","1","1","0","2","2","0","1","1","0","1","1","0","0","0","3","51","54"
"경기도교육청","경기도광명교육지원청","경기도 광명시","S090001206","광명서초등학교","02","공립","N","","0","1","1","1","0","1","0","1","1","3","33","36","1","1","2","0","3","3","0","0","0","0","0","0","0","0","0","0","0","0","0","1","1","0","1","1","0","1","1","0","0","0","5","42","47"
"경기도교육청","경기도광명교육지원청","경기도 광명시","S090001207","광명초등학교","02","공립","N","","1","0","1","1","1","2","0","0","0","4","18","22","0","4","4","0","2","2","0","1","1","0","0","0","0","0","0","0","1","1","0","0","0","0","1","1","0","1","1","0","0","0","6","29","35"
"경기도교육청","경기도광명교육지원청","경기도 광명시","S090001208","광문초등학교","02","공립","N","","1","0","1","0","1","1","0","0","0","5","34","39","2","0","2","0","2","2","0","0","0","0","0","0","0","0","0","0","1","1","0","0","0","0","1","1","0","1","1","0","0","0","8","40","48"
"경기도교육청","경기도광명교육지원청","경기도 광명시","S090001210","광일초등학교","02","공립","N","","0","1","1","1","0","1","0","0","0","3","32","35","1","3","4","0","3","3","1","0","1","0","0","0","0","0","0","0","0","0","0","1","1","0","1","1","0","1","1","0","0","0","6","42","48"
"경기도교육청","경기도광명교육지원청","경기도 광명시","S090001212","서면초등학교","02","공립","N","","0","1","1","0","2","2","0","0","0","0","33","33","0","3","3","0","3","3","0","1","1","0","0","0","0","0","0","0","0","0","0","0","0","0","1","1","0","1","1","0","0","0","0","45","45"
"경기도교육청","경기도광명교육지원청","경기도 광명시","S090001213","소하초등학교","02","공립","N","","0","1","1","1","0","1","0","0","0","3","45","48","1","3","4","0","1","1","0","1","1","0","0","0","0","0","0","0","1","1","0","0","0","0","1","1","0","0","0","0","0","0","5","53","58"
"경기도교육청","경기도광명교육지원청","경기도 광명시","S090001214","안서초등학교","02","공립","N","","0","1","1","0","1","1","0","0","0","0","8","8","0","1","1","0","1","1","0","0","0","0","0","0","0","0","0","0","0","0","0","1","1","0","1","1","0","0","0","0","0","0","0","14","14"
"경기도교육청","경기도광명교육지원청","경기도 광명시","S090001215","연서초등학교","02","공립","N","","0","1","1","0","1","1","0","0","0","2","15","17","4","3","7","0","1","1","0","0","0","0","0","0","0","0","0","0","0","0","0","1","1","0","1","1","0","1","1","0","0","0","6","24","30"
"경기도교육청","경기도광명교육지원청","경기도 광명시","S090001216","온신초등학교","02","공립","N","","1","1","2","0","0","0","0","0","0","1","6","7","0","0","0","0","1","1","0","0","0","0","0","0","0","0","0","0","0","0","0","0","0","0","1","1","0","1","1","0","0","0","2","10","12"
"경기도교육청","경기도광명교육지원청","경기도 광명시","S090001217","철산초등학교","02","공립","N","","0","1","1","1","1","2","0","1","1","4","63","67","4","11","15","0","1","1","0","1","1","0","0","0","0","0","0","0","0","0","0","0","0","0","2","2","0","1","1","0","0","0","9","82","91"
"경기도교육청","경기도광명교육지원청","경기도 광명시","S090001218","하안남초등학교","02","공립","N","","0","1","1","0","1","1","0","0","0","2","21","23","0","0","0","0","0","0","0","2","2","0","0","0","0","0","0","0","0","0","0","0","0","0","1","1","0","0","0","0","0","0","2","26","28"
"경기도교육청","경기도광명교육지원청","경기도 광명시","S090001219","하안북초등학교","02","공립","N","","1","0","1","1","0","1","0","0","0","4","18","22","0","2","2","0","1","1","1","0","1","0","0","0","0","0","0","0","0","0","0","0","0","0","1","1","0","1","1","0","0","0","7","23","30"
"경기도교육청","경기도광명교육지원청","경기도 광명시","S090001220","하안초등학교","02","공립","N","","0","1","1","1","0","1","0","1","1","3","22","25","0","4","4","0","2","2","0","0","0","0","0","0","0","0","0","1","0","1","0","0","0","0","1","1","0","1","1","0","0","0","5","32","37"
"경기도교육청","경기도광명교육지원청","경기도 광명시","S090001221","하일초등학교","02","공립","N","","0","1","1","0","1","1","0","0","0","0","21","21","0","0","0","0","1","1","0","0","0","0","0","0","0","0","0","0","0","0","0","0","0","0","1","1","0","1","1","0","0","0","0","26","26"
"경기도교육청","경기도광주하남교육지원청","경기도 광주시","S090001279","경안초등학교","02","공립","N","","0","1","1","1","0","1","0","1","1","7","20","27","0","2","2","0","1","1","0","0","0","0","0","0","0","0","0","0","0","0","0","0","0","0","1","1","0","0","0","0","0","0","8","26","34"
"경기도교육청","경기도광주하남교육지원청","경기도 하남시","S090001280","고골초등학교","02","공립","N","","0","1","1","0","1","1","0","0","0","0","7","7","0","1","1","0","1","1","0","0","0","0","0","0","0","0","0","0","0","0","0","0","0","0","1","1","0","0","0","0","0","0","0","12","12"
"경기도교육청","경기도광주하남교육지원청","경기도 광주시","S090001281","곤지암초등학교","02","공립","N","","0","1","1","0","1","1","0","0","0","6","15","21","5","5","10","0","0","0","0","2","2","0","0","0","0","0","0","0","1","1","0","0","0","0","1","1","0","0","0","0","0","0","11","26","37"
"경기도교육청","경기도광주하남교육지원청","경기도 광주시","S090001282","광남초등학교","02","공립","N","","0","1","1","1","0","1","0","0","0","7","45","52","0","7","7","0","2","2","0","1","1","0","0","0","0","0","0","0","0","0","0","0","0","0","1","1","0","2","2","0","0","0","8","59","67"
"경기도교육청","경기도광주하남교육지원청","경기도 광주시","S090001284","광주광명초등학교","02","공립","N","","1","0","1","1","1","2","0","0","0","14","43","57","1","10","11","0","2","2","0","0","0","0","0","0","0","0","0","0","0","0","0","0","0","0","2","2","0","1","1","0","0","0","17","59","76"
"경기도교육청","경기도광주하남교육지원청","경기도 광주시","S090001285","광주매곡초등학교","02","공립","N","","1","0","1","0","1","1","0","0","0","10","42","52","1","2","3","0","2","2","0","0","0","0","0","0","0","0","0","0","0","0","0","1","1","0","1","1","0","1","1","0","0","0","12","50","62"
"경기도교육청","경기도광주하남교육지원청","경기도 광주시","S090001286","광주초등학교","02","공립","N","","0","1","1","2","0","2","1","0","1","7","39","46","7","6","13","0","3","3","1","0","1","0","0","0","0","0","0","0","0","0","0","0","0","0","2","2","0","1","1","0","0","0","18","52","70"
"경기도교육청","경기도광주하남교육지원청","경기도 광주시","S090001288","광지원초등학교","02","공립","N","","1","0","1","1","0","1","0","0","0","3","3","6","0","1","1","0","1","1","0","0","0","0","0","0","0","0","0","0","0","0","0","0","0","0","1","1","0","0","0","0","0","0","5","6","11"
"경기도교육청","경기도광주하남교육지원청","경기도 광주시","S090001289","남한산초등학교","02","공립","N","","1","0","1","0","1","1","0","0","0","1","6","7","0","0","0","0","0","0","0","0","0","0","0","0","0","0","0","0","0","0","0","0","0","0","1","1","0","0","0","0","0","0","2","8","10"
"경기도교육청","경기도광주하남교육지원청","경기도 하남시","S090001290","덕풍초등학교","02","공립","N","","1","0","1","0","1","1","0","0","0","3","22","25","2","4","6","0","1","1","0","0","0","0","0","0","0","0","0","0","1","1","0","0","0","0","1","1","0","1","1","0","0","0","6","31","37"
"경기도교육청","경기도광주하남교육지원청","경기도 광주시","S090001291","도곡초등학교","02","공립","N","","1","0","1","0","1","1","0","0","0","18","30","48","2","4","6","0","1","1","0","0","0","0","0","0","0","0","0","0","1","1","0","0","0","0","1","1","0","0","0","0","0","0","21","38","59"
"경기도교육청","경기도광주하남교육지원청","경기도 광주시","S090001292","도궁초등학교","02","공립","N","","0","1","1","1","0","1","0","0","0","4","3","7","0","1","1","0","0","0","0","0","0","0","0","0","0","0","0","0","0","0","0","0","0","0","1","1","0","0","0","0","0","0","5","6","11"
"경기도교육청","경기도광주하남교육지원청","경기도 광주시","S090001293","도수초등학교","02","공립","N","","1","1","2","0","0","0","0","0","0","13","16","29","0","4","4","0","1","1","0","0","0","0","0","0","0","0","0","0","0","0","0","0","0","0","1","1","0","1","1","0","0","0","14","24","38"
"경기도교육청","경기도구리남양주교육지원청","경기도 남양주시","S090001294","도심초등학교","02","공립","N","","0","2","2","0","0","0","0","1","1","7","17","24","0","2","2","0","1","1","0","0","0","0","0","0","0","0","0","0","0","0","0","0","0","0","1","1","0","0","0","0","0","0","7","24","31"
"경기도교육청","경기도광주하남교육지원청","경기도 광주시","S090001295","도척초등학교","02","공립","N","","1","0","1","0","1","1","0","0","0","5","6","11","1","1","2","0","1","1","0","0","0","0","0","0","0","0","0","0","0","0","0","1","1","0","2","2","0","1","1","0","0","0","7","13","20"
"경기도교육청","경기도광주하남교육지원청","경기도 하남시","S090001296","동부초등학교","02","공립","N","","0","1","1","0","1","1","0","0","0","7","20","27","2","4","6","0","2","2","0","0","0","0","0","0","0","0","0","0","1","1","0","0","0","0","1","1","0","1","1","1","1","2","10","32","42"
"경기도교육청","경기도광주하남교육지원청","경기도 광주시","S090001298","만선초등학교","02","공립","N","","0","1","1","0","1","1","0","0","0","4","4","8","0","0","0","0","1","1","0","0","0","0","0","0","0","0","0","0","0","0","0","1","1","0","1","1","0","1","1","0","0","0","4","10","14"
"경기도교육청","경기도광주하남교육지원청","경기도 하남시","S090001299","망월초등학교","02","공립","N","","0","1","1","1","1","2","0","0","0","9","61","70","6","4","10","0","1","1","0","1","1","0","0","0","0","0","0","0","1","1","0","0","0","0","2","2","0","1","1","0","0","0","16","73","89"
"경기도교육청","경기도광주하남교육지원청","경기도 광주시","S090001301","번천초등학교","02","공립","N","","0","1","1","0","1","1","0","0","0","2","5","7","1","2","3","0","0","0","0","0","0","0","0","0","0","0","0","0","0","0","0","0","0","0","1","1","0","1","1","0","0","0","3","11","14"
"경기도교육청","경기도광주하남교육지원청","경기도 광주시","S090001302","분원초등학교","02","공립","N","","0","1","1","0","1","1","0","0","0","3","3","6","0","1","1","0","0","0","0","0","0","0","0","0","0","0","0","0","0","0","0","0","0","0","1","1","0","0","0","0","0","0","3","7","10"
"경기도교육청","경기도광주하남교육지원청","경기도 하남시","S090001305","산곡초등학교","02","공립","N","","1","1","2","0","0","0","0","0","0","2","5","7","0","1","1","0","0","0","0","0","0","0","0","0","0","0","0","0","0","0","0","0","0","0","1","1","0","0","0","0","0","0","3","8","11"
"경기도교육청","경기도광주하남교육지원청","경기도 광주시","S090001306","삼리초등학교","02","공립","N","","0","2","2","0","0","0","0","0","0","11","20","31","1","3","4","0","1","1","1","0","1","0","0","0","0","0","0","0","1","1","0","0","0","0","2","2","0","0","0","0","0","0","13","29","42"
"경기도교육청","경기도광주하남교육지원청","경기도 하남시","S090001307","서부초등학교","02","공립","N","","1","0","1","0","1","1","0","0","0","1","6","7","0","0","0","1","0","1","0","0","0","0","0","0","0","0","0","0","0","0","0","1","1","0","1","1","0","0","0","0","0","0","3","9","12"
"경기도교육청","경기도광주하남교육지원청","경기도 광주시","S090001308","선동초등학교","02","공립","N","","0","1","1","0","1","1","0","0","0","4","4","8","0","1","1","0","1","1","0","1","1","0","0","0","0","0","0","0","0","0","0","0","0","0","1","1","0","0","0","0","0","0","4","10","14"
"경기도교육청","경기도광주하남교육지원청","경기도 하남시","S090001309","신장초등학교","02","공립","N","","1","0","1","1","0","1","0","1","1","6","21","27","1","8","9","0","1","1","0","0","0","0","0","0","0","0","0","0","0","0","0","0","0","0","1","1","0","1","1","0","0","0","9","33","42"
"경기도교육청","경기도광주하남교육지원청","경기도 광주시","S090001310","쌍령초등학교","02","공립","N","","1","0","1","1","0","1","0","0","0","3","19","22","5","1","6","1","0","1","0","0","0","0","0","0","0","0","0","0","1","1","0","1","1","0","1","1","0","0","0","0","0","0","11","23","34"
"경기도교육청","경기도광주하남교육지원청","경기도 광주시","S090001311","오포초등학교","02","공립","N","","1","0","1","1","0","1","0","0","0","5","24","29","4","6","10","0","1","1","0","0","0","0","0","0","0","0","0","0","1","1","0","0","0","0","1","1","0","0","0","0","0","0","11","33","44"
"경기도교육청","경기도광주하남교육지원청","경기도 하남시","S090001312","창우초등학교","02","공립","N","","0","1","1","0","1","1","0","0","0","3","22","25","1","1","2","0","1","1","0","0","0","0","0","0","0","0","0","0","0","0","0","0","0","0","1","1","0","1","1","0","0","0","4","28","32"
"경기도교육청","경기도광주하남교육지원청","경기도 광주시","S090001314","초월초등학교","02","공립","N","","0","1","1","0","1","1","0","0","0","6","5","11","2","1","3","1","0","1","0","0","0","0","0","0","0","0","0","0","0","0","0","0","0","0","1","1","0","0","0","0","0","0","9","9","18"
"경기도교육청","경기도광주하남교육지원청","경기도 광주시","S090001315","탄벌초등학교","02","공립","N","","0","1","1","1","1","2","0","0","0","13","54","67","3","10","13","0","1","1","0","0","0","0","0","0","0","0","0","0","1","1","0","0","0","0","1","1","0","1","1","0","0","0","17","70","87"
"경기도교육청","경기도광주하남교육지원청","경기도 광주시","S090001316","태전초등학교","02","공립","N","","1","0","1","1","0","1","0","0","0","3","32","35","2","3","5","0","2","2","0","0","0","0","0","0","0","0","0","0","1","1","0","0","0","0","1","1","0","0","0","0","0","0","7","39","46"
"경기도교육청","경기도광주하남교육지원청","경기도 하남시","S090001317","하남천현초등학교","02","공립","N","","1","0","1","1","0","1","0","0","0","3","13","16","1","0","1","0","2","2","0","1","1","0","0","0","0","0","0","0","0","0","0","0","0","0","1","1","0","1","1","0","0","0","6","18","24"
"경기도교육청","경기도광주하남교육지원청","경기도 하남시","S090001318","하남초등학교","02","공립","N","","0","1","1","0","1","1","0","0","0","3","21","24","0","8","8","0","1","1","0","1","1","0","0","0","0","0","0","0","0","0","0","0","0","0","1","1","0","0","0","0","0","0","3","34","37"
"경기도교육청","경기도군포의왕교육지원청","경기도 의왕시","S090001380","갈뫼초등학교","02","공립","N","","0","1","1","0","1","1","0","1","1","2","21","23","1","4","5","0","1","1","0","1","1","0","0","0","0","0","0","0","1","1","0","0","0","0","1","1","0","0","0","1","0","1","4","32","36"
"경기도교육청","경기도군포의왕교육지원청","경기도 의왕시","S090001381","고천초등학교","02","공립","N","","1","0","1","1","0","1","0","0","0","4","16","20","1","0","1","0","1","1","0","1","1","0","0","0","0","0","0","0","0","0","0","1","1","0","1","1","0","0","0","0","0","0","7","20","27"
"경기도교육청","경기도군포의왕교육지원청","경기도 군포시","S090001382","곡란초등학교","02","공립","N","","0","1","1","0","2","2","0","0","0","2","12","14","0","2","2","0","0","0","0","0","0","0","0","0","0","0","0","0","0","0","0","1","1","0","1","1","0","0","0","0","0","0","2","19","21"
"경기도교육청","경기도군포의왕교육지원청","경기도 군포시","S090001383","관모초등학교","02","공립","N","","0","1","1","0","1","1","0","0","0","1","15","16","0","1","1","0","2","2","0","0","0","0","0","0","0","0","0","0","0","0","0","0","0","0","1","1","0","1","1","0","0","0","1","22","23"
"경기도교육청","경기도군포의왕교육지원청","경기도 군포시","S090001384","광정초등학교","02","공립","N","","0","1","1","1","0","1","0","0","0","1","26","27","0","2","2","0","0","0","0","2","2","0","0","0","0","0","0","0","0","0","0","0","0","0","1","1","0","2","2","0","0","0","2","34","36"
"경기도교육청","경기도군포의왕교육지원청","경기도 군포시","S090001385","군포양정초등학교","02","공립","N","","0","1","1","1","0","1","0","0","0","3","32","35","0","2","2","0","2","2","0","0","0","0","0","0","0","0","0","0","1","1","0","1","1","0","1","1","0","1","1","0","0","0","4","41","45"
"경기도교육청","경기도군포의왕교육지원청","경기도 군포시","S090001386","군포옥천초등학교","02","공립","N","","1","0","1","0","1","1","0","0","0","3","14","17","0","1","1","0","0","0","0","0","0","0","0","0","0","0","0","0","0","0","0","0","0","0","1","1","0","0","0","0","0","0","4","17","21"
"경기도교육청","경기도군포의왕교육지원청","경기도 군포시","S090001387","군포초등학교","02","공립","N","","0","1","1","1","0","1","0","0","0","4","37","41","1","3","4","0","2","2","0","0","0","0","0","0","0","0","0","0","1","1","0","0","0","0","1","1","0","1","1","0","0","0","6","46","52"
"경기도교육청","경기도군포의왕교육지원청","경기도 군포시","S090001388","군포화산초등학교","02","공립","N","","0","1","1","0","1","1","0","0","0","2","10","12","1","2","3","0","1","1","0","1","1","0","0","0","0","0","0","0","0","0","0","0","0","0","1","1","0","1","1","0","0","0","3","18","21"
"경기도교육청","경기도군포의왕교육지원청","경기도 군포시","S090001389","궁내초등학교","02","공립","N","","0","1","1","0","1","1","0","0","0","4","25","29","2","3","5","0","0","0","0","0","0","0","0","0","0","0","0","0","0","0","0","0","0","0","1","1","0","1","1","0","0","0","6","32","38"
"경기도교육청","경기도군포의왕교육지원청","경기도 군포시","S090001390","금정초등학교","02","공립","N","","0","1","1","0","1","1","0","0","0","5","22","27","1","1","2","1","1","2","0","0","0","0","0","0","0","0","0","0","0","0","0","0","0","0","1","1","0","1","1","0","0","0","7","28","35"
"경기도교육청","경기도군포의왕교육지원청","경기도 의왕시","S090001391","내손초등학교","02","공립","N","","1","0","1","0","1","1","0","0","0","2","10","12","0","1","1","0","1","1","0","1","1","0","0","0","0","0","0","0","0","0","0","0","0","0","1","1","0","1","1","0","0","0","3","16","19"
"경기도교육청","경기도군포의왕교육지원청","경기도 군포시","S090001392","능내초등학교","02","공립","N","","0","1","1","0","1","1","0","0","0","1","25","26","1","1","2","0","0","0","0","1","1","0","0","0","0","0","0","0","0","0","0","0","0","0","1","1","0","1","1","0","0","0","2","31","33"
"경기도교육청","경기도군포의왕교육지원청","경기도 의왕시","S090001393","덕장초등학교","02","공립","N","","0","1","1","0","1","1","0","0","0","3","18","21","2","0","2","0","2","2","1","0","1","0","0","0","0","0","0","0","1","1","0","0","0","0","1","1","0","0","0","0","0","0","6","24","30"
"경기도교육청","경기도군포의왕교육지원청","경기도 군포시","S090001394","도장초등학교","02","공립","N","","0","1","1","0","1","1","0","0","0","3","3","6","0","2","2","0","0","0","0","2","2","0","0","0","0","0","0","0","0","0","0","0","0","0","1","1","0","0","0","0","0","0","3","10","13"
"경기도교육청","경기도군포의왕교육지원청","경기도 군포시","S090001395","둔대초등학교","02","공립","N","","1","0","1","0","1","1","0","0","0","3","7","10","0","6","6","0","0","0","0","1","1","0","0","0","0","0","0","0","2","2","0","0","0","0","1","1","0","0","0","0","0","0","4","18","22"
"경기도교육청","경기도군포의왕교육지원청","경기도 군포시","S090001396","둔전초등학교","02","공립","N","","0","2","2","0","0","0","0","1","1","1","34","35","0","4","4","0","3","3","0","0","0","0","0","0","0","0","0","0","0","0","0","0","0","0","1","1","0","0","0","0","0","0","1","45","46"
"경기도교육청","경기도군포의왕교육지원청","경기도 의왕시","S090001397","백운초등학교","02","공립","N","","0","1","1","1","0","1","0","1","1","1","33","34","2","3","5","0","2","2","0","0","0","0","0","0","0","0","0","0","0","0","0","0","0","0","1","1","0","2","2","1","2","3","5","45","50"
"경기도교육청","경기도군포의왕교육지원청","경기도 군포시","S090001399","산본초등학교","02","공립","N","","1","1","2","0","0","0","0","0","0","2","29","31","2","7","9","0","0","0","0","1","1","0","0","0","0","0","0","0","0","0","0","1","1","0","1","1","0","1","1","0","0","0","5","41","46"
"경기도교육청","경기도군포의왕교육지원청","경기도 군포시","S090001400","수리초등학교","02","공립","N","","0","1","1","0","1","1","0","0","0","3","9","12","0","3","3","0","1","1","0","0","0","0","0","0","0","0","0","0","0","0","0","1","1","0","1","1","0","0","0","0","0","0","3","17","20"
"경기도교육청","경기도군포의왕교육지원청","경기도 군포시","S090001401","신흥초등학교","02","공립","N","","0","2","2","0","0","0","0","0","0","2","20","22","0","1","1","1","0","1","0","0","0","0","0","0","0","0","0","0","0","0","0","0","0","0","1","1","0","0","0","0","0","0","3","24","27"
"경기도교육청","경기도군포의왕교육지원청","경기도 군포시","S090001403","오금초등학교","02","공립","N","","0","1","1","1","0","1","0","0","0","1","18","19","0","4","4","0","1","1","0","1","1","0","0","0","0","0","0","1","0","1","0","1","1","0","1","1","0","1","1","0","0","0","3","28","31"
"경기도교육청","경기도군포의왕교육지원청","경기도 의왕시","S090001404","오전초등학교","02","공립","N","","1","0","1","0","1","1","0","0","0","2","13","15","0","2","2","0","3","3","0","1","1","0","0","0","0","0","0","0","0","0","0","1","1","0","2","2","0","1","1","1","0","1","4","24","28"
"경기도교육청","경기도군포의왕교육지원청","경기도 의왕시","S090001405","왕곡초등학교","02","공립","N","","1","0","1","2","0","2","0","0","0","2","15","17","1","1","2","0","1","1","0","0","0","0","0","0","0","0","0","0","0","0","0","0","0","0","1","1","0","0","0","0","1","1","6","19","25"
"경기도교육청","경기도군포의왕교육지원청","경기도 군포시","S090001406","용호초등학교","02","공립","N","","0","1","1","0","1","1","0","0","0","2","13","15","1","0","1","0","0","0","0","1","1","0","0","0","0","0","0","0","0","0","0","1","1","0","1","1","0","0","0","0","0","0","3","18","21"
"경기도교육청","경기도군포의왕교육지원청","경기도 의왕시","S090001407","의왕덕성초등학교","02","공립","N","","0","1","1","1","0","1","0","0","0","7","35","42","0","2","2","0","0","0","0","1","1","0","0","0","0","0","0","0","2","2","0","0","0","0","1","1","0","0","0","1","0","1","9","42","51"
"경기도교육청","경기도군포의왕교육지원청","경기도 의왕시","S090001408","의왕부곡초등학교","02","공립","N","","1","0","1","1","0","1","0","0","0","3","21","24","0","1","1","0","3","3","0","1","1","0","0","0","0","0","0","0","1","1","0","0","0","0","2","2","0","1","1","0","0","0","5","30","35"
"경기도교육청","경기도군포의왕교육지원청","경기도 의왕시","S090001409","의왕초등학교","02","공립","N","","0","1","1","1","0","1","0","0","0","3","40","43","4","6","10","0","1","1","0","0","0","0","0","0","0","0","0","0","0","0","0","1","1","0","1","1","0","1","1","0","0","0","8","51","59"
"경기도교육청","경기도군포의왕교육지원청","경기도 군포시","S090001410","태을초등학교","02","공립","N","","1","0","1","0","1","1","0","0","0","4","17","21","1","4","5","0","1","1","0","0","0","0","0","0","0","0","0","0","0","0","0","0","0","0","1","1","0","1","1","0","0","0","6","25","31"
"경기도교육청","경기도군포의왕교육지원청","경기도 군포시","S090001413","흥진초등학교","02","공립","N","","1","0","1","0","1","1","0","0","0","4","30","34","0","3","3","0","0","0","0","1","1","0","0","0","0","0","0","0","0","0","0","0","0","0","1","1","0","1","1","0","0","0","5","37","42"
"경기도교육청","경기도김포교육지원청","경기도 김포시","S090001498","감정초등학교","02","공립","N","","0","1","1","2","0","2","0","0","0","7","29","36","2","16","18","0","1","1","0","2","2","0","0","0","0","0","0","0","1","1","0","0","0","0","1","1","0","1","1","0","0","0","11","52","63"
"경기도교육청","경기도김포교육지원청","경기도 김포시","S090001499","개곡초등학교","02","공립","N","","0","1","1","0","1","1","0","0","0","4","3","7","0","0","0","0","0","0","0","0","0","0","0","0","0","0","0","0","0","0","0","0","0","0","1","1","0","0","0","0","0","0","4","6","10"
"경기도교육청","경기도김포교육지원청","경기도 김포시","S090001501","고창초등학교","02","공립","N","","1","0","1","2","0","2","0","0","0","6","23","29","0","6","6","0","1","1","0","0","0","0","0","0","0","0","0","0","0","0","0","0","0","0","2","2","0","1","1","0","0","0","9","33","42"
"경기도교육청","경기도김포교육지원청","경기도 김포시","S090001502","고촌초등학교","02","공립","N","","0","2","2","0","0","0","0","0","0","10","16","26","0","3","3","0","1","1","0","0","0","0","0","0","0","0","0","0","0","0","0","1","1","0","1","1","0","1","1","0","0","0","10","25","35"
"경기도교육청","경기도김포교육지원청","경기도 김포시","S090001503","금란초등학교","02","공립","N","","0","1","1","1","0","1","0","0","0","1","12","13","1","0","1","0","0","0","0","0","0","0","0","0","0","0","0","0","0","0","0","1","1","0","1","1","0","0","0","0","0","0","3","15","18"
"경기도교육청","경기도김포교육지원청","경기도 김포시","S090001504","금성초등학교","02","공립","N","","0","1","1","1","0","1","0","0","0","5","2","7","0","0","0","0","0","0","0","0","0","0","0","0","0","0","0","0","0","0","0","1","1","0","1","1","0","0","0","0","0","0","6","5","11"
"경기도교육청","경기도김포교육지원청","경기도 김포시","S090001505","금파초등학교","02","공립","N","","0","1","1","1","0","1","0","1","1","10","20","30","0","2","2","0","0","0","1","1","2","0","0","0","0","0","0","0","0","0","0","0","0","0","1","1","0","1","1","0","0","0","12","27","39"
"경기도교육청","경기도김포교육지원청","경기도 김포시","S090001506","양도초등학교","02","공립","N","","1","0","1","0","1","1","0","0","0","5","27","32","1","5","6","0","0","0","0","1","1","0","0","0","0","0","0","0","0","0","0","0","0","0","1","1","0","0","0","0","0","0","7","35","42"
"경기도교육청","경기도김포교육지원청","경기도 김포시","S090001507","김포대명초등학교","02","공립","N","","1","0","1","0","1","1","0","0","0","3","1","4","1","2","3","0","0","0","0","0","0","0","0","0","0","0","0","0","0","0","0","1","1","0","1","1","0","0","0","0","0","0","5","6","11"
"경기도교육청","경기도김포교육지원청","경기도 김포시","S090001508","김포서초등학교","02","공립","N","","0","1","1","0","1","1","0","0","0","7","14","21","1","4","5","0","3","3","0","1","1","0","0","0","0","0","0","0","0","0","0","1","1","0","1","1","0","1","1","0","0","0","8","27","35"
"경기도교육청","경기도김포교육지원청","경기도 김포시","S090001509","김포초등학교","02","공립","N","","0","1","1","0","1","1","0","0","0","1","10","11","0","5","5","0","1","1","0","0","0","0","0","0","0","0","0","0","0","0","0","0","0","0","1","1","0","1","1","0","0","0","1","20","21"
"경기도교육청","경기도김포교육지원청","경기도 김포시","S090001512","대곶초등학교","02","공립","N","","0","1","1","1","0","1","0","0","0","5","8","13","0","1","1","0","0","0","0","1","1","0","0","0","0","0","0","0","0","0","0","1","1","0","1","1","0","1","1","0","0","0","6","14","20"
"경기도교육청","경기도김포교육지원청","경기도 김포시","S090001514","마송초등학교","02","공립","N","","0","1","1","0","1","1","0","0","0","5","5","10","1","1","2","0","0","0","0","0","0","0","0","0","0","0","0","0","0","0","0","1","1","0","1","1","0","0","0","0","0","0","6","10","16"
"경기도교육청","경기도김포교육지원청","경기도 김포시","S090001516","사우초등학교","02","공립","N","","0","1","1","2","0","2","0","0","0","5","32","37","0","5","5","0","1","1","0","1","1","0","0","0","0","0","0","0","0","0","0","0","0","0","1","1","0","1","1","0","0","0","7","42","49"
"경기도교육청","경기도김포교육지원청","경기도 김포시","S090001517","서암초등학교","02","공립","N","","1","1","2","1","0","1","0","0","0","8","4","12","0","1","1","1","1","2","0","0","0","0","0","0","0","0","0","0","0","0","0","1","1","0","1","1","0","1","1","0","0","0","11","10","21"
"경기도교육청","경기도김포교육지원청","경기도 김포시","S090001518","석정초등학교","02","공립","N","","1","0","1","1","0","1","0","0","0","4","4","8","0","0","0","0","1","1","0","1","1","0","0","0","0","0","0","0","0","0","0","1","1","0","1","1","0","0","0","0","0","0","6","8","14"
"경기도교육청","경기도김포교육지원청","경기도 김포시","S090001519","수남초등학교","02","공립","N","","1","0","1","1","0","1","0","0","0","1","3","4","1","1","2","0","0","0","0","0","0","0","0","0","0","0","0","0","0","0","0","0","0","0","1","1","0","0","0","0","0","0","4","5","9"
"경기도교육청","경기도김포교육지원청","경기도 김포시","S090001520","양곡초등학교","02","공립","N","","1","0","1","0","1","1","0","0","0","9","10","19","0","5","5","1","2","3","0","0","0","0","0","0","0","0","0","0","0","0","0","0","0","0","1","1","0","0","0","0","0","0","11","19","30"
"경기도교육청","경기도김포교육지원청","경기도 김포시","S090001521","옹정초등학교","02","공립","N","","1","0","1","1","0","1","0","0","0","5","0","5","1","2","3","0","0","0","0","0","0","0","0","0","0","0","0","0","0","0","0","0","0","0","1","1","0","1","1","0","0","0","8","4","12"
"경기도교육청","경기도김포교육지원청","경기도 김포시","S090001522","운양초등학교","02","공립","N","","1","0","1","1","0","1","0","0","0","5","40","45","4","12","16","0","1","1","0","1","1","0","0","0","0","0","0","0","1","1","0","0","0","0","2","2","0","0","0","0","0","0","11","57","68"
"경기도교육청","경기도김포교육지원청","경기도 김포시","S090001523","월곶초등학교","02","공립","N","","1","0","1","1","0","1","0","0","0","3","5","8","1","1","2","1","0","1","0","0","0","0","0","0","0","0","0","0","0","0","0","0","0","0","1","1","0","1","1","0","0","0","7","8","15"
"경기도교육청","경기도김포교육지원청","경기도 김포시","S090001525","유현초등학교","02","공립","N","","1","0","1","0","2","2","0","0","0","5","62","67","3","4","7","0","2","2","0","0","0","0","0","0","0","0","0","0","1","1","0","0","0","0","2","2","0","1","1","0","0","0","9","74","83"
"경기도교육청","경기도김포교육지원청","경기도 김포시","S090001527","풍무초등학교","02","공립","N","","1","0","1","1","0","1","0","0","0","4","40","44","1","8","9","0","0","0","1","0","1","0","0","0","0","0","0","0","0","0","0","0","0","0","1","1","0","1","1","0","0","0","8","50","58"
"경기도교육청","경기도김포교육지원청","경기도 김포시","S090001528","하성초등학교","02","공립","N","","1","1","2","0","0","0","0","0","0","3","4","7","3","0","3","1","0","1","0","0","0","0","0","0","0","0","0","0","0","0","0","0","0","0","1","1","0","0","0","0","1","1","8","7","15"
"경기도교육청","경기도김포교육지원청","경기도 김포시","S090001529","학운초등학교","02","공립","N","","1","0","1","0","1","1","0","0","0","10","3","13","0","4","4","0","0","0","0","0","0","0","0","0","0","0","0","0","0","0","0","0","0","0","1","1","0","0","0","0","0","0","11","9","20"
"경기도교육청","경기도구리남양주교육지원청","경기도 남양주시","S090001600","가곡초등학교","02","공립","N","","0","1","1","0","1","1","0","0","0","5","9","14","2","11","13","0","0","0","0","1","1","0","0","0","0","0","0","0","0","0","0","1","1","0","1","1","0","0","0","0","0","0","7","25","32"
"경기도교육청","경기도구리남양주교육지원청","경기도 남양주시","S090001601","가양초등학교","02","공립","N","","0","1","1","1","0","1","0","0","0","1","5","6","3","0","3","0","0","0","0","0","0","0","0","0","0","0","0","0","0","0","0","0","0","0","1","1","0","0","0","0","0","0","5","7","12"
"경기도교육청","경기도구리남양주교육지원청","경기도 구리시","S090001603","갈매초등학교","02","공립","N","","1","1","2","1","1","2","0","0","0","11","47","58","2","7","9","0","2","2","0","1","1","0","0","0","0","0","0","0","0","0","0","1","1","0","3","3","0","0","0","0","0","0","15","63","78"
"경기도교육청","경기도구리남양주교육지원청","경기도 남양주시","S090001604","광릉초등학교","02","공립","N","","0","1","1","0","1","1","0","0","0","5","6","11","3","3","6","0","2","2","0","0","0","0","0","0","0","0","0","0","0","0","0","0","0","0","1","1","0","0","0","0","0","0","8","14","22"
"경기도교육청","경기도구리남양주교육지원청","경기도 구리시","S090001605","교문초등학교","02","공립","N","","0","1","1","1","0","1","0","0","0","4","19","23","0","3","3","0","0","0","0","2","2","0","0","0","0","0","0","0","1","1","0","1","1","0","1","1","0","1","1","0","0","0","5","29","34"
"경기도교육청","경기도구리남양주교육지원청","경기도 구리시","S090001606","구리초등학교","02","공립","N","","0","1","1","0","1","1","0","0","0","2","18","20","2","5","7","0","1","1","0","1","1","0","0","0","0","0","0","0","1","1","0","0","0","0","1","1","0","1","1","0","0","0","4","30","34"
"경기도교육청","경기도구리남양주교육지원청","경기도 구리시","S090001607","구지초등학교","02","공립","N","","1","0","1","1","0","1","0","0","0","5","30","35","1","4","5","0","1","1","0","0","0","0","0","0","0","0","0","0","1","1","0","0","0","0","1","1","0","1","1","0","0","0","8","38","46"
"경기도교육청","경기도구리남양주교육지원청","경기도 남양주시","S090001608","금교초등학교","02","공립","N","","0","1","1","0","1","1","0","0","0","1","24","25","2","5","7","0","1","1","0","0","0","0","0","0","0","0","0","0","0","0","0","0","0","0","1","1","0","1","1","0","1","1","3","35","38"
"경기도교육청","경기도구리남양주교육지원청","경기도 남양주시","S090001609","금남초등학교","02","공립","N","","0","1","1","0","1","1","0","0","0","2","5","7","0","0","0","0","1","1","0","0","0","0","0","0","0","0","0","0","0","0","0","0","0","0","1","1","0","0","0","0","0","0","2","9","11"
"경기도교육청","경기도구리남양주교육지원청","경기도 남양주시","S090001611","남양주금곡초등학교","02","공립","N","","2","0","2","0","0","0","0","0","0","4","14","18","1","0","1","0","1","1","0","0","0","0","0","0","0","0","0","0","0","0","0","1","1","0","1","1","0","1","1","0","0","0","7","18","25"
"경기도교육청","경기도구리남양주교육지원청","경기도 남양주시","S090001612","남양주도곡초등학교","02","공립","N","","1","0","1","0","1","1","0","0","0","10","20","30","0","1","1","0","1","1","1","0","1","0","0","0","0","0","0","0","1","1","0","1","1","0","1","1","0","1","1","0","0","0","12","27","39"
"경기도교육청","경기도구리남양주교육지원청","경기도 남양주시","S090001613","남양주동곡초등학교","02","공립","N","","0","1","1","0","1","1","0","0","0","3","9","12","0","1","1","0","0","0","0","2","2","0","0","0","0","0","0","0","0","0","0","0","0","0","2","2","0","0","0","0","1","1","3","17","20"
"경기도교육청","경기도구리남양주교육지원청","경기도 남양주시","S090001614","남양주미금초등학교","02","공립","N","","0","1","1","1","0","1","0","0","0","3","23","26","2","4","6","0","1","1","0","0","0","0","0","0","0","0","0","0","0","0","0","1","1","0","1","1","0","1","1","0","0","0","6","32","38"
"경기도교육청","경기도구리남양주교육지원청","경기도 남양주시","S090001615","남양주송라초등학교","02","공립","N","","1","0","1","0","1","1","0","0","0","5","36","41","0","5","5","0","2","2","1","1","2","0","0","0","0","0","0","0","1","1","0","0","0","0","1","1","0","0","0","0","0","0","7","47","54"
"경기도교육청","경기도구리남양주교육지원청","경기도 남양주시","S090001616","남양주송촌초등학교","02","공립","N","","0","1","1","0","1","1","0","0","0","2","4","6","1","0","1","0","0","0","0","0","0","0","0","0","0","0","0","0","0","0","0","1","1","0","1","1","0","0","0","0","0","0","3","8","11"
"경기도교육청","경기도구리남양주교육지원청","경기도 남양주시","S090001617","남양주양정초등학교","02","공립","N","","1","0","1","2","0","2","0","0","0","3","18","21","2","3","5","0","1","1","0","0","0","0","0","0","0","0","0","0","0","0","0","1","1","0","1","1","0","0","0","0","0","0","8","24","32"
"경기도교육청","경기도구리남양주교육지원청","경기도 남양주시","S090001618","남양주양지초등학교","02","공립","N","","0","1","1","0","1","1","0","0","0","8","13","21","0","1","1","0","1","1","0","0","0","0","0","0","0","0","0","0","0","0","0","0","0","0","1","1","0","1","1","0","0","0","8","19","27"
"경기도교육청","경기도구리남양주교육지원청","경기도 남양주시","S090001619","남양주월문초등학교","02","공립","N","","1","0","1","1","0","1","0","0","0","4","3","7","0","0","0","0","0","0","0","0","0","0","0","0","0","0","0","0","0","0","0","1","1","0","1","1","0","1","1","0","0","0","6","6","12"
"경기도교육청","경기도구리남양주교육지원청","경기도 구리시","S090001620","내양초등학교","02","공립","N","","1","0","1","0","1","1","0","0","0","4","3","7","0","0","0","0","0","0","0","1","1","0","0","0","0","0","0","0","0","0","0","1","1","0","1","1","0","0","0","0","0","0","5","7","12"
"경기도교육청","경기도구리남양주교육지원청","경기도 남양주시","S090001621","답내초등학교","02","공립","N","","0","1","1","1","0","1","0","0","0","6","1","7","0","1","1","0","0","0","0","0","0","0","0","0","0","0","0","0","0","0","0","0","0","0","1","1","0","1","1","0","0","0","7","5","12"
"경기도교육청","경기도구리남양주교육지원청","경기도 남양주시","S090001622","덕소초등학교","02","공립","N","","1","0","1","0","1","1","0","0","0","7","11","18","0","3","3","0","2","2","0","0","0","0","0","0","0","0","0","0","0","0","0","0","0","0","1","1","0","1","1","0","1","1","8","20","28"
"경기도교육청","경기도구리남양주교육지원청","경기도 남양주시","S090001624","도농초등학교","02","공립","N","","0","1","1","2","0","2","0","0","0","7","30","37","0","3","3","0","1","1","0","0","0","0","0","0","0","0","0","0","1","1","0","1","1","0","1","1","0","0","0","0","0","0","9","38","47"
"경기도교육청","경기도구리남양주교육지원청","경기도 구리시","S090001625","도림초등학교","02","공립","N","","0","1","1","1","0","1","0","0","0","2","5","7","0","3","3","0","0","0","0","2","2","0","0","0","0","0","0","0","0","0","0","0","0","0","1","1","0","0","0","0","0","0","3","12","15"
"경기도교육청","경기도구리남양주교육지원청","경기도 남양주시","S090001626","도제원초등학교","02","공립","N","","1","0","1","0","1","1","0","0","0","9","16","25","2","5","7","0","1","1","0","1","1","0","0","0","0","0","0","0","0","0","0","1","1","0","1","1","0","0","0","0","0","0","12","26","38"
"경기도교육청","경기도구리남양주교육지원청","경기도 구리시","S090001627","동구초등학교","02","공립","N","","0","1","1","0","1","1","0","0","0","0","19","19","2","2","4","0","1","1","0","0","0","0","0","0","0","0","0","0","1","1","0","1","1","0","1","1","0","2","2","0","0","0","2","29","31"
"경기도교육청","경기도구리남양주교육지원청","경기도 구리시","S090001628","동인초등학교","02","공립","N","","1","1","2","0","1","1","0","0","0","6","49","55","0","2","2","0","1","1","0","2","2","0","0","0","0","0","0","0","1","1","0","1","1","0","1","1","0","1","1","0","0","0","7","60","67"
"경기도교육청","경기도구리남양주교육지원청","경기도 남양주시","S090001629","마석초등학교","02","공립","N","","0","1","1","0","1","1","0","0","0","5","28","33","0","4","4","0","3","3","0","0","0","0","0","0","0","0","0","0","1","1","0","0","0","0","1","1","0","1","1","0","0","0","5","40","45"
"경기도교육청","경기도구리남양주교육지원청","경기도 구리시","S090001632","백문초등학교","02","공립","N","","0","1","1","1","0","1","0","0","0","5","32","37","4","10","14","0","2","2","0","0","0","0","0","0","0","0","0","0","0","0","0","0","0","0","1","1","0","1","1","0","0","0","10","47","57"
"경기도교육청","경기도구리남양주교육지원청","경기도 남양주시","S090001634","별내초등학교","02","공립","N","","0","1","1","1","0","1","0","0","0","6","35","41","2","3","5","0","1","1","0","1","1","0","0","0","0","0","0","0","1","1","0","0","0","0","1","1","0","1","1","0","0","0","9","44","53"
"경기도교육청","경기도구리남양주교육지원청","경기도 구리시","S090001635","부양초등학교","02","공립","N","","1","0","1","1","0","1","0","0","0","6","20","26","0","3","3","1","1","2","0","1","1","0","0","0","0","0","0","0","0","0","0","0","0","0","1","1","0","1","1","0","0","0","9","27","36"
"경기도교육청","경기도구리남양주교육지원청","경기도 남양주시","S090001638","수동초등학교","02","공립","N","","0","1","1","0","1","1","0","0","0","2","4","6","0","2","2","0","0","0","0","1","1","0","0","0","0","0","0","0","0","0","0","0","0","0","1","1","0","1","1","0","0","0","2","11","13"
"경기도교육청","경기도구리남양주교육지원청","경기도 남양주시","S090001639","수동초등학교송천분교장","02","공립","N","","0","0","0","0","0","0","0","0","0","3","2","5","2","0","2","0","1","1","0","1","1","0","0","0","0","0","0","0","0","0","0","0","0","0","1","1","0","0","0","0","0","0","5","5","10"
"경기도교육청","경기도구리남양주교육지원청","경기도 구리시","S090001640","수택초등학교","02","공립","N","","0","1","1","0","1","1","0","0","0","3","18","21","0","2","2","0","1","1","0","0","0","0","0","0","0","0","0","0","2","2","0","0","0","0","1","1","0","1","1","0","0","0","3","27","30"
"경기도교육청","경기도구리남양주교육지원청","경기도 남양주시","S090001641","심석초등학교","02","사립","N","","0","0","0","0","1","1","0","0","0","7","11","18","1","3","4","0","0","0","0","0","0","0","0","0","0","0","0","0","0","0","0","0","0","0","1","1","0","1","1","4","11","15","12","28","40"
"경기도교육청","경기도구리남양주교육지원청","경기도 남양주시","S090001644","오남초등학교","02","공립","N","","1","0","1","1","0","1","0","0","0","8","11","19","0","1","1","0","1","1","0","0","0","0","0","0","0","0","0","0","0","0","0","0","0","0","1","1","0","1","1","0","0","0","10","15","25"
"경기도교육청","경기도구리남양주교육지원청","경기도 남양주시","S090001645","와부초등학교","02","공립","N","","0","1","1","1","0","1","0","0","0","13","27","40","1","2","3","0","0","0","0","0","0","0","0","0","0","0","0","0","1","1","0","0","0","0","1","1","0","1","1","0","0","0","15","33","48"
"경기도교육청","경기도구리남양주교육지원청","경기도 남양주시","S090001646","용신초등학교","02","공립","N","","0","1","1","1","0","1","0","0","0","4","9","13","1","0","1","0","0","0","0","1","1","0","0","0","0","0","0","0","0","0","0","1","1","0","1","1","0","1","1","0","0","0","6","14","20"
"경기도교육청","경기도구리남양주교육지원청","경기도 구리시","S090001648","인창초등학교","02","공립","N","","0","1","1","1","0","1","0","0","0","5","16","21","0","2","2","0","0","0","0","2","2","0","0","0","0","0","0","0","0","0","0","0","0","0","1","1","0","1","1","0","0","0","6","23","29"
"경기도교육청","경기도구리남양주교육지원청","경기도 남양주시","S090001649","장승초등학교","02","공립","N","","0","1","1","0","1","1","0","0","0","8","30","38","0","3","3","0","0","0","0","2","2","0","0","0","0","0","0","0","1","1","0","1","1","0","1","1","0","0","0","0","0","0","8","40","48"
"경기도교육청","경기도구리남양주교육지원청","경기도 구리시","S090001650","장자초등학교","02","공립","N","","1","0","1","0","1","1","0","0","0","3","30","33","0","2","2","0","0","0","0","0","0","0","0","0","0","0","0","0","0","0","0","0","0","0","1","1","0","0","0","0","0","0","4","34","38"
"경기도교육청","경기도구리남양주교육지원청","경기도 남양주시","S090001651","장현초등학교","02","공립","N","","0","1","1","1","0","1","0","0","0","7","19","26","2","1","3","1","1","2","0","0","0","0","0","0","0","0","0","0","0","0","0","1","1","0","1","1","0","1","1","0","0","0","11","25","36"
"경기도교육청","경기도구리남양주교육지원청","경기도 남양주시","S090001652","조안초등학교","02","공립","N","","0","0","0","1","0","1","0","0","0","4","6","10","0","0","0","0","0","0","0","0","0","0","0","0","0","0","0","0","0","0","0","0","0","0","1","1","0","0","0","0","0","0","5","7","12"
"경기도교육청","경기도구리남양주교육지원청","경기도 남양주시","S090001653","진건초등학교","02","공립","N","","1","1","2","0","0","0","0","0","0","4","11","15","0","6","6","0","2","2","0","1","1","0","0","0","0","0","0","0","0","0","0","0","0","0","1","1","0","1","1","0","0","0","5","23","28"
"경기도교육청","경기도구리남양주교육지원청","경기도 남양주시","S090001654","창현초등학교","02","공립","N","","1","0","1","0","1","1","0","0","0","10","32","42","2","6","8","0","1","1","0","0","0","0","0","0","0","0","0","0","1","1","0","0","0","0","1","1","0","2","2","0","0","0","13","44","57"
"경기도교육청","경기도구리남양주교육지원청","경기도 남양주시","S090001655","천마초등학교","02","공립","N","","0","1","1","0","1","1","0","0","0","7","33","40","2","5","7","2","2","4","0","0","0","0","0","0","0","0","0","0","0","0","0","0","0","0","1","1","0","1","1","0","0","0","11","44","55"
"경기도교육청","경기도구리남양주교육지원청","경기도 구리시","S090001657","토평초등학교","02","공립","N","","0","1","1","0","1","1","0","0","0","3","17","20","0","2","2","0","3","3","0","0","0","0","0","0","0","0","0","0","0","0","0","0","0","0","2","2","0","1","1","0","0","0","3","27","30"
"경기도교육청","경기도구리남양주교육지원청","경기도 남양주시","S090001658","퇴계원초등학교","02","공립","N","","0","1","1","1","0","1","0","0","0","8","17","25","2","3","5","0","2","2","0","1","1","0","0","0","0","0","0","0","1","1","0","0","0","0","1","1","0","1","1","0","0","0","11","27","38"
"경기도교육청","경기도구리남양주교육지원청","경기도 남양주시","S090001660","평내초등학교","02","공립","N","","0","1","1","1","1","2","0","0","0","5","10","15","0","3","3","1","0","1","0","0","0","0","0","0","0","0","0","0","0","0","0","0","0","0","1","1","0","1","1","0","0","0","7","17","24"
"경기도교육청","경기도구리남양주교육지원청","경기도 남양주시","S090001661","풍양초등학교","02","공립","N","","0","1","1","0","1","1","0","0","0","6","8","14","0","1","1","0","1","1","0","0","0","0","0","0","0","0","0","0","0","0","0","1","1","0","1","1","0","0","0","0","0","0","6","14","20"
"경기도교육청","경기도구리남양주교육지원청","경기도 남양주시","S090001662","호평초등학교","02","공립","N","","0","1","1","1","0","1","0","0","0","11","28","39","1","2","3","0","0","0","0","0","0","0","0","0","0","0","0","0","1","1","0","2","2","0","1","1","0","1","1","0","1","1","13","37","50"
"경기도교육청","경기도구리남양주교육지원청","경기도 남양주시","S090001663","화접초등학교","02","공립","N","","1","0","1","2","0","2","0","0","0","3","37","40","3","3","6","0","1","1","0","1","1","0","0","0","0","0","0","1","0","1","0","1","1","0","1","1","0","0","0","0","0","0","10","44","54"
"경기도교육청","경기도동두천양주교육지원청","경기도 양주시","S090001782","가납초등학교","02","공립","N","","0","1","1","0","1","1","0","1","1","3","11","14","1","7","8","0","1","1","0","1","1","0","0","0","0","0","0","0","1","1","0","0","0","0","1","1","0","1","1","0","0","0","4","26","30"
"경기도교육청","경기도동두천양주교육지원청","경기도 양주시","S090001784","고암초등학교","02","공립","N","","0","1","1","1","0","1","0","0","0","2","6","8","3","7","10","0","0","0","0","1","1","0","0","0","0","0","0","0","1","1","0","1","1","0","1","1","0","0","0","0","0","0","6","18","24"
"경기도교육청","경기도동두천양주교육지원청","경기도 양주시","S090001785","남면초등학교","02","공립","N","","1","0","1","1","0","1","0","0","0","4","4","8","0","6","6","0","0","0","1","0","1","0","0","0","0","0","0","0","0","0","0","0","0","0","1","1","0","1","1","0","0","0","7","12","19"
"경기도교육청","경기도동두천양주교육지원청","경기도 양주시","S090001786","남면초등학교양덕분교장","02","공립","N","","0","0","0","0","0","0","0","0","0","1","2","3","1","3","4","0","0","0","1","0","1","0","0","0","0","0","0","0","0","0","0","0","0","0","0","0","0","0","0","0","0","0","3","5","8"
"경기도교육청","경기도동두천양주교육지원청","경기도 양주시","S090001787","덕도초등학교","02","공립","N","","1","1","2","0","0","0","0","0","0","2","2","4","2","2","4","0","0","0","0","0","0","0","0","0","0","0","0","0","0","0","0","0","0","0","1","1","0","0","0","0","0","0","5","6","11"
"경기도교육청","경기도동두천양주교육지원청","경기도 양주시","S090001789","덕정초등학교","02","공립","N","","0","1","1","1","0","1","0","1","1","1","7","8","3","5","8","1","2","3","0","1","1","0","0","0","0","0","0","0","0","0","0","0","0","0","1","1","0","0","0","0","0","0","6","18","24"
"경기도교육청","경기도동두천양주교육지원청","경기도 동두천시","S090001791","동두천초등학교","02","공립","N","","0","1","1","0","1","1","0","0","0","4","8","12","1","5","6","0","1","1","0","0","0","0","0","0","0","0","0","0","1","1","0","0","0","0","1","1","0","1","1","0","0","0","5","19","24"
"경기도교육청","경기도동두천양주교육지원청","경기도 동두천시","S090001793","동보초등학교","02","공립","N","","0","1","1","1","0","1","0","0","0","0","4","4","3","5","8","0","0","0","0","1","1","0","0","0","0","0","0","0","0","0","0","0","0","0","1","1","0","0","0","0","0","0","4","12","16"
"경기도교육청","경기도동두천양주교육지원청","경기도 동두천시","S090001795","보산초등학교","02","공립","N","","0","1","1","0","1","1","0","0","0","3","8","11","3","3","6","0","1","1","0","0","0","0","0","0","0","0","0","0","0","0","0","0","0","0","1","1","0","0","0","0","0","0","6","15","21"
"경기도교육청","경기도동두천양주교육지원청","경기도 양주시","S090001796","봉암초등학교","02","공립","N","","1","0","1","1","0","1","0","0","0","1","2","3","2","2","4","0","0","0","0","0","0","0","0","0","0","0","0","0","0","0","0","1","1","0","1","1","0","0","0","0","0","0","5","6","11"
"경기도교육청","경기도동두천양주교육지원청","경기도 동두천시","S090001797","사동초등학교","02","공립","N","","1","2","3","0","1","1","0","0","0","11","9","20","3","7","10","1","0","1","1","0","1","0","0","0","0","0","0","0","0","0","1","0","1","0","1","1","0","0","0","0","0","0","18","20","38"
"경기도교육청","경기도동두천양주교육지원청","경기도 양주시","S090001798","산북초등학교","02","공립","N","","1","0","1","1","0","1","0","0","0","1","3","4","1","3","4","0","1","1","0","0","0","0","0","0","0","0","0","0","0","0","0","0","0","0","1","1","0","0","0","0","0","0","4","8","12"
"경기도교육청","경기도동두천양주교육지원청","경기도 양주시","S090001799","삼상초등학교","02","공립","N","","0","1","1","0","1","1","0","0","0","4","0","4","1","2","3","0","1","1","0","0","0","0","0","0","0","0","0","0","0","0","0","1","1","0","1","1","0","0","0","0","0","0","5","7","12"
"경기도교육청","경기도동두천양주교육지원청","경기도 양주시","S090001800","상수초등학교","02","공립","N","","0","1","1","1","0","1","0","0","0","3","2","5","1","2","3","0","0","0","0","0","0","0","0","0","0","0","0","0","0","0","0","1","1","0","1","1","0","0","0","0","0","0","5","7","12"
"경기도교육청","경기도동두천양주교육지원청","경기도 양주시","S090001801","상패초등학교","02","공립","N","","1","1","2","1","0","1","0","0","0","1","4","5","1","1","2","0","0","0","0","1","1","0","0","0","0","0","0","0","0","0","0","1","1","0","1","1","0","0","0","0","0","0","4","9","13"
"경기도교육청","경기도동두천양주교육지원청","경기도 동두천시","S090001802","생연초등학교","02","공립","N","","0","1","1","0","1","1","0","0","0","7","7","14","0","5","5","0","1","1","0","1","1","0","0","0","0","0","0","0","1","1","0","1","1","0","1","1","0","1","1","0","0","0","7","20","27"
"경기도교육청","경기도동두천양주교육지원청","경기도 동두천시","S090001803","소요초등학교","02","공립","N","","1","0","1","0","1","1","0","0","0","3","3","6","0","1","1","0","0","0","0","0","0","0","0","0","0","0","0","0","0","0","0","0","0","0","1","1","0","0","0","0","0","0","4","6","10"
"경기도교육청","경기도동두천양주교육지원청","경기도 양주시","S090001804","송추초등학교","02","공립","N","","2","0","2","0","0","0","0","0","0","2","5","7","0","2","2","1","0","1","0","2","2","0","0","0","0","0","0","0","0","0","0","0","0","0","1","1","0","1","1","0","0","0","5","11","16"
"경기도교육청","경기도동두천양주교육지원청","경기도 양주시","S090001806","양주덕산초등학교","02","공립","N","","0","1","1","1","0","1","0","0","0","3","4","7","3","8","11","0","1","1","0","1","1","0","0","0","0","0","0","0","0","0","0","0","0","0","1","1","0","1","1","0","0","0","7","17","24"
"경기도교육청","경기도동두천양주교육지원청","경기도 양주시","S090001807","양주덕현초등학교","02","공립","N","","0","2","2","0","0","0","0","0","0","9","25","34","5","7","12","0","2","2","0","0","0","0","0","0","0","0","0","0","1","1","0","0","0","0","1","1","0","0","0","0","0","0","14","38","52"
"경기도교육청","경기도동두천양주교육지원청","경기도 양주시","S090001808","양주백석초등학교","02","공립","N","","0","1","1","0","1","1","0","0","0","4","8","12","3","2","5","0","1","1","0","1","1","0","0","0","0","0","0","0","0","0","0","0","0","0","1","1","0","0","0","0","0","0","7","15","22"
"경기도교육청","경기도동두천양주교육지원청","경기도 양주시","S090001809","연곡초등학교","02","공립","N","","1","0","1","0","1","1","0","0","0","3","2","5","1","1","2","0","0","0","0","0","0","0","0","0","0","0","0","0","0","0","0","0","0","0","1","1","0","0","0","0","0","0","5","5","10"
"경기도교육청","경기도동두천양주교육지원청","경기도 양주시","S090001810","유양초등학교","02","공립","N","","1","0","1","0","1","1","0","0","0","1","3","4","0","3","3","0","0","0","0","0","0","0","0","0","0","0","0","0","0","0","0","1","1","0","1","1","0","0","0","0","0","0","2","9","11"
"경기도교육청","경기도동두천양주교육지원청","경기도 양주시","S090001812","은봉초등학교","02","공립","N","","0","1","1","0","1","1","0","0","0","6","6","12","3","6","9","0","1","1","0","0","0","0","0","0","0","0","0","0","1","1","0","0","0","0","2","2","0","1","1","0","0","0","9","19","28"
"경기도교육청","경기도동두천양주교육지원청","경기도 양주시","S090001813","은현초등학교","02","공립","N","","0","1","1","2","0","2","0","0","0","1","2","3","1","2","3","0","0","0","1","0","1","0","0","0","0","0","0","0","0","0","0","1","1","0","1","1","0","1","1","0","0","0","5","8","13"
"경기도교육청","경기도동두천양주교육지원청","경기도 동두천시","S090001814","지행초등학교","02","공립","N","","1","0","1","2","0","2","0","0","0","16","27","43","1","4","5","0","1","1","0","2","2","0","0","0","0","0","0","0","0","0","0","0","0","0","2","2","0","0","0","0","0","0","20","36","56"
"경기도교육청","경기도동두천양주교육지원청","경기도 양주시","S090001815","천보초등학교","02","공립","N","","0","1","1","0","1","1","0","0","0","1","7","8","2","6","8","0","0","0","1","1","2","0","0","0","0","0","0","0","0","0","0","1","1","0","1","1","0","1","1","0","0","0","4","19","23"
"경기도교육청","경기도동두천양주교육지원청","경기도 양주시","S090001816","칠봉초등학교","02","공립","N","","1","0","1","0","1","1","0","0","0","4","16","20","1","6","7","0","1","1","0","0","0","0","0","0","0","0","0","0","0","0","0","0","0","0","1","1","0","1","1","0","0","0","6","26","32"
"경기도교육청","경기도동두천양주교육지원청","경기도 동두천시","S090001817","탑동초등학교","02","공립","N","","0","1","1","1","0","1","0","0","0","3","0","3","0","4","4","0","0","0","0","0","0","0","0","0","0","0","0","0","0","0","0","1","1","0","1","1","0","0","0","0","0","0","4","7","11"
"경기도교육청","경기도동두천양주교육지원청","경기도 양주시","S090001819","회정초등학교","02","공립","N","","1","0","1","0","1","1","0","0","0","2","5","7","1","8","9","0","0","0","0","0","0","0","0","0","0","0","0","0","0","0","0","0","0","0","1","1","0","0","0","0","0","0","4","15","19"
"경기도교육청","경기도동두천양주교육지원청","경기도 양주시","S090001820","회천초등학교","02","공립","N","","0","1","1","0","1","1","0","0","0","5","9","14","3","8","11","0","1","1","1","0","1","0","0","0","0","0","0","0","0","0","0","1","1","0","1","1","0","0","0","0","0","0","9","22","31"
"경기도교육청","경기도동두천양주교육지원청","경기도 양주시","S090001821","효촌초등학교","02","공립","N","","0","1","1","1","0","1","0","0","0","2","1","3","2","2","4","0","0","0","0","0","0","0","0","0","0","0","0","0","0","0","0","1","1","0","1","1","0","0","0","0","0","0","5","6","11"
"경기도교육청","경기도부천교육지원청","경기도 부천시 원미구","S090001914","계남초등학교","02","공립","N","","0","1","1","0","1","1","0","0","0","7","42","49","1","5","6","0","0","0","0","1","1","0","0","0","0","0","0","0","0","0","0","0","0","0","2","2","0","1","1","0","0","0","8","53","61"
"경기도교육청","경기도부천교육지원청","경기도 부천시 오정구","S090001915","고강초등학교","02","공립","N","","0","1","1","1","0","1","0","1","1","3","15","18","3","8","11","0","2","2","0","1","1","0","0","0","0","0","0","0","1","1","0","0","0","0","1","1","0","2","2","0","0","0","7","32","39"
"경기도교육청","경기도부천교육지원청","경기도 부천시 오정구","S090001916","고리울초등학교","02","공립","N","","1","1","2","0","0","0","0","0","0","2","14","16","1","7","8","0","0","0","1","1","2","0","0","0","0","0","0","0","1","1","0","0","0","0","1","1","0","0","0","0","0","0","5","25","30"
"경기도교육청","경기도부천교육지원청","경기도 부천시 오정구","S090001918","까치울초등학교","02","공립","N","","1","0","1","1","0","1","0","0","0","2","7","9","2","3","5","0","2","2","0","0","0","0","0","0","0","0","0","0","0","0","0","1","1","0","1","1","0","0","0","0","0","0","6","14","20"
"경기도교육청","경기도부천교육지원청","경기도 부천시 원미구","S090001944","도당초등학교","02","공립","N","","1","0","1","0","1","1","0","0","0","3","31","34","2","13","15","0","0","0","1","2","3","0","0","0","0","0","0","0","0","0","0","0","0","0","1","1","0","1","1","0","0","0","7","49","56"
"경기도교육청","경기도부천교육지원청","경기도 부천시 소사구","S090001945","도원초등학교","02","공립","N","","0","1","1","0","1","1","0","0","0","3","9","12","5","4","9","0","0","0","0","1","1","0","0","0","0","0","0","0","0","0","0","0","0","0","1","1","0","2","2","0","0","0","8","19","27"
"경기도교육청","경기도부천교육지원청","경기도 부천시 원미구","S090001946","동곡초등학교","02","공립","N","","0","2","2","0","0","0","0","0","0","0","23","23","1","10","11","0","0","0","0","0","0","0","0","0","0","0","0","0","0","0","0","0","0","0","1","1","0","1","1","0","1","1","1","38","39"
"경기도교육청","경기도부천교육지원청","경기도 부천시 소사구","S090001953","범박초등학교","02","공립","N","","1","0","1","0","1","1","0","0","0","2","18","20","4","8","12","0","0","0","0","1","1","0","0","0","0","0","0","0","1","1","0","0","0","0","1","1","0","0","0","0","0","0","7","30","37"
"경기도교육청","경기도부천교육지원청","경기도 부천시 소사구","S090001954","복사초등학교","02","공립","N","","0","1","1","1","0","1","0","0","0","2","6","8","1","1","2","0","0","0","0","1","1","0","0","0","0","0","0","0","0","0","0","0","0","0","1","1","0","0","0","0","0","0","4","10","14"
"경기도교육청","경기도부천교육지원청","경기도 부천시 원미구","S090001956","부광초등학교","02","공립","N","","1","0","1","1","0","1","0","0","0","0","11","11","2","2","4","0","0","0","0","2","2","0","0","0","0","0","0","0","0","0","0","0","0","0","1","1","0","1","1","0","0","0","4","17","21"
"경기도교육청","경기도부천교육지원청","경기도 부천시 원미구","S090001957","부명초등학교","02","공립","N","","1","2","3","0","0","0","0","0","0","3","14","17","2","7","9","0","0","0","0","3","3","0","0","0","0","0","0","0","0","0","0","0","0","0","1","1","0","1","1","0","0","0","6","28","34"
"경기도교육청","경기도부천교육지원청","경기도 부천시 소사구","S090001959","부원초등학교","02","공립","N","","1","0","1","0","1","1","0","0","0","3","5","8","3","13","16","0","0","0","0","0","0","0","0","0","0","0","0","0","1","1","0","1","1","0","1","1","0","1","1","0","0","0","7","23","30"
"경기도교육청","경기도부천교육지원청","경기도 부천시 원미구","S090001960","부인초등학교","02","공립","N","","1","0","1","1","1","2","0","0","0","3","19","22","1","1","2","0","1","1","0","1","1","0","0","0","0","0","0","0","1","1","0","1","1","0","1","1","0","1","1","0","0","0","6","27","33"
"경기도교육청","경기도부천교육지원청","경기도 부천시 원미구","S090001961","부일초등학교","02","공립","N","","0","1","1","1","0","1","0","0","0","3","7","10","1","5","6","1","1","2","0","1","1","0","0","0","0","0","0","0","0","0","0","0","0","0","1","1","0","1","1","0","0","0","6","17","23"
"경기도교육청","경기도부천교육지원청","경기도 부천시 소사구","S090001962","부천남초등학교","02","공립","N","","0","1","1","2","2","4","0","0","0","4","18","22","1","9","10","0","2","2","0","0","0","0","0","0","0","0","0","0","0","0","0","0","0","0","1","1","0","1","1","0","0","0","7","34","41"
"경기도교육청","경기도부천교육지원청","경기도 부천시 오정구","S090001963","부천대명초등학교","02","공립","N","","0","1","1","0","1","1","0","0","0","3","21","24","3","4","7","0","0","0","0","1","1","0","0","0","0","0","0","0","1","1","0","0","0","0","1","1","0","1","1","0","0","0","6","31","37"
"경기도교육청","경기도부천교육지원청","경기도 부천시 오정구","S090001964","부천덕산초등학교","02","공립","N","","1","1","2","0","0","0","0","1","1","6","19","25","2","9","11","0","1","1","0","1","1","0","0","0","0","0","0","0","1","1","0","0","0","0","1","1","0","1","1","0","0","0","9","35","44"
"경기도교육청","경기도부천교육지원청","경기도 부천시 원미구","S090001966","부천동초등학교","02","공립","N","","0","1","1","1","0","1","0","0","0","2","10","12","6","8","14","0","1","1","0","1","1","0","0","0","0","0","0","0","0","0","0","1","1","0","1","1","0","1","1","0","0","0","9","24","33"
"경기도교육청","경기도부천교육지원청","경기도 부천시 원미구","S090001967","부천부곡초등학교","02","공립","N","","0","1","1","0","1","1","0","0","0","1","9","10","3","11","14","0","0","0","1","1","2","0","0","0","0","0","0","0","0","0","0","1","1","0","2","2","0","1","1","0","0","0","5","27","32"
"경기도교육청","경기도부천교육지원청","경기도 부천시 소사구","S090001968","부천부안초등학교","02","공립","N","","1","0","1","1","0","1","0","0","0","6","15","21","2","6","8","0","1","1","0","0","0","0","0","0","0","0","0","0","1","1","0","0","0","0","2","2","0","1","1","0","0","0","10","26","36"
"경기도교육청","경기도부천교육지원청","경기도 부천시 원미구","S090001969","부천부흥초등학교","02","공립","N","","0","1","1","0","1","1","0","0","0","4","25","29","0","6","6","0","0","0","0","1","1","0","0","0","0","0","0","0","0","0","0","0","0","0","1","1","0","1","1","0","0","0","4","36","40"
"경기도교육청","경기도부천교육지원청","경기도 부천시 원미구","S090001970","부천북초등학교","02","공립","N","","1","0","1","2","0","2","0","0","0","12","20","32","4","5","9","0","2","2","1","0","1","0","0","0","0","0","0","0","1","1","0","0","0","0","1","1","0","1","1","0","0","0","20","30","50"
"경기도교육청","경기도부천교육지원청","경기도 부천시 오정구","S090001971","부천삼정초등학교","02","공립","N","","1","0","1","1","0","1","0","0","0","6","6","12","0","4","4","0","2","2","0","0","0","0","0","0","0","0","0","0","1","1","0","0","0","0","1","1","0","0","0","0","0","0","8","14","22"
"경기도교육청","경기도부천교육지원청","경기도 부천시 원미구","S090001972","부천서초등학교","02","공립","N","","1","0","1","0","1","1","0","0","0","3","30","33","0","5","5","0","0","0","0","2","2","0","0","0","0","0","0","0","0","0","0","0","0","0","1","1","0","1","1","0","0","0","4","40","44"
"경기도교육청","경기도부천교육지원청","경기도 부천시 오정구","S090001973","부천수주초등학교","02","공립","N","","1","0","1","1","0","1","0","0","0","3","17","20","3","2","5","0","1","1","0","0","0","0","0","0","0","0","0","0","0","0","0","0","0","0","1","1","0","1","1","0","0","0","8","22","30"
"경기도교육청","경기도부천교육지원청","경기도 부천시 원미구","S090001974","부천신흥초등학교","02","공립","N","","0","1","1","0","1","1","0","0","0","3","14","17","2","8","10","0","0","0","0","2","2","0","0","0","0","0","0","0","0","0","0","0","0","0","1","1","0","1","1","0","0","0","5","28","33"
"경기도교육청","경기도부천교육지원청","경기도 부천시 오정구","S090001975","부천여월초등학교","02","공립","N","","0","1","1","0","1","1","0","0","0","5","13","18","2","6","8","0","1","1","0","0","0","0","0","0","0","0","0","0","0","0","0","1","1","0","1","1","0","1","1","0","0","0","7","25","32"
"경기도교육청","경기도부천교육지원청","경기도 부천시 원미구","S090001976","부천역곡초등학교","02","공립","N","","1","0","1","0","1","1","0","0","0","1","29","30","2","3","5","0","0","0","0","1","1","0","0","0","0","0","0","0","0","0","0","1","1","0","1","1","0","0","0","0","0","0","4","36","40"
"경기도교육청","경기도부천교육지원청","경기도 부천시 오정구","S090001977","부천원일초등학교","02","공립","N","","1","0","1","1","0","1","0","0","0","3","12","15","0","5","5","0","1","1","0","1","1","0","0","0","0","0","0","0","0","0","0","1","1","0","1","1","0","1","1","0","0","0","5","22","27"
"경기도교육청","경기도부천교육지원청","경기도 부천시 원미구","S090001978","부천중앙초등학교","02","공립","N","","1","0","1","0","1","1","0","0","0","3","22","25","4","4","8","0","1","1","0","2","2","0","0","0","0","0","0","0","1","1","0","1","1","0","1","1","0","1","1","0","0","0","8","34","42"
"경기도교육청","경기도부천교육지원청","경기도 부천시 원미구","S090001979","부천중원초등학교","02","공립","N","","0","1","1","0","1","1","0","0","0","2","11","13","0","3","3","0","0","0","0","0","0","0","0","0","0","0","0","0","0","0","0","1","1","0","1","1","0","1","1","0","0","0","2","19","21"
"경기도교육청","경기도부천교육지원청","경기도 부천시 원미구","S090001980","부천초등학교","02","공립","N","","1","0","1","0","1","1","0","0","0","5","15","20","1","6","7","0","1","1","0","0","0","0","0","0","0","0","0","0","0","0","0","1","1","0","1","1","0","1","1","0","0","0","7","26","33"
"경기도교육청","경기도부천교육지원청","경기도 부천시 원미구","S090001987","상도초등학교","02","공립","N","","0","1","1","1","0","1","0","0","0","5","16","21","1","0","1","0","0","0","0","0","0","0","0","0","0","0","0","0","0","0","0","2","2","0","2","2","0","0","0","0","0","0","7","21","28"
"경기도교육청","경기도부천교육지원청","경기도 부천시 원미구","S090001988","상동초등학교","02","공립","N","","1","0","1","0","1","1","0","0","0","5","35","40","1","4","5","0","0","0","0","1","1","0","0","0","0","0","0","0","0","0","0","1","1","0","1","1","0","1","1","0","0","0","7","44","51"
"경기도교육청","경기도부천교육지원청","경기도 부천시 원미구","S090001989","상원초등학교","02","공립","N","","1","0","1","1","0","1","0","0","0","2","23","25","2","1","3","0","3","3","0","0","0","0","0","0","0","0","0","0","0","0","0","0","0","0","1","1","0","0","0","0","0","0","6","28","34"
"경기도교육청","경기도부천교육지원청","경기도 부천시 원미구","S090001990","상인초등학교","02","공립","N","","1","0","1","1","0","1","0","0","0","5","44","49","1","3","4","0","1","1","1","0","1","0","0","0","0","0","0","0","0","0","0","0","0","0","1","1","0","0","0","0","0","0","9","49","58"
"경기도교육청","경기도부천교육지원청","경기도 부천시 원미구","S090001991","상일초등학교","02","공립","N","","1","0","1","1","0","1","0","0","0","6","42","48","0","8","8","0","0","0","0","0","0","0","0","0","0","0","0","0","0","0","0","1","1","0","1","1","0","1","1","0","0","0","8","53","61"
"경기도교육청","경기도부천교육지원청","경기도 부천시 원미구","S090001992","상지초등학교","02","공립","N","","1","1","2","0","1","1","0","0","0","6","7","13","2","4","6","0","1","1","0","0","0","0","0","0","0","0","0","0","1","1","0","0","0","0","2","2","0","1","1","0","0","0","9","18","27"
"경기도교육청","경기도부천교육지원청","경기도 부천시 소사구","S090002001","성주초등학교","02","공립","N","","0","1","1","1","1","2","0","0","0","4","17","21","2","9","11","0","1","1","0","0","0","0","0","0","0","0","0","0","0","0","0","0","0","0","1","1","0","1","1","0","0","0","7","31","38"
"경기도교육청","경기도부천교육지원청","경기도 부천시 소사구","S090002002","소사초등학교","02","공립","N","","1","1","2","0","0","0","0","0","0","4","18","22","4","13","17","0","3","3","0","1","1","0","0","0","0","0","0","0","1","1","0","0","0","0","1","1","0","1","1","0","0","0","9","39","48"
"경기도교육청","경기도부천교육지원청","경기도 부천시 원미구","S090002003","송내초등학교","02","공립","N","","0","0","0","0","1","1","0","0","0","2","10","12","1","0","1","0","2","2","0","0","0","0","0","0","0","0","0","0","0","0","0","0","0","0","1","1","0","0","0","0","0","0","3","14","17"
"경기도교육청","경기도부천교육지원청","경기도 부천시 원미구","S090002007","신도초등학교","02","공립","N","","0","2","2","0","0","0","0","0","0","5","24","29","2","5","7","0","1","1","0","1","1","0","0","0","0","0","0","0","0","0","0","1","1","0","1","1","0","1","1","0","0","0","7","36","43"
"경기도교육청","경기도부천교육지원청","경기도 부천시 소사구","S090002011","소일초등학교","02","공립","N","","0","1","1","0","1","1","0","0","0","3","10","13","3","6","9","0","1","1","0","0","0","0","0","0","0","0","0","0","0","0","0","1","1","0","1","1","0","0","0","0","0","0","6","21","27"
"경기도교육청","경기도부천교육지원청","경기도 부천시 원미구","S090002015","심곡초등학교","02","공립","N","","0","1","1","0","1","1","0","0","0","3","15","18","5","7","12","0","2","2","1","0","1","0","0","0","0","0","0","0","1","1","0","0","0","0","1","1","0","1","1","0","1","1","9","30","39"
"경기도교육청","경기도부천교육지원청","경기도 부천시 원미구","S090002016","심원초등학교","02","공립","N","","0","1","1","0","1","1","0","1","1","4","25","29","1","6","7","0","0","0","0","1","1","0","0","0","0","0","0","0","1","1","0","0","0","0","1","1","0","2","2","0","0","0","5","39","44"
"경기도교육청","경기도부천교육지원청","경기도 부천시 원미구","S090002017","약대초등학교","02","공립","N","","0","1","1","0","1","1","0","1","1","1","14","15","1","4","5","0","1","1","0","1","1","0","0","0","0","0","0","0","1","1","0","0","0","0","1","1","0","0","0","0","0","0","2","25","27"
"경기도교육청","경기도부천교육지원청","경기도 부천시 오정구","S090002022","오정초등학교","02","공립","N","","0","1","1","1","0","1","0","0","0","2","18","20","2","8","10","0","1","1","1","0","1","0","0","0","0","0","0","0","1","1","0","0","0","0","1","1","0","1","1","0","0","0","6","31","37"
"경기도교육청","경기도부천교육지원청","경기도 부천시 원미구","S090002026","원미초등학교","02","공립","N","","2","0","2","1","0","1","0","0","0","7","17","24","2","7","9","0","2","2","0","2","2","0","0","0","0","0","0","1","0","1","0","0","0","0","1","1","0","1","1","0","0","0","13","30","43"
"경기도교육청","경기도부천교육지원청","경기도 부천시 오정구","S090002027","원종초등학교","02","공립","N","","2","0","2","0","0","0","0","1","1","5","14","19","2","12","14","1","2","3","0","0","0","0","0","0","0","0","0","0","1","1","0","0","0","0","1","1","0","1","1","0","0","0","10","32","42"
"경기도교육청","경기도부천교육지원청","경기도 부천시 원미구","S090002038","중흥초등학교","02","공립","N","","0","1","1","1","0","1","0","1","1","1","32","33","2","7","9","0","0","0","0","0","0","0","0","0","0","0","0","0","1","1","0","2","2","0","1","1","0","1","1","0","0","0","4","46","50"
"경기도교육청","경기도부천교육지원청","경기도 부천시 소사구","S090002039","창영초등학교","02","공립","N","","1","0","1","0","1","1","0","0","0","3","18","21","0","9","9","0","3","3","0","0","0","0","0","0","0","0","0","0","0","0","0","0","0","0","1","1","0","1","1","0","0","0","4","33","37"
"경기도교육청","경기도성남교육지원청","경기도 성남시 중원구","S090002210","검단초등학교","02","공립","N","","0","1","1","0","1","1","0","0","0","1","21","22","2","6","8","0","1","1","1","1","2","0","0","0","0","0","0","0","1","1","0","0","0","0","1","1","0","0","0","0","0","0","4","33","37"
"경기도교육청","경기도성남교육지원청","경기도 성남시 분당구","S090002211","구미초등학교","02","공립","N","","1","0","1","0","1","1","0","0","0","0","27","27","1","3","4","0","1","1","0","0","0","0","0","0","0","0","0","0","1","1","0","0","0","0","1","1","0","2","2","0","0","0","2","36","38"
"경기도교육청","경기도성남교육지원청","경기도 성남시 수정구","S090002214","금빛초등학교","02","공립","N","","0","1","1","1","0","1","0","0","0","2","15","17","3","4","7","0","0","0","1","1","2","0","0","0","0","0","0","0","0","0","0","0","0","0","1","1","0","1","1","0","0","0","7","23","30"
"경기도교육청","경기도성남교육지원청","경기도 성남시 중원구","S090002215","금상초등학교","02","공립","N","","0","1","1","1","0","1","0","0","0","1","11","12","1","3","4","0","1","1","0","0","0","0","0","0","0","0","0","0","0","0","0","0","0","0","1","1","0","0","0","0","0","0","3","17","20"
"경기도교육청","경기도성남교육지원청","경기도 성남시 분당구","S090002216","낙생초등학교","02","공립","N","","0","1","1","0","1","1","0","0","0","5","55","60","3","8","11","0","0","0","2","2","4","0","0","0","0","0","0","0","1","1","0","0","0","0","2","2","0","0","0","0","0","0","10","70","80"
"경기도교육청","경기도성남교육지원청","경기도 성남시 분당구","S090002217","내정초등학교","02","공립","N","","0","1","1","1","0","1","0","0","0","1","51","52","3","4","7","0","0","0","0","0","0","0","0","0","0","0","0","0","1","1","0","0","0","0","1","1","0","1","1","0","1","1","5","60","65"
"경기도교육청","경기도성남교육지원청","경기도 성남시 중원구","S090002218","단남초등학교","02","공립","N","","0","1","1","0","1","1","0","0","0","0","16","16","1","2","3","0","2","2","0","0","0","0","0","0","0","0","0","0","1","1","0","0","0","0","1","1","0","0","0","0","0","0","1","24","25"
"경기도교육청","경기도성남교육지원청","경기도 성남시 수정구","S090002219","단대초등학교","02","공립","N","","0","1","1","0","3","3","0","0","0","1","34","35","0","3","3","0","2","2","0","1","1","0","0","0","0","0","0","0","0","0","0","0","0","0","1","1","0","1","1","0","0","0","1","46","47"
"경기도교육청","경기도성남교육지원청","경기도 성남시 분당구","S090002221","당촌초등학교","02","공립","N","","0","1","1","2","0","2","0","0","0","2","39","41","2","3","5","0","0","0","0","0","0","0","0","0","0","0","0","0","0","0","0","0","0","0","1","1","0","1","1","0","0","0","6","45","51"
"경기도교육청","경기도성남교육지원청","경기도 성남시 중원구","S090002222","대원초등학교","02","공립","N","","0","1","1","0","1","1","0","0","0","2","14","16","1","3","4","0","2","2","0","0","0","0","0","0","0","0","0","0","1","1","0","0","0","0","1","1","0","1","1","0","0","0","3","24","27"
"경기도교육청","경기도성남교육지원청","경기도 성남시 중원구","S090002223","대일초등학교","02","공립","N","","0","1","1","0","1","1","0","0","0","2","15","17","0","5","5","0","1","1","0","1","1","0","0","0","0","0","0","0","0","0","0","0","0","0","1","1","0","1","1","0","0","0","2","26","28"
"경기도교육청","경기도성남교육지원청","경기도 성남시 중원구","S090002224","대하초등학교","02","공립","N","","0","1","1","1","1","2","0","0","0","3","23","26","0","6","6","0","1","1","0","0","0","0","0","0","0","0","0","0","1","1","0","1","1","0","1","1","0","0","0","0","0","0","4","35","39"
"경기도교육청","경기도성남교육지원청","경기도 성남시 분당구","S090002225","돌마초등학교","02","공립","N","","1","0","1","1","0","1","0","0","0","0","21","21","2","6","8","0","1","1","0","0","0","0","0","0","0","0","0","0","0","0","0","0","0","0","1","1","0","0","0","0","0","0","4","29","33"
"경기도교육청","경기도성남교육지원청","경기도 성남시 분당구","S090002227","백현초등학교","02","공립","N","","0","1","1","1","0","1","0","0","0","1","7","8","0","1","1","0","1","1","0","1","1","0","0","0","0","0","0","0","0","0","0","0","0","0","1","1","0","0","0","0","0","0","2","12","14"
"경기도교육청","경기도성남교육지원청","경기도 성남시 수정구","S090002228","복정초등학교","02","공립","N","","0","1","1","1","0","1","0","0","0","0","14","14","0","4","4","0","1","1","0","0","0","0","0","0","0","0","0","0","0","0","0","0","0","0","1","1","0","0","0","0","0","0","1","21","22"
"경기도교육청","경기도성남교육지원청","경기도 성남시 분당구","S090002229","분당초등학교","02","공립","N","","0","1","1","0","1","1","0","0","0","3","41","44","0","6","6","0","1","1","0","0","0","0","0","0","0","0","0","0","0","0","0","1","1","0","1","1","0","1","1","0","0","0","3","53","56"
"경기도교육청","경기도성남교육지원청","경기도 성남시 분당구","S090002230","불곡초등학교","02","공립","N","","0","1","1","0","1","1","0","0","0","2","23","25","1","6","7","0","1","1","0","0","0","0","0","0","0","0","0","0","0","0","0","1","1","0","1","1","0","2","2","0","0","0","3","36","39"
"경기도교육청","경기도성남교육지원청","경기도 성남시 분당구","S090002231","불정초등학교","02","공립","N","","0","1","1","1","0","1","0","0","0","3","36","39","0","7","7","0","0","0","0","0","0","0","0","0","0","0","0","0","1","1","0","0","0","0","1","1","0","1","1","0","0","0","4","47","51"
"경기도교육청","경기도성남교육지원청","경기도 성남시 중원구","S090002232","상대원초등학교","02","공립","N","","1","0","1","0","1","1","0","0","0","1","12","13","2","1","3","0","0","0","1","1","2","0","0","0","0","0","0","1","0","1","0","1","1","0","1","1","0","0","0","0","0","0","6","17","23"
"경기도교육청","경기도성남교육지원청","경기도 성남시 중원구","S090002234","상원초등학교","02","공립","N","","0","1","1","1","0","1","0","0","0","4","19","23","1","4","5","0","3","3","0","0","0","0","0","0","0","0","0","0","0","0","0","0","0","0","1","1","0","1","1","0","0","0","6","29","35"
"경기도교육청","경기도성남교육지원청","경기도 성남시 분당구","S090002235","상탑초등학교","02","공립","N","","1","0","1","0","1","1","0","0","0","2","17","19","1","7","8","0","1","1","1","0","1","0","0","0","0","0","0","0","0","0","0","1","1","0","1","1","0","0","0","0","0","0","5","28","33"
"경기도교육청","경기도성남교육지원청","경기도 성남시 분당구","S090002236","서당초등학교","02","공립","N","","1","1","2","0","0","0","0","0","0","3","39","42","2","3","5","0","0","0","0","0","0","0","0","0","0","0","0","0","1","1","0","0","0","0","1","1","0","1","1","0","1","1","6","47","53"
"경기도교육청","경기도성남교육지원청","경기도 성남시 분당구","S090002237","서현초등학교","02","공립","N","","0","1","1","1","0","1","0","0","0","2","49","51","1","5","6","0","0","0","0","0","0","0","0","0","0","0","0","0","1","1","0","1","1","0","2","2","0","0","0","0","0","0","4","59","63"
"경기도교육청","경기도성남교육지원청","경기도 성남시 중원구","S090002238","성남동초등학교","02","공립","N","","0","1","1","0","2","2","0","0","0","4","17","21","0","4","4","0","2","2","0","0","0","0","0","0","0","0","0","0","0","0","0","1","1","0","1","1","0","1","1","0","0","0","4","29","33"
"경기도교육청","경기도성남교육지원청","경기도 성남시 분당구","S090002239","성남매송초등학교","02","공립","N","","0","2","2","0","0","0","0","0","0","3","34","37","4","3","7","0","0","0","0","0","0","0","0","0","0","0","0","0","0","0","0","1","1","0","1","1","0","1","1","0","0","0","7","42","49"
"경기도교육청","경기도성남교육지원청","경기도 성남시 분당구","S090002240","성남미금초등학교","02","공립","N","","1","0","1","0","1","1","0","0","0","2","42","44","0","6","6","0","0","0","0","1","1","0","0","0","0","0","0","0","0","0","0","0","0","0","1","1","0","1","1","0","1","1","3","53","56"
"경기도교육청","경기도성남교육지원청","경기도 성남시 수정구","S090002241","성남북초등학교","02","공립","N","","1","1","2","0","0","0","0","0","0","1","8","9","2","1","3","0","1","1","0","0","0","0","0","0","0","0","0","0","0","0","0","0","0","0","1","1","0","0","0","0","0","0","4","12","16"
"경기도교육청","경기도성남교육지원청","경기도 성남시 수정구","S090002242","성남서초등학교","02","공립","N","","0","1","1","0","1","1","0","0","0","3","9","12","0","1","1","0","1","1","0","0","0","0","0","0","0","0","0","0","1","1","0","1","1","0","1","1","0","0","0","0","1","1","3","17","20"
"경기도교육청","경기도성남교육지원청","경기도 성남시 분당구","S090002243","성남신기초등학교","02","공립","N","","1","0","1","1","0","1","0","0","0","1","26","27","1","8","9","0","0","0","0","0","0","0","0","0","0","0","0","0","0","0","0","0","0","0","1","1","0","1","1","0","0","0","4","36","40"
"경기도교육청","경기도성남교육지원청","경기도 성남시 수정구","S090002244","성남신흥초등학교","02","공립","N","","0","1","1","0","1","1","0","0","0","1","15","16","6","13","19","0","0","0","0","0","0","0","0","0","0","0","0","0","0","0","0","0","0","0","1","1","0","0","0","0","0","0","7","31","38"
"경기도교육청","경기도성남교육지원청","경기도 성남시 중원구","S090002245","성남은행초등학교","02","공립","N","","1","0","1","1","0","1","0","0","0","2","19","21","2","6","8","0","0","0","0","2","2","0","0","0","0","0","0","0","0","0","0","1","1","0","1","1","0","2","2","0","0","0","6","31","37"
"경기도교육청","경기도성남교육지원청","경기도 성남시 분당구","S090002246","성남장안초등학교","02","공립","N","","1","0","1","0","1","1","0","0","0","0","25","25","4","6","10","0","1","1","0","0","0","0","0","0","0","0","0","0","1","1","0","0","0","0","1","1","0","1","1","0","0","0","5","36","41"
"경기도교육청","경기도성남교육지원청","경기도 성남시 중원구","S090002247","성남제일초등학교","02","공립","N","","0","1","1","1","0","1","0","0","0","1","16","17","3","5","8","1","0","1","0","0","0","0","0","0","0","0","0","0","0","0","0","0","0","0","1","1","0","1","1","0","0","0","6","24","30"
"경기도교육청","경기도성남교육지원청","경기도 성남시 수정구","S090002248","성남수정초등학교","02","공립","N","","0","1","1","0","1","1","0","0","0","3","25","28","0","1","1","0","2","2","0","0","0","0","0","0","0","0","0","0","0","0","0","1","1","0","1","1","0","1","1","0","0","0","3","33","36"
"경기도교육청","경기도성남교육지원청","경기도 성남시 중원구","S090002249","성남중앙초등학교","02","공립","N","","0","1","1","0","1","1","0","0","0","3","23","26","2","4","6","0","1","1","0","0","0","0","0","0","0","0","0","0","0","0","0","0","0","0","1","1","0","0","0","0","0","0","5","31","36"
"경기도교육청","경기도성남교육지원청","경기도 성남시 수정구","S090002250","성남초등학교","02","공립","N","","0","1","1","0","3","3","0","0","0","3","35","38","2","5","7","1","2","3","0","0","0","0","0","0","0","0","0","0","1","1","0","1","1","0","1","1","0","1","1","0","0","0","6","50","56"
"경기도교육청","경기도성남교육지원청","경기도 성남시 수정구","S090002251","성수초등학교","02","공립","N","","1","0","1","1","0","1","0","0","0","3","19","22","0","5","5","0","1","1","0","0","0","0","0","0","0","0","0","0","0","0","0","1","1","0","1","1","0","2","2","0","0","0","5","29","34"
"경기도교육청","경기도성남교육지원청","경기도 성남시 분당구","S090002252","수내초등학교","02","공립","N","","1","0","1","0","1","1","0","0","0","2","55","57","2","3","5","0","0","0","0","0","0","0","0","0","0","0","0","0","1","1","0","0","0","0","2","2","0","1","1","0","0","0","5","63","68"
"경기도교육청","경기도성남교육지원청","경기도 성남시 수정구","S090002253","수진초등학교","02","공립","N","","0","1","1","1","0","1","0","0","0","2","31","33","0","3","3","0","2","2","1","1","2","0","0","0","0","0","0","0","1","1","0","0","0","0","1","1","0","1","1","0","0","0","4","41","45"
"경기도교육청","경기도성남교육지원청","경기도 성남시 분당구","S090002256","안말초등학교","02","공립","N","","0","1","1","1","0","1","0","0","0","0","29","29","1","5","6","0","0","0","0","1","1","0","0","0","0","0","0","0","1","1","0","0","0","0","1","1","0","1","1","0","0","0","2","39","41"
"경기도교육청","경기도성남교육지원청","경기도 성남시 분당구","S090002257","야탑초등학교","02","공립","N","","1","0","1","0","1","1","0","0","0","2","31","33","3","3","6","0","2","2","0","0","0","0","0","0","0","0","0","0","0","0","0","0","0","0","1","1","0","1","1","0","1","1","6","40","46"
"경기도교육청","경기도성남교육지원청","경기도 성남시 분당구","S090002258","양영초등학교","02","공립","N","","0","1","1","0","1","1","0","0","0","1","12","13","1","4","5","0","0","0","0","0","0","0","0","0","0","0","0","0","0","0","0","0","0","0","1","1","0","0","0","0","0","0","2","19","21"
"경기도교육청","경기도성남교육지원청","경기도 성남시 분당구","S090002259","오리초등학교","02","공립","N","","2","0","2","0","1","1","0","0","0","0","9","9","1","1","2","0","2","2","0","0","0","0","0","0","0","0","0","0","0","0","0","0","0","0","1","1","0","0","0","0","0","0","3","14","17"
"경기도교육청","경기도성남교육지원청","경기도 성남시 수정구","S090002260","왕남초등학교","02","공립","N","","1","0","1","0","1","1","0","0","0","1","13","14","1","11","12","0","0","0","0","1","1","0","0","0","0","0","0","0","1","1","0","0","0","0","1","1","0","0","0","0","0","0","3","28","31"
"경기도교육청","경기도성남교육지원청","경기도 성남시 분당구","S090002262","이매초등학교","02","공립","N","","0","1","1","0","2","2","0","0","0","3","32","35","3","5","8","0","0","0","0","0","0","0","0","0","0","0","0","0","1","1","0","0","0","0","1","1","0","0","0","0","0","0","6","42","48"
"경기도교육청","경기도성남교육지원청","경기도 성남시 중원구","S090002267","중부초등학교","02","공립","N","","1","0","1","0","1","1","0","0","0","4","24","28","0","4","4","0","1","1","0","1","1","0","0","0","0","0","0","0","0","0","0","0","0","0","1","1","0","1","1","0","1","1","5","34","39"
"경기도교육청","경기도성남교육지원청","경기도 성남시 중원구","S090002269","중원초등학교","02","공립","N","","1","0","1","1","0","1","0","0","0","2","19","21","0","5","5","1","0","1","0","1","1","0","0","0","0","0","0","0","0","0","0","0","0","0","1","1","0","1","1","0","0","0","5","27","32"
"경기도교육청","경기도성남교육지원청","경기도 성남시 분당구","S090002270","중탑초등학교","02","공립","N","","1","1","2","0","2","2","0","0","0","1","22","23","2","4","6","0","0","0","0","3","3","0","0","0","0","0","0","0","0","0","0","0","0","0","1","1","0","1","1","0","0","0","4","34","38"
"경기도교육청","경기도성남교육지원청","경기도 성남시 분당구","S090002271","청솔초등학교","02","공립","N","","0","1","1","1","0","1","0","0","0","1","10","11","1","6","7","0","2","2","1","1","2","0","0","0","0","0","0","0","0","0","0","0","0","0","1","1","0","0","0","0","0","0","4","21","25"
"경기도교육청","경기도성남교육지원청","경기도 성남시 분당구","S090002272","초림초등학교","02","공립","N","","1","0","1","0","1","1","0","0","0","1","48","49","1","6","7","0","0","0","0","0","0","0","0","0","0","0","0","0","0","0","0","0","0","0","1","1","0","2","2","0","0","0","3","58","61"
"경기도교육청","경기도성남교육지원청","경기도 성남시 분당구","S090002273","탄천초등학교","02","공립","N","","0","1","1","1","0","1","0","1","1","2","23","25","0","1","1","0","1","1","0","1","1","0","0","0","0","0","0","0","0","0","0","0","0","0","1","1","0","0","0","0","0","0","3","29","32"
"경기도교육청","경기도성남교육지원청","경기도 성남시 수정구","S090002274","태평초등학교","02","공립","N","","1","0","1","1","0","1","0","0","0","1","16","17","1","3","4","0","0","0","0","0","0","0","0","0","0","0","0","0","0","0","0","0","0","0","1","1","0","1","1","0","0","0","4","21","25"
"경기도교육청","경기도성남교육지원청","경기도 성남시 중원구","S090002275","하원초등학교","02","공립","N","","1","0","1","0","1","1","0","0","0","2","18","20","1","3","4","1","0","1","0","0","0","0","0","0","0","0","0","0","1","1","0","1","1","0","2","2","0","0","0","0","0","0","5","26","31"
"경기도교육청","경기도성남교육지원청","경기도 성남시 분당구","S090002276","하탑초등학교","02","공립","N","","0","1","1","1","0","1","0","0","0","2","27","29","0","6","6","0","1","1","0","1","1","0","0","0","0","0","0","0","0","0","0","0","0","0","2","2","0","0","0","0","0","0","3","38","41"
"경기도교육청","경기도성남교육지원청","경기도 성남시 분당구","S090002277","한솔초등학교","02","공립","N","","0","1","1","0","1","1","0","0","0","0","9","9","0","2","2","0","1","1","0","1","1","0","0","0","0","0","0","0","0","0","0","0","0","0","1","1","0","0","0","0","0","0","0","16","16"
"경기도교육청","경기도성남교육지원청","경기도 성남시 수정구","S090002278","희망대초등학교","02","공립","N","","1","0","1","0","1","1","0","0","0","2","15","17","2","3","5","0","1","1","0","0","0","0","0","0","0","0","0","0","0","0","0","0","0","0","1","1","0","1","1","0","0","0","5","22","27"
"경기도교육청","경기도수원교육지원청","경기도 수원시 권선구","S090002444","고색초등학교","02","공립","N","","1","1","2","0","1","1","0","0","0","2","14","16","0","7","7","0","0","0","0","2","2","0","0","0","0","0","0","0","0","0","0","0","0","0","1","1","0","1","1","0","0","0","3","27","30"
"경기도교육청","경기도수원교육지원청","경기도 수원시 권선구","S090002445","고현초등학교","02","공립","N","","0","1","1","0","1","1","0","0","0","2","4","6","1","2","3","0","0","0","0","1","1","0","0","0","0","0","0","0","0","0","0","0","0","0","1","1","0","0","0","0","0","0","3","10","13"
"경기도교육청","경기도수원교육지원청","경기도 수원시 권선구","S090002446","곡반초등학교","02","공립","N","","0","1","1","0","1","1","0","1","1","2","18","20","4","16","20","0","2","2","0","0","0","0","0","0","0","0","0","0","0","0","0","1","1","0","1","1","0","0","0","0","0","0","6","41","47"
"경기도교육청","경기도수원교육지원청","경기도 수원시 권선구","S090002447","곡선초등학교","02","공립","N","","1","0","1","0","1","1","0","0","0","4","15","19","3","11","14","0","0","0","0","3","3","0","0","0","0","0","0","0","1","1","0","0","0","0","1","1","0","1","1","0","0","0","8","33","41"
"경기도교육청","경기도수원교육지원청","경기도 수원시 권선구","S090002448","구운초등학교","02","공립","N","","0","1","1","0","1","1","0","0","0","10","10","20","0","4","4","0","2","2","0","1","1","0","0","0","0","0","0","0","1","1","0","0","0","0","1","1","0","0","0","0","0","0","10","21","31"
"경기도교육청","경기도수원교육지원청","경기도 수원시 권선구","S090002449","권선초등학교","02","공립","N","","0","1","1","0","1","1","0","0","0","2","14","16","4","3","7","0","1","1","0","1","1","0","0","0","0","0","0","0","1","1","0","1","1","0","2","2","0","1","1","0","0","0","6","26","32"
"경기도교육청","경기도수원교육지원청","경기도 수원시 권선구","S090002450","남수원초등학교","02","공립","N","","1","0","1","1","1","2","0","0","0","4","12","16","3","10","13","0","2","2","0","0","0","0","0","0","0","0","0","0","1","1","0","1","1","0","1","1","0","1","1","0","1","1","9","30","39"
"경기도교육청","경기도수원교육지원청","경기도 수원시 팔달구","S090002451","남창초등학교","02","공립","N","","1","1","2","0","0","0","0","0","0","2","3","5","0","4","4","0","0","0","0","1","1","0","0","0","0","0","0","0","0","0","0","0","0","0","0","0","0","0","0","0","0","0","3","9","12"
"경기도교육청","경기도수원교육지원청","경기도 수원시 권선구","S090002452","당수초등학교","02","공립","N","","1","0","1","0","1","1","0","0","0","4","18","22","1","9","10","0","2","2","0","0","0","0","0","0","0","0","0","0","1","1","0","0","0","0","1","1","0","0","0","0","0","0","6","32","38"
"경기도교육청","경기도수원교육지원청","경기도 수원시 장안구","S090002453","대평초등학교","02","공립","N","","2","0","2","0","0","0","0","0","0","2","28","30","0","2","2","0","1","1","0","0","0","0","0","0","0","0","0","0","0","0","0","0","0","0","1","1","0","0","0","0","0","0","4","32","36"
"경기도교육청","경기도수원교육지원청","경기도 수원시 영통구","S090002454","동수원초등학교","02","공립","N","","0","1","1","1","0","1","0","0","0","3","23","26","0","6","6","0","0","0","0","1","1","0","0","0","0","0","0","0","0","0","0","1","1","0","1","1","0","1","1","0","0","0","4","34","38"
"경기도교육청","경기도수원교육지원청","경기도 수원시 장안구","S090002455","수원동신초등학교","02","공립","N","","1","0","1","0","1","1","0","0","0","1","28","29","1","1","2","0","0","0","0","0","0","0","0","0","0","0","0","0","0","0","0","0","0","0","1","1","0","0","0","0","0","0","3","31","34"
"경기도교육청","경기도수원교육지원청","경기도 수원시 팔달구","S090002456","매산초등학교","02","공립","N","","0","1","1","0","1","1","0","0","0","4","4","8","2","6","8","0","0","0","1","2","3","0","0","0","0","0","0","0","1","1","0","0","0","0","1","1","0","1","1","0","0","0","7","17","24"
"경기도교육청","경기도수원교육지원청","경기도 수원시 영통구","S090002457","매원초등학교","02","공립","N","","0","1","1","1","1","2","0","0","0","2","59","61","1","6","7","0","0","0","0","3","3","0","0","0","0","0","0","0","0","0","0","0","0","0","2","2","0","0","0","0","0","0","4","72","76"
"경기도교육청","경기도수원교육지원청","경기도 수원시 영통구","S090002458","매탄초등학교","02","공립","N","","1","0","1","2","0","2","0","0","0","8","49","57","0","9","9","0","1","1","0","0","0","0","0","0","0","0","0","0","1","1","0","0","0","0","2","2","0","1","1","0","0","0","11","63","74"
"경기도교육청","경기도수원교육지원청","경기도 수원시 영통구","S090002459","매현초등학교","02","공립","N","","0","1","1","1","0","1","0","0","0","3","19","22","2","2","4","0","2","2","0","0","0","0","0","0","0","0","0","0","1","1","0","0","0","0","1","1","0","0","0","0","0","0","6","26","32"
"경기도교육청","경기도수원교육지원청","경기도 수원시 권선구","S090002460","명당초등학교","02","공립","N","","0","1","1","0","1","1","0","1","1","4","13","17","1","2","3","0","0","0","0","0","0","0","0","0","0","0","0","0","0","0","0","0","0","0","1","1","0","0","0","0","0","0","5","19","24"
"경기도교육청","경기도수원교육지원청","경기도 수원시 장안구","S090002461","명인초등학교","02","공립","N","","1","0","1","0","1","1","0","0","0","5","31","36","4","4","8","1","1","2","1","0","1","0","0","0","0","0","0","0","1","1","0","0","0","0","1","1","0","1","1","0","0","0","12","40","52"
"경기도교육청","경기도수원교육지원청","경기도 수원시 영통구","S090002462","산남초등학교","02","공립","N","","0","1","1","1","0","1","0","0","0","2","17","19","3","6","9","0","1","1","0","1","1","0","0","0","0","0","0","0","0","0","0","0","0","0","1","1","0","2","2","0","0","0","6","29","35"
"경기도교육청","경기도수원교육지원청","경기도 수원시 영통구","S090002463","산의초등학교","02","공립","N","","1","0","1","1","1","2","0","0","0","5","70","75","0","6","6","0","0","0","1","1","2","0","0","0","0","0","0","0","0","0","0","1","1","0","2","2","0","0","0","0","0","0","8","81","89"
"경기도교육청","경기도수원교육지원청","경기도 수원시 장안구","S090002464","상률초등학교","02","공립","N","","1","0","1","0","1","1","0","0","0","3","20","23","1","6","7","0","1","1","0","0","0","0","0","0","0","0","0","0","1","1","0","0","0","0","1","1","0","0","0","0","0","0","5","30","35"
"경기도교육청","경기도수원교육지원청","경기도 수원시 권선구","S090002465","상촌초등학교","02","공립","N","","0","1","1","0","1","1","0","1","1","5","24","29","3","6","9","1","1","2","0","0","0","0","0","0","0","0","0","0","1","1","0","1","1","0","1","1","0","1","1","0","0","0","9","38","47"
"경기도교육청","경기도수원교육지원청","경기도 수원시 권선구","S090002466","서호초등학교","02","공립","N","","1","0","1","0","1","1","0","0","0","2","8","10","1","6","7","0","0","0","0","1","1","0","0","0","0","0","0","0","0","0","0","0","0","0","1","1","0","0","0","0","0","0","4","17","21"
"경기도교육청","경기도수원교육지원청","경기도 수원시 권선구","S090002467","세곡초등학교","02","공립","N","","0","1","1","1","0","1","0","0","0","3","9","12","0","5","5","0","0","0","0","0","0","0","0","0","0","0","0","0","0","0","0","0","0","0","1","1","0","0","0","0","0","0","4","16","20"
"경기도교육청","경기도수원교육지원청","경기도 수원시 권선구","S090002468","세류초등학교","02","공립","N","","1","0","1","1","0","1","0","0","0","6","22","28","4","17","21","0","1","1","1","1","2","0","0","0","0","0","0","0","2","2","0","1","1","0","1","1","0","2","2","0","2","2","13","49","62"
"경기도교육청","경기도수원교육지원청","경기도 수원시 영통구","S090002469","소화초등학교","02","사립","N","","1","0","1","0","1","1","0","0","0","7","9","16","1","9","10","0","0","0","0","0","0","0","0","0","0","0","0","0","0","0","0","1","1","0","1","1","0","0","0","2","2","4","11","23","34"
"경기도교육청","경기도수원교육지원청","경기도 수원시 장안구","S090002470","송림초등학교","02","공립","N","","0","1","1","0","1","1","0","0","0","5","13","18","2","25","27","0","0","0","1","1","2","0","0","0","0","0","0","0","0","0","0","0","0","0","1","1","0","0","0","0","0","0","8","42","50"
"경기도교육청","경기도수원교육지원청","경기도 수원시 장안구","S090002471","송원초등학교","02","공립","N","","0","1","1","1","0","1","0","1","1","2","26","28","2","4","6","0","1","1","0","0","0","0","0","0","0","0","0","0","0","0","0","1","1","0","1","1","0","1","1","0","0","0","5","36","41"
"경기도교육청","경기도수원교육지원청","경기도 수원시 장안구","S090002472","송정초등학교","02","공립","N","","0","1","1","0","1","1","0","0","0","3","21","24","1","5","6","0","1","1","0","1","1","0","0","0","0","0","0","0","0","0","0","0","0","0","1","1","0","0","0","0","0","0","4","31","35"
"경기도교육청","경기도수원교육지원청","경기도 수원시 장안구","S090002473","송죽초등학교","02","공립","N","","0","2","2","0","0","0","0","0","0","1","15","16","1","3","4","0","1","1","0","1","1","0","0","0","0","0","0","0","1","1","0","0","0","0","1","1","0","0","0","0","0","0","2","24","26"
"경기도교육청","경기도수원교육지원청","경기도 수원시 장안구","S090002474","수성초등학교","02","공립","N","","1","0","1","1","0","1","0","0","0","3","11","14","0","5","5","0","1","1","0","0","0","0","0","0","0","0","0","0","0","0","0","1","1","0","1","1","0","1","1","0","0","0","5","20","25"
"경기도교육청","경기도수원교육지원청","경기도 수원시 권선구","S090002475","수원금곡초등학교","02","공립","N","","1","1","2","0","0","0","0","0","0","1","9","10","2","5","7","0","1","1","0","0","0","0","0","0","0","0","0","0","0","0","0","0","0","0","1","1","0","1","1","0","0","0","4","18","22"
"경기도교육청","경기도수원교육지원청","경기도 수원시 권선구","S090002477","수원선일초등학교","02","공립","N","","0","2","2","0","0","0","0","1","1","4","25","29","3","1","4","0","1","1","0","0","0","0","0","0","0","0","0","0","1","1","0","0","0","0","1","1","0","1","1","0","0","0","7","33","40"
"경기도교육청","경기도수원교육지원청","경기도 수원시 권선구","S090002478","수원신곡초등학교","02","공립","N","","0","1","1","1","0","1","0","0","0","7","22","29","4","12","16","0","0","0","0","1","1","0","0","0","0","0","0","0","1","1","0","1","1","0","1","1","0","1","1","0","0","0","12","40","52"
"경기도교육청","경기도수원교육지원청","경기도 수원시 팔달구","S090002479","수원초등학교","02","공립","N","","0","1","1","1","0","1","0","0","0","4","26","30","4","7","11","1","0","1","1","1","2","0","0","0","0","0","0","0","0","0","0","1","1","0","1","1","0","1","1","0","0","0","11","38","49"
"경기도교육청","경기도수원교육지원청","경기도 수원시 팔달구","S090002480","숙지초등학교","02","공립","N","","0","1","1","1","0","1","0","0","0","3","12","15","0","5","5","1","1","2","0","0","0","0","0","0","0","0","0","0","0","0","0","1","1","0","1","1","0","1","1","0","0","0","5","22","27"
"경기도교육청","경기도수원교육지원청","경기도 수원시 영통구","S090002482","신성초등학교","02","공립","N","","1","0","1","0","1","1","0","0","0","2","15","17","0","1","1","0","1","1","0","1","1","0","0","0","0","0","0","0","0","0","0","1","1","0","1","1","0","1","1","0","0","0","3","22","25"
"경기도교육청","경기도수원교육지원청","경기도 수원시 영통구","S090002483","신영초등학교","02","공립","N","","0","1","1","0","1","1","0","0","0","5","20","25","1","0","1","0","1","1","0","0","0","0","0","0","0","0","0","0","0","0","0","0","0","0","1","1","0","1","1","0","0","0","6","25","31"
"경기도교육청","경기도수원교육지원청","경기도 수원시 영통구","S090002484","신풍초등학교","02","공립","N","","1","0","1","2","0","2","0","0","0","7","62","69","2","6","8","0","1","1","0","1","1","0","0","0","0","0","0","0","0","0","0","1","1","0","2","2","0","1","1","0","0","0","12","74","86"
"경기도교육청","경기도수원교육지원청","경기도 수원시 권선구","S090002485","안룡초등학교","02","공립","N","","0","2","2","0","1","1","0","0","0","3","19","22","1","9","10","0","1","1","0","0","0","0","0","0","0","0","0","0","1","1","0","1","1","0","1","1","0","1","1","0","0","0","4","36","40"
"경기도교육청","경기도수원교육지원청","경기도 수원시 팔달구","S090002486","연무초등학교","02","공립","N","","1","0","1","0","1","1","0","0","0","2","14","16","1","3","4","0","1","1","0","1","1","0","0","0","0","0","0","0","0","0","0","0","0","0","1","1","0","1","1","0","0","0","4","22","26"
"경기도교육청","경기도수원교육지원청","경기도 수원시 영통구","S090002487","영덕초등학교","02","공립","N","","1","1","2","0","0","0","0","0","0","1","41","42","2","2","4","0","0","0","0","0","0","0","0","0","0","0","0","0","0","0","0","0","0","0","1","1","0","1","1","0","0","0","4","46","50"
"경기도교육청","경기도수원교육지원청","경기도 수원시 영통구","S090002488","영동초등학교","02","공립","N","","1","0","1","0","1","1","0","0","0","2","49","51","2","10","12","0","1","1","0","1","1","0","0","0","0","0","0","0","0","0","0","0","0","0","2","2","0","1","1","0","1","1","5","66","71"
"경기도교육청","경기도수원교육지원청","경기도 수원시 영통구","S090002489","영일초등학교","02","공립","N","","1","0","1","0","1","1","0","0","0","1","26","27","0","2","2","0","0","0","0","0","0","0","0","0","0","0","0","0","0","0","0","0","0","0","1","1","0","1","1","0","0","0","2","31","33"
"경기도교육청","경기도수원교육지원청","경기도 수원시 영통구","S090002490","영통초등학교","02","공립","N","","0","1","1","1","0","1","0","0","0","3","19","22","2","0","2","0","1","1","0","0","0","0","0","0","0","0","0","0","0","0","0","0","0","0","1","1","0","1","1","0","0","0","6","23","29"
"경기도교육청","경기도수원교육지원청","경기도 수원시 장안구","S090002491","영화초등학교","02","공립","N","","0","1","1","0","1","1","0","0","0","3","18","21","2","4","6","0","1","1","1","0","1","0","0","0","0","0","0","0","1","1","0","1","1","0","1","1","0","1","1","0","0","0","6","29","35"
"경기도교육청","경기도수원교육지원청","경기도 수원시 권선구","S090002492","오목초등학교","02","공립","N","","0","1","1","0","1","1","0","0","0","6","9","15","0","9","9","0","1","1","0","1","1","0","0","0","0","0","0","0","0","0","0","0","0","0","2","2","0","0","0","0","0","0","6","24","30"
"경기도교육청","경기도수원교육지원청","경기도 수원시 팔달구","S090002493","우만초등학교","02","공립","N","","1","0","1","0","1","1","0","0","0","2","13","15","1","2","3","1","1","2","0","0","0","0","0","0","0","0","0","0","0","0","0","1","1","0","2","2","0","1","1","0","0","0","5","21","26"
"경기도교육청","경기도수원교육지원청","경기도 수원시 영통구","S090002494","원일초등학교","02","공립","N","","0","1","1","0","1","1","0","0","0","5","22","27","0","3","3","0","0","0","0","1","1","0","0","0","0","0","0","0","0","0","0","0","0","0","1","1","0","0","0","0","0","0","5","29","34"
"경기도교육청","경기도수원교육지원청","경기도 수원시 영통구","S090002495","원천초등학교","02","공립","N","","2","0","2","0","0","0","0","0","0","1","25","26","1","1","2","0","0","0","0","1","1","0","0","0","0","0","0","0","1","1","0","0","0","0","1","1","0","1","1","0","0","0","4","30","34"
"경기도교육청","경기도수원교육지원청","경기도 수원시 장안구","S090002496","율전초등학교","02","공립","N","","0","1","1","0","1","1","0","0","0","1","17","18","3","7","10","0","1","1","0","0","0","0","0","0","0","0","0","0","1","1","0","0","0","0","1","1","0","1","1","0","0","0","4","30","34"
"경기도교육청","경기도수원교육지원청","경기도 수원시 팔달구","S090002497","율현초등학교","02","공립","N","","0","1","1","0","1","1","0","0","0","3","13","16","1","11","12","0","0","0","0","1","1","0","0","0","0","0","0","0","1","1","0","1","1","0","1","1","0","2","2","0","0","0","4","32","36"
"경기도교육청","경기도수원교육지원청","경기도 수원시 팔달구","S090002498","인계초등학교","02","공립","N","","0","1","1","1","0","1","0","0","0","3","14","17","1","8","9","1","0","1","0","1","1","0","0","0","0","0","0","0","1","1","0","1","1","0","1","1","0","2","2","0","0","0","6","29","35"
"경기도교육청","경기도수원교육지원청","경기도 수원시 권선구","S090002499","일월초등학교","02","공립","N","","0","1","1","0","1","1","0","0","0","2","23","25","2","3","5","0","1","1","0","0","0","0","0","0","0","0","0","0","1","1","0","1","1","0","1","1","0","1","1","0","0","0","4","33","37"
"경기도교육청","경기도수원교육지원청","경기도 수원시 영통구","S090002500","잠원초등학교","02","공립","N","","1","0","1","1","0","1","0","0","0","3","44","47","3","7","10","0","2","2","0","0","0","0","0","0","0","0","0","0","2","2","0","0","0","0","1","1","0","0","0","0","0","0","8","56","64"
"경기도교육청","경기도수원교육지원청","경기도 수원시 장안구","S090002501","정자초등학교","02","공립","N","","0","1","1","0","1","1","0","0","0","2","25","27","2","4","6","1","0","1","0","0","0","0","0","0","0","0","0","0","1","1","0","0","0","0","2","2","0","1","1","0","0","0","5","35","40"
"경기도교육청","경기도수원교육지원청","경기도 수원시 장안구","S090002502","정천초등학교","02","공립","N","","1","0","1","1","0","1","0","0","0","2","37","39","2","4","6","1","0","1","0","1","1","0","0","0","0","0","0","0","1","1","0","0","0","0","1","1","0","2","2","0","0","0","7","46","53"
"경기도교육청","경기도수원교육지원청","경기도 수원시 장안구","S090002503","조원초등학교","02","공립","N","","1","0","1","1","0","1","0","0","0","1","20","21","1","4","5","0","0","0","0","1","1","0","0","0","0","0","0","0","0","0","0","1","1","0","1","1","0","1","1","0","0","0","4","28","32"
"경기도교육청","경기도수원교육지원청","경기도 수원시 영통구","S090002504","중앙기독초등학교","02","사립","N","","0","1","1","1","0","1","0","0","0","11","18","29","1","1","2","0","3","3","0","0","0","0","0","0","0","0","0","0","0","0","0","0","0","0","1","1","0","0","0","0","0","0","13","24","37"
"경기도교육청","경기도수원교육지원청","경기도 수원시 팔달구","S090002506","지동초등학교","02","공립","N","","0","2","2","0","0","0","0","0","0","4","12","16","0","6","6","0","1","1","0","0","0","0","0","0","0","0","0","0","0","0","0","0","0","0","2","2","0","0","0","0","0","0","4","23","27"
"경기도교육청","경기도수원교육지원청","경기도 수원시 장안구","S090002507","창용초등학교","02","공립","N","","0","1","1","0","1","1","0","0","0","3","14","17","1","1","2","0","0","0","0","1","1","0","0","0","0","0","0","0","2","2","0","0","0","0","1","1","0","0","0","0","0","0","4","21","25"
"경기도교육청","경기도수원교육지원청","경기도 수원시 장안구","S090002508","천일초등학교","02","공립","N","","0","1","1","0","1","1","0","0","0","2","20","22","2","1","3","0","0","0","0","0","0","0","0","0","0","0","0","0","0","0","0","0","0","0","2","2","0","0","0","0","0","0","4","25","29"
"경기도교육청","경기도수원교육지원청","경기도 수원시 장안구","S090002509","천천초등학교","02","공립","N","","0","1","1","0","1","1","0","0","0","4","35","39","3","3","6","0","1","1","0","1","1","0","0","0","0","0","0","0","0","0","0","0","0","0","1","1","0","1","1","0","0","0","7","44","51"
"경기도교육청","경기도수원교육지원청","경기도 수원시 영통구","S090002510","청명초등학교","02","공립","N","","0","1","1","0","1","1","0","0","0","3","23","26","2","0","2","0","1","1","0","0","0","0","0","0","0","0","0","0","0","0","0","1","1","0","1","1","0","1","1","0","0","0","5","29","34"
"경기도교육청","경기도수원교육지원청","경기도 수원시 권선구","S090002511","칠보초등학교","02","공립","N","","0","1","1","0","1","1","0","0","0","5","26","31","4","10","14","0","1","1","0","2","2","0","0","0","0","0","0","0","1","1","0","1","1","0","2","2","0","1","1","0","0","0","9","46","55"
"경기도교육청","경기도수원교육지원청","경기도 수원시 권선구","S090002512","탑동초등학교","02","공립","N","","0","2","2","0","0","0","0","0","0","3","21","24","1","7","8","0","1","1","1","0","1","0","0","0","0","0","0","0","0","0","0","0","0","0","2","2","0","1","1","0","0","0","5","34","39"
"경기도교육청","경기도수원교육지원청","경기도 수원시 영통구","S090002513","태장초등학교","02","공립","N","","1","0","1","0","1","1","0","0","0","5","31","36","0","5","5","0","1","1","0","0","0","0","0","0","0","0","0","0","2","2","0","0","0","0","1","1","0","1","1","0","0","0","6","42","48"
"경기도교육청","경기도수원교육지원청","경기도 수원시 장안구","S090002514","파장초등학교","02","공립","N","","0","1","1","1","0","1","0","0","0","1","12","13","5","3","8","0","0","0","0","3","3","0","0","0","0","0","0","0","0","0","0","0","0","0","1","1","0","1","1","0","0","0","7","21","28"
"경기도교육청","경기도수원교육지원청","경기도 수원시 장안구","S090002515","한일초등학교","02","공립","N","","0","1","1","1","0","1","0","0","0","5","15","20","0","7","7","0","0","0","0","0","0","0","0","0","0","0","0","0","0","0","0","0","0","0","1","1","0","1","1","0","0","0","6","25","31"
"경기도교육청","경기도수원교육지원청","경기도 수원시 권선구","S090002516","호매실초등학교","02","공립","N","","0","1","1","1","0","1","0","0","0","2","15","17","2","6","8","0","2","2","0","0","0","0","0","0","0","0","0","0","1","1","0","0","0","0","1","1","0","1","1","0","0","0","5","27","32"
"경기도교육청","경기도수원교육지원청","경기도 수원시 팔달구","S090002517","화서초등학교","02","공립","N","","0","1","1","1","0","1","0","0","0","2","12","14","4","6","10","0","1","1","0","1","1","0","0","0","0","0","0","0","1","1","0","1","1","0","1","1","0","0","0","0","0","0","7","24","31"
"경기도교육청","경기도수원교육지원청","경기도 수원시 팔달구","S090002518","화양초등학교","02","공립","N","","0","1","1","1","0","1","0","0","0","3","17","20","3","9","12","0","1","1","0","1","1","0","0","0","0","0","0","0","1","1","0","0","0","0","1","1","0","0","0","0","0","0","7","31","38"
"경기도교육청","경기도수원교육지원청","경기도 수원시 팔달구","S090002519","화홍초등학교","02","공립","N","","0","1","1","0","1","1","0","0","0","5","16","21","3","15","18","0","2","2","0","0","0","0","0","0","0","0","0","0","1","1","0","0","0","0","2","2","0","0","0","0","0","0","8","38","46"
"경기도교육청","경기도수원교육지원청","경기도 수원시 영통구","S090002520","황곡초등학교","02","공립","N","","0","1","1","0","2","2","0","0","0","3","36","39","0","1","1","0","2","2","0","3","3","0","0","0","0","0","0","0","1","1","0","0","0","1","0","1","0","1","1","0","0","0","4","47","51"
"경기도교육청","경기도수원교육지원청","경기도 수원시 영통구","S090002521","효동초등학교","02","공립","N","","1","0","1","0","1","1","0","1","1","1","12","13","0","1","1","0","0","0","0","1","1","0","0","0","0","0","0","0","0","0","0","0","0","0","1","1","0","0","0","0","0","0","2","17","19"
"경기도교육청","경기도수원교육지원청","경기도 수원시 팔달구","S090002522","효성초등학교","02","공립","N","","0","1","1","2","0","2","0","0","0","2","18","20","0","2","2","0","1","1","0","1","1","0","0","0","0","0","0","0","0","0","0","0","0","0","1","1","0","1","1","0","0","0","4","25","29"
"경기도교육청","경기도수원교육지원청","경기도 수원시 영통구","S090002523","효원초등학교","02","공립","N","","1","0","1","0","1","1","0","0","0","1","11","12","1","5","6","0","0","0","0","0","0","0","0","0","0","0","0","0","0","0","0","1","1","0","1","1","0","0","0","0","0","0","3","19","22"
"경기도교육청","경기도수원교육지원청","경기도 수원시 권선구","S090002524","효정초등학교","02","공립","N","","0","1","1","0","1","1","0","1","1","1","12","13","2","3","5","0","0","0","0","0","0","0","0","0","0","0","0","0","0","0","0","1","1","0","2","2","0","1","1","0","0","0","3","22","25"
"경기도교육청","경기도수원교육지원청","경기도 수원시 장안구","S090002525","효천초등학교","02","공립","N","","0","1","1","0","1","1","0","0","0","4","18","22","2","1","3","0","0","0","0","1","1","0","0","0","0","0","0","0","1","1","0","0","0","0","1","1","0","0","0","0","0","0","6","24","30"
"경기도교육청","경기도안산교육지원청","경기도 안산시 상록구","S090002715","각골초등학교","02","공립","N","","0","1","1","1","0","1","0","0","0","3","15","18","1","1","2","0","0","0","0","2","2","0","0","0","0","0","0","0","1","1","0","0","0","0","1","1","0","0","0","0","0","0","5","21","26"
"경기도교육청","경기도시흥교육지원청","경기도 시흥시","S090002716","검바위초등학교","02","공립","N","","1","0","1","1","0","1","0","0","0","3","18","21","2","2","4","0","1","1","1","0","1","0","0","0","0","0","0","0","0","0","0","1","1","0","1","1","0","0","0","0","0","0","8","23","31"
"경기도교육청","경기도안산교육지원청","경기도 안산시 상록구","S090002717","경수초등학교","02","공립","N","","0","2","2","0","0","0","0","0","0","1","6","7","0","2","2","0","0","0","0","0","0","0","0","0","0","0","0","0","0","0","0","1","1","0","1","1","0","0","0","0","0","0","1","12","13"
"경기도교육청","경기도안산교육지원청","경기도 안산시 상록구","S090002718","경일초등학교","02","공립","N","","0","1","1","1","1","2","0","0","0","4","12","16","1","4","5","0","1","1","0","0","0","0","0","0","0","0","0","0","0","0","0","0","0","0","1","1","0","1","1","0","0","0","6","21","27"
"경기도교육청","경기도시흥교육지원청","경기도 시흥시","S090002719","계수초등학교","02","공립","N","","1","0","1","0","0","0","0","0","0","2","6","8","0","1","1","0","1","1","0","0","0","0","0","0","0","0","0","0","0","0","0","1","1","0","1","1","0","0","0","0","0","0","3","10","13"
"경기도교육청","경기도안산교육지원청","경기도 안산시 단원구","S090002720","고잔초등학교","02","공립","N","","1","0","1","1","0","1","0","0","0","5","14","19","1","10","11","0","0","0","0","2","2","0","0","0","0","0","0","1","0","1","0","1","1","0","1","1","0","1","1","0","0","0","9","29","38"
"경기도교육청","경기도안산교육지원청","경기도 안산시 단원구","S090002721","관산초등학교","02","공립","N","","1","1","2","0","2","2","0","0","0","20","20","40","2","10","12","0","2","2","1","2","3","0","0","0","0","0","0","0","1","1","0","1","1","0","2","2","0","1","1","0","0","0","24","42","66"
"경기도교육청","경기도시흥교육지원청","경기도 시흥시","S090002722","군서초등학교","02","공립","N","","0","0","0","1","1","2","0","0","0","11","15","26","5","9","14","0","0","0","0","2","2","0","0","0","0","0","0","0","2","2","0","0","0","0","1","1","0","0","0","0","0","0","17","30","47"
"경기도교육청","경기도시흥교육지원청","경기도 시흥시","S090002723","군자초등학교","02","공립","N","","0","1","1","0","2","2","0","0","0","11","22","33","2","2","4","1","1","2","0","0","0","0","0","0","0","0","0","0","0","0","0","0","0","0","1","1","0","1","1","0","1","1","14","31","45"
"경기도교육청","경기도시흥교육지원청","경기도 시흥시","S090002724","금모래초등학교","02","공립","N","","0","1","1","0","1","1","0","2","2","5","37","42","0","3","3","0","2","2","0","0","0","0","0","0","0","0","0","0","0","0","0","0","0","0","1","1","0","1","1","0","0","0","5","48","53"
"경기도교육청","경기도시흥교육지원청","경기도 시흥시","S090002725","냉정초등학교","02","공립","N","","1","0","1","1","0","1","0","0","0","6","21","27","1","3","4","1","1","2","0","1","1","0","0","0","0","0","0","0","1","1","0","0","0","0","1","1","0","1","1","0","0","0","10","29","39"
"경기도교육청","경기도안산교육지원청","경기도 안산시 단원구","S090002726","능길초등학교","02","공립","N","","2","0","2","0","0","0","0","0","0","3","5","8","0","0","0","0","1","1","0","1","1","0","0","0","0","0","0","0","0","0","0","0","0","0","1","1","0","0","0","0","0","0","5","8","13"
"경기도교육청","경기도안산교육지원청","경기도 안산시 단원구","S090002727","대남초등학교","02","공립","N","","0","1","1","0","1","1","0","0","0","4","2","6","1","0","1","0","0","0","0","2","2","0","0","0","0","0","0","0","0","0","1","0","1","0","1","1","0","1","1","0","0","0","6","8","14"
"경기도교육청","경기도안산교육지원청","경기도 안산시 단원구","S090002729","대동초등학교","02","공립","N","","0","1","1","1","0","1","0","0","0","1","4","5","2","3","5","0","0","0","0","0","0","0","0","0","0","0","0","0","0","0","0","0","0","0","1","1","0","1","1","0","0","0","4","10","14"
"경기도교육청","경기도안산교육지원청","경기도 안산시 단원구","S090002730","대부초등학교","02","공립","N","","1","0","1","0","1","1","0","0","0","3","3","6","0","3","3","0","0","0","0","0","0","0","0","0","0","0","0","0","0","0","0","0","0","0","1","1","0","0","0","0","0","0","4","8","12"
"경기도교육청","경기도시흥교육지원청","경기도 시흥시","S090002731","대야초등학교","02","공립","N","","0","1","1","1","0","1","0","0","0","5","17","22","1","1","2","0","1","1","0","0","0","0","0","0","0","0","0","0","1","1","0","1","1","0","1","1","0","1","1","0","0","0","7","24","31"
"경기도교육청","경기도안산교육지원청","경기도 안산시 단원구","S090002732","덕성초등학교","02","공립","N","","1","0","1","0","1","1","0","0","0","1","16","17","1","1","2","0","0","0","0","0","0","0","0","0","0","0","0","0","0","0","0","0","0","0","1","1","0","1","1","0","0","0","3","20","23"
"경기도교육청","경기도시흥교육지원청","경기도 시흥시","S090002733","도일초등학교","02","공립","N","","1","1","2","0","0","0","0","0","0","10","12","22","0","1","1","0","2","2","0","1","1","0","0","0","0","0","0","0","0","0","0","0","0","0","1","1","0","1","1","0","0","0","11","19","30"
"경기도교육청","경기도시흥교육지원청","경기도 시흥시","S090002734","도창초등학교","02","공립","N","","0","1","1","1","0","1","0","0","0","5","3","8","0","1","1","0","0","0","0","0","0","0","0","0","0","0","0","0","0","0","0","0","0","0","1","1","0","0","0","0","0","0","6","6","12"
"경기도교육청","경기도안산교육지원청","경기도 안산시 상록구","S090002735","매화초등학교","02","공립","N","","0","1","1","0","1","1","0","0","0","2","23","25","1","3","4","0","0","0","0","2","2","0","0","0","0","0","0","0","1","1","0","0","0","0","1","1","0","1","1","0","0","0","3","33","36"
"경기도교육청","경기도시흥교육지원청","경기도 시흥시","S090002736","목감초등학교","02","공립","N","","0","2","2","0","0","0","0","0","0","3","17","20","0","0","0","0","2","2","0","1","1","0","0","0","0","0","0","0","0","0","0","0","0","0","2","2","0","0","0","0","0","0","3","24","27"
"경기도교육청","경기도안산교육지원청","경기도 안산시 상록구","S090002737","반월초등학교","02","공립","N","","1","0","1","1","0","1","1","0","1","3","12","15","1","1","2","1","1","2","0","0","0","0","0","0","0","0","0","0","1","1","0","0","0","0","1","1","0","1","1","0","0","0","8","17","25"
"경기도교육청","경기도안산교육지원청","경기도 안산시 단원구","S090002738","별망초등학교","02","공립","N","","1","0","1","1","0","1","0","0","0","3","15","18","0","2","2","0","1","1","1","0","1","0","0","0","0","0","0","0","0","0","0","1","1","0","1","1","0","1","1","0","0","0","6","21","27"
"경기도교육청","경기도안산교육지원청","경기도 안산시 상록구","S090002739","본오초등학교","02","공립","N","","0","1","1","0","1","1","0","0","0","2","31","33","0","6","6","0","2","2","0","1","1","0","0","0","0","0","0","0","1","1","0","0","0","0","1","1","0","1","1","0","0","0","2","45","47"
"경기도교육청","경기도안산교육지원청","경기도 안산시 상록구","S090002740","본원초등학교","02","공립","N","","1","0","1","2","0","2","0","0","0","7","33","40","2","2","4","0","1","1","0","2","2","0","0","0","0","0","0","0","0","0","0","0","0","0","1","1","0","1","1","0","0","0","12","40","52"
"경기도교육청","경기도안산교육지원청","경기도 안산시 상록구","S090002741","삼일초등학교","02","공립","N","","1","0","1","0","1","1","0","0","0","3","27","30","1","4","5","0","1","1","0","1","1","0","0","0","0","0","0","0","1","1","0","0","0","0","1","1","0","1","1","0","0","0","5","37","42"
"경기도교육청","경기도안산교육지원청","경기도 안산시 상록구","S090002742","상록초등학교","02","공립","N","","0","1","1","0","1","1","0","0","0","3","30","33","1","2","3","1","0","1","0","1","1","0","0","0","0","0","0","0","1","1","0","1","1","0","1","1","0","1","1","0","0","0","5","39","44"
"경기도교육청","경기도시흥교육지원청","경기도 시흥시","S090002743","서촌초등학교","02","공립","N","","0","1","1","1","0","1","0","0","0","7","15","22","2","4","6","0","0","0","0","3","3","0","0","0","0","0","0","0","0","0","0","0","0","0","1","1","0","1","1","0","0","0","10","25","35"
"경기도교육청","경기도시흥교육지원청","경기도 시흥시","S090002744","서해초등학교","02","공립","N","","1","0","1","0","1","1","0","0","0","9","32","41","1","3","4","0","1","1","0","3","3","0","0","0","0","0","0","0","0","0","0","1","1","0","1","1","0","1","1","0","0","0","11","43","54"
"경기도교육청","경기도안산교육지원청","경기도 안산시 상록구","S090002745","석호초등학교","02","공립","N","","0","1","1","1","0","1","0","0","0","5","35","40","2","1","3","0","0","0","0","2","2","0","0","0","0","0","0","0","1","1","0","0","0","0","1","1","0","1","1","0","0","0","8","42","50"
"경기도교육청","경기도안산교육지원청","경기도 안산시 단원구","S090002746","선부초등학교","02","공립","N","","0","1","1","1","0","1","0","0","0","14","20","34","5","2","7","0","3","3","0","0","0","0","0","0","0","0","0","0","1","1","1","0","1","0","1","1","0","1","1","0","0","0","21","29","50"
"경기도교육청","경기도안산교육지원청","경기도 안산시 단원구","S090002747","선일초등학교","02","공립","N","","0","1","1","0","1","1","0","0","0","10","13","23","6","1","7","1","0","1","1","0","1","0","0","0","0","0","0","0","1","1","0","1","1","0","1","1","0","0","0","0","0","0","18","19","37"
"경기도교육청","경기도안산교육지원청","경기도 안산시 상록구","S090002749","성안초등학교","02","공립","N","","0","1","1","1","1","2","0","0","0","3","23","26","1","5","6","0","0","0","0","1","1","0","0","0","0","0","0","0","0","0","0","0","0","0","1","1","0","1","1","0","0","0","5","33","38"
"경기도교육청","경기도안산교육지원청","경기도 안산시 상록구","S090002750","성포초등학교","02","공립","N","","0","1","1","1","0","1","0","0","0","6","17","23","0","4","4","0","1","1","0","1","1","0","0","0","0","0","0","0","1","1","0","1","1","0","1","1","0","1","1","0","0","0","7","28","35"
"경기도교육청","경기도시흥교육지원청","경기도 시흥시","S090002751","소래초등학교","02","공립","N","","0","1","1","0","1","1","0","0","0","6","8","14","2","7","9","0","2","2","0","0","0","0","0","0","0","0","0","0","0","0","0","0","0","0","1","1","0","2","2","0","0","0","8","22","30"
"경기도교육청","경기도시흥교육지원청","경기도 시흥시","S090002752","송운초등학교","02","공립","N","","0","1","1","1","0","1","0","0","0","13","21","34","1","3","4","0","0","0","0","2","2","0","0","0","0","0","0","0","0","0","0","1","1","0","1","1","0","1","1","0","0","0","15","30","45"
"경기도교육청","경기도안산교육지원청","경기도 안산시 단원구","S090002753","송호초등학교","02","공립","N","","0","1","1","1","0","1","0","0","0","7","28","35","1","3","4","0","2","2","0","1","1","0","0","0","0","0","0","0","0","0","0","1","1","0","1","1","0","1","1","0","0","0","9","38","47"
"경기도교육청","경기도안산교육지원청","경기도 안산시 단원구","S090002755","슬기초등학교","02","공립","N","","2","0","2","0","0","0","0","1","1","4","27","31","1","2","3","0","1","1","0","1","1","0","0","0","0","0","0","0","0","0","0","1","1","0","1","1","0","1","1","0","0","0","7","35","42"
"경기도교육청","경기도안산교육지원청","경기도 안산시 상록구","S090002756","시곡초등학교","02","공립","N","","1","0","1","0","1","1","0","0","0","5","24","29","0","5","5","0","2","2","0","0","0","0","0","0","0","0","0","0","0","0","0","0","0","0","1","1","0","1","1","0","0","0","6","34","40"
"경기도교육청","경기도안산교육지원청","경기도 안산시 상록구","S090002757","시랑초등학교","02","공립","N","","0","1","1","1","0","1","0","0","0","6","14","20","0","2","2","0","2","2","0","0","0","0","0","0","0","0","0","0","0","0","0","1","1","0","2","2","0","0","0","0","0","0","7","22","29"
"경기도교육청","경기도시흥교육지원청","경기도 시흥시","S090002758","시화초등학교","02","공립","N","","1","0","1","1","0","1","0","0","0","7","13","20","4","4","8","0","2","2","0","1","1","0","0","0","0","0","0","0","1","1","0","0","0","0","1","1","0","1","1","0","0","0","13","23","36"
"경기도교육청","경기도시흥교육지원청","경기도 시흥시","S090002759","시흥매화초등학교","02","공립","N","","0","1","1","1","0","1","0","0","0","2","18","20","0","0","0","0","1","1","0","1","1","0","0","0","0","0","0","0","1","1","0","0","0","0","1","1","0","0","0","0","0","0","3","23","26"
"경기도교육청","경기도시흥교육지원청","경기도 시흥시","S090002760","시흥신일초등학교","02","공립","N","","0","1","1","1","0","1","0","0","0","5","23","28","1","4","5","0","2","2","0","0","0","0","0","0","0","0","0","0","0","0","0","1","1","0","1","1","0","1","1","0","0","0","7","33","40"
"경기도교육청","경기도시흥교육지원청","경기도 시흥시","S090002761","시흥은행초등학교","02","공립","N","","0","2","2","0","0","0","0","1","1","5","29","34","3","2","5","0","1","1","0","0","0","0","0","0","0","0","0","0","1","1","0","0","0","0","1","1","0","1","1","0","0","0","8","38","46"
"경기도교육청","경기도시흥교육지원청","경기도 시흥시","S090002762","시흥초등학교","02","공립","N","","0","1","1","0","1","1","0","0","0","9","16","25","4","3","7","0","1","1","0","1","1","0","0","0","0","0","0","0","0","0","0","0","0","0","1","1","0","1","1","0","0","0","13","25","38"
"경기도교육청","경기도시흥교육지원청","경기도 시흥시","S090002764","신천초등학교","02","공립","N","","1","0","1","0","1","1","0","0","0","2","12","14","0","3","3","0","2","2","0","0","0","0","0","0","0","0","0","0","0","0","0","1","1","0","2","2","0","2","2","0","0","0","3","23","26"
"경기도교육청","경기도안산교육지원청","경기도 안산시 상록구","S090002765","안산광덕초등학교","02","공립","N","","0","1","1","1","0","1","0","0","0","3","20","23","2","3","5","0","0","0","0","1","1","0","0","0","0","0","0","0","0","0","0","0","0","0","1","1","0","1","1","0","0","0","6","27","33"
"경기도교육청","경기도안산교육지원청","경기도 안산시 상록구","S090002766","안산부곡초등학교","02","공립","N","","1","0","1","0","1","1","0","0","0","10","25","35","1","1","2","0","2","2","0","1","1","0","0","0","0","0","0","0","1","1","0","1","1","0","1","1","0","1","1","0","0","0","12","34","46"
"경기도교육청","경기도안산교육지원청","경기도 안산시 단원구","S090002767","안산서초등학교","02","공립","N","","1","0","1","1","0","1","0","0","0","12","17","29","4","8","12","0","1","1","1","0","1","0","0","0","0","0","0","0","1","1","0","0","0","0","2","2","0","0","0","0","0","0","19","29","48"
"경기도교육청","경기도안산교육지원청","경기도 안산시 단원구","S090002768","안산석수초등학교","02","공립","N","","0","1","1","0","1","1","0","0","0","12","25","37","0","7","7","0","1","1","1","1","2","0","0","0","0","0","0","0","1","1","0","0","0","0","1","1","0","1","1","0","0","0","13","39","52"
"경기도교육청","경기도안산교육지원청","경기도 안산시 단원구","S090002769","안산양지초등학교","02","공립","N","","0","1","1","1","0","1","0","0","0","8","40","48","1","3","4","0","1","1","0","0","0","0","0","0","0","0","0","0","0","0","0","0","0","0","1","1","0","1","1","0","0","0","10","47","57"
"경기도교육청","경기도안산교육지원청","경기도 안산시 단원구","S090002770","안산원곡초등학교","02","공립","N","","1","0","1","0","1","1","0","0","0","16","16","32","2","2","4","0","0","0","1","0","1","0","0","0","0","0","0","0","1","1","0","0","0","0","2","2","0","1","1","1","12","13","21","35","56"
"경기도교육청","경기도안산교육지원청","경기도 안산시 단원구","S090002771","안산중앙초등학교","02","공립","N","","0","1","1","1","0","1","0","0","0","4","22","26","1","3","4","0","0","0","0","3","3","0","0","0","0","0","0","0","1","1","0","0","0","0","2","2","0","1","1","0","0","0","6","33","39"
"경기도교육청","경기도안산교육지원청","경기도 안산시 상록구","S090002772","안산초등학교","02","공립","N","","1","0","1","1","0","1","0","0","0","4","12","16","0","1","1","0","0","0","0","1","1","0","0","0","0","0","0","0","0","0","0","0","0","0","1","1","0","1","1","0","0","0","6","16","22"
"경기도교육청","경기도안산교육지원청","경기도 안산시 단원구","S090002773","안산화정초등학교","02","공립","N","","0","1","1","1","0","1","0","0","0","4","34","38","0","5","5","0","1","1","0","2","2","0","0","0","0","0","0","0","0","0","0","1","1","0","1","1","0","1","1","0","0","0","5","46","51"
"경기도교육청","경기도시흥교육지원청","경기도 시흥시","S090002774","연성초등학교","02","공립","N","","0","1","1","0","1","1","0","0","0","3","11","14","1","1","2","0","1","1","0","0","0","0","0","0","0","0","0","0","0","0","0","0","0","0","1","1","0","1","1","0","0","0","4","17","21"
"경기도교육청","경기도시흥교육지원청","경기도 시흥시","S090002775","옥터초등학교","02","공립","N","","0","1","1","1","0","1","0","0","0","9","5","14","2","3","5","0","1","1","0","0","0","0","0","0","0","0","0","0","1","1","0","0","0","0","2","2","0","0","0","0","0","0","12","13","25"
"경기도교육청","경기도안산교육지원청","경기도 안산시 단원구","S090002776","와동초등학교","02","공립","N","","0","1","1","0","1","1","0","0","0","6","19","25","2","11","13","0","0","0","0","2","2","0","0","0","0","0","0","0","0","0","0","1","1","0","1","1","0","1","1","0","0","0","8","37","45"
"경기도교육청","경기도안산교육지원청","경기도 안산시 단원구","S090002778","원일초등학교","02","공립","N","","0","1","1","1","0","1","0","0","0","8","8","16","10","9","19","0","0","0","0","1","1","0","0","0","0","0","0","0","1","1","0","0","0","0","1","1","0","1","1","0","0","0","19","22","41"
"경기도교육청","경기도시흥교육지원청","경기도 시흥시","S090002779","은계초등학교","02","공립","N","","0","1","1","0","1","1","0","1","1","7","30","37","1","6","7","0","3","3","0","0","0","0","0","0","0","0","0","0","1","1","0","0","0","0","1","1","0","1","1","0","0","0","8","45","53"
"경기도교육청","경기도안산교육지원청","경기도 안산시 상록구","S090002780","이호초등학교","02","공립","N","","0","1","1","1","0","1","0","1","1","6","30","36","1","3","4","1","1","2","0","1","1","0","0","0","0","0","0","0","0","0","0","0","0","0","1","1","0","1","1","0","0","0","9","39","48"
"경기도교육청","경기도시흥교육지원청","경기도 시흥시","S090002781","장곡초등학교","02","공립","N","","0","1","1","2","0","2","0","0","0","6","29","35","2","2","4","0","1","1","1","0","1","0","0","0","0","0","0","0","1","1","0","0","0","0","1","1","0","1","1","0","0","0","11","36","47"
"경기도교육청","경기도시흥교육지원청","경기도 시흥시","S090002782","정왕초등학교","02","공립","N","","0","1","1","1","0","1","0","0","0","18","26","44","2","7","9","0","1","1","2","1","3","0","0","0","0","0","0","0","1","1","0","0","0","0","1","1","0","1","1","0","0","0","23","39","62"
"경기도교육청","경기도안산교육지원청","경기도 안산시 상록구","S090002783","정재초등학교","02","공립","N","","0","1","1","0","1","1","0","0","0","1","15","16","0","0","0","0","1","1","0","1","1","0","0","0","0","0","0","0","0","0","0","0","0","0","2","2","0","0","0","0","0","0","1","21","22"
"경기도교육청","경기도안산교육지원청","경기도 안산시 단원구","S090002784","정지초등학교","02","공립","N","","1","0","1","0","1","1","0","0","0","2","9","11","5","4","9","0","2","2","0","0","0","0","0","0","0","0","0","0","0","0","0","0","0","0","1","1","0","1","1","0","0","0","8","18","26"
"경기도교육청","경기도시흥교육지원청","경기도 시흥시","S090002786","진말초등학교","02","공립","N","","0","2","2","0","0","0","0","0","0","2","28","30","2","1","3","0","0","0","0","1","1","0","0","0","0","0","0","0","0","0","0","0","0","0","1","1","0","1","1","0","0","0","4","34","38"
"경기도교육청","경기도안산교육지원청","경기도 안산시 상록구","S090002787","초당초등학교","02","공립","N","","0","1","1","0","1","1","0","0","0","13","38","51","2","5","7","1","1","2","1","0","1","0","0","0","0","0","0","0","1","1","0","0","0","0","3","3","0","1","1","0","0","0","17","51","68"
"경기도교육청","경기도안산교육지원청","경기도 안산시 단원구","S090002788","초지초등학교","02","공립","N","","1","0","1","1","0","1","0","0","0","5","25","30","0","4","4","1","0","1","0","0","0","0","0","0","0","0","0","0","0","0","0","0","0","0","1","1","0","0","0","0","1","1","8","31","39"
"경기도교육청","경기도시흥교육지원청","경기도 시흥시","S090002789","포리초등학교","02","공립","N","","1","0","1","2","0","2","0","0","0","2","8","10","0","0","0","0","0","0","0","1","1","0","0","0","0","0","0","0","0","0","0","1","1","0","0","0","0","0","0","0","0","0","5","10","15"
"경기도교육청","경기도시흥교육지원청","경기도 시흥시","S090002790","하중초등학교","02","공립","N","","1","0","1","0","1","1","0","0","0","2","19","21","1","1","2","0","1","1","1","1","2","0","0","0","0","0","0","0","1","1","0","0","0","0","1","1","0","1","1","0","0","0","5","26","31"
"경기도교육청","경기도시흥교육지원청","경기도 시흥시","S090002791","함현초등학교","02","공립","N","","0","1","1","1","0","1","0","0","0","6","12","18","3","0","3","0","0","0","1","1","2","0","0","0","0","0","0","0","0","0","0","0","0","0","1","1","0","1","1","0","0","0","11","16","27"
"경기도교육청","경기도안산교육지원청","경기도 안산시 상록구","S090002792","호동초등학교","02","공립","N","","0","1","1","0","1","1","0","0","0","5","44","49","4","8","12","1","0","1","0","0","0","0","0","0","0","0","0","0","0","0","0","0","0","0","2","2","0","1","1","0","0","0","10","57","67"
"경기도교육청","경기도안산교육지원청","경기도 안산시 단원구","S090002793","화랑초등학교","02","공립","N","","0","1","1","0","1","1","0","0","0","10","15","25","2","4","6","0","1","1","0","2","2","0","0","0","0","0","0","0","0","0","0","0","0","0","2","2","0","1","1","0","1","1","12","28","40"
"경기도교육청","경기도안성교육지원청","경기도 안성시","S090002927","개산초등학교","02","공립","N","","1","0","1","1","0","1","0","0","0","3","0","3","0","4","4","0","1","1","0","0","0","0","0","0","0","0","0","0","0","0","0","1","1","0","1","1","0","0","0","0","1","1","5","8","13"
"경기도교육청","경기도안성교육지원청","경기도 안성시","S090002928","개정초등학교","02","공립","N","","0","1","1","0","1","1","0","0","0","2","2","4","0","3","3","1","0","1","0","0","0","0","0","0","0","0","0","0","0","0","0","1","1","0","1","1","0","0","0","0","1","1","3","10","13"
"경기도교육청","경기도안성교육지원청","경기도 안성시","S090002929","고삼초등학교","02","공립","N","","0","1","1","0","0","0","0","0","0","4","2","6","0","2","2","1","0","1","0","0","0","0","0","0","0","0","0","0","0","0","0","1","1","0","1","1","0","0","0","0","0","0","5","7","12"
"경기도교육청","경기도안성교육지원청","경기도 안성시","S090002931","공도초등학교","02","공립","N","","1","1","2","3","0","3","0","0","0","14","40","54","3","6","9","0","1","1","0","1","1","0","0","0","0","0","0","0","1","1","0","0","0","0","2","2","0","0","0","1","0","1","22","52","74"
"경기도교육청","경기도안성교육지원청","경기도 안성시","S090002933","광덕초등학교","02","공립","N","","0","1","1","1","0","1","0","0","0","7","4","11","2","6","8","0","0","0","0","1","1","0","0","0","0","0","0","0","0","0","0","0","0","0","1","1","0","0","0","0","0","0","10","13","23"
"경기도교육청","경기도안성교육지원청","경기도 안성시","S090002934","광선초등학교","02","공립","N","","0","1","1","1","0","1","0","0","0","0","4","4","1","4","5","0","0","0","0","0","0","0","0","0","0","0","0","0","0","0","1","0","1","0","1","1","0","0","0","0","0","0","3","10","13"
"경기도교육청","경기도안성교육지원청","경기도 안성시","S090002935","금광초등학교","02","공립","N","","1","0","1","1","0","1","0","1","1","2","3","5","4","2","6","0","0","0","0","1","1","0","0","0","0","0","0","0","0","0","0","1","1","0","1","1","0","1","1","0","0","0","8","10","18"
"경기도교육청","경기도안성교육지원청","경기도 안성시","S090002936","금광초등학교조령분교장","02","공립","N","","0","0","0","0","0","0","0","0","0","2","0","2","0","2","2","0","0","0","0","0","0","0","0","0","0","0","0","0","0","0","0","0","0","0","0","0","0","0","0","0","0","0","2","2","4"
"경기도교육청","경기도안성교육지원청","경기도 안성시","S090002937","내혜홀초등학교","02","공립","N","","0","1","1","0","1","1","0","0","0","3","8","11","5","10","15","0","0","0","0","2","2","0","0","0","0","0","0","0","1","1","0","0","0","0","1","1","0","1","1","0","0","0","8","25","33"
"경기도교육청","경기도안성교육지원청","경기도 안성시","S090002938","대덕초등학교","02","공립","N","","1","0","1","1","0","1","0","0","0","1","5","6","0","3","3","1","0","1","0","0","0","0","0","0","0","0","0","0","0","0","0","0","0","0","1","1","0","0","0","0","0","0","4","9","13"
"경기도교육청","경기도안성교육지원청","경기도 안성시","S090002940","동신초등학교","02","공립","N","","0","2","2","0","0","0","0","0","0","3","3","6","1","5","6","1","0","1","0","0","0","0","0","0","0","0","0","0","0","0","0","0","0","0","1","1","0","0","0","0","0","0","5","11","16"
"경기도교육청","경기도안성교육지원청","경기도 안성시","S090002941","마전초등학교","02","공립","N","","1","0","1","1","0","1","0","0","0","1","4","5","0","2","2","0","0","0","0","1","1","0","0","0","0","0","0","0","0","0","0","0","0","0","1","1","0","0","0","0","0","0","3","8","11"
"경기도교육청","경기도안성교육지원청","경기도 안성시","S090002942","명덕초등학교","02","공립","N","","0","1","1","1","0","1","0","0","0","4","1","5","1","3","4","0","0","0","0","0","0","0","0","0","0","0","0","0","0","0","0","1","1","0","1","1","0","0","0","0","0","0","6","7","13"
"경기도교육청","경기도안성교육지원청","경기도 안성시","S090002943","문기초등학교","02","공립","N","","1","0","1","1","0","1","0","0","0","8","18","26","0","6","6","0","0","0","1","0","1","0","0","0","0","0","0","0","1","1","0","1","1","0","1","1","0","0","0","0","0","0","11","27","38"
"경기도교육청","경기도안성교육지원청","경기도 안성시","S090002944","미곡초등학교","02","공립","N","","0","1","1","1","0","1","0","0","0","5","1","6","0","1","1","0","0","0","0","0","0","0","0","0","0","0","0","0","0","0","0","1","1","0","1","1","0","2","2","0","0","0","6","7","13"
"경기도교육청","경기도안성교육지원청","경기도 안성시","S090002945","미양초등학교","02","공립","N","","1","1","2","0","0","0","0","0","0","2","3","5","1","1","2","0","0","0","1","0","1","0","0","0","0","0","0","0","0","0","0","0","0","0","1","1","0","1","1","0","1","1","5","8","13"
"경기도교육청","경기도안성교육지원청","경기도 안성시","S090002946","방초초등학교","02","공립","N","","1","0","1","0","1","1","0","0","0","0","2","2","2","2","4","0","0","0","0","0","0","0","0","0","0","0","0","0","0","0","1","0","1","0","1","1","0","0","0","0","0","0","4","6","10"
"경기도교육청","경기도안성교육지원청","경기도 안성시","S090002947","백성초등학교","02","공립","N","","0","1","1","2","0","2","0","0","0","3","20","23","4","13","17","0","1","1","1","1","2","0","0","0","0","0","0","0","1","1","0","0","0","0","1","1","0","1","1","0","0","0","10","39","49"
"경기도교육청","경기도안성교육지원청","경기도 안성시","S090002948","보개초등학교","02","공립","N","","0","1","1","1","0","1","0","0","0","2","4","6","0","1","1","0","1","1","0","0","0","0","0","0","0","0","0","0","0","0","0","0","0","0","1","1","0","0","0","0","0","0","3","8","11"
"경기도교육청","경기도안성교육지원청","경기도 안성시","S090002949","보체초등학교","02","공립","N","","1","0","1","1","0","1","0","0","0","4","0","4","0","3","3","0","0","0","0","1","1","0","0","0","0","0","0","0","0","0","0","0","0","0","1","1","0","0","0","0","0","0","6","5","11"
"경기도교육청","경기도안성교육지원청","경기도 안성시","S090002950","비룡초등학교","02","공립","N","","1","0","1","1","0","1","0","0","0","9","26","35","4","23","27","0","0","0","0","1","1","0","0","0","0","0","0","0","0","0","0","1","1","0","2","2","0","1","1","0","0","0","15","54","69"
"경기도교육청","경기도안성교육지원청","경기도 안성시","S090002951","산평초등학교","02","공립","N","","1","0","1","0","0","0","0","0","0","3","0","3","0","4","4","0","1","1","0","0","0","0","0","0","0","0","0","0","0","0","0","0","0","0","1","1","0","0","0","0","0","0","4","6","10"
"경기도교육청","경기도안성교육지원청","경기도 안성시","S090002952","삼죽초등학교","02","공립","N","","1","0","1","1","0","1","0","0","0","5","0","5","0","6","6","0","1","1","0","0","0","0","0","0","0","0","0","0","0","0","0","1","1","0","1","1","0","1","1","0","0","0","7","10","17"
"경기도교육청","경기도안성교육지원청","경기도 안성시","S090002954","서운초등학교","02","공립","N","","1","0","1","1","0","1","0","0","0","0","2","2","1","4","5","0","0","0","0","1","1","0","0","0","0","0","0","0","0","0","0","0","0","0","1","1","0","0","0","0","0","0","3","8","11"
"경기도교육청","경기도안성교육지원청","경기도 안성시","S090002956","안성초등학교","02","공립","N","","1","0","1","1","0","1","0","0","0","4","22","26","2","9","11","0","2","2","0","1","1","0","0","0","0","0","0","0","1","1","0","0","0","0","1","1","0","1","1","0","0","0","8","37","45"
"경기도교육청","경기도안성교육지원청","경기도 안성시","S090002957","양성초등학교","02","공립","N","","0","0","0","0","1","1","0","0","0","3","2","5","2","2","4","0","0","0","0","1","1","0","0","0","0","0","0","0","0","0","0","0","0","0","1","1","0","1","1","0","0","0","5","8","13"
"경기도교육청","경기도안성교육지원청","경기도 안성시","S090002959","양진초등학교","02","공립","N","","1","0","1","1","0","1","0","0","0","8","28","36","2","1","3","0","1","1","0","1","1","0","0","0","0","0","0","0","1","1","0","0","0","0","1","1","0","1","1","0","0","0","12","34","46"
"경기도교육청","경기도안성교육지원청","경기도 안성시","S090002960","용머리초등학교","02","공립","N","","0","1","1","0","1","1","0","0","0","5","14","19","1","6","7","0","0","0","1","1","2","0","0","0","0","0","0","0","1","1","0","1","1","0","2","2","0","0","0","0","0","0","7","27","34"
"경기도교육청","경기도안성교육지원청","경기도 안성시","S090002961","원곡초등학교","02","공립","N","","0","1","1","1","0","1","0","0","0","5","0","5","0","2","2","0","1","1","0","0","0","0","0","0","0","0","0","0","0","0","0","0","0","0","1","1","0","0","0","0","0","0","6","5","11"
"경기도교육청","경기도안성교육지원청","경기도 안성시","S090002963","일죽초등학교","02","공립","N","","0","1","1","1","0","1","0","0","0","2","3","5","0","5","5","0","0","0","0","1","1","0","0","0","0","0","0","0","1","1","0","1","1","0","1","1","0","0","0","0","1","1","3","14","17"
"경기도교육청","경기도안성교육지원청","경기도 안성시","S090002967","죽산초등학교","02","공립","N","","0","2","2","0","0","0","0","0","0","2","2","4","2","5","7","0","0","0","1","0","1","0","0","0","0","0","0","0","1","1","0","1","1","0","1","1","0","1","1","0","0","0","5","13","18"
"경기도교육청","경기도안성교육지원청","경기도 안성시","S090002968","죽화초등학교","02","공립","N","","0","0","0","2","0","2","0","0","0","1","2","3","0","4","4","0","0","0","0","0","0","0","0","0","0","0","0","0","0","0","0","0","0","0","1","1","0","0","0","1","0","1","4","7","11"
"경기도교육청","경기도안성교육지원청","경기도 안성시","S090002969","현매초등학교","02","공립","N","","1","0","1","1","0","1","0","0","0","2","2","4","1","3","4","0","1","1","0","0","0","0","0","0","0","0","0","0","0","0","0","0","0","0","1","1","0","0","0","0","0","0","5","7","12"
"경기도교육청","경기도안양과천교육지원청","경기도 과천시","S090003042","과천초등학교","02","공립","N","","0","1","1","1","0","1","0","0","0","1","32","33","4","6","10","0","1","1","0","0","0","0","0","0","0","0","0","0","0","0","0","0","0","0","1","1","0","1","1","2","0","2","8","42","50"
"경기도교육청","경기도안양과천교육지원청","경기도 과천시","S090003043","관문초등학교","02","공립","N","","1","0","1","1","0","1","0","0","0","1","28","29","1","2","3","0","0","0","0","1","1","0","0","0","0","0","0","0","0","0","0","0","0","0","1","1","0","1","1","0","1","1","4","34","38"
"경기도교육청","경기도안양과천교육지원청","경기도 안양시 동안구","S090003044","관양초등학교","02","공립","N","","0","1","1","0","1","1","0","0","0","2","23","25","3","7","10","0","0","0","0","2","2","0","0","0","0","0","0","0","1","1","0","0","0","0","1","1","0","1","1","0","0","0","5","37","42"
"경기도교육청","경기도안양과천교육지원청","경기도 안양시 동안구","S090003045","귀인초등학교","02","공립","N","","1","0","1","2","0","2","0","0","0","2","64","66","1","9","10","0","0","0","0","0","0","0","0","0","0","0","0","0","2","2","0","0","0","0","3","3","0","1","1","0","0","0","6","79","85"
"경기도교육청","경기도안양과천교육지원청","경기도 안양시 동안구","S090003046","달안초등학교","02","공립","N","","0","1","1","1","0","1","0","0","0","1","8","9","1","1","2","0","0","0","0","1","1","0","0","0","0","0","0","0","0","0","0","0","0","0","1","1","0","0","0","0","0","0","3","12","15"
"경기도교육청","경기도안양과천교육지원청","경기도 안양시 만안구","S090003047","덕천초등학교","02","공립","N","","0","1","1","2","0","2","0","0","0","4","36","40","1","5","6","0","1","1","0","0","0","0","0","0","0","0","0","0","0","0","0","0","0","0","1","1","0","1","1","0","0","0","7","45","52"
"경기도교육청","경기도안양과천교육지원청","경기도 안양시 동안구","S090003049","동안초등학교","02","공립","N","","0","1","1","1","0","1","0","0","0","3","24","27","0","1","1","0","0","0","0","0","0","0","0","0","0","0","0","0","0","0","0","1","1","0","1","1","0","1","1","0","0","0","4","29","33"
"경기도교육청","경기도안양과천교육지원청","경기도 안양시 만안구","S090003050","만안초등학교","02","공립","N","","0","1","1","0","1","1","0","0","0","1","23","24","1","3","4","0","2","2","1","1","2","0","0","0","0","0","0","0","0","0","0","0","0","0","1","1","0","1","1","0","1","1","3","34","37"
"경기도교육청","경기도안양과천교육지원청","경기도 안양시 만안구","S090003051","명학초등학교","02","공립","N","","0","1","1","0","1","1","0","0","0","0","14","14","0","4","4","1","0","1","0","0","0","0","0","0","0","0","0","0","0","0","0","0","0","0","1","1","0","1","1","0","0","0","1","22","23"
"경기도교육청","경기도안양과천교육지원청","경기도 과천시","S090003052","문원초등학교","02","공립","N","","0","1","1","1","1","2","0","0","0","1","71","72","4","15","19","0","1","1","0","1","1","0","0","0","0","0","0","0","0","0","0","0","0","0","3","3","0","1","1","0","0","0","6","94","100"
"경기도교육청","경기도안양과천교육지원청","경기도 안양시 동안구","S090003053","민백초등학교","02","공립","N","","0","1","1","1","0","1","0","0","0","0","31","31","1","6","7","0","1","1","1","0","1","0","0","0","0","0","0","0","1","1","0","0","0","0","2","2","0","1","1","0","0","0","3","43","46"
"경기도교육청","경기도안양과천교육지원청","경기도 안양시 만안구","S090003054","박달초등학교","02","공립","N","","1","0","1","1","0","1","0","0","0","7","34","41","2","4","6","1","0","1","0","0","0","0","0","0","0","0","0","0","1","1","0","0","0","0","2","2","0","1","1","0","0","0","12","42","54"
"경기도교육청","경기도안양과천교육지원청","경기도 안양시 동안구","S090003055","벌말초등학교","02","공립","N","","1","0","1","1","1","2","0","0","0","4","31","35","1","5","6","0","1","1","0","0","0","0","0","0","0","0","0","0","1","1","0","0","0","0","1","1","0","1","1","0","0","0","7","41","48"
"경기도교육청","경기도안양과천교육지원청","경기도 안양시 동안구","S090003056","범계초등학교","02","공립","N","","0","1","1","0","1","1","0","0","0","1","31","32","3","3","6","0","1","1","0","0","0","0","0","0","0","0","0","0","0","0","0","0","0","0","1","1","0","1","1","0","1","1","4","40","44"
"경기도교육청","경기도안양과천교육지원청","경기도 안양시 동안구","S090003057","부림초등학교","02","공립","N","","0","1","1","0","1","1","0","0","0","1","41","42","1","3","4","0","0","0","0","1","1","0","0","0","0","0","0","0","0","0","0","0","0","0","1","1","0","1","1","0","0","0","2","49","51"
"경기도교육청","경기도안양과천교육지원청","경기도 안양시 동안구","S090003060","비산초등학교","02","공립","N","","1","0","1","0","1","1","0","0","0","1","9","10","1","4","5","0","0","0","0","0","0","0","0","0","0","0","0","0","1","1","0","0","0","0","1","1","0","1","1","0","0","0","3","17","20"
"경기도교육청","경기도안양과천교육지원청","경기도 안양시 만안구","S090003061","삼봉초등학교","02","공립","N","","1","0","1","0","1","1","0","0","0","2","26","28","2","2","4","1","0","1","0","1","1","0","0","0","0","0","0","0","1","1","0","1","1","0","1","1","0","0","0","0","0","0","6","33","39"
"경기도교육청","경기도안양과천교육지원청","경기도 안양시 만안구","S090003062","삼성초등학교","02","공립","N","","1","0","1","1","2","3","0","0","0","2","36","38","0","3","3","0","3","3","0","0","0","0","0","0","0","0","0","0","0","0","0","0","0","0","1","1","0","1","1","0","0","0","4","46","50"
"경기도교육청","경기도안양과천교육지원청","경기도 안양시 만안구","S090003063","석수초등학교","02","공립","N","","0","1","1","1","0","1","0","0","0","4","18","22","2","6","8","0","0","0","0","2","2","0","0","0","0","0","0","0","2","2","0","0","0","0","1","1","0","1","1","0","0","0","7","31","38"
"경기도교육청","경기도안양과천교육지원청","경기도 안양시 만안구","S090003065","신안초등학교","02","공립","N","","0","1","1","1","0","1","0","0","0","2","22","24","0","2","2","0","1","1","0","0","0","0","0","0","0","0","0","0","0","0","0","1","1","0","1","1","0","1","1","0","0","0","3","29","32"
"경기도교육청","경기도안양과천교육지원청","경기도 안양시 동안구","S090003066","안양관악초등학교","02","공립","N","","0","1","1","1","0","1","0","1","1","0","16","16","2","0","2","0","1","1","0","0","0","0","0","0","0","0","0","0","0","0","0","0","0","0","1","1","0","2","2","0","0","0","3","22","25"
"경기도교육청","경기도안양과천교육지원청","경기도 안양시 동안구","S090003067","안양남초등학교","02","공립","N","","1","0","1","0","1","1","0","1","1","4","26","30","0","2","2","0","0","0","0","1","1","0","0","0","0","0","0","0","1","1","0","0","0","0","1","1","0","0","0","0","0","0","5","33","38"
"경기도교육청","경기도안양과천교육지원청","경기도 안양시 동안구","S090003068","안양덕현초등학교","02","공립","N","","0","1","1","1","0","1","0","0","0","1","23","24","1","5","6","0","1","1","0","0","0","0","0","0","0","0","0","0","1","1","0","0","0","0","1","1","0","1","1","0","0","0","3","33","36"
"경기도교육청","경기도안양과천교육지원청","경기도 안양시 동안구","S090003069","안양동초등학교","02","공립","N","","0","1","1","0","1","1","0","0","0","2","32","34","1","2","3","0","1","1","0","0","0","0","0","0","0","0","0","0","0","0","0","0","0","0","1","1","0","0","0","0","0","0","3","38","41"
"경기도교육청","경기도안양과천교육지원청","경기도 안양시 동안구","S090003070","안양부안초등학교","02","공립","N","","0","1","1","0","1","1","0","0","0","1","23","24","1","5","6","0","1","1","0","0","0","0","0","0","0","0","0","0","0","0","0","0","0","0","1","1","0","1","1","0","0","0","2","33","35"
"경기도교육청","경기도안양과천교육지원청","경기도 안양시 동안구","S090003071","안양부흥초등학교","02","공립","N","","0","1","1","1","0","1","0","0","0","3","40","43","1","1","2","0","1","1","0","0","0","0","0","0","0","0","0","0","0","0","0","0","0","0","1","1","0","1","1","0","0","0","5","45","50"
"경기도교육청","경기도안양과천교육지원청","경기도 안양시 만안구","S090003072","안양서초등학교","02","공립","N","","0","1","1","0","1","1","0","0","0","1","21","22","2","4","6","0","2","2","0","0","0","0","0","0","0","0","0","0","0","0","0","0","0","0","1","1","0","1","1","0","0","0","3","31","34"
"경기도교육청","경기도안양과천교육지원청","경기도 안양시 동안구","S090003073","안양신기초등학교","02","공립","N","","0","1","1","1","0","1","0","0","0","5","28","33","0","3","3","0","1","1","0","0","0","0","0","0","0","0","0","0","1","1","0","0","0","0","1","1","0","1","1","0","0","0","6","36","42"
"경기도교육청","경기도안양과천교육지원청","경기도 안양시 만안구","S090003074","안양양지초등학교","02","공립","N","","0","1","1","1","0","1","0","0","0","3","14","17","0","4","4","0","1","1","0","0","0","0","0","0","0","0","0","0","1","1","0","1","1","0","1","1","0","0","0","0","0","0","4","23","27"
"경기도교육청","경기도안양과천교육지원청","경기도 안양시 동안구","S090003075","안양중앙초등학교","02","공립","N","","1","0","1","0","1","1","0","0","0","1","30","31","0","4","4","0","1","1","0","0","0","0","0","0","0","0","0","0","0","0","0","0","0","0","1","1","0","1","1","0","0","0","2","38","40"
"경기도교육청","경기도안양과천교육지원청","경기도 안양시 만안구","S090003076","안양초등학교","02","공립","N","","0","1","1","0","1","1","0","0","0","3","41","44","2","6","8","0","3","3","0","0","0","0","0","0","0","0","0","0","1","1","0","0","0","0","2","2","0","1","1","0","0","0","5","56","61"
"경기도교육청","경기도안양과천교육지원청","경기도 안양시 만안구","S090003077","안일초등학교","02","공립","N","","0","1","1","0","1","1","0","0","0","6","23","29","1","5","6","0","1","1","0","0","0","0","0","0","0","0","0","0","0","0","0","0","0","0","1","1","0","0","0","0","0","0","7","32","39"
"경기도교육청","경기도안양과천교육지원청","경기도 안양시 만안구","S090003079","연현초등학교","02","공립","N","","1","0","1","1","0","1","0","0","0","1","29","30","3","2","5","0","1","1","0","1","1","0","0","0","0","0","0","0","1","1","0","0","0","0","1","1","0","0","0","0","0","0","6","35","41"
"경기도교육청","경기도안양과천교육지원청","경기도 안양시 동안구","S090003080","인덕원초등학교","02","공립","N","","0","1","1","1","0","1","0","0","0","1","20","21","1","1","2","0","1","1","0","1","1","0","0","0","0","0","0","0","0","0","0","1","1","0","1","1","0","0","0","0","0","0","3","26","29"
"경기도교육청","경기도안양과천교육지원청","경기도 과천시","S090003082","청계초등학교","02","공립","N","","0","1","1","0","1","1","0","0","0","3","38","41","6","5","11","0","2","2","0","1","1","0","0","0","0","0","0","0","0","0","0","0","0","0","1","1","0","1","1","0","0","0","9","50","59"
"경기도교육청","경기도안양과천교육지원청","경기도 안양시 동안구","S090003083","평촌초등학교","02","공립","N","","1","0","1","0","1","1","0","0","0","5","44","49","1","6","7","0","0","0","0","1","1","0","0","0","0","0","0","0","1","1","0","0","0","0","3","3","0","1","1","0","0","0","7","57","64"
"경기도교육청","경기도안양과천교육지원청","경기도 안양시 동안구","S090003084","호계초등학교","02","공립","N","","0","1","1","1","0","1","0","0","0","3","21","24","4","4","8","0","0","0","0","1","1","0","0","0","0","0","0","0","1","1","0","0","0","0","1","1","0","2","2","0","0","0","8","31","39"
"경기도교육청","경기도안양과천교육지원청","경기도 안양시 동안구","S090003085","호성초등학교","02","공립","N","","0","1","1","0","1","1","0","0","0","3","46","49","1","2","3","0","2","2","0","0","0","0","0","0","0","0","0","0","1","1","0","0","0","0","1","1","0","1","1","0","0","0","4","55","59"
"경기도교육청","경기도안양과천교육지원청","경기도 안양시 동안구","S090003086","호원초등학교","02","공립","N","","0","1","1","1","0","1","0","0","0","0","47","47","2","3","5","0","0","0","0","2","2","0","0","0","0","0","0","0","1","1","0","0","0","0","1","1","0","0","0","0","0","0","3","55","58"
"경기도교육청","경기도안양과천교육지원청","경기도 안양시 동안구","S090003088","희성초등학교","02","공립","N","","0","1","1","0","1","1","0","0","0","1","14","15","3","0","3","0","0","0","0","0","0","0","0","0","0","0","0","0","0","0","0","0","0","0","1","1","0","1","1","0","0","0","4","18","22"
"경기도교육청","경기도양평교육지원청","경기도 양평군","S090003216","강상초등학교","02","공립","N","","1","1","2","1","0","1","0","0","0","5","18","23","0","2","2","0","1","1","0","1","1","0","0","0","0","0","0","0","1","1","0","0","0","0","1","1","0","1","1","0","0","0","7","26","33"
"경기도교육청","경기도양평교육지원청","경기도 양평군","S090003217","강하초등학교","02","공립","N","","2","0","2","1","0","1","0","0","0","2","6","8","0","0","0","0","0","0","1","0","1","0","0","0","0","0","0","0","0","0","0","0","0","0","1","1","0","2","2","0","0","0","6","9","15"
"경기도교육청","경기도양평교육지원청","경기도 양평군","S090003218","개군초등학교","02","공립","N","","0","1","1","1","1","2","0","0","0","1","5","6","0","0","0","0","1","1","0","0","0","0","0","0","0","0","0","0","0","0","0","0","0","0","1","1","0","0","0","0","0","0","2","9","11"
"경기도교육청","경기도양평교육지원청","경기도 양평군","S090003220","곡수초등학교","02","공립","N","","0","1","1","1","0","1","0","0","0","2","5","7","0","0","0","0","1","1","0","0","0","0","0","0","0","0","0","0","0","0","0","1","1","0","1","1","0","0","0","0","0","0","3","9","12"
"경기도교육청","경기도양평교육지원청","경기도 양평군","S090003223","다문초등학교","02","공립","N","","0","1","1","1","0","1","0","0","0","9","19","28","1","1","2","0","2","2","0","0","0","0","0","0","0","0","0","0","0","0","0","0","0","0","1","1","0","1","1","0","0","0","11","25","36"
"경기도교육청","경기도양평교육지원청","경기도 양평군","S090003230","대아초등학교","02","공립","N","","0","1","1","1","0","1","0","0","0","2","6","8","0","0","0","0","0","0","0","0","0","0","0","0","0","0","0","0","0","0","0","1","1","0","1","1","0","0","0","0","0","0","3","9","12"
"경기도교육청","경기도양평교육지원청","경기도 양평군","S090003240","서종초등학교","02","공립","N","","1","0","1","1","0","1","0","0","0","5","11","16","1","2","3","0","0","0","0","0","0","0","0","0","0","0","0","0","1","1","0","1","1","0","1","1","0","1","1","0","0","0","8","17","25"
"경기도교육청","경기도양평교육지원청","경기도 양평군","S090003244","세월초등학교","02","공립","N","","1","0","1","0","1","1","0","0","0","3","4","7","0","0","0","0","0","0","2","0","2","0","0","0","0","0","0","0","0","0","0","0","0","0","1","1","0","0","0","0","0","0","6","6","12"
"경기도교육청","경기도양평교육지원청","경기도 양평군","S090003245","수입초등학교","02","공립","N","","0","0","0","1","0","1","0","0","0","4","4","8","0","0","0","0","0","0","0","1","1","0","0","0","0","0","0","0","0","0","0","0","0","0","1","1","0","0","0","0","0","0","5","6","11"
"경기도교육청","경기도양평교육지원청","경기도 양평군","S090003247","양동초등학교","02","공립","N","","1","1","2","0","0","0","0","0","0","3","3","6","0","1","1","0","0","0","1","0","1","0","0","0","0","0","0","0","0","0","0","0","0","0","1","1","0","1","1","0","0","0","5","7","12"
"경기도교육청","경기도양평교육지원청","경기도 양평군","S090003248","양동초등학교고송분교장","02","공립","N","","0","0","0","0","0","0","0","0","0","3","1","4","0","0","0","0","1","1","0","0","0","0","0","0","0","0","0","0","0","0","0","0","0","0","0","0","0","0","0","0","0","0","3","2","5"
"경기도교육청","경기도양평교육지원청","경기도 양평군","S090003251","양서초등학교","02","공립","N","","1","0","1","1","0","1","0","0","0","3","4","7","0","0","0","0","1","1","1","0","1","0","0","0","0","0","0","0","0","0","0","0","0","0","1","1","0","0","0","0","0","0","6","6","12"
"경기도교육청","경기도양평교육지원청","경기도 양평군","S090003252","양수초등학교","02","공립","N","","1","0","1","0","0","0","0","0","0","5","9","14","1","1","2","0","1","1","0","0","0","0","0","0","0","0","0","0","1","1","0","0","0","0","1","1","0","1","1","0","0","0","7","14","21"
"경기도교육청","경기도양평교육지원청","경기도 양평군","S090003253","양평단월초등학교","02","공립","N","","1","0","1","0","1","1","0","0","0","2","5","7","0","0","0","0","1","1","0","0","0","0","0","0","0","0","0","0","0","0","0","1","1","0","1","1","0","0","0","0","0","0","3","9","12"
"경기도교육청","경기도양평교육지원청","경기도 양평군","S090003255","양평동초등학교","02","공립","N","","0","1","1","0","1","1","0","0","0","10","15","25","0","0","0","0","0","0","0","2","2","0","0","0","0","0","0","0","1","1","0","1","1","0","1","1","0","1","1","0","0","0","10","23","33"
"경기도교육청","경기도양평교육지원청","경기도 양평군","S090003257","양평초등학교","02","공립","N","","1","0","1","1","0","1","0","0","0","5","38","43","3","5","8","0","1","1","0","1","1","0","0","0","0","0","0","0","0","0","0","1","1","0","1","1","0","1","1","0","0","0","10","48","58"
"경기도교육청","경기도양평교육지원청","경기도 양평군","S090003259","옥천초등학교","02","공립","N","","0","1","1","0","1","1","0","0","0","4","14","18","0","0","0","0","1","1","1","1","2","0","0","0","0","0","0","1","0","1","0","1","1","0","1","1","0","1","1","0","0","0","6","21","27"
"경기도교육청","경기도양평교육지원청","경기도 양평군","S090003261","용문초등학교","02","공립","N","","2","0","2","0","0","0","0","0","0","2","5","7","0","0","0","0","1","1","0","1","1","0","0","0","0","0","0","0","0","0","0","0","0","0","1","1","0","1","1","0","0","0","4","9","13"
"경기도교육청","경기도양평교육지원청","경기도 양평군","S090003262","원덕초등학교","02","공립","N","","0","1","1","0","1","1","0","0","0","2","5","7","1","0","1","0","1","1","0","0","0","0","0","0","0","0","0","0","0","0","0","0","0","0","1","1","0","0","0","0","0","0","3","9","12"
"경기도교육청","경기도양평교육지원청","경기도 양평군","S090003267","조현초등학교","02","공립","N","","1","0","1","1","0","1","0","0","0","6","7","13","1","3","4","0","0","0","0","2","2","0","0","0","0","0","0","0","0","0","0","0","0","0","1","1","0","2","2","0","0","0","9","15","24"
"경기도교육청","경기도양평교육지원청","경기도 양평군","S090003268","지평초등학교","02","공립","N","","1","0","1","0","1","1","0","0","0","1","3","4","1","1","2","0","0","0","0","2","2","0","0","0","0","0","0","0","1","1","0","1","1","0","1","1","0","1","1","0","0","0","3","11","14"
"경기도교육청","경기도양평교육지원청","경기도 양평군","S090003270","청운초등학교","02","공립","N","","0","1","1","0","2","2","0","0","0","1","3","4","0","1","1","0","0","0","1","1","2","0","0","0","0","0","0","0","0","0","0","1","1","0","1","1","0","1","1","0","0","0","2","11","13"
"경기도교육청","경기도여주교육지원청","경기도 여주시","S090003326","가남초등학교","02","공립","N","","1","0","1","0","1","1","0","0","0","8","11","19","3","5","8","0","1","1","0","1","1","0","0","0","0","0","0","0","0","0","0","0","0","0","1","1","0","0","0","0","0","0","12","20","32"
"경기도교육청","경기도여주교육지원청","경기도 여주시","S090003328","강천초등학교","02","공립","N","","0","1","1","0","1","1","0","0","0","2","3","5","0","2","2","0","1","1","0","0","0","0","0","0","0","0","0","0","0","0","0","1","1","0","1","1","0","0","0","0","0","0","2","10","12"
"경기도교육청","경기도여주교육지원청","경기도 여주시","S090003333","금당초등학교","02","공립","N","","1","0","1","0","0","0","0","0","0","2","2","4","0","2","2","0","1","1","0","0","0","0","0","0","0","0","0","0","0","0","0","1","1","0","1","1","0","0","0","0","0","0","3","7","10"
"경기도교육청","경기도여주교육지원청","경기도 여주시","S090003335","능북초등학교","02","공립","N","","0","1","1","0","1","1","0","0","0","1","5","6","0","1","1","0","0","0","0","1","1","0","0","0","0","0","0","0","0","0","0","1","1","0","1","1","0","0","0","0","0","0","1","11","12"
"경기도교육청","경기도여주교육지원청","경기도 여주시","S090003336","능서초등학교","02","공립","N","","2","0","2","0","0","0","0","0","0","1","3","4","2","2","4","0","0","0","0","1","1","0","0","0","0","0","0","0","1","1","0","0","0","0","1","1","0","1","1","0","0","0","5","9","14"
"경기도교육청","경기도여주교육지원청","경기도 여주시","S090003338","대신초등학교","02","공립","N","","1","0","1","0","1","1","0","0","0","2","3","5","0","2","2","0","1","1","0","0","0","0","0","0","0","0","0","0","0","0","0","0","0","0","1","1","0","1","1","0","0","0","3","9","12"
"경기도교육청","경기도여주교육지원청","경기도 여주시","S090003340","매류초등학교","02","공립","N","","1","0","1","0","1","1","0","0","0","1","4","5","1","1","2","0","0","0","0","0","0","0","0","0","0","0","0","0","0","0","0","0","0","0","1","1","0","0","0","0","0","0","3","7","10"
"경기도교육청","경기도여주교육지원청","경기도 여주시","S090003341","문장초등학교","02","공립","N","","1","1","2","0","0","0","0","0","0","5","1","6","0","2","2","0","0","0","0","0","0","0","0","0","0","0","0","0","0","0","0","0","0","0","1","1","0","0","0","0","0","0","6","5","11"
"경기도교육청","경기도여주교육지원청","경기도 여주시","S090003342","북내초등학교","02","공립","N","","1","0","1","1","0","1","0","0","0","4","0","4","0","3","3","0","1","1","0","0","0","0","0","0","0","0","0","0","0","0","0","0","0","0","1","1","0","1","1","0","0","0","6","6","12"
"경기도교육청","경기도여주교육지원청","경기도 여주시","S090003343","북내초등학교도전분교장","02","공립","N","","0","0","0","0","0","0","0","0","0","3","1","4","0","0","0","0","0","0","0","0","0","0","0","0","0","0","0","0","0","0","0","0","0","0","0","0","0","0","0","0","0","0","3","1","4"
"경기도교육청","경기도여주교육지원청","경기도 여주시","S090003344","북내초등학교운암분교장","02","공립","N","","0","0","0","0","0","0","0","0","0","0","4","4","1","0","1","0","0","0","0","0","0","0","0","0","0","0","0","0","0","0","0","0","0","0","0","0","0","0","0","0","0","0","1","4","5"
"경기도교육청","경기도여주교육지원청","경기도 여주시","S090003346","상품초등학교","02","공립","N","","1","0","1","1","0","1","0","0","0","1","2","3","2","3","5","0","0","0","0","0","0","0","0","0","0","0","0","0","0","0","0","1","1","0","1","1","0","0","0","0","0","0","5","7","12"
"경기도교육청","경기도여주교육지원청","경기도 여주시","S090003348","송삼초등학교","02","공립","N","","0","1","1","1","0","1","0","0","0","2","3","5","0","3","3","0","0","0","0","0","0","0","0","0","0","0","0","0","0","0","0","0","0","0","1","1","0","0","0","0","0","0","3","8","11"
"경기도교육청","경기도여주교육지원청","경기도 여주시","S090003349","송촌초등학교","02","공립","N","","1","0","1","0","1","1","0","0","0","3","4","7","0","1","1","0","0","0","0","0","0","0","0","0","0","0","0","0","0","0","0","0","0","0","1","1","0","0","0","0","0","0","4","7","11"
"경기도교육청","경기도여주교육지원청","경기도 여주시","S090003351","여주초등학교","02","공립","N","","0","1","1","1","0","1","0","0","0","5","10","15","0","4","4","0","0","0","1","1","2","0","0","0","0","0","0","0","0","0","0","0","0","0","1","1","0","2","2","0","0","0","7","19","26"
"경기도교육청","경기도여주교육지원청","경기도 여주시","S090003352","여흥초등학교","02","공립","N","","2","0","2","2","1","3","0","0","0","8","24","32","1","3","4","1","2","3","0","0","0","0","0","0","0","0","0","0","1","1","0","0","0","0","1","1","0","1","1","0","0","0","14","33","47"
"경기도교육청","경기도여주교육지원청","경기도 여주시","S090003353","연라초등학교","02","공립","N","","1","1","2","0","1","1","0","0","0","2","1","3","3","3","6","0","0","0","0","1","1","0","0","0","0","0","0","0","1","1","0","0","0","0","1","1","0","0","0","0","0","0","6","9","15"
"경기도교육청","경기도여주교육지원청","경기도 여주시","S090003354","오산초등학교","02","공립","N","","0","1","1","0","1","1","0","0","0","2","1","3","1","4","5","0","1","1","0","0","0","0","0","0","0","0","0","0","0","0","0","0","0","0","1","1","0","0","0","0","0","0","3","9","12"
"경기도교육청","경기도여주교육지원청","경기도 여주시","S090003355","오학초등학교","02","공립","N","","0","1","1","2","0","2","0","0","0","7","30","37","1","6","7","0","1","1","0","0","0","0","0","0","0","0","0","0","1","1","0","0","0","0","1","1","0","1","1","0","0","0","10","41","51"
"경기도교육청","경기도여주교육지원청","경기도 여주시","S090003358","이포초등학교","02","공립","N","","1","0","1","1","0","1","0","0","0","5","2","7","0","1","1","0","0","0","1","0","1","0","0","0","0","0","0","0","0","0","0","1","1","0","1","1","0","0","0","0","0","0","8","5","13"
"경기도교육청","경기도여주교육지원청","경기도 여주시","S090003359","이포초등학교하호분교장","02","공립","N","","0","0","0","0","0","0","0","0","0","1","2","3","1","0","1","0","0","0","0","0","0","0","0","0","0","0","0","0","0","0","0","0","0","0","0","0","0","0","0","0","0","0","2","2","4"
"경기도교육청","경기도여주교육지원청","경기도 여주시","S090003360","점동초등학교","02","공립","N","","0","1","1","0","1","1","0","0","0","3","4","7","0","3","3","0","2","2","0","2","2","0","0","0","0","0","0","0","1","1","0","0","0","0","1","1","0","1","1","0","0","0","3","16","19"
"경기도교육청","경기도여주교육지원청","경기도 여주시","S090003363","점봉초등학교","02","공립","N","","1","0","1","0","1","1","0","0","0","4","11","15","2","4","6","0","0","0","0","2","2","0","0","0","0","0","0","0","0","0","0","0","0","0","1","1","0","1","1","0","1","1","7","21","28"
"경기도교육청","경기도여주교육지원청","경기도 여주시","S090003365","천남초등학교","02","공립","N","","0","0","0","0","1","1","0","0","0","3","4","7","0","1","1","0","0","0","0","1","1","0","0","0","0","0","0","0","0","0","0","1","1","0","1","1","0","0","0","0","0","0","3","9","12"
"경기도교육청","경기도여주교육지원청","경기도 여주시","S090003368","흥천초등학교","02","공립","N","","1","0","1","0","1","1","0","0","0","4","1","5","0","2","2","0","1","1","0","0","0","0","0","0","0","0","0","0","0","0","0","0","0","0","1","1","0","1","1","0","0","0","5","7","12"
"경기도교육청","경기도연천교육지원청","경기도 연천군","S090003414","군남초등학교","02","공립","N","","1","0","1","0","1","1","0","0","0","2","3","5","0","2","2","0","0","0","0","0","0","0","0","0","0","0","0","0","0","0","0","0","0","0","2","2","0","0","0","0","0","0","3","8","11"
"경기도교육청","경기도연천교육지원청","경기도 연천군","S090003417","궁평초등학교","02","공립","N","","0","1","1","1","0","1","0","0","0","2","1","3","2","2","4","0","0","0","0","1","1","0","0","0","0","0","0","0","0","0","0","1","1","0","1","1","0","0","0","0","0","0","5","7","12"
"경기도교육청","경기도연천교육지원청","경기도 연천군","S090003419","대광초등학교","02","공립","N","","1","0","1","2","0","2","0","0","0","3","1","4","1","1","2","0","1","1","0","0","0","0","0","0","0","0","0","0","0","0","0","0","0","0","1","1","0","0","0","0","0","0","7","4","11"
"경기도교육청","경기도연천교육지원청","경기도 연천군","S090003423","백의초등학교","02","공립","N","","1","0","1","0","1","1","0","0","0","2","1","3","2","2","4","0","0","0","0","1","1","0","0","0","0","0","0","0","0","0","0","0","0","0","1","1","0","0","0","0","0","0","5","6","11"
"경기도교육청","경기도연천교육지원청","경기도 연천군","S090003424","백학초등학교","02","공립","N","","1","0","1","0","1","1","0","0","0","3","1","4","1","2","3","0","0","0","0","1","1","0","0","0","0","0","0","0","0","0","0","1","1","0","1","1","0","1","1","0","0","0","5","8","13"
"경기도교육청","경기도연천교육지원청","경기도 연천군","S090003426","상리초등학교","02","공립","N","","0","1","1","1","0","1","0","0","0","4","0","4","1","2","3","0","0","0","0","1","1","0","0","0","0","0","0","0","0","0","0","0","0","0","1","1","0","0","0","0","0","0","6","5","11"
"경기도교육청","경기도연천교육지원청","경기도 연천군","S090003428","연천노곡초등학교","02","공립","N","","1","0","1","0","1","1","0","0","0","1","2","3","3","2","5","0","0","0","0","0","0","0","0","0","0","0","0","0","0","0","0","1","1","0","1","1","0","0","0","0","0","0","5","7","12"
"경기도교육청","경기도연천교육지원청","경기도 연천군","S090003429","연천왕산초등학교","02","공립","N","","1","0","1","0","1","1","0","0","0","3","3","6","1","2","3","0","0","0","0","1","1","0","0","0","0","0","0","0","0","0","0","1","1","0","1","1","0","1","1","0","0","0","5","10","15"
"경기도교육청","경기도연천교육지원청","경기도 연천군","S090003431","연천초등학교","02","공립","N","","0","1","1","0","1","1","0","0","0","2","3","5","7","3","10","0","0","0","0","1","1","0","0","0","0","0","0","0","1","1","0","0","0","0","1","1","0","1","1","0","0","0","9","12","21"
"경기도교육청","경기도연천교육지원청","경기도 연천군","S090003437","은대초등학교","02","공립","N","","1","1","2","0","0","0","0","0","0","2","3","5","0","2","2","0","0","0","0","0","0","0","0","0","0","0","0","0","0","0","0","1","1","0","1","1","0","0","0","0","0","0","3","8","11"
"경기도교육청","경기도연천교육지원청","경기도 연천군","S090003438","전곡초등학교","02","공립","N","","1","0","1","1","0","1","0","0","0","7","8","15","14","10","24","1","1","2","0","1","1","0","0","0","0","0","0","0","1","1","0","0","0","0","1","1","0","1","1","0","0","0","24","23","47"
"경기도교육청","경기도연천교육지원청","경기도 연천군","S090003441","초성초등학교","02","공립","N","","0","1","1","1","0","1","0","0","0","2","1","3","3","2","5","1","0","1","0","0","0","0","0","0","0","0","0","0","0","0","0","1","1","0","1","1","0","1","1","0","0","0","7","7","14"
"경기도교육청","경기도연천교육지원청","경기도 연천군","S090003442","화진초등학교","02","공립","N","","1","1","2","0","0","0","0","0","0","2","2","4","2","3","5","0","1","1","0","0","0","0","0","0","0","0","0","0","0","0","0","1","1","0","1","1","0","0","0","0","0","0","5","9","14"
"경기도교육청","경기도용인교육지원청","경기도 용인시 수지구","S090003495","고기초등학교","02","공립","N","","1","0","1","1","0","1","0","0","0","2","11","13","0","0","0","0","1","1","0","0","0","0","0","0","0","0","0","0","0","0","0","1","1","0","1","1","0","2","2","0","0","0","4","16","20"
"경기도교육청","경기도용인교육지원청","경기도 용인시 처인구","S090003496","고림초등학교","02","공립","N","","0","2","2","0","2","2","0","0","0","5","38","43","1","3","4","0","0","0","0","0","0","0","0","0","0","0","0","0","0","0","0","0","0","0","1","1","0","1","1","0","0","0","6","47","53"
"경기도교육청","경기도용인교육지원청","경기도 용인시 기흥구","S090003497","관곡초등학교","02","공립","N","","0","1","1","1","0","1","0","0","0","0","8","8","1","1","2","0","1","1","0","1","1","0","0","0","0","0","0","0","0","0","0","1","1","0","1","1","0","1","1","0","0","0","2","15","17"
"경기도교육청","경기도용인교육지원청","경기도 용인시 기흥구","S090003498","구갈초등학교","02","공립","N","","0","1","1","0","1","1","0","0","0","1","13","14","3","8","11","0","1","1","0","0","0","0","0","0","0","0","0","0","0","0","0","0","0","0","2","2","0","1","1","0","0","0","4","27","31"
"경기도교육청","경기도용인교육지원청","경기도 용인시 기흥구","S090003499","구성초등학교","02","공립","N","","0","1","1","0","1","1","0","0","0","2","25","27","2","8","10","0","2","2","0","0","0","0","0","0","0","0","0","0","0","0","0","0","0","0","1","1","0","0","0","0","0","0","4","38","42"
"경기도교육청","경기도용인교육지원청","경기도 용인시 기흥구","S090003500","기흥초등학교","02","공립","N","","1","1","2","0","1","1","0","0","0","4","13","17","3","2","5","0","2","2","0","0","0","0","0","0","0","0","0","0","0","0","0","0","0","0","1","1","0","1","1","0","0","0","8","21","29"
"경기도교육청","경기도용인교육지원청","경기도 용인시 처인구","S090003501","남곡초등학교","02","공립","N","","0","1","1","1","1","2","0","0","0","25","43","68","4","9","13","0","0","0","0","3","3","0","0","0","0","0","0","0","1","1","0","1","1","0","2","2","0","1","1","0","0","0","30","62","92"
"경기도교육청","경기도용인교육지원청","경기도 용인시 처인구","S090003502","남사초등학교","02","공립","N","","1","0","1","0","1","1","0","0","0","4","3","7","0","0","0","0","1","1","0","0","0","0","0","0","0","0","0","0","0","0","0","1","1","0","1","1","0","0","0","0","1","1","5","8","13"
"경기도교육청","경기도용인교육지원청","경기도 용인시 처인구","S090003504","남촌초등학교","02","공립","N","","0","2","2","0","0","0","0","0","0","2","5","7","0","0","0","0","0","0","0","0","0","0","0","0","0","0","0","0","0","0","0","0","0","0","1","1","0","0","0","0","0","0","2","8","10"
"경기도교육청","경기도용인교육지원청","경기도 용인시 처인구","S090003505","능원초등학교","02","공립","N","","1","0","1","0","1","1","0","0","0","10","37","47","0","2","2","0","0","0","0","0","0","0","0","0","0","0","0","0","0","0","0","0","0","0","1","1","0","0","0","0","0","0","11","41","52"
"경기도교육청","경기도용인교육지원청","경기도 용인시 수지구","S090003506","용인대일초등학교","02","공립","N","","1","0","1","1","0","1","0","0","0","4","15","19","1","4","5","0","2","2","0","1","1","0","0","0","0","0","0","0","0","0","0","1","1","0","1","1","0","1","1","0","0","0","7","25","32"
"경기도교육청","경기도용인교육지원청","경기도 용인시 수지구","S090003507","대지초등학교","02","공립","N","","0","1","1","0","1","1","0","0","0","5","23","28","1","2","3","0","1","1","0","0","0","0","0","0","0","0","0","0","0","0","0","0","0","0","1","1","0","1","1","0","0","0","6","30","36"
"경기도교육청","경기도용인교육지원청","경기도 용인시 수지구","S090003508","대현초등학교","02","공립","N","","1","0","1","1","0","1","0","0","0","2","17","19","0","5","5","0","1","1","0","0","0","0","0","0","0","0","0","0","0","0","0","0","0","0","1","1","0","0","0","0","1","1","4","25","29"
"경기도교육청","경기도용인교육지원청","경기도 용인시 수지구","S090003509","동천초등학교","02","공립","N","","0","1","1","0","2","2","0","1","1","3","35","38","1","17","18","0","2","2","0","0","0","0","0","0","0","0","0","0","1","1","0","0","0","0","1","1","0","0","0","0","0","0","4","60","64"
"경기도교육청","경기도용인교육지원청","경기도 용인시 기흥구","S090003511","마북초등학교","02","공립","N","","0","1","1","0","1","1","0","0","0","4","26","30","1","4","5","0","2","2","0","0","0","0","0","0","0","0","0","0","1","1","0","0","0","0","1","1","0","1","1","0","0","0","5","37","42"
"경기도교육청","경기도용인교육지원청","경기도 용인시 기흥구","S090003512","마성초등학교","02","공립","N","","0","2","2","1","0","1","0","0","0","2","7","9","1","4","5","0","1","1","0","0","0","0","0","0","0","0","0","0","0","0","0","0","0","0","1","1","0","0","0","0","0","0","4","15","19"
"경기도교육청","경기도용인교육지원청","경기도 용인시 수지구","S090003513","용인심곡초등학교","02","공립","N","","0","1","1","0","1","1","0","0","0","3","27","30","2","2","4","0","1","1","0","0","0","0","0","0","0","0","0","0","1","1","0","1","1","0","1","1","0","1","1","0","0","0","5","36","41"
"경기도교육청","경기도용인교육지원청","경기도 용인시 처인구","S090003514","모현초등학교","02","공립","N","","0","1","1","1","0","1","0","0","0","5","12","17","0","1","1","0","1","1","0","0","0","0","0","0","0","0","0","0","0","0","0","1","1","0","2","2","0","1","1","0","0","0","6","19","25"
"경기도교육청","경기도용인교육지원청","경기도 용인시 처인구","S090003515","백봉초등학교","02","공립","N","","1","0","1","1","0","1","0","0","0","0","5","5","0","2","2","0","1","1","0","0","0","0","0","0","0","0","0","0","0","0","0","1","1","0","1","1","0","0","0","0","0","0","2","10","12"
"경기도교육청","경기도용인교육지원청","경기도 용인시 처인구","S090003516","백암초등학교","02","공립","N","","0","1","1","0","1","1","0","0","0","3","2","5","1","1","2","0","1","1","0","0","0","0","0","0","0","0","0","0","0","0","0","0","0","0","1","1","0","1","1","0","0","0","4","8","12"
"경기도교육청","경기도용인교육지원청","경기도 용인시 처인구","S090003517","백암초등학교수정분교장","02","공립","N","","0","0","0","0","0","0","0","0","0","2","2","4","0","0","0","0","1","1","0","0","0","0","0","0","0","0","0","0","0","0","0","0","0","0","0","0","0","0","0","0","0","0","2","3","5"
"경기도교육청","경기도용인교육지원청","경기도 용인시 기흥구","S090003518","보라초등학교","02","공립","N","","0","1","1","1","0","1","0","0","0","2","8","10","1","1","2","0","2","2","0","0","0","0","0","0","0","0","0","0","0","0","0","0","0","0","1","1","0","1","1","0","0","0","4","14","18"
"경기도교육청","경기도용인교육지원청","경기도 용인시 기흥구","S090003519","보정초등학교","02","공립","N","","1","0","1","1","0","1","0","0","0","2","32","34","2","7","9","0","0","0","0","1","1","0","0","0","0","0","0","0","1","1","0","1","1","0","1","1","0","1","1","0","0","0","6","44","50"
"경기도교육청","경기도용인교육지원청","경기도 용인시 기흥구","S090003520","산양초등학교","02","공립","N","","0","1","1","0","1","1","0","0","0","6","24","30","0","2","2","0","0","0","0","0","0","0","0","0","0","0","0","0","0","0","0","0","0","0","1","1","0","1","1","0","0","0","6","30","36"
"경기도교육청","경기도용인교육지원청","경기도 용인시 기흥구","S090003521","상갈초등학교","02","공립","N","","1","1","2","0","0","0","0","0","0","3","20","23","0","5","5","0","1","1","0","0","0","0","0","0","0","0","0","0","1","1","0","0","0","0","1","1","0","1","1","0","0","0","4","30","34"
"경기도교육청","경기도용인교육지원청","경기도 용인시 기흥구","S090003522","상하초등학교","02","공립","N","","1","0","1","0","2","2","0","0","0","5","26","31","1","3","4","0","0","0","0","1","1","0","0","0","0","0","0","0","1","1","0","0","0","0","1","1","0","0","0","0","0","0","7","34","41"
"경기도교육청","경기도용인교육지원청","경기도 용인시 수지구","S090003523","상현초등학교","02","공립","N","","1","0","1","0","1","1","0","0","0","7","38","45","1","3","4","0","0","0","0","0","0","0","0","0","0","0","0","0","2","2","0","1","1","0","1","1","0","1","1","0","0","0","9","47","56"
"경기도교육청","경기도용인교육지원청","경기도 용인시 처인구","S090003524","서룡초등학교","02","공립","N","","1","0","1","1","0","1","0","0","0","2","20","22","0","3","3","0","2","2","0","0","0","0","0","0","0","0","0","0","1","1","0","0","0","0","1","1","0","1","1","0","0","0","4","28","32"
"경기도교육청","경기도용인교육지원청","경기도 용인시 수지구","S090003525","서원초등학교","02","공립","N","","0","1","1","0","1","1","0","0","0","4","41","45","0","0","0","0","1","1","1","1","2","0","0","0","0","0","0","0","0","0","0","1","1","0","1","1","0","1","1","0","0","0","5","48","53"
"경기도교육청","경기도용인교육지원청","경기도 용인시 기흥구","S090003526","서천초등학교","02","공립","N","","1","0","1","0","1","1","0","0","0","6","23","29","1","1","2","0","2","2","0","0","0","0","0","0","0","0","0","0","1","1","0","0","0","0","1","1","0","0","0","0","0","0","8","29","37"
"경기도교육청","경기도용인교육지원청","경기도 용인시 수지구","S090003527","성복초등학교","02","공립","N","","1","0","1","0","1","1","0","1","1","2","33","35","3","6","9","0","0","0","0","0","0","0","0","0","0","0","0","0","1","1","0","1","1","0","1","1","0","0","0","0","0","0","6","44","50"
"경기도교육청","경기도용인교육지원청","경기도 용인시 수지구","S090003528","소현초등학교","02","공립","N","","0","1","1","0","1","1","0","0","0","3","21","24","0","2","2","0","2","2","0","0","0","0","0","0","0","0","0","0","1","1","0","1","1","0","1","1","0","1","1","0","0","0","3","31","34"
"경기도교육청","경기도용인교육지원청","경기도 용인시 수지구","S090003529","솔개초등학교","02","공립","N","","1","0","1","0","1","1","0","0","0","4","35","39","1","4","5","0","0","0","0","0","0","0","0","0","0","0","0","0","1","1","0","0","0","0","1","1","0","0","0","0","0","0","6","42","48"
"경기도교육청","경기도용인교육지원청","경기도 용인시 처인구","S090003530","송전초등학교","02","공립","N","","1","0","1","0","1","1","0","0","0","5","13","18","0","1","1","1","1","2","0","0","0","0","0","0","0","0","0","0","0","0","0","1","1","0","1","1","0","0","0","0","0","0","7","18","25"
"경기도교육청","경기도용인교육지원청","경기도 용인시 수지구","S090003532","수지초등학교","02","공립","N","","1","0","1","1","1","2","0","0","0","4","58","62","2","14","16","1","2","3","0","1","1","0","0","0","0","0","0","0","0","0","0","0","0","0","2","2","0","0","0","0","0","0","9","78","87"
"경기도교육청","경기도용인교육지원청","경기도 용인시 기흥구","S090003534","신갈초등학교","02","공립","N","","0","1","1","1","0","1","0","0","0","6","21","27","2","2","4","1","2","3","0","1","1","0","0","0","0","0","0","0","1","1","0","0","0","0","1","1","0","0","0","0","0","0","10","29","39"
"경기도교육청","경기도용인교육지원청","경기도 용인시 수지구","S090003535","신월초등학교","02","공립","N","","1","0","1","0","1","1","0","0","0","1","24","25","0","1","1","0","0","0","0","0","0","0","0","0","0","0","0","0","0","0","0","0","0","0","1","1","0","1","1","0","0","0","2","28","30"
"경기도교육청","경기도용인교육지원청","","S090003536","양지초등학교","02","공립","N","","0","1","1","0","1","1","0","0","0","11","14","25","1","2","3","0","2","2","0","1","1","0","0","0","0","0","0","0","0","0","0","1","1","0","1","1","0","0","0","0","0","0","12","23","35"
"경기도교육청","경기도용인교육지원청","경기도 용인시 기흥구","S090003537","어정초등학교","02","공립","N","","1","0","1","1","0","1","0","0","0","8","34","42","1","3","4","0","2","2","0","0","0","0","0","0","0","0","0","0","1","1","0","1","1","0","1","1","0","0","0","0","0","0","11","42","53"
"경기도교육청","경기도용인교육지원청","경기도 용인시 기흥구","S090003539","언동초등학교","02","공립","N","","0","1","1","0","1","1","0","0","0","4","24","28","0","5","5","0","1","1","0","0","0","0","0","0","0","0","0","0","2","2","0","0","0","0","1","1","0","1","1","0","0","0","4","36","40"
"경기도교육청","경기도용인교육지원청","경기도 용인시 처인구","S090003540","역북초등학교","02","공립","N","","1","0","1","0","1","1","0","0","0","6","23","29","1","11","12","0","0","0","0","0","0","0","0","0","0","0","0","0","0","0","0","0","0","0","1","1","0","1","1","0","0","0","8","37","45"
"경기도교육청","경기도용인교육지원청","경기도 용인시 처인구","S090003541","왕산초등학교","02","공립","N","","1","1","2","0","0","0","0","0","0","12","12","24","1","2","3","0","1","1","0","0","0","0","0","0","0","0","0","0","1","1","0","0","0","0","1","1","0","1","1","0","0","0","14","19","33"
"경기도교육청","경기도용인교육지원청","경기도 용인시 처인구","S090003542","용마초등학교","02","공립","N","","1","0","1","1","0","1","0","0","0","5","31","36","2","4","6","0","2","2","0","0","0","0","0","0","0","0","0","0","1","1","0","1","1","0","1","1","0","0","0","0","0","0","9","40","49"
"경기도교육청","경기도용인교육지원청","경기도 용인시 처인구","S090003543","용인둔전초등학교","02","공립","N","","1","0","1","1","0","1","0","0","0","7","27","34","2","1","3","0","1","1","0","0","0","0","0","0","0","0","0","0","0","0","0","0","0","0","1","1","0","1","1","0","0","0","11","31","42"
"경기도교육청","경기도용인교육지원청","경기도 용인시 처인구","S090003544","용인초등학교","02","공립","N","","1","0","1","0","1","1","0","0","0","6","27","33","0","1","1","0","2","2","0","4","4","0","0","0","0","0","0","0","1","1","0","0","0","0","1","1","0","1","1","0","0","0","7","38","45"
"경기도교육청","경기도용인교육지원청","경기도 용인시 처인구","S090003545","용천초등학교","02","공립","N","","1","0","1","0","1","1","0","0","0","2","11","13","0","0","0","0","1","1","0","0","0","0","0","0","0","0","0","0","0","0","0","0","0","0","1","1","0","1","1","0","0","0","3","15","18"
"경기도교육청","경기도용인교육지원청","경기도 용인시 처인구","S090003546","운학초등학교","02","공립","N","","1","0","1","0","1","1","0","0","0","2","4","6","0","2","2","0","1","1","0","0","0","0","0","0","0","0","0","0","0","0","0","0","0","0","1","1","0","0","0","0","0","0","3","9","12"
"경기도교육청","경기도용인교육지원청","경기도 용인시 처인구","S090003547","원삼초등학교","02","공립","N","","0","1","1","1","0","1","0","0","0","3","2","5","1","1","2","0","0","0","0","0","0","0","0","0","0","0","0","0","0","0","0","1","1","0","1","1","0","1","1","0","0","0","5","7","12"
"경기도교육청","경기도용인교육지원청","경기도 용인시 기흥구","S090003550","이현초등학교","02","공립","N","","0","0","0","1","1","2","0","0","0","4","30","34","1","3","4","0","1","1","0","0","0","0","0","0","0","0","0","0","0","0","0","1","1","0","1","1","0","1","1","0","2","2","6","40","46"
"경기도교육청","경기도용인교육지원청","경기도 용인시 처인구","S090003551","장평초등학교","02","공립","N","","1","0","1","0","0","0","0","0","0","2","6","8","0","0","0","0","0","0","0","0","0","0","0","0","0","0","0","0","0","0","0","0","0","0","1","1","0","0","0","0","0","0","3","7","10"
"경기도교육청","경기도용인교육지원청","경기도 용인시 수지구","S090003552","정평초등학교","02","공립","N","","0","1","1","0","3","3","0","0","0","4","33","37","3","3","6","0","1","1","1","0","1","0","0","0","0","0","0","1","0","1","0","1","1","0","1","1","0","1","1","0","0","0","9","44","53"
"경기도교육청","경기도용인교육지원청","","S090003553","제일초등학교","02","공립","N","","0","1","1","1","0","1","0","0","0","3","10","13","0","1","1","0","0","0","0","0","0","0","0","0","0","0","0","0","0","0","0","0","0","0","1","1","0","0","0","0","0","0","4","13","17"
"경기도교육청","경기도용인교육지원청","경기도 용인시 처인구","S090003554","좌항초등학교","02","공립","N","","0","2","2","0","0","0","0","0","0","3","5","8","0","0","0","0","1","1","0","0","0","0","0","0","0","0","0","0","0","0","0","0","0","0","1","1","0","0","0","0","0","0","3","9","12"
"경기도교육청","경기도용인교육지원청","경기도 용인시 수지구","S090003555","죽전초등학교","02","공립","N","","1","0","1","0","1","1","0","0","0","3","15","18","0","1","1","0","1","1","0","0","0","0","0","0","0","0","0","0","0","0","0","1","1","0","1","1","0","0","0","0","0","0","4","20","24"
"경기도교육청","경기도용인교육지원청","경기도 용인시 기흥구","S090003556","청곡초등학교","02","공립","N","","1","0","1","0","2","2","0","0","0","5","36","41","0","1","1","0","0","0","1","0","1","0","0","0","0","0","0","0","1","1","0","1","1","0","1","1","0","1","1","0","0","0","7","43","50"
"경기도교육청","경기도용인교육지원청","경기도 용인시 수지구","S090003558","토월초등학교","02","공립","N","","0","1","1","0","1","1","0","0","0","0","33","33","2","4","6","0","1","1","0","0","0","0","0","0","0","0","0","0","1","1","0","0","0","0","1","1","0","1","1","0","0","0","2","43","45"
"경기도교육청","경기도용인교육지원청","경기도 용인시 처인구","S090003559","포곡초등학교","02","공립","N","","0","1","1","1","0","1","0","0","0","15","21","36","0","2","2","0","4","4","0","0","0","0","0","0","0","0","0","0","1","1","0","0","0","0","1","1","0","1","1","0","0","0","16","31","47"
"경기도교육청","경기도용인교육지원청","경기도 용인시 수지구","S090003560","풍덕초등학교","02","공립","N","","1","0","1","0","1","1","0","0","0","3","50","53","2","6","8","0","2","2","0","1","1","0","0","0","0","0","0","0","2","2","0","0","0","0","3","3","0","1","1","0","0","0","6","66","72"
"경기도교육청","경기도용인교육지원청","경기도 용인시 수지구","S090003561","풍천초등학교","02","공립","N","","0","1","1","0","1","1","0","1","1","5","52","57","2","1","3","0","0","0","0","0","0","0","0","0","0","0","0","0","0","0","0","1","1","0","2","2","0","0","0","0","0","0","7","59","66"
"경기도교육청","경기도용인교육지원청","","S090003562","한터초등학교","02","공립","N","","1","1","2","1","0","1","0","0","0","4","7","11","1","1","2","0","0","0","0","0","0","0","0","0","0","0","0","0","0","0","0","0","0","0","1","1","0","0","0","0","0","0","7","10","17"
"경기도교육청","경기도용인교육지원청","경기도 용인시 수지구","S090003563","홍천초등학교","02","공립","N","","0","1","1","1","0","1","0","0","0","2","21","23","0","6","6","0","0","0","0","0","0","0","0","0","0","0","0","0","0","0","0","0","0","0","1","1","0","1","1","0","0","0","3","30","33"
"경기도교육청","경기도의정부교육지원청","경기도 의정부시","S090003656","가능초등학교","02","공립","N","","1","0","1","1","1","2","0","0","0","3","20","23","11","20","31","0","0","0","0","3","3","0","0","0","0","0","0","0","0","0","0","0","0","0","1","1","0","1","1","0","0","0","16","46","62"
"경기도교육청","경기도의정부교육지원청","경기도 의정부시","S090003657","경의초등학교","02","공립","N","","1","0","1","0","1","1","0","0","0","2","4","6","1","5","6","0","1","1","0","2","2","0","0","0","0","0","0","0","0","0","0","0","0","0","1","1","0","2","2","0","0","0","4","16","20"
"경기도교육청","경기도의정부교육지원청","경기도 의정부시","S090003658","고산초등학교","02","공립","N","","1","0","1","0","1","1","0","0","0","1","1","2","3","3","6","0","1","1","0","0","0","0","0","0","0","0","0","0","0","0","0","1","1","0","1","1","0","0","0","0","0","0","5","8","13"
"경기도교육청","경기도의정부교육지원청","경기도 의정부시","S090003659","금오초등학교","02","공립","N","","0","1","1","0","1","1","0","0","0","3","2","5","2","11","13","0","0","0","0","2","2","0","0","0","0","0","0","0","0","0","0","0","0","0","1","1","0","0","0","0","0","0","5","18","23"
"경기도교육청","경기도의정부교육지원청","경기도 의정부시","S090003660","녹양초등학교","02","공립","N","","1","0","1","0","1","1","0","0","0","3","8","11","4","14","18","0","1","1","1","0","1","0","0","0","0","0","0","0","0","0","0","0","0","0","1","1","0","0","0","0","0","0","9","25","34"
"경기도교육청","경기도의정부교육지원청","경기도 의정부시","S090003661","동오초등학교","02","공립","N","","1","0","1","0","1","1","0","0","0","1","22","23","4","8","12","0","0","0","0","0","0","0","0","0","0","0","0","0","1","1","0","0","0","0","1","1","0","1","1","0","0","0","6","34","40"
"경기도교육청","경기도의정부교육지원청","경기도 의정부시","S090003662","민락초등학교","02","공립","N","","0","1","1","1","0","1","0","1","1","5","23","28","2","12","14","0","0","0","0","2","2","0","0","0","0","0","0","0","0","0","0","0","0","0","1","1","0","1","1","0","0","0","8","41","49"
"경기도교육청","경기도의정부교육지원청","경기도 의정부시","S090003663","발곡초등학교","02","공립","N","","2","0","2","0","0","0","0","0","0","2","18","20","4","9","13","0","0","0","0","1","1","0","0","0","0","0","0","0","0","0","0","0","0","0","1","1","0","1","1","0","0","0","8","30","38"
"경기도교육청","경기도의정부교육지원청","경기도 의정부시","S090003664","배영초등학교","02","공립","N","","1","0","1","0","1","1","0","1","1","5","5","10","3","9","12","0","0","0","0","2","2","0","0","0","0","0","0","0","0","0","0","1","1","0","1","1","0","1","1","0","0","0","9","21","30"
"경기도교육청","경기도의정부교육지원청","경기도 의정부시","S090003665","새말초등학교","02","공립","N","","1","0","1","1","1","2","0","0","0","7","10","17","4","20","24","0","1","1","0","0","0","0","0","0","0","0","0","0","1","1","0","1","1","0","1","1","0","0","0","0","0","0","13","35","48"
"경기도교육청","경기도의정부교육지원청","경기도 의정부시","S090003666","솔뫼초등학교","02","공립","N","","0","0","0","1","1","2","0","0","0","3","13","16","2","14","16","0","0","0","0","1","1","0","0","0","0","0","0","0","0","0","0","1","1","0","1","1","0","0","0","0","0","0","6","31","37"
"경기도교육청","경기도의정부교육지원청","경기도 의정부시","S090003667","송양초등학교","02","공립","N","","1","0","1","2","1","3","0","0","0","2","36","38","0","10","10","0","1","1","0","0","0","0","0","0","0","0","0","0","0","0","0","0","0","0","1","1","0","1","1","0","0","0","5","50","55"
"경기도교육청","경기도의정부교육지원청","경기도 의정부시","S090003669","신동초등학교","02","공립","N","","1","0","1","1","0","1","0","0","0","1","13","14","3","13","16","0","1","1","0","0","0","0","0","0","0","0","0","0","0","0","0","0","0","0","1","1","0","1","1","0","0","0","6","29","35"
"경기도교육청","경기도의정부교육지원청","경기도 의정부시","S090003670","어룡초등학교","02","공립","N","","1","0","1","0","1","1","0","0","0","1","5","6","3","6","9","0","0","0","0","2","2","0","0","0","0","0","0","0","0","0","0","0","0","0","1","1","0","0","0","0","0","0","5","15","20"
"경기도교육청","경기도의정부교육지원청","경기도 의정부시","S090003671","오동초등학교","02","공립","N","","0","1","1","1","0","1","0","0","0","6","16","22","6","7","13","0","1","1","0","1","1","0","0","0","0","0","0","0","1","1","0","0","0","0","1","1","0","0","0","0","0","0","13","28","41"
"경기도교육청","경기도의정부교육지원청","경기도 의정부시","S090003673","의순초등학교","02","공립","N","","0","1","1","3","0","3","0","0","0","4","20","24","2","11","13","0","0","0","0","3","3","0","0","0","0","0","0","0","1","1","0","0","0","0","1","1","0","0","0","0","0","0","9","37","46"
"경기도교육청","경기도의정부교육지원청","경기도 의정부시","S090003674","의정부부용초등학교","02","공립","N","","1","0","1","1","0","1","0","0","0","6","22","28","3","8","11","0","1","1","0","1","1","0","0","0","0","0","0","0","0","0","0","1","1","0","2","2","0","0","0","0","0","0","11","35","46"
"경기도교육청","경기도의정부교육지원청","경기도 의정부시","S090003675","의정부서초등학교","02","공립","N","","0","1","1","0","1","1","0","0","0","6","9","15","1","14","15","0","1","1","0","1","1","0","0","0","0","0","0","0","1","1","0","1","1","0","1","1","0","1","1","0","0","0","7","31","38"
"경기도교육청","경기도의정부교육지원청","경기도 의정부시","S090003676","의정부신곡초등학교","02","공립","N","","1","0","1","0","1","1","0","0","0","3","14","17","3","16","19","0","1","1","0","0","0","0","0","0","0","0","0","0","1","1","0","1","1","0","2","2","0","1","1","0","0","0","7","37","44"
"경기도교육청","경기도의정부교육지원청","경기도 의정부시","S090003677","의정부용현초등학교","02","공립","N","","0","1","1","1","0","1","0","0","0","6","11","17","2","12","14","1","1","2","0","0","0","0","0","0","0","0","0","0","1","1","0","1","1","0","1","1","0","2","2","0","0","0","10","30","40"
"경기도교육청","경기도의정부교육지원청","경기도 의정부시","S090003678","의정부장암초등학교","02","공립","N","","0","1","1","1","0","1","0","1","1","2","5","7","1","7","8","0","1","1","0","3","3","0","0","0","0","0","0","0","0","0","0","0","0","0","1","1","0","0","0","0","0","0","4","19","23"
"경기도교육청","경기도의정부교육지원청","경기도 의정부시","S090003679","의정부중앙초등학교","02","공립","N","","0","1","1","1","0","1","0","0","0","1","9","10","1","10","11","0","1","1","1","2","3","0","0","0","0","0","0","0","1","1","0","1","1","0","1","1","0","0","0","0","0","0","4","26","30"
"경기도교육청","경기도의정부교육지원청","경기도 의정부시","S090003680","의정부청룡초등학교","02","공립","N","","1","0","1","0","1","1","0","0","0","3","8","11","3","9","12","0","0","0","0","0","0","0","0","0","0","0","0","0","0","0","0","0","0","0","1","1","0","1","1","0","0","0","7","20","27"
"경기도교육청","경기도의정부교육지원청","경기도 의정부시","S090003681","의정부초등학교","02","공립","N","","0","1","1","0","1","1","0","0","0","1","6","7","2","13","15","0","1","1","0","0","0","0","0","0","0","0","0","0","1","1","0","0","0","1","1","2","0","0","0","0","0","0","4","24","28"
"경기도교육청","경기도의정부교육지원청","경기도 의정부시","S090003682","의정부호동초등학교","02","공립","N","","1","1","2","1","0","1","0","0","0","2","44","46","3","12","15","0","0","0","1","2","3","0","0","0","0","0","0","0","0","0","0","0","0","0","2","2","0","1","1","0","0","0","8","62","70"
"경기도교육청","경기도의정부교육지원청","경기도 의정부시","S090003685","호암초등학교","02","공립","N","","1","0","1","0","1","1","0","0","0","3","27","30","2","8","10","0","0","0","0","2","2","0","0","0","0","0","0","0","1","1","0","1","1","0","1","1","0","0","0","0","0","0","6","41","47"
"경기도교육청","경기도의정부교육지원청","경기도 의정부시","S090003686","회룡초등학교","02","공립","N","","1","0","1","0","1","1","0","0","0","5","16","21","3","12","15","0","0","0","0","1","1","0","0","0","0","0","0","0","0","0","0","0","0","0","1","1","0","1","1","0","0","0","9","32","41"
"경기도교육청","경기도이천교육지원청","경기도 이천시","S090003758","나래초등학교","02","공립","N","","1","0","1","0","1","1","0","0","0","2","1","3","2","3","5","0","0","0","0","0","0","0","0","0","0","0","0","0","0","0","0","0","0","0","1","1","0","0","0","0","0","0","5","6","11"
"경기도교육청","경기도이천교육지원청","경기도 이천시","S090003760","대서초등학교","02","공립","N","","0","1","1","1","0","1","0","0","0","1","3","4","1","2","3","0","0","0","0","1","1","0","0","0","0","0","0","0","0","0","0","0","0","0","1","1","0","0","0","0","0","0","3","8","11"
"경기도교육청","경기도이천교육지원청","경기도 이천시","S090003762","대월초등학교","02","공립","N","","1","0","1","1","0","1","0","0","0","2","2","4","0","3","3","0","1","1","0","0","0","0","0","0","0","0","0","0","0","0","0","0","0","0","1","1","0","0","0","0","0","0","4","7","11"
"경기도교육청","경기도이천교육지원청","경기도 이천시","S090003763","도암초등학교","02","공립","N","","1","0","1","0","1","1","0","0","0","2","21","23","0","0","0","1","0","1","0","0","0","0","0","0","0","0","0","0","0","0","0","1","1","0","2","2","0","0","0","0","0","0","4","25","29"
"경기도교육청","경기도이천교육지원청","경기도 이천시","S090003764","도지초등학교","02","공립","N","","1","0","1","0","1","1","0","0","0","3","11","14","0","1","1","0","1","1","0","0","0","0","0","0","0","0","0","0","0","0","0","1","1","0","1","1","0","0","0","0","0","0","4","16","20"
"경기도교육청","경기도이천교육지원청","경기도 이천시","S090003766","마장초등학교","02","공립","N","","1","0","1","2","0","2","0","0","0","7","19","26","1","15","16","0","0","0","0","1","1","0","0","0","0","0","0","1","0","1","0","1","1","0","1","1","0","1","1","0","0","0","12","38","50"
"경기도교육청","경기도이천교육지원청","경기도 이천시","S090003772","백사초등학교","02","공립","N","","1","0","1","0","1","1","0","0","0","1","6","7","0","4","4","1","0","1","0","0","0","0","0","0","0","0","0","0","0","0","0","1","1","0","1","1","0","0","0","0","0","0","3","13","16"
"경기도교육청","경기도이천교육지원청","경기도 이천시","S090003774","부발초등학교","02","공립","N","","1","0","1","1","0","1","0","0","0","6","17","23","0","4","4","0","1","1","1","1","2","0","0","0","0","0","0","0","1","1","0","1","1","0","2","2","0","0","0","0","0","0","9","27","36"
"경기도교육청","경기도이천교육지원청","경기도 이천시","S090003776","설봉초등학교","02","공립","N","","0","1","1","1","0","1","0","0","0","2","44","46","2","4","6","0","2","2","0","0","0","0","0","0","0","0","0","0","0","0","0","0","0","0","1","1","0","0","0","0","0","0","5","52","57"
"경기도교육청","경기도이천교육지원청","경기도 이천시","S090003777","설성초등학교","02","공립","N","","0","1","1","0","0","0","0","0","0","3","2","5","0","1","1","0","0","0","0","0","0","0","0","0","0","0","0","0","0","0","0","1","1","0","1","1","0","0","0","0","0","0","3","6","9"
"경기도교육청","경기도이천교육지원청","경기도 이천시","S090003778","송곡초등학교","02","공립","N","","0","1","1","0","1","1","0","0","0","1","4","5","2","1","3","0","0","0","1","0","1","0","0","0","0","0","0","0","0","0","0","0","0","0","1","1","0","0","0","0","0","0","4","8","12"
"경기도교육청","경기도이천교육지원청","경기도 이천시","S090003779","신둔초등학교","02","공립","N","","2","0","2","0","0","0","0","0","0","7","13","20","0","2","2","0","2","2","0","0","0","0","0","0","0","0","0","0","0","0","0","1","1","0","1","1","0","1","1","0","0","0","9","20","29"
"경기도교육청","경기도이천교육지원청","경기도 이천시","S090003780","신하초등학교","02","공립","N","","2","0","2","1","0","1","0","0","0","7","27","34","1","5","6","0","2","2","0","0","0","0","0","0","0","0","0","0","0","0","0","0","0","0","1","1","0","1","1","0","0","0","11","36","47"
"경기도교육청","경기도이천교육지원청","경기도 이천시","S090003781","아미초등학교","02","공립","N","","1","1","2","1","0","1","0","0","0","13","33","46","1","2","3","0","1","1","0","0","0","0","0","0","0","0","0","0","1","1","0","0","0","0","1","1","0","1","1","0","0","0","16","40","56"
"경기도교육청","경기도이천교육지원청","경기도 이천시","S090003782","안흥초등학교","02","공립","N","","0","1","1","1","0","1","0","0","0","5","35","40","2","4","6","0","0","0","0","2","2","0","0","0","0","0","0","0","0","0","0","0","0","0","1","1","0","0","0","0","0","0","8","43","51"
"경기도교육청","경기도이천교육지원청","경기도 이천시","S090003784","율면초등학교","02","공립","N","","0","0","0","1","0","1","0","0","0","1","3","4","1","0","1","0","0","0","0","1","1","0","0","0","0","0","0","0","0","0","0","0","0","0","1","1","0","1","1","0","0","0","3","6","9"
"경기도교육청","경기도이천교육지원청","경기도 이천시","S090003786","이천가산초등학교","02","공립","N","","0","1","1","0","1","1","0","0","0","4","10","14","0","3","3","0","1","1","1","0","1","0","0","0","0","0","0","0","0","0","1","0","1","0","1","1","0","0","0","0","0","0","6","17","23"
"경기도교육청","경기도이천교육지원청","경기도 이천시","S090003787","이천남초등학교","02","공립","N","","0","1","1","1","0","1","0","0","0","4","21","25","2","2","4","0","0","0","0","2","2","0","0","0","0","0","0","0","0","0","0","0","0","0","1","1","0","1","1","0","0","0","7","28","35"
"경기도교육청","경기도이천교육지원청","경기도 이천시","S090003788","이천단월초등학교","02","공립","N","","0","1","1","1","0","1","0","0","0","2","3","5","0","2","2","0","0","0","1","0","1","0","0","0","0","0","0","0","0","0","0","0","0","0","1","1","0","0","0","0","0","0","4","7","11"
"경기도교육청","경기도이천교육지원청","경기도 이천시","S090003789","이천매곡초등학교","02","공립","N","","1","0","1","1","0","1","0","0","0","1","3","4","0","3","3","0","0","0","0","0","0","0","0","0","0","0","0","0","0","0","0","0","0","0","1","1","0","0","0","0","0","0","3","7","10"
"경기도교육청","경기도이천교육지원청","경기도 이천시","S090003790","이천송정초등학교","02","공립","N","","1","0","1","1","0","1","0","0","0","8","44","52","3","6","9","0","0","0","0","1","1","0","0","0","0","0","0","0","1","1","0","1","1","0","2","2","0","0","0","0","0","0","13","55","68"
"경기도교육청","경기도이천교육지원청","경기도 이천시","S090003791","이천초등학교","02","공립","N","","0","1","1","2","1","3","0","0","0","4","29","33","1","2","3","0","1","1","0","2","2","0","0","0","0","0","0","0","1","1","0","0","0","0","1","1","0","1","1","0","0","0","7","39","46"
"경기도교육청","경기도이천교육지원청","경기도 이천시","S090003792","이황초등학교","02","공립","N","","1","0","1","0","1","1","0","0","0","1","3","4","1","2","3","0","0","0","0","0","0","0","0","0","0","0","0","0","0","0","0","0","0","0","0","0","0","0","0","0","0","0","3","6","9"
"경기도교육청","경기도이천교육지원청","경기도 이천시","S090003793","장천초등학교","02","공립","N","","1","0","1","0","1","1","0","0","0","3","4","7","0","1","1","0","0","0","0","0","0","0","0","0","0","0","0","0","0","0","0","1","1","0","1","1","0","1","1","0","0","0","4","9","13"
"경기도교육청","경기도이천교육지원청","경기도 이천시","S090003794","장호원초등학교","02","공립","N","","1","0","1","1","1","2","0","0","0","2","16","18","3","5","8","0","0","0","0","1","1","0","0","0","0","0","0","0","1","1","0","1","1","0","1","1","0","1","1","0","0","0","7","27","34"
"경기도교육청","경기도이천교육지원청","경기도 이천시","S090003795","진가초등학교","02","공립","N","","1","0","1","0","1","1","0","0","0","2","5","7","0","0","0","0","1","1","0","0","0","0","0","0","0","0","0","0","0","0","0","0","0","0","1","1","0","1","1","0","0","0","3","9","12"
"경기도교육청","경기도이천교육지원청","경기도 이천시","S090003798","표교초등학교","02","공립","N","","0","1","1","0","1","1","0","0","0","2","3","5","0","2","2","0","0","0","0","0","0","0","0","0","0","0","0","0","0","0","0","1","1","0","1","1","0","0","0","0","0","0","2","9","11"
"경기도교육청","경기도이천교육지원청","경기도 이천시","S090003799","한내초등학교","02","공립","N","","0","1","1","0","1","1","0","0","0","5","30","35","2","5","7","0","1","1","0","1","1","0","0","0","0","0","0","0","1","1","0","0","0","0","1","1","0","1","1","0","0","0","7","42","49"
"경기도교육청","경기도이천교육지원청","경기도 이천시","S090003800","호법초등학교","02","공립","N","","1","0","1","0","1","1","0","0","0","2","7","9","1","2","3","0","0","0","0","2","2","0","0","0","0","0","0","0","0","0","0","0","0","0","1","1","0","1","1","0","0","0","4","14","18"
"경기도교육청","경기도파주교육지원청","경기도 파주시","S090003876","갈현초등학교","02","공립","N","","1","0","1","1","0","1","0","0","0","2","2","4","1","2","3","0","1","1","0","0","0","0","0","0","0","0","0","0","0","0","0","0","0","0","1","1","0","0","0","0","0","0","5","6","11"
"경기도교육청","경기도파주교육지원청","경기도 파주시","S090003877","검산초등학교","02","공립","N","","1","0","1","1","0","1","0","0","0","11","11","22","0","0","0","1","0","1","0","0","0","0","0","0","0","0","0","0","0","0","0","0","0","0","1","1","0","1","1","0","0","0","14","13","27"
"경기도교육청","경기도파주교육지원청","경기도 파주시","S090003878","교하초등학교","02","공립","N","","1","1","2","0","0","0","0","0","0","2","4","6","0","1","1","0","0","0","0","1","1","0","0","0","0","0","0","0","0","0","0","0","0","0","1","1","0","0","0","0","0","0","3","8","11"
"경기도교육청","경기도파주교육지원청","경기도 파주시","S090003879","군내초등학교","02","공립","N","","0","1","1","1","0","1","0","0","0","3","2","5","2","0","2","0","0","0","0","1","1","0","0","0","0","0","0","0","0","0","0","0","0","0","1","1","0","0","0","0","0","0","6","5","11"
"경기도교육청","경기도파주교육지원청","경기도 파주시","S090003881","금신초등학교","02","공립","N","","0","1","1","1","0","1","0","0","0","10","10","20","1","9","10","0","1","1","1","0","1","0","0","0","0","0","0","0","1","1","0","0","0","0","1","1","0","1","1","0","0","0","13","24","37"
"경기도교육청","경기도파주교육지원청","경기도 파주시","S090003882","금촌초등학교","02","공립","N","","1","0","1","1","0","1","0","0","0","4","12","16","3","4","7","0","2","2","0","2","2","0","0","0","0","0","0","0","0","0","0","1","1","0","1","1","0","1","1","0","0","0","9","23","32"
"경기도교육청","경기도파주교육지원청","경기도 파주시","S090003883","능안초등학교","02","공립","N","","0","1","1","1","0","1","0","0","0","2","3","5","0","4","4","0","1","1","0","1","1","0","0","0","0","0","0","0","0","0","0","0","0","0","1","1","0","0","0","0","0","0","3","11","14"
"경기도교육청","경기도파주교육지원청","경기도 파주시","S090003884","대성동초등학교","02","공립","N","","0","1","1","1","0","1","0","0","0","2","5","7","0","0","0","0","0","0","0","0","0","0","0","0","0","0","0","0","0","0","0","0","0","0","1","1","0","0","0","0","0","0","3","7","10"
"경기도교육청","경기도파주교육지원청","경기도 파주시","S090003885","덕암초등학교","02","공립","N","","1","0","1","0","1","1","0","0","0","1","4","5","1","1","2","0","1","1","0","0","0","0","0","0","0","0","0","0","0","0","0","0","0","0","1","1","0","0","0","0","0","0","3","8","11"
"경기도교육청","경기도파주교육지원청","경기도 파주시","S090003886","마정초등학교","02","공립","N","","1","0","1","1","0","1","0","0","0","3","4","7","0","0","0","0","0","0","0","1","1","0","0","0","0","0","0","0","0","0","0","0","0","0","1","1","0","0","0","0","0","0","5","6","11"
"경기도교육청","경기도파주교육지원청","경기도 파주시","S090003887","마지초등학교","02","공립","N","","1","0","1","1","0","1","0","0","0","5","6","11","1","2","3","0","0","0","1","0","1","0","0","0","0","0","0","0","0","0","0","0","0","0","2","2","0","1","1","0","0","0","9","11","20"
"경기도교육청","경기도파주교육지원청","경기도 파주시","S090003888","도마산초등학교","02","공립","N","","1","0","1","1","0","1","0","0","0","1","4","5","1","1","2","0","0","0","0","0","0","0","0","0","0","0","0","0","0","0","0","1","1","0","1","1","0","0","0","0","0","0","4","7","11"
"경기도교육청","경기도파주교육지원청","경기도 파주시","S090003889","문산동초등학교","02","공립","N","","1","1","2","1","0","1","0","0","0","9","13","22","3","13","16","0","0","0","0","1","1","0","0","0","0","0","0","0","0","0","0","1","1","0","1","1","0","1","1","0","0","0","14","31","45"
"경기도교육청","경기도파주교육지원청","경기도 파주시","S090003890","문산초등학교","02","공립","N","","1","0","1","0","1","1","0","0","0","10","14","24","4","6","10","1","0","1","0","1","1","0","0","0","0","0","0","0","1","1","0","0","0","0","1","1","0","1","1","0","0","0","16","25","41"
"경기도교육청","경기도파주교육지원청","경기도 파주시","S090003892","봉일천초등학교","02","공립","N","","1","0","1","1","0","1","0","0","0","15","21","36","1","1","2","0","0","0","0","1","1","0","0","0","0","0","0","0","1","1","0","0","0","0","2","2","0","1","1","0","0","0","18","27","45"
"경기도교육청","경기도파주교육지원청","경기도 파주시","S090003893","삼성초등학교","02","공립","N","","0","2","2","0","0","0","0","0","0","5","2","7","0","1","1","0","0","0","0","0","0","0","0","0","0","0","0","0","0","0","0","0","0","0","1","1","0","0","0","0","0","0","5","6","11"
"경기도교육청","경기도파주교육지원청","경기도 파주시","S090003894","신산초등학교","02","공립","N","","1","0","1","0","1","1","0","0","0","2","9","11","1","3","4","1","0","1","0","0","0","0","0","0","0","0","0","0","1","1","0","1","1","0","1","1","0","1","1","0","0","0","5","17","22"
"경기도교육청","경기도파주교육지원청","경기도 파주시","S090003896","심학초등학교","02","공립","N","","0","1","1","0","1","1","0","0","0","1","3","4","0","2","2","0","0","0","0","0","0","0","0","0","0","0","0","0","0","0","0","0","0","0","1","1","0","0","0","0","0","0","1","8","9"
"경기도교육청","경기도파주교육지원청","경기도 파주시","S090003897","연풍초등학교","02","공립","N","","1","0","1","1","0","1","0","0","0","4","1","5","2","3","5","0","0","0","0","1","1","0","0","0","0","0","0","0","1","1","0","0","0","0","1","1","0","0","0","0","0","0","8","7","15"
"경기도교육청","경기도파주교육지원청","경기도 파주시","S090003898","영도초등학교","02","공립","N","","1","0","1","0","1","1","0","0","0","1","3","4","0","2","2","0","0","0","0","0","0","0","0","0","0","0","0","0","0","0","0","1","1","0","1","1","0","0","0","0","0","0","2","8","10"
"경기도교육청","경기도파주교육지원청","경기도 파주시","S090003900","용미초등학교","02","공립","N","","0","1","1","0","1","1","0","0","0","2","3","5","0","2","2","0","0","0","0","1","1","0","0","0","0","0","0","0","0","0","0","1","1","0","1","1","0","0","0","0","0","0","2","10","12"
"경기도교육청","경기도파주교육지원청","경기도 파주시","S090003901","용연초등학교","02","공립","N","","1","0","1","0","1","1","0","0","0","4","2","6","0","1","1","0","0","0","0","0","0","0","0","0","0","0","0","0","0","0","0","1","1","0","1","1","0","1","1","0","0","0","5","7","12"
"경기도교육청","경기도파주교육지원청","경기도 파주시","S090003903","웅담초등학교","02","공립","N","","1","0","1","1","0","1","0","0","0","5","2","7","1","0","1","0","0","0","1","0","1","0","0","0","0","0","0","0","0","0","0","0","0","0","1","1","0","0","0","0","0","0","9","3","12"
"경기도교육청","경기도파주교육지원청","경기도 파주시","S090003904","월롱초등학교","02","공립","N","","1","0","1","1","0","1","0","0","0","2","3","5","0","2","2","0","0","0","0","0","0","0","0","0","0","0","0","0","0","0","0","0","0","0","1","1","0","1","1","0","0","0","4","7","11"
"경기도교육청","경기도파주교육지원청","경기도 파주시","S090003905","장파초등학교","02","공립","N","","0","1","1","0","1","1","0","0","0","4","3","7","0","0","0","0","0","0","0","1","1","0","0","0","0","0","0","0","0","0","0","1","1","0","1","1","0","0","0","0","0","0","4","8","12"
"경기도교육청","경기도파주교육지원청","경기도 파주시","S090003906","적서초등학교","02","공립","N","","1","0","1","0","1","1","0","0","0","3","3","6","1","0","1","0","1","1","0","0","0","0","0","0","0","0","0","0","0","0","0","1","1","0","1","1","0","0","0","0","0","0","5","7","12"
"경기도교육청","경기도파주교육지원청","경기도 파주시","S090003908","적암초등학교","02","공립","N","","1","0","1","0","0","0","0","0","0","4","2","6","1","1","2","0","1","1","0","0","0","0","0","0","0","0","0","0","0","0","0","0","0","0","1","1","0","0","0","0","0","0","6","5","11"
"경기도교육청","경기도파주교육지원청","경기도 파주시","S090003909","지산초등학교","02","공립","N","","1","0","1","1","1","2","0","0","0","8","43","51","1","3","4","0","0","0","1","1","2","0","0","0","0","0","0","0","1","1","0","0","0","0","1","1","0","0","0","0","0","0","12","50","62"
"경기도교육청","경기도파주교육지원청","경기도 파주시","S090003911","천현초등학교","02","공립","N","","0","1","1","1","0","1","0","0","0","7","5","12","1","1","2","0","1","1","0","1","1","0","0","0","0","0","0","0","1","1","0","0","0","0","1","1","0","0","0","0","0","0","9","11","20"
"경기도교육청","경기도파주교육지원청","경기도 파주시","S090003913","청석초등학교","02","공립","N","","0","1","1","0","1","1","0","0","0","8","21","29","2","9","11","0","1","1","0","1","1","0","0","0","0","0","0","0","0","0","0","1","1","0","1","1","0","0","0","0","0","0","10","36","46"
"경기도교육청","경기도파주교육지원청","경기도 파주시","S090003914","청암초등학교","02","공립","N","","1","0","1","1","1","2","0","0","0","6","44","50","3","8","11","0","0","0","0","1","1","0","0","0","0","0","0","0","1","1","0","0","0","0","1","1","0","0","0","0","0","0","11","56","67"
"경기도교육청","경기도파주교육지원청","경기도 파주시","S090003915","탄현초등학교","02","공립","N","","2","0","2","0","0","0","0","0","0","3","4","7","0","0","0","0","0","0","0","1","1","0","0","0","0","0","0","0","0","0","0","1","1","0","1","1","0","0","0","0","0","0","5","7","12"
"경기도교육청","경기도파주교육지원청","경기도 파주시","S090003916","통일초등학교","02","공립","N","","1","0","1","0","1","1","0","0","0","6","11","17","1","4","5","0","0","0","1","1","2","0","0","0","0","0","0","0","0","0","0","0","0","0","1","1","0","1","1","0","0","0","9","19","28"
"경기도교육청","경기도파주교육지원청","경기도 파주시","S090003917","파양초등학교","02","공립","N","","0","1","1","1","0","1","0","0","0","2","3","5","1","1","2","0","0","0","0","1","1","0","0","0","0","0","0","0","0","0","0","1","1","0","1","1","0","0","0","0","0","0","4","8","12"
"경기도교육청","경기도파주교육지원청","경기도 파주시","S090003919","파주대원초등학교","02","공립","N","","0","1","1","1","0","1","0","0","0","7","16","23","1","1","2","0","1","1","0","1","1","0","0","0","0","0","0","0","0","0","0","0","0","0","1","1","0","0","0","0","0","0","9","21","30"
"경기도교육청","경기도파주교육지원청","경기도 파주시","S090003920","파주송화초등학교","02","공립","N","","1","0","1","1","0","1","0","0","0","9","10","19","4","14","18","0","1","1","0","2","2","0","0","0","0","0","0","0","0","0","0","0","0","0","1","1","0","0","0","0","0","0","15","28","43"
"경기도교육청","경기도파주교육지원청","경기도 파주시","S090003921","파주와동초등학교","02","공립","N","","0","1","1","1","0","1","0","0","0","7","29","36","3","10","13","0","1","1","0","0","0","0","0","0","0","0","0","0","0","0","0","1","1","0","1","1","0","1","1","0","0","0","11","44","55"
"경기도교육청","경기도파주교육지원청","경기도 파주시","S090003922","파주초등학교","02","공립","N","","1","0","1","1","0","1","0","0","0","1","4","5","0","2","2","0","1","1","0","0","0","0","0","0","0","0","0","0","0","0","0","0","0","0","1","1","0","0","0","0","0","0","3","8","11"
"경기도교육청","경기도파주교육지원청","경기도 파주시","S090003923","파평초등학교","02","공립","N","","1","1","2","0","0","0","0","0","0","3","4","7","1","0","1","0","0","0","0","0","0","0","0","0","0","0","0","0","0","0","0","0","0","0","1","1","0","0","0","0","0","0","5","6","11"
"경기도교육청","경기도평택교육지원청","경기도 평택시","S090004009","가사초등학교","02","공립","N","","1","0","1","1","0","1","0","0","0","3","0","3","0","4","4","0","0","0","0","0","0","0","0","0","0","0","0","0","0","0","0","0","0","0","1","1","0","0","0","0","1","1","5","6","11"
"경기도교육청","경기도평택교육지원청","경기도 평택시","S090004010","갈곶초등학교","02","공립","N","","1","1","2","0","0","0","0","0","0","2","7","9","0","2","2","0","1","1","0","1","1","0","0","0","0","0","0","0","1","1","0","0","0","0","1","1","0","0","0","0","0","0","3","14","17"
"경기도교육청","경기도평택교육지원청","경기도 평택시","S090004011","계성초등학교","02","공립","N","","1","0","1","1","0","1","0","0","0","3","2","5","0","2","2","0","0","0","0","1","1","0","0","0","0","0","0","0","0","0","0","1","1","0","1","1","0","0","0","0","1","1","5","8","13"
"경기도교육청","경기도평택교육지원청","경기도 평택시","S090004013","고덕초등학교","02","공립","N","","1","0","1","0","1","1","0","0","0","2","5","7","3","11","14","0","0","0","0","1","1","0","0","0","0","0","0","0","0","0","0","0","0","0","1","1","0","1","1","0","0","0","6","20","26"
"경기도교육청","경기도평택교육지원청","경기도 평택시","S090004015","군문초등학교","02","공립","N","","1","0","1","1","0","1","0","0","0","5","6","11","1","1","2","0","1","1","0","0","0","0","0","0","0","0","0","0","0","0","0","0","0","0","1","1","0","1","1","0","0","0","8","10","18"
"경기도교육청","경기도평택교육지원청","경기도 평택시","S090004017","내기초등학교","02","공립","N","","0","1","1","0","1","1","0","0","0","3","3","6","2","8","10","0","0","0","0","1","1","0","0","0","0","0","0","0","0","0","0","0","0","0","1","1","0","1","1","0","0","0","5","16","21"
"경기도교육청","경기도평택교육지원청","경기도 평택시","S090004018","내기초등학교신영분교장","02","공립","N","","0","0","0","0","0","0","0","0","0","1","0","1","0","0","0","0","0","0","0","0","0","0","0","0","0","0","0","0","0","0","0","0","0","0","0","0","0","0","0","0","0","0","1","0","1"
"경기도교육청","경기도평택교육지원청","경기도 평택시","S090004022","덕동초등학교","02","공립","N","","0","1","1","1","0","1","0","0","0","6","23","29","3","10","13","0","2","2","0","0","0","0","0","0","0","0","0","0","1","1","0","0","0","0","1","1","0","1","1","0","1","1","10","40","50"
"경기도교육청","경기도평택교육지원청","경기도 평택시","S090004023","동삭초등학교","02","공립","N","","1","0","1","1","0","1","0","0","0","4","17","21","2","7","9","0","2","2","0","1","1","0","0","0","0","0","0","0","0","0","0","1","1","0","1","1","0","0","0","0","2","2","8","31","39"
"경기도교육청","경기도평택교육지원청","경기도 평택시","S090004024","복창초등학교","02","공립","N","","1","0","1","0","1","1","1","0","1","2","7","9","0","6","6","0","1","1","0","1","1","0","0","0","0","0","0","0","1","1","0","1","1","0","2","2","0","0","0","0","0","0","4","20","24"
"경기도교육청","경기도평택교육지원청","경기도 평택시","S090004025","부용초등학교","02","공립","N","","1","0","1","0","1","1","0","1","1","3","11","14","2","4","6","0","1","1","1","1","2","0","0","0","0","0","0","0","1","1","0","0","0","0","1","1","0","0","0","0","1","1","7","22","29"
"경기도교육청","경기도평택교육지원청","경기도 평택시","S090004027","비전초등학교","02","공립","N","","0","1","1","0","1","1","0","0","0","4","4","8","3","7","10","0","1","1","0","0","0","0","0","0","0","0","0","0","0","0","0","1","1","0","1","1","0","0","0","0","1","1","7","17","24"
"경기도교육청","경기도평택교육지원청","경기도 평택시","S090004029","삼덕초등학교","02","공립","N","","0","0","0","1","1","2","0","0","0","2","5","7","1","3","4","0","0","0","0","1","1","0","0","0","0","0","0","0","0","0","0","0","0","0","1","1","0","0","0","0","0","0","4","11","15"
"경기도교육청","경기도평택교육지원청","경기도 평택시","S090004030","서정리초등학교","02","공립","N","","1","0","1","0","1","1","0","0","0","1","3","4","1","9","10","0","0","0","0","3","3","0","0","0","0","0","0","0","0","0","0","1","1","0","1","1","0","1","1","0","1","1","3","20","23"
"경기도교육청","경기도평택교육지원청","경기도 평택시","S090004031","서탄초등학교","02","공립","N","","0","1","1","1","0","1","0","0","0","3","4","7","0","0","0","0","0","0","0","1","1","0","0","0","0","0","0","0","0","0","0","0","0","0","1","1","0","0","0","0","0","0","4","7","11"
"경기도교육청","경기도평택교육지원청","경기도 평택시","S090004033","서탄초등학교내수분교장","02","공립","N","","0","0","0","0","0","0","0","0","0","1","2","3","0","1","1","0","0","0","0","0","0","0","0","0","0","0","0","0","0","0","0","0","0","0","0","0","0","0","0","0","0","0","1","3","4"
"경기도교육청","경기도평택교육지원청","경기도 평택시","S090004035","세교초등학교","02","공립","N","","1","0","1","1","0","1","0","0","0","1","21","22","3","19","22","0","1","1","1","0","1","0","0","0","0","0","0","1","0","1","0","1","1","0","1","1","0","1","1","1","0","1","9","44","53"
"경기도교육청","경기도평택교육지원청","경기도 평택시","S090004036","소사벌초등학교","02","공립","N","","2","0","2","0","0","0","0","0","0","7","23","30","1","12","13","0","2","2","0","1","1","0","0","0","0","0","0","0","0","0","0","1","1","0","1","1","0","1","1","0","1","1","10","42","52"
"경기도교육청","경기도평택교육지원청","경기도 평택시","S090004037","송북초등학교","02","공립","N","","0","1","1","1","0","1","0","0","0","6","16","22","8","13","21","0","3","3","0","0","0","0","0","0","0","0","0","0","1","1","0","0","0","0","1","1","0","1","1","0","0","0","15","36","51"
"경기도교육청","경기도평택교육지원청","경기도 평택시","S090004038","송신초등학교","02","공립","N","","1","0","1","1","0","1","0","0","0","5","4","9","4","11","15","0","1","1","0","1","1","0","0","0","0","0","0","0","0","0","0","0","0","0","1","1","0","0","0","0","1","1","11","19","30"
"경기도교육청","경기도평택교육지원청","경기도 평택시","S090004039","송일초등학교","02","공립","N","","0","1","1","1","0","1","0","0","0","4","1","5","1","10","11","0","0","0","1","0","1","0","0","0","0","0","0","0","0","0","0","0","0","0","1","1","0","1","1","0","0","0","7","14","21"
"경기도교육청","경기도평택교육지원청","경기도 평택시","S090004040","송탄초등학교","02","공립","N","","1","0","1","0","1","1","0","0","0","2","3","5","0","5","5","0","0","0","2","0","2","0","0","0","0","0","0","0","0","0","0","1","1","0","1","1","0","0","0","0","0","0","5","11","16"
"경기도교육청","경기도평택교육지원청","경기도 평택시","S090004042","안중초등학교","02","공립","N","","1","0","1","1","0","1","0","0","0","6","3","9","1","9","10","0","2","2","0","0","0","0","0","0","0","0","0","0","0","0","0","0","0","0","1","1","0","1","1","0","1","1","9","17","26"
"경기도교육청","경기도평택교육지원청","경기도 평택시","S090004043","어연초등학교","02","공립","N","","1","0","1","0","1","1","0","0","0","2","2","4","0","4","4","0","1","1","0","0","0","0","0","0","0","0","0","0","0","0","0","0","0","0","1","1","0","0","0","0","0","0","3","9","12"
"경기도교육청","경기도평택교육지원청","경기도 평택시","S090004044","오성초등학교","02","공립","N","","1","1","2","0","0","0","0","0","0","6","3","9","0","2","2","0","1","1","0","0","0","0","0","0","0","0","0","0","0","0","0","1","1","0","1","1","0","1","1","0","0","0","7","10","17"
"경기도교육청","경기도평택교육지원청","경기도 평택시","S090004045","원정초등학교","02","공립","N","","1","1","2","0","0","0","0","0","0","2","5","7","4","10","14","0","1","1","0","0","0","0","0","0","0","0","0","0","0","0","0","0","0","0","1","1","0","0","0","0","0","0","7","18","25"
"경기도교육청","경기도평택교육지원청","경기도 평택시","S090004046","이충초등학교","02","공립","N","","0","1","1","1","0","1","0","0","0","5","13","18","2","16","18","0","1","1","0","0","0","0","0","0","0","0","0","0","1","1","0","0","0","0","1","1","0","1","1","1","0","1","9","34","43"
"경기도교육청","경기도평택교육지원청","경기도 평택시","S090004047","종덕초등학교","02","공립","N","","0","1","1","1","0","1","0","0","0","15","21","36","6","22","28","0","1","1","0","0","0","0","0","0","0","0","0","0","1","1","0","1","1","0","1","1","0","1","1","0","0","0","22","49","71"
"경기도교육청","경기도평택교육지원청","경기도 평택시","S090004049","죽백초등학교","02","공립","N","","1","0","1","0","1","1","0","0","0","4","12","16","0","1","1","1","1","2","0","0","0","0","0","0","0","0","0","0","0","0","0","1","1","0","1","1","0","0","0","0","1","1","6","18","24"
"경기도교육청","경기도평택교육지원청","경기도 평택시","S090004052","지장초등학교","02","공립","N","","1","0","1","0","1","1","0","0","0","1","12","13","4","18","22","0","1","1","0","2","2","0","0","0","0","0","0","0","0","0","0","1","1","0","1","1","0","1","1","0","0","0","6","37","43"
"경기도교육청","경기도평택교육지원청","경기도 평택시","S090004053","진위초등학교","02","공립","N","","1","0","1","0","1","1","0","0","0","5","2","7","0","4","4","0","0","0","0","1","1","0","0","0","0","0","0","0","0","0","0","0","0","0","1","1","0","1","1","0","0","0","6","10","16"
"경기도교육청","경기도평택교육지원청","경기도 평택시","S090004054","진위초등학교산대분교장","02","공립","N","","0","0","0","0","0","0","0","0","0","2","4","6","0","0","0","0","1","1","0","0","0","0","0","0","0","0","0","0","0","0","0","0","0","0","0","0","0","0","0","0","0","0","2","5","7"
"경기도교육청","경기도평택교육지원청","경기도 평택시","S090004055","창신초등학교","02","공립","N","","0","2","2","0","0","0","0","0","0","2","2","4","0","4","4","0","0","0","0","0","0","0","0","0","0","0","0","0","0","0","0","0","0","0","1","1","0","0","0","0","0","0","2","9","11"
"경기도교육청","경기도평택교육지원청","경기도 평택시","S090004056","청북초등학교","02","공립","N","","0","1","1","0","1","1","0","0","0","1","1","2","2","3","5","0","0","0","0","0","0","0","0","0","0","0","0","0","0","0","0","0","0","0","1","1","0","1","1","0","0","0","3","8","11"
"경기도교육청","경기도평택교육지원청","경기도 평택시","S090004057","팽성초등학교","02","공립","N","","1","0","1","0","1","1","0","0","0","2","1","3","0","4","4","0","1","1","0","1","1","0","0","0","0","0","0","0","0","0","0","0","0","0","1","1","0","0","0","0","0","0","3","9","12"
"경기도교육청","경기도평택교육지원청","경기도 평택시","S090004058","평일초등학교","02","공립","N","","1","0","1","1","0","1","0","0","0","3","7","10","6","12","18","0","1","1","1","1","2","0","0","0","0","0","0","0","2","2","0","0","0","0","1","1","0","1","1","0","0","0","12","25","37"
"경기도교육청","경기도평택교육지원청","경기도 평택시","S090004059","평택성동초등학교","02","공립","N","","1","0","1","1","0","1","0","0","0","4","6","10","3","8","11","0","2","2","0","0","0","0","0","0","0","0","0","0","1","1","0","0","0","1","0","1","0","0","0","0","0","0","10","17","27"
"경기도교육청","경기도평택교육지원청","경기도 평택시","S090004060","평택중앙초등학교","02","공립","N","","0","1","1","0","1","1","0","0","0","1","6","7","1","7","8","0","2","2","0","0","0","0","0","0","0","0","0","0","0","0","0","1","1","0","1","1","0","1","1","0","0","0","2","20","22"
"경기도교육청","경기도평택교육지원청","경기도 평택시","S090004061","평택지산초등학교","02","공립","N","","0","1","1","1","0","1","0","0","0","2","7","9","5","13","18","0","0","0","0","1","1","0","0","0","0","0","0","0","1","1","0","1","1","0","1","1","0","1","1","0","1","1","8","27","35"
"경기도교육청","경기도평택교육지원청","경기도 평택시","S090004062","평택초등학교","02","공립","N","","0","1","1","1","0","1","0","0","0","3","3","6","1","5","6","0","1","1","0","0","0","0","0","0","0","0","0","0","0","0","0","0","0","0","1","1","0","0","0","0","0","0","5","11","16"
"경기도교육청","경기도평택교육지원청","경기도 평택시","S090004063","합정초등학교","02","공립","N","","1","1","2","0","0","0","0","0","0","2","1","3","1","6","7","0","0","0","1","0","1","0","0","0","0","0","0","0","0","0","0","1","1","0","1","1","0","0","0","0","0","0","5","10","15"
"경기도교육청","경기도평택교육지원청","경기도 평택시","S090004064","현덕초등학교","02","공립","N","","1","1","2","0","0","0","0","0","0","1","3","4","1","3","4","0","0","0","0","1","1","0","0","0","0","0","0","0","0","0","0","0","0","0","1","1","0","1","1","1","0","1","4","10","14"
"경기도교육청","경기도평택교육지원청","경기도 평택시","S090004065","현덕초등학교광덕분교장","02","공립","N","","0","0","0","0","0","0","0","0","0","2","4","6","1","1","2","0","0","0","0","0","0","0","0","0","0","0","0","0","0","0","0","0","0","0","0","0","0","0","0","0","0","0","3","5","8"
"경기도교육청","경기도평택교육지원청","경기도 평택시","S090004066","현화초등학교","02","공립","N","","0","1","1","0","1","1","0","0","0","13","12","25","2","6","8","0","1","1","0","2","2","0","0","0","0","0","0","0","0","0","0","1","1","0","1","1","0","1","1","0","0","0","15","26","41"
"경기도교육청","경기도평택교육지원청","경기도 평택시","S090004067","홍원초등학교","02","공립","N","","1","0","1","0","1","1","0","0","0","0","2","2","4","1","5","0","0","0","1","0","1","0","0","0","0","0","0","0","0","0","0","1","1","0","1","1","0","0","0","0","0","0","6","6","12"
"경기도교육청","경기도평택교육지원청","경기도 평택시","S090004068","효덕초등학교","02","공립","N","","1","0","1","1","0","1","0","0","0","6","16","22","2","0","2","0","1","1","0","0","0","0","0","0","0","0","0","0","0","0","0","0","0","0","1","1","0","0","0","0","0","0","10","18","28"
"경기도교육청","경기도포천교육지원청","경기도 포천시","S090004176","가산초등학교","02","공립","N","","0","1","1","0","1","1","0","0","0","1","2","3","3","1","4","0","1","1","0","0","0","0","0","0","0","0","0","0","0","0","0","0","0","0","1","1","0","0","0","0","0","0","4","7","11"
"경기도교육청","경기도포천교육지원청","경기도 포천시","S090004177","관인초등학교","02","공립","N","","0","1","1","0","0","0","0","0","0","0","2","2","2","3","5","0","0","0","0","1","1","0","0","0","0","0","0","0","0","0","0","0","0","0","1","1","0","0","0","0","0","0","2","8","10"
"경기도교육청","경기도포천교육지원청","경기도 포천시","S090004180","내촌초등학교","02","공립","N","","1","0","1","1","0","1","0","0","0","3","1","4","1","2","3","0","1","1","0","0","0","0","0","0","0","0","0","0","0","0","1","0","1","0","1","1","0","1","1","0","0","0","7","6","13"
"경기도교육청","경기도포천교육지원청","경기도 포천시","S090004183","도평초등학교","02","공립","N","","0","1","1","2","0","2","0","0","0","0","2","2","1","3","4","0","0","0","0","0","0","0","0","0","0","0","0","0","0","0","0","0","0","0","1","1","0","0","0","0","0","0","3","7","10"
"경기도교육청","경기도포천교육지원청","경기도 포천시","S090004189","선단초등학교","02","공립","N","","0","1","1","0","1","1","0","0","0","4","8","12","3","5","8","0","0","0","0","2","2","0","0","0","0","0","0","0","1","1","0","0","0","0","1","1","0","1","1","0","0","0","7","20","27"
"경기도교육청","경기도포천교육지원청","경기도 포천시","S090004190","송우초등학교","02","공립","N","","0","1","1","1","0","1","0","0","0","7","4","11","4","3","7","0","1","1","0","0","0","0","0","0","0","0","0","0","0","0","0","0","0","0","1","1","0","1","1","0","0","0","12","11","23"
"경기도교육청","경기도포천교육지원청","경기도 포천시","S090004191","신북초등학교","02","공립","N","","1","0","1","1","0","1","0","0","0","3","2","5","2","5","7","0","0","0","0","2","2","0","0","0","0","0","0","0","0","0","0","0","0","0","1","1","0","0","0","0","0","0","7","10","17"
"경기도교육청","경기도포천교육지원청","경기도 포천시","S090004193","영북초등학교","02","공립","N","","0","1","1","1","0","1","0","0","0","4","2","6","8","5","13","0","0","0","0","1","1","0","0","0","0","0","0","0","1","1","0","0","0","0","1","1","0","1","1","0","0","0","13","12","25"
"경기도교육청","경기도포천교육지원청","경기도 포천시","S090004198","왕방초등학교","02","공립","N","","2","0","2","1","0","1","0","0","0","7","6","13","9","4","13","0","2","2","0","0","0","0","0","0","0","0","0","0","0","0","0","0","0","0","2","2","0","0","0","0","0","0","19","14","33"
"경기도교육청","경기도포천교육지원청","경기도 포천시","S090004199","외북초등학교","02","공립","N","","1","0","1","1","0","1","0","0","0","1","3","4","4","0","4","0","0","0","0","1","1","0","0","0","0","0","0","0","0","0","0","1","1","0","1","1","0","1","1","0","0","0","7","7","14"
"경기도교육청","경기도포천교육지원청","경기도 포천시","S090004200","운담초등학교","02","공립","N","","0","1","1","0","1","1","0","0","0","3","4","7","0","0","0","0","0","0","0","1","1","0","0","0","0","0","0","0","0","0","0","0","0","0","1","1","0","0","0","0","0","0","3","8","11"
"경기도교육청","경기도포천교육지원청","경기도 포천시","S090004201","유암초등학교","02","공립","N","","1","0","1","0","1","1","0","0","0","3","1","4","0","5","5","0","0","0","0","1","1","0","0","0","0","0","0","0","0","0","0","0","0","0","1","1","0","0","0","0","0","0","4","9","13"
"경기도교육청","경기도포천교육지원청","경기도 포천시","S090004202","이곡초등학교","02","공립","N","","0","1","1","1","0","1","0","0","0","4","2","6","0","1","1","0","0","0","0","0","0","0","0","0","0","0","0","0","0","0","0","0","0","0","1","1","0","1","1","0","0","0","5","6","11"
"경기도교육청","경기도포천교육지원청","경기도 포천시","S090004203","이동초등학교","02","공립","N","","1","0","1","1","0","1","0","0","0","4","1","5","3","3","6","0","1","1","0","0","0","0","0","0","0","0","0","0","1","1","0","1","1","0","1","1","0","1","1","0","0","0","9","9","18"
"경기도교육청","경기도포천교육지원청","경기도 포천시","S090004204","일동초등학교","02","공립","N","","1","0","1","1","0","1","0","0","0","5","4","9","6","4","10","0","0","0","0","1","1","0","0","0","0","0","0","1","0","1","0","1","1","0","1","1","0","1","1","0","0","0","14","12","26"
"경기도교육청","경기도포천교육지원청","경기도 포천시","S090004205","정교초등학교","02","공립","N","","1","0","1","2","0","2","0","0","0","2","1","3","2","2","4","0","1","1","0","0","0","0","0","0","0","0","0","0","0","0","0","0","0","0","1","1","0","0","0","0","0","0","7","5","12"
"경기도교육청","경기도포천교육지원청","경기도 포천시","S090004206","중리초등학교","02","공립","N","","0","1","1","0","0","0","0","0","0","1","0","1","1","3","4","0","0","0","0","0","0","0","0","0","0","0","0","0","0","0","0","0","0","0","1","1","0","0","0","0","0","0","2","5","7"
"경기도교육청","경기도포천교육지원청","경기도 포천시","S090004208","지현초등학교","02","공립","N","","0","1","1","1","0","1","0","0","0","3","1","4","1","2","3","0","0","0","0","1","1","0","0","0","0","0","0","0","0","0","0","1","1","1","0","1","0","0","0","0","0","0","6","6","12"
"경기도교육청","경기도포천교육지원청","경기도 포천시","S090004209","창수초등학교","02","공립","N","","1","0","1","1","0","1","0","0","0","2","2","4","2","1","3","0","0","0","1","0","1","0","0","0","0","0","0","0","0","0","0","1","1","0","1","1","0","0","0","0","0","0","7","5","12"
"경기도교육청","경기도포천교육지원청","경기도 포천시","S090004210","청성초등학교","02","공립","N","","1","0","1","1","0","1","0","0","0","2","4","6","1","1","2","0","0","0","0","1","1","0","0","0","0","0","0","0","0","0","0","0","0","0","1","1","0","0","0","0","0","0","5","7","12"
"경기도교육청","경기도포천교육지원청","경기도 포천시","S090004211","추산초등학교","02","공립","N","","1","0","1","1","0","1","0","0","0","14","13","27","7","8","15","1","1","2","1","0","1","0","0","0","0","0","0","0","1","1","0","0","0","0","1","1","0","1","1","0","0","0","25","25","50"
"경기도교육청","경기도포천교육지원청","경기도 포천시","S090004212","축석초등학교","02","공립","N","","1","0","1","0","1","1","0","0","0","4","2","6","1","0","1","0","1","1","0","0","0","0","0","0","0","0","0","0","0","0","0","0","0","0","1","1","0","0","0","0","0","0","6","5","11"
"경기도교육청","경기도포천교육지원청","경기도 포천시","S090004213","포천노곡초등학교","02","공립","N","","0","1","1","0","1","1","0","0","0","2","1","3","2","2","4","0","0","0","0","0","0","0","0","0","0","0","0","0","0","0","0","0","0","0","1","1","0","0","0","0","0","0","4","6","10"
"경기도교육청","경기도포천교육지원청","경기도 포천시","S090004214","포천삼정초등학교","02","공립","N","","0","1","1","0","0","0","0","0","0","2","0","2","1","3","4","0","0","0","1","1","2","0","0","0","0","0","0","0","0","0","0","1","1","0","1","1","0","0","0","0","0","0","4","7","11"
"경기도교육청","경기도포천교육지원청","경기도 포천시","S090004215","포천초등학교","02","공립","N","","1","0","1","1","0","1","0","0","0","13","10","23","10","16","26","0","2","2","0","0","0","0","0","0","0","0","0","0","1","1","0","1","1","0","2","2","0","1","1","0","0","0","25","33","58"
"경기도교육청","경기도포천교육지원청","경기도 포천시","S090004216","화현초등학교","02","공립","N","","0","1","1","1","0","1","0","0","0","2","2","4","2","1","3","0","0","0","0","1","1","0","0","0","0","0","0","0","0","0","0","0","0","0","1","1","0","0","0","0","0","0","5","6","11"
"경기도교육청","경기도화성오산교육지원청","경기도 화성시 효행구","S090004282","갈담초등학교","02","공립","N","","1","0","1","1","0","1","0","0","0","5","9","14","0","2","2","0","0","0","0","1","1","0","0","0","0","0","0","0","0","0","0","0","0","0","1","1","0","0","0","0","0","0","7","13","20"
"경기도교육청","경기도화성오산교육지원청","경기도 화성시 만세구","S090004283","갈천초등학교","02","공립","N","","1","1","2","0","0","0","0","0","0","2","4","6","0","1","1","0","0","0","0","0","0","0","0","0","0","0","0","0","0","0","0","0","0","0","1","1","0","0","0","0","0","0","3","7","10"
"경기도교육청","경기도화성오산교육지원청","경기도 화성시 만세구","S090004284","고정초등학교","02","공립","N","","0","1","1","1","0","1","0","0","0","2","3","5","1","2","3","0","0","0","0","1","1","0","0","0","0","0","0","0","0","0","0","1","1","0","1","1","0","0","0","0","0","0","4","9","13"
"경기도교육청","경기도화성오산교육지원청","경기도 오산시","S090004286","광성초등학교","02","공립","N","","0","1","1","0","1","1","0","0","0","2","32","34","0","2","2","0","0","0","0","1","1","0","0","0","0","0","0","0","0","0","0","1","1","0","2","2","0","0","0","0","0","0","2","40","42"
"경기도교육청","경기도화성오산교육지원청","경기도 화성시 효행구","S090004287","기안초등학교","02","공립","N","","1","1","2","0","1","1","0","0","0","6","28","34","1","0","1","0","2","2","0","0","0","0","0","0","0","0","0","0","1","1","0","0","0","0","1","1","0","1","1","0","1","1","8","36","44"
"경기도교육청","경기도화성오산교육지원청","경기도 화성시 만세구","S090004288","남양초등학교","02","공립","N","","1","0","1","0","1","1","0","0","0","3","18","21","0","4","4","0","1","1","0","2","2","0","0","0","0","0","0","0","1","1","0","0","0","0","1","1","0","1","1","0","0","0","4","29","33"
"경기도교육청","경기도화성오산교육지원청","경기도 화성시 만세구","S090004289","노진초등학교","02","공립","N","","0","1","1","1","0","1","0","0","0","0","4","4","2","3","5","0","0","0","0","1","1","0","0","0","0","0","0","0","0","0","0","0","0","0","1","1","0","1","1","0","0","0","3","11","14"
"경기도교육청","경기도화성오산교육지원청","경기도 화성시 동탄구","S090004292","동탄초등학교","02","공립","N","","1","0","1","1","0","1","0","0","0","5","29","34","2","9","11","0","0","0","0","2","2","0","0","0","0","0","0","0","1","1","0","1","1","0","1","1","0","1","1","0","0","0","9","44","53"
"경기도교육청","경기도화성오산교육지원청","경기도 화성시 병점구","S090004294","동학초등학교","02","공립","N","","0","1","1","0","1","1","0","0","0","4","32","36","0","3","3","0","1","1","0","0","0","0","0","0","0","0","0","1","0","1","0","0","0","0","1","1","0","1","1","0","0","0","5","40","45"
"경기도교육청","경기도화성오산교육지원청","경기도 화성시 만세구","S090004296","마도초등학교","02","공립","N","","0","2","2","0","0","0","0","0","0","2","2","4","0","3","3","0","0","0","0","1","1","0","0","0","0","0","0","0","0","0","0","1","1","0","1","1","0","1","1","0","0","0","2","11","13"
"경기도교육청","경기도화성오산교육지원청","경기도 화성시 만세구","S090004297","마산초등학교","02","공립","N","","1","0","1","1","0","1","0","0","0","3","3","6","0","2","2","0","0","0","0","0","0","0","0","0","0","0","0","0","0","0","0","0","0","0","1","1","0","1","1","0","0","0","5","7","12"
"경기도교육청","경기도화성오산교육지원청","경기도 오산시","S090004301","매홀초등학교","02","공립","N","","1","0","1","1","1","2","0","0","0","3","11","14","0","2","2","0","2","2","0","0","0","0","0","0","0","0","0","0","0","0","0","1","1","0","1","1","0","1","1","0","0","0","5","19","24"
"경기도교육청","경기도화성오산교육지원청","경기도 오산시","S090004302","삼미초등학교","02","공립","N","","1","1","2","0","1","1","0","0","0","0","20","20","0","3","3","0","1","1","0","0","0","0","0","0","0","0","0","0","0","0","0","1","1","0","1","1","0","1","1","0","0","0","1","29","30"
"경기도교육청","경기도화성오산교육지원청","경기도 화성시 만세구","S090004304","발안초등학교","02","공립","N","","1","0","1","1","1","2","0","0","0","3","9","12","2","4","6","1","1","2","0","1","1","0","0","0","0","0","0","0","0","0","0","1","1","0","1","1","0","1","1","1","0","1","9","19","28"
"경기도교육청","경기도화성오산교육지원청","경기도 화성시 병점구","S090004305","병점초등학교","02","공립","N","","1","1","2","0","0","0","0","0","0","1","12","13","0","2","2","0","1","1","0","0","0","0","0","0","0","0","0","0","0","0","0","0","0","0","1","1","0","1","1","0","0","0","2","18","20"
"경기도교육청","경기도화성오산교육지원청","경기도 화성시 효행구","S090004306","봉담초등학교","02","공립","N","","0","3","3","0","0","0","0","0","0","13","23","36","1","1","2","0","1","1","0","1","1","0","0","0","0","0","0","0","2","2","0","0","0","0","1","1","0","1","1","0","0","0","14","33","47"
"경기도교육청","경기도화성오산교육지원청","경기도 화성시 효행구","S090004308","비봉초등학교","02","공립","N","","0","1","1","0","1","1","0","0","0","1","4","5","1","6","7","0","1","1","0","1","1","0","0","0","0","0","0","0","0","0","0","1","1","0","1","1","0","1","1","0","0","0","2","17","19"
"경기도교육청","경기도화성오산교육지원청","경기도 화성시 만세구","S090004310","사창초등학교","02","공립","N","","0","1","1","1","0","1","0","0","0","3","3","6","0","2","2","0","0","0","0","0","0","0","0","0","0","0","0","0","0","0","0","0","0","0","1","1","0","0","0","0","0","0","4","7","11"
"경기도교육청","경기도화성오산교육지원청","경기도 화성시 만세구","S090004312","상신초등학교","02","공립","N","","0","1","1","1","1","2","0","0","0","4","15","19","1","5","6","0","1","1","0","1","1","0","0","0","0","0","0","0","0","0","0","0","0","0","1","1","0","0","0","0","0","0","6","25","31"
"경기도교육청","경기도화성오산교육지원청","경기도 화성시 만세구","S090004313","서신초등학교","02","공립","N","","0","1","1","1","0","1","0","0","0","4","2","6","1","2","3","0","0","0","0","1","1","0","0","0","0","0","0","0","0","0","0","0","0","0","1","1","0","0","0","0","0","0","6","7","13"
"경기도교육청","경기도화성오산교육지원청","경기도 화성시 만세구","S090004315","석천초등학교","02","공립","N","","1","0","1","1","0","1","0","0","0","1","5","6","0","1","1","0","1","1","0","0","0","0","0","0","0","0","0","0","0","0","0","0","0","0","1","1","0","0","0","0","0","0","3","8","11"
"경기도교육청","경기도화성오산교육지원청","경기도 오산시","S090004317","성산초등학교","02","공립","N","","1","0","1","0","1","1","0","0","0","3","4","7","0","1","1","2","5","7","2","2","4","0","0","0","0","0","0","0","0","0","0","0","0","0","1","1","0","0","0","0","0","0","8","14","22"
"경기도교육청","경기도화성오산교육지원청","경기도 오산시","S090004318","성호초등학교","02","공립","N","","0","1","1","0","1","1","0","0","0","6","10","16","1","1","2","0","0","0","0","1","1","0","0","0","0","0","0","0","0","0","0","0","0","0","1","1","0","0","0","0","0","0","7","15","22"
"경기도교육청","경기도화성오산교육지원청","경기도 화성시 효행구","S090004319","송라초등학교","02","공립","N","","1","0","1","1","0","1","0","0","0","4","3","7","0","0","0","0","0","0","0","0","0","0","0","0","0","0","0","0","0","0","0","0","0","0","1","1","0","0","0","0","0","0","6","4","10"
"경기도교육청","경기도화성오산교육지원청","경기도 화성시 만세구","S090004320","송산초등학교","02","공립","N","","1","1","2","0","0","0","0","0","0","5","6","11","1","3","4","0","0","0","0","1","1","0","0","0","0","0","0","0","0","0","0","0","0","0","1","1","0","1","1","0","0","0","7","13","20"
"경기도교육청","경기도화성오산교육지원청","경기도 화성시 병점구","S090004321","송화초등학교","02","공립","N","","0","1","1","0","1","1","0","0","0","5","35","40","0","6","6","1","0","1","0","1","1","0","0","0","0","0","0","0","1","1","0","1","1","0","1","1","0","1","1","0","0","0","6","48","54"
"경기도교육청","경기도화성오산교육지원청","경기도 화성시 효행구","S090004322","수기초등학교","02","공립","N","","1","1","2","0","0","0","0","0","0","3","4","7","0","0","0","0","1","1","0","0","0","0","0","0","0","0","0","0","0","0","0","0","0","0","1","1","0","0","0","0","0","0","4","7","11"
"경기도교육청","경기도화성오산교육지원청","경기도 화성시 만세구","S090004324","양감초등학교","02","공립","N","","1","0","1","0","1","1","0","0","0","2","5","7","0","0","0","0","0","0","0","1","1","0","0","0","0","0","0","0","0","0","0","1","1","0","0","0","0","0","0","0","0","0","3","8","11"
"경기도교육청","경기도화성오산교육지원청","경기도 오산시","S090004325","오산초등학교","02","공립","N","","0","1","1","1","0","1","0","0","0","3","26","29","0","5","5","1","0","1","0","1","1","0","0","0","0","0","0","0","0","0","0","0","0","0","1","1","0","1","1","0","0","0","5","35","40"
"경기도교육청","경기도화성오산교육지원청","경기도 화성시 만세구","S090004326","우정초등학교","02","공립","N","","1","0","1","0","1","1","0","0","0","2","5","7","0","5","5","0","0","0","0","1","1","0","0","0","0","0","0","0","0","0","0","0","0","0","1","1","0","0","0","0","0","0","3","13","16"
"경기도교육청","경기도화성오산교육지원청","경기도 오산시","S090004328","운산초등학교","02","공립","N","","0","1","1","1","0","1","0","0","0","4","26","30","6","9","15","0","0","0","2","0","2","0","0","0","0","0","0","0","1","1","0","1","1","0","1","1","0","1","1","0","0","0","13","40","53"
"경기도교육청","경기도화성오산교육지원청","경기도 오산시","S090004329","운암초등학교","02","공립","N","","0","1","1","0","1","1","0","0","0","3","16","19","1","2","3","0","0","0","0","2","2","0","0","0","0","0","0","0","0","0","0","0","0","0","1","1","0","1","1","0","0","0","4","24","28"
"경기도교육청","경기도화성오산교육지원청","경기도 오산시","S090004330","운천초등학교","02","공립","N","","0","2","2","0","0","0","0","0","0","7","28","35","4","7","11","0","1","1","0","0","0","0","0","0","0","0","0","0","0","0","0","0","0","0","1","1","0","1","1","0","0","0","11","40","51"
"경기도교육청","경기도화성오산교육지원청","경기도 오산시","S090004331","원동초등학교","02","공립","N","","0","1","1","0","1","1","0","0","0","6","29","35","2","5","7","0","1","1","1","1","2","0","0","0","0","0","0","0","1","1","0","0","0","0","1","1","0","1","1","0","0","0","9","41","50"
"경기도교육청","경기도화성오산교육지원청","경기도 화성시 만세구","S090004333","장명초등학교","02","공립","N","","1","0","1","1","0","1","0","0","0","4","2","6","0","1","1","0","0","0","0","0","0","0","0","0","0","0","0","0","0","0","0","0","0","0","1","1","0","1","1","0","0","0","6","5","11"
"경기도교육청","경기도화성오산교육지원청","경기도 화성시 만세구","S090004334","장명초등학교장일분교장","02","공립","N","","0","0","0","0","0","0","0","0","0","1","1","2","0","0","0","0","0","0","0","0","0","0","0","0","0","0","0","0","0","0","0","0","0","0","0","0","0","0","0","0","0","0","1","1","2"
"경기도교육청","경기도화성오산교육지원청","경기도 화성시 효행구","S090004336","정남초등학교","02","공립","N","","0","1","1","0","1","1","0","0","0","8","2","10","1","1","2","0","1","1","0","0","0","0","0","0","0","0","0","0","0","0","0","1","1","0","1","1","0","1","1","0","1","1","9","10","19"
"경기도교육청","경기도화성오산교육지원청","경기도 화성시 효행구","S090004337","정림초등학교","02","공립","N","","0","1","1","0","1","1","0","0","0","2","4","6","1","1","2","1","0","1","0","0","0","0","0","0","0","0","0","0","0","0","1","0","1","0","1","1","0","0","0","0","0","0","5","8","13"
"경기도교육청","경기도화성오산교육지원청","경기도 화성시 효행구","S090004340","청룡초등학교","02","공립","N","","0","1","1","0","0","0","0","0","0","1","5","6","0","0","0","0","1","1","0","0","0","0","0","0","0","0","0","0","0","0","0","1","1","0","1","1","0","0","0","0","0","0","1","9","10"
"경기도교육청","경기도화성오산교육지원청","경기도 화성시 만세구","S090004341","청원초등학교","02","공립","N","","1","1","2","0","0","0","0","0","0","5","2","7","0","0","0","0","1","1","0","0","0","0","0","0","0","0","0","0","0","0","0","0","0","0","1","1","0","0","0","0","0","0","6","5","11"
"경기도교육청","경기도화성오산교육지원청","경기도 화성시 만세구","S090004344","팔탄초등학교","02","공립","N","","0","1","1","1","0","1","0","0","0","1","6","7","1","0","1","0","0","0","0","0","0","0","0","0","0","0","0","0","0","0","0","1","1","0","1","1","0","0","0","0","0","0","3","9","12"
"경기도교육청","경기도화성오산교육지원청","경기도 화성시 만세구","S090004345","팔탄초등학교대방분교장","02","공립","N","","0","0","0","0","1","1","0","0","0","4","3","7","0","1","1","0","0","0","0","0","0","0","0","0","0","0","0","0","0","0","0","0","0","0","0","0","0","0","0","0","0","0","4","5","9"
"경기도교육청","경기도화성오산교육지원청","경기도 화성시 만세구","S090004347","해운초등학교","02","공립","N","","1","0","1","1","0","1","0","0","0","2","0","2","2","3","5","0","0","0","0","0","0","0","0","0","0","0","0","0","0","0","0","0","0","0","1","1","0","1","1","0","0","0","6","5","11"
"경기도교육청","경기도화성오산교육지원청","경기도 화성시 만세구","S090004348","향남초등학교","02","공립","N","","1","0","1","1","0","1","0","0","0","3","4","7","0","1","1","0","0","0","0","0","0","0","0","0","0","0","0","0","0","0","0","1","1","0","1","1","0","0","0","0","0","0","5","7","12"
"경기도교육청","경기도화성오산교육지원청","경기도 화성시 동탄구","S090004349","화남초등학교","02","공립","N","","1","0","1","1","0","1","0","0","0","6","14","20","3","1","4","1","0","1","0","0","0","0","0","0","0","0","0","0","0","0","0","1","1","0","1","1","0","1","1","0","0","0","12","18","30"
"경기도교육청","경기도화성오산교육지원청","경기도 화성시 병점구","S090004350","화산초등학교","02","공립","N","","0","1","1","0","1","1","0","0","0","2","16","18","0","1","1","0","1","1","0","2","2","0","0","0","0","0","0","0","0","0","0","1","1","0","1","1","0","1","1","0","0","0","2","25","27"
"경기도교육청","경기도화성오산교육지원청","경기도 화성시 효행구","S090004351","화성매송초등학교","02","공립","N","","1","0","1","1","0","1","0","0","0","3","4","7","0","0","0","0","1","1","0","0","0","0","0","0","0","0","0","0","0","0","0","1","1","0","1","1","0","1","1","0","0","0","5","8","13"
"경기도교육청","경기도화성오산교육지원청","경기도 화성시 만세구","S090004352","화성월문초등학교","02","공립","N","","1","1","2","0","0","0","0","0","0","3","4","7","0","0","0","0","0","0","0","0","0","0","0","0","0","0","0","0","0","0","0","0","0","0","1","1","0","0","0","0","0","0","4","6","10"
"경기도교육청","경기도화성오산교육지원청","경기도 화성시 만세구","S090004353","화성장안초등학교","02","공립","N","","0","1","1","1","0","1","0","0","0","9","14","23","2","7","9","0","0","0","0","1","1","0","0","0","0","0","0","0","0","0","0","0","0","0","1","1","0","1","1","0","0","0","12","25","37"
"경기도교육청","경기도화성오산교육지원청","경기도 오산시","S090004354","화성초등학교","02","공립","N","","0","1","1","0","1","1","0","0","0","2","15","17","1","2","3","0","0","0","0","2","2","0","0","0","0","0","0","0","0","0","0","0","0","0","1","1","0","1","1","0","0","0","3","23","26"
"경기도교육청","경기도화성오산교육지원청","경기도 화성시 만세구","S090004355","화성장안초등학교석포분교장","02","공립","N","","0","0","0","0","0","0","0","0","0","1","3","4","0","0","0","1","0","1","0","0","0","0","0","0","0","0","0","0","0","0","0","0","0","0","0","0","0","0","0","0","0","0","2","3","5"
"경기도교육청","경기도화성오산교육지원청","경기도 화성시 만세구","S090004356","화성화수초등학교","02","공립","N","","1","0","1","0","1","1","0","0","0","3","4","7","0","3","3","0","0","0","0","1","1","0","0","0","0","0","0","0","0","0","0","0","0","0","1","1","0","0","0","0","0","0","4","10","14"
"경기도교육청","경기도화성오산교육지원청","경기도 화성시 만세구","S090004358","활초초등학교","02","공립","N","","1","0","1","1","0","1","0","0","0","0","5","5","1","1","2","0","0","0","0","0","0","0","0","0","0","0","0","0","0","0","0","0","0","0","1","1","0","1","1","0","0","0","3","8","11"
"경기도교육청","경기도용인교육지원청","경기도 용인시 기흥구","S090004797","교동초등학교","02","공립","N","","0","1","1","1","0","1","0","0","0","5","28","33","2","3","5","0","1","1","0","0","0","0","0","0","0","0","0","0","0","0","0","1","1","0","1","1","0","0","0","0","0","0","8","35","43"
"경기도교육청","경기도용인교육지원청","경기도 용인시 기흥구","S090004804","나곡초등학교","02","공립","N","","1","0","1","1","0","1","0","0","0","4","43","47","0","0","0","0","0","0","0","0","0","0","0","0","0","0","0","0","1","1","0","0","0","0","2","2","0","1","1","0","0","0","6","47","53"
"경기도교육청","경기도부천교육지원청","경기도 부천시 원미구","S090004824","석천초등학교","02","공립","N","","0","1","1","0","1","1","0","0","0","3","40","43","4","2","6","0","2","2","0","0","0","0","0","0","0","0","0","0","0","0","0","0","0","0","1","1","0","1","1","0","0","0","7","48","55"
"경기도교육청","경기도용인교육지원청","경기도 용인시 수지구","S090004836","효자초등학교","02","공립","N","","1","0","1","2","1","3","0","1","1","4","36","40","2","6","8","0","0","0","0","0","0","0","0","0","0","0","0","0","0","0","0","1","1","0","1","1","0","0","0","0","0","0","9","46","55"
"경기도교육청","경기도성남교육지원청","경기도 성남시 분당구","S090004841","늘푸른초등학교","02","공립","N","","1","0","1","0","1","1","0","0","0","0","54","54","0","7","7","0","0","0","0","0","0","0","0","0","0","0","0","0","0","0","0","1","1","0","2","2","0","1","1","0","0","0","1","66","67"
"경기도교육청","경기도의정부교육지원청","경기도 의정부시","S090004842","의정부호원초등학교","02","공립","N","","1","0","1","1","0","1","0","0","0","7","26","33","2","9","11","0","0","0","0","1","1","0","0","0","0","0","0","0","1","1","0","0","0","0","1","1","0","1","1","1","1","2","12","40","52"
"경기도교육청","경기도부천교육지원청","경기도 부천시 소사구","S090004843","부천일신초등학교","02","공립","N","","0","1","1","0","1","1","0","0","0","3","32","35","4","8","12","0","0","0","0","1","1","0","0","0","0","0","0","0","1","1","0","1","1","0","2","2","0","0","0","0","0","0","7","47","54"
"경기도교육청","경기도부천교육지원청","경기도 부천시 소사구","S090004844","솔안초등학교","02","공립","N","","1","0","1","1","0","1","0","0","0","5","6","11","1","4","5","0","1","1","0","0","0","0","0","0","0","0","0","0","0","0","0","1","1","0","1","1","0","0","0","0","0","0","8","13","21"
"경기도교육청","경기도동두천양주교육지원청","경기도 동두천시","S090004845","동두천신천초등학교","02","공립","N","","0","2","2","0","0","0","0","1","1","7","16","23","3","6","9","0","0","0","0","1","1","0","0","0","0","0","0","0","1","1","0","1","1","0","1","1","0","0","0","0","0","0","10","29","39"
"경기도교육청","경기도동두천양주교육지원청","경기도 동두천시","S090004846","동두천송내초등학교","02","공립","N","","0","1","1","0","1","1","0","0","0","7","8","15","2","4","6","0","0","0","1","0","1","0","0","0","0","0","0","0","1","1","0","0","0","0","1","1","0","0","0","0","0","0","10","16","26"
"경기도교육청","경기도안산교육지원청","경기도 안산시 단원구","S090004847","안산진흥초등학교","02","공립","N","","0","2","2","0","0","0","0","0","0","6","13","19","2","0","2","0","1","1","0","0","0","0","0","0","0","0","0","0","0","0","0","0","0","0","1","1","0","1","1","0","0","0","8","18","26"
"경기도교육청","경기도안산교육지원청","경기도 안산시 상록구","S090004848","학현초등학교","02","공립","N","","1","0","1","1","0","1","0","0","0","2","14","16","1","3","4","0","2","2","0","0","0","0","0","0","0","0","0","0","0","0","0","1","1","0","1","1","0","0","0","0","0","0","5","21","26"
"경기도교육청","경기도시흥교육지원청","경기도 시흥시","S090004849","시흥도원초등학교","02","공립","N","","0","1","1","1","0","1","0","0","0","5","12","17","1","3","4","0","1","1","0","0","0","0","0","0","0","0","0","0","0","0","0","0","0","0","2","2","0","0","0","0","0","0","7","19","26"
"경기도교육청","경기도시흥교육지원청","경기도 시흥시","S090004850","시흥월곶초등학교","02","공립","N","","0","1","1","1","0","1","0","0","0","14","18","32","2","8","10","0","2","2","0","1","1","0","0","0","0","0","0","0","1","1","0","0","0","0","1","1","0","0","0","0","0","0","17","32","49"
"경기도교육청","경기도시흥교육지원청","경기도 시흥시","S090004851","시흥장현초등학교","02","공립","N","","1","0","1","0","1","1","0","0","0","2","19","21","1","4","5","1","1","2","0","0","0","0","0","0","0","0","0","0","1","1","0","1","1","0","1","1","0","0","0","0","0","0","5","28","33"
"경기도교육청","경기도군포의왕교육지원청","경기도 군포시","S090004852","당동초등학교","02","공립","N","","1","0","1","1","0","1","0","0","0","2","39","41","1","2","3","0","0","0","1","1","2","0","0","0","0","0","0","0","1","1","0","1","1","0","1","1","0","0","0","0","0","0","6","45","51"
"경기도교육청","경기도군포의왕교육지원청","경기도 군포시","S090004853","당정초등학교","02","공립","N","","1","0","1","1","0","1","0","0","0","2","32","34","1","1","2","0","1","1","0","1","1","0","0","0","0","0","0","0","0","0","0","0","0","0","1","1","0","0","0","0","0","0","5","36","41"
"경기도교육청","경기도화성오산교육지원청","경기도 화성시 만세구","S090004854","제암초등학교","02","공립","N","","0","1","1","1","0","1","0","0","0","10","15","25","0","6","6","0","0","0","1","2","3","0","0","0","0","0","0","0","0","0","0","0","0","0","1","1","0","1","1","0","0","0","12","26","38"
"경기도교육청","경기도화성오산교육지원청","경기도 오산시","S090004855","오산대원초등학교","02","공립","N","","0","1","1","0","1","1","0","0","0","6","23","29","3","2","5","0","1","1","0","1","1","0","0","0","0","0","0","0","1","1","0","0","0","0","2","2","0","0","0","0","1","1","9","33","42"
"경기도교육청","경기도파주교육지원청","경기도 파주시","S090004856","동패초등학교","02","공립","N","","1","0","1","1","1","2","0","0","0","9","20","29","6","34","40","0","2","2","0","0","0","0","0","0","0","0","0","0","0","0","0","0","0","0","3","3","0","0","0","0","0","0","17","60","77"
"경기도교육청","경기도고양교육지원청","경기도 고양시 덕양구","S090004857","고양관산초등학교","02","공립","N","","0","1","1","1","0","1","0","0","0","4","24","28","0","0","0","0","0","0","0","1","1","0","0","0","0","0","0","0","1","1","0","0","0","0","1","1","0","1","1","0","0","0","5","29","34"
"경기도교육청","경기도고양교육지원청","경기도 고양시 일산서구","S090004858","고양한내초등학교","02","공립","N","","0","1","1","0","1","1","0","0","0","4","19","23","1","2","3","0","1","1","0","0","0","0","0","0","0","0","0","0","0","0","0","0","0","0","1","1","0","1","1","0","0","0","5","26","31"
"경기도교육청","경기도고양교육지원청","경기도 고양시 일산서구","S090004859","한뫼초등학교","02","공립","N","","0","1","1","0","1","1","0","0","0","4","38","42","3","1","4","0","2","2","0","0","0","0","0","0","0","0","0","0","1","1","0","0","0","0","1","1","0","0","0","0","0","0","7","45","52"
"경기도교육청","경기도파주교육지원청","경기도 파주시","S090004881","임진초등학교","02","공립","N","","1","0","1","1","0","1","0","0","0","12","20","32","1","4","5","0","1","1","0","1","1","0","0","0","0","0","0","0","0","0","0","1","1","0","1","1","0","0","0","0","0","0","15","28","43"
"경기도교육청","경기도용인교육지원청","경기도 용인시 기흥구","S090004891","지석초등학교","02","공립","N","","0","1","1","0","1","1","1","0","1","3","16","19","1","2","3","0","1","1","0","0","0","0","0","0","0","0","0","0","0","0","0","0","0","0","1","1","1","0","1","0","0","0","6","22","28"
"경기도교육청","경기도부천교육지원청","경기도 부천시 원미구","S090004892","옥산초등학교","02","공립","N","","1","0","1","0","1","1","0","0","0","2","3","5","0","2","2","0","0","0","0","1","1","0","0","0","0","0","0","0","0","0","0","1","1","0","1","1","0","0","0","0","0","0","3","9","12"
"경기도교육청","경기도이천교육지원청","경기도 이천시","S090004940","증포초등학교","02","공립","N","","1","0","1","2","0","2","0","0","0","6","32","38","3","5","8","0","2","2","0","0","0","0","0","0","0","0","0","0","0","0","0","1","1","0","1","1","0","1","1","0","0","0","12","42","54"
"경기도교육청","경기도광주하남교육지원청","경기도 광주시","S090004941","양벌초등학교","02","공립","N","","0","1","1","0","1","1","0","0","0","5","42","47","2","2","4","0","1","1","0","0","0","0","0","0","0","0","0","0","1","1","0","1","1","0","1","1","0","0","0","0","0","0","7","50","57"
"경기도교육청","경기도광주하남교육지원청","경기도 광주시","S090004942","광주도평초등학교","02","공립","N","","0","1","1","0","1","1","0","0","0","17","19","36","1","2","3","0","0","0","0","1","1","0","0","0","0","0","0","0","1","1","0","0","0","0","1","1","0","0","0","0","0","0","18","26","44"
"경기도교육청","경기도성남교육지원청","경기도 성남시 분당구","S090004946","성남정자초등학교","02","공립","N","","0","1","1","1","0","1","0","0","0","2","37","39","2","5","7","0","1","1","0","1","1","0","0","0","0","0","0","0","0","0","0","0","0","0","1","1","0","1","1","0","0","0","5","47","52"
"경기도교육청","경기도용인교육지원청","경기도 용인시 기흥구","S090004953","지곡초등학교","02","공립","N","","0","1","1","0","1","1","0","0","0","1","13","14","0","0","0","0","1","1","0","0","0","0","0","0","0","0","0","0","0","0","0","1","1","0","1","1","0","0","0","0","0","0","1","18","19"
"경기도교육청","경기도용인교육지원청","경기도 용인시 기흥구","S090004954","언남초등학교","02","공립","N","","1","0","1","0","1","1","0","1","1","3","14","17","1","5","6","0","0","0","0","1","1","0","0","0","0","0","0","0","0","0","0","0","0","0","1","1","0","0","0","0","0","0","5","23","28"
"경기도교육청","경기도용인교육지원청","경기도 용인시 처인구","S090004955","용인이동초등학교","02","공립","N","","1","0","1","0","1","1","0","0","0","10","13","23","1","3","4","0","1","1","1","0","1","0","0","0","0","0","0","0","1","1","0","1","1","0","1","1","0","0","0","0","0","0","13","21","34"
"경기도교육청","경기도용인교육지원청","경기도 용인시 수지구","S090004958","현암초등학교","02","공립","N","","0","1","1","1","1","2","0","1","1","5","22","27","2","4","6","0","0","0","0","0","0","0","0","0","0","0","0","0","0","0","0","0","0","0","1","1","0","1","1","0","0","0","8","31","39"
"경기도교육청","경기도용인교육지원청","경기도 용인시 기흥구","S090004960","독정초등학교","02","공립","N","","0","1","1","1","0","1","0","0","0","6","47","53","0","5","5","0","0","0","0","0","0","0","0","0","0","0","0","0","0","0","0","0","0","0","1","1","0","1","1","0","0","0","7","55","62"
"경기도교육청","경기도용인교육지원청","경기도 용인시 수지구","S090004961","용인대덕초등학교","02","공립","N","","0","1","1","1","1","2","0","0","0","3","15","18","2","6","8","0","0","0","0","0","0","0","0","0","0","0","0","0","0","0","0","0","0","0","1","1","0","0","0","0","0","0","6","24","30"
"경기도교육청","경기도용인교육지원청","경기도 용인시 수지구","S090004962","신리초등학교","02","공립","N","","0","1","1","0","1","1","0","0","0","2","22","24","1","3","4","1","1","2","0","0","0","0","0","0","0","0","0","0","0","0","0","0","0","0","2","2","0","0","0","0","0","0","4","30","34"
"경기도교육청","경기도용인교육지원청","경기도 용인시 수지구","S090004963","손곡초등학교","02","공립","N","","0","1","1","0","1","1","0","0","0","3","42","45","1","3","4","0","0","0","0","0","0","0","0","0","0","0","0","0","1","1","0","0","0","0","1","1","0","0","0","0","0","0","4","49","53"
"경기도교육청","경기도용인교육지원청","경기도 용인시 기흥구","S090004964","갈곡초등학교","02","공립","N","","0","1","1","0","1","1","0","0","0","4","27","31","1","3","4","1","1","2","0","0","0","0","0","0","0","0","0","0","0","0","0","0","0","0","1","1","0","0","0","0","0","0","6","34","40"
"경기도교육청","경기도용인교육지원청","경기도 용인시 기흥구","S090004965","성지초등학교","02","공립","N","","1","1","2","0","0","0","0","0","0","0","7","7","0","0","0","0","0","0","0","0","0","0","0","0","0","0","0","0","0","0","0","0","0","0","1","1","0","0","0","0","0","0","1","9","10"
"경기도교육청","경기도용인교육지원청","경기도 용인시 처인구","S090004966","삼가초등학교","02","공립","N","","0","1","1","0","1","1","0","0","0","6","23","29","2","7","9","0","1","1","0","1","1","0","0","0","0","0","0","0","1","1","0","0","0","0","1","1","0","1","1","0","0","0","8","37","45"
"경기도교육청","경기도용인교육지원청","경기도 용인시 처인구","S090004967","용인성산초등학교","02","공립","N","","0","1","1","1","0","1","0","0","0","3","28","31","1","2","3","0","1","1","1","1","2","0","0","0","0","0","0","0","0","0","0","1","1","0","1","1","0","1","1","0","0","0","6","36","42"
"경기도교육청","경기도용인교육지원청","경기도 용인시 수지구","S090004978","용인신촌초등학교","02","공립","N","","1","0","1","1","0","1","0","0","0","7","38","45","2","4","6","0","1","1","1","0","1","0","0","0","0","0","0","0","0","0","0","0","0","0","1","1","0","0","0","0","0","0","12","44","56"
"경기도교육청","경기도파주교육지원청","경기도 파주시","S090004980","금화초등학교","02","공립","N","","0","1","1","0","1","1","0","0","0","6","15","21","1","11","12","0","0","0","0","1","1","0","0","0","0","0","0","0","1","1","0","0","0","0","1","1","0","0","0","0","0","0","7","31","38"
"경기도교육청","경기도파주교육지원청","경기도 파주시","S090004981","금릉초등학교","02","공립","N","","1","0","1","1","0","1","0","0","0","9","24","33","1","12","13","0","1","1","0","0","0","0","0","0","0","0","0","0","2","2","0","1","1","0","2","2","0","0","0","0","0","0","12","42","54"
"경기도교육청","경기도포천교육지원청","경기도 포천시","S090004998","신봉초등학교","02","공립","N","","0","1","1","1","0","1","0","0","0","6","5","11","4","2","6","0","0","0","0","0","0","0","0","0","0","0","0","0","0","0","0","0","0","0","1","1","0","1","1","0","0","0","11","10","21"
"경기도교육청","경기도수원교육지원청","경기도 수원시 장안구","S090005003","수일초등학교","02","공립","N","","0","1","1","2","0","2","0","0","0","3","8","11","0","2","2","0","0","0","0","1","1","0","0","0","0","0","0","0","0","0","0","0","0","0","1","1","0","1","1","0","0","0","5","14","19"
"경기도교육청","경기도수원교육지원청","경기도 수원시 권선구","S090005004","입북초등학교","02","공립","N","","0","1","1","0","1","1","0","0","0","1","19","20","1","4","5","0","0","0","0","1","1","0","0","0","0","0","0","0","1","1","0","1","1","0","1","1","0","0","0","0","0","0","2","29","31"
"경기도교육청","경기도수원교육지원청","경기도 수원시 영통구","S090005005","대선초등학교","02","공립","N","","0","1","1","1","1","2","0","0","0","3","47","50","2","5","7","1","0","1","0","1","1","0","0","0","0","0","0","0","0","0","0","1","1","0","1","1","0","1","1","0","0","0","7","58","65"
"경기도교육청","경기도수원교육지원청","경기도 수원시 영통구","S090005006","수원매화초등학교","02","공립","N","","0","1","1","0","1","1","0","0","0","2","17","19","1","4","5","0","2","2","0","0","0","0","0","0","0","0","0","0","0","0","0","1","1","0","1","1","0","0","0","0","0","0","3","27","30"
"경기도교육청","경기도수원교육지원청","경기도 수원시 팔달구","S090005007","팔달초등학교","02","공립","N","","1","0","1","0","1","1","0","0","0","2","35","37","2","2","4","0","0","0","0","1","1","0","0","0","0","0","0","0","2","2","0","0","0","0","1","1","0","0","0","0","0","0","5","42","47"
"경기도교육청","경기도성남교육지원청","경기도 성남시 수정구","S090005008","성남양지초등학교","02","공립","N","","0","1","1","0","1","1","0","0","0","1","12","13","2","8","10","0","0","0","0","2","2","0","0","0","0","0","0","0","1","1","0","0","0","0","1","1","0","0","0","0","0","0","3","26","29"
"경기도교육청","경기도안양과천교육지원청","경기도 안양시 동안구","S090005009","샘모루초등학교","02","공립","N","","0","1","1","1","0","1","0","0","0","3","31","34","2","4","6","0","1","1","0","0","0","0","0","0","0","0","0","0","1","1","0","0","0","0","1","1","0","0","0","0","0","0","6","39","45"
"경기도교육청","경기도안양과천교육지원청","경기도 안양시 만안구","S090005010","화창초등학교","02","공립","N","","0","1","1","1","0","1","0","0","0","2","12","14","0","8","8","0","0","0","0","0","0","0","0","0","0","0","0","0","1","1","0","0","0","0","1","1","0","0","0","0","0","0","3","23","26"
"경기도교육청","경기도부천교육지원청","경기도 부천시 소사구","S090005011","부천송일초등학교","02","공립","N","","0","1","1","1","0","1","0","0","0","5","19","24","2","6","8","0","2","2","0","0","0","0","0","0","0","0","0","0","1","1","0","0","0","0","2","2","0","1","1","0","0","0","8","32","40"
"경기도교육청","경기도동두천양주교육지원청","경기도 동두천시","S090005012","이담초등학교","02","공립","N","","1","1","2","1","0","1","0","0","0","9","13","22","6","8","14","0","1","1","0","0","0","0","0","0","0","0","0","0","0","0","0","0","0","0","1","1","0","0","0","0","0","0","17","24","41"
"경기도교육청","경기도화성오산교육지원청","경기도 화성시 병점구","S090005013","구봉초등학교","02","공립","N","","0","1","1","0","1","1","0","0","0","6","32","38","1","2","3","0","1","1","0","1","1","0","0","0","0","0","0","0","2","2","0","0","0","0","1","1","0","0","0","0","1","1","7","42","49"
"경기도교육청","경기도화성오산교육지원청","경기도 화성시 병점구","S090005014","기산초등학교","02","공립","N","","1","0","1","0","1","1","1","0","1","4","24","28","2","2","4","0","1","1","0","0","0","0","0","0","0","0","0","0","0","0","0","1","1","0","1","1","0","1","1","0","1","1","8","32","40"
"경기도교육청","경기도화성오산교육지원청","경기도 화성시 병점구","S090005015","안화초등학교","02","공립","N","","1","0","1","1","0","1","0","0","0","4","31","35","0","7","7","0","1","1","0","0","0","0","0","0","0","0","0","0","2","2","0","0","0","0","1","1","0","0","0","0","0","0","6","42","48"
"경기도교육청","경기도화성오산교육지원청","경기도 화성시 병점구","S090005016","진안초등학교","02","공립","N","","0","1","1","0","1","1","0","0","0","2","29","31","0","2","2","0","1","1","0","0","0","0","0","0","0","0","0","0","0","0","0","0","0","0","1","1","0","0","0","0","0","0","2","35","37"
"경기도교육청","경기도화성오산교육지원청","경기도 화성시 병점구","S090005017","태안초등학교","02","공립","N","","1","0","1","1","0","1","0","0","0","4","34","38","1","0","1","0","1","1","1","0","1","0","0","0","0","0","0","0","2","2","0","0","0","0","1","1","0","0","0","0","0","0","8","38","46"
"경기도교육청","경기도화성오산교육지원청","경기도 화성시 병점구","S090005018","화성벌말초등학교","02","공립","N","","0","1","1","1","0","1","0","0","0","0","27","27","0","1","1","0","0","0","0","2","2","0","0","0","0","0","0","0","0","0","0","0","0","0","1","1","0","0","0","0","0","0","1","32","33"
"경기도교육청","경기도화성오산교육지원청","경기도 오산시","S090005019","대호초등학교","02","공립","N","","0","1","1","1","0","1","0","0","0","7","19","26","1","4","5","0","0","0","0","1","1","0","1","1","0","0","0","0","1","1","0","1","1","0","1","1","0","0","0","0","0","0","9","29","38"
"경기도교육청","경기도동두천양주교육지원청","경기도 양주시","S090005023","덕계초등학교","02","공립","N","","1","0","1","1","0","1","0","0","0","5","9","14","2","8","10","0","1","1","0","1","1","0","0","0","0","0","0","0","0","0","0","0","0","0","2","2","0","1","1","0","0","0","9","22","31"
"경기도교육청","경기도안산교육지원청","경기도 안산시 단원구","S090005024","안산호원초등학교","02","공립","N","","0","1","1","1","0","1","0","0","0","18","27","45","0","7","7","0","1","1","0","0","0","0","0","0","0","0","0","0","0","0","0","1","1","0","1","1","0","1","1","0","0","0","19","39","58"
"경기도교육청","경기도시흥교육지원청","경기도 시흥시","S090005025","웃터골초등학교","02","공립","N","","0","1","1","1","1","2","0","0","0","7","24","31","1","1","2","0","1","1","0","1","1","0","0","0","0","0","0","0","0","0","0","1","1","0","1","1","0","0","0","0","0","0","9","31","40"
"경기도교육청","경기도구리남양주교육지원청","경기도 남양주시","S090005026","남양주신촌초등학교","02","공립","N","","0","1","1","0","1","1","0","0","0","7","36","43","2","5","7","0","0","0","0","1","1","0","0","0","0","0","0","0","0","0","0","0","0","0","1","1","0","0","0","0","0","0","9","45","54"
"경기도교육청","경기도구리남양주교육지원청","경기도 남양주시","S090005027","장내초등학교","02","공립","N","","0","1","1","1","0","1","0","0","0","6","22","28","0","7","7","0","2","2","0","0","0","0","0","0","0","0","0","0","0","0","0","0","0","0","1","1","0","0","0","0","0","0","7","33","40"
"경기도교육청","경기도구리남양주교육지원청","경기도 남양주시","S090005028","판곡초등학교","02","공립","N","","0","1","1","0","1","1","0","0","0","10","38","48","1","4","5","0","2","2","0","0","0","0","0","0","0","0","0","0","1","1","0","0","0","0","1","1","0","1","1","0","0","0","11","49","60"
"경기도교육청","경기도구리남양주교육지원청","경기도 남양주시","S090005029","평동초등학교","02","공립","N","","0","1","1","1","3","4","0","0","0","7","20","27","0","1","1","1","2","3","0","0","0","0","0","0","0","0","0","0","1","1","0","0","0","0","1","1","0","0","0","0","0","0","9","29","38"
"경기도교육청","경기도파주교육지원청","경기도 파주시","S090005030","금향초등학교","02","공립","N","","1","0","1","0","1","1","0","0","0","2","13","15","1","14","15","0","0","0","0","2","2","0","0","0","0","0","0","0","0","0","0","0","0","0","1","1","0","0","0","0","0","0","4","31","35"
"경기도교육청","경기도고양교육지원청","경기도 고양시 덕양구","S090005031","목암초등학교","02","공립","N","","1","0","1","0","1","1","0","0","0","6","43","49","2","2","4","0","1","1","0","0","0","0","0","0","0","0","0","0","1","1","0","0","0","0","1","1","0","0","0","0","0","0","9","49","58"
"경기도교육청","경기도김포교육지원청","경기도 김포시","S090005032","김포신풍초등학교","02","공립","N","","1","0","1","0","1","1","0","0","0","7","42","49","3","8","11","0","2","2","0","1","1","0","0","0","0","0","0","0","1","1","0","0","0","0","2","2","0","1","1","0","0","0","11","58","69"
"경기도교육청","경기도용인교육지원청","경기도 용인시 수지구","S090005036","대청초등학교","02","공립","N","","0","1","1","0","1","1","0","0","0","2","28","30","4","1","5","0","1","1","0","0","0","0","0","0","0","0","0","0","0","0","0","0","0","0","2","2","0","1","1","0","0","0","6","35","41"
"경기도교육청","경기도용인교육지원청","경기도 용인시 기흥구","S090005037","용인신릉초등학교","02","공립","N","","0","1","1","0","1","1","0","0","0","2","22","24","1","2","3","0","0","0","0","0","0","0","0","0","0","0","0","0","0","0","0","0","0","0","1","1","0","0","0","0","0","0","3","27","30"
"경기도교육청","경기도용인교육지원청","경기도 용인시 수지구","S090005041","신일초등학교","02","공립","N","","0","2","2","0","1","1","0","1","1","2","20","22","0","3","3","0","1","1","0","0","0","0","0","0","0","0","0","0","0","0","0","0","0","0","1","1","0","0","0","0","0","0","2","29","31"
"경기도교육청","경기도안양과천교육지원청","경기도 안양시 만안구","S090005042","안양호암초등학교","02","공립","N","","0","1","1","1","0","1","0","0","0","1","13","14","0","0","0","0","1","1","0","0","0","0","0","0","0","0","0","0","1","1","0","0","0","0","1","1","0","0","0","0","0","0","2","17","19"
"경기도교육청","경기도안양과천교육지원청","경기도 안양시 동안구","S090005043","나눔초등학교","02","공립","N","","0","1","1","0","1","1","0","1","1","0","12","12","0","1","1","0","0","0","0","0","0","0","0","0","0","0","0","0","0","0","1","0","1","0","1","1","0","0","0","0","0","0","1","17","18"
"경기도교육청","경기도의정부교육지원청","경기도 의정부시","S090005129","의정부효자초등학교","02","공립","N","","2","0","2","0","0","0","0","0","0","3","7","10","0","12","12","0","1","1","0","1","1","0","0","0","0","0","0","1","0","1","0","0","0","0","1","1","0","0","0","0","0","0","6","22","28"
"경기도교육청","경기도의정부교육지원청","경기도 의정부시","S090005130","동암초등학교","02","공립","N","","2","1","3","2","0","2","0","0","0","6","25","31","3","8","11","0","0","0","0","1","1","0","0","0","0","0","0","0","1","1","0","0","0","0","1","1","0","0","0","0","0","0","13","37","50"
"경기도교육청","경기도의정부교육지원청","경기도 의정부시","S090005131","버들개초등학교","02","공립","N","","0","1","1","1","0","1","0","0","0","5","16","21","3","16","19","0","1","1","0","1","1","0","0","0","0","0","0","0","1","1","0","1","1","0","1","1","0","1","1","0","0","0","9","39","48"
"경기도교육청","경기도부천교육지원청","경기도 부천시 소사구","S090005138","부천양지초등학교","02","공립","N","","0","1","1","1","0","1","0","0","0","0","10","10","5","7","12","0","1","1","0","0","0","0","0","0","0","0","0","0","1","1","0","0","0","0","1","1","0","0","0","0","0","0","6","21","27"
"경기도교육청","경기도동두천양주교육지원청","경기도 양주시","S090005139","삼숭초등학교","02","공립","N","","0","1","1","1","1","2","0","0","0","6","35","41","2","4","6","0","0","0","0","1","1","0","0","0","0","0","0","0","1","1","0","0","0","0","1","1","0","0","0","0","0","0","9","44","53"
"경기도교육청","경기도평택교육지원청","경기도 평택시","S090005141","평택송화초등학교","02","공립","N","","2","0","2","0","0","0","0","0","0","7","18","25","0","2","2","0","1","1","1","0","1","0","0","0","0","0","0","0","0","0","0","0","0","0","1","1","0","0","0","0","0","0","10","22","32"
"경기도교육청","경기도평택교육지원청","경기도 평택시","S090005142","장당초등학교","02","공립","N","","1","0","1","1","0","1","0","0","0","8","23","31","4","6","10","0","1","1","0","0","0","0","0","0","0","0","0","0","2","2","0","1","1","0","1","1","0","0","0","0","0","0","14","34","48"
"경기도교육청","경기도구리남양주교육지원청","경기도 남양주시","S090005145","사능초등학교","02","공립","N","","1","0","1","0","1","1","0","0","0","5","5","10","0","0","0","0","2","2","1","1","2","0","0","0","0","0","0","0","0","0","0","1","1","0","1","1","0","0","0","0","0","0","7","11","18"
"경기도교육청","경기도구리남양주교육지원청","경기도 남양주시","S090005146","남양주백봉초등학교","02","공립","N","","0","1","1","1","1","2","0","0","0","5","18","23","1","5","6","0","0","0","0","1","1","0","0","0","0","0","0","0","0","0","0","0","0","0","2","2","0","0","0","0","0","0","7","28","35"
"경기도교육청","경기도구리남양주교육지원청","경기도 남양주시","S090005147","양오초등학교","02","공립","N","","0","1","1","0","1","1","0","0","0","13","30","43","1","3","4","0","2","2","0","1","1","0","0","0","0","0","0","0","1","1","0","1","1","0","1","1","0","0","0","0","0","0","14","41","55"
"경기도교육청","경기도광주하남교육지원청","경기도 하남시","S090005152","신평초등학교","02","공립","N","","0","1","1","0","1","1","0","0","0","5","34","39","4","3","7","0","1","1","0","0","0","0","0","0","0","0","0","0","1","1","0","0","0","0","1","1","0","1","1","0","0","0","9","43","52"
"경기도교육청","경기도파주교육지원청","경기도 파주시","S090005154","새금초등학교","02","공립","N","","0","1","1","1","1","2","0","0","0","4","14","18","3","4","7","0","1","1","0","0","0","0","0","0","0","0","0","0","0","0","0","1","1","0","2","2","0","1","1","0","0","0","8","25","33"
"경기도교육청","경기도파주교육지원청","경기도 파주시","S090005155","석곶초등학교","02","공립","N","","1","0","1","0","1","1","0","0","0","10","30","40","0","3","3","0","1","1","0","0","0","0","0","0","0","0","0","0","1","1","0","0","0","0","1","1","0","1","1","0","0","0","11","38","49"
"경기도교육청","경기도수원교육지원청","경기도 수원시 권선구","S090005179","효탑초등학교","02","공립","N","","1","0","1","1","0","1","0","0","0","1","16","17","2","7","9","0","1","1","0","0","0","0","0","0","0","0","0","0","0","0","0","0","0","0","2","2","0","0","0","0","0","0","5","26","31"
"경기도교육청","경기도부천교육지원청","경기도 부천시 원미구","S090005181","상미초등학교","02","공립","N","","1","0","1","0","1","1","0","0","0","5","8","13","1","1","2","0","0","0","0","0","0","0","0","0","0","0","0","0","0","0","0","1","1","0","1","1","0","0","0","0","0","0","7","12","19"
"경기도교육청","경기도동두천양주교육지원청","경기도 양주시","S090005182","광숭초등학교","02","공립","N","","1","0","1","1","0","1","0","0","0","3","12","15","4","7","11","0","1","1","0","1","1","0","0","0","0","0","0","0","0","0","0","0","0","0","2","2","0","0","0","0","0","0","9","23","32"
"경기도교육청","경기도평택교육지원청","경기도 평택시","S090005183","평택안일초등학교","02","공립","N","","0","1","1","0","1","1","0","0","0","13","18","31","7","15","22","0","0","0","0","3","3","0","0","0","0","0","0","0","0","0","0","0","0","0","1","1","0","0","0","0","0","0","20","39","59"
"경기도교육청","경기도평택교육지원청","경기도 평택시","S090005184","현일초등학교","02","공립","N","","0","1","1","0","1","1","0","0","0","9","15","24","2","13","15","0","0","0","0","2","2","0","0","0","0","0","0","0","0","0","0","0","0","0","1","1","0","1","1","0","0","0","11","34","45"
"경기도교육청","경기도구리남양주교육지원청","경기도 남양주시","S090005185","어람초등학교","02","공립","N","","1","0","1","1","0","1","0","0","0","13","37","50","2","5","7","0","1","1","0","1","1","0","0","0","0","0","0","0","1","1","0","0","0","0","2","2","0","0","0","0","0","0","17","47","64"
"경기도교육청","경기도여주교육지원청","경기도 여주시","S090005186","세종초등학교","02","공립","N","","0","1","1","2","1","3","0","0","0","8","22","30","2","8","10","0","1","1","0","0","0","0","0","0","0","0","0","0","1","1","0","0","0","0","1","1","0","0","0","0","0","0","12","35","47"
"경기도교육청","경기도화성오산교육지원청","경기도 화성시 만세구","S090005187","동양초등학교","02","공립","N","","0","1","1","0","1","1","0","0","0","10","28","38","3","6","9","0","1","1","0","2","2","0","0","0","0","0","0","0","0","0","0","0","0","0","2","2","0","0","0","0","0","0","13","41","54"
"경기도교육청","경기도화성오산교육지원청","경기도 화성시 효행구","S090005188","배양초등학교","02","공립","N","","0","1","1","0","1","1","0","0","0","3","16","19","0","0","0","0","1","1","0","1","1","0","0","0","0","0","0","0","2","2","0","0","0","0","1","1","0","0","0","0","0","0","3","23","26"
"경기도교육청","경기도안산교육지원청","경기도 안산시 상록구","S090005269","안산청석초등학교","02","공립","N","","1","0","1","1","0","1","0","0","0","7","18","25","0","2","2","0","0","0","0","0","0","0","0","0","0","0","0","0","0","0","0","1","1","0","1","1","0","0","0","0","0","0","9","22","31"
"경기도교육청","경기도안산교육지원청","경기도 안산시 상록구","S090005270","팔곡초등학교","02","공립","N","","0","1","1","1","0","1","0","0","0","0","8","8","0","0","0","0","0","0","0","0","0","0","0","0","0","0","0","0","0","0","0","0","0","0","1","1","0","0","0","0","0","0","1","10","11"
"경기도교육청","경기도포천교육지원청","경기도 포천시","S090005288","태봉초등학교","02","공립","N","","0","1","1","2","0","2","0","0","0","21","11","32","1","4","5","0","0","0","0","2","2","0","0","0","0","0","0","0","1","1","0","0","0","0","1","1","0","0","0","0","0","0","24","20","44"
"경기도교육청","경기도안산교육지원청","경기도 안산시 상록구","S090005294","안산창촌초등학교","02","공립","N","","1","0","1","0","1","1","0","0","0","5","15","20","2","2","4","0","0","0","0","0","0","0","0","0","0","0","0","0","0","0","0","0","0","0","1","1","0","1","1","0","0","0","8","20","28"
"경기도교육청","경기도안산교육지원청","경기도 안산시 상록구","S090005295","안산해양초등학교","02","공립","N","","0","1","1","1","0","1","0","0","0","6","15","21","2","4","6","0","0","0","0","0","0","0","0","0","0","0","0","0","0","0","0","0","0","0","2","2","0","1","1","0","0","0","9","23","32"
"경기도교육청","경기도부천교육지원청","경기도 부천시 오정구","S090005313","동산초등학교","02","공립","N","","1","1","2","0","0","0","0","0","0","2","12","14","0","6","6","0","0","0","0","0","0","0","0","0","0","0","0","0","0","0","0","0","0","0","1","1","0","0","0","0","0","0","3","20","23"
"경기도교육청","경기도용인교육지원청","경기도 용인시 기흥구","S090005324","동막초등학교","02","공립","N","","1","0","1","2","1","3","0","0","0","2","35","37","1","4","5","0","1","1","1","0","1","0","0","0","0","0","0","0","1","1","0","0","0","0","2","2","0","1","1","0","0","0","7","45","52"
"경기도교육청","경기도용인교육지원청","경기도 용인시 기흥구","S090005325","석성초등학교","02","공립","N","","0","1","1","0","1","1","0","0","0","9","37","46","2","2","4","1","1","2","0","0","0","0","0","0","0","0","0","0","0","0","0","0","0","0","1","1","0","1","1","0","0","0","12","44","56"
"경기도교육청","경기도용인교육지원청","경기도 용인시 기흥구","S090005330","동백초등학교","02","공립","N","","0","1","1","2","2","4","0","0","0","8","53","61","1","1","2","0","0","0","0","0","0","0","0","0","0","0","0","0","0","0","0","0","0","0","2","2","0","1","1","0","0","0","11","60","71"
"경기도교육청","경기도용인교육지원청","경기도 용인시 기흥구","S090005332","용인백현초등학교","02","공립","N","","1","0","1","1","0","1","0","0","0","6","49","55","1","4","5","0","1","1","1","0","1","0","0","0","0","0","0","0","2","2","0","0","0","0","2","2","0","2","2","0","0","0","10","60","70"
"경기도교육청","경기도수원교육지원청","경기도 수원시 권선구","S090005334","서평초등학교","02","공립","N","","0","1","1","0","1","1","0","0","0","0","10","10","0","3","3","0","0","0","0","1","1","0","0","0","0","0","0","0","0","0","0","0","0","0","1","1","0","0","0","0","0","0","0","17","17"
"경기도교육청","경기도수원교육지원청","경기도 수원시 권선구","S090005337","오현초등학교","02","공립","N","","0","2","2","0","0","0","0","0","0","4","23","27","3","4","7","0","1","1","0","0","0","0","0","0","0","0","0","0","1","1","0","1","1","0","2","2","0","0","0","0","0","0","7","34","41"
"경기도교육청","경기도용인교육지원청","경기도 용인시 기흥구","S090005339","용인초당초등학교","02","공립","N","","1","0","1","0","1","1","0","0","0","6","30","36","1","5","6","0","1","1","0","0","0","0","0","0","0","0","0","0","0","0","0","0","0","0","1","1","0","1","1","0","0","0","8","39","47"
"경기도교육청","경기도고양교육지원청","경기도 고양시 일산서구","S090005341","가좌초등학교","02","공립","N","","1","0","1","0","1","1","0","1","1","4","26","30","2","1","3","0","1","1","0","1","1","0","0","0","0","0","0","0","1","1","0","0","0","0","2","2","0","0","0","0","0","0","7","34","41"
"경기도교육청","경기도동두천양주교육지원청","경기도 양주시","S090005344","도둔초등학교","02","공립","N","","2","0","2","0","0","0","0","0","0","4","6","10","3","5","8","0","0","0","0","0","0","0","0","0","0","0","0","0","0","0","0","0","0","0","1","1","0","0","0","0","0","0","9","12","21"
"경기도교육청","경기도평택교육지원청","경기도 평택시","S090005357","평택도곡초등학교","02","공립","N","","1","0","1","1","0","1","0","0","0","8","9","17","4","13","17","0","0","0","0","1","1","0","0","0","0","0","0","0","0","0","0","0","0","0","1","1","0","0","0","0","0","0","14","24","38"
"경기도교육청","경기도화성오산교육지원청","경기도 화성시 병점구","S090005363","안녕초등학교","02","공립","N","","1","0","1","0","1","1","0","0","0","4","28","32","0","1","1","0","2","2","0","0","0","0","0","0","0","0","0","0","1","1","0","1","1","0","1","1","0","1","1","0","1","1","5","37","42"
"경기도교육청","경기도화성오산교육지원청","경기도 오산시","S090005366","가수초등학교","02","공립","N","","0","1","1","0","1","1","0","0","0","2","26","28","2","1","3","1","0","1","0","0","0","0","0","0","0","0","0","0","0","0","0","0","0","0","2","2","0","1","1","0","0","0","5","32","37"
"경기도교육청","경기도파주교육지원청","경기도 파주시","S090005369","두일초등학교","02","공립","N","","0","1","1","1","0","1","0","0","0","6","12","18","0","6","6","0","1","1","0","1","1","0","0","0","0","0","0","0","0","0","0","0","0","0","1","1","0","0","0","0","0","0","7","22","29"
"경기도교육청","경기도화성오산교육지원청","경기도 오산시","S090005372","수청초등학교","02","공립","N","","1","0","1","1","0","1","0","0","0","4","24","28","1","2","3","0","0","0","0","2","2","0","0","0","0","0","0","0","0","0","0","1","1","0","1","1","0","0","0","0","0","0","7","30","37"
"경기도교육청","경기도파주교육지원청","경기도 파주시","S090005373","와석초등학교","02","공립","N","","1","0","1","3","4","7","0","0","0","9","50","59","2","4","6","0","1","1","0","0","0","0","0","0","0","0","0","0","0","0","0","0","0","0","2","2","0","0","0","0","0","0","15","61","76"
"경기도교육청","경기도김포교육지원청","경기도 김포시","S090005375","통진초등학교","02","공립","N","","1","0","1","1","0","1","0","0","0","9","8","17","1","0","1","0","2","2","0","0","0","0","0","0","0","0","0","0","0","0","0","1","1","0","1","1","0","0","0","0","0","0","12","12","24"
"경기도교육청","경기도고양교육지원청","경기도 고양시 일산동구","S090005393","다솜초등학교","02","공립","N","","0","1","1","0","1","1","0","0","0","5","28","33","1","9","10","0","1","1","0","0","0","0","0","0","0","0","0","0","1","1","0","1","1","0","1","1","0","0","0","0","0","0","6","43","49"
"경기도교육청","경기도안산교육지원청","경기도 안산시 단원구","S090005395","덕인초등학교","02","공립","N","","0","1","1","0","1","1","0","0","0","12","13","25","1","2","3","0","0","0","1","3","4","0","0","0","0","0","0","0","1","1","0","0","0","0","1","1","0","1","1","0","0","0","14","23","37"
"경기도교육청","경기도파주교육지원청","경기도 파주시","S090005397","문발초등학교","02","공립","N","","1","0","1","1","0","1","0","0","0","1","13","14","0","4","4","0","0","0","0","1","1","0","0","0","0","0","0","0","0","0","0","0","0","0","1","1","0","0","0","0","0","0","3","19","22"
"경기도교육청","경기도부천교육지원청","경기도 부천시 소사구","S090005402","소안초등학교","02","공립","N","","1","0","1","0","1","1","0","0","0","3","12","15","1","10","11","0","1","1","0","0","0","0","1","1","0","0","0","0","0","0","0","1","1","0","1","1","0","0","0","0","0","0","5","27","32"
"경기도교육청","경기도동두천양주교육지원청","경기도 양주시","S090005404","신지초등학교","02","공립","N","","0","1","1","0","1","1","0","0","0","9","5","14","2","4","6","0","0","0","0","1","1","0","0","0","0","0","0","0","0","0","0","0","0","0","1","1","0","0","0","0","0","0","11","13","24"
"경기도교육청","경기도화성오산교육지원청","경기도 오산시","S090005406","오산원당초등학교","02","공립","N","","1","0","1","1","1","2","0","0","0","2","16","18","0","0","0","0","0","0","0","2","2","0","0","0","0","0","0","0","0","0","0","0","0","0","1","1","0","0","0","0","0","0","4","20","24"
"경기도교육청","경기도시흥교육지원청","경기도 시흥시","S090005408","월포초등학교","02","공립","N","","1","1","2","0","1","1","0","0","0","4","7","11","1","3","4","0","1","1","0","0","0","0","0","0","0","0","0","0","0","0","0","1","1","0","2","2","0","0","0","0","0","0","6","16","22"
"경기도교육청","경기도고양교육지원청","경기도 고양시 일산동구","S090005411","풍동초등학교","02","공립","N","","0","1","1","0","1","1","0","0","0","2","18","20","1","3","4","0","1","1","0","0","0","0","0","0","0","0","0","0","0","0","0","1","1","0","1","1","0","0","0","0","0","0","3","26","29"
"경기도교육청","경기도화성오산교육지원청","경기도 화성시 동탄구","S090005412","학동초등학교","02","공립","N","","0","1","1","1","0","1","0","0","0","3","43","46","2","5","7","0","1","1","0","0","0","0","0","0","0","0","0","0","0","0","0","0","0","0","1","1","0","0","0","0","0","0","6","51","57"
"경기도교육청","경기도화성오산교육지원청","경기도 화성시 동탄구","S090005471","화성금곡초등학교","02","공립","N","","0","1","1","1","1","2","0","0","0","5","41","46","4","4","8","0","1","1","0","2","2","0","0","0","0","0","0","0","1","1","0","0","0","0","2","2","0","1","1","0","0","0","10","54","64"
"경기도교육청","경기도평택교육지원청","경기도 평택시","S090005472","반지초등학교","02","공립","N","","1","0","1","2","0","2","0","0","0","6","29","35","1","13","14","0","1","1","0","2","2","0","0","0","0","0","0","0","0","0","0","0","0","0","1","1","0","1","1","1","1","2","11","48","59"
"경기도교육청","경기도화성오산교육지원청","경기도 화성시 동탄구","S090005474","석우초등학교","02","공립","N","","0","1","1","1","0","1","0","0","0","2","34","36","2","5","7","0","2","2","0","0","0","0","0","0","0","0","0","0","0","0","0","1","1","0","1","1","0","0","0","0","0","0","5","44","49"
"경기도교육청","경기도화성오산교육지원청","경기도 오산시","S090005476","오산원일초등학교","02","공립","N","","0","1","1","3","0","3","0","0","0","6","39","45","2","0","2","0","1","1","0","0","0","0","0","0","0","0","0","0","0","0","0","0","0","0","1","1","0","0","0","0","0","0","11","42","53"
"경기도교육청","경기도용인교육지원청","경기도 용인시 기흥구","S090005478","용인한일초등학교","02","공립","N","","1","0","1","0","1","1","0","0","0","4","19","23","0","1","1","0","1","1","0","0","0","0","0","0","0","0","0","0","0","0","0","1","1","0","1","1","0","1","1","0","0","0","5","25","30"
"경기도교육청","경기도용인교육지원청","경기도 용인시 기흥구","S090005480","나산초등학교","02","공립","N","","0","1","1","1","0","1","0","0","0","6","36","42","2","4","6","0","0","0","1","0","1","0","0","0","0","0","0","0","1","1","0","1","1","0","1","1","0","1","1","0","0","0","10","45","55"
"경기도교육청","경기도화성오산교육지원청","경기도 화성시 효행구","S090005487","와우초등학교","02","공립","N","","1","0","1","1","0","1","0","0","0","14","24","38","0","2","2","0","1","1","0","1","1","0","0","0","0","0","0","0","1","1","0","0","0","0","1","1","0","2","2","0","0","0","16","32","48"
"경기도교육청","경기도구리남양주교육지원청","경기도 남양주시","S090005494","예봉초등학교","02","공립","N","","0","1","1","0","1","1","0","0","0","10","21","31","0","2","2","0","1","1","0","0","0","0","0","0","0","0","0","0","1","1","0","1","1","0","1","1","0","0","0","0","0","0","10","29","39"
"경기도교육청","경기도동두천양주교육지원청","경기도 양주시","S090005495","주원초등학교","02","공립","N","","0","1","1","1","0","1","0","0","0","2","8","10","1","8","9","0","0","0","0","2","2","0","0","0","0","0","0","0","0","0","0","1","1","0","1","1","0","0","0","0","0","0","4","21","25"
"경기도교육청","경기도고양교육지원청","경기도 고양시 일산동구","S090005496","하늘초등학교","02","공립","N","","0","1","1","0","1","1","0","0","0","4","25","29","1","3","4","0","0","0","0","1","1","0","0","0","0","0","0","0","0","0","0","1","1","0","1","1","0","0","0","0","0","0","5","33","38"
"경기도교육청","경기도화성오산교육지원청","경기도 화성시 효행구","S090005588","동화초등학교","02","공립","N","","0","1","1","1","0","1","0","0","0","14","29","43","1","2","3","0","1","1","0","1","1","0","0","0","0","0","0","0","0","0","0","0","0","0","1","1","0","2","2","0","0","0","16","37","53"
"경기도교육청","경기도화성오산교육지원청","경기도 화성시 동탄구","S090005589","반석초등학교","02","공립","N","","1","0","1","0","1","1","0","0","0","2","40","42","4","7","11","0","1","1","0","0","0","0","0","0","0","0","0","0","0","0","0","0","0","0","1","1","0","0","0","0","0","0","7","50","57"
"경기도교육청","경기도화성오산교육지원청","경기도 화성시 효행구","S090005591","상봉초등학교","02","공립","N","","1","0","1","0","1","1","0","0","0","10","32","42","0","4","4","0","1","1","1","1","2","0","0","0","0","0","0","0","0","0","0","0","0","0","1","1","0","0","0","0","0","0","12","40","52"
"경기도교육청","경기도화성오산교육지원청","경기도 화성시 동탄구","S090005593","솔빛초등학교","02","공립","N","","1","1","2","0","1","1","0","1","1","6","56","62","0","6","6","0","1","1","0","1","1","0","0","0","0","0","0","1","0","1","0","1","1","0","2","2","0","1","1","0","0","0","8","71","79"
"경기도교육청","경기도화성오산교육지원청","경기도 오산시","S090005594","오산고현초등학교","02","공립","N","","0","1","1","1","1","2","0","0","0","9","44","53","2","8","10","0","1","1","0","2","2","0","0","0","0","0","0","0","0","0","0","0","0","0","2","2","0","1","1","0","0","0","12","60","72"
"경기도교육청","경기도화성오산교육지원청","경기도 화성시 병점구","S090005595","율목초등학교","02","공립","N","","0","1","1","1","0","1","0","0","0","4","24","28","0","0","0","0","1","1","0","0","0","0","0","0","0","0","0","0","0","0","0","0","0","0","1","1","0","1","1","0","0","0","5","28","33"
"경기도교육청","경기도화성오산교육지원청","경기도 화성시 동탄구","S090005597","반송초등학교","02","공립","N","","0","1","1","1","0","1","0","0","0","2","49","51","3","9","12","0","0","0","0","1","1","0","0","0","0","0","0","0","1","1","0","0","0","0","2","2","0","0","0","0","0","0","6","63","69"
"경기도교육청","경기도부천교육지원청","경기도 부천시 오정구","S090005603","성곡초등학교","02","공립","N","","0","1","1","0","1","1","0","0","0","1","18","19","2","4","6","0","0","0","0","1","1","0","0","0","0","0","0","1","0","1","0","0","0","0","1","1","0","1","1","0","1","1","4","28","32"
"경기도교육청","경기도고양교육지원청","경기도 고양시 일산동구","S090005607","모당초등학교","02","공립","N","","0","0","0","1","1","2","0","0","0","3","27","30","2","4","6","0","1","1","0","0","0","0","0","0","0","0","0","0","1","1","0","0","0","0","1","1","0","1","1","0","0","0","6","36","42"
"경기도교육청","경기도용인교육지원청","경기도 용인시 기흥구","S090005610","청덕초등학교","02","공립","N","","0","1","1","1","0","1","0","0","0","7","31","38","1","8","9","0","2","2","0","0","0","0","0","0","0","0","0","0","1","1","0","1","1","0","1","1","0","2","2","0","1","1","9","48","57"
"경기도교육청","경기도시흥교육지원청","경기도 시흥시","S090005612","시흥능곡초등학교","02","공립","N","","1","0","1","1","0","1","0","0","0","10","17","27","1","1","2","0","2","2","0","0","0","0","0","0","0","0","0","0","0","0","0","1","1","0","1","1","0","1","1","0","0","0","13","23","36"
"경기도교육청","경기도김포교육지원청","경기도 김포시","S090005617","장기초등학교","02","공립","N","","1","0","1","1","0","1","0","0","0","6","34","40","3","5","8","0","1","1","1","1","2","0","0","0","0","0","0","0","1","1","0","0","0","0","1","1","0","1","1","0","0","0","12","44","56"
"경기도교육청","경기도성남교육지원청","경기도 성남시 중원구","S090005621","도촌초등학교","02","공립","N","","0","1","1","1","0","1","0","0","0","2","40","42","1","3","4","0","1","1","0","1","1","0","0","0","0","0","0","0","0","0","0","0","0","0","2","2","0","1","1","0","0","0","4","49","53"
"경기도교육청","경기도군포의왕교육지원청","경기도 군포시","S090005627","군포대야초등학교","02","공립","N","","1","1","2","0","1","1","0","0","0","2","18","20","1","1","2","0","1","1","0","0","0","0","0","0","0","0","0","0","0","0","0","1","1","0","1","1","0","1","1","0","0","0","4","25","29"
"경기도교육청","경기도군포의왕교육지원청","경기도 의왕시","S090005628","모락초등학교","02","공립","N","","0","1","1","1","0","1","0","0","0","0","21","21","0","1","1","0","0","0","0","0","0","0","0","0","0","0","0","0","0","0","0","1","1","0","1","1","0","0","0","0","0","0","1","25","26"
"경기도교육청","경기도화성오산교육지원청","경기도 화성시 동탄구","S090005644","능동초등학교","02","공립","N","","0","1","1","1","1","2","0","0","0","1","20","21","2","12","14","0","0","0","0","2","2","0","0","0","0","0","0","0","1","1","0","0","0","0","2","2","0","1","1","0","0","0","4","40","44"
"경기도교육청","경기도화성오산교육지원청","경기도 화성시 만세구","S090005645","도이초등학교","02","공립","N","","0","1","1","1","0","1","0","0","0","12","24","36","3","2","5","0","1","1","0","1","1","0","0","0","0","0","0","0","1","1","0","0","0","0","1","1","0","1","1","0","0","0","16","32","48"
"경기도교육청","경기도화성오산교육지원청","경기도 화성시 효행구","S090005646","수영초등학교","02","공립","N","","0","1","1","1","1","2","0","1","1","13","17","30","0","1","1","0","1","1","0","0","0","0","0","0","0","0","0","0","0","0","0","0","0","0","1","1","0","1","1","0","0","0","14","24","38"
"경기도교육청","경기도화성오산교육지원청","경기도 화성시 동탄구","S090005647","예당초등학교","02","공립","N","","1","0","1","0","1","1","0","1","1","3","30","33","1","3","4","0","1","1","0","1","1","0","0","0","0","0","0","0","1","1","0","2","2","0","1","1","0","2","2","0","0","0","5","43","48"
"경기도교육청","경기도부천교육지원청","경기도 부천시 원미구","S090005648","중동초등학교","02","공립","N","","0","1","1","0","1","1","0","1","1","4","21","25","5","13","18","0","0","0","0","1","1","0","0","0","0","0","0","0","1","1","0","0","0","0","1","1","0","0","0","0","1","1","9","41","50"
"경기도교육청","경기도화성오산교육지원청","경기도 화성시 동탄구","S090005649","푸른초등학교","02","공립","N","","0","1","1","1","2","3","0","0","0","4","48","52","4","6","10","0","1","1","1","0","1","0","0","0","0","0","0","0","1","1","0","0","0","0","2","2","0","1","1","0","0","0","10","62","72"
"경기도교육청","경기도화성오산교육지원청","경기도 화성시 동탄구","S090005650","한마음초등학교","02","공립","N","","1","0","1","1","0","1","0","0","0","3","39","42","0","2","2","0","2","2","0","0","0","0","0","0","0","0","0","0","1","1","0","1","1","0","1","1","0","1","1","0","0","0","5","47","52"
"경기도교육청","경기도화성오산교육지원청","경기도 화성시 만세구","S090005651","한울초등학교","02","공립","N","","2","0","2","0","2","2","0","0","0","20","34","54","5","8","13","0","1","1","0","2","2","0","0","0","0","0","0","0","0","0","0","0","0","0","2","2","0","1","1","0","0","0","27","50","77"
"경기도교육청","경기도화성오산교육지원청","경기도 화성시 만세구","S090005652","행정초등학교","02","공립","N","","1","0","1","1","0","1","0","0","0","18","27","45","2","2","4","1","0","1","0","1","1","0","0","0","0","0","0","0","0","0","0","0","0","0","1","1","0","1","1","0","1","1","23","33","56"
"경기도교육청","경기도구리남양주교육지원청","경기도 남양주시","S090005678","가운초등학교","02","공립","N","","1","0","1","0","1","1","0","0","0","4","17","21","0","2","2","0","1","1","0","0","0","0","0","0","0","0","0","0","1","1","0","0","0","0","1","1","0","1","1","0","0","0","5","24","29"
"경기도교육청","경기도평택교육지원청","경기도 평택시","S090005680","송현초등학교","02","공립","N","","1","1","2","0","0","0","0","0","0","2","7","9","2","9","11","0","1","1","0","1","1","0","0","0","0","0","0","0","1","1","0","0","0","0","1","1","0","1","1","0","1","1","5","23","28"
"경기도교육청","경기도김포교육지원청","경기도 김포시","S090005682","신곡초등학교","02","공립","N","","1","0","1","0","1","1","0","0","0","14","21","35","3","5","8","0","1","1","0","0","0","0","0","0","0","0","0","0","0","0","0","1","1","0","1","1","0","1","1","0","0","0","18","31","49"
"경기도교육청","경기도광주하남교육지원청","경기도 하남시","S090005686","하남풍산초등학교","02","공립","N","","0","1","1","0","1","1","1","0","1","4","25","29","0","4","4","0","1","1","0","0","0","0","0","0","0","0","0","0","1","1","0","1","1","0","1","1","0","1","1","0","1","1","5","37","42"
"경기도교육청","경기도고양교육지원청","경기도 고양시 덕양구","S090005687","아람초등학교","02","공립","N","","1","0","1","1","0","1","0","0","0","1","18","19","1","1","2","0","1","1","0","0","0","0","0","0","0","0","0","0","1","1","0","0","0","0","1","1","0","1","1","0","1","1","4","24","28"
"경기도교육청","경기도안산교육지원청","경기도 안산시 단원구","S090005688","안산대월초등학교","02","공립","N","","0","1","1","1","0","1","0","0","0","11","12","23","1","4","5","0","1","1","0","1","1","0","0","0","0","0","0","0","1","1","0","1","1","0","1","1","0","0","0","0","0","0","13","22","35"
"경기도교육청","경기도안산교육지원청","경기도 안산시 단원구","S090005690","신길초등학교","02","공립","N","","1","0","1","0","1","1","0","0","0","13","14","27","0","6","6","0","0","0","1","0","1","0","0","0","0","0","0","0","1","1","0","1","1","0","1","1","0","0","0","0","1","1","15","25","40"
"경기도교육청","경기도성남교육지원청","경기도 성남시 분당구","S090005692","성남송현초등학교","02","공립","N","","1","0","1","1","0","1","0","0","0","1","62","63","1","5","6","0","1","1","0","1","1","0","0","0","0","0","0","0","0","0","0","1","1","0","2","2","0","1","1","0","0","0","4","73","77"
"경기도교육청","경기도수원교육지원청","경기도 수원시 팔달구","S090005693","매여울초등학교","02","공립","N","","1","0","1","0","1","1","0","0","0","2","22","24","1","4","5","0","0","0","0","0","0","0","0","0","0","0","0","0","1","1","0","1","1","0","1","1","0","0","0","0","1","1","4","31","35"
"경기도교육청","경기도성남교육지원청","경기도 성남시 분당구","S090005695","보평초등학교","02","공립","N","","0","0","0","0","1","1","0","0","0","6","45","51","0","6","6","0","1","1","2","2","4","0","0","0","0","0","0","0","1","1","0","0","0","0","1","1","0","0","0","0","1","1","8","58","66"
"경기도교육청","경기도성남교육지원청","경기도 성남시 분당구","S090005696","운중초등학교","02","공립","N","","0","1","1","0","1","1","0","0","0","3","32","35","1","4","5","0","2","2","0","0","0","0","0","0","0","0","0","0","0","0","0","1","1","0","2","2","0","0","0","0","0","0","4","43","47"
"경기도교육청","경기도성남교육지원청","경기도 성남시 분당구","S090005702","판교초등학교","02","공립","N","","1","0","1","0","3","3","0","0","0","4","46","50","0","1","1","0","0","0","0","0","0","0","0","0","0","0","0","0","1","1","0","0","0","0","1","1","0","0","0","0","0","0","5","52","57"
"경기도교육청","경기도성남교육지원청","경기도 성남시 분당구","S090005703","산운초등학교","02","공립","N","","1","0","1","0","1","1","0","0","0","6","29","35","0","4","4","0","2","2","0","0","0","0","0","0","0","0","0","0","1","1","0","0","0","0","1","1","0","1","1","0","0","0","7","39","46"
"경기도교육청","경기도구리남양주교육지원청","경기도 남양주시","S090005705","구룡초등학교","02","공립","N","","1","0","1","0","1","1","0","0","0","12","35","47","0","5","5","0","2","2","0","0","0","0","0","0","0","0","0","0","1","1","0","0","0","0","1","1","0","0","0","0","0","0","13","45","58"
"경기도교육청","경기도구리남양주교육지원청","경기도 구리시","S090005706","건원초등학교","02","공립","N","","0","1","1","1","0","1","0","0","0","0","18","18","0","2","2","0","1","1","0","1","1","0","0","0","0","0","0","0","0","0","0","0","0","0","1","1","0","0","0","0","0","0","1","24","25"
"경기도교육청","경기도구리남양주교육지원청","경기도 남양주시","S090005708","진접초등학교","02","공립","N","","1","0","1","1","0","1","0","0","0","12","34","46","3","1","4","0","2","2","0","1","1","0","0","0","0","0","0","0","0","0","0","0","0","0","2","2","0","1","1","0","0","0","17","41","58"
"경기도교육청","경기도구리남양주교육지원청","경기도 남양주시","S090005710","차산초등학교","02","공립","N","","0","2","2","0","0","0","0","0","0","2","23","25","0","1","1","0","1","1","0","0","0","0","0","0","0","0","0","0","0","0","0","0","0","0","1","1","0","0","0","0","0","0","2","28","30"
"경기도교육청","경기도광명교육지원청","경기도 광명시","S090005739","충현초등학교","02","공립","N","","1","0","1","1","0","1","0","0","0","5","34","39","1","3","4","0","1","1","0","1","1","0","0","0","0","0","0","0","1","1","0","1","1","0","1","1","0","1","1","0","0","0","8","43","51"
"경기도교육청","경기도광명교육지원청","경기도 광명시","S090005740","구름산초등학교","02","공립","N","","0","1","1","2","0","2","0","0","0","0","44","44","1","16","17","0","1","1","0","1","1","0","0","0","0","0","0","0","2","2","0","0","0","0","3","3","0","0","0","0","0","0","3","68","71"
"경기도교육청","경기도김포교육지원청","경기도 김포시","S090005742","걸포초등학교","02","공립","N","","0","1","1","1","0","1","0","0","0","3","19","22","1","4","5","0","0","0","0","1","1","0","0","0","0","0","0","0","0","0","0","1","1","0","1","1","0","1","1","0","0","0","5","28","33"
"경기도교육청","경기도광명교육지원청","경기도 광명시","S090005744","안현초등학교","02","공립","N","","0","1","1","1","1","2","0","0","0","5","57","62","1","4","5","0","1","1","0","1","1","0","0","0","0","0","0","0","2","2","0","0","0","0","2","2","0","1","1","0","0","0","7","70","77"
"경기도교육청","경기도화성오산교육지원청","경기도 오산시","S090005747","문시초등학교","02","공립","N","","1","0","1","0","1","1","0","0","0","2","34","36","0","8","8","0","0","0","0","1","1","0","0","0","0","0","0","0","0","0","0","0","0","0","1","1","0","0","0","0","0","0","3","45","48"
"경기도교육청","경기도용인교육지원청","경기도 용인시 기흥구","S090005748","공세초등학교","02","공립","N","","1","0","1","0","1","1","0","0","0","6","19","25","0","1","1","1","1","2","0","0","0","0","0","0","0","0","0","0","1","1","0","1","1","0","1","1","0","0","0","0","0","0","8","25","33"
"경기도교육청","경기도용인교육지원청","경기도 용인시 수지구","S090005750","용인한빛초등학교","02","공립","N","","1","0","1","1","0","1","0","1","1","5","35","40","2","7","9","0","1","1","0","1","1","0","0","0","0","0","0","0","1","1","0","1","1","0","1","1","0","0","0","0","0","0","9","48","57"
"경기도교육청","경기도용인교육지원청","경기도 용인시 처인구","S090005751","둔전제일초등학교","02","공립","N","","1","0","1","1","0","1","0","0","0","5","24","29","0","1","1","0","3","3","1","0","1","0","0","0","0","0","0","0","1","1","0","0","0","0","1","1","0","0","0","0","0","0","8","30","38"
"경기도교육청","경기도화성오산교육지원청","경기도 오산시","S090005763","양산초등학교","02","공립","N","","0","1","1","1","0","1","0","0","0","6","26","32","2","2","4","1","0","1","0","1","1","0","0","0","0","0","0","0","2","2","0","1","1","0","1","1","0","0","0","0","0","0","10","34","44"
"경기도교육청","경기도평택교육지원청","경기도 평택시","S090005765","용이초등학교","02","공립","N","","1","0","1","1","0","1","0","1","1","5","24","29","4","17","21","0","3","3","0","0","0","0","0","0","0","0","0","0","1","1","0","1","1","0","2","2","0","0","0","0","0","0","11","49","60"
"경기도교육청","경기도군포의왕교육지원청","경기도 의왕시","S090005771","내동초등학교","02","공립","N","","1","0","1","1","1","2","0","0","0","1","38","39","1","1","2","0","0","0","0","0","0","0","0","0","0","0","0","0","0","0","0","0","0","0","1","1","0","1","1","0","1","1","4","43","47"
"경기도교육청","경기도용인교육지원청","경기도 용인시 기흥구","S090005773","석현초등학교","02","공립","N","","0","1","1","1","0","1","0","0","0","4","22","26","0","4","4","0","2","2","0","0","0","0","0","0","0","0","0","0","1","1","0","0","0","0","1","1","0","0","0","0","0","0","5","31","36"
"경기도교육청","경기도용인교육지원청","경기도 용인시 기흥구","S090005774","흥덕초등학교","02","공립","N","","1","0","1","0","1","1","1","0","1","6","19","25","1","5","6","0","0","0","0","1","1","0","0","0","0","0","0","0","1","1","0","1","1","0","1","1","0","1","1","0","0","0","9","30","39"
"경기도교육청","경기도구리남양주교육지원청","경기도 남양주시","S090005780","남양주덕송초등학교","02","공립","N","","0","2","2","1","1","2","0","0","0","9","40","49","0","2","2","0","2","2","0","0","0","0","0","0","0","0","0","1","0","1","0","0","0","0","2","2","0","0","0","0","0","0","11","49","60"
"경기도교육청","경기도구리남양주교육지원청","경기도 남양주시","S090005784","별가람초등학교","02","공립","N","","1","0","1","0","1","1","0","0","0","3","27","30","1","6","7","0","1","1","0","1","1","0","0","0","0","0","0","0","0","0","0","1","1","0","1","1","0","1","1","0","0","0","5","39","44"
"경기도교육청","경기도동두천양주교육지원청","경기도 양주시","S090005805","만송초등학교","02","공립","N","","1","0","1","1","0","1","0","0","0","3","18","21","2","6","8","0","1","1","0","1","1","0","0","0","0","0","0","0","0","0","0","0","0","0","1","1","0","1","1","0","0","0","7","28","35"
"경기도교육청","경기도화성오산교육지원청","경기도 화성시 동탄구","S090005807","숲속초등학교","02","공립","N","","1","0","1","1","1","2","0","0","0","3","31","34","1","4","5","0","0","0","0","1","1","0","0","0","0","0","0","0","0","0","0","0","0","0","1","1","0","0","0","0","0","0","6","38","44"
"경기도교육청","경기도시흥교육지원청","경기도 시흥시","S090005809","승지초등학교","02","공립","N","","0","1","1","1","0","1","1","0","1","5","16","21","1","4","5","0","2","2","0","0","0","0","0","0","0","0","0","0","0","0","0","1","1","0","1","1","0","0","0","0","0","0","8","25","33"
"경기도교육청","경기도화성오산교육지원청","경기도 오산시","S090005816","세미초등학교","02","공립","N","","0","1","1","1","1","2","0","0","0","9","47","56","4","7","11","0","4","4","0","0","0","0","0","0","0","0","0","0","1","1","0","0","0","0","2","2","0","1","1","0","0","0","14","64","78"
"경기도교육청","경기도화성오산교육지원청","경기도 오산시","S090005818","필봉초등학교","02","공립","N","","0","1","1","1","0","1","0","0","0","4","34","38","0","1","1","0","0","0","0","2","2","0","0","0","0","0","0","0","0","0","0","0","0","0","1","1","0","1","1","0","0","0","5","40","45"
"경기도교육청","경기도수원교육지원청","경기도 수원시 권선구","S090005839","선행초등학교","02","공립","N","","1","0","1","1","0","1","0","0","0","8","24","32","2","3","5","0","2","2","0","0","0","0","0","0","0","0","0","1","0","1","0","0","0","0","1","1","0","0","0","0","0","0","13","30","43"
"경기도교육청","경기도군포의왕교육지원청","경기도 군포시","S090005846","군포신기초등학교","02","공립","N","","0","1","1","1","0","1","0","0","0","2","36","38","2","3","5","0","0","0","0","1","1","0","0","0","0","0","0","0","0","0","0","1","1","0","1","1","0","0","0","0","0","0","5","43","48"
"경기도교육청","경기도광주하남교육지원청","경기도 광주시","S090005847","벌원초등학교","02","공립","N","","0","1","1","0","1","1","0","0","0","6","24","30","0","0","0","0","1","1","0","0","0","0","0","0","0","0","0","0","1","1","0","1","1","0","1","1","0","0","0","0","0","0","6","30","36"
"경기도교육청","경기도광명교육지원청","경기도 광명시","S090005848","빛가온초등학교","02","공립","N","","0","1","1","1","2","3","0","1","1","6","63","69","1","8","9","0","1","1","0","0","0","0","0","0","0","0","0","0","0","0","0","2","2","0","2","2","0","1","1","0","0","0","8","81","89"
"경기도교육청","경기도안양과천교육지원청","경기도 안양시 동안구","S090005852","해오름초등학교","02","공립","N","","0","1","1","0","1","1","0","1","1","2","23","25","2","8","10","0","2","2","0","2","2","0","0","0","0","0","0","0","0","0","0","0","0","0","1","1","0","1","1","0","0","0","4","40","44"
"경기도교육청","경기도김포교육지원청","경기도 김포시","S090005853","솔터초등학교","02","공립","N","","1","0","1","0","1","1","0","0","0","6","42","48","0","10","10","0","2","2","0","1","1","0","0","0","0","0","0","0","1","1","0","1","1","0","1","1","0","0","0","0","0","0","7","59","66"
"경기도교육청","경기도파주교육지원청","경기도 파주시","S090005854","자유초등학교","02","공립","N","","1","0","1","1","0","1","0","0","0","11","21","32","3","11","14","0","0","0","0","3","3","0","0","0","0","0","0","0","0","0","0","1","1","0","1","1","0","1","1","0","0","0","16","38","54"
"경기도교육청","경기도고양교육지원청","경기도 고양시 일산서구","S090005855","한산초등학교","02","공립","N","","2","0","2","0","1","1","0","0","0","9","26","35","1","6","7","0","1","1","0","0","0","0","0","0","0","0","0","0","1","1","0","0","0","0","1","1","0","1","1","0","0","0","12","37","49"
"경기도교육청","경기도고양교육지원청","경기도 고양시 일산서구","S090005856","백송초등학교","02","공립","N","","0","1","1","0","1","1","0","0","0","6","35","41","0","3","3","0","0","0","0","0","0","0","0","0","0","0","0","0","1","1","0","1","1","0","1","1","0","1","1","0","0","0","6","44","50"
"경기도교육청","경기도안성교육지원청","경기도 안성시","S090005860","만정초등학교","02","공립","N","","0","1","1","1","0","1","0","0","0","14","25","39","3","5","8","0","3","3","0","0","0","0","0","0","0","0","0","0","1","1","0","0","0","0","1","1","0","2","2","1","0","1","19","38","57"
"경기도교육청","경기도용인교육지원청","경기도 용인시 수지구","S090005862","새빛초등학교","02","공립","N","","0","1","1","1","0","1","0","0","0","3","43","46","2","8","10","0","1","1","0","0","0","0","0","0","0","0","0","0","1","1","0","1","1","0","2","2","0","0","0","0","0","0","6","57","63"
"경기도교육청","경기도용인교육지원청","경기도 용인시 기흥구","S090005864","서농초등학교","02","공립","N","","0","1","1","2","0","2","0","1","1","11","56","67","0","4","4","0","1","1","0","1","1","0","0","0","0","0","0","0","0","0","0","1","1","0","2","2","0","1","1","0","0","0","13","68","81"
"경기도교육청","경기도파주교육지원청","경기도 파주시","S090005867","가온초등학교","02","공립","N","","0","1","1","0","1","1","0","0","0","9","38","47","2","7","9","0","1","1","0","0","0","0","0","0","0","0","0","0","1","1","0","0","0","0","2","2","0","1","1","0","0","0","11","52","63"
"경기도교육청","경기도김포교육지원청","경기도 김포시","S090005869","김포한가람초등학교","02","공립","N","","1","0","1","1","0","1","0","0","0","5","23","28","1","7","8","0","0","0","0","2","2","0","0","0","0","0","0","0","1","1","0","1","1","0","1","1","0","1","1","0","0","0","8","36","44"
"경기도교육청","경기도김포교육지원청","경기도 김포시","S090005873","보름초등학교","02","공립","N","","1","0","1","1","1","2","0","1","1","16","39","55","2","5","7","0","1","1","0","0","0","0","0","0","0","0","0","0","2","2","0","0","0","0","2","2","0","1","1","0","0","0","20","52","72"
"경기도교육청","경기도화성오산교육지원청","경기도 화성시 동탄구","S090005874","예원초등학교","02","공립","N","","0","1","1","0","1","1","0","0","0","4","16","20","0","0","0","0","0","0","1","1","2","0","0","0","0","0","0","0","0","0","0","1","1","0","1","1","0","0","0","0","0","0","5","21","26"
"경기도교육청","경기도수원교육지원청","경기도 수원시 영통구","S090005879","광교초등학교","02","공립","N","","1","0","1","0","1","1","0","0","0","8","57","65","2","3","5","0","0","0","0","2","2","0","0","0","0","0","0","0","0","0","0","0","0","0","3","3","0","0","0","0","0","0","11","66","77"
"경기도교육청","경기도수원교육지원청","경기도 수원시 영통구","S090005882","이의초등학교","02","공립","N","","0","1","1","0","1","1","0","0","0","5","47","52","2","3","5","0","1","1","0","1","1","0","0","0","0","0","0","0","0","0","0","1","1","0","2","2","0","1","1","0","0","0","7","58","65"
"경기도교육청","경기도김포교육지원청","경기도 김포시","S090005883","가현초등학교","02","공립","N","","0","1","1","1","1","2","0","0","0","11","50","61","2","5","7","0","1","1","1","0","1","0","0","0","0","0","0","0","1","1","0","0","0","0","3","3","0","1","1","0","0","0","15","63","78"
"경기도교육청","경기도김포교육지원청","경기도 김포시","S090005885","푸른솔초등학교","02","공립","N","","1","0","1","2","2","4","0","0","0","7","49","56","5","9","14","1","2","3","0","0","0","0","0","0","0","0","0","0","0","0","0","1","1","0","2","2","0","0","0","0","0","0","16","65","81"
"경기도교육청","경기도평택교육지원청","경기도 평택시","S090005888","청옥초등학교","02","공립","N","","1","0","1","2","0","2","0","0","0","14","29","43","10","19","29","0","1","1","0","1","1","0","0","0","0","0","0","0","1","1","0","0","0","0","2","2","0","0","0","0","1","1","27","54","81"
"경기도교육청","경기도수원교육지원청","경기도 수원시 권선구","S090005894","수원중촌초등학교","02","공립","N","","0","1","1","1","0","1","0","0","0","5","30","35","3","10","13","0","1","1","1","0","1","0","0","0","0","0","0","0","0","0","0","0","0","0","1","1","0","0","0","0","0","0","10","43","53"
"경기도교육청","경기도수원교육지원청","경기도 수원시 권선구","S090005896","수원금호초등학교","02","공립","N","","1","0","1","2","0","2","0","0","0","10","48","58","11","21","32","0","1","1","0","0","0","0","0","0","0","0","0","0","1","1","0","0","0","0","2","2","0","1","1","0","0","0","24","74","98"
"경기도교육청","경기도수원교육지원청","경기도 수원시 권선구","S090005897","능실초등학교","02","공립","N","","0","1","1","1","1","2","0","0","0","8","49","57","5","11","16","0","0","0","0","4","4","0","0","0","0","0","0","0","1","1","0","0","0","0","2","2","0","0","0","0","0","0","14","69","83"
"경기도교육청","경기도군포의왕교육지원청","경기도 의왕시","S090005912","포일초등학교","02","공립","N","","0","1","1","0","1","1","0","0","0","1","27","28","0","1","1","1","0","1","0","1","1","0","0","0","0","0","0","0","0","0","0","0","0","0","1","1","0","0","0","1","0","1","3","32","35"
"경기도교육청","경기도성남교육지원청","경기도 성남시 중원구","S090005914","성남여수초등학교","02","공립","N","","0","1","1","1","0","1","0","0","0","3","36","39","1","4","5","0","1","1","0","0","0","0","0","0","0","0","0","0","0","0","0","0","0","0","1","1","0","1","1","0","0","0","5","44","49"
"경기도교육청","경기도구리남양주교육지원청","경기도 남양주시","S090005988","부평초등학교","02","공립","N","","0","2","2","0","0","0","0","0","0","13","27","40","1","4","5","0","1","1","0","0","0","0","0","0","0","0","0","0","0","0","1","0","1","0","1","1","0","0","0","0","0","0","15","35","50"
"경기도교육청","경기도김포교육지원청","경기도 김포시","S090006026","김포금빛초등학교","02","공립","N","","1","1","2","1","0","1","0","0","0","16","42","58","11","9","20","0","0","0","0","1","1","0","0","0","0","0","0","0","1","1","0","0","0","0","2","2","1","0","1","0","0","0","30","56","86"
"경기도교육청","경기도김포교육지원청","경기도 김포시","S090006030","은여울초등학교","02","공립","N","","1","0","1","1","1","2","0","0","0","16","57","73","0","4","4","0","1","1","0","1","1","0","0","0","0","0","0","0","1","1","0","1","1","0","1","1","0","1","1","0","0","0","18","68","86"
"경기도교육청","경기도김포교육지원청","경기도 김포시","S090006033","나비초등학교","02","공립","N","","1","0","1","1","0","1","0","0","0","10","31","41","1","16","17","0","0","0","2","0","2","0","0","0","0","0","0","0","1","1","0","1","1","0","2","2","0","1","1","0","0","0","15","52","67"
"경기도교육청","경기도용인교육지원청","경기도 용인시 처인구","S090006039","함박초등학교","02","공립","N","","0","1","1","2","1","3","0","0","0","5","43","48","5","9","14","0","1","1","0","1","1","0","0","0","0","0","0","0","0","0","0","1","1","0","1","1","0","1","1","0","0","0","12","59","71"
"경기도교육청","경기도김포교육지원청","경기도 김포시","S090006040","운유초등학교","02","공립","N","","1","0","1","1","1","2","0","0","0","9","39","48","5","13","18","0","0","0","0","1","1","0","0","0","0","0","0","0","1","1","0","0","0","0","1","1","0","0","0","0","0","0","16","56","72"
"경기도교육청","경기도용인교육지원청","경기도 용인시 기흥구","S090006042","중일초등학교","02","공립","N","","0","1","1","2","0","2","0","0","0","7","46","53","1","7","8","0","1","1","0","0","0","0","0","0","0","0","0","0","1","1","0","0","0","0","2","2","0","1","1","0","0","0","10","59","69"
"경기도교육청","경기도김포교육지원청","경기도 김포시","S090006046","청수초등학교","02","공립","N","","0","1","1","1","1","2","0","0","0","13","62","75","3","7","10","0","0","0","0","3","3","0","0","0","0","0","0","0","1","1","0","1","1","0","2","2","0","2","2","0","0","0","17","80","97"
"경기도교육청","경기도동두천양주교육지원청","경기도 양주시","S090006053","율빛초등학교","02","공립","N","","0","1","1","0","1","1","0","0","0","5","15","20","1","23","24","0","1","1","0","1","1","0","0","0","0","0","0","0","1","1","0","1","1","0","1","1","0","1","1","0","0","0","6","46","52"
"경기도교육청","경기도동두천양주교육지원청","경기도 양주시","S090006058","율정초등학교","02","공립","N","","1","0","1","1","0","1","0","0","0","4","12","16","3","10","13","1","1","2","0","0","0","0","0","0","0","0","0","0","1","1","0","1","1","0","1","1","0","1","1","0","0","0","10","27","37"
"경기도교육청","경기도동두천양주교육지원청","경기도 양주시","S090006061","옥정초등학교","02","공립","N","","0","1","1","1","0","1","0","0","0","15","24","39","3","16","19","0","2","2","0","0","0","0","0","0","0","0","0","0","1","1","0","1","1","0","2","2","0","1","1","0","0","0","19","48","67"
"경기도교육청","경기도동두천양주교육지원청","경기도 양주시","S090006063","옥빛초등학교","02","공립","N","","1","0","1","1","1","2","0","0","0","11","20","31","3","31","34","0","1","1","0","1","1","0","0","0","0","0","0","0","1","1","0","1","1","0","2","2","0","1","1","0","0","0","16","59","75"
"경기도교육청","경기도고양교육지원청","경기도 고양시 덕양구","S090006096","고양오금초등학교","02","공립","N","","0","1","1","0","1","1","0","0","0","6","26","32","3","5","8","0","0","0","0","1","1","0","0","0","0","0","0","0","1","1","0","1","1","0","1","1","0","1","1","0","0","0","9","38","47"
"경기도교육청","경기도광주하남교육지원청","경기도 광주시","S090006100","신현초등학교","02","공립","N","","0","1","1","1","0","1","0","0","0","4","34","38","2","4","6","0","1","1","0","0","0","0","0","0","0","0","0","0","0","0","0","1","1","0","1","1","0","1","1","0","0","0","7","43","50"
"경기도교육청","경기도성남교육지원청","경기도 성남시 수정구","S090006104","위례한빛초등학교","02","공립","N","","0","1","1","1","1","2","0","0","0","3","58","61","1","4","5","0","1","1","0","2","2","0","0","0","0","0","0","0","1","1","0","1","1","0","3","3","0","1","1","0","0","0","5","73","78"
"경기도교육청","경기도성남교육지원청","경기도 성남시 수정구","S090006107","위례푸른초등학교","02","공립","N","","1","0","1","0","1","1","0","0","0","3","55","58","3","4","7","0","1","1","0","0","0","0","0","0","0","0","0","1","0","1","1","0","1","0","1","1","0","1","1","0","0","0","9","63","72"
"경기도교육청","경기도성남교육지원청","경기도 성남시 수정구","S090006108","위례고운초등학교","02","공립","N","","0","1","1","1","1","2","0","0","0","3","13","16","0","3","3","0","1","1","1","0","1","0","0","0","0","0","0","0","1","1","0","1","1","0","1","1","0","2","2","0","0","0","5","24","29"
"경기도교육청","경기도성남교육지원청","경기도 성남시 수정구","S090006109","위례중앙초등학교","02","공립","N","","1","0","1","0","1","1","0","1","1","2","24","26","1","6","7","0","1","1","0","0","0","0","0","0","0","0","0","0","0","0","0","1","1","0","1","1","0","1","1","0","0","0","4","36","40"
"경기도교육청","경기도광주하남교육지원청","경기도 광주시","S090006112","한아람초등학교","02","공립","N","","0","1","1","0","1","1","0","0","0","2","22","24","10","23","33","0","1","1","0","0","0","0","0","0","0","0","0","0","1","1","0","1","1","0","2","2","0","1","1","0","0","0","12","53","65"
"경기도교육청","경기도광주하남교육지원청","경기도 광주시","S090006113","태성초등학교","02","공립","N","","0","1","1","1","1","2","0","0","0","9","47","56","6","4","10","0","1","1","0","1","1","0","0","0","0","0","0","0","1","1","0","1","1","0","2","2","0","1","1","0","0","0","16","60","76"
"경기도교육청","경기도시흥교육지원청","경기도 시흥시","S090006122","배곧초등학교","02","공립","N","","0","1","1","2","0","2","0","0","0","20","52","72","4","3","7","0","2","2","1","0","1","0","0","0","0","0","0","0","1","1","0","1","1","0","2","2","0","2","2","0","0","0","27","64","91"
"경기도교육청","경기도시흥교육지원청","경기도 시흥시","S090006123","배곧라온초등학교","02","공립","N","","1","0","1","2","0","2","0","0","0","18","43","61","5","10","15","0","1","1","0","2","2","0","0","0","0","0","0","0","1","1","0","0","0","0","2","2","0","1","1","0","0","0","26","60","86"
"경기도교육청","경기도시흥교육지원청","경기도 시흥시","S090006131","산현초등학교","02","공립","N","","0","1","1","1","0","1","0","0","0","7","34","41","0","5","5","0","0","0","0","1","1","0","0","0","0","0","0","0","0","0","0","1","1","0","1","1","0","1","1","0","0","0","8","44","52"
"경기도교육청","경기도시흥교육지원청","경기도 시흥시","S090006132","운흥초등학교","02","공립","N","","1","0","1","0","1","1","0","0","0","13","35","48","3","7","10","0","2","2","0","0","0","0","0","0","0","0","0","0","1","1","0","1","1","0","3","3","0","1","1","0","0","0","17","51","68"
"경기도교육청","경기도시흥교육지원청","경기도 시흥시","S090006133","조남초등학교","02","공립","N","","0","1","1","0","1","1","0","0","0","5","31","36","1","1","2","0","2","2","0","1","1","0","0","0","0","0","0","0","0","0","0","1","1","0","1","1","0","1","1","0","0","0","6","40","46"
"경기도교육청","경기도시흥교육지원청","경기도 시흥시","S090006152","생금초등학교","02","공립","N","","1","0","1","0","1","1","0","0","0","5","14","19","2","4","6","0","0","0","0","1","1","0","0","0","0","0","0","0","0","0","0","0","0","0","2","2","0","1","1","0","0","0","8","23","31"
"경기도교육청","경기도화성오산교육지원청","경기도 화성시 만세구","S090006153","화원초등학교","02","공립","N","","1","0","1","1","0","1","0","0","0","16","24","40","4","9","13","0","0","0","0","2","2","0","0","0","0","0","0","0","1","1","0","0","0","0","2","2","0","1","1","0","0","0","22","39","61"
"경기도교육청","경기도화성오산교육지원청","경기도 화성시 만세구","S090006154","하길초등학교","02","공립","N","","0","1","1","1","1","2","0","0","0","15","34","49","5","11","16","0","0","0","0","2","2","0","0","0","0","0","0","0","1","1","0","0","0","0","2","2","0","1","1","0","0","0","21","53","74"
"경기도교육청","경기도수원교육지원청","경기도 수원시 권선구","S090006157","곡정초등학교","02","공립","N","","1","0","1","2","0","2","0","0","0","5","63","68","4","7","11","0","1","1","0","1","1","0","0","0","0","0","0","0","0","0","0","1","1","0","2","2","0","0","0","0","0","0","12","75","87"
"경기도교육청","경기도파주교육지원청","경기도 파주시","S090006164","산내초등학교","02","공립","N","","0","2","2","1","1","2","0","0","0","15","40","55","4","40","44","0","0","0","0","1","1","0","0","0","0","0","0","0","1","1","0","1","1","0","2","2","0","1","1","0","0","0","20","89","109"
"경기도교육청","경기도화성오산교육지원청","경기도 오산시","S090006418","금암초등학교","02","공립","N","","1","0","1","0","1","1","0","0","0","2","32","34","2","5","7","0","1","1","0","0","0","0","0","0","0","0","0","0","0","0","0","0","0","0","1","1","0","0","0","0","0","0","5","40","45"
"경기도교육청","경기도동두천양주교육지원청","경기도 양주시","S090006419","광사초등학교","02","공립","N","","1","0","1","0","1","1","0","0","0","4","26","30","4","5","9","0","1","1","0","0","0","0","0","0","0","0","0","0","1","1","1","1","2","0","1","1","0","1","1","0","0","0","10","37","47"
"경기도교육청","경기도광주하남교육지원청","경기도 하남시","S090006421","나룰초등학교","02","공립","N","","0","1","1","1","0","1","0","0","0","8","26","34","0","1","1","0","1","1","0","0","0","0","0","0","0","0","0","0","0","0","0","0","0","0","1","1","0","0","0","0","0","0","9","30","39"
"경기도교육청","경기도김포교육지원청","경기도 김포시","S090006425","마송중앙초등학교","02","공립","N","","0","1","1","1","0","1","0","0","0","7","9","16","3","5","8","0","1","1","1","1","2","0","0","0","0","0","0","0","0","0","0","0","0","0","1","1","0","0","0","0","2","2","12","20","32"
"경기도교육청","경기도군포의왕교육지원청","경기도 군포시","S090006431","부곡중앙초등학교","02","공립","N","","1","0","1","1","0","1","0","0","0","5","29","34","1","3","4","0","2","2","0","0","0","0","0","0","0","0","0","0","1","1","0","1","1","0","2","2","0","0","0","0","0","0","8","38","46"
"경기도교육청","경기도고양교육지원청","경기도 고양시 덕양구","S090006432","서정초등학교","02","공립","N","","1","0","1","0","1","1","0","0","0","3","18","21","0","1","1","0","1","1","0","0","0","0","0","0","0","0","0","0","1","1","0","1","1","0","1","1","0","0","0","0","0","0","4","24","28"
"경기도교육청","경기도성남교육지원청","경기도 성남시 분당구","S090006433","성남화랑초등학교","02","공립","N","","0","1","1","0","1","1","0","0","0","2","42","44","2","8","10","0","1","1","0","2","2","0","0","0","0","0","0","0","0","0","0","1","1","0","1","1","0","0","0","0","0","0","4","57","61"
"경기도교육청","경기도용인교육지원청","경기도 용인시 수지구","S090006434","성서초등학교","02","공립","N","","0","1","1","1","0","1","0","0","0","4","31","35","1","5","6","0","1","1","1","0","1","0","0","0","0","0","0","0","0","0","0","1","1","0","1","1","0","0","0","0","0","0","7","40","47"
"경기도교육청","경기도성남교육지원청","경기도 성남시 분당구","S090006439","신백현초등학교","02","공립","N","","0","1","1","0","1","1","0","0","0","2","33","35","2","2","4","0","2","2","0","1","1","0","0","0","0","0","0","0","0","0","0","0","0","0","1","1","0","1","1","0","0","0","4","42","46"
"경기도교육청","경기도김포교육지원청","경기도 김포시","S090006440","신양초등학교","02","공립","N","","1","0","1","0","1","1","0","0","0","16","20","36","3","3","6","1","0","1","0","1","1","0","0","0","0","0","0","0","1","1","0","1","1","0","1","1","0","0","0","0","0","0","21","28","49"
"경기도교육청","경기도고양교육지원청","경기도 고양시 일산동구","S090006443","양일초등학교","02","공립","N","","0","1","1","3","2","5","0","0","0","1","48","49","2","4","6","0","1","1","0","0","0","0","0","0","0","0","0","0","0","0","0","0","0","0","3","3","0","1","1","0","0","0","6","60","66"
"경기도교육청","경기도용인교육지원청","경기도 용인시 수지구","S090006445","용인신봉초등학교","02","공립","N","","0","1","1","1","0","1","0","2","2","5","43","48","1","6","7","0","1","1","0","0","0","0","0","0","0","0","0","0","1","1","0","1","1","0","1","1","0","0","0","0","0","0","7","56","63"
"경기도교육청","경기도파주교육지원청","경기도 파주시","S090006446","운광초등학교","02","공립","N","","1","0","1","1","0","1","0","0","0","9","21","30","1","15","16","1","1","2","0","0","0","1","1","2","0","0","0","0","1","1","0","0","0","0","1","1","0","1","1","0","0","0","14","41","55"
"경기도교육청","경기도이천교육지원청","경기도 이천시","S090006449","이천사동초등학교","02","공립","N","","0","1","1","1","0","1","0","0","0","8","20","28","0","5","5","0","0","0","0","1","1","0","0","0","0","0","0","0","1","1","0","1","1","0","1","1","0","0","0","0","0","0","9","30","39"
"경기도교육청","경기도구리남양주교육지원청","경기도 남양주시","S090006452","주곡초등학교","02","공립","N","","0","1","1","0","1","1","0","0","0","11","28","39","0","6","6","0","1","1","0","1","1","0","0","0","0","0","0","0","1","1","0","1","1","0","1","1","0","0","0","0","0","0","11","41","52"
"경기도교육청","경기도파주교육지원청","경기도 파주시","S090006454","한가람초등학교","02","공립","N","","1","0","1","3","2","5","0","0","0","10","33","43","4","14","18","0","0","0","0","1","1","0","0","0","0","0","0","0","1","1","0","0","0","0","2","2","0","1","1","0","0","0","18","54","72"
"경기도교육청","경기도파주교육지원청","경기도 파주시","S090006455","한빛초등학교","02","공립","N","","1","0","1","0","4","4","0","0","0","12","42","54","8","5","13","0","0","0","0","1","1","0","0","0","0","0","0","0","1","1","0","1","1","0","2","2","0","1","1","0","1","1","21","58","79"
"경기도교육청","경기도군포의왕교육지원청","경기도 군포시","S090006456","한얼초등학교","02","공립","N","","1","0","1","0","1","1","0","0","0","3","13","16","1","1","2","0","0","0","0","0","0","0","0","0","0","0","0","0","0","0","0","0","0","0","1","1","0","1","1","0","0","0","5","17","22"
"경기도교육청","경기도파주교육지원청","경기도 파주시","S090006458","해솔초등학교","02","공립","N","","0","1","1","1","0","1","0","0","0","8","37","45","1","8","9","0","0","0","0","1","1","0","0","0","0","0","0","0","1","1","0","0","0","0","1","1","0","0","0","0","0","0","10","49","59"
"경기도교육청","경기도구리남양주교육지원청","경기도 남양주시","S090006459","화도초등학교","02","공립","N","","1","0","1","0","1","1","0","0","0","10","36","46","1","2","3","0","1","1","0","1","1","0","0","0","0","0","0","0","1","1","0","0","0","0","1","1","0","1","1","0","0","0","12","44","56"
"경기도교육청","경기도구리남양주교육지원청","경기도 남양주시","S090006460","화봉초등학교","02","공립","N","","1","0","1","0","1","1","0","0","0","14","25","39","0","1","1","1","0","1","0","0","0","0","0","0","0","0","0","0","1","1","0","0","0","0","1","1","0","0","0","0","0","0","16","29","45"
"경기도교육청","경기도화성오산교육지원청","경기도 화성시 병점구","S090006650","서경초등학교","02","공립","N","","1","0","1","1","0","1","0","1","1","4","27","31","1","3","4","0","1","1","0","0","0","0","0","0","0","0","0","0","0","0","0","1","1","0","1","1","0","1","1","0","0","0","7","35","42"
"경기도교육청","경기도화성오산교육지원청","경기도 화성시 병점구","S090006651","화성반월초등학교","02","공립","N","","1","1","2","1","0","1","0","0","0","2","57","59","1","3","4","0","1","1","0","1","1","0","0","0","0","0","0","0","0","0","0","0","0","0","3","3","0","1","1","0","0","0","5","67","72"
"경기도교육청","경기도용인교육지원청","경기도 용인시 처인구","S090006759","두창초등학교","02","공립","N","","2","0","2","0","1","1","0","0","0","2","4","6","0","1","1","0","0","0","0","0","0","0","0","0","0","0","0","0","0","0","0","0","0","0","1","1","0","0","0","0","0","0","4","7","11"
"경기도교육청","경기도고양교육지원청","경기도 고양시 덕양구","S090006770","고양동산초등학교","02","공립","N","","0","1","1","1","1","2","0","0","0","6","50","56","0","3","3","0","3","3","0","0","0","0","0","0","0","0","0","0","1","1","0","1","1","0","3","3","0","1","1","0","0","0","7","64","71"
"경기도교육청","경기도평택교육지원청","경기도 평택시","S090006771","자란초등학교","02","공립","N","","1","0","1","0","1","1","0","0","0","7","12","19","3","11","14","0","1","1","0","1","1","0","0","0","0","0","0","0","1","1","0","1","1","0","2","2","0","0","0","0","0","0","11","30","41"
"경기도교육청","경기도수원교육지원청","경기도 수원시 권선구","S090006773","수원가온초등학교","02","공립","N","","1","0","1","3","0","3","0","0","0","8","44","52","4","4","8","0","1","1","0","1","1","0","0","0","0","0","0","0","1","1","0","1","1","0","3","3","0","1","1","0","0","0","16","56","72"
"경기도교육청","경기도수원교육지원청","경기도 수원시 장안구","S090006774","다솔초등학교","02","공립","N","","1","0","1","1","2","3","0","0","0","5","49","54","3","5","8","0","0","0","0","1","1","0","0","0","0","0","0","0","2","2","0","0","0","0","3","3","0","0","0","0","0","0","10","62","72"
"경기도교육청","경기도김포교육지원청","경기도 김포시","S090006775","하늘빛초등학교","02","공립","N","","0","1","1","2","1","3","0","0","0","7","49","56","3","12","15","0","1","1","0","0","0","0","0","0","0","0","0","0","1","1","0","0","0","0","3","3","0","0","0","0","0","0","12","68","80"
"경기도교육청","경기도김포교육지원청","경기도 김포시","S090006776","김포호수초등학교","02","공립","N","","2","0","2","0","2","2","0","0","0","9","48","57","6","9","15","0","0","0","0","2","2","0","0","0","0","0","0","0","0","0","0","1","1","0","2","2","0","1","1","0","0","0","17","65","82"
"경기도교육청","경기도파주교육지원청","경기도 파주시","S090006778","운정초등학교","02","공립","N","","1","0","1","1","1","2","0","0","0","5","28","33","1","10","11","0","0","0","0","2","2","0","0","0","0","0","0","0","0","0","0","1","1","0","2","2","0","1","1","0","0","0","8","45","53"
"경기도교육청","경기도의정부교육지원청","경기도 의정부시","S090006799","의정부송산초등학교","02","공립","N","","0","1","1","3","1","4","0","0","0","10","28","38","11","23","34","1","0","1","0","0","0","0","0","0","0","0","0","0","1","1","0","1","1","0","1","1","0","1","1","0","0","0","25","57","82"
"경기도교육청","경기도구리남양주교육지원청","경기도 남양주시","S090006801","남양주월산초등학교","02","공립","N","","0","1","1","1","0","1","0","0","0","11","23","34","1","4","5","0","1","1","0","0","0","0","0","0","0","0","0","0","1","1","0","1","1","0","1","1","0","1","1","0","0","0","13","33","46"
"경기도교육청","경기도구리남양주교육지원청","경기도 남양주시","S090006802","해밀초등학교","02","공립","N","","0","1","1","1","0","1","0","0","0","7","19","26","6","5","11","0","1","1","0","0","0","0","0","0","0","0","0","0","0","0","0","0","0","0","1","1","0","1","1","0","0","0","14","28","42"
"경기도교육청","경기도용인교육지원청","경기도 용인시 수지구","S090006847","매봉초등학교","02","공립","N","","1","0","1","0","1","1","0","0","0","2","27","29","6","7","13","0","1","1","0","0","0","0","0","0","0","0","0","0","1","1","0","0","0","0","1","1","0","1","1","0","0","0","9","39","48"
"경기도교육청","경기도광주하남교육지원청","경기도 하남시","S090006913","미사초등학교","02","공립","N","","0","1","1","0","1","1","0","0","0","7","47","54","0","0","0","0","3","3","0","1","1","0","0","0","0","0","0","0","1","1","0","1","1","1","0","1","0","2","2","0","0","0","8","57","65"
"경기도교육청","경기도광주하남교육지원청","경기도 하남시","S090006914","미사강변초등학교","02","공립","N","","0","2","2","1","1","2","0","0","0","8","57","65","3","10","13","0","0","0","0","1","1","0","0","0","0","0","0","0","1","1","0","0","0","0","2","2","0","0","0","0","0","0","12","74","86"
"경기도교육청","경기도의정부교육지원청","경기도 의정부시","S090006926","삼현초등학교","02","공립","N","","0","1","1","1","1","2","0","0","0","7","39","46","5","17","22","0","0","0","0","1","1","0","0","0","0","0","0","0","1","1","0","1","1","0","2","2","0","1","1","0","0","0","13","64","77"
"경기도교육청","경기도화성오산교육지원청","경기도 화성시 동탄구","S090006930","동탄중앙초등학교","02","공립","N","","1","0","1","1","1","2","0","0","0","10","52","62","5","17","22","0","1","1","0","1","1","0","0","0","0","0","0","0","1","1","0","0","0","0","2","2","0","1","1","0","0","0","17","76","93"
"경기도교육청","경기도화성오산교육지원청","경기도 화성시 동탄구","S090006931","화성청계초등학교","02","공립","N","","0","1","1","1","1","2","0","0","0","5","61","66","2","7","9","0","1","1","0","2","2","0","0","0","0","0","0","0","1","1","0","0","0","0","2","2","0","1","1","0","0","0","8","77","85"
"경기도교육청","경기도화성오산교육지원청","경기도 화성시 동탄구","S090006932","아인초등학교","02","공립","N","","1","0","1","0","1","1","0","0","0","8","43","51","2","4","6","0","1","1","0","0","0","0","0","0","0","0","0","0","1","1","0","1","1","0","1","1","0","1","1","0","0","0","11","53","64"
"경기도교육청","경기도화성오산교육지원청","경기도 화성시 동탄구","S090006933","무봉초등학교","02","공립","N","","0","1","1","1","0","1","0","0","0","4","28","32","2","2","4","0","1","1","0","0","0","0","0","0","0","0","0","0","0","0","0","0","0","0","1","1","0","1","1","0","0","0","7","34","41"
"경기도교육청","경기도화성오산교육지원청","경기도 화성시 동탄구","S090006935","예솔초등학교","02","공립","N","","1","0","1","1","0","1","0","0","0","4","42","46","2","1","3","0","1","1","0","0","0","0","0","0","0","0","0","0","1","1","0","0","0","0","1","1","0","1","1","0","0","0","8","47","55"
"경기도교육청","경기도화성오산교육지원청","경기도 화성시 동탄구","S090006936","청목초등학교","02","공립","N","","0","1","1","1","1","2","0","0","0","6","44","50","2","7","9","0","1","1","0","0","0","0","0","0","0","0","0","0","0","0","0","1","1","0","2","2","0","1","1","0","0","0","9","58","67"
"경기도교육청","경기도화성오산교육지원청","경기도 화성시 동탄구","S090006937","왕배초등학교","02","공립","N","","0","1","1","1","1","2","0","0","0","12","46","58","3","13","16","0","0","0","2","0","2","0","0","0","0","0","0","0","1","1","0","0","0","0","2","2","0","1","1","0","0","0","18","65","83"
"경기도교육청","경기도화성오산교육지원청","경기도 화성시 동탄구","S090006940","호연초등학교","02","공립","N","","1","0","1","1","0","1","0","0","0","3","17","20","4","12","16","0","1","1","0","0","0","0","0","0","0","0","0","0","0","0","0","1","1","0","2","2","0","2","2","0","0","0","9","35","44"
"경기도교육청","경기도화성오산교육지원청","경기도 화성시 동탄구","S090006942","방교초등학교","02","공립","N","","0","1","1","1","0","1","0","0","0","9","42","51","3","7","10","0","0","0","0","2","2","0","0","0","0","0","0","0","1","1","0","1","1","0","3","3","0","1","1","0","0","0","13","58","71"
"경기도교육청","경기도화성오산교육지원청","경기도 화성시 동탄구","S090006945","서연초등학교","02","공립","N","","0","1","1","1","1","2","0","0","0","8","34","42","6","18","24","0","2","2","0","1","1","0","0","0","0","0","0","0","1","1","0","1","1","0","2","2","0","1","1","0","0","0","15","62","77"
"경기도교육청","경기도화성오산교육지원청","경기도 화성시 동탄구","S090006946","영천초등학교","02","공립","N","","1","1","2","0","1","1","0","0","0","6","26","32","0","13","13","0","0","0","0","1","1","0","0","0","0","0","0","0","1","1","0","2","2","0","1","1","0","1","1","0","0","0","7","47","54"
"경기도교육청","경기도화성오산교육지원청","경기도 화성시 동탄구","S090006947","한백초등학교","02","공립","N","","0","1","1","1","0","1","0","1","1","8","34","42","6","11","17","0","0","0","0","2","2","0","0","0","0","0","0","0","1","1","0","0","0","0","2","2","0","2","2","0","0","0","15","54","69"
"경기도교육청","경기도고양교육지원청","경기도 고양시 덕양구","S090006954","도래울초등학교","02","공립","N","","0","1","1","0","1","1","0","1","1","8","42","50","2","1","3","0","1","1","0","0","0","0","0","0","0","0","0","0","1","1","0","0","0","0","1","1","0","1","1","0","0","0","10","50","60"
"경기도교육청","경기도구리남양주교육지원청","경기도 남양주시","S090006970","한별초등학교","02","공립","N","","0","1","1","1","1","2","0","0","0","10","28","38","2","7","9","1","1","2","0","1","1","0","0","0","0","0","0","0","1","1","0","0","0","0","1","1","0","1","1","0","0","0","14","42","56"
"경기도교육청","경기도구리남양주교육지원청","경기도 남양주시","S090006971","남양주샛별초등학교","02","공립","N","","1","0","1","0","1","1","0","0","0","11","41","52","4","8","12","0","0","0","0","2","2","0","0","0","0","0","0","0","0","0","0","1","1","0","3","3","0","0","0","0","0","0","16","56","72"
"경기도교육청","경기도양평교육지원청","경기도 양평군","S090006972","정배초등학교","02","공립","N","","0","2","2","0","0","0","0","0","0","4","5","9","0","0","0","0","0","0","0","1","1","0","0","0","0","0","0","0","0","0","0","1","1","0","1","1","0","0","0","0","0","0","4","10","14"
"경기도교육청","경기도광주하남교육지원청","경기도 하남시","S090007038","위례초등학교","02","공립","N","","0","1","1","0","2","2","0","1","1","2","69","71","3","6","9","0","1","1","0","0","0","0","0","0","0","0","0","0","1","1","0","1","1","0","3","3","0","1","1","0","0","0","5","86","91"
"경기도교육청","경기도광주하남교육지원청","경기도 하남시","S090007039","미사중앙초등학교","02","공립","N","","1","0","1","1","1","2","0","0","0","5","61","66","3","7","10","0","1","1","0","2","2","0","0","0","0","0","0","0","1","1","0","1","1","0","2","2","0","1","1","0","0","0","10","77","87"
"경기도교육청","경기도평택교육지원청","경기도 평택시","S090007050","현촌초등학교","02","공립","N","","1","0","1","1","1","2","0","0","0","7","36","43","3","11","14","1","2","3","0","0","0","0","0","0","0","0","0","0","1","1","0","1","1","0","2","2","0","1","1","0","0","0","13","55","68"
"경기도교육청","경기도안성교육지원청","경기도 안성시","S090007111","어울초등학교","02","공립","N","","0","1","1","2","0","2","0","0","0","7","12","19","3","9","12","0","1","1","0","0","0","0","0","0","0","0","0","0","1","1","0","1","1","0","1","1","0","1","1","0","0","0","12","27","39"
"경기도교육청","경기도부천교육지원청","경기도 부천시 소사구","S090007116","옥길버들초등학교","02","공립","N","","1","0","1","2","1","3","0","0","0","8","43","51","4","7","11","0","2","2","0","0","0","0","0","0","0","0","0","0","0","0","0","1","1","0","1","1","0","1","1","0","0","0","15","56","71"
"경기도교육청","경기도부천교육지원청","경기도 부천시 소사구","S090007117","옥길산들초등학교","02","공립","N","","0","1","1","3","1","4","0","0","0","3","76","79","7","7","14","0","1","1","0","1","1","0","0","0","0","0","0","0","1","1","0","0","0","0","2","2","0","2","2","0","0","0","13","92","105"
"경기도교육청","경기도용인교육지원청","경기도 용인시 기흥구","S090007135","샘말초등학교","02","공립","N","","0","1","1","0","1","1","0","0","0","5","45","50","3","3","6","0","1","1","0","0","0","0","0","0","0","0","0","0","1","1","0","1","1","0","2","2","0","0","0","0","0","0","8","55","63"
"경기도교육청","경기도화성오산교육지원청","경기도 화성시 만세구","S090007139","송린초등학교","02","공립","N","","0","1","1","1","1","2","0","0","0","5","21","26","10","29","39","0","1","1","0","1","1","0","0","0","0","0","0","0","1","1","0","0","0","0","2","2","0","1","1","0","0","0","16","58","74"
"경기도교육청","경기도화성오산교육지원청","경기도 화성시 동탄구","S090007140","한율초등학교","02","공립","N","","1","0","1","1","2","3","0","0","0","10","36","46","5","20","25","0","0","0","2","0","2","0","0","0","0","0","0","0","2","2","0","0","0","0","2","2","0","1","1","0","0","0","19","63","82"
"경기도교육청","경기도광주하남교육지원청","경기도 광주시","S090007159","역동초등학교","02","공립","N","","0","1","1","0","1","1","0","1","1","6","37","43","1","2","3","0","1","1","0","0","0","0","0","0","0","0","0","0","2","2","0","0","0","0","2","2","0","1","1","0","0","0","7","48","55"
"경기도교육청","경기도구리남양주교육지원청","경기도 구리시","S090007160","산마루초등학교","02","공립","N","","0","1","1","2","0","2","0","0","0","3","43","46","1","4","5","0","2","2","0","0","0","0","0","0","0","0","0","0","0","0","0","1","1","0","1","1","0","1","1","0","0","0","6","53","59"
"경기도교육청","경기도평택교육지원청","경기도 평택시","S090007161","평택이화초등학교","02","공립","N","","0","1","1","1","1","2","0","1","1","12","32","44","4","11","15","0","0","0","0","1","1","0","0","0","0","0","0","0","1","1","0","0","0","0","1","1","0","1","1","0","0","0","17","50","67"
"경기도교육청","경기도광주하남교육지원청","경기도 하남시","S090007162","윤슬초등학교","02","공립","N","","0","1","1","1","1","2","0","0","0","8","56","64","3","7","10","0","2","2","0","1","1","0","0","0","0","0","0","0","1","1","0","1","1","0","2","2","0","2","2","0","0","0","12","74","86"
"경기도교육청","경기도광주하남교육지원청","경기도 하남시","S090007163","한홀초등학교","02","공립","N","","0","1","1","1","0","1","0","0","0","5","44","49","1","10","11","0","1","1","1","1","2","0","0","0","0","0","0","0","1","1","0","1","1","0","2","2","0","1","1","0","0","0","8","62","70"
"경기도교육청","경기도광주하남교육지원청","경기도 하남시","S090007164","청아초등학교","02","공립","N","","0","1","1","2","0","2","0","0","0","5","52","57","3","8","11","1","1","2","0","0","0","0","0","0","0","0","0","0","1","1","0","1","1","0","2","2","0","2","2","0","0","0","11","68","79"
"경기도교육청","경기도수원교육지원청","경기도 수원시 영통구","S090007194","광교호수초등학교","02","공립","N","","1","0","1","0","1","1","0","0","0","6","23","29","7","20","27","0","1","1","0","0","0","0","0","0","0","0","0","1","0","1","0","1","1","0","2","2","0","1","1","0","0","0","15","49","64"
"경기도교육청","경기도시흥교육지원청","경기도 시흥시","S090007197","배곧한울초등학교","02","공립","N","","0","1","1","1","0","1","0","0","0","20","27","47","6","8","14","0","2","2","1","1","2","0","0","0","0","0","0","0","0","0","0","0","0","0","2","2","0","0","0","0","0","0","28","41","69"
"경기도교육청","경기도화성오산교육지원청","경기도 오산시","S090007217","다온초등학교","02","공립","N","","1","1","2","0","0","0","0","0","0","6","33","39","1","3","4","1","1","2","0","0","0","0","0","0","0","0","0","0","1","1","0","0","0","0","1","1","0","1","1","0","0","0","9","41","50"
"경기도교육청","경기도시흥교육지원청","경기도 시흥시","S090007226","배곧해솔초등학교","02","공립","N","","0","1","1","1","3","4","0","0","0","20","37","57","8","11","19","0","2","2","0","0","0","0","0","0","0","0","0","0","1","1","0","1","1","0","2","2","0","1","1","0","0","0","29","59","88"
"경기도교육청","경기도수원교육지원청","경기도 수원시 영통구","S090007230","망포초등학교","02","공립","N","","0","1","1","1","1","2","0","0","0","1","63","64","4","16","20","1","0","1","0","0","0","0","0","0","0","0","0","0","0","0","0","0","0","0","2","2","0","1","1","0","0","0","7","84","91"
"경기도교육청","경기도용인교육지원청","경기도 용인시 기흥구","S090007235","용인한얼초등학교","02","공립","N","","0","1","1","1","0","1","0","0","0","10","22","32","3","24","27","0","1","1","0","1","1","0","0","0","0","0","0","0","0","0","0","0","0","0","2","2","0","1","1","0","0","0","14","52","66"
"경기도교육청","경기도평택교육지원청","경기도 평택시","S090007236","평택청아초등학교","02","공립","N","","1","0","1","1","0","1","0","0","0","12","23","35","7","9","16","1","1","2","0","0","0","0","0","0","0","0","0","0","1","1","0","1","1","0","2","2","0","1","1","0","0","0","22","38","60"
"경기도교육청","경기도구리남양주교육지원청","경기도 남양주시","S090007239","다산가람초등학교","02","공립","N","","0","1","1","1","1","2","0","0","0","8","38","46","1","11","12","0","1","1","0","0","0","0","0","0","0","0","0","0","0","0","0","1","1","0","1","1","0","1","1","0","0","0","10","55","65"
"경기도교육청","경기도평택교육지원청","경기도 평택시","S090007240","용죽초등학교","02","공립","N","","0","1","1","1","2","3","0","0","0","6","63","69","4","9","13","0","0","0","0","1","1","0","0","0","0","0","0","0","1","1","0","0","0","0","3","3","0","2","2","0","0","0","11","82","93"
"경기도교육청","경기도화성오산교육지원청","경기도 화성시 동탄구","S090007241","동탄목동초등학교","02","공립","N","","2","0","2","0","2","2","0","0","0","4","46","50","8","13","21","0","1","1","0","1","1","0","0","0","0","0","0","0","1","1","0","0","0","0","2","2","0","1","1","0","0","0","14","67","81"
"경기도교육청","경기도화성오산교육지원청","경기도 화성시 동탄구","S090007244","다원초등학교","02","공립","N","","2","0","2","0","0","0","0","0","0","3","22","25","4","9","13","0","2","2","0","0","0","0","0","0","0","0","0","0","2","2","0","0","0","0","1","1","0","1","1","0","0","0","9","37","46"
"경기도교육청","경기도화성오산교육지원청","경기도 화성시 효행구","S090007255","효행초등학교","02","공립","N","","1","0","1","1","2","3","0","0","0","28","41","69","3","3","6","1","3","4","2","1","3","0","0","0","0","0","0","0","1","1","0","1","1","0","2","2","0","1","1","0","0","0","36","55","91"
"경기도교육청","경기도화성오산교육지원청","경기도 화성시 만세구","S090007257","대양초등학교","02","공립","N","","0","1","1","0","1","1","0","0","0","11","28","39","5","7","12","0","1","1","0","2","2","0","0","0","0","0","0","0","1","1","0","1","1","0","1","1","0","0","0","0","0","0","16","43","59"
"경기도교육청","경기도화성오산교육지원청","경기도 화성시 동탄구","S090007263","치동초등학교","02","공립","N","","0","1","1","1","0","1","0","0","0","7","33","40","1","3","4","0","1","1","0","0","0","0","0","0","0","0","0","0","1","1","0","0","0","0","1","1","0","0","0","0","0","0","9","40","49"
"경기도교육청","경기도화성오산교육지원청","경기도 화성시 동탄구","S090007265","정현초등학교","02","공립","N","","0","1","1","1","1","2","0","0","0","8","30","38","4","23","27","0","2","2","0","0","0","0","0","0","0","0","0","0","1","1","0","1","1","0","2","2","0","1","1","0","0","0","13","62","75"
"경기도교육청","경기도평택교육지원청","경기도 평택시","S090007268","가내초등학교","02","공립","N","","0","1","1","2","0","2","0","0","0","7","42","49","3","16","19","0","0","0","0","3","3","1","0","1","0","0","0","0","0","0","0","1","1","0","2","2","0","1","1","0","0","0","13","66","79"
"경기도교육청","경기도광주하남교육지원청","경기도 광주시","S090007274","광주송정초등학교","02","공립","N","","1","0","1","1","0","1","0","0","0","13","15","28","1","3","4","0","1","1","0","1","1","0","0","0","0","0","0","0","0","0","0","0","0","0","1","1","0","1","1","0","0","0","16","22","38"
"경기도교육청","경기도구리남양주교육지원청","경기도 남양주시","S090007275","다산한강초등학교","02","공립","N","","1","0","1","1","1","2","0","1","1","3","71","74","3","18","21","0","2","2","0","0","0","0","0","0","0","0","0","0","1","1","0","1","1","0","3","3","0","1","1","0","0","0","8","99","107"
"경기도교육청","경기도군포의왕교육지원청","경기도 의왕시","S090007277","백운호수초등학교","02","공립","N","","1","0","1","0","2","2","0","1","1","4","18","22","0","3","3","0","1","1","0","0","0","0","0","0","0","0","0","0","0","0","0","1","1","0","1","1","0","1","1","0","1","1","5","29","34"
"경기도교육청","경기도고양교육지원청","경기도 고양시 일산동구","S090007279","한류초등학교","02","공립","N","","0","1","1","3","0","3","0","0","0","5","36","41","1","11","12","0","0","0","0","1","1","0","0","0","0","0","0","0","1","1","0","1","1","0","2","2","0","1","1","0","0","0","9","54","63"
"경기도교육청","경기도군포의왕교육지원청","경기도 군포시","S090007298","송안초등학교","02","공립","N","","0","1","1","0","1","1","0","1","1","7","20","27","1","12","13","0","2","2","0","0","0","0","0","0","0","0","0","0","0","0","0","1","1","0","2","2","0","1","1","0","0","0","8","41","49"
"경기도교육청","경기도구리남양주교육지원청","경기도 남양주시","S090007307","남양주다산초등학교","02","공립","N","","1","0","1","0","1","1","0","0","0","10","44","54","5","12","17","0","1","1","0","0","0","0","0","0","0","0","0","0","0","0","0","1","1","0","2","2","0","1","1","0","0","0","16","62","78"
"경기도교육청","경기도화성오산교육지원청","경기도 오산시","S090007310","세마초등학교","02","공립","N","","0","1","1","0","1","1","0","0","0","4","25","29","1","2","3","0","0","0","0","1","1","0","0","0","0","0","0","0","0","0","0","0","0","0","1","1","0","1","1","0","0","0","5","32","37"
"경기도교육청","경기도구리남양주교육지원청","경기도 남양주시","S090007320","다산새봄초등학교","02","공립","N","","0","1","1","1","1","2","0","0","0","10","41","51","5","17","22","0","1","1","1","0","1","0","0","0","0","0","0","0","0","0","0","1","1","0","2","2","0","1","1","0","0","0","17","65","82"
"경기도교육청","경기도고양교육지원청","경기도 고양시 덕양구","S090007321","창릉초등학교","02","공립","N","","0","1","1","1","0","1","0","0","0","6","20","26","0","3","3","0","0","0","0","2","2","0","0","0","0","0","0","0","0","0","0","0","0","0","1","1","0","1","1","0","0","0","7","28","35"
"경기도교육청","경기도고양교육지원청","경기도 고양시 덕양구","S090007322","향동숲내초등학교","02","공립","N","","0","1","1","0","1","1","0","0","0","4","26","30","5","11","16","0","1","1","0","1","1","0","0","0","0","0","0","0","1","1","0","1","1","0","1","1","0","1","1","0","0","0","9","45","54"
"경기도교육청","경기도의정부교육지원청","경기도 의정부시","S090007323","훈민초등학교","02","공립","N","","1","0","1","0","3","3","0","0","0","4","8","12","3","26","29","0","2","2","0","0","0","0","0","0","0","0","0","0","0","0","0","1","1","0","1","1","0","1","1","0","0","0","8","42","50"
"경기도교육청","경기도시흥교육지원청","경기도 시흥시","S090007325","은빛초등학교","02","공립","N","","0","1","1","1","1","2","0","0","0","13","56","69","3","11","14","0","1","1","1","2","3","0","0","0","0","0","0","1","0","1","0","1","1","0","3","3","0","1","1","0","0","0","19","77","96"
"경기도교육청","경기도시흥교육지원청","경기도 시흥시","S090007326","배곧누리초등학교","02","공립","N","","0","1","1","0","1","1","0","0","0","13","21","34","3","6","9","0","1","1","0","0","0","0","0","0","0","0","0","0","0","0","0","1","1","0","2","2","0","2","2","0","0","0","16","35","51"
"경기도교육청","경기도광주하남교육지원청","경기도 하남시","S090007327","감일초등학교","02","공립","N","","0","1","1","1","0","1","0","0","0","3","17","20","11","17","28","0","1","1","0","0","0","0","0","0","0","0","0","0","0","0","0","1","1","0","1","1","0","1","1","0","0","0","15","39","54"
"경기도교육청","경기도광주하남교육지원청","경기도 광주시","S090007329","광주푸른초등학교","02","공립","N","","0","1","1","1","0","1","0","0","0","8","14","22","2","8","10","0","1","1","0","0","0","0","0","0","0","0","0","0","0","0","0","0","0","0","1","1","0","1","1","0","0","0","11","26","37"
"경기도교육청","경기도화성오산교육지원청","경기도 화성시 만세구","S090007331","새솔초등학교","02","공립","N","","1","0","1","1","0","1","0","0","0","6","25","31","4","24","28","0","1","1","0","1","1","0","0","0","0","0","0","0","1","1","0","0","0","0","2","2","0","1","1","0","0","0","12","55","67"
"경기도교육청","경기도화성오산교육지원청","경기도 화성시 동탄구","S090007333","세정초등학교","02","공립","N","","2","0","2","0","0","0","0","0","0","5","19","24","8","18","26","0","1","1","0","0","0","0","0","0","0","0","0","0","1","1","0","1","1","0","2","2","0","1","1","0","0","0","15","43","58"
"경기도교육청","경기도화성오산교육지원청","경기도 화성시 동탄구","S090007334","청림초등학교","02","공립","N","","0","1","1","2","1","3","0","0","0","8","34","42","6","11","17","0","1","1","1","1","2","0","0","0","0","0","0","0","1","1","0","0","0","0","1","1","0","1","1","0","0","0","17","52","69"
"경기도교육청","경기도평택교육지원청","경기도 평택시","S090007335","평택대동초등학교","02","공립","N","","1","0","1","0","1","1","0","0","0","7","14","21","2","6","8","0","0","0","0","1","1","0","0","0","0","0","0","0","0","0","0","0","0","0","1","1","0","1","1","0","0","0","10","24","34"
"경기도교육청","경기도평택교육지원청","경기도 평택시","S090007337","평택새빛초등학교","02","공립","N","","1","0","1","0","1","1","0","0","0","7","12","19","4","18","22","0","1","1","0","0","0","0","0","0","0","0","0","0","0","0","0","0","0","0","1","1","0","1","1","0","0","0","12","34","46"
"경기도교육청","경기도안산교육지원청","경기도 안산시 상록구","S090007338","안산해솔초등학교","02","공립","N","","1","0","1","0","2","2","1","0","1","12","51","63","12","23","35","1","0","1","0","1","1","0","0","0","0","0","0","0","1","1","0","1","1","0","2","2","0","1","1","0","0","0","27","82","109"
"경기도교육청","경기도용인교육지원청","경기도 용인시 처인구","S090007349","남곡초등학교남곡분교장","02","공립","N","","0","0","0","0","0","0","0","0","0","1","2","3","0","0","0","0","0","0","0","0","0","0","0","0","0","0","0","0","0","0","0","0","0","0","1","1","0","1","1","0","0","0","1","4","5"
"경기도교육청","경기도화성오산교육지원청","경기도 화성시 효행구","S090007361","수현초등학교","02","공립","N","","0","1","1","1","0","1","0","0","0","8","11","19","3","4","7","0","0","0","0","1","1","0","0","0","0","0","0","0","0","0","0","1","1","0","1","1","0","1","1","0","0","0","12","20","32"
"경기도교육청","경기도파주교육지원청","경기도 파주시","S090007363","산들초등학교","02","공립","N","","1","0","1","1","1","2","0","0","0","6","15","21","4","16","20","0","1","1","0","0","0","0","0","0","0","0","0","0","0","0","0","1","1","0","2","2","0","1","1","0","0","0","12","37","49"
"경기도교육청","경기도화성오산교육지원청","경기도 화성시 동탄구","S090007371","이솔초등학교","02","공립","N","","0","1","1","3","1","4","0","0","0","5","12","17","2","3","5","1","0","1","0","1","1","0","0","0","0","0","0","0","0","0","0","0","0","0","1","1","0","1","1","0","0","0","11","20","31"
"경기도교육청","경기도고양교육지원청","경기도 고양시 덕양구","S090007375","향동초등학교","02","공립","N","","0","1","1","2","0","2","0","0","0","3","21","24","8","7","15","0","1","1","0","0","0","0","0","0","0","0","0","0","1","1","0","1","1","0","1","1","0","1","1","0","0","0","13","34","47"
"경기도교육청","경기도고양교육지원청","경기도 고양시 덕양구","S090007378","지축초등학교","02","공립","N","","0","1","1","1","0","1","0","0","0","3","21","24","8","20","28","0","1","1","0","0","0","0","0","0","0","0","0","0","0","0","0","2","2","0","1","1","0","1","1","0","0","0","12","47","59"
"경기도교육청","경기도화성오산교육지원청","경기도 화성시 동탄구","S090007396","여울초등학교","02","공립","N","","0","1","1","1","0","1","0","0","0","4","26","30","4","12","16","0","3","3","0","0","0","0","0","0","0","0","0","0","0","0","0","1","1","0","1","1","0","1","1","0","0","0","9","45","54"
"경기도교육청","경기도화성오산교육지원청","경기도 화성시 동탄구","S090007397","늘봄초등학교","02","공립","N","","0","1","1","0","1","1","0","0","0","1","17","18","1","2","3","0","0","0","0","0","0","0","0","0","0","0","0","0","0","0","0","1","1","0","1","1","0","1","1","0","0","0","2","24","26"
"경기도교육청","경기도평택교육지원청","경기도 평택시","S090007398","평택서재초등학교","02","공립","N","","1","0","1","0","2","2","0","0","0","11","33","44","3","24","27","0","1","1","0","1","1","0","0","0","0","0","0","0","1","1","0","1","1","0","2","2","0","2","2","0","1","1","15","68","83"
"경기도교육청","경기도구리남양주교육지원청","경기도 남양주시","S090007407","다산하늘초등학교","02","공립","N","","1","0","1","1","1","2","0","0","0","7","14","21","7","10","17","1","1","2","0","0","0","0","0","0","0","0","0","0","0","0","0","1","1","0","1","1","0","1","1","0","0","0","17","29","46"
"경기도교육청","경기도구리남양주교육지원청","경기도 남양주시","S090007424","은솔초등학교","02","공립","N","","0","1","1","0","1","1","0","0","0","4","23","27","0","2","2","0","0","0","0","2","2","0","0","0","0","0","0","0","1","1","0","1","1","0","1","1","0","1","1","0","0","0","4","33","37"
"경기도교육청","경기도광주하남교육지원청","경기도 하남시","S090007435","위례숲초등학교","02","공립","N","","1","0","1","1","0","1","0","0","0","3","21","24","8","14","22","0","1","1","0","0","0","0","0","0","0","0","0","0","0","0","0","1","1","0","1","1","0","1","1","0","1","1","13","40","53"
"경기도교육청","경기도광주하남교육지원청","경기도 하남시","S090007436","신우초등학교","02","공립","N","","1","0","1","0","1","1","0","0","0","5","12","17","1","9","10","0","1","1","0","0","0","0","0","0","0","0","0","0","0","0","0","1","1","0","1","1","0","1","1","0","0","0","7","26","33"
"경기도교육청","경기도시흥교육지원청","경기도 시흥시","S090007437","한여울초등학교","02","공립","N","","1","0","1","0","1","1","0","0","0","3","14","17","4","2","6","0","3","3","2","4","6","0","0","0","0","0","0","0","0","0","0","1","1","0","1","1","0","1","1","0","0","0","10","27","37"
"경기도교육청","경기도구리남양주교육지원청","경기도 남양주시","S090007443","하랑초등학교","02","공립","N","","1","0","1","1","1","2","0","0","0","6","17","23","4","9","13","0","0","0","1","0","1","0","0","0","0","0","0","0","1","1","0","1","1","0","1","1","0","1","1","0","0","0","13","31","44"
"경기도교육청","경기도평택교육지원청","경기도 평택시","S090007450","세아초등학교","02","공립","N","","0","1","1","0","1","1","0","0","0","3","9","12","4","15","19","0","1","1","0","0","0","0","0","0","0","0","0","0","0","0","0","1","1","0","1","1","0","1","1","0","0","0","7","30","37"
"경기도교육청","경기도성남교육지원청","경기도 성남시 분당구","S090007517","판교대장초등학교","02","공립","N","","0","0","0","1","0","1","0","0","0","3","17","20","6","14","20","0","1","1","0","0","0","0","0","0","0","0","0","0","1","1","0","1","1","0","1","1","0","1","1","0","0","0","10","36","46"
"경기도교육청","경기도광주하남교육지원청","경기도 하남시","S090007520","단샘초등학교","02","공립","N","","1","0","1","1","0","1","0","0","0","6","32","38","6","6","12","0","2","2","0","0","0","0","0","0","0","0","0","0","0","0","0","1","1","0","1","1","0","1","1","0","0","0","14","43","57"
"경기도교육청","경기도화성오산교육지원청","경기도 화성시 병점구","S090007523","새봄초등학교","02","공립","N","","0","2","2","0","1","1","0","0","0","3","33","36","1","3","4","0","0","0","0","2","2","0","0","0","0","0","0","0","0","0","0","0","0","0","1","1","0","1","1","0","0","0","4","43","47"
"경기도교육청","경기도파주교육지원청","경기도 파주시","S090007576","초롱초등학교","02","공립","N","","0","1","1","1","0","1","0","0","0","5","6","11","3","20","23","0","1","1","0","1","1","0","0","0","0","0","0","0","0","0","0","0","0","0","1","1","0","1","1","0","0","0","9","31","40"
"경기도교육청","경기도구리남양주교육지원청","경기도 남양주시","S090007581","다산별빛초등학교","02","공립","N","","1","0","1","1","1","2","0","0","0","8","13","21","0","3","3","0","1","1","0","0","0","0","0","0","0","0","0","0","0","0","0","1","1","0","1","1","0","1","1","0","0","0","10","21","31"
"경기도교육청","경기도파주교육지원청","경기도 파주시","S090007583","다율초등학교","02","공립","N","","0","1","1","1","0","1","0","0","0","3","9","12","0","7","7","0","0","0","0","1","1","0","0","0","0","0","0","0","0","0","0","1","1","0","1","1","0","1","1","0","0","0","4","21","25"
"경기도교육청","경기도고양교육지원청","경기도 고양시 덕양구","S090007603","원흥초등학교","02","공립","N","","0","1","1","1","0","1","0","0","0","3","10","13","2","3","5","0","0","0","0","1","1","0","0","0","0","0","0","0","0","0","0","1","1","0","2","2","0","1","1","0","0","0","6","19","25"
"경기도교육청","경기도평택교육지원청","경기도 평택시","S090007607","평택모산초등학교","02","공립","N","","1","0","1","1","0","1","0","1","1","8","16","24","3","22","25","0","1","1","0","0","0","0","0","0","0","0","0","0","1","1","0","1","1","0","1","1","0","1","1","0","0","0","13","44","57"
"경기도교육청","경기도시흥교육지원청","경기도 시흥시","S090007611","시흥가온초등학교","02","공립","N","","1","0","1","0","1","1","0","0","0","12","11","23","5","30","35","0","0","0","0","1","1","0","0","0","0","0","0","0","0","0","0","0","0","0","2","2","0","1","1","0","0","0","18","46","64"
"경기도교육청","경기도김포교육지원청","경기도 김포시","S090007614","향산초등학교","02","공립","N","","0","0","0","1","0","1","0","0","0","18","17","35","2","8","10","0","1","1","0","0","0","0","0","0","0","0","0","0","0","0","0","0","0","0","1","1","0","0","0","0","0","0","21","27","48"
"경기도교육청","경기도김포교육지원청","경기도 김포시","S090007616","김포나진초등학교","02","공립","N","","1","0","1","0","1","1","0","0","0","6","15","21","8","28","36","0","1","1","1","0","1","0","0","0","0","0","0","0","1","1","1","0","1","0","2","2","0","1","1","0","0","0","17","49","66"
"경기도교육청","경기도김포교육지원청","경기도 김포시","S090007618","김포구래초등학교","02","공립","N","","1","0","1","0","1","1","0","0","0","3","18","21","4","17","21","0","2","2","0","0","0","0","0","0","0","0","0","0","1","1","0","0","0","0","1","1","0","1","1","0","0","0","8","41","49"
"경기도교육청","경기도포천교육지원청","경기도 포천시","S090007911","포담초등학교","02","공립","N","","0","1","1","0","1","1","0","0","0","3","1","4","2","4","6","0","0","0","0","1","1","0","0","0","0","0","0","0","0","0","0","1","1","0","1","1","0","0","0","0","0","0","5","10","15"