"시도교육청","교육지원청","지역","정보공시 학교코드","학교명","학교급코드","설립구분","제외여부","제외사유","교장(남)","교장(여)","교장(계)","교감(남)","교감(여)","교감(계)","수석교사(남)","수석교사(여)","수석교사(계)","정교사(1정)(남)","정교사(1정)(여)","정교사(1정)(계)","정교사(2정)(남)","정교사(2정)(여)","정교사(2정)(계)","특수1정(남)","특수1정(여)","특수1정(계)","특수2정(남)","특수2정(여)","특수2정(계)","준교사(남)","준교사(여)","준교사(계)","실기교사(남)","실기교사(여)","실기교사(계)","전문상담교사(남)","전문상담교사(여)","전문상담교사(계)","사서교사(남)","사서교사(여)","사서교사(계)","보건교사(남)","보건교사(여)","보건교사(계)","영양교사(남)","영양교사(여)","영양교사(계)","해당없음(남)","해당없음(여)","해당없음(계)","계(남)","계(여)","계"
"경기도교육청","경기도가평교육지원청","경기도 가평군","S090000876","가평중학교","03","공립","N","","0","1","1","1","0","1","0","0","0","7","14","21","4","14","18","0","1","1","0","1","1","0","0","0","0","0","0","0","1","1","0","0","0","0","1","1","0","0","0","0","0","0","12","33","45"
"경기도교육청","경기도가평교육지원청","경기도 가평군","S090000877","가평북중학교","03","공립","N","","1","0","1","1","0","1","0","0","0","4","3","7","2","2","4","1","0","1","0","0","0","0","0","0","0","0","0","0","1","1","0","0","0","0","1","1","0","0","0","0","0","0","9","7","16"
"경기도교육청","경기도가평교육지원청","경기도 가평군","S090000878","설악중학교","03","공립","N","","0","0","0","1","0","1","0","0","0","0","4","4","3","10","13","0","0","0","0","1","1","0","0","0","0","0","0","0","0","0","0","0","0","0","1","1","0","0","0","0","0","0","4","16","20"
"경기도교육청","경기도가평교육지원청","경기도 가평군","S090000879","조종중학교","03","공립","N","","0","0","0","1","0","1","0","0","0","6","3","9","3","6","9","1","1","2","0","0","0","0","0","0","0","0","0","0","1","1","0","0","0","0","1","1","0","0","0","0","0","0","11","12","23"
"경기도교육청","경기도가평교육지원청","경기도 가평군","S090000880","청평중학교","03","공립","N","","1","0","1","1","0","1","0","0","0","8","3","11","2","6","8","0","0","0","0","1","1","0","0","0","0","0","0","0","1","1","0","1","1","0","1","1","0","0","0","0","0","0","12","13","25"
"경기도교육청","경기도고양교육지원청","경기도 고양시 덕양구","S090000944","가람중학교","03","공립","N","","0","1","1","0","1","1","0","0","0","4","18","22","4","5","9","0","1","1","0","0","0","0","0","0","0","0","0","0","1","1","0","1","1","0","1","1","0","1","1","0","0","0","8","30","38"
"경기도교육청","경기도고양교육지원청","경기도 고양시 덕양구","S090000946","고양중학교","03","공립","N","","0","1","1","0","1","1","0","0","0","11","35","46","3","9","12","1","2","3","0","0","0","0","0","0","0","0","0","0","1","1","0","0","0","0","1","1","0","0","0","0","0","0","15","50","65"
"경기도교육청","경기도고양교육지원청","경기도 고양시 덕양구","S090000947","능곡중학교","03","공립","N","","1","1","2","0","0","0","0","0","0","5","18","23","3","6","9","0","1","1","0","2","2","0","0","0","0","0","0","1","0","1","0","1","1","0","1","1","0","0","0","0","0","0","10","30","40"
"경기도교육청","경기도고양교육지원청","경기도 고양시 일산서구","S090000948","대화중학교","03","공립","N","","1","1","2","0","0","0","0","0","0","4","24","28","3","5","8","0","0","0","0","0","0","0","0","0","0","0","0","0","1","1","0","1","1","0","1","1","0","1","1","0","0","0","8","34","42"
"경기도교육청","경기도고양교육지원청","경기도 고양시 덕양구","S090000949","덕양중학교","03","공립","N","","0","1","1","0","1","1","0","0","0","4","11","15","1","3","4","1","0","1","1","0","1","0","0","0","0","0","0","0","1","1","0","0","0","0","1","1","0","1","1","0","0","0","7","19","26"
"경기도교육청","경기도고양교육지원청","경기도 고양시 덕양구","S090000950","무원중학교","03","공립","N","","1","1","2","0","0","0","0","0","0","10","17","27","2","7","9","0","3","3","0","0","0","0","0","0","0","0","0","0","1","1","0","0","0","0","2","2","0","1","1","0","0","0","13","32","45"
"경기도교육청","경기도고양교육지원청","경기도 고양시 일산서구","S090000951","발산중학교","03","공립","N","","1","0","1","0","1","1","0","0","0","9","34","43","2","8","10","1","0","1","0","0","0","0","0","0","0","0","0","0","1","1","0","1","1","0","1","1","0","0","0","0","0","0","13","46","59"
"경기도교육청","경기도고양교육지원청","경기도 고양시 일산동구","S090000952","백마중학교","03","공립","N","","0","1","1","1","1","2","0","0","0","5","29","34","2","8","10","0","0","0","1","0","1","0","0","0","0","0","0","1","0","1","0","0","0","0","1","1","0","1","1","0","0","0","10","41","51"
"경기도교육청","경기도고양교육지원청","경기도 고양시 일산동구","S090000953","백석중학교","03","공립","N","","0","1","1","0","1","1","0","0","0","3","19","22","1","3","4","0","1","1","0","0","0","0","0","0","0","0","0","0","2","2","0","0","0","0","1","1","0","0","0","0","0","0","4","28","32"
"경기도교육청","경기도고양교육지원청","경기도 고양시 일산동구","S090000954","백신중학교","03","공립","N","","0","1","1","0","2","2","0","0","0","10","33","43","4","11","15","0","1","1","0","0","0","0","0","0","0","0","0","0","0","0","0","0","0","0","1","1","0","0","0","0","0","0","14","49","63"
"경기도교육청","경기도고양교육지원청","경기도 고양시 덕양구","S090000955","백양중학교","03","공립","N","","0","1","1","1","0","1","0","0","0","3","17","20","2","5","7","0","0","0","0","1","1","0","0","0","0","0","0","0","1","1","0","0","0","0","1","1","0","0","0","0","0","0","6","26","32"
"경기도교육청","경기도고양교육지원청","경기도 고양시 덕양구","S090000956","고양제일중학교","03","사립","N","","0","1","1","1","0","1","0","0","0","12","23","35","7","14","21","0","0","0","0","0","0","0","0","0","0","0","0","0","1","1","0","1","1","0","1","1","0","1","1","0","0","0","20","42","62"
"경기도교육청","경기도고양교육지원청","경기도 고양시 덕양구","S090000957","신능중학교","03","공립","N","","1","0","1","0","1","1","0","0","0","4","13","17","1","1","2","0","1","1","1","0","1","0","0","0","0","0","0","0","1","1","1","0","1","0","1","1","0","1","1","0","0","0","8","19","27"
"경기도교육청","경기도고양교육지원청","경기도 고양시 일산서구","S090000958","신일중학교","03","공립","N","","0","1","1","0","1","1","0","0","0","19","29","48","3","9","12","0","2","2","0","0","0","0","0","0","0","0","0","0","1","1","0","0","0","0","1","1","0","0","0","0","0","0","22","44","66"
"경기도교육청","경기도고양교육지원청","경기도 고양시 일산서구","S090000959","오마중학교","03","공립","N","","0","1","1","1","0","1","0","1","1","16","29","45","1","19","20","0","0","0","0","0","0","0","0","0","0","0","0","0","1","1","0","1","1","0","1","1","0","0","0","0","0","0","18","53","71"
"경기도교육청","경기도고양교육지원청","경기도 고양시 덕양구","S090000960","원당중학교","03","공립","N","","0","1","1","1","0","1","0","0","0","2","16","18","2","1","3","0","1","1","0","0","0","0","0","0","0","0","0","0","1","1","0","1","1","0","1","1","0","1","1","0","0","0","5","23","28"
"경기도교육청","경기도고양교육지원청","경기도 고양시 일산서구","S090000961","일산동중학교","03","공립","N","","1","0","1","1","1","2","0","0","0","6","28","34","3","7","10","0","2","2","0","0","0","0","0","0","0","0","0","0","0","0","0","0","0","0","1","1","0","1","1","0","0","0","11","40","51"
"경기도교육청","경기도고양교육지원청","경기도 고양시 일산서구","S090000962","일산중학교","03","공립","N","","1","0","1","1","0","1","0","0","0","5","12","17","6","7","13","1","0","1","0","0","0","0","0","0","0","0","0","0","1","1","0","1","1","0","2","2","0","0","0","0","0","0","14","23","37"
"경기도교육청","경기도고양교육지원청","경기도 고양시 일산서구","S090000963","장성중학교","03","공립","N","","0","1","1","0","1","1","0","0","0","4","15","19","1","6","7","0","2","2","0","0","0","0","0","0","0","0","0","0","1","1","0","0","0","0","1","1","0","1","1","0","0","0","5","28","33"
"경기도교육청","경기도고양교육지원청","경기도 고양시 일산동구","S090000964","저동중학교","03","공립","N","","0","1","1","1","0","1","0","0","0","3","22","25","2","8","10","0","1","1","0","0","0","0","0","0","0","0","0","0","1","1","0","1","1","0","1","1","0","1","1","0","0","0","6","36","42"
"경기도교육청","경기도고양교육지원청","경기도 고양시 일산동구","S090000965","정발중학교","03","공립","N","","0","1","1","0","1","1","0","0","0","10","37","47","5","10","15","0","1","1","0","0","0","0","0","0","0","0","0","0","0","0","0","0","0","0","1","1","0","0","0","0","0","0","15","51","66"
"경기도교육청","경기도고양교육지원청","경기도 고양시 일산동구","S090000966","중산중학교","03","공립","N","","0","1","1","1","0","1","0","0","0","5","20","25","1","7","8","0","1","1","0","0","0","0","0","0","0","0","0","0","1","1","0","1","1","0","1","1","0","1","1","0","0","0","7","33","40"
"경기도교육청","경기도고양교육지원청","경기도 고양시 덕양구","S090000967","지도중학교","03","공립","N","","0","1","1","1","0","1","0","0","0","4","23","27","4","6","10","0","1","1","0","0","0","0","0","0","0","0","0","0","1","1","0","0","0","0","1","1","0","0","0","0","0","0","9","33","42"
"경기도교육청","경기도고양교육지원청","경기도 고양시 일산서구","S090000969","한수중학교","03","공립","N","","1","0","1","1","1","2","0","0","0","12","41","53","5","4","9","0","1","1","0","1","1","0","0","0","0","0","0","0","1","1","0","0","0","0","2","2","0","0","0","0","0","0","19","51","70"
"경기도교육청","경기도고양교육지원청","경기도 고양시 덕양구","S090000970","행신중학교","03","공립","N","","0","1","1","0","2","2","0","0","0","2","19","21","4","4","8","1","0","1","0","0","0","0","0","0","0","0","0","0","0","0","0","0","0","0","2","2","0","0","0","0","0","0","7","28","35"
"경기도교육청","경기도고양교육지원청","경기도 고양시 일산서구","S090000971","호곡중학교","03","공립","N","","1","0","1","1","0","1","0","0","0","7","37","44","3","10","13","1","1","2","0","1","1","0","0","0","0","0","0","0","1","1","0","1","1","0","1","1","0","1","1","0","0","0","13","53","66"
"경기도교육청","경기도고양교육지원청","경기도 고양시 덕양구","S090000972","화수중학교","03","공립","N","","1","0","1","1","0","1","0","0","0","10","33","43","5","5","10","2","4","6","1","0","1","0","0","0","0","0","0","0","1","1","0","0","0","0","1","1","0","0","0","0","0","0","20","44","64"
"경기도교육청","경기도고양교육지원청","경기도 고양시 덕양구","S090000973","화정중학교","03","공립","N","","0","1","1","0","1","1","0","0","0","5","30","35","2","7","9","0","0","0","0","0","0","0","0","0","0","0","0","0","1","1","0","1","1","0","2","2","0","1","1","0","0","0","7","44","51"
"경기도교육청","경기도광명교육지원청","경기도 광명시","S090001188","가림중학교","03","공립","N","","1","0","1","0","2","2","0","0","0","6","23","29","0","3","3","0","2","2","0","1","1","0","0","0","0","0","0","0","1","1","0","0","0","0","1","1","0","0","0","0","0","0","7","33","40"
"경기도교육청","경기도광명교육지원청","경기도 광명시","S090001189","광남중학교","03","공립","N","","0","1","1","0","1","1","0","0","0","8","42","50","1","2","3","0","2","2","0","0","0","0","0","0","0","0","0","0","1","1","0","1","1","0","1","1","0","1","1","0","0","0","9","52","61"
"경기도교육청","경기도광명교육지원청","경기도 광명시","S090001190","광명북중학교","03","공립","N","","0","1","1","1","0","1","0","0","0","3","27","30","1","3","4","1","2","3","0","0","0","0","0","0","0","0","0","0","1","1","0","0","0","0","1","1","0","1","1","0","0","0","6","36","42"
"경기도교육청","경기도광명교육지원청","경기도 광명시","S090001191","하안북중학교","03","공립","N","","0","1","1","0","1","1","0","0","0","11","50","61","2","3","5","1","0","1","0","0","0","0","0","0","0","0","0","0","1","1","0","0","0","0","1","1","0","1","1","0","0","0","14","58","72"
"경기도교육청","경기도광명교육지원청","경기도 광명시","S090001192","광명중학교","03","공립","N","","1","0","1","1","0","1","0","0","0","5","42","47","3","2","5","0","2","2","0","0","0","0","0","0","0","0","0","0","1","1","0","0","0","0","1","1","0","0","0","0","0","0","10","48","58"
"경기도교육청","경기도광명교육지원청","경기도 광명시","S090001194","소하중학교","03","공립","N","","0","1","1","1","0","1","0","0","0","9","60","69","0","3","3","0","1","1","0","0","0","0","0","0","0","0","0","0","1","1","0","0","0","0","2","2","0","0","0","0","0","0","10","68","78"
"경기도교육청","경기도광명교육지원청","경기도 광명시","S090001195","안서중학교","03","공립","N","","0","1","1","1","0","1","0","0","0","7","13","20","1","1","2","0","3","3","0","0","0","0","0","0","0","0","0","0","1","1","0","0","0","0","1","1","0","0","0","0","0","0","9","20","29"
"경기도교육청","경기도광명교육지원청","경기도 광명시","S090001196","철산중학교","03","공립","N","","0","1","1","0","1","1","1","0","1","9","63","72","1","3","4","0","1","1","0","0","0","0","0","0","0","0","0","0","1","1","0","0","0","0","2","2","0","0","0","0","0","0","11","72","83"
"경기도교육청","경기도광명교육지원청","경기도 광명시","S090001198","하안중학교","03","공립","N","","0","1","1","0","1","1","0","0","0","4","29","33","1","5","6","0","1","1","0","0","0","0","0","0","0","0","0","0","1","1","0","0","0","0","1","1","0","1","1","0","0","0","5","40","45"
"경기도교육청","경기도광주하남교육지원청","경기도 광주시","S090001267","경안중학교","03","공립","N","","1","0","1","1","0","1","0","0","0","7","45","52","6","15","21","0","1","1","1","0","1","0","0","0","0","0","0","0","1","1","0","0","0","0","1","1","0","0","0","0","0","0","16","63","79"
"경기도교육청","경기도광주하남교육지원청","경기도 광주시","S090001268","경화여자중학교","03","사립","N","","0","1","1","0","1","1","0","0","0","11","31","42","3","8","11","0","0","0","0","0","0","0","0","0","0","0","0","0","1","1","0","1","1","0","1","1","0","2","2","0","1","1","14","47","61"
"경기도교육청","경기도광주하남교육지원청","경기도 광주시","S090001269","광수중학교","03","공립","N","","0","0","0","2","1","3","0","0","0","5","11","16","3","5","8","0","1","1","0","0","0","0","0","0","0","0","0","1","0","1","0","0","0","0","1","1","0","1","1","0","0","0","11","20","31"
"경기도교육청","경기도광주하남교육지원청","경기도 광주시","S090001270","광일중학교","03","공립","N","","1","0","1","1","0","1","0","0","0","5","4","9","1","5","6","0","1","1","0","0","0","0","0","0","0","0","0","0","1","1","0","1","1","0","1","1","0","0","0","0","0","0","8","13","21"
"경기도교육청","경기도광주하남교육지원청","경기도 광주시","S090001271","곤지암중학교","03","공립","N","","0","0","0","1","0","1","0","0","0","5","16","21","2","8","10","0","0","0","0","1","1","0","0","0","0","0","0","0","1","1","0","0","0","0","1","1","0","1","1","0","0","0","8","28","36"
"경기도교육청","경기도광주하남교육지원청","경기도 광주시","S090001272","광주중학교","03","공립","N","","0","1","1","1","0","1","0","0","0","6","23","29","4","9","13","0","1","1","0","0","0","0","0","0","0","0","0","1","1","2","0","0","0","0","1","1","0","1","1","0","0","0","12","37","49"
"경기도교육청","경기도광주하남교육지원청","경기도 하남시","S090001273","남한중학교","03","공립","N","","1","0","1","0","1","1","0","0","0","3","13","16","0","1","1","0","2","2","0","1","1","0","0","0","0","0","0","0","1","1","0","0","0","0","1","1","0","0","0","0","0","0","4","20","24"
"경기도교육청","경기도광주하남교육지원청","경기도 하남시","S090001274","동부중학교","03","공립","N","","1","0","1","1","0","1","0","0","0","3","13","16","1","3","4","0","2","2","0","0","0","0","0","0","0","0","0","0","0","0","0","0","0","0","1","1","0","0","0","0","0","0","6","19","25"
"경기도교육청","경기도광주하남교육지원청","경기도 하남시","S090001275","신장중학교","03","공립","N","","0","1","1","1","0","1","0","0","0","2","14","16","0","3","3","0","0","0","0","0","0","0","0","0","0","0","0","1","0","1","0","0","0","0","1","1","0","1","1","0","0","0","4","20","24"
"경기도교육청","경기도광주하남교육지원청","경기도 광주시","S090001276","탄벌중학교","03","공립","N","","0","1","1","0","1","1","0","1","1","11","56","67","4","14","18","0","3","3","1","1","2","0","0","0","0","0","0","0","1","1","0","0","0","0","2","2","0","1","1","0","0","0","16","81","97"
"경기도교육청","경기도광주하남교육지원청","경기도 하남시","S090001277","하남중학교","03","공립","N","","1","0","1","0","1","1","0","0","0","4","21","25","1","3","4","0","1","1","0","0","0","0","0","0","0","0","0","0","2","2","0","0","0","0","2","2","0","0","0","0","0","0","6","30","36"
"경기도교육청","경기도군포의왕교육지원청","경기도 의왕시","S090001365","갈뫼중학교","03","공립","N","","0","1","1","0","1","1","0","0","0","5","43","48","3","0","3","1","1","2","0","0","0","0","0","0","0","0","0","0","2","2","0","0","0","0","2","2","0","0","0","1","1","2","10","51","61"
"경기도교육청","경기도군포의왕교육지원청","경기도 의왕시","S090001366","고천중학교","03","공립","N","","1","0","1","0","1","1","0","0","0","5","22","27","0","0","0","0","0","0","0","0","0","0","0","0","0","0","0","0","0","0","0","0","0","0","1","1","0","0","0","0","0","0","6","24","30"
"경기도교육청","경기도군포의왕교육지원청","경기도 군포시","S090001367","곡란중학교","03","공립","N","","1","0","1","1","0","1","0","0","0","3","13","16","2","3","5","1","0","1","0","0","0","0","0","0","0","0","0","0","1","1","0","1","1","0","1","1","0","1","1","0","0","0","8","20","28"
"경기도교육청","경기도군포의왕교육지원청","경기도 군포시","S090001368","군포중학교","03","공립","N","","1","1","2","0","1","1","0","0","0","5","9","14","0","6","6","1","1","2","1","2","3","0","0","0","0","0","0","0","1","1","0","0","0","0","2","2","0","2","2","0","0","0","8","25","33"
"경기도교육청","경기도군포의왕교육지원청","경기도 군포시","S090001369","궁내중학교","03","공립","N","","1","0","1","0","1","1","0","1","1","12","40","52","0","1","1","0","0","0","0","0","0","0","0","0","0","0","0","0","1","1","0","0","0","0","1","1","0","1","1","0","0","0","13","46","59"
"경기도교육청","경기도군포의왕교육지원청","경기도 군포시","S090001370","금정중학교","03","공립","N","","0","1","1","1","0","1","0","0","0","6","18","24","0","2","2","0","1","1","0","0","0","0","0","0","0","0","0","0","1","1","0","0","0","0","1","1","0","1","1","0","0","0","7","25","32"
"경기도교육청","경기도군포의왕교육지원청","경기도 군포시","S090001371","도장중학교","03","공립","N","","1","0","1","0","1","1","0","0","0","9","32","41","3","1","4","0","2","2","1","0","1","0","0","0","0","0","0","0","1","1","0","2","2","0","1","1","0","1","1","0","0","0","14","41","55"
"경기도교육청","경기도군포의왕교육지원청","경기도 의왕시","S090001372","백운중학교","03","공립","N","","1","0","1","0","1","1","0","0","0","6","29","35","0","3","3","0","1","1","0","0","0","0","0","0","0","0","0","0","2","2","0","0","0","0","1","1","0","1","1","0","0","0","7","38","45"
"경기도교육청","경기도군포의왕교육지원청","경기도 군포시","S090001374","산본중학교","03","공립","N","","0","1","1","0","1","1","0","0","0","10","45","55","1","2","3","0","0","0","0","0","0","0","0","0","0","0","0","0","1","1","0","0","0","0","1","1","0","1","1","0","0","0","11","52","63"
"경기도교육청","경기도군포의왕교육지원청","경기도 군포시","S090001375","수리중학교","03","공립","N","","0","1","1","1","0","1","0","0","0","7","38","45","1","1","2","0","1","1","1","0","1","0","0","0","0","0","0","0","1","1","0","0","0","0","1","1","0","1","1","0","0","0","10","44","54"
"경기도교육청","경기도군포의왕교육지원청","경기도 군포시","S090001376","용호중학교","03","공립","N","","0","1","1","1","0","1","1","0","1","5","34","39","0","4","4","0","1","1","0","0","0","0","0","0","0","0","0","0","1","1","0","1","1","0","1","1","0","0","0","0","0","0","7","43","50"
"경기도교육청","경기도군포의왕교육지원청","경기도 의왕시","S090001377","의왕부곡중학교","03","공립","N","","0","1","1","0","1","1","0","0","0","7","28","35","3","3","6","0","2","2","0","0","0","0","0","0","0","0","0","0","1","1","0","1","1","0","1","1","0","0","0","0","0","0","10","38","48"
"경기도교육청","경기도군포의왕교육지원청","경기도 의왕시","S090001378","의왕중학교","03","공립","N","","0","1","1","0","1","1","0","0","0","4","9","13","0","1","1","0","1","1","0","0","0","0","0","0","0","0","0","0","0","0","0","0","0","0","1","1","0","0","0","0","0","0","4","14","18"
"경기도교육청","경기도군포의왕교육지원청","경기도 군포시","S090001379","흥진중학교","03","공립","N","","0","1","1","0","1","1","0","0","0","4","26","30","2","1","3","0","2","2","0","0","0","0","0","0","0","0","0","0","1","1","0","1","1","0","1","1","0","0","0","0","0","0","6","34","40"
"경기도교육청","경기도김포교육지원청","경기도 김포시","S090001487","고촌중학교","03","공립","N","","1","0","1","1","0","1","0","0","0","9","19","28","1","13","14","0","1","1","0","0","0","0","0","0","0","0","0","0","1","1","0","1","1","0","2","2","0","0","0","0","0","0","12","37","49"
"경기도교육청","경기도김포교육지원청","경기도 김포시","S090001488","김포여자중학교","03","공립","N","","0","1","1","0","1","1","0","0","0","3","11","14","2","4","6","0","0","0","0","1","1","0","0","0","0","0","0","0","1","1","0","1","1","0","1","1","0","0","0","0","0","0","5","21","26"
"경기도교육청","경기도김포교육지원청","경기도 김포시","S090001489","금파중학교","03","공립","N","","0","1","1","0","1","1","0","0","0","12","37","49","2","13","15","0","1","1","0","0","0","0","0","0","0","0","0","0","1","1","0","1","1","0","1","1","0","0","0","0","0","0","14","56","70"
"경기도교육청","경기도김포교육지원청","경기도 김포시","S090001490","김포중학교","03","공립","N","","0","1","1","1","1","2","0","0","0","8","9","17","0","3","3","0","1","1","0","0","0","0","0","0","0","0","0","1","0","1","0","0","0","0","1","1","0","0","0","0","0","0","10","16","26"
"경기도교육청","경기도김포교육지원청","경기도 김포시","S090001491","대곶중학교","03","공립","N","","1","0","1","0","1","1","0","0","0","2","7","9","1","5","6","1","1","2","0","0","0","0","0","0","0","0","0","0","1","1","0","1","1","0","1","1","0","0","0","0","0","0","5","17","22"
"경기도교육청","경기도김포교육지원청","경기도 김포시","S090001492","분진중학교","03","사립","N","","1","0","1","1","0","1","0","0","0","5","3","8","1","2","3","0","0","0","0","0","0","0","0","0","0","0","0","0","0","0","0","1","1","0","1","1","0","0","0","0","0","0","8","7","15"
"경기도교육청","경기도김포교육지원청","경기도 김포시","S090001493","양곡중학교","03","사립","N","","1","0","1","1","0","1","0","0","0","9","6","15","5","7","12","0","0","0","0","0","0","0","0","0","0","0","0","0","1","1","0","0","0","0","1","1","0","0","0","0","0","0","16","15","31"
"경기도교육청","경기도김포교육지원청","경기도 김포시","S090001494","장기중학교","03","공립","N","","1","1","2","0","0","0","0","1","1","9","40","49","5","12","17","0","1","1","0","0","0","0","0","0","0","0","0","0","0","0","0","0","0","0","2","2","0","0","0","0","0","0","15","57","72"
"경기도교육청","경기도김포교육지원청","경기도 김포시","S090001495","통진중학교","03","사립","N","","0","1","1","0","0","0","0","0","0","14","15","29","2","4","6","1","1","2","0","0","0","0","0","0","0","0","0","0","1","1","0","1","1","0","1","1","0","1","1","0","0","0","17","25","42"
"경기도교육청","경기도김포교육지원청","경기도 김포시","S090001496","풍무중학교","03","공립","N","","0","1","1","0","1","1","0","0","0","14","45","59","4","9","13","0","2","2","0","0","0","0","0","0","0","0","0","1","0","1","0","1","1","0","2","2","0","0","0","0","0","0","19","61","80"
"경기도교육청","경기도김포교육지원청","경기도 김포시","S090001497","하성중학교","03","공립","N","","0","0","0","0","1","1","0","0","0","3","8","11","1","3","4","1","0","1","0","0","0","0","0","0","0","0","0","0","0","0","0","1","1","0","1","1","0","0","0","0","0","0","5","14","19"
"경기도교육청","경기도구리남양주교육지원청","경기도 남양주시","S090001575","광동중학교","03","사립","N","","1","0","1","1","0","1","0","0","0","14","22","36","3","3","6","0","0","0","0","0","0","1","0","1","0","0","0","0","1","1","0","1","1","0","1","1","0","1","1","0","0","0","20","29","49"
"경기도교육청","경기도구리남양주교육지원청","경기도 구리시","S090001576","교문중학교","03","공립","N","","0","1","1","0","1","1","0","0","0","6","20","26","3","5","8","1","1","2","0","0","0","0","0","0","0","0","0","0","1","1","0","1","1","0","1","1","0","1","1","0","0","0","10","32","42"
"경기도교육청","경기도구리남양주교육지원청","경기도 구리시","S090001577","구리중학교","03","공립","N","","0","1","1","1","0","1","0","0","0","2","12","14","3","2","5","0","1","1","0","0","0","0","0","0","0","0","0","0","1","1","0","0","0","0","1","1","0","2","2","0","0","0","6","20","26"
"경기도교육청","경기도구리남양주교육지원청","경기도 구리시","S090001578","구리여자중학교","03","공립","N","","0","1","1","0","1","1","0","0","0","2","14","16","0","5","5","0","2","2","0","3","3","0","0","0","0","0","0","0","1","1","0","0","0","0","1","1","0","0","0","0","0","0","2","28","30"
"경기도교육청","경기도구리남양주교육지원청","경기도 남양주시","S090001579","금곡중학교","03","공립","N","","0","1","1","1","0","1","0","0","0","3","7","10","1","11","12","0","1","1","0","0","0","0","0","0","0","0","0","0","1","1","0","1","1","0","1","1","0","2","2","0","0","0","5","25","30"
"경기도교육청","경기도구리남양주교육지원청","경기도 남양주시","S090001581","덕소중학교","03","공립","N","","1","0","1","1","0","1","0","0","0","5","28","33","4","4","8","2","1","3","0","0","0","0","0","0","0","0","0","0","1","1","0","2","2","0","1","1","0","1","1","0","0","0","13","38","51"
"경기도교육청","경기도구리남양주교육지원청","경기도 남양주시","S090001582","도농중학교","03","공립","N","","1","0","1","0","1","1","0","0","0","6","21","27","5","8","13","0","2","2","0","2","2","0","0","0","0","0","0","0","2","2","0","0","0","0","1","1","0","1","1","0","0","0","12","38","50"
"경기도교육청","경기도구리남양주교육지원청","경기도 구리시","S090001583","동구중학교","03","공립","N","","0","1","1","0","1","1","0","0","0","5","30","35","5","15","20","0","1","1","0","0","0","0","0","0","0","0","0","0","1","1","0","1","1","0","1","1","0","1","1","0","0","0","10","52","62"
"경기도교육청","경기도구리남양주교육지원청","경기도 남양주시","S090001584","동화중학교","03","사립","N","","1","0","1","0","1","1","0","0","0","11","8","19","6","11","17","0","0","0","0","0","0","0","0","0","0","0","0","1","0","1","0","1","1","0","1","1","0","0","0","0","0","0","19","22","41"
"경기도교육청","경기도구리남양주교육지원청","경기도 남양주시","S090001585","마석중학교","03","공립","N","","1","0","1","0","1","1","0","0","0","11","29","40","5","11","16","0","2","2","0","0","0","0","0","0","0","0","0","1","0","1","0","1","1","0","1","1","0","0","0","0","0","0","18","45","63"
"경기도교육청","경기도구리남양주교육지원청","경기도 남양주시","S090001586","미금중학교","03","공립","N","","1","0","1","0","1","1","0","0","0","6","10","16","4","6","10","0","0","0","0","0","0","0","0","0","0","0","0","0","0","0","0","1","1","0","1","1","0","0","0","0","0","0","11","19","30"
"경기도교육청","경기도구리남양주교육지원청","경기도 남양주시","S090001587","별내중학교","03","공립","N","","1","0","1","1","0","1","0","0","0","7","21","28","1","7","8","0","1","1","0","0","0","0","0","0","0","0","0","0","1","1","0","0","0","0","1","1","0","0","0","0","0","0","10","31","41"
"경기도교육청","경기도구리남양주교육지원청","경기도 남양주시","S090001588","수동중학교","03","사립","N","","0","1","1","0","1","1","0","0","0","8","4","12","1","1","2","1","0","1","0","0","0","0","0","0","0","0","0","0","1","1","0","1","1","0","1","1","0","0","0","0","0","0","10","10","20"
"경기도교육청","경기도구리남양주교육지원청","경기도 남양주시","S090001589","심석중학교","03","사립","N","","1","0","1","0","1","1","0","0","0","21","11","32","3","13","16","0","0","0","0","0","0","0","0","0","0","0","0","0","1","1","0","1","1","0","2","2","0","1","1","0","0","0","25","30","55"
"경기도교육청","경기도구리남양주교육지원청","경기도 남양주시","S090001590","오남중학교","03","공립","N","","0","1","1","0","1","1","0","0","0","2","14","16","3","10","13","0","1","1","0","0","0","0","0","0","0","0","0","0","1","1","0","1","1","0","2","2","0","1","1","0","0","0","5","32","37"
"경기도교육청","경기도구리남양주교육지원청","경기도 남양주시","S090001591","와부중학교","03","공립","N","","0","1","1","0","1","1","0","0","0","6","25","31","6","11","17","0","0","0","0","1","1","0","0","0","0","0","0","0","0","0","0","0","0","0","1","1","0","0","0","0","0","0","12","40","52"
"경기도교육청","경기도구리남양주교육지원청","경기도 남양주시","S090001592","연세중학교","03","사립","N","","1","0","1","1","0","1","0","0","0","6","5","11","1","0","1","0","0","0","0","0","0","0","0","0","0","0","0","0","0","0","0","1","1","0","1","1","0","0","0","0","0","0","9","7","16"
"경기도교육청","경기도구리남양주교육지원청","경기도 구리시","S090001593","인창중학교","03","공립","N","","0","1","1","1","0","1","0","0","0","7","41","48","5","7","12","1","2","3","0","0","0","0","0","0","0","0","0","0","1","1","0","0","0","0","2","2","0","1","1","0","0","0","14","55","69"
"경기도교육청","경기도구리남양주교육지원청","경기도 구리시","S090001594","장자중학교","03","공립","N","","0","1","1","0","1","1","0","0","0","5","22","27","1","11","12","0","0","0","0","0","0","0","0","0","0","0","0","0","2","2","0","0","0","0","1","1","0","0","0","0","0","0","6","38","44"
"경기도교육청","경기도구리남양주교육지원청","경기도 남양주시","S090001595","진건중학교","03","공립","N","","0","1","1","1","0","1","0","0","0","3","15","18","5","8","13","1","1","2","0","0","0","0","0","0","0","0","0","0","1","1","0","1","1","0","1","1","0","1","1","0","0","0","10","29","39"
"경기도교육청","경기도구리남양주교육지원청","경기도 구리시","S090001596","토평중학교","03","공립","N","","0","1","1","0","1","1","0","0","0","3","21","24","4","7","11","1","4","5","0","0","0","0","0","0","0","0","0","0","1","1","0","1","1","0","1","1","0","0","0","0","0","0","8","37","45"
"경기도교육청","경기도구리남양주교육지원청","경기도 남양주시","S090001597","퇴계원중학교","03","공립","N","","1","0","1","1","0","1","0","0","0","3","20","23","5","12","17","2","1","3","1","0","1","0","0","0","0","0","0","0","2","2","0","1","1","0","1","1","0","0","0","0","0","0","13","37","50"
"경기도교육청","경기도구리남양주교육지원청","경기도 남양주시","S090001598","호평중학교","03","공립","N","","1","0","1","0","1","1","0","0","0","6","27","33","8","17","25","0","2","2","0","0","0","0","0","0","0","0","0","0","1","1","0","0","0","0","1","1","0","0","0","0","0","0","15","49","64"
"경기도교육청","경기도구리남양주교육지원청","경기도 남양주시","S090001599","화광중학교","03","공립","N","","1","0","1","1","0","1","0","0","0","6","10","16","5","6","11","0","0","0","0","0","0","0","0","0","0","0","0","0","1","1","0","1","1","0","1","1","0","0","0","0","0","0","13","19","32"
"경기도교육청","경기도동두천양주교육지원청","경기도 양주시","S090001771","고암중학교","03","공립","N","","0","1","1","1","0","1","0","0","0","9","15","24","5","17","22","0","0","0","0","0","0","0","0","0","0","0","0","0","1","1","0","1","1","0","1","1","0","1","1","0","0","0","15","37","52"
"경기도교육청","경기도동두천양주교육지원청","경기도 양주시","S090001772","남문중학교","03","사립","N","","0","0","0","1","0","1","0","0","0","9","5","14","2","3","5","0","0","0","0","0","0","0","0","0","0","0","0","0","1","1","0","0","0","0","1","1","0","0","0","0","0","0","12","10","22"
"경기도교육청","경기도동두천양주교육지원청","경기도 양주시","S090001773","덕계중학교","03","공립","N","","0","1","1","1","0","1","0","0","0","5","17","22","10","19","29","2","1","3","0","2","2","0","0","0","0","0","0","0","0","0","1","0","1","0","1","1","0","1","1","0","0","0","19","42","61"
"경기도교육청","경기도동두천양주교육지원청","경기도 양주시","S090001774","덕정중학교","03","공립","N","","0","1","1","1","0","1","0","0","0","7","14","21","2","4","6","0","1","1","0","0","0","0","0","0","0","0","0","0","1","1","0","0","0","0","1","1","0","0","0","0","0","0","10","22","32"
"경기도교육청","경기도동두천양주교육지원청","경기도 동두천시","S090001775","동두천여자중학교","03","사립","N","","1","0","1","0","1","1","0","0","0","7","9","16","3","5","8","0","0","0","0","0","0","0","0","0","0","0","0","0","1","1","0","1","1","0","1","1","0","0","0","0","0","0","11","18","29"
"경기도교육청","경기도동두천양주교육지원청","경기도 동두천시","S090001777","동두천중학교","03","사립","N","","0","1","1","1","0","1","0","0","0","11","6","17","1","1","2","0","0","0","0","0","0","0","0","0","0","0","0","0","1","1","0","1","1","0","1","1","0","0","0","0","0","0","13","11","24"
"경기도교육청","경기도동두천양주교육지원청","경기도 동두천시","S090001778","한빛누리중학교","03","사립","N","","1","0","1","0","1","1","0","0","0","12","13","25","0","1","1","0","1","1","0","0","0","0","0","0","0","0","0","0","1","1","0","0","0","0","1","1","0","0","0","0","0","0","13","18","31"
"경기도교육청","경기도동두천양주교육지원청","경기도 동두천시","S090001779","신흥중학교","03","사립","N","","1","0","1","1","0","1","0","0","0","8","12","20","2","2","4","0","0","0","0","0","0","0","0","0","0","0","0","1","0","1","0","1","1","0","1","1","0","0","0","0","0","0","13","16","29"
"경기도교육청","경기도동두천양주교육지원청","경기도 양주시","S090001780","양주백석중학교","03","공립","N","","0","1","1","1","0","1","0","0","0","5","20","25","4","12","16","2","1","3","0","1","1","0","0","0","0","0","0","0","1","1","0","0","0","0","1","1","0","1","1","0","0","0","12","38","50"
"경기도교육청","경기도동두천양주교육지원청","경기도 양주시","S090001781","조양중학교","03","사립","N","","1","1","2","0","0","0","0","0","0","5","9","14","1","4","5","0","1","1","0","0","0","0","0","0","0","0","0","0","1","1","0","1","1","0","1","1","0","1","1","0","0","0","7","19","26"
"경기도교육청","경기도부천교육지원청","경기도 부천시 원미구","S090001873","계남중학교","03","공립","N","","0","1","1","0","1","1","0","0","0","6","30","36","1","6","7","0","0","0","0","0","0","0","0","0","0","0","0","0","1","1","0","0","0","0","1","1","0","0","0","0","0","0","7","40","47"
"경기도교육청","경기도부천교육지원청","경기도 부천시 오정구","S090001874","내동중학교","03","공립","N","","1","0","1","0","1","1","0","0","0","6","10","16","0","1","1","1","0","1","0","1","1","0","0","0","0","0","0","0","1","1","0","1","1","0","1","1","0","0","0","0","0","0","8","16","24"
"경기도교육청","경기도부천교육지원청","경기도 부천시 오정구","S090001878","덕산중학교","03","공립","N","","0","1","1","1","0","1","0","1","1","4","33","37","8","13","21","0","0","0","0","2","2","0","0","0","0","0","0","1","0","1","0","0","0","0","2","2","0","1","1","0","0","0","14","53","67"
"경기도교육청","경기도부천교육지원청","경기도 부천시 원미구","S090001882","부명중학교","03","공립","N","","1","0","1","0","1","1","0","0","0","4","33","37","2","3","5","0","3","3","0","0","0","0","0","0","0","0","0","0","1","1","0","1","1","0","1","1","0","0","0","0","0","0","7","43","50"
"경기도교육청","경기도부천교육지원청","경기도 부천시 원미구","S090001883","부인중학교","03","공립","N","","0","1","1","1","0","1","0","0","0","5","21","26","0","3","3","0","1","1","0","0","0","0","0","0","0","0","0","0","1","1","0","0","0","0","1","1","0","1","1","0","0","0","6","29","35"
"경기도교육청","경기도부천교육지원청","경기도 부천시 소사구","S090001884","부일중학교","03","공립","N","","0","1","1","0","1","1","0","0","0","3","14","17","0","3","3","0","1","1","0","0","0","0","0","0","0","0","0","0","0","0","0","2","2","0","1","1","0","1","1","0","0","0","3","24","27"
"경기도교육청","경기도부천교육지원청","경기도 부천시 소사구","S090001885","부천남중학교","03","공립","N","","1","0","1","1","0","1","0","0","0","7","26","33","2","0","2","2","2","4","1","0","1","0","0","0","0","0","0","0","1","1","0","0","0","0","1","1","0","1","1","0","0","0","14","31","45"
"경기도교육청","경기도부천교육지원청","경기도 부천시 소사구","S090001886","부천동여자중학교","03","공립","N","","0","1","1","0","1","1","0","0","0","3","13","16","2","2","4","0","0","0","0","0","0","0","0","0","0","0","0","0","1","1","0","0","0","0","1","1","0","2","2","0","0","0","5","21","26"
"경기도교육청","경기도부천교육지원청","경기도 부천시 소사구","S090001887","부천동중학교","03","공립","N","","0","1","1","1","0","1","0","0","0","5","11","16","2","2","4","0","0","0","0","0","0","0","0","0","0","0","0","0","1","1","0","0","0","0","1","1","0","1","1","0","0","0","8","17","25"
"경기도교육청","경기도부천교육지원청","경기도 부천시 원미구","S090001888","부천부곡중학교","03","공립","N","","0","1","1","1","0","1","0","0","0","3","23","26","1","4","5","0","2","2","0","0","0","0","0","0","0","0","0","0","0","0","0","1","1","0","1","1","0","0","0","0","0","0","5","32","37"
"경기도교육청","경기도부천교육지원청","경기도 부천시 원미구","S090001889","부천부흥중학교","03","공립","N","","0","1","1","0","1","1","0","0","0","3","17","20","3","3","6","0","2","2","0","0","0","0","0","0","0","0","0","0","1","1","0","0","0","0","1","1","0","0","0","0","0","0","6","26","32"
"경기도교육청","경기도부천교육지원청","경기도 부천시 오정구","S090001892","부천여월중학교","03","공립","N","","0","1","1","0","1","1","0","1","1","6","20","26","2","5","7","0","2","2","0","1","1","0","0","0","0","0","0","0","0","0","0","1","1","0","1","1","0","2","2","0","0","0","8","35","43"
"경기도교육청","경기도부천교육지원청","경기도 부천시 소사구","S090001893","부천여자중학교","03","공립","N","","0","1","1","0","1","1","0","0","0","3","23","26","0","8","8","0","0","0","0","0","0","0","0","0","0","0","0","0","0","0","0","1","1","0","1","1","0","0","0","0","0","0","3","35","38"
"경기도교육청","경기도부천교육지원청","경기도 부천시 원미구","S090001894","부천중학교","03","공립","N","","0","1","1","0","1","1","0","0","0","3","43","46","4","7","11","0","1","1","0","1","1","0","0","0","0","0","0","0","1","1","0","0","0","0","1","1","0","1","1","0","0","0","7","57","64"
"경기도교육청","경기도부천교육지원청","경기도 부천시 원미구","S090001896","상도중학교","03","공립","N","","1","0","1","1","0","1","0","0","0","5","28","33","1","3","4","0","1","1","0","0","0","0","0","0","0","0","0","0","1","1","0","1","1","0","1","1","0","1","1","0","0","0","8","36","44"
"경기도교육청","경기도부천교육지원청","경기도 부천시 원미구","S090001897","상동중학교","03","공립","N","","1","0","1","0","1","1","0","0","0","3","14","17","2","6","8","1","0","1","0","0","0","0","0","0","0","0","0","0","0","0","0","1","1","0","1","1","0","0","0","0","0","0","7","23","30"
"경기도교육청","경기도부천교육지원청","경기도 부천시 원미구","S090001898","상일중학교","03","공립","N","","0","1","1","1","0","1","0","1","1","6","40","46","1","8","9","0","0","0","0","1","1","0","0","0","0","0","0","0","1","1","0","0","0","0","1","1","0","1","1","0","0","0","8","54","62"
"경기도교육청","경기도부천교육지원청","경기도 부천시 원미구","S090001899","석천중학교","03","공립","N","","0","1","1","1","0","1","0","0","0","12","50","62","0","12","12","0","1","1","0","1","1","0","0","0","0","0","0","0","1","1","0","0","0","0","2","2","0","0","0","0","0","0","13","68","81"
"경기도교육청","경기도부천교육지원청","경기도 부천시 오정구","S090001900","성곡중학교","03","공립","N","","0","1","1","1","0","1","0","0","0","7","22","29","3","3","6","0","2","2","0","1","1","0","0","0","0","0","0","0","1","1","0","1","1","0","1","1","0","1","1","0","0","0","11","33","44"
"경기도교육청","경기도부천교육지원청","경기도 부천시 소사구","S090001901","성주중학교","03","공립","N","","1","0","1","1","0","1","0","0","0","12","21","33","3","7","10","0","1","1","0","0","0","0","0","0","0","0","0","0","0","0","0","0","0","0","1","1","0","1","1","0","0","0","17","31","48"
"경기도교육청","경기도부천교육지원청","경기도 부천시 원미구","S090001902","소명여자중학교","03","사립","N","","0","1","1","1","0","1","0","0","0","6","6","12","2","7","9","0","1","1","0","1","1","0","0","0","0","0","0","0","1","1","1","0","1","0","1","1","0","0","0","0","0","0","10","18","28"
"경기도교육청","경기도부천교육지원청","경기도 부천시 소사구","S090001903","소사중학교","03","공립","N","","0","1","1","1","0","1","0","0","0","3","24","27","1","7","8","1","1","2","0","0","0","0","0","0","0","0","0","0","1","1","0","1","1","0","2","2","0","0","0","0","0","0","6","37","43"
"경기도교육청","경기도부천교육지원청","경기도 부천시 원미구","S090001905","심원중학교","03","공립","N","","0","1","1","0","1","1","1","0","1","6","30","36","2","4","6","0","2","2","1","0","1","0","0","0","0","0","0","0","1","1","0","0","0","0","1","1","0","0","0","0","0","0","10","40","50"
"경기도교육청","경기도부천교육지원청","경기도 부천시 원미구","S090001906","역곡중학교","03","공립","N","","0","1","1","0","1","1","0","0","0","4","40","44","4","2","6","0","1","1","1","0","1","0","0","0","0","0","0","0","2","2","1","0","1","0","1","1","0","1","1","0","0","0","10","49","59"
"경기도교육청","경기도부천교육지원청","경기도 부천시 원미구","S090001911","중원중학교","03","공립","N","","1","0","1","0","1","1","0","0","0","4","30","34","1","2","3","0","1","1","0","2","2","0","0","0","0","0","0","0","2","2","0","0","0","0","1","1","0","1","1","0","0","0","6","40","46"
"경기도교육청","경기도부천교육지원청","경기도 부천시 원미구","S090001912","중흥중학교","03","공립","N","","0","1","1","1","0","1","0","0","0","12","34","46","2","1","3","0","0","0","0","0","0","0","0","0","0","0","0","0","1","1","0","0","0","0","1","1","0","1","1","0","0","0","15","39","54"
"경기도교육청","경기도성남교육지원청","경기도 성남시 중원구","S090002174","금광중학교","03","공립","N","","0","1","1","0","1","1","0","0","0","5","31","36","3","8","11","0","2","2","0","0","0","0","0","0","0","0","0","0","1","1","0","1","1","0","1","1","0","0","0","0","0","0","8","46","54"
"경기도교육청","경기도성남교육지원청","경기도 성남시 분당구","S090002176","내정중학교","03","공립","N","","0","2","2","0","0","0","0","0","0","7","45","52","1","10","11","0","0","0","0","0","0","0","0","0","0","0","0","0","0","0","0","0","0","0","2","2","0","1","1","0","0","0","8","60","68"
"경기도교육청","경기도성남교육지원청","경기도 성남시 중원구","S090002177","대원중학교","03","공립","N","","0","1","1","0","1","1","0","0","0","3","13","16","0","3","3","0","0","0","0","0","0","0","0","0","0","0","0","0","0","0","0","1","1","0","1","1","0","1","1","0","0","0","3","21","24"
"경기도교육청","경기도성남교육지원청","경기도 성남시 분당구","S090002178","매송중학교","03","공립","N","","0","1","1","0","1","1","0","0","0","3","25","28","0","3","3","0","0","0","0","0","0","0","0","0","0","0","0","0","1","1","0","0","0","0","1","1","0","0","0","0","0","0","3","32","35"
"경기도교육청","경기도성남교육지원청","경기도 성남시 분당구","S090002180","백현중학교","03","공립","N","","0","1","1","0","1","1","0","0","0","8","38","46","1","3","4","0","1","1","0","0","0","0","0","0","0","0","0","1","0","1","0","1","1","0","1","1","0","1","1","0","0","0","10","47","57"
"경기도교육청","경기도성남교육지원청","경기도 성남시 분당구","S090002181","분당중학교","03","공립","N","","0","1","1","0","1","1","0","0","0","6","20","26","1","2","3","0","1","1","0","0","0","0","0","0","0","0","0","0","1","1","0","1","1","0","2","2","0","0","0","0","0","0","7","29","36"
"경기도교육청","경기도성남교육지원청","경기도 성남시 분당구","S090002182","불곡중학교","03","공립","N","","0","2","2","0","0","0","0","1","1","3","37","40","0","3","3","0","1","1","0","0","0","0","0","0","0","0","0","0","1","1","0","0","0","0","1","1","0","1","1","0","0","0","3","47","50"
"경기도교육청","경기도성남교육지원청","경기도 성남시 수정구","S090002183","상원여자중학교","03","공립","N","","0","1","1","1","0","1","0","0","0","4","13","17","0","6","6","0","0","0","0","0","0","0","0","0","0","0","0","0","0","0","0","0","0","0","1","1","0","1","1","0","0","0","5","22","27"
"경기도교육청","경기도성남교육지원청","경기도 성남시 분당구","S090002184","서현중학교","03","공립","N","","0","1","1","0","1","1","0","0","0","4","52","56","3","9","12","0","1","1","0","0","0","0","0","0","0","0","0","0","1","1","0","1","1","0","2","2","0","1","1","0","0","0","7","69","76"
"경기도교육청","경기도성남교육지원청","경기도 성남시 중원구","S090002185","성남동중학교","03","공립","N","","1","1","2","0","0","0","0","0","0","4","35","39","3","4","7","0","2","2","1","0","1","0","0","0","0","0","0","1","0","1","0","0","0","0","1","1","0","2","2","0","0","0","10","45","55"
"경기도교육청","경기도성남교육지원청","경기도 성남시 수정구","S090002186","성남문원중학교","03","공립","N","","1","0","1","0","1","1","0","0","0","2","15","17","2","2","4","0","1","1","0","0","0","0","0","0","0","0","0","0","1","1","0","1","1","0","1","1","0","0","0","0","0","0","5","22","27"
"경기도교육청","경기도성남교육지원청","경기도 성남시 수정구","S090002187","성남서중학교","03","공립","N","","1","1","2","0","0","0","0","0","0","5","30","35","3","6","9","1","5","6","0","0","0","0","0","0","0","0","0","0","1","1","0","0","0","0","1","1","0","1","1","0","0","0","10","45","55"
"경기도교육청","경기도성남교육지원청","경기도 성남시 수정구","S090002188","성남여자중학교","03","공립","N","","0","2","2","0","0","0","0","0","0","3","28","31","1","2","3","0","2","2","0","0","0","0","0","0","0","0","0","0","2","2","0","0","0","0","1","1","0","1","1","0","0","0","4","38","42"
"경기도교육청","경기도성남교육지원청","경기도 성남시 중원구","S090002189","성남중학교","03","공립","N","","0","1","1","0","1","1","0","0","0","5","10","15","1","6","7","0","0","0","0","0","0","0","0","0","0","0","0","0","1","1","0","1","1","0","1","1","0","0","0","0","0","0","6","21","27"
"경기도교육청","경기도성남교육지원청","경기도 성남시 중원구","S090002190","동광중학교","03","사립","N","","0","1","1","0","0","0","0","0","0","3","9","12","3","6","9","0","0","0","1","1","2","0","0","0","0","0","0","0","1","1","0","0","0","0","1","1","0","0","0","0","0","0","7","19","26"
"경기도교육청","경기도성남교육지원청","경기도 성남시 중원구","S090002191","성일중학교","03","사립","N","","1","0","1","1","0","1","0","0","0","18","17","35","2","5","7","0","0","0","0","0","0","0","0","0","0","0","0","0","1","1","0","1","1","0","1","1","0","0","0","0","0","0","22","25","47"
"경기도교육청","경기도성남교육지원청","경기도 성남시 분당구","S090002192","송림중학교","03","사립","N","","0","1","1","1","0","1","0","0","0","11","8","19","1","1","2","0","0","0","0","0","0","0","0","0","0","0","0","0","1","1","0","1","1","0","1","1","0","0","0","0","0","0","13","13","26"
"경기도교육청","경기도성남교육지원청","경기도 성남시 분당구","S090002193","수내중학교","03","공립","N","","1","0","1","0","1","1","0","0","0","8","51","59","0","12","12","0","0","0","0","0","0","0","0","0","0","0","0","0","1","1","0","0","0","0","1","1","0","1","1","0","0","0","9","67","76"
"경기도교육청","경기도성남교육지원청","경기도 성남시 중원구","S090002194","숭신중학교","03","사립","N","","0","1","1","1","0","1","0","0","0","4","8","12","3","1","4","0","0","0","0","0","0","0","0","0","0","0","0","0","1","1","0","1","1","0","1","1","0","0","0","0","0","0","8","13","21"
"경기도교육청","경기도성남교육지원청","경기도 성남시 분당구","S090002195","야탑중학교","03","공립","N","","1","0","1","0","1","1","0","1","1","6","44","50","1","3","4","1","1","2","1","0","1","0","0","0","0","0","0","0","0","0","0","1","1","0","2","2","0","1","1","0","0","0","10","54","64"
"경기도교육청","경기도성남교육지원청","경기도 성남시 분당구","S090002196","양영중학교","03","공립","N","","0","1","1","0","1","1","1","0","1","2","34","36","0","3","3","0","0","0","0","1","1","0","0","0","0","0","0","0","2","2","0","1","1","0","2","2","0","2","2","0","0","0","3","47","50"
"경기도교육청","경기도성남교육지원청","경기도 성남시 중원구","S090002198","영성중학교","03","공립","N","","1","0","1","1","0","1","0","0","0","3","14","17","0","3","3","0","2","2","2","0","2","0","0","0","0","0","0","0","1","1","0","1","1","0","1","1","0","2","2","0","0","0","7","24","31"
"경기도교육청","경기도성남교육지원청","경기도 성남시 중원구","S090002199","은행중학교","03","공립","N","","0","1","1","0","1","1","0","0","0","4","17","21","1","6","7","0","2","2","0","0","0","0","0","0","0","0","0","1","0","1","0","0","0","0","1","1","0","0","0","0","0","0","6","28","34"
"경기도교육청","경기도성남교육지원청","경기도 성남시 분당구","S090002200","이매중학교","03","공립","N","","1","0","1","0","1","1","0","0","0","8","43","51","0","8","8","0","0","0","0","0","0","0","0","0","0","0","0","0","1","1","0","1","1","0","1","1","0","1","1","0","1","1","9","57","66"
"경기도교육청","경기도성남교육지원청","경기도 성남시 분당구","S090002201","장안중학교","03","공립","N","","1","0","1","0","1","1","0","0","0","5","26","31","1","3","4","0","0","0","0","0","0","0","0","0","0","0","0","0","1","1","0","1","1","0","1","1","0","2","2","0","0","0","7","35","42"
"경기도교육청","경기도성남교육지원청","경기도 성남시 분당구","S090002202","정자중학교","03","공립","N","","0","1","1","0","1","1","0","0","0","3","19","22","0","1","1","0","1","1","0","0","0","0","0","0","0","0","0","0","1","1","0","1","1","0","1","1","0","1","1","0","0","0","3","27","30"
"경기도교육청","경기도성남교육지원청","경기도 성남시 수정구","S090002206","태평중학교","03","공립","N","","1","0","1","0","1","1","1","0","1","7","30","37","2","6","8","0","1","1","0","1","1","0","0","0","0","0","0","0","1","1","0","0","0","0","1","1","0","1","1","0","0","0","11","42","53"
"경기도교육청","경기도성남교육지원청","경기도 성남시 수정구","S090002207","풍생중학교","03","사립","N","","1","0","1","1","0","1","0","0","0","13","8","21","0","6","6","0","0","0","0","0","0","0","0","0","0","0","0","1","0","1","0","1","1","0","1","1","0","0","0","0","0","0","16","16","32"
"경기도교육청","경기도성남교육지원청","경기도 성남시 분당구","S090002208","하탑중학교","03","공립","N","","1","1","2","0","0","0","0","0","0","4","29","33","1","4","5","0","2","2","0","0","0","0","0","0","0","0","0","0","1","1","0","0","0","0","1","1","0","1","1","0","0","0","6","39","45"
"경기도교육청","경기도수원교육지원청","경기도 수원시 권선구","S090002406","고색중학교","03","공립","N","","1","0","1","1","0","1","0","0","0","3","9","12","5","6","11","1","4","5","0","1","1","0","0","0","0","0","0","0","0","0","0","0","0","0","1","1","0","0","0","0","0","0","11","21","32"
"경기도교육청","경기도수원교육지원청","경기도 수원시 권선구","S090002407","곡선중학교","03","공립","N","","0","1","1","1","0","1","0","0","0","5","11","16","2","2","4","1","3","4","0","0","0","0","0","0","0","0","0","0","0","0","0","0","0","0","1","1","0","0","0","0","0","0","9","18","27"
"경기도교육청","경기도수원교육지원청","경기도 수원시 권선구","S090002408","구운중학교","03","공립","N","","0","1","1","0","1","1","0","0","0","6","24","30","1","12","13","1","0","1","0","1","1","0","0","0","0","0","0","0","1","1","0","1","1","0","1","1","0","0","0","0","0","0","8","42","50"
"경기도교육청","경기도수원교육지원청","경기도 수원시 권선구","S090002409","권선중학교","03","공립","N","","1","0","1","0","1","1","0","0","0","4","17","21","0","3","3","0","3","3","0","0","0","0","0","0","0","0","0","0","1","1","0","1","1","0","1","1","0","0","0","0","0","0","5","27","32"
"경기도교육청","경기도수원교육지원청","경기도 수원시 권선구","S090002410","남수원중학교","03","공립","N","","1","0","1","0","1","1","0","0","0","4","42","46","3","9","12","0","1","1","0","0","0","0","0","0","0","0","0","0","1","1","0","1","1","0","2","2","0","1","1","0","0","0","8","58","66"
"경기도교육청","경기도수원교육지원청","경기도 수원시 장안구","S090002411","대평중학교","03","공립","N","","0","1","1","2","0","2","0","0","0","9","47","56","5","12","17","1","1","2","0","1","1","0","0","0","0","0","0","0","2","2","0","1","1","0","2","2","0","1","1","0","0","0","17","68","85"
"경기도교육청","경기도수원교육지원청","경기도 수원시 팔달구","S090002412","동성중학교","03","공립","N","","1","0","1","0","1","1","0","1","1","6","24","30","2","6","8","0","0","0","0","0","0","0","0","0","0","0","0","0","1","1","0","1","1","0","1","1","0","1","1","0","0","0","9","36","45"
"경기도교육청","경기도수원교육지원청","경기도 수원시 영통구","S090002413","동수원중학교","03","공립","N","","0","1","1","0","1","1","0","0","0","10","31","41","0","5","5","0","0","0","0","0","0","0","0","0","0","0","0","0","1","1","0","0","0","0","1","1","0","1","1","0","0","0","10","41","51"
"경기도교육청","경기도수원교육지원청","경기도 수원시 영통구","S090002414","매원중학교","03","공립","N","","1","0","1","0","1","1","0","0","0","1","23","24","0","5","5","0","1","1","0","0","0","0","0","0","0","0","0","1","0","1","0","1","1","0","2","2","0","0","0","0","0","0","3","33","36"
"경기도교육청","경기도수원교육지원청","경기도 수원시 팔달구","S090002415","매향중학교","03","사립","N","","1","0","1","0","1","1","0","0","0","13","10","23","1","6","7","0","0","0","0","0","0","0","0","0","0","0","0","0","1","1","1","0","1","0","1","1","0","1","1","0","0","0","16","20","36"
"경기도교육청","경기도수원교육지원청","경기도 수원시 영통구","S090002416","매현중학교","03","공립","N","","1","0","1","0","1","1","0","0","0","5","23","28","1","3","4","0","1","1","0","0","0","0","0","0","0","0","0","0","0","0","0","1","1","0","2","2","0","1","1","1","2","3","8","34","42"
"경기도교육청","경기도수원교육지원청","경기도 수원시 장안구","S090002417","명인중학교","03","공립","N","","1","0","1","1","0","1","0","0","0","11","34","45","2","10","12","1","2","3","1","0","1","0","0","0","0","0","0","0","1","1","0","0","0","0","1","1","0","0","0","0","0","0","17","48","65"
"경기도교육청","경기도수원교육지원청","경기도 수원시 장안구","S090002418","송원중학교","03","공립","N","","1","0","1","0","1","1","0","0","0","5","22","27","1","2","3","0","0","0","0","0","0","0","0","0","0","0","0","0","1","1","0","0","0","0","1","1","0","0","0","1","0","1","8","27","35"
"경기도교육청","경기도수원교육지원청","경기도 수원시 영통구","S090002419","산남중학교","03","공립","N","","1","0","1","1","0","1","0","1","1","7","44","51","2","2","4","0","4","4","0","0","0","0","0","0","0","0","0","0","1","1","0","0","0","0","1","1","0","1","1","0","0","0","11","54","65"
"경기도교육청","경기도수원교육지원청","경기도 수원시 팔달구","S090002420","삼일중학교","03","사립","N","","0","1","1","0","0","0","0","0","0","7","10","17","5","7","12","0","0","0","0","0","0","0","0","0","0","0","0","0","1","1","0","1","1","0","1","1","0","1","1","0","0","0","12","22","34"
"경기도교육청","경기도수원교육지원청","경기도 수원시 장안구","S090002421","창용중학교","03","공립","N","","1","0","1","0","1","1","0","0","0","2","9","11","0","1","1","0","1","1","1","0","1","0","0","0","0","0","0","0","0","0","0","1","1","0","1","1","0","0","0","0","0","0","4","14","18"
"경기도교육청","경기도수원교육지원청","경기도 수원시 장안구","S090002422","수성중학교","03","공립","N","","1","0","1","1","0","1","0","0","0","5","20","25","1","3","4","0","0","0","0","0","0","0","0","0","0","0","0","0","1","1","0","1","1","0","1","1","0","1","1","0","0","0","8","27","35"
"경기도교육청","경기도수원교육지원청","경기도 수원시 장안구","S090002423","수원북중학교","03","공립","N","","1","0","1","1","0","1","0","0","0","2","13","15","3","3","6","0","2","2","0","2","2","0","0","0","0","0","0","0","1","1","0","1","1","0","1","1","0","1","1","0","1","1","7","25","32"
"경기도교육청","경기도수원교육지원청","경기도 수원시 팔달구","S090002424","수원제일중학교","03","공립","N","","1","0","1","1","0","1","0","0","0","6","8","14","0","0","0","0","2","2","1","0","1","0","0","0","0","0","0","0","1","1","0","1","1","0","1","1","0","0","0","0","0","0","9","13","22"
"경기도교육청","경기도수원교육지원청","경기도 수원시 팔달구","S090002425","수원중학교","03","사립","N","","1","0","1","1","0","1","0","0","0","10","20","30","3","6","9","0","0","0","0","0","0","0","0","0","0","0","0","0","1","1","0","0","0","0","1","1","0","1","1","0","0","0","15","29","44"
"경기도교육청","경기도수원교육지원청","경기도 수원시 장안구","S090002426","수일여자중학교","03","공립","N","","0","1","1","0","1","1","0","0","0","3","19","22","0","2","2","0","0","0","0","0","0","0","0","0","0","0","0","0","1","1","0","1","1","0","1","1","0","0","0","0","0","0","3","26","29"
"경기도교육청","경기도수원교육지원청","경기도 수원시 장안구","S090002427","수일중학교","03","공립","N","","1","0","1","0","1","1","0","0","0","1","12","13","0","2","2","0","0","0","0","0","0","0","0","0","0","0","0","0","1","1","0","1","1","0","1","1","0","1","1","0","0","0","2","19","21"
"경기도교육청","경기도수원교육지원청","경기도 수원시 팔달구","S090002428","숙지중학교","03","공립","N","","0","1","1","1","0","1","0","0","0","3","31","34","3","3","6","0","4","4","0","1","1","0","0","0","0","0","0","0","1","1","0","0","0","0","1","1","0","1","1","0","0","0","7","43","50"
"경기도교육청","경기도수원교육지원청","경기도 수원시 영통구","S090002429","연무중학교","03","공립","N","","1","0","1","0","1","1","0","0","0","4","48","52","3","5","8","0","2","2","0","0","0","0","0","0","0","0","0","0","1","1","0","1","1","0","1","1","0","0","0","0","0","0","8","59","67"
"경기도교육청","경기도수원교육지원청","경기도 수원시 영통구","S090002430","영덕중학교","03","공립","N","","0","1","1","1","0","1","0","0","0","10","42","52","0","4","4","0","2","2","0","0","0","0","0","0","0","0","0","0","0","0","0","0","0","0","1","1","0","1","1","0","0","0","11","51","62"
"경기도교육청","경기도수원교육지원청","경기도 수원시 팔달구","S090002431","영복여자중학교","03","사립","N","","0","1","1","1","0","1","0","0","0","12","11","23","1","5","6","0","0","0","0","0","0","0","0","0","0","0","0","0","2","2","0","1","1","0","1","1","0","1","1","0","0","0","14","22","36"
"경기도교육청","경기도수원교육지원청","경기도 수원시 권선구","S090002432","영신중학교","03","사립","N","","1","0","1","0","1","1","0","0","0","15","28","43","2","1","3","0","0","0","0","0","0","0","0","0","0","0","0","1","0","1","0","1","1","0","1","1","0","0","0","0","0","0","19","32","51"
"경기도교육청","경기도수원교육지원청","경기도 수원시 영통구","S090002433","영일중학교","03","공립","N","","0","1","1","1","0","1","0","0","0","4","31","35","3","7","10","0","0","0","0","0","0","0","0","0","0","0","0","1","0","1","0","1","1","0","1","1","0","1","1","0","0","0","9","42","51"
"경기도교육청","경기도수원교육지원청","경기도 수원시 영통구","S090002434","영통중학교","03","공립","N","","1","0","1","1","0","1","0","0","0","4","12","16","0","3","3","0","1","1","0","0","0","0","0","0","0","0","0","0","1","1","0","1","1","0","1","1","0","1","1","0","0","0","6","20","26"
"경기도교육청","경기도수원교육지원청","경기도 수원시 영통구","S090002435","원천중학교","03","공립","N","","2","0","2","0","0","0","0","0","0","3","8","11","0","4","4","1","1","2","0","0","0","0","0","0","0","0","0","0","1","1","0","1","1","0","2","2","0","1","1","0","0","0","6","18","24"
"경기도교육청","경기도수원교육지원청","경기도 수원시 장안구","S090002436","율전중학교","03","공립","N","","0","1","1","1","0","1","0","0","0","4","14","18","0","2","2","0","1","1","0","0","0","0","0","0","0","0","0","0","1","1","0","0","0","0","1","1","0","0","0","0","0","0","5","20","25"
"경기도교육청","경기도수원교육지원청","경기도 수원시 팔달구","S090002437","율현중학교","03","공립","N","","0","1","1","2","0","2","0","1","1","7","38","45","2","6","8","0","0","0","0","0","0","0","0","0","0","0","0","0","0","0","0","0","0","0","2","2","0","0","0","0","0","0","11","48","59"
"경기도교육청","경기도수원교육지원청","경기도 수원시 장안구","S090002438","이목중학교","03","공립","N","","0","1","1","0","1","1","0","0","0","8","43","51","3","3","6","0","1","1","0","0","0","0","0","0","0","0","0","0","1","1","0","0","0","0","1","1","0","0","0","0","0","0","11","51","62"
"경기도교육청","경기도수원교육지원청","경기도 수원시 장안구","S090002439","천천중학교","03","공립","N","","1","0","1","1","0","1","0","0","0","4","47","51","1","7","8","0","0","0","0","0","0","0","0","0","0","0","0","0","1","1","0","1","1","0","1","1","0","0","0","0","0","0","7","57","64"
"경기도교육청","경기도수원교육지원청","경기도 수원시 영통구","S090002440","청명중학교","03","공립","N","","0","1","1","0","1","1","0","0","0","6","24","30","2","7","9","0","1","1","0","0","0","0","0","0","0","0","0","0","0","0","0","1","1","0","1","1","0","1","1","0","0","0","8","37","45"
"경기도교육청","경기도수원교육지원청","경기도 수원시 영통구","S090002441","태장중학교","03","공립","N","","0","1","1","0","1","1","0","0","0","4","31","35","4","7","11","1","1","2","0","0","0","0","0","0","0","0","0","0","1","1","0","0","0","0","1","1","0","2","2","0","0","0","9","45","54"
"경기도교육청","경기도수원교육지원청","경기도 수원시 권선구","S090002442","호매실중학교","03","공립","N","","0","1","1","0","1","1","0","0","0","6","38","44","2","9","11","0","2","2","0","0","0","0","0","0","0","0","0","0","2","2","0","1","1","0","2","2","0","1","1","0","0","0","8","57","65"
"경기도교육청","경기도수원교육지원청","경기도 수원시 권선구","S090002443","화홍중학교","03","공립","N","","0","1","1","1","0","1","0","0","0","11","37","48","0","1","1","0","0","0","0","0","0","0","0","0","0","0","0","0","1","1","0","0","0","0","1","1","0","0","0","0","0","0","12","41","53"
"경기도교육청","경기도안산교육지원청","경기도 안산시 상록구","S090002683","경수중학교","03","공립","N","","2","0","2","0","0","0","0","0","0","5","14","19","4","10","14","1","0","1","0","2","2","0","0","0","0","0","0","0","0","0","0","0","0","0","1","1","0","0","0","0","0","0","12","27","39"
"경기도교육청","경기도안산교육지원청","경기도 안산시 단원구","S090002684","관산중학교","03","공립","N","","1","0","1","0","1","1","0","0","0","3","17","20","5","7","12","0","0","0","0","0","0","0","0","0","0","0","0","0","1","1","0","1","1","0","2","2","0","0","0","0","0","0","9","29","38"
"경기도교육청","경기도시흥교육지원청","경기도 시흥시","S090002685","군자중학교","03","공립","N","","0","1","1","1","0","1","0","0","0","7","19","26","4","11","15","3","3","6","0","0","0","0","0","0","0","0","0","0","2","2","0","1","1","0","1","1","0","0","0","0","0","0","15","38","53"
"경기도교육청","경기도안산교육지원청","경기도 안산시 단원구","S090002686","대부중학교","03","공립","N","","0","0","0","1","0","1","0","0","0","3","1","4","5","4","9","0","1","1","0","1","1","0","0","0","0","0","0","0","0","0","0","0","0","0","1","1","0","0","0","0","0","0","9","8","17"
"경기도교육청","경기도시흥교육지원청","경기도 시흥시","S090002687","대흥중학교","03","공립","N","","0","1","1","1","0","1","0","0","0","4","12","16","1","3","4","0","1","1","0","1","1","0","0","0","0","0","0","0","1","1","0","1","1","0","1","1","0","1","1","0","0","0","6","22","28"
"경기도교육청","경기도안산교육지원청","경기도 안산시 상록구","S090002688","반월중학교","03","공립","N","","1","0","1","0","1","1","0","0","0","4","11","15","5","5","10","0","1","1","0","0","0","0","0","0","0","0","0","0","1","1","0","1","1","1","0","1","0","1","1","0","0","0","11","21","32"
"경기도교육청","경기도안산교육지원청","경기도 안산시 단원구","S090002689","별망중학교","03","공립","N","","0","1","1","0","1","1","0","0","0","6","17","23","7","8","15","1","1","2","0","0","0","0","0","0","0","0","0","0","1","1","0","0","0","0","1","1","0","0","0","0","0","0","14","30","44"
"경기도교육청","경기도안산교육지원청","경기도 안산시 상록구","S090002690","본오중학교","03","공립","N","","2","0","2","1","0","1","0","0","0","6","28","34","7","14","21","0","1","1","1","2","3","0","0","0","0","0","0","0","2","2","0","0","0","0","1","1","0","1","1","0","0","0","17","49","66"
"경기도교육청","경기도안산교육지원청","경기도 안산시 상록구","S090002691","상록중학교","03","공립","N","","0","1","1","0","1","1","0","0","0","8","15","23","4","11","15","0","1","1","0","1","1","0","0","0","0","0","0","1","0","1","0","1","1","0","1","1","0","0","0","0","0","0","13","32","45"
"경기도교육청","경기도시흥교육지원청","경기도 시흥시","S090002692","서해중학교","03","공립","N","","0","1","1","1","0","1","0","0","0","7","28","35","9","8","17","2","0","2","0","0","0","0","0","0","0","0","0","0","1","1","0","0","0","0","1","1","0","1","1","0","0","0","19","40","59"
"경기도교육청","경기도안산교육지원청","경기도 안산시 단원구","S090002693","선부중학교","03","공립","N","","0","1","1","1","0","1","0","0","0","6","14","20","7","11","18","1","1","2","0","2","2","0","0","0","0","0","0","0","1","1","0","0","0","0","1","1","0","1","1","0","0","0","15","32","47"
"경기도교육청","경기도안산교육지원청","경기도 안산시 상록구","S090002694","성안중학교","03","공립","N","","1","0","1","0","1","1","0","1","1","2","18","20","6","17","23","0","1","1","0","2","2","0","0","0","0","0","0","0","1","1","0","0","0","0","1","1","0","0","0","0","0","0","9","42","51"
"경기도교육청","경기도시흥교육지원청","경기도 시흥시","S090002695","한국글로벌중학교","03","사립","N","","1","0","1","1","0","1","0","0","0","7","7","14","0","3","3","0","1","1","0","0","0","0","0","0","0","0","0","0","1","1","0","1","1","0","1","1","0","0","0","0","0","0","9","14","23"
"경기도교육청","경기도안산교육지원청","경기도 안산시 상록구","S090002696","성포중학교","03","공립","N","","0","1","1","1","0","1","0","0","0","5","15","20","4","9","13","0","1","1","0","1","1","0","0","0","0","0","0","0","1","1","0","1","1","0","1","1","0","0","0","0","0","0","10","30","40"
"경기도교육청","경기도시흥교육지원청","경기도 시흥시","S090002697","소래중학교","03","공립","N","","1","0","1","1","1","2","0","0","0","9","33","42","8","12","20","1","1","2","0","0","0","0","0","0","0","0","0","0","1","1","0","1","1","0","2","2","0","0","0","0","0","0","20","51","71"
"경기도교육청","경기도시흥교육지원청","경기도 시흥시","S090002698","송운중학교","03","공립","N","","0","0","0","0","2","2","0","0","0","8","22","30","2","3","5","0","2","2","0","0","0","0","0","0","0","0","0","0","1","1","0","1","1","0","1","1","0","0","0","0","0","0","10","32","42"
"경기도교육청","경기도안산교육지원청","경기도 안산시 단원구","S090002699","송호중학교","03","공립","N","","1","0","1","0","1","1","0","1","1","4","19","23","2","11","13","0","0","0","0","1","1","0","0","0","0","0","0","0","1","1","0","0","0","0","1","1","0","1","1","0","0","0","7","36","43"
"경기도교육청","경기도안산교육지원청","경기도 안산시 상록구","S090002700","시곡중학교","03","공립","N","","0","1","1","0","1","1","0","0","0","6","22","28","11","18","29","2","2","4","1","1","2","0","0","0","0","0","0","0","1","1","0","1","1","0","1","1","0","1","1","0","0","0","20","49","69"
"경기도교육청","경기도시흥교육지원청","경기도 시흥시","S090002701","시흥은행중학교","03","공립","N","","1","0","1","2","0","2","0","0","0","9","37","46","6","11","17","1","1","2","0","0","0","0","0","0","0","0","0","0","1","1","0","0","0","0","1","1","0","0","0","0","0","0","19","51","70"
"경기도교육청","경기도시흥교육지원청","경기도 시흥시","S090002702","시흥중학교","03","공립","N","","1","1","2","0","0","0","0","0","0","4","23","27","5","10","15","0","3","3","0","1","1","0","0","0","0","0","0","0","1","1","0","0","0","0","1","1","0","0","0","0","0","0","10","40","50"
"경기도교육청","경기도시흥교육지원청","경기도 시흥시","S090002703","신천중학교","03","공립","N","","1","0","1","0","1","1","0","0","0","6","11","17","0","4","4","2","3","5","1","0","1","0","0","0","0","0","0","0","0","0","0","0","0","0","1","1","0","0","0","0","0","0","10","20","30"
"경기도교육청","경기도안산교육지원청","경기도 안산시 상록구","S090002704","안산부곡중학교","03","공립","N","","0","1","1","0","1","1","0","0","0","3","12","15","4","11","15","0","2","2","0","1","1","0","0","0","0","0","0","0","1","1","0","1","1","0","1","1","0","0","0","0","0","0","7","31","38"
"경기도교육청","경기도안산교육지원청","경기도 안산시 상록구","S090002705","안산중학교","03","사립","N","","0","0","0","0","1","1","0","0","0","7","3","10","3","5","8","0","0","0","0","0","0","0","0","0","0","0","0","0","1","1","1","0","1","0","1","1","0","0","0","0","0","0","11","11","22"
"경기도교육청","경기도안산교육지원청","경기도 안산시 단원구","S090002706","양지중학교","03","공립","N","","0","1","1","0","1","1","0","0","0","6","31","37","10","19","29","0","0","0","0","0","0","0","0","0","0","0","0","0","0","0","0","1","1","0","1","1","0","0","0","0","0","0","16","54","70"
"경기도교육청","경기도시흥교육지원청","경기도 시흥시","S090002707","연성중학교","03","공립","N","","1","0","1","1","0","1","0","0","0","4","18","22","1","7","8","0","2","2","0","0","0","0","0","0","0","0","0","0","1","1","0","1","1","0","1","1","0","0","0","0","0","0","7","30","37"
"경기도교육청","경기도안산교육지원청","경기도 안산시 단원구","S090002708","와동중학교","03","공립","N","","1","0","1","1","0","1","0","0","0","6","13","19","5","11","16","1","3","4","0","0","0","0","0","0","0","0","0","0","1","1","0","1","1","0","1","1","0","0","0","0","0","0","14","30","44"
"경기도교육청","경기도안산교육지원청","경기도 안산시 단원구","S090002709","원곡중학교","03","공립","N","","1","0","1","0","1","1","0","0","0","9","24","33","8","23","31","1","2","3","0","1","1","0","0","0","0","0","0","1","1","2","0","0","0","0","2","2","0","0","0","0","0","0","20","54","74"
"경기도교육청","경기도안산교육지원청","경기도 안산시 단원구","S090002710","원일중학교","03","공립","N","","1","0","1","0","1","1","0","0","0","4","19","23","7","23","30","1","2","3","0","0","0","0","0","0","0","0","0","0","2","2","0","0","0","0","1","1","0","0","0","0","0","0","13","48","61"
"경기도교육청","경기도시흥교육지원청","경기도 시흥시","S090002711","장곡중학교","03","공립","N","","0","1","1","1","0","1","0","0","0","9","26","35","4","2","6","1","0","1","0","1","1","0","0","0","0","0","0","0","1","1","0","0","0","0","1","1","0","0","0","0","0","0","15","32","47"
"경기도교육청","경기도시흥교육지원청","경기도 시흥시","S090002712","정왕중학교","03","공립","N","","0","1","1","1","0","1","0","0","0","5","18","23","6","14","20","1","1","2","0","1","1","0","0","0","0","0","0","1","0","1","0","1","1","0","1","1","0","1","1","0","0","0","14","38","52"
"경기도교육청","경기도안산교육지원청","경기도 안산시 단원구","S090002713","중앙중학교","03","공립","N","","1","0","1","1","0","1","0","0","0","6","32","38","6","13","19","0","1","1","1","0","1","0","0","0","0","0","0","0","1","1","0","0","0","0","1","1","0","0","0","0","0","0","15","48","63"
"경기도교육청","경기도시흥교육지원청","경기도 시흥시","S090002714","함현중학교","03","공립","N","","1","0","1","1","0","1","0","0","0","10","23","33","4","1","5","1","0","1","0","0","0","0","0","0","0","0","0","0","1","1","0","0","0","0","1","1","0","0","0","0","0","0","17","26","43"
"경기도교육청","경기도안성교육지원청","경기도 안성시","S090002917","공도중학교","03","공립","N","","1","0","1","0","1","1","0","0","0","13","16","29","9","21","30","0","2","2","0","0","0","0","0","0","0","0","0","1","0","1","0","0","0","0","1","1","0","0","0","0","0","0","24","41","65"
"경기도교육청","경기도안성교육지원청","경기도 안성시","S090002918","명륜여자중학교","03","사립","N","","0","1","1","0","1","1","0","0","0","8","16","24","0","3","3","0","0","0","0","0","0","0","0","0","0","0","0","0","2","2","0","1","1","0","1","1","0","1","1","0","0","0","8","26","34"
"경기도교육청","경기도안성교육지원청","경기도 안성시","S090002919","서운중학교","03","공립","N","","1","0","1","1","0","1","0","0","0","4","5","9","1","1","2","1","0","1","0","0","0","0","0","0","0","0","0","0","0","0","0","0","0","0","1","1","0","0","0","0","0","0","8","7","15"
"경기도교육청","경기도안성교육지원청","경기도 안성시","S090002920","안성여자중학교","03","공립","N","","1","0","1","1","0","1","0","0","0","3","18","21","4","13","17","0","2","2","0","0","0","0","0","0","0","0","0","0","1","1","0","0","0","0","1","1","0","1","1","0","0","0","9","36","45"
"경기도교육청","경기도안성교육지원청","경기도 안성시","S090002921","안성중학교","03","공립","N","","1","0","1","0","1","1","0","0","0","6","12","18","10","12","22","2","0","2","1","0","1","0","0","0","0","0","0","0","2","2","0","1","1","0","1","1","0","1","1","0","0","0","20","30","50"
"경기도교육청","경기도안성교육지원청","경기도 안성시","S090002922","안청중학교","03","사립","N","","1","0","1","1","1","2","0","0","0","11","10","21","2","3","5","0","0","0","0","0","0","0","0","0","0","0","0","1","0","1","1","0","1","0","1","1","0","0","0","0","0","0","17","15","32"
"경기도교육청","경기도안성교육지원청","경기도 안성시","S090002923","양성중학교","03","공립","N","","0","1","1","1","0","1","0","0","0","5","5","10","1","0","1","0","2","2","0","0","0","0","0","0","0","0","0","0","1","1","0","0","0","0","1","1","0","0","0","0","0","0","7","10","17"
"경기도교육청","경기도안성교육지원청","경기도 안성시","S090002924","일죽중학교","03","공립","N","","0","0","0","0","1","1","0","0","0","3","2","5","0","6","6","0","0","0","0","0","0","0","0","0","0","0","0","1","0","1","0","0","0","0","1","1","0","0","0","0","0","0","4","10","14"
"경기도교육청","경기도안성교육지원청","경기도 안성시","S090002925","죽산중학교","03","공립","N","","0","0","0","1","0","1","0","0","0","2","7","9","5","2","7","0","0","0","0","1","1","0","0","0","0","0","0","0","0","0","0","1","1","0","1","1","0","0","0","0","0","0","8","12","20"
"경기도교육청","경기도안양과천교육지원청","경기도 과천시","S090003014","과천문원중학교","03","공립","N","","0","1","1","0","1","1","0","0","0","7","62","69","0","1","1","0","2","2","0","0","0","0","0","0","0","0","0","0","0","0","0","1","1","0","2","2","0","1","1","0","0","0","7","71","78"
"경기도교육청","경기도안양과천교육지원청","경기도 과천시","S090003016","과천중학교","03","공립","N","","0","1","1","1","0","1","0","0","0","10","41","51","0","4","4","0","2","2","0","0","0","0","0","0","0","0","0","0","0","0","0","0","0","0","1","1","0","1","1","0","0","0","11","50","61"
"경기도교육청","경기도안양과천교육지원청","경기도 안양시 동안구","S090003017","인덕원중학교","03","공립","N","","1","0","1","0","1","1","0","0","0","4","17","21","0","1","1","0","1","1","0","0","0","0","0","0","0","0","0","0","2","2","0","0","0","0","1","1","0","0","0","0","0","0","5","23","28"
"경기도교육청","경기도안양과천교육지원청","경기도 안양시 동안구","S090003018","관양중학교","03","공립","N","","0","1","1","1","0","1","0","0","0","3","22","25","1","0","1","0","1","1","0","0","0","0","0","0","0","0","0","0","1","1","0","0","0","0","1","1","0","1","1","0","0","0","5","27","32"
"경기도교육청","경기도안양과천교육지원청","경기도 안양시 동안구","S090003019","귀인중학교","03","공립","N","","0","1","1","1","0","1","0","0","0","12","59","71","6","4","10","0","0","0","0","0","0","0","0","0","0","0","0","0","0","0","0","1","1","0","2","2","0","0","0","0","0","0","19","67","86"
"경기도교육청","경기도안양과천교육지원청","경기도 안양시 만안구","S090003020","근명중학교","03","사립","N","","0","0","0","1","0","1","0","0","0","11","17","28","2","7","9","0","0","0","0","0","0","0","0","0","0","0","0","1","0","1","0","1","1","0","1","1","0","0","0","0","0","0","15","26","41"
"경기도교육청","경기도안양과천교육지원청","경기도 안양시 동안구","S090003021","대안여자중학교","03","공립","N","","0","1","1","1","0","1","0","0","0","2","36","38","0","3","3","0","0","0","0","0","0","0","0","0","0","0","0","0","2","2","0","0","0","0","1","1","0","0","0","0","0","0","3","43","46"
"경기도교육청","경기도안양과천교육지원청","경기도 안양시 동안구","S090003022","대안중학교","03","공립","N","","1","0","1","0","1","1","0","0","0","8","26","34","0","2","2","0","0","0","0","0","0","0","0","0","0","0","0","0","1","1","0","0","0","0","1","1","0","2","2","0","0","0","9","33","42"
"경기도교육청","경기도안양과천교육지원청","경기도 안양시 동안구","S090003024","범계중학교","03","공립","N","","0","1","1","0","1","1","0","0","0","8","40","48","0","4","4","0","4","4","0","1","1","0","0","0","0","0","0","0","1","1","0","0","0","0","1","1","0","1","1","0","0","0","8","54","62"
"경기도교육청","경기도안양과천교육지원청","경기도 안양시 동안구","S090003025","부림중학교","03","공립","N","","0","1","1","0","1","1","0","0","0","7","38","45","1","4","5","0","1","1","0","0","0","0","0","0","0","0","0","0","1","1","0","0","0","0","1","1","0","0","0","0","0","0","8","47","55"
"경기도교육청","경기도안양과천교육지원청","경기도 안양시 동안구","S090003026","부안중학교","03","공립","N","","0","1","1","0","1","1","0","0","0","4","30","34","2","2","4","0","1","1","0","0","0","0","0","0","0","0","0","0","0","0","0","1","1","0","1","1","0","0","0","0","0","0","6","37","43"
"경기도교육청","경기도안양과천교육지원청","경기도 안양시 만안구","S090003029","성문중학교","03","사립","N","","1","0","1","0","0","0","0","0","0","8","3","11","5","2","7","0","0","0","0","0","0","0","0","0","0","0","0","0","1","1","0","1","1","0","1","1","0","0","0","0","0","0","14","8","22"
"경기도교육청","경기도안양과천교육지원청","경기도 안양시 동안구","S090003030","신기중학교","03","공립","N","","0","1","1","1","0","1","0","0","0","4","50","54","1","1","2","0","1","1","0","0","0","0","0","0","0","0","0","0","1","1","0","0","0","0","1","1","0","1","1","0","0","0","6","56","62"
"경기도교육청","경기도안양과천교육지원청","경기도 안양시 만안구","S090003031","신성중학교","03","사립","N","","1","0","1","1","0","1","0","0","0","13","19","32","9","5","14","0","0","0","0","0","0","0","0","0","0","0","0","0","1","1","0","0","0","0","1","1","0","0","0","0","0","0","24","26","50"
"경기도교육청","경기도안양과천교육지원청","경기도 안양시 만안구","S090003032","신안중학교","03","공립","N","","1","0","1","0","1","1","0","0","0","3","16","19","0","2","2","0","0","0","0","0","0","0","0","0","0","0","0","0","1","1","0","0","0","0","1","1","0","0","0","0","0","0","4","21","25"
"경기도교육청","경기도안양과천교육지원청","경기도 안양시 동안구","S090003033","안양부흥중학교","03","공립","N","","0","1","1","0","1","1","0","0","0","5","60","65","3","3","6","0","2","2","0","0","0","0","0","0","0","0","0","0","0","0","0","0","0","0","2","2","1","1","2","0","0","0","9","70","79"
"경기도교육청","경기도안양과천교육지원청","경기도 안양시 만안구","S090003035","안양서중학교","03","공립","N","","1","0","1","1","0","1","0","0","0","6","11","17","1","2","3","0","2","2","0","0","0","0","0","0","0","0","0","0","1","1","0","1","1","0","1","1","0","0","0","0","0","0","9","18","27"
"경기도교육청","경기도안양과천교육지원청","경기도 안양시 만안구","S090003036","안양여자중학교","03","사립","N","","0","1","1","1","0","1","0","0","0","12","12","24","0","3","3","0","0","0","0","0","0","0","0","0","0","0","0","0","1","1","0","0","0","0","1","1","0","0","0","0","0","0","13","18","31"
"경기도교육청","경기도안양과천교육지원청","경기도 안양시 만안구","S090003037","안양중학교","03","공립","N","","0","1","1","0","1","1","0","0","0","4","24","28","3","2","5","0","2","2","0","0","0","0","0","0","0","0","0","1","0","1","0","1","1","0","1","1","0","1","1","0","0","0","8","33","41"
"경기도교육청","경기도안양과천교육지원청","경기도 안양시 만안구","S090003038","연현중학교","03","공립","N","","0","1","1","1","0","1","0","0","0","6","41","47","1","4","5","0","2","2","0","2","2","0","0","0","0","0","0","0","2","2","0","0","0","0","1","1","0","0","0","0","0","0","8","53","61"
"경기도교육청","경기도안양과천교육지원청","경기도 안양시 동안구","S090003039","평촌중학교","03","공립","N","","1","0","1","0","1","1","0","0","0","8","71","79","2","2","4","0","0","0","0","0","0","0","0","0","0","0","0","0","1","1","0","0","0","0","2","2","0","0","0","0","0","0","11","77","88"
"경기도교육청","경기도안양과천교육지원청","경기도 안양시 동안구","S090003041","호계중학교","03","공립","N","","2","0","2","0","0","0","0","0","0","7","35","42","1","3","4","0","1","1","0","0","0","0","0","0","0","0","0","0","1","1","0","2","2","0","2","2","0","1","1","0","0","0","10","45","55"
"경기도교육청","경기도양평교육지원청","경기도 양평군","S090003199","강하중학교","03","공립","N","","1","0","1","0","1","1","0","0","0","5","5","10","0","1","1","0","1","1","0","0","0","0","0","0","0","0","0","0","1","1","0","0","0","0","1","1","0","0","0","0","0","0","6","10","16"
"경기도교육청","경기도양평교육지원청","경기도 양평군","S090003200","개군중학교","03","사립","N","","2","0","2","1","0","1","0","0","0","5","6","11","1","1","2","1","0","1","0","0","0","0","0","0","0","0","0","1","0","1","1","0","1","0","1","1","0","0","0","0","0","0","12","8","20"
"경기도교육청","경기도양평교육지원청","경기도 양평군","S090003201","국수중학교","03","공립","N","","0","0","0","1","0","1","0","0","0","6","4","10","0","1","1","0","0","0","0","0","0","0","0","0","0","0","0","0","0","0","0","1","1","0","1","1","0","0","0","0","0","0","7","7","14"
"경기도교육청","경기도양평교육지원청","경기도 양평군","S090003202","양수중학교","03","공립","N","","0","1","1","1","0","1","0","0","0","3","8","11","1","4","5","0","0","0","0","1","1","0","0","0","0","0","0","0","1","1","0","1","1","0","1","1","0","0","0","0","0","0","5","17","22"
"경기도교육청","경기도양평교육지원청","경기도 양평군","S090003203","단월중학교","03","사립","N","","0","1","1","1","0","1","0","0","0","7","6","13","1","0","1","1","0","1","0","0","0","0","0","0","0","0","0","0","1","1","0","1","1","0","1","1","0","0","0","0","0","0","10","10","20"
"경기도교육청","경기도양평교육지원청","경기도 양평군","S090003204","서종중학교","03","사립","N","","1","0","1","0","1","1","0","0","0","7","7","14","2","4","6","1","0","1","0","0","0","0","0","0","0","0","0","0","1","1","0","1","1","0","1","1","0","1","1","0","0","0","11","16","27"
"경기도교육청","경기도양평교육지원청","경기도 양평군","S090003205","양동중학교","03","사립","N","","0","0","0","0","0","0","0","0","0","6","6","12","0","1","1","0","1","1","0","0","0","0","0","0","0","0","0","0","0","0","0","1","1","0","1","1","0","0","0","0","0","0","6","10","16"
"경기도교육청","경기도양평교육지원청","경기도 양평군","S090003206","양일중학교","03","사립","N","","1","0","1","1","0","1","0","0","0","19","15","34","3","7","10","0","1","1","0","1","1","0","0","0","0","0","0","1","0","1","0","1","1","0","1","1","0","1","1","0","0","0","25","27","52"
"경기도교육청","경기도양평교육지원청","경기도 양평군","S090003208","양평중학교","03","공립","N","","1","1","2","1","0","1","0","0","0","17","19","36","7","26","33","1","0","1","0","2","2","0","0","0","0","0","0","0","1","1","0","1","1","0","1","1","0","1","1","0","0","0","27","52","79"
"경기도교육청","경기도양평교육지원청","경기도 양평군","S090003210","용문중학교","03","사립","N","","1","0","1","1","0","1","0","0","0","11","8","19","3","10","13","0","1","1","0","0","0","0","0","0","0","0","0","1","0","1","0","1","1","0","1","1","0","0","0","0","0","0","17","21","38"
"경기도교육청","경기도양평교육지원청","경기도 양평군","S090003211","지평중학교","03","공립","N","","0","0","0","0","1","1","0","0","0","4","5","9","2","2","4","0","1","1","0","1","1","0","0","0","0","0","0","1","0","1","0","1","1","0","1","1","0","0","0","0","0","0","7","12","19"
"경기도교육청","경기도양평교육지원청","경기도 양평군","S090003212","청운중학교","03","공립","N","","0","0","0","1","0","1","0","0","0","5","4","9","1","1","2","0","1","1","1","0","1","0","0","0","0","0","0","0","0","0","0","1","1","0","1","1","0","0","0","0","0","0","8","8","16"
"경기도교육청","경기도여주교육지원청","경기도 여주시","S090003314","강천중학교","03","공립","N","","1","0","1","1","0","1","0","0","0","5","5","10","0","1","1","0","0","0","0","0","0","0","0","0","0","0","0","0","0","0","0","0","0","0","1","1","0","0","0","0","0","0","7","7","14"
"경기도교육청","경기도여주교육지원청","경기도 여주시","S090003315","대신중학교","03","사립","N","","0","0","0","0","1","1","0","0","0","8","4","12","1","0","1","0","1","1","0","0","0","0","0","0","0","0","0","0","0","0","0","0","0","0","0","0","0","0","0","0","0","0","9","6","15"
"경기도교육청","경기도여주교육지원청","경기도 여주시","S090003316","상품중학교","03","공립","N","","1","0","1","1","0","1","0","0","0","5","4","9","0","2","2","1","0","1","0","0","0","0","0","0","0","0","0","0","0","0","0","0","0","0","1","1","0","0","0","0","0","0","8","7","15"
"경기도교육청","경기도여주교육지원청","경기도 여주시","S090003317","세정중학교","03","사립","N","","2","0","2","1","0","1","0","0","0","5","4","9","1","1","2","0","1","1","0","0","0","0","0","0","0","0","0","0","1","1","0","1","1","0","1","1","0","0","0","0","0","0","9","9","18"
"경기도교육청","경기도여주교육지원청","경기도 여주시","S090003318","여강중학교","03","사립","N","","0","0","0","1","0","1","0","0","0","7","6","13","0","7","7","0","0","0","1","1","2","0","0","0","0","0","0","0","0","0","0","1","1","0","1","1","0","0","0","0","0","0","9","16","25"
"경기도교육청","경기도여주교육지원청","경기도 여주시","S090003319","여주제일중학교","03","사립","N","","0","1","1","1","0","1","0","0","0","11","4","15","2","6","8","1","0","1","0","0","0","0","0","0","0","0","0","0","1","1","0","1","1","0","1","1","0","0","0","0","0","0","15","14","29"
"경기도교육청","경기도여주교육지원청","경기도 여주시","S090003320","여흥중학교","03","공립","N","","0","1","1","0","1","1","0","1","1","9","14","23","3","13","16","0","1","1","0","0","0","0","0","0","0","0","0","0","1","1","0","0","0","0","1","1","0","0","0","0","0","0","12","33","45"
"경기도교육청","경기도여주교육지원청","경기도 여주시","S090003321","여주중학교","03","공립","N","","1","0","1","0","1","1","0","0","0","6","13","19","3","12","15","0","1","1","0","0","0","0","0","0","0","0","0","1","0","1","0","1","1","0","1","1","0","1","1","0","0","0","11","30","41"
"경기도교육청","경기도여주교육지원청","경기도 여주시","S090003322","이포중학교","03","공립","N","","0","0","0","1","0","1","0","0","0","3","10","13","0","0","0","0","1","1","1","0","1","0","0","0","0","0","0","0","0","0","0","1","1","0","1","1","0","0","0","0","0","0","5","13","18"
"경기도교육청","경기도여주교육지원청","경기도 여주시","S090003323","점동중학교","03","공립","N","","0","0","0","1","0","1","0","0","0","3","6","9","2","1","3","1","0","1","0","1","1","0","0","0","0","0","0","0","1","1","0","0","0","0","1","1","0","0","0","0","0","0","7","10","17"
"경기도교육청","경기도여주교육지원청","경기도 여주시","S090003324","창명여자중학교","03","사립","N","","0","0","0","1","0","1","0","0","0","7","3","10","1","0","1","0","0","0","0","1","1","0","0","0","0","0","0","0","0","0","0","1","1","0","1","1","0","0","0","0","0","0","9","6","15"
"경기도교육청","경기도여주교육지원청","경기도 여주시","S090003325","흥천중학교","03","공립","N","","1","0","1","1","0","1","0","0","0","4","4","8","1","3","4","0","0","0","0","0","0","0","0","0","0","0","0","0","0","0","0","0","0","0","1","1","0","0","0","0","0","0","7","8","15"
"경기도교육청","경기도연천교육지원청","경기도 연천군","S090003406","군남중학교","03","공립","N","","0","0","0","1","0","1","0","0","0","3","4","7","1","5","6","0","0","0","1","0","1","0","0","0","0","0","0","1","0","1","0","0","0","0","1","1","0","0","0","0","0","0","7","10","17"
"경기도교육청","경기도연천교육지원청","경기도 연천군","S090003407","대광중학교","03","공립","N","","0","0","0","0","1","1","0","0","0","3","6","9","0","2","2","1","0","1","0","0","0","0","0","0","0","0","0","0","0","0","0","0","0","0","1","1","0","0","0","0","0","0","4","10","14"
"경기도교육청","경기도연천교육지원청","경기도 연천군","S090003408","백학중학교","03","공립","N","","1","0","1","1","0","1","0","0","0","5","3","8","0","3","3","0","1","1","0","0","0","0","0","0","0","0","0","0","0","0","0","0","0","0","1","1","0","0","0","0","0","0","7","8","15"
"경기도교육청","경기도연천교육지원청","경기도 연천군","S090003409","연천중학교","03","공립","N","","0","0","0","0","1","1","0","0","0","3","6","9","3","2","5","0","1","1","0","0","0","0","0","0","0","0","0","0","0","0","0","0","0","0","1","1","0","0","0","0","0","0","6","11","17"
"경기도교육청","경기도연천교육지원청","경기도 연천군","S090003410","전곡중학교","03","공립","N","","1","0","1","0","1","1","0","0","0","11","9","20","3","15","18","2","0","2","0","0","0","0","0","0","0","0","0","0","1","1","0","0","0","0","2","2","0","0","0","0","0","0","17","28","45"
"경기도교육청","경기도연천교육지원청","경기도 연천군","S090003411","청산중학교","03","공립","N","","1","0","1","1","0","1","0","0","0","6","4","10","0","2","2","0","0","0","0","1","1","0","0","0","0","0","0","0","0","0","0","0","0","0","1","1","0","0","0","0","0","0","8","8","16"
"경기도교육청","경기도용인교육지원청","경기도 용인시 기흥구","S090003467","구갈중학교","03","공립","N","","1","0","1","0","1","1","0","0","0","4","36","40","4","9","13","0","1","1","0","0","0","0","0","0","0","0","0","1","0","1","0","0","0","0","1","1","0","1","1","0","0","0","10","49","59"
"경기도교육청","경기도용인교육지원청","경기도 용인시 기흥구","S090003468","구성중학교","03","공립","N","","1","0","1","1","0","1","0","1","1","3","52","55","3","4","7","0","2","2","0","1","1","0","0","0","0","0","0","0","1","1","0","1","1","0","2","2","0","1","1","0","0","0","8","65","73"
"경기도교육청","경기도용인교육지원청","경기도 용인시 기흥구","S090003470","나곡중학교","03","공립","N","","1","0","1","1","0","1","0","0","0","7","29","36","0","8","8","0","1","1","0","0","0","0","0","0","0","0","0","1","1","2","0","0","0","0","1","1","0","1","1","0","0","0","10","41","51"
"경기도교육청","경기도용인교육지원청","경기도 용인시 처인구","S090003471","남사중학교","03","사립","N","","1","0","1","1","0","1","0","0","0","6","4","10","1","0","1","0","0","0","0","0","0","0","0","0","0","0","0","0","0","0","0","0","0","0","1","1","0","1","1","0","1","1","9","7","16"
"경기도교육청","경기도용인교육지원청","경기도 용인시 수지구","S090003472","대지중학교","03","공립","N","","0","1","1","0","1","1","0","0","0","2","25","27","0","7","7","0","1","1","0","1","1","1","0","1","0","0","0","0","1","1","0","0","0","0","1","1","0","0","0","0","0","0","3","38","41"
"경기도교육청","경기도용인교육지원청","경기도 용인시 처인구","S090003473","모현중학교","03","공립","N","","0","1","1","0","1","1","0","0","0","6","17","23","2","7","9","0","1","1","0","0","0","0","0","0","0","0","0","0","1","1","0","1","1","0","1","1","0","1","1","0","0","0","8","31","39"
"경기도교육청","경기도용인교육지원청","경기도 용인시 수지구","S090003474","문정중학교","03","사립","N","","1","0","1","1","0","1","0","0","0","9","15","24","2","7","9","0","0","0","0","0","0","0","0","0","0","0","0","0","2","2","0","1","1","0","1","1","0","1","1","0","0","0","13","27","40"
"경기도교육청","경기도용인교육지원청","경기도 용인시 처인구","S090003475","백암중학교","03","공립","N","","0","0","0","1","0","1","0","0","0","1","7","8","0","8","8","1","0","1","0","0","0","0","0","0","0","0","0","0","0","0","0","0","0","0","1","1","0","0","0","0","0","0","3","16","19"
"경기도교육청","경기도용인교육지원청","경기도 용인시 기흥구","S090003476","상갈중학교","03","공립","N","","1","0","1","1","0","1","0","0","0","4","16","20","2","10","12","0","0","0","2","1","3","0","0","0","0","0","0","1","0","1","0","1","1","0","1","1","0","1","1","0","0","0","11","30","41"
"경기도교육청","경기도용인교육지원청","경기도 용인시 수지구","S090003477","상현중학교","03","공립","N","","0","1","1","1","0","1","0","0","0","4","43","47","0","5","5","0","1","1","0","0","0","0","0","0","0","0","0","1","0","1","0","1","1","0","1","1","0","1","1","0","0","0","6","53","59"
"경기도교육청","경기도용인교육지원청","경기도 용인시 수지구","S090003478","서원중학교","03","공립","N","","1","0","1","0","1","1","0","0","0","7","49","56","2","9","11","0","1","1","0","0","0","0","0","0","0","0","0","0","1","1","0","0","0","0","1","1","0","0","0","0","0","0","10","62","72"
"경기도교육청","경기도용인교육지원청","경기도 용인시 수지구","S090003479","성복중학교","03","공립","N","","1","1","2","1","0","1","0","0","0","10","38","48","2","6","8","0","0","0","0","0","0","0","0","0","0","0","0","0","1","1","0","0","0","0","1","1","0","1","1","0","0","0","14","48","62"
"경기도교육청","경기도용인교육지원청","경기도 용인시 기흥구","S090003480","소현중학교","03","공립","N","","0","1","1","0","1","1","0","0","0","3","31","34","4","4","8","0","0","0","0","1","1","0","0","0","0","0","0","0","0","0","0","0","0","0","1","1","0","0","0","0","0","0","7","39","46"
"경기도교육청","경기도용인교육지원청","경기도 용인시 처인구","S090003481","송전중학교","03","공립","N","","0","1","1","0","0","0","0","0","0","1","8","9","1","6","7","0","1","1","0","1","1","0","0","0","0","0","0","0","0","0","0","1","1","0","1","1","0","0","0","0","0","0","2","19","21"
"경기도교육청","경기도용인교육지원청","경기도 용인시 수지구","S090003482","수지중학교","03","공립","N","","1","0","1","1","1","2","0","0","0","5","48","53","2","4","6","0","0","0","0","0","0","0","0","0","0","0","0","0","2","2","0","0","0","0","1","1","0","1","1","0","0","0","9","57","66"
"경기도교육청","경기도용인교육지원청","경기도 용인시 기흥구","S090003483","신갈중학교","03","공립","N","","0","1","1","0","1","1","0","0","0","6","12","18","0","3","3","0","3","3","1","1","2","0","0","0","0","0","0","0","0","0","0","0","0","0","1","1","0","1","1","0","0","0","7","23","30"
"경기도교육청","경기도용인교육지원청","경기도 용인시 처인구","S090003484","영문중학교","03","공립","N","","0","1","1","1","0","1","0","0","0","5","31","36","4","10","14","0","2","2","0","0","0","0","0","0","0","0","0","0","1","1","0","1","1","0","1","1","0","1","1","1","0","1","11","48","59"
"경기도교육청","경기도용인교육지원청","경기도 용인시 처인구","S090003485","용동중학교","03","사립","N","","1","0","1","1","0","1","0","0","0","15","13","28","2","1","3","0","0","0","0","0","0","0","0","0","0","0","0","1","0","1","0","0","0","0","1","1","0","1","1","0","1","1","20","17","37"
"경기도교육청","경기도용인교육지원청","경기도 용인시 처인구","S090003487","용인중학교","03","공립","N","","1","1","2","0","0","0","0","0","0","11","34","45","5","13","18","2","3","5","0","0","0","0","0","0","0","0","0","0","1","1","0","0","0","0","1","1","0","1","1","0","0","0","19","54","73"
"경기도교육청","경기도용인교육지원청","경기도 용인시 처인구","S090003488","원삼중학교","03","공립","N","","1","0","1","0","1","1","0","0","0","4","6","10","3","3","6","0","0","0","0","0","0","0","0","0","0","0","0","0","0","0","0","1","1","0","1","1","0","0","0","0","0","0","8","12","20"
"경기도교육청","경기도용인교육지원청","경기도 용인시 수지구","S090003489","이현중학교","03","공립","N","","0","1","1","1","0","1","0","0","0","9","52","61","2","4","6","0","1","1","0","0","0","0","0","0","0","0","0","0","1","1","0","0","0","0","1","1","0","1","1","0","0","0","12","61","73"
"경기도교육청","경기도용인교육지원청","경기도 용인시 수지구","S090003490","정평중학교","03","공립","N","","0","1","1","0","1","1","0","0","0","4","60","64","1","3","4","0","1","1","0","0","0","0","0","0","0","0","0","0","0","0","0","1","1","0","1","1","0","1","1","0","0","0","5","69","74"
"경기도교육청","경기도용인교육지원청","경기도 용인시 수지구","S090003491","죽전중학교","03","공립","N","","0","1","1","0","1","1","1","0","1","3","38","41","1","3","4","0","0","0","0","2","2","0","0","0","0","0","0","0","1","1","0","1","1","0","1","1","0","1","1","0","0","0","5","49","54"
"경기도교육청","경기도용인교육지원청","경기도 용인시 처인구","S090003492","태성중학교","03","사립","N","","1","0","1","0","0","0","0","0","0","7","9","16","0","2","2","0","0","0","0","0","0","0","0","0","0","0","0","1","0","1","1","0","1","0","1","1","0","0","0","0","0","0","10","12","22"
"경기도교육청","경기도용인교육지원청","경기도 용인시 처인구","S090003493","포곡중학교","03","공립","N","","1","0","1","1","0","1","0","0","0","9","24","33","2","8","10","1","1","2","0","0","0","0","0","0","0","0","0","0","0","0","0","1","1","0","1","1","0","0","0","0","0","0","14","35","49"
"경기도교육청","경기도용인교육지원청","경기도 용인시 수지구","S090003494","홍천중학교","03","공립","N","","0","1","1","1","0","1","0","0","0","3","40","43","4","6","10","1","1","2","0","0","0","0","0","0","0","0","0","0","1","1","0","1","1","0","1","1","0","1","1","0","0","0","9","52","61"
"경기도교육청","경기도의정부교육지원청","경기도 의정부시","S090003639","경민여자중학교","03","사립","N","","1","0","1","1","0","1","0","0","0","10","9","19","1","3","4","0","0","0","0","0","0","0","0","0","0","0","0","0","1","1","0","0","0","0","1","1","0","0","0","0","0","0","13","14","27"
"경기도교육청","경기도의정부교육지원청","경기도 의정부시","S090003640","경민중학교","03","사립","N","","1","0","1","1","0","1","0","0","0","12","5","17","3","5","8","0","0","0","0","0","0","0","0","0","0","0","0","1","0","1","0","0","0","0","2","2","0","0","0","0","0","0","18","12","30"
"경기도교육청","경기도의정부교육지원청","경기도 의정부시","S090003641","금오중학교","03","공립","N","","1","0","1","1","1","2","0","0","0","7","13","20","0","2","2","1","4","5","0","2","2","0","0","0","0","0","0","0","1","1","0","0","0","0","1","1","0","1","1","0","0","0","10","25","35"
"경기도교육청","경기도의정부교육지원청","경기도 의정부시","S090003642","민락중학교","03","공립","N","","0","1","1","1","0","1","0","0","0","7","34","41","0","7","7","0","0","0","1","0","1","0","0","0","0","0","0","0","2","2","0","0","0","0","1","1","0","1","1","0","0","0","9","46","55"
"경기도교육청","경기도의정부교육지원청","경기도 의정부시","S090003643","발곡중학교","03","공립","N","","1","0","1","0","1","1","0","0","0","9","33","42","1","7","8","0","3","3","2","0","2","0","0","0","0","0","0","0","1","1","0","0","0","0","1","1","0","1","1","0","0","0","13","47","60"
"경기도교육청","경기도의정부교육지원청","경기도 의정부시","S090003645","부용중학교","03","공립","N","","1","0","1","0","1","1","0","0","0","9","33","42","2","6","8","0","0","0","1","1","2","0","0","0","0","0","0","0","0","0","0","0","0","0","1","1","0","1","1","0","0","0","13","43","56"
"경기도교육청","경기도의정부교육지원청","경기도 의정부시","S090003646","신곡중학교","03","공립","N","","0","1","1","0","1","1","0","0","0","7","40","47","4","7","11","1","1","2","0","2","2","0","0","0","0","0","0","0","0","0","0","0","0","0","1","1","0","1","1","0","0","0","12","54","66"
"경기도교육청","경기도의정부교육지원청","경기도 의정부시","S090003648","다온중학교","03","공립","N","","0","1","1","0","1","1","0","0","0","4","12","16","0","2","2","0","1","1","0","1","1","0","0","0","0","0","0","1","0","1","0","1","1","0","1","1","0","1","1","0","0","0","5","21","26"
"경기도교육청","경기도의정부교육지원청","경기도 의정부시","S090003649","의정부여자중학교","03","공립","N","","0","1","1","1","0","1","0","0","0","4","13","17","2","3","5","0","2","2","0","0","0","0","0","0","0","0","0","0","0","0","0","0","0","0","2","2","0","0","0","0","0","0","7","21","28"
"경기도교육청","경기도의정부교육지원청","경기도 의정부시","S090003650","의정부중학교","03","공립","N","","1","0","1","1","0","1","0","0","0","5","13","18","1","2","3","0","2","2","0","0","0","0","0","0","0","0","0","0","1","1","0","1","1","0","1","1","0","0","0","0","0","0","8","20","28"
"경기도교육청","경기도의정부교육지원청","경기도 의정부시","S090003651","천보중학교","03","공립","N","","0","1","1","1","2","3","0","0","0","10","41","51","0","0","0","0","1","1","1","1","2","0","0","0","0","0","0","0","1","1","0","1","1","0","1","1","0","0","0","0","0","0","12","49","61"
"경기도교육청","경기도의정부교육지원청","경기도 의정부시","S090003652","충의중학교","03","공립","N","","0","1","1","1","0","1","0","1","1","10","41","51","1","5","6","1","0","1","0","0","0","0","0","0","0","0","0","0","1","1","0","0","0","0","1","1","0","0","0","0","0","0","13","50","63"
"경기도교육청","경기도의정부교육지원청","경기도 의정부시","S090003653","호원중학교","03","공립","N","","1","0","1","0","1","1","0","0","0","8","35","43","7","6","13","0","1","1","1","0","1","0","0","0","0","0","0","0","1","1","0","1","1","0","1","1","0","1","1","1","0","1","18","47","65"
"경기도교육청","경기도의정부교육지원청","경기도 의정부시","S090003654","회룡중학교","03","공립","N","","0","1","1","0","1","1","0","1","1","7","34","41","1","3","4","0","2","2","0","0","0","0","0","0","0","0","0","0","1","1","0","0","0","0","1","1","0","1","1","0","0","0","8","45","53"
"경기도교육청","경기도의정부교육지원청","경기도 의정부시","S090003655","효자중학교","03","공립","N","","0","1","1","1","0","1","0","0","0","12","24","36","2","2","4","1","1","2","0","0","0","0","0","0","0","0","0","0","1","1","0","0","0","0","1","1","0","1","1","0","0","0","16","31","47"
"경기도교육청","경기도이천교육지원청","경기도 이천시","S090003740","이천경남중학교","03","공립","N","","0","0","0","1","0","1","0","0","0","1","1","2","2","7","9","0","0","0","0","0","0","0","0","0","0","0","0","0","0","0","0","0","0","0","0","0","0","0","0","0","0","0","4","8","12"
"경기도교육청","경기도이천교육지원청","경기도 이천시","S090003741","대월중학교","03","공립","N","","1","0","1","1","0","1","0","0","0","2","7","9","2","1","3","0","1","1","0","0","0","0","0","0","0","0","0","0","0","0","0","1","1","0","1","1","0","0","0","0","0","0","6","11","17"
"경기도교육청","경기도이천교육지원청","경기도 이천시","S090003742","마장중학교","03","공립","N","","1","0","1","0","1","1","0","0","0","7","7","14","4","9","13","0","1","1","0","0","0","0","0","0","0","0","0","0","1","1","0","1","1","0","1","1","0","0","0","0","0","0","12","21","33"
"경기도교육청","경기도이천교육지원청","경기도 이천시","S090003743","모가중학교","03","공립","N","","1","0","1","0","1","1","0","0","0","2","4","6","0","4","4","0","0","0","0","0","0","0","0","0","0","0","0","0","1","1","0","1","1","0","1","1","0","0","0","0","0","0","3","12","15"
"경기도교육청","경기도이천교육지원청","경기도 이천시","S090003745","백사중학교","03","공립","N","","0","1","1","1","0","1","0","0","0","3","6","9","2","7","9","0","0","0","0","0","0","0","0","0","0","0","0","0","1","1","0","1","1","0","1","1","0","0","0","0","0","0","6","17","23"
"경기도교육청","경기도이천교육지원청","경기도 이천시","S090003746","부발중학교","03","공립","N","","1","0","1","0","1","1","0","0","0","3","8","11","4","7","11","0","2","2","0","0","0","0","0","0","0","0","0","1","0","1","0","0","0","0","1","1","0","0","0","0","0","0","9","19","28"
"경기도교육청","경기도이천교육지원청","경기도 이천시","S090003747","설봉중학교","03","공립","N","","1","0","1","1","0","1","0","1","1","8","12","20","11","20","31","0","1","1","1","0","1","0","0","0","0","0","0","0","2","2","0","1","1","0","1","1","0","1","1","0","0","0","22","39","61"
"경기도교육청","경기도이천교육지원청","경기도 이천시","S090003749","율면중학교","03","공립","N","","0","0","0","0","1","1","0","0","0","3","7","10","0","2","2","0","0","0","0","1","1","0","0","0","0","0","0","0","0","0","0","0","0","0","1","1","0","0","0","0","0","0","3","12","15"
"경기도교육청","경기도이천교육지원청","경기도 이천시","S090003750","이천송정중학교","03","공립","N","","1","0","1","0","1","1","0","0","0","4","14","18","7","22","29","1","0","1","0","1","1","0","0","0","0","0","0","0","1","1","0","2","2","0","1","1","0","1","1","0","0","0","13","43","56"
"경기도교육청","경기도이천교육지원청","경기도 이천시","S090003751","이천양정여자중학교","03","사립","N","","1","0","1","1","0","1","0","0","0","4","18","22","3","5","8","0","0","0","0","0","0","0","0","0","0","0","0","0","1","1","0","1","1","0","1","1","0","0","0","0","0","0","9","26","35"
"경기도교육청","경기도이천교육지원청","경기도 이천시","S090003752","이천중학교","03","공립","N","","0","1","1","1","0","1","0","0","0","8","15","23","8","21","29","1","1","2","0","0","0","0","0","0","0","0","0","0","1","1","0","0","0","0","2","2","0","1","1","0","0","0","18","42","60"
"경기도교육청","경기도이천교육지원청","경기도 이천시","S090003754","장호원중학교","03","공립","N","","1","0","1","1","0","1","0","0","0","9","8","17","3","6","9","1","1","2","0","0","0","0","0","0","0","0","0","0","2","2","0","0","0","0","1","1","0","0","0","0","0","0","15","18","33"
"경기도교육청","경기도이천교육지원청","경기도 이천시","S090003756","효양중학교","03","공립","N","","0","0","0","1","0","1","0","0","0","9","19","28","4","12","16","0","0","0","1","1","2","0","0","0","0","0","0","1","1","2","0","0","0","0","1","1","0","1","1","0","0","0","16","35","51"
"경기도교육청","경기도파주교육지원청","경기도 파주시","S090003860","광탄중학교","03","사립","N","","1","0","1","0","1","1","0","0","0","7","9","16","2","1","3","0","2","2","0","0","0","0","0","0","0","0","0","0","1","1","0","0","0","0","1","1","0","0","0","0","0","0","10","15","25"
"경기도교육청","경기도파주교육지원청","경기도 파주시","S090003861","교하중학교","03","공립","N","","1","0","1","1","0","1","0","0","0","7","37","44","2","1","3","0","2","2","0","0","0","0","0","0","0","0","0","0","0","0","0","0","0","0","1","1","0","1","1","0","0","0","11","42","53"
"경기도교육청","경기도파주교육지원청","경기도 파주시","S090003862","문산동중학교","03","사립","N","","0","0","0","1","0","1","0","0","0","5","4","9","2","3","5","0","0","0","0","0","0","0","0","0","0","0","0","0","1","1","0","0","0","0","1","1","0","0","0","0","0","0","8","9","17"
"경기도교육청","경기도파주교육지원청","경기도 파주시","S090003863","문산북중학교","03","공립","N","","0","0","0","0","1","1","0","0","0","6","11","17","2","6","8","1","1","2","0","0","0","0","0","0","0","0","0","0","1","1","0","1","1","0","1","1","0","0","0","0","0","0","9","22","31"
"경기도교육청","경기도파주교육지원청","경기도 파주시","S090003864","문산수억중학교","03","사립","N","","1","0","1","1","0","1","0","0","0","10","15","25","4","2","6","0","0","0","0","0","0","0","0","0","0","0","0","0","1","1","1","0","1","0","1","1","0","0","0","0","0","0","17","19","36"
"경기도교육청","경기도파주교육지원청","경기도 파주시","S090003865","문산중학교","03","공립","N","","1","0","1","0","1","1","0","0","0","12","33","45","1","4","5","0","2","2","0","0","0","0","0","0","0","0","0","0","1","1","0","0","0","0","1","1","0","0","0","0","0","0","14","42","56"
"경기도교육청","경기도파주교육지원청","경기도 파주시","S090003866","법원여자중학교","03","공립","N","","0","1","1","0","1","1","0","0","0","1","7","8","0","4","4","0","1","1","0","0","0","0","0","0","0","0","0","0","0","0","0","1","1","0","1","1","0","1","1","0","0","0","1","17","18"
"경기도교육청","경기도파주교육지원청","경기도 파주시","S090003867","봉일천중학교","03","공립","N","","0","1","1","1","0","1","0","0","0","11","29","40","3","7","10","1","1","2","0","0","0","0","0","0","0","0","0","0","1","1","0","0","0","0","1","1","0","0","0","0","0","0","16","40","56"
"경기도교육청","경기도파주교육지원청","경기도 파주시","S090003868","삼광중학교","03","사립","N","","0","0","0","1","0","1","0","0","0","6","5","11","1","2","3","0","1","1","0","0","0","0","0","0","0","0","0","0","1","1","0","1","1","0","1","1","0","0","0","0","0","0","8","11","19"
"경기도교육청","경기도파주교육지원청","경기도 파주시","S090003869","어유중학교","03","공립","N","","1","0","1","0","1","1","0","0","0","2","9","11","0","0","0","0","0","0","0","0","0","0","0","0","0","0","0","0","0","0","0","0","0","0","1","1","0","0","0","0","0","0","3","11","14"
"경기도교육청","경기도파주교육지원청","경기도 파주시","S090003870","율곡중학교","03","사립","N","","0","0","0","1","0","1","0","0","0","6","4","10","1","2","3","0","1","1","0","0","0","0","0","0","0","0","0","0","1","1","0","1","1","0","1","1","0","0","0","0","0","0","8","10","18"
"경기도교육청","경기도파주교육지원청","경기도 파주시","S090003871","지산중학교","03","공립","N","","0","1","1","0","1","1","0","0","0","9","38","47","2","7","9","0","2","2","0","0","0","0","0","0","0","0","0","0","1","1","0","0","0","0","2","2","0","1","1","0","0","0","11","53","64"
"경기도교육청","경기도파주교육지원청","경기도 파주시","S090003872","정목중학교","03","사립","N","","0","1","1","1","0","1","0","0","0","6","6","12","4","4","8","0","0","0","0","0","0","0","0","0","0","0","0","1","0","1","0","1","1","0","1","1","0","0","0","0","0","0","12","13","25"
"경기도교육청","경기도파주교육지원청","경기도 파주시","S090003873","파주중학교","03","사립","N","","1","0","1","1","0","1","0","0","0","5","5","10","3","2","5","0","1","1","0","0","0","0","0","0","0","0","0","0","1","1","0","1","1","0","1","1","0","0","0","0","0","0","10","11","21"
"경기도교육청","경기도파주교육지원청","경기도 파주시","S090003874","파평중학교","03","공립","N","","1","0","1","1","0","1","0","0","0","4","8","12","0","0","0","0","0","0","0","1","1","0","0","0","0","0","0","0","0","0","0","1","1","0","1","1","0","0","0","0","0","0","6","11","17"
"경기도교육청","경기도파주교육지원청","경기도 파주시","S090003875","탄현중학교","03","공립","N","","1","0","1","0","1","1","0","0","0","7","9","16","1","2","3","0","1","1","0","1","1","0","0","0","0","0","0","0","1","1","0","1","1","0","1","1","0","0","0","0","0","0","9","17","26"
"경기도교육청","경기도평택교육지원청","경기도 평택시","S090003988","세교중학교","03","공립","N","","1","0","1","1","0","1","1","0","1","10","37","47","1","14","15","2","3","5","0","1","1","0","0","0","0","0","0","0","1","1","0","0","0","0","2","2","0","1","1","0","0","0","16","59","75"
"경기도교육청","경기도평택교육지원청","경기도 평택시","S090003989","라온중학교","03","사립","N","","1","0","1","1","0","1","0","0","0","12","9","21","2","9","11","0","0","0","0","0","0","0","0","0","0","0","0","0","1","1","0","0","0","0","1","1","0","0","0","0","0","0","16","20","36"
"경기도교육청","경기도평택교육지원청","경기도 평택시","S090003990","송탄중학교","03","공립","N","","1","0","1","1","0","1","0","0","0","8","12","20","2","7","9","2","3","5","0","0","0","0","0","0","0","0","0","0","1","1","1","0","1","0","1","1","0","2","2","0","0","0","15","26","41"
"경기도교육청","경기도평택교육지원청","경기도 평택시","S090003992","신한중학교","03","사립","N","","0","0","0","1","0","1","0","0","0","19","18","37","5","7","12","0","0","0","0","0","0","0","0","0","0","0","0","1","0","1","0","0","0","0","1","1","0","1","1","0","0","0","26","27","53"
"경기도교육청","경기도평택교육지원청","경기도 평택시","S090003993","안일중학교","03","공립","N","","1","0","1","1","0","1","0","0","0","8","14","22","9","18","27","1","1","2","0","0","0","0","0","0","0","0","0","0","2","2","0","0","0","0","1","1","0","0","0","0","0","0","20","36","56"
"경기도교육청","경기도평택교육지원청","경기도 평택시","S090003994","안중중학교","03","사립","N","","0","0","0","1","0","1","0","1","1","4","4","8","3","6","9","0","0","0","0","0","0","0","0","0","0","0","0","0","1","1","0","1","1","0","1","1","0","0","0","0","0","0","8","14","22"
"경기도교육청","경기도평택교육지원청","경기도 평택시","S090003995","오성중학교","03","사립","N","","0","1","1","1","0","1","0","0","0","6","3","9","2","2","4","1","0","1","0","0","0","0","0","0","0","0","0","1","1","2","0","1","1","0","1","1","0","0","0","0","0","0","11","9","20"
"경기도교육청","경기도평택교육지원청","경기도 평택시","S090003996","은혜중학교","03","사립","N","","1","0","1","1","0","1","0","0","0","9","13","22","4","2","6","0","0","0","0","0","0","0","0","0","0","0","0","1","0","1","0","0","0","0","1","1","0","0","0","0","0","0","16","16","32"
"경기도교육청","경기도평택교육지원청","경기도 평택시","S090003997","진위중학교","03","사립","N","","1","0","1","0","0","0","0","0","0","4","7","11","1","2","3","0","0","0","0","0","0","0","0","0","0","0","0","0","1","1","0","1","1","0","1","1","0","0","0","0","0","0","6","12","18"
"경기도교육청","경기도평택교육지원청","경기도 평택시","S090003998","청담중학교","03","사립","N","","0","1","1","1","0","1","0","0","0","10","6","16","4","5","9","0","0","0","0","0","0","0","0","0","0","0","0","0","1","1","0","1","1","0","1","1","0","0","0","0","0","0","15","15","30"
"경기도교육청","경기도평택교육지원청","경기도 평택시","S090003999","청북중학교","03","공립","N","","1","0","1","1","0","1","0","0","0","5","3","8","1","2","3","0","1","1","0","0","0","0","0","0","0","0","0","0","0","0","1","0","1","0","1","1","0","0","0","0","0","0","9","7","16"
"경기도교육청","경기도평택교육지원청","경기도 평택시","S090004000","태광중학교","03","사립","N","","1","0","1","1","0","1","0","0","0","11","15","26","2","9","11","0","0","0","0","0","0","0","0","0","0","0","0","1","0","1","0","1","1","0","1","1","0","0","0","0","0","0","16","26","42"
"경기도교육청","경기도평택교육지원청","경기도 평택시","S090004002","평택여자중학교","03","공립","N","","1","1","2","0","0","0","0","0","0","6","36","42","5","25","30","0","1","1","0","1","1","0","0","0","0","0","0","0","1","1","0","2","2","0","2","2","0","1","1","0","0","0","12","70","82"
"경기도교육청","경기도평택교육지원청","경기도 평택시","S090004003","평택중학교","03","공립","N","","1","0","1","1","0","1","0","0","0","10","23","33","9","25","34","1","2","3","1","0","1","0","0","0","0","0","0","0","1","1","0","1","1","0","2","2","0","1","1","0","0","0","23","55","78"
"경기도교육청","경기도평택교육지원청","경기도 평택시","S090004004","포승중학교","03","공립","N","","2","0","2","0","0","0","0","0","0","4","5","9","2","4","6","0","1","1","0","0","0","0","0","0","0","0","0","0","1","1","0","1","1","0","1","1","0","0","0","0","0","0","8","13","21"
"경기도교육청","경기도평택교육지원청","경기도 평택시","S090004005","한광여자중학교","03","사립","N","","1","0","1","1","0","1","0","0","0","13","22","35","7","9","16","0","0","0","0","0","0","0","0","0","0","0","0","0","1","1","0","1","1","0","1","1","0","1","1","0","0","0","22","35","57"
"경기도교육청","경기도평택교육지원청","경기도 평택시","S090004006","한광중학교","03","사립","N","","1","0","1","1","0","1","0","0","0","18","16","34","8","5","13","0","0","0","0","0","0","0","0","0","0","0","0","0","1","1","0","1","1","0","1","1","0","0","0","0","0","0","28","24","52"
"경기도교육청","경기도평택교육지원청","경기도 평택시","S090004007","현화중학교","03","공립","N","","0","1","1","0","1","1","0","0","0","9","17","26","6","14","20","0","2","2","1","2","3","0","0","0","0","0","0","0","1","1","0","1","1","0","2","2","0","0","0","0","0","0","16","41","57"
"경기도교육청","경기도평택교육지원청","경기도 평택시","S090004008","효명중학교","03","사립","N","","1","0","1","1","0","1","0","0","0","14","14","28","3","4","7","0","0","0","0","0","0","0","0","0","0","0","0","0","1","1","0","1","1","0","1","1","0","0","0","0","0","0","19","21","40"
"경기도교육청","경기도포천교육지원청","경기도 포천시","S090004164","갈월중학교","03","공립","N","","1","0","1","1","0","1","0","0","0","4","10","14","3","2","5","0","1","1","0","0","0","0","0","0","0","0","0","1","0","1","0","0","0","0","1","1","0","0","0","0","0","0","10","14","24"
"경기도교육청","경기도포천교육지원청","경기도 포천시","S090004165","경북중학교","03","공립","N","","0","1","1","0","1","1","0","0","0","6","4","10","0","1","1","0","1","1","0","0","0","0","0","0","0","0","0","0","1","1","0","1","1","0","1","1","0","0","0","0","0","0","6","11","17"
"경기도교육청","경기도포천교육지원청","경기도 포천시","S090004166","관인중학교","03","공립","N","","0","1","1","1","0","1","0","0","0","4","2","6","2","2","4","0","0","0","0","1","1","0","0","0","0","0","0","0","0","0","0","0","0","0","1","1","0","0","0","0","0","0","7","7","14"
"경기도교육청","경기도포천교육지원청","경기도 포천시","S090004167","내촌중학교","03","공립","N","","1","0","1","1","0","1","0","0","0","4","6","10","1","2","3","0","1","1","0","0","0","0","0","0","0","0","0","0","0","0","0","1","1","0","1","1","0","0","0","0","0","0","7","11","18"
"경기도교육청","경기도포천교육지원청","경기도 포천시","S090004168","동남중학교","03","사립","N","","1","0","1","0","0","0","0","0","0","10","10","20","1","2","3","0","0","0","1","0","1","0","0","0","0","0","0","1","0","1","0","1","1","0","1","1","0","0","0","0","0","0","14","14","28"
"경기도교육청","경기도포천교육지원청","경기도 포천시","S090004169","삼성중학교","03","공립","N","","0","1","1","1","1","2","0","0","0","6","4","10","0","0","0","2","0","2","0","1","1","0","0","0","0","0","0","0","0","0","0","1","1","0","1","1","0","0","0","0","0","0","9","9","18"
"경기도교육청","경기도포천교육지원청","경기도 포천시","S090004170","영북중학교","03","공립","N","","1","0","1","1","0","1","0","0","0","1","4","5","5","5","10","0","0","0","1","0","1","0","0","0","0","0","0","0","1","1","0","0","0","0","1","1","0","0","0","0","0","0","9","11","20"
"경기도교육청","경기도포천교육지원청","경기도 포천시","S090004171","영중중학교","03","공립","N","","0","1","1","0","1","1","0","0","0","3","3","6","2","4","6","0","0","0","0","1","1","0","0","0","0","0","0","0","0","0","0","1","1","0","1","1","0","0","0","0","0","0","5","12","17"
"경기도교육청","경기도포천교육지원청","경기도 포천시","S090004172","이동중학교","03","공립","N","","1","0","1","1","0","1","0","0","0","4","3","7","2","4","6","0","0","0","0","1","1","0","0","0","0","0","0","0","0","0","0","1","1","0","1","1","0","0","0","0","0","0","8","10","18"
"경기도교육청","경기도포천교육지원청","경기도 포천시","S090004173","일동중학교","03","공립","N","","1","0","1","1","0","1","0","0","0","2","5","7","5","8","13","0","0","0","1","1","2","0","0","0","0","0","0","0","1","1","0","0","0","0","1","1","0","0","0","0","0","0","10","16","26"
"경기도교육청","경기도포천교육지원청","경기도 포천시","S090004174","포천여자중학교","03","공립","N","","0","1","1","1","0","1","0","0","0","4","2","6","4","19","23","0","0","0","0","1","1","0","0","0","0","0","0","0","1","1","0","1","1","0","1","1","0","0","0","0","0","0","9","26","35"
"경기도교육청","경기도포천교육지원청","경기도 포천시","S090004175","포천중학교","03","공립","N","","1","0","1","0","1","1","0","0","0","10","10","20","5","7","12","1","0","1","0","1","1","0","0","0","0","0","0","0","1","1","0","1","1","0","1","1","0","0","0","0","0","0","17","22","39"
"경기도교육청","경기도화성오산교육지원청","","S090004259","남양중학교","03","공립","N","","1","1","2","0","0","0","0","0","0","2","15","17","5","16","21","0","2","2","1","1","2","0","0","0","0","0","0","0","0","0","0","0","0","0","1","1","0","1","1","0","0","0","9","37","46"
"경기도교육청","경기도화성오산교육지원청","","S090004260","동학중학교","03","공립","N","","1","0","1","1","0","1","0","0","0","4","25","29","6","11","17","0","0","0","1","0","1","0","0","0","0","0","0","0","1","1","0","0","0","0","1","1","0","0","0","0","0","0","13","38","51"
"경기도교육청","경기도화성오산교육지원청","경기도 화성시 동탄구","S090004261","동탄중학교","03","공립","N","","1","0","1","1","0","1","0","0","0","9","35","44","3","14","17","1","1","2","0","0","0","0","0","0","0","0","0","0","1","1","0","1","1","0","1","1","0","1","1","0","0","0","15","54","69"
"경기도교육청","경기도화성오산교육지원청","","S090004263","발안중학교","03","공립","N","","0","1","1","0","1","1","0","0","0","8","19","27","7","10","17","1","0","1","0","2","2","0","0","0","0","0","0","0","1","1","0","0","0","0","1","1","0","0","0","0","0","0","16","35","51"
"경기도교육청","경기도화성오산교육지원청","경기도 화성시 효행구","S090004265","봉담중학교","03","공립","N","","0","1","1","1","0","1","0","0","0","13","25","38","2","11","13","0","1","1","1","1","2","0","0","0","0","0","0","0","0","0","0","0","0","0","2","2","0","0","0","0","0","0","17","41","58"
"경기도교육청","경기도화성오산교육지원청","","S090004266","비봉중학교","03","사립","N","","1","0","1","1","0","1","0","0","0","6","3","9","4","2","6","0","0","0","0","0","0","0","0","0","0","0","0","0","1","1","0","1","1","0","1","1","0","0","0","0","0","0","12","8","20"
"경기도교육청","경기도화성오산교육지원청","경기도 화성시 만세구","S090004267","삼괴중학교","03","사립","N","","0","1","1","1","0","1","0","0","0","6","13","19","3","0","3","1","0","1","0","0","0","0","0","0","0","0","0","0","1","1","0","1","1","0","1","1","0","1","1","0","0","0","11","18","29"
"경기도교육청","경기도화성오산교육지원청","","S090004268","서신중학교","03","사립","N","","1","0","1","0","1","1","0","0","0","4","3","7","1","3","4","1","0","1","0","0","0","0","0","0","0","0","0","0","1","1","0","1","1","0","1","1","0","1","1","0","0","0","7","11","18"
"경기도교육청","경기도화성오산교육지원청","경기도 오산시","S090004269","성호중학교","03","공립","N","","1","0","1","0","1","1","0","0","0","9","15","24","8","18","26","0","0","0","0","1","1","0","0","0","0","0","0","0","0","0","0","0","0","0","1","1","0","1","1","0","0","0","18","37","55"
"경기도교육청","경기도화성오산교육지원청","","S090004270","송산중학교","03","사립","N","","1","0","1","1","0","1","0","0","0","8","9","17","2","7","9","0","1","1","0","1","1","0","0","0","0","0","0","1","0","1","0","1","1","0","1","1","0","0","0","0","0","0","13","20","33"
"경기도교육청","경기도화성오산교육지원청","","S090004271","안용중학교","03","사립","N","","1","0","1","1","0","1","0","0","0","16","14","30","0","3","3","0","0","0","0","0","0","0","0","0","0","0","0","0","2","2","1","0","1","0","1","1","0","2","2","0","0","0","19","22","41"
"경기도교육청","경기도화성오산교육지원청","경기도 화성시 만세구","S090004272","양감중학교","03","공립","N","","0","0","0","1","0","1","0","0","0","4","5","9","1","2","3","0","1","1","0","0","0","0","0","0","0","0","0","0","0","0","0","1","1","0","1","1","0","0","0","0","0","0","6","10","16"
"경기도교육청","경기도화성오산교육지원청","경기도 오산시","S090004273","매홀중학교","03","공립","N","","1","0","1","0","1","1","0","0","0","14","26","40","8","21","29","0","2","2","0","1","1","0","0","0","0","0","0","0","0","0","0","0","0","0","2","2","0","0","0","0","0","0","23","53","76"
"경기도교육청","경기도화성오산교육지원청","경기도 오산시","S090004274","오산중학교","03","사립","N","","1","0","1","0","0","0","0","0","0","16","14","30","4","7","11","0","0","0","0","0","0","0","0","0","0","0","0","1","0","1","0","0","0","0","1","1","0","0","0","0","0","0","22","22","44"
"경기도교육청","경기도화성오산교육지원청","경기도 오산시","S090004275","운암중학교","03","공립","N","","0","1","1","1","0","1","0","0","0","1","16","17","8","19","27","0","0","0","0","2","2","0","0","0","0","0","0","0","1","1","0","1","1","0","1","1","0","0","0","0","0","0","10","41","51"
"경기도교육청","경기도화성오산교육지원청","경기도 오산시","S090004276","운천중학교","03","공립","N","","1","0","1","0","1","1","0","0","0","6","22","28","7","14","21","0","3","3","1","0","1","0","0","0","0","0","0","0","1","1","0","0","0","0","1","1","0","1","1","0","0","0","15","43","58"
"경기도교육청","경기도화성오산교육지원청","경기도 화성시 만세구","S090004277","장안여자중학교","03","사립","N","","0","1","1","1","0","1","0","0","0","4","11","15","1","4","5","0","0","0","0","1","1","0","0","0","0","0","0","0","1","1","1","0","1","0","1","1","0","2","2","0","0","0","7","21","28"
"경기도교육청","경기도화성오산교육지원청","","S090004278","정남중학교","03","공립","N","","0","1","1","1","0","1","0","0","0","7","4","11","1","2","3","0","1","1","0","0","0","0","0","0","0","0","0","0","1","1","0","1","1","0","1","1","0","0","0","0","0","0","9","11","20"
"경기도교육청","경기도화성오산교육지원청","경기도 화성시 병점구","S090004279","진안중학교","03","공립","N","","1","0","1","0","1","1","0","0","0","2","19","21","5","7","12","0","0","0","0","0","0","0","0","0","0","0","0","0","1","1","0","1","1","0","1","1","0","0","0","0","0","0","8","30","38"
"경기도교육청","경기도화성오산교육지원청","","S090004280","화도중학교","03","사립","N","","1","0","1","0","1","1","0","0","0","7","4","11","1","3","4","0","0","0","0","0","0","0","0","0","0","0","0","0","1","1","0","1","1","0","1","1","0","0","0","0","0","0","9","11","20"
"경기도교육청","경기도화성오산교육지원청","경기도 화성시 만세구","S090004281","화성중학교","03","사립","N","","0","1","1","1","0","1","0","0","0","9","9","18","1","10","11","0","0","0","0","0","0","0","0","0","0","0","0","0","1","1","0","0","0","0","1","1","0","0","0","0","0","0","11","22","33"
"경기도교육청","경기도광명교육지원청","경기도 광명시","S090004699","광문중학교","03","공립","N","","0","1","1","1","0","1","0","0","0","8","28","36","1","3","4","0","2","2","0","0","0","0","0","0","0","0","0","0","1","1","0","1","1","0","1","1","0","0","0","0","0","0","10","37","47"
"경기도교육청","경기도수원교육지원청","경기도 수원시 권선구","S090004860","곡반중학교","03","공립","N","","0","1","1","0","1","1","0","0","0","5","16","21","1","8","9","1","0","1","0","0","0","0","0","0","0","0","0","0","1","1","0","1","1","0","2","2","0","0","0","0","0","0","7","30","37"
"경기도교육청","경기도수원교육지원청","경기도 수원시 영통구","S090004861","망포중학교","03","공립","N","","0","1","1","0","1","1","0","1","1","14","45","59","4","7","11","0","2","2","0","0","0","0","0","0","0","0","0","0","2","2","0","1","1","0","1","1","0","1","1","0","0","0","18","62","80"
"경기도교육청","경기도수원교육지원청","경기도 수원시 팔달구","S090004862","정천중학교","03","공립","N","","1","0","1","0","2","2","0","0","0","6","33","39","2","5","7","1","1","2","0","0","0","0","0","0","0","0","0","0","1","1","0","0","0","0","1","1","0","0","0","0","0","0","10","43","53"
"경기도교육청","경기도수원교육지원청","경기도 수원시 권선구","S090004863","칠보중학교","03","공립","N","","1","0","1","1","0","1","0","0","0","9","29","38","1","11","12","0","2","2","0","1","1","0","0","0","0","0","0","0","1","1","0","1","1","0","1","1","0","0","0","0","0","0","12","46","58"
"경기도교육청","경기도성남교육지원청","경기도 성남시 분당구","S090004864","분당구미중학교","03","공립","N","","0","1","1","0","1","1","0","1","1","3","15","18","0","3","3","0","0","0","0","0","0","0","0","0","0","0","0","0","1","1","0","0","0","0","2","2","0","0","0","0","0","0","3","24","27"
"경기도교육청","경기도안양과천교육지원청","경기도 안양시 동안구","S090004865","호성중학교","03","공립","N","","0","1","1","0","1","1","0","0","0","6","28","34","0","3","3","0","3","3","0","0","0","0","0","0","0","0","0","0","1","1","0","0","0","0","1","1","0","0","0","0","0","0","6","38","44"
"경기도교육청","경기도부천교육지원청","경기도 부천시 소사구","S090004866","부천일신중학교","03","공립","N","","0","1","1","1","0","1","0","1","1","10","50","60","4","6","10","1","1","2","0","0","0","0","0","0","0","0","0","0","1","1","0","0","0","0","2","2","0","0","0","0","0","0","16","62","78"
"경기도교육청","경기도안산교육지원청","경기도 안산시 단원구","S090004867","선일중학교","03","공립","N","","0","1","1","0","1","1","0","0","0","7","11","18","5","11","16","0","2","2","0","0","0","0","0","0","0","0","0","0","1","1","0","0","0","0","1","1","0","2","2","0","0","0","12","30","42"
"경기도교육청","경기도구리남양주교육지원청","경기도 남양주시","S090004869","진접중학교","03","공립","N","","1","0","1","1","0","1","0","0","0","4","21","25","4","17","21","2","0","2","0","0","0","0","0","0","0","0","0","1","0","1","0","1","1","0","1","1","0","0","0","0","0","0","13","40","53"
"경기도교육청","경기도고양교육지원청","경기도 고양시 일산서구","S090004870","대송중학교","03","공립","N","","1","0","1","0","1","1","0","0","0","7","18","25","1","8","9","1","0","1","0","1","1","0","0","0","0","0","0","0","1","1","0","0","0","0","1","1","0","0","0","0","0","0","10","30","40"
"경기도교육청","경기도고양교육지원청","경기도 고양시 일산서구","S090004871","현산중학교","03","공립","N","","1","0","1","0","1","1","0","0","0","4","17","21","3","5","8","1","1","2","0","1","1","0","0","0","0","0","0","0","1","1","0","1","1","0","1","1","0","1","1","0","0","0","9","29","38"
"경기도교육청","경기도용인교육지원청","경기도 용인시 처인구","S090004894","헌산중학교","03","사립","N","","1","0","1","1","0","1","0","0","0","7","4","11","1","3","4","0","0","0","0","0","0","0","0","0","0","0","0","0","1","1","0","1","1","0","1","1","0","1","1","1","0","1","11","11","22"
"경기도교육청","경기도동두천양주교육지원청","경기도 동두천시","S090004948","생연중학교","03","공립","N","","1","0","1","0","1","1","0","0","0","7","18","25","4","10","14","0","0","0","1","2","3","0","0","0","0","0","0","0","0","0","0","0","0","0","1","1","0","0","0","0","0","0","13","32","45"
"경기도교육청","경기도용인교육지원청","경기도 용인시 수지구","S090004970","현암중학교","03","공립","N","","0","1","1","1","0","1","0","0","0","3","29","32","3","1","4","0","0","0","0","0","0","0","0","0","0","0","0","0","2","2","0","1","1","0","1","1","0","0","0","0","0","0","7","35","42"
"경기도교육청","경기도용인교육지원청","경기도 용인시 기흥구","S090004971","용인신릉중학교","03","공립","N","","1","0","1","0","1","1","0","1","1","7","31","38","2","3","5","0","3","3","0","0","0","0","0","0","0","0","0","0","0","0","0","1","1","0","1","1","0","0","0","0","0","0","10","41","51"
"경기도교육청","경기도용인교육지원청","경기도 용인시 기흥구","S090004972","용인신촌중학교","03","공립","N","","0","1","1","0","1","1","0","0","0","2","48","50","3","6","9","0","0","0","0","0","0","0","0","0","0","0","0","0","2","2","0","0","0","0","1","1","0","1","1","0","0","0","5","60","65"
"경기도교육청","경기도용인교육지원청","경기도 용인시 수지구","S090004973","용인대덕중학교","03","공립","N","","0","1","1","1","0","1","0","0","0","7","33","40","1","2","3","0","1","1","0","0","0","0","0","0","0","0","0","0","1","1","0","1","1","0","1","1","0","0","0","0","0","0","9","40","49"
"경기도교육청","경기도용인교육지원청","경기도 용인시 수지구","S090004974","손곡중학교","03","공립","N","","1","0","1","0","1","1","0","0","0","2","34","36","2","3","5","0","1","1","0","0","0","0","0","0","0","0","0","0","2","2","0","0","0","0","2","2","0","1","1","0","0","0","5","44","49"
"경기도교육청","경기도용인교육지원청","경기도 용인시 기흥구","S090004975","성지중학교","03","공립","N","","1","0","1","0","1","1","0","0","0","7","31","38","3","10","13","0","1","1","0","0","0","0","0","0","0","0","0","0","1","1","0","0","0","0","1","1","0","1","1","0","0","0","11","46","57"
"경기도교육청","경기도용인교육지원청","경기도 용인시 기흥구","S090004976","언동중학교","03","공립","N","","1","0","1","1","0","1","0","0","0","6","27","33","0","2","2","0","1","1","0","0","0","0","0","0","0","0","0","0","1","1","0","1","1","0","1","1","0","1","1","0","0","0","8","34","42"
"경기도교육청","경기도용인교육지원청","경기도 용인시 처인구","S090004977","용신중학교","03","공립","N","","1","0","1","1","0","1","0","0","0","5","32","37","8","16","24","0","2","2","0","1","1","0","0","0","0","0","0","0","1","1","0","1","1","0","1","1","0","1","1","0","0","0","15","55","70"
"경기도교육청","경기도안산교육지원청","경기도 안산시 단원구","S090004979","초지중학교","03","공립","N","","1","0","1","1","0","1","0","0","0","7","19","26","3","12","15","0","2","2","0","1","1","0","0","0","0","0","0","0","1","1","0","0","0","0","1","1","0","0","0","0","0","0","12","36","48"
"경기도교육청","경기도파주교육지원청","경기도 파주시","S090004982","금릉중학교","03","공립","N","","2","0","2","0","0","0","0","0","0","9","36","45","0","3","3","1","2","3","0","0","0","0","0","0","0","0","0","0","1","1","0","1","1","0","1","1","0","0","0","0","0","0","12","44","56"
"경기도교육청","경기도성남교육지원청","경기도 성남시 분당구","S090004984","이우중학교","03","사립","N","","0","0","0","1","0","1","0","0","0","5","13","18","0","4","4","0","0","0","0","0","0","0","0","0","0","0","0","0","1","1","0","0","0","0","1","1","0","0","0","2","5","7","8","24","32"
"경기도교육청","경기도포천교육지원청","경기도 포천시","S090004999","대경중학교","03","공립","N","","1","0","1","0","1","1","0","0","0","6","10","16","4","9","13","1","1","2","1","2","3","0","0","0","0","0","0","0","0","0","0","0","0","0","1","1","0","0","0","0","0","0","13","24","37"
"경기도교육청","경기도군포의왕교육지원청","경기도 군포시","S090005002","당동중학교","03","공립","N","","0","1","1","1","0","1","0","0","0","12","46","58","1","8","9","1","0","1","0","1","1","0","0","0","0","0","0","0","0","0","0","0","0","0","1","1","0","1","1","0","0","0","15","58","73"
"경기도교육청","경기도화성오산교육지원청","경기도 화성시 병점구","S090005020","안화중학교","03","공립","N","","0","1","1","0","1","1","0","0","0","9","43","52","5","11","16","0","2","2","0","1","1","0","0","0","0","0","0","0","0","0","0","1","1","0","2","2","0","1","1","0","0","0","14","63","77"
"경기도교육청","경기도화성오산교육지원청","경기도 오산시","S090005021","대호중학교","03","공립","N","","1","0","1","1","0","1","0","0","0","4","16","20","2","14","16","0","1","1","2","0","2","0","0","0","0","0","0","0","1","1","0","1","1","0","1","1","0","1","1","0","0","0","10","35","45"
"경기도교육청","경기도화성오산교육지원청","경기도 화성시 만세구","S090005022","두레자연중학교","03","사립","N","","0","0","0","0","1","1","0","0","0","4","3","7","1","3","4","0","0","0","0","0","0","0","0","0","0","0","0","0","0","0","0","0","0","0","1","1","0","0","0","0","0","0","5","8","13"
"경기도교육청","경기도구리남양주교육지원청","경기도 남양주시","S090005033","송라중학교","03","공립","N","","0","1","1","0","1","1","0","0","0","8","26","34","2","14","16","1","2","3","1","1","2","0","0","0","0","0","0","1","0","1","0","0","0","0","1","1","0","0","0","0","0","0","13","46","59"
"경기도교육청","경기도구리남양주교육지원청","경기도 남양주시","S090005034","장내중학교","03","공립","N","","0","1","1","0","1","1","0","0","0","3","18","21","10","20","30","0","1","1","0","1","1","0","0","0","0","0","0","0","1","1","0","1","1","0","1","1","0","0","0","0","0","0","13","45","58"
"경기도교육청","경기도고양교육지원청","경기도 고양시 덕양구","S090005035","목암중학교","03","공립","N","","1","0","1","1","0","1","0","0","0","10","29","39","10","9","19","0","0","0","0","2","2","0","0","0","0","0","0","0","3","3","1","0","1","0","1","1","0","1","1","0","0","0","23","45","68"
"경기도교육청","경기도안양과천교육지원청","경기도 안양시 동안구","S090005046","비산중학교","03","공립","N","","0","1","1","0","1","1","0","0","0","5","12","17","1","2","3","0","1","1","0","0","0","0","0","0","0","0","0","0","1","1","0","1","1","0","1","1","0","0","0","0","0","0","6","20","26"
"경기도교육청","경기도이천교육지원청","경기도 이천시","S090005111","증포중학교","03","공립","N","","0","1","1","1","0","1","0","0","0","7","21","28","12","22","34","1","1","2","0","1","1","0","0","0","0","0","0","0","1","1","0","0","0","0","1","1","0","0","0","0","0","0","21","48","69"
"경기도교육청","경기도의정부교육지원청","경기도 의정부시","S090005132","동암중학교","03","공립","N","","1","0","1","1","0","1","0","0","0","6","35","41","1","4","5","0","0","0","0","0","0","0","0","0","0","0","0","0","1","1","0","0","0","0","1","1","0","1","1","0","0","0","9","42","51"
"경기도교육청","경기도동두천양주교육지원청","경기도 양주시","S090005133","덕현중학교","03","공립","N","","1","0","1","0","1","1","0","0","0","7","27","34","10","17","27","0","2","2","1","1","2","0","0","0","0","0","0","0","1","1","0","0","0","0","1","1","0","1","1","0","0","0","19","51","70"
"경기도교육청","경기도성남교육지원청","경기도 성남시 분당구","S090005136","늘푸른중학교","03","공립","N","","0","1","1","1","0","1","0","0","0","7","34","41","0","1","1","0","1","1","0","0","0","0","0","0","0","0","0","0","2","2","0","1","1","0","1","1","0","1","1","0","0","0","8","42","50"
"경기도교육청","경기도수원교육지원청","경기도 수원시 영통구","S090005153","영동중학교","03","공립","N","","0","1","1","1","0","1","0","0","0","6","28","34","1","5","6","0","0","0","0","0","0","0","0","0","0","0","0","0","1","1","0","0","0","0","1","1","0","1","1","0","0","0","8","37","45"
"경기도교육청","경기도동두천양주교육지원청","경기도 양주시","S090005159","삼숭중학교","03","공립","N","","0","1","1","0","1","1","0","0","0","9","30","39","7","15","22","1","0","1","0","2","2","0","0","0","0","0","0","0","1","1","0","1","1","0","1","1","0","1","1","0","0","0","17","53","70"
"경기도교육청","경기도평택교육지원청","경기도 평택시","S090005161","장당중학교","03","공립","N","","0","1","1","1","0","1","0","0","0","10","11","21","6","5","11","1","2","3","0","0","0","0","0","0","0","0","0","0","1","1","1","0","1","0","2","2","0","1","1","0","0","0","19","23","42"
"경기도교육청","경기도구리남양주교육지원청","경기도 남양주시","S090005162","평내중학교","03","공립","N","","0","1","1","1","1","2","0","0","0","6","17","23","3","16","19","1","2","3","0","0","0","0","0","0","0","0","0","1","0","1","0","1","1","0","1","1","0","0","0","0","0","0","12","39","51"
"경기도교육청","경기도화성오산교육지원청","","S090005164","병점중학교","03","공립","N","","1","0","1","0","1","1","0","0","0","7","40","47","2","17","19","0","1","1","1","1","2","0","0","0","0","0","0","0","1","1","0","1","1","0","1","1","0","0","0","0","0","0","11","63","74"
"경기도교육청","경기도수원교육지원청","경기도 수원시 장안구","S090005172","조원중학교","03","공립","N","","0","1","1","0","1","1","0","0","0","5","33","38","3","3","6","0","4","4","0","1","1","0","0","0","0","0","0","0","2","2","0","0","0","0","1","1","0","0","0","0","0","0","8","46","54"
"경기도교육청","경기도수원교육지원청","경기도 수원시 권선구","S090005173","세류중학교","03","공립","N","","0","1","1","1","0","1","0","0","0","10","17","27","0","4","4","2","2","4","0","0","0","0","0","0","0","0","0","0","1","1","0","1","1","0","1","1","0","1","1","0","0","0","13","28","41"
"경기도교육청","경기도평택교육지원청","경기도 평택시","S090005174","비전중학교","03","공립","N","","1","0","1","0","1","1","0","0","0","12","20","32","5","22","27","2","0","2","0","3","3","0","0","0","0","0","0","0","0","0","0","0","0","0","1","1","0","0","0","0","0","0","20","47","67"
"경기도교육청","경기도화성오산교육지원청","","S090005175","기안중학교","03","공립","N","","0","2","2","1","0","1","0","0","0","3","18","21","6","14","20","0","2","2","0","0","0","0","0","0","0","0","0","0","1","1","0","1","1","0","1","1","0","1","1","0","0","0","10","40","50"
"경기도교육청","경기도안산교육지원청","경기도 안산시 상록구","S090005266","석호중학교","03","공립","N","","0","1","1","1","0","1","0","0","0","2","11","13","2","3","5","0","1","1","0","1","1","0","0","0","0","0","0","1","0","1","0","1","1","0","1","1","0","1","1","0","0","0","6","20","26"
"경기도교육청","경기도안산교육지원청","경기도 안산시 상록구","S090005268","광덕중학교","03","공립","N","","0","1","1","1","0","1","0","0","0","2","7","9","2","6","8","0","0","0","0","0","0","0","0","0","0","0","0","0","1","1","0","1","1","0","1","1","0","2","2","0","0","0","5","19","24"
"경기도교육청","경기도포천교육지원청","경기도 포천시","S090005287","송우중학교","03","공립","N","","1","0","1","1","0","1","0","0","0","9","13","22","2","13","15","0","0","0","2","0","2","0","0","0","0","0","0","1","0","1","0","0","0","0","1","1","0","0","0","0","0","0","16","27","43"
"경기도교육청","경기도안성교육지원청","경기도 안성시","S090005321","한겨레중학교","03","사립","N","","0","0","0","1","0","1","0","0","0","4","6","10","1","3","4","0","0","0","0","0","0","0","0","0","0","0","0","0","1","1","0","0","0","0","0","0","0","0","0","0","0","0","6","10","16"
"경기도교육청","경기도군포의왕교육지원청","경기도 군포시","S090005323","당정중학교","03","공립","N","","1","1","2","0","0","0","0","0","0","4","17","21","0","3","3","0","0","0","0","1","1","0","0","0","0","0","0","0","1","1","0","1","1","0","1","1","0","1","1","0","0","0","5","26","31"
"경기도교육청","경기도용인교육지원청","경기도 용인시 기흥구","S090005329","동백중학교","03","공립","N","","1","0","1","0","1","1","0","0","0","12","52","64","4","6","10","0","2","2","0","0","0","0","0","0","0","0","0","0","1","1","0","0","0","0","1","1","0","1","1","0","0","0","17","64","81"
"경기도교육청","경기도용인교육지원청","경기도 용인시 기흥구","S090005331","용인백현중학교","03","공립","N","","0","1","1","1","0","1","0","0","0","5","40","45","2","8","10","0","0","0","0","0","0","0","0","0","0","0","0","0","1","1","0","0","0","0","2","2","0","0","0","0","0","0","8","52","60"
"경기도교육청","경기도동두천양주교육지원청","경기도 동두천시","S090005335","송내중앙중학교","03","공립","N","","1","0","1","0","1","1","0","0","0","5","13","18","4","12","16","0","1","1","0","1","1","0","0","0","0","0","0","0","1","1","0","0","0","0","1","1","0","1","1","0","0","0","10","31","41"
"경기도교육청","경기도용인교육지원청","경기도 용인시 기흥구","S090005338","초당중학교","03","공립","N","","1","0","1","0","1","1","0","1","1","10","48","58","2","11","13","0","2","2","0","0","0","0","0","0","0","0","0","0","1","1","0","1","1","0","1","1","0","1","1","0","0","0","13","67","80"
"경기도교육청","경기도광주하남교육지원청","경기도 광주시","S090005342","광주광남중학교","03","공립","N","","1","1","2","0","0","0","0","0","0","8","52","60","4","14","18","0","1","1","2","0","2","0","0","0","0","0","0","0","1","1","0","0","0","0","2","2","0","1","1","0","0","0","15","72","87"
"경기도교육청","경기도평택교육지원청","경기도 평택시","S090005345","도곡중학교","03","공립","N","","0","1","1","1","0","1","0","0","0","6","9","15","6","14","20","0","1","1","0","0","0","0","0","0","0","0","0","1","0","1","0","1","1","0","1","1","0","0","0","0","0","0","14","27","41"
"경기도교육청","경기도여주교육지원청","경기도 여주시","S090005350","세종중학교","03","공립","N","","1","0","1","2","1","3","0","0","0","5","18","23","10","15","25","0","1","1","0","0","0","0","0","0","0","0","0","0","1","1","0","0","0","0","1","1","0","1","1","0","0","0","18","38","56"
"경기도교육청","경기도광주하남교육지원청","경기도 하남시","S090005351","신평중학교","03","공립","N","","0","1","1","0","1","1","0","0","0","5","39","44","1","4","5","0","1","1","1","0","1","0","0","0","0","0","0","0","1","1","0","1","1","0","1","1","0","1","1","0","0","0","7","50","57"
"경기도교육청","경기도구리남양주교육지원청","경기도 남양주시","S090005352","양오중학교","03","공립","N","","0","1","1","0","1","1","0","0","0","6","22","28","2","7","9","0","2","2","0","0","0","0","0","0","0","0","0","0","0","0","0","1","1","0","2","2","0","1","1","0","0","0","8","37","45"
"경기도교육청","경기도시흥교육지원청","경기도 시흥시","S090005353","월곶중학교","03","공립","N","","0","1","1","0","1","1","0","0","0","9","14","23","2","3","5","0","2","2","0","0","0","0","0","0","0","0","0","0","1","1","0","1","1","0","1","1","0","1","1","0","0","0","11","25","36"
"경기도교육청","경기도평택교육지원청","경기도 평택시","S090005354","이충중학교","03","공립","N","","1","0","1","2","1","3","0","0","0","8","13","21","5","6","11","1","2","3","0","1","1","0","0","0","0","0","0","0","0","0","0","0","0","0","1","1","0","1","1","0","0","0","17","25","42"
"경기도교육청","경기도구리남양주교육지원청","경기도 남양주시","S090005356","판곡중학교","03","공립","N","","1","0","1","0","1","1","0","0","0","4","32","36","11","17","28","1","0","1","0","0","0","0","0","0","0","0","0","1","0","1","0","1","1","0","1","1","0","0","0","0","0","0","18","52","70"
"경기도교육청","경기도고양교육지원청","경기도 고양시 일산동구","S090005358","풍산중학교","03","공립","N","","1","0","1","1","0","1","0","0","0","3","18","21","3","6","9","0","0","0","1","0","1","0","0","0","0","0","0","0","1","1","0","1","1","0","1","1","0","1","1","0","0","0","9","28","37"
"경기도교육청","경기도고양교육지원청","경기도 고양시 덕양구","S090005360","서정중학교","03","공립","N","","1","0","1","0","1","1","0","0","0","3","21","24","2","3","5","1","1","2","0","1","1","0","0","0","0","0","0","0","1","1","0","0","0","0","1","1","0","1","1","0","0","0","7","30","37"
"경기도교육청","경기도동두천양주교육지원청","경기도 양주시","S090005362","회천중학교","03","공립","N","","0","1","1","0","1","1","0","0","0","4","11","15","8","5","13","0","2","2","0","2","2","0","0","0","0","0","0","0","1","1","0","0","0","0","1","1","0","1","1","0","0","0","12","25","37"
"경기도교육청","경기도시흥교육지원청","경기도 시흥시","S090005387","시화중학교","03","공립","N","","0","1","1","1","0","1","0","0","0","10","9","19","2","8","10","0","1","1","0","1","1","0","0","0","0","0","0","0","1","1","0","1","1","0","1","1","0","0","0","0","0","0","13","23","36"
"경기도교육청","경기도김포교육지원청","경기도 김포시","S090005389","감정중학교","03","공립","N","","1","0","1","0","1","1","0","0","0","8","26","34","3","14","17","0","1","1","0","1","1","0","0","0","0","0","0","0","1","1","0","1","1","0","1","1","0","0","0","0","0","0","12","46","58"
"경기도교육청","경기도고양교육지원청","경기도 고양시 일산서구","S090005390","고양송산중학교","03","공립","N","","2","0","2","0","0","0","0","0","0","9","24","33","2","6","8","0","1","1","0","0","0","0","0","0","0","0","0","0","0","0","0","1","1","0","1","1","0","1","1","0","0","0","13","34","47"
"경기도교육청","경기도파주교육지원청","경기도 파주시","S090005391","금촌중학교","03","공립","N","","1","0","1","1","1","2","0","0","0","6","27","33","2","4","6","1","3","4","0","1","1","0","0","0","0","0","0","1","0","1","0","0","0","0","1","1","0","0","0","0","0","0","12","37","49"
"경기도교육청","경기도시흥교육지원청","경기도 시흥시","S090005392","논곡중학교","03","공립","N","","1","0","1","1","0","1","0","0","0","3","12","15","1","6","7","0","2","2","1","0","1","0","0","0","0","0","0","0","1","1","0","1","1","0","1","1","0","0","0","0","0","0","7","23","30"
"경기도교육청","경기도안산교육지원청","경기도 안산시 단원구","S090005394","단원중학교","03","공립","N","","1","0","1","1","0","1","0","0","0","7","16","23","6","14","20","0","1","1","1","1","2","0","0","0","0","0","0","0","1","1","0","0","0","0","1","1","0","0","0","0","0","0","16","34","50"
"경기도교육청","경기도파주교육지원청","경기도 파주시","S090005396","두일중학교","03","공립","N","","1","0","1","1","0","1","0","0","0","11","20","31","1","7","8","1","0","1","0","0","0","0","0","0","0","0","0","0","1","1","0","1","1","0","2","2","0","1","1","0","0","0","15","32","47"
"경기도교육청","경기도안성교육지원청","경기도 안성시","S090005398","비룡중학교","03","공립","N","","1","0","1","0","1","1","0","1","1","8","14","22","7","15","22","1","2","3","0","1","1","0","0","0","0","0","0","0","0","0","0","1","1","0","1","1","0","0","0","0","0","0","17","36","53"
"경기도교육청","경기도수원교육지원청","경기도 수원시 권선구","S090005400","서호중학교","03","공립","N","","1","0","1","1","0","1","0","0","0","7","9","16","0","6","6","0","2","2","0","0","0","0","0","0","0","0","0","0","1","1","0","0","0","0","1","1","0","0","0","0","0","0","9","19","28"
"경기도교육청","경기도안산교육지원청","경기도 안산시 단원구","S090005401","석수중학교","03","공립","N","","1","0","1","1","0","1","0","0","0","5","9","14","8","10","18","0","1","1","0","1","1","0","0","0","0","0","0","0","0","0","0","1","1","0","1","1","0","0","0","0","0","0","15","23","38"
"경기도교육청","경기도안산교육지원청","경기도 안산시 상록구","S090005405","안산성호중학교","03","공립","N","","1","0","1","1","0","1","0","0","0","2","16","18","7","15","22","0","1","1","1","0","1","0","0","0","0","0","0","0","1","1","0","0","0","0","2","2","0","0","0","0","0","0","12","35","47"
"경기도교육청","경기도용인교육지원청","경기도 용인시 처인구","S090005407","용천중학교","03","공립","N","","0","1","1","1","0","1","0","0","0","6","12","18","0","8","8","0","1","1","0","0","0","0","0","0","0","0","0","0","1","1","0","0","0","0","1","1","0","0","0","0","0","0","7","24","31"
"경기도교육청","경기도안양과천교육지원청","경기도 안양시 동안구","S090005409","임곡중학교","03","공립","N","","0","1","1","0","1","1","0","0","0","3","39","42","1","0","1","0","0","0","0","1","1","0","0","0","0","0","0","0","1","1","0","0","0","0","1","1","0","0","0","0","0","0","4","44","48"
"경기도교육청","경기도고양교육지원청","경기도 고양시 일산동구","S090005410","풍동중학교","03","공립","N","","0","2","2","0","0","0","0","0","0","7","30","37","4","12","16","0","1","1","0","0","0","0","0","0","0","0","0","0","1","1","0","0","0","0","2","2","0","1","1","0","1","1","11","50","61"
"경기도교육청","경기도가평교육지원청","경기도 가평군","S090005419","청심국제중학교","03","사립","N","","0","0","0","1","0","1","0","0","0","6","11","17","3","4","7","0","0","0","0","0","0","0","0","0","0","0","0","0","0","0","0","0","0","0","0","0","0","0","0","4","1","5","14","16","30"
"경기도교육청","경기도안산교육지원청","경기도 안산시 상록구","S090005420","안산해양중학교","03","공립","N","","1","0","1","1","0","1","0","0","0","4","20","24","5","10","15","0","0","0","0","1","1","0","0","0","0","0","0","0","1","1","0","0","0","0","1","1","0","0","0","0","0","0","11","33","44"
"경기도교육청","경기도화성오산교육지원청","경기도 오산시","S090005462","오산원일중학교","03","공립","N","","0","1","1","1","0","1","0","0","0","8","26","34","12","13","25","1","2","3","1","0","1","0","0","0","0","0","0","0","1","1","0","0","0","0","2","2","0","1","1","0","0","0","23","46","69"
"경기도교육청","경기도용인교육지원청","경기도 용인시 처인구","S090005468","고림중학교","03","공립","N","","1","0","1","1","0","1","0","0","0","6","28","34","5","13","18","1","1","2","0","0","0","0","0","0","0","0","0","0","1","1","0","0","0","0","1","1","0","0","0","0","0","0","14","44","58"
"경기도교육청","경기도수원교육지원청","경기도 수원시 권선구","S090005469","상촌중학교","03","공립","N","","1","0","1","1","0","1","0","0","0","13","36","49","2","12","14","2","0","2","0","0","0","0","0","0","0","0","0","0","0","0","0","1","1","0","1","1","0","1","1","0","0","0","19","51","70"
"경기도교육청","경기도화성오산교육지원청","경기도 화성시 병점구","S090005470","기산중학교","03","공립","N","","1","0","1","1","0","1","0","0","0","5","20","25","2","6","8","0","1","1","0","1","1","0","0","0","0","0","0","1","1","2","0","1","1","0","2","2","0","1","1","0","0","0","10","33","43"
"경기도교육청","경기도화성오산교육지원청","경기도 화성시 동탄구","S090005473","석우중학교","03","공립","N","","0","1","1","1","0","1","0","0","0","12","29","41","7","12","19","1","1","2","0","0","0","0","0","0","0","0","0","0","1","1","0","1","1","0","1","1","0","1","1","0","0","0","21","47","68"
"경기도교육청","경기도구리남양주교육지원청","경기도 남양주시","S090005475","어람중학교","03","공립","N","","0","1","1","0","1","1","0","0","0","7","24","31","7","11","18","0","1","1","0","0","0","0","0","0","0","0","0","0","0","0","0","0","0","0","1","1","0","0","0","0","0","0","14","39","53"
"경기도교육청","경기도수원교육지원청","경기도 수원시 영통구","S090005477","잠원중학교","03","공립","N","","1","0","1","1","0","1","0","0","0","13","50","63","3","3","6","0","2","2","0","0","0","0","0","0","0","0","0","0","1","1","0","0","0","0","1","1","0","0","0","0","0","0","18","57","75"
"경기도교육청","경기도용인교육지원청","경기도 용인시 기흥구","S090005479","보라중학교","03","공립","N","","0","1","1","0","1","1","0","0","0","4","49","53","9","8","17","1","1","2","0","0","0","0","0","0","0","0","0","0","2","2","0","1","1","0","1","1","0","0","0","0","0","0","14","64","78"
"경기도교육청","경기도의정부교육지원청","경기도 의정부시","S090005489","녹양중학교","03","공립","N","","0","1","1","1","1","2","0","0","0","5","15","20","2","3","5","0","1","1","0","1","1","0","0","0","0","0","0","0","1","1","0","0","0","0","1","1","0","1","1","0","0","0","8","25","33"
"경기도교육청","경기도의정부교육지원청","경기도 의정부시","S090005490","솔뫼중학교","03","공립","N","","0","1","1","0","1","1","0","0","0","5","19","24","0","3","3","0","0","0","0","0","0","0","0","0","0","0","0","0","2","2","0","1","1","0","1","1","0","2","2","0","0","0","5","30","35"
"경기도교육청","경기도수원교육지원청","경기도 수원시 영통구","S090005521","중앙기독중학교","03","사립","N","","1","0","1","1","0","1","0","0","0","4","9","13","3","1","4","1","1","2","0","0","0","0","0","0","0","0","0","0","0","0","0","0","0","0","1","1","0","0","0","0","0","0","10","12","22"
"경기도교육청","경기도화성오산교육지원청","경기도 화성시 효행구","S090005587","화성동화중학교","03","공립","N","","0","1","1","1","0","1","0","0","0","11","17","28","6","9","15","1","0","1","1","0","1","0","0","0","0","0","0","0","2","2","0","0","0","0","1","1","0","1","1","0","0","0","20","31","51"
"경기도교육청","경기도화성오산교육지원청","경기도 화성시 동탄구","S090005590","반송중학교","03","공립","N","","1","0","1","0","1","1","0","0","0","9","28","37","7","11","18","1","0","1","0","0","0","0","0","0","0","0","0","0","0","0","0","0","0","0","1","1","0","0","0","0","0","0","18","41","59"
"경기도교육청","경기도화성오산교육지원청","경기도 화성시 동탄구","S090005592","솔빛중학교","03","공립","N","","0","2","2","0","0","0","0","0","0","7","41","48","4","10","14","2","2","4","0","0","0","0","0","0","0","0","0","0","1","1","0","1","1","0","1","1","0","1","1","0","0","0","13","59","72"
"경기도교육청","경기도부천교육지원청","경기도 부천시 오정구","S090005604","수주중학교","03","공립","N","","0","1","1","1","0","1","0","0","0","7","25","32","4","6","10","1","3","4","0","1","1","0","0","0","0","0","0","0","1","1","0","1","1","0","1","1","0","1","1","0","0","0","13","40","53"
"경기도교육청","경기도부천교육지원청","경기도 부천시 원미구","S090005605","원미중학교","03","공립","N","","0","1","1","0","1","1","0","0","0","2","13","15","1","7","8","1","2","3","0","2","2","0","0","0","0","0","0","0","1","1","0","1","1","0","1","1","0","1","1","0","0","0","4","30","34"
"경기도교육청","경기도부천교육지원청","경기도 부천시 오정구","S090005606","까치울중학교","03","공립","N","","0","1","1","0","1","1","0","0","0","5","26","31","0","4","4","0","1","1","0","0","0","0","0","0","0","0","0","1","0","1","0","0","0","0","1","1","0","1","1","0","0","0","6","35","41"
"경기도교육청","경기도고양교육지원청","경기도 고양시 일산동구","S090005608","안곡중학교","03","공립","N","","1","0","1","0","1","1","0","0","0","13","29","42","3","13","16","4","2","6","0","1","1","0","0","0","0","0","0","0","1","1","0","1","1","0","1","1","0","1","1","0","0","0","21","50","71"
"경기도교육청","경기도용인교육지원청","경기도 용인시 기흥구","S090005609","청덕중학교","03","공립","N","","0","1","1","2","0","2","0","0","0","7","22","29","2","2","4","0","0","0","0","1","1","0","0","0","0","0","0","0","1","1","0","1","1","0","1","1","0","1","1","0","0","0","11","30","41"
"경기도교육청","경기도김포교육지원청","경기도 김포시","S090005611","고창중학교","03","공립","N","","1","0","1","0","1","1","0","0","0","6","29","35","9","15","24","0","0","0","0","0","0","0","0","0","0","0","0","0","1","1","0","1","1","0","1","1","0","1","1","0","0","0","16","49","65"
"경기도교육청","경기도시흥교육지원청","경기도 시흥시","S090005613","시흥능곡중학교","03","공립","N","","0","1","1","0","1","1","0","0","0","9","18","27","4","4","8","0","0","0","0","1","1","0","0","0","0","0","0","0","1","1","0","0","0","0","1","1","0","1","1","0","0","0","13","28","41"
"경기도교육청","경기도시흥교육지원청","경기도 시흥시","S090005614","응곡중학교","03","공립","N","","1","0","1","0","1","1","0","0","0","6","21","27","2","18","20","0","1","1","0","0","0","0","0","0","0","0","0","1","0","1","0","1","1","0","1","1","0","1","1","0","0","0","10","44","54"
"경기도교육청","경기도시흥교육지원청","경기도 시흥시","S090005615","시흥매화중학교","03","공립","N","","1","0","1","0","1","1","0","0","0","4","13","17","1","4","5","0","1","1","0","0","0","0","0","0","0","0","0","0","1","1","0","0","0","0","2","2","0","1","1","0","0","0","6","23","29"
"경기도교육청","경기도군포의왕교육지원청","경기도 의왕시","S090005616","모락중학교","03","공립","N","","1","0","1","0","1","1","0","0","0","5","39","44","0","1","1","0","1","1","0","0","0","0","0","0","0","0","0","0","2","2","0","1","1","0","1","1","0","1","1","2","1","3","8","48","56"
"경기도교육청","경기도시흥교육지원청","경기도 시흥시","S090005619","은계중학교","03","공립","N","","0","2","2","0","1","1","0","0","0","4","42","46","3","6","9","0","1","1","0","0","0","0","0","0","0","0","0","0","1","1","0","0","0","0","1","1","0","1","1","0","0","0","7","55","62"
"경기도교육청","경기도성남교육지원청","경기도 성남시 중원구","S090005620","도촌중학교","03","공립","N","","0","1","1","1","0","1","0","0","0","3","28","31","3","3","6","0","1","1","0","0","0","0","0","0","0","0","0","0","1","1","0","0","0","0","1","1","0","1","1","0","0","0","7","36","43"
"경기도교육청","경기도성남교육지원청","경기도 성남시 분당구","S090005622","샛별중학교","03","공립","N","","1","0","1","1","1","2","0","0","0","5","32","37","0","2","2","0","1","1","0","0","0","0","0","0","0","0","0","1","0","1","0","0","0","0","2","2","0","1","1","0","0","0","8","39","47"
"경기도교육청","경기도성남교육지원청","경기도 성남시 수정구","S090005623","수진중학교","03","공립","N","","0","1","1","0","1","1","0","0","0","1","17","18","0","1","1","2","3","5","0","0","0","0","0","0","0","0","0","0","0","0","0","1","1","0","1","1","0","1","1","0","0","0","3","26","29"
"경기도교육청","경기도화성오산교육지원청","","S090005654","능동중학교","03","공립","N","","1","0","1","1","1","2","1","0","1","6","33","39","4","5","9","1","3","4","0","0","0","0","0","0","0","0","0","0","1","1","0","1","1","0","1","1","0","1","1","0","0","0","14","46","60"
"경기도교육청","경기도화성오산교육지원청","","S090005657","와우중학교","03","공립","N","","1","0","1","0","2","2","0","0","0","10","33","43","5","9","14","0","0","0","1","0","1","0","0","0","0","0","0","0","1","1","0","1","1","0","1","1","0","1","1","0","0","0","17","48","65"
"경기도교육청","경기도화성오산교육지원청","경기도 화성시 동탄구","S090005661","푸른중학교","03","공립","N","","1","0","1","0","1","1","0","2","2","3","27","30","9","17","26","0","1","1","0","1","1","0","0","0","0","0","0","0","1","1","0","1","1","0","1","1","0","1","1","0","0","0","13","53","66"
"경기도교육청","경기도화성오산교육지원청","경기도 화성시 만세구","S090005662","향남중학교","03","공립","N","","1","0","1","1","0","1","0","0","0","8","14","22","6","40","46","1","1","2","0","0","0","0","0","0","0","0","0","0","1","1","0","0","0","0","2","2","1","0","1","0","0","0","18","58","76"
"경기도교육청","경기도구리남양주교육지원청","경기도 남양주시","S090005679","광릉중학교","03","공립","N","","1","0","1","1","0","1","0","0","0","3","9","12","4","5","9","0","0","0","0","1","1","0","0","0","0","0","0","0","1","1","0","1","1","0","2","2","0","1","1","0","0","0","9","20","29"
"경기도교육청","경기도김포교육지원청","경기도 김포시","S090005681","김포신곡중학교","03","공립","N","","0","1","1","0","1","1","0","0","0","5","35","40","6","4","10","0","0","0","0","1","1","0","0","0","0","0","0","0","1","1","0","0","0","0","1","1","0","1","1","0","0","0","11","45","56"
"경기도교육청","경기도구리남양주교육지원청","경기도 남양주시","S090005683","예봉중학교","03","공립","N","","0","1","1","0","1","1","0","0","0","5","33","38","4","7","11","0","0","0","0","1","1","0","0","0","0","0","0","0","1","1","0","1","1","0","1","1","0","1","1","0","0","0","9","47","56"
"경기도교육청","경기도안성교육지원청","경기도 안성시","S090005684","양진중학교","03","공립","N","","1","0","1","0","1","1","0","0","0","10","16","26","0","2","2","0","1","1","0","0","0","0","0","0","0","0","0","0","0","0","0","0","0","0","1","1","0","1","1","0","0","0","11","22","33"
"경기도교육청","경기도안산교육지원청","경기도 안산시 단원구","S090005689","신길중학교","03","공립","N","","0","1","1","2","0","2","1","0","1","5","23","28","6","15","21","0","2","2","0","0","0","0","0","0","0","0","0","0","1","1","0","0","0","1","0","1","0","0","0","0","0","0","15","42","57"
"경기도교육청","경기도파주교육지원청","경기도 파주시","S090005691","한빛중학교","03","공립","N","","1","0","1","1","0","1","0","0","0","6","45","51","3","4","7","0","0","0","0","0","0","0","0","0","0","0","0","0","0","0","0","1","1","0","1","1","0","1","1","0","0","0","11","52","63"
"경기도교육청","경기도수원교육지원청","경기도 수원시 영통구","S090005694","매탄중학교","03","공립","N","","0","1","1","1","0","1","0","0","0","3","36","39","3","2","5","0","1","1","0","0","0","0","0","0","0","0","0","0","2","2","0","0","0","0","1","1","0","0","0","0","0","0","7","43","50"
"경기도교육청","경기도성남교육지원청","경기도 성남시 분당구","S090005698","보평중학교","03","공립","N","","0","1","1","0","1","1","1","0","1","5","40","45","2","8","10","0","1","1","0","1","1","0","0","0","0","0","0","0","1","1","0","1","1","0","1","1","0","1","1","0","0","0","8","56","64"
"경기도교육청","경기도성남교육지원청","경기도 성남시 분당구","S090005700","운중중학교","03","공립","N","","0","1","1","0","1","1","0","0","0","3","33","36","2","4","6","1","1","2","0","0","0","0","0","0","0","0","0","0","0","0","0","0","0","0","2","2","0","1","1","0","0","0","6","43","49"
"경기도교육청","경기도성남교육지원청","경기도 성남시 분당구","S090005701","판교중학교","03","공립","N","","0","1","1","0","1","1","0","0","0","4","39","43","0","2","2","0","1","1","0","1","1","0","0","0","0","0","0","0","1","1","0","1","1","0","1","1","0","1","1","0","0","0","4","49","53"
"경기도교육청","경기도구리남양주교육지원청","경기도 남양주시","S090005704","가운중학교","03","공립","N","","0","1","1","0","1","1","0","0","0","3","9","12","2","6","8","3","3","6","1","1","2","0","0","0","0","0","0","0","1","1","0","1","1","0","1","1","0","0","0","0","0","0","9","24","33"
"경기도교육청","경기도고양교육지원청","경기도 고양시 덕양구","S090005707","성사중학교","03","공립","N","","1","1","2","0","0","0","0","0","0","7","22","29","0","5","5","0","3","3","0","0","0","0","0","0","0","0","0","0","2","2","0","1","1","0","1","1","0","0","0","0","0","0","8","35","43"
"경기도교육청","경기도구리남양주교육지원청","경기도 남양주시","S090005709","풍양중학교","03","공립","N","","1","0","1","0","1","1","0","0","0","12","35","47","7","17","24","1","0","1","0","2","2","0","0","0","0","0","0","0","0","0","0","1","1","0","2","2","0","0","0","0","0","0","21","58","79"
"경기도교육청","경기도광주하남교육지원청","경기도 하남시","S090005713","덕풍중학교","03","공립","N","","0","1","1","0","1","1","0","0","0","4","39","43","0","2","2","0","1","1","0","1","1","0","0","0","0","0","0","0","1","1","0","0","0","0","1","1","0","0","0","0","0","0","4","47","51"
"경기도교육청","경기도김포교육지원청","경기도 김포시","S090005746","신양중학교","03","공립","N","","0","1","1","0","1","1","0","0","0","4","17","21","0","3","3","0","0","0","1","1","2","0","0","0","0","0","0","0","1","1","0","0","0","0","1","1","0","0","0","0","0","0","5","25","30"
"경기도교육청","경기도용인교육지원청","경기도 용인시 수지구","S090005749","용인한빛중학교","03","공립","N","","0","1","1","0","1","1","0","0","0","3","24","27","0","8","8","0","2","2","0","0","0","0","0","0","0","0","0","0","1","1","0","0","0","0","1","1","0","0","0","0","0","0","3","38","41"
"경기도교육청","경기도김포교육지원청","경기도 김포시","S090005752","마송중학교","03","공립","N","","0","0","0","0","1","1","0","0","0","7","6","13","3","6","9","0","1","1","1","0","1","0","0","0","0","0","0","0","1","1","0","1","1","0","1","1","0","0","0","0","0","0","11","17","28"
"경기도교육청","경기도안산교육지원청","경기도 안산시 상록구","S090005755","이호중학교","03","공립","N","","0","1","1","0","1","1","0","0","0","6","21","27","7","18","25","1","2","3","0","1","1","0","0","0","0","0","0","0","1","1","0","0","0","0","1","1","0","1","1","0","0","0","14","47","61"
"경기도교육청","경기도화성오산교육지원청","경기도 오산시","S090005760","세마중학교","03","공립","N","","1","0","1","1","0","1","0","0","0","7","24","31","4","22","26","1","2","3","0","0","0","0","0","0","0","0","0","1","0","1","0","1","1","0","1","1","0","1","1","0","0","0","15","51","66"
"경기도교육청","경기도광명교육지원청","경기도 광명시","S090005764","충현중학교","03","공립","N","","0","0","0","0","1","1","0","0","0","5","22","27","1","2","3","0","0","0","0","1","1","0","0","0","0","0","0","0","1","1","0","0","0","0","1","1","0","0","0","0","0","0","6","28","34"
"경기도교육청","경기도수원교육지원청","경기도 수원시 영통구","S090005767","수원원일중학교","03","공립","N","","1","0","1","1","0","1","0","0","0","5","8","13","0","1","1","0","0","0","0","0","0","0","0","0","0","0","0","0","0","0","0","1","1","0","1","1","0","0","0","0","0","0","7","11","18"
"경기도교육청","경기도용인교육지원청","경기도 용인시 기흥구","S090005775","흥덕중학교","03","공립","N","","0","1","1","0","1","1","0","0","0","6","50","56","4","13","17","0","2","2","0","0","0","0","0","0","0","0","0","0","1","1","0","0","0","0","1","1","0","0","0","0","0","0","10","69","79"
"경기도교육청","경기도구리남양주교육지원청","경기도 남양주시","S090005779","별가람중학교","03","공립","N","","1","0","1","0","1","1","0","0","0","8","31","39","7","12","19","0","0","0","1","1","2","0","0","0","0","0","0","0","1","1","0","1","1","0","2","2","0","0","0","0","0","0","17","49","66"
"경기도교육청","경기도구리남양주교육지원청","경기도 남양주시","S090005783","화접중학교","03","공립","N","","0","1","1","0","1","1","0","1","1","4","15","19","4","9","13","1","1","2","0","0","0","0","0","0","0","0","0","0","1","1","0","1","1","0","1","1","0","1","1","0","0","0","9","32","41"
"경기도교육청","경기도화성오산교육지원청","경기도 오산시","S090005832","문시중학교","03","공립","N","","0","1","1","0","1","1","0","0","0","9","25","34","12","19","31","1","0","1","0","2","2","0","0","0","0","0","0","0","1","1","0","1","1","0","2","2","0","1","1","0","0","0","22","53","75"
"경기도교육청","경기도성남교육지원청","경기도 성남시 분당구","S090005834","삼평중학교","03","공립","N","","0","1","1","0","1","1","0","0","0","1","34","35","0","4","4","0","1","1","0","0","0","0","0","0","0","0","0","0","3","3","0","1","1","0","1","1","0","1","1","0","0","0","1","47","48"
"경기도교육청","경기도고양교육지원청","경기도 고양시 일산서구","S090005857","덕이중학교","03","공립","N","","0","1","1","1","0","1","0","0","0","7","44","51","8","14","22","0","2","2","0","0","0","0","0","0","0","0","0","0","0","0","0","1","1","0","2","2","0","1","1","0","0","0","16","65","81"
"경기도교육청","경기도안성교육지원청","경기도 안성시","S090005859","만정중학교","03","공립","N","","0","1","1","1","1","2","0","0","0","12","21","33","6","18","24","0","0","0","1","2","3","0","0","0","0","0","0","0","1","1","0","1","1","0","1","1","0","1","1","0","0","0","20","47","67"
"경기도교육청","경기도용인교육지원청","경기도 용인시 기흥구","S090005861","상하중학교","03","공립","N","","1","0","1","0","1","1","0","0","0","2","17","19","2","4","6","0","0","0","0","1","1","0","0","0","0","0","0","0","1","1","0","0","0","0","1","1","0","2","2","0","0","0","5","27","32"
"경기도교육청","경기도용인교육지원청","경기도 용인시 기흥구","S090005863","서천중학교","03","공립","N","","0","1","1","0","1","1","0","0","0","5","31","36","5","14","19","1","1","2","0","0","0","0","0","0","0","0","0","0","1","1","0","1","1","0","1","1","0","1","1","0","0","0","11","52","63"
"경기도교육청","경기도파주교육지원청","경기도 파주시","S090005865","선유중학교","03","공립","N","","1","0","1","0","1","1","0","0","0","11","21","32","1","8","9","1","1","2","0","0","0","0","0","0","0","0","0","1","0","1","0","0","0","0","1","1","0","0","0","0","0","0","15","32","47"
"경기도교육청","경기도용인교육지원청","경기도 용인시 수지구","S090005868","성서중학교","03","공립","N","","1","0","1","0","1","1","0","0","0","4","49","53","2","6","8","0","2","2","0","0","0","0","0","0","0","0","0","0","2","2","0","1","1","0","1","1","0","1","1","0","0","0","7","63","70"
"경기도교육청","경기도화성오산교육지원청","","S090005875","예당중학교","03","공립","N","","0","1","1","0","1","1","0","0","0","9","25","34","6","5","11","0","2","2","1","0","1","0","0","0","0","0","0","0","1","1","0","1","1","0","1","1","0","1","1","0","0","0","16","38","54"
"경기도교육청","경기도광주하남교육지원청","경기도 광주시","S090005876","신현중학교","03","공립","N","","0","1","1","0","1","1","0","0","0","6","40","46","7","12","19","0","0","0","1","0","1","0","0","0","0","0","0","1","0","1","0","1","1","0","1","1","0","1","1","0","0","0","15","57","72"
"경기도교육청","경기도파주교육지원청","경기도 파주시","S090005877","한가람중학교","03","공립","N","","0","1","1","1","0","1","0","0","0","8","34","42","4","9","13","0","1","1","0","0","0","0","0","0","0","0","0","0","1","1","0","0","0","0","1","1","0","1","1","0","0","0","13","48","61"
"경기도교육청","경기도수원교육지원청","경기도 수원시 영통구","S090005878","광교중학교","03","공립","N","","1","0","1","1","1","2","0","0","0","4","29","33","1","5","6","0","1","1","0","0","0","0","0","0","0","0","0","0","1","1","1","0","1","0","1","1","0","1","1","0","0","0","8","39","47"
"경기도교육청","경기도수원교육지원청","경기도 수원시 영통구","S090005881","이의중학교","03","공립","N","","0","1","1","1","0","1","0","0","0","4","30","34","2","2","4","0","1","1","0","0","0","0","0","0","0","0","0","0","1","1","0","0","0","0","1","1","0","0","0","0","0","0","7","36","43"
"경기도교육청","경기도김포교육지원청","경기도 김포시","S090005884","푸른솔중학교","03","공립","N","","1","0","1","1","0","1","0","0","0","9","28","37","3","22","25","0","1","1","0","0","0","0","0","0","0","0","0","1","0","1","0","0","0","0","1","1","0","0","0","0","0","0","15","52","67"
"경기도교육청","경기도평택교육지원청","경기도 평택시","S090005887","청옥중학교","03","공립","N","","1","0","1","1","1","2","0","0","0","11","28","39","13","27","40","0","2","2","0","0","0","0","0","0","0","0","0","0","1","1","0","0","0","0","2","2","1","0","1","0","0","0","27","61","88"
"경기도교육청","경기도광주하남교육지원청","경기도 광주시","S090005889","초월중학교","03","공립","N","","0","1","1","1","0","1","0","1","1","11","33","44","10","22","32","0","1","1","1","1","2","0","0","0","0","0","0","0","1","1","0","1","1","0","2","2","0","1","1","0","0","0","23","64","87"
"경기도교육청","경기도김포교육지원청","경기도 김포시","S090005911","운양중학교","03","공립","N","","1","1","2","0","0","0","0","0","0","9","35","44","6","16","22","0","2","2","0","0","0","0","0","0","0","0","0","1","0","1","0","1","1","0","1","1","0","1","1","0","0","0","17","57","74"
"경기도교육청","경기도용인교육지원청","경기도 용인시 처인구","S090006027","고진중학교","03","공립","N","","0","1","1","1","0","1","1","0","1","5","15","20","3","9","12","0","1","1","0","1","1","0","0","0","0","0","0","0","1","1","0","1","1","0","1","1","0","1","1","0","0","0","10","31","41"
"경기도교육청","경기도용인교육지원청","경기도 용인시 수지구","S090006035","신봉중학교","03","공립","N","","1","0","1","0","1","1","0","0","0","3","32","35","1","5","6","0","1","1","0","1","1","0","0","0","0","0","0","0","1","1","0","0","0","0","1","1","0","0","0","0","0","0","5","42","47"
"경기도교육청","경기도용인교육지원청","경기도 용인시 처인구","S090006036","한숲중학교","03","공립","N","","0","1","1","1","0","1","0","0","0","7","32","39","0","11","11","0","1","1","1","0","1","0","0","0","0","0","0","1","0","1","0","1","1","0","1","1","0","1","1","0","0","0","10","48","58"
"경기도교육청","경기도김포교육지원청","경기도 김포시","S090006045","하늘빛중학교","03","공립","N","","2","0","2","0","0","0","0","0","0","5","32","37","10","14","24","0","0","0","0","1","1","0","0","0","0","0","0","0","1","1","0","1","1","0","1","1","0","1","1","0","0","0","17","51","68"
"경기도교육청","경기도동두천양주교육지원청","경기도 양주시","S090006056","율정중학교","03","공립","N","","0","1","1","1","0","1","0","1","1","6","18","24","7","22","29","1","1","2","0","2","2","0","0","0","0","0","0","0","1","1","0","1","1","0","1","1","0","1","1","0","0","0","15","49","64"
"경기도교육청","경기도동두천양주교육지원청","경기도 양주시","S090006060","옥빛중학교","03","공립","N","","1","1","2","0","0","0","0","0","0","11","26","37","11","25","36","0","1","1","0","2","2","0","0","0","0","0","0","0","1","1","0","1","1","0","2","2","0","2","2","0","0","0","23","61","84"
"경기도교육청","경기도고양교육지원청","경기도 고양시 덕양구","S090006089","원흥중학교","03","공립","N","","1","0","1","0","1","1","0","1","1","4","9","13","0","7","7","0","0","0","1","0","1","0","0","0","0","0","0","0","0","0","0","1","1","0","1","1","0","1","1","0","0","0","6","21","27"
"경기도교육청","경기도성남교육지원청","경기도 성남시 수정구","S090006105","위례중앙중학교","03","공립","N","","0","1","1","0","1","1","0","0","0","2","21","23","0","3","3","0","0","0","0","0","0","0","0","0","0","0","0","0","1","1","0","1","1","0","1","1","0","1","1","0","0","0","2","30","32"
"경기도교육청","경기도성남교육지원청","경기도 성남시 수정구","S090006106","위례한빛중학교","03","공립","N","","0","1","1","0","1","1","0","0","0","8","66","74","3","7","10","0","2","2","0","1","1","0","0","0","0","0","0","0","2","2","0","1","1","0","3","3","0","2","2","0","0","0","11","86","97"
"경기도교육청","경기도시흥교육지원청","경기도 시흥시","S090006119","배곧중학교","03","공립","N","","1","0","1","0","1","1","0","0","0","13","45","58","6","18","24","1","2","3","0","1","1","0","0","0","0","0","0","0","1","1","0","0","0","0","2","2","0","1","1","0","0","0","21","71","92"
"경기도교육청","경기도시흥교육지원청","경기도 시흥시","S090006148","시흥가온중학교","03","공립","N","","1","0","1","0","1","1","0","0","0","5","27","32","8","24","32","1","0","1","0","2","2","0","0","0","0","0","0","0","1","1","0","1","1","0","1","1","0","1","1","0","0","0","15","58","73"
"경기도교육청","경기도화성오산교육지원청","경기도 화성시 만세구","S090006155","하길중학교","03","공립","N","","0","1","1","1","0","1","0","0","0","6","19","25","14","25","39","1","1","2","0","2","2","0","0","0","0","0","0","1","0","1","0","1","1","0","2","2","0","1","1","0","0","0","23","52","75"
"경기도교육청","경기도파주교육지원청","경기도 파주시","S090006158","산내중학교","03","공립","N","","0","1","1","1","1","2","0","0","0","7","39","46","3","9","12","0","1","1","0","1","1","0","0","0","0","0","0","0","1","1","0","1","1","0","1","1","0","1","1","0","0","0","11","56","67"
"경기도교육청","경기도파주교육지원청","경기도 파주시","S090006159","산들중학교","03","공립","N","","1","0","1","1","0","1","0","0","0","11","37","48","3","7","10","0","1","1","0","0","0","0","0","0","0","0","0","0","1","1","0","1","1","0","1","1","0","1","1","0","0","0","16","49","65"
"경기도교육청","경기도파주교육지원청","경기도 파주시","S090006160","운정중학교","03","공립","N","","0","1","1","1","0","1","1","0","1","8","42","50","1","6","7","0","3","3","0","1","1","0","0","0","0","0","0","1","0","1","0","1","1","0","1","1","0","1","1","0","0","0","12","56","68"
"경기도교육청","경기도성남교육지원청","경기도 성남시 분당구","S090006422","낙원중학교","03","공립","N","","1","0","1","1","0","1","0","0","0","4","29","33","1","4","5","1","1","2","0","0","0","0","0","0","0","0","0","0","1","1","0","1","1","0","1","1","0","0","0","0","0","0","8","37","45"
"경기도교육청","경기도군포의왕교육지원청","경기도 의왕시","S090006423","덕장중학교","03","공립","N","","0","1","1","0","1","1","0","0","0","3","19","22","0","2","2","0","1","1","0","0","0","0","0","0","0","0","0","0","1","1","0","1","1","0","1","1","0","0","0","0","1","1","3","28","31"
"경기도교육청","경기도파주교육지원청","경기도 파주시","S090006424","동패중학교","03","공립","N","","0","1","1","1","0","1","1","0","1","15","40","55","7","2","9","1","1","2","0","0","0","0","0","0","0","0","0","0","1","1","0","1","1","0","1","1","0","0","0","0","0","0","25","47","72"
"경기도교육청","경기도군포의왕교육지원청","경기도 군포시","S090006430","부곡중앙중학교","03","공립","N","","0","1","1","1","1","2","0","1","1","7","34","41","2","6","8","1","1","2","0","0","0","0","0","0","0","0","0","0","2","2","0","1","1","0","1","1","0","0","0","0","0","0","11","48","59"
"경기도교육청","경기도성남교육지원청","경기도 성남시 분당구","S090006438","신백현중학교","03","공립","N","","0","1","1","0","1","1","0","0","0","4","17","21","2","3","5","0","1","1","0","0","0","0","0","0","0","0","0","0","1","1","0","0","0","0","1","1","0","1","1","0","0","0","6","26","32"
"경기도교육청","경기도김포교육지원청","경기도 김포시","S090006442","양도중학교","03","공립","N","","0","1","1","0","1","1","0","0","0","9","31","40","1","11","12","0","1","1","0","0","0","0","0","0","0","0","0","0","1","1","0","0","0","0","1","1","0","0","0","0","0","0","10","47","57"
"경기도교육청","경기도이천교육지원청","경기도 이천시","S090006448","이천사동중학교","03","공립","N","","2","0","2","1","0","1","1","0","1","11","17","28","8","10","18","0","2","2","0","0","0","0","0","0","0","0","0","0","1","1","0","1","1","0","1","1","0","0","0","0","0","0","23","32","55"
"경기도교육청","경기도고양교육지원청","경기도 고양시 일산동구","S090006450","일산양일중학교","03","공립","N","","0","1","1","1","2","3","0","1","1","12","57","69","8","19","27","0","0","0","0","1","1","0","0","0","0","0","0","0","0","0","0","1","1","0","2","2","0","0","0","0","0","0","21","84","105"
"경기도교육청","경기도구리남양주교육지원청","경기도 남양주시","S090006451","주곡중학교","03","공립","N","","1","0","1","0","1","1","0","0","0","5","21","26","5","15","20","1","0","1","0","0","0","0","0","0","0","0","0","1","0","1","0","1","1","0","1","1","0","1","1","0","0","0","13","40","53"
"경기도교육청","경기도파주교육지원청","경기도 파주시","S090006457","해솔중학교","03","공립","N","","1","0","1","1","0","1","0","0","0","6","32","38","0","7","7","0","0","0","1","1","2","0","0","0","0","0","0","0","1","1","0","0","0","0","1","1","0","0","0","0","0","0","9","42","51"
"경기도교육청","경기도의정부교육지원청","경기도 의정부시","S090006560","송양중학교","03","공립","N","","0","1","1","1","0","1","0","0","0","17","41","58","3","4","7","1","1","2","1","0","1","0","0","0","0","0","0","0","2","2","0","0","0","0","1","1","0","1","1","0","0","0","23","51","74"
"경기도교육청","경기도수원교육지원청","경기도 수원시 장안구","S090006576","경기체육중학교","03","공립","N","","0","0","0","1","0","1","0","0","0","4","7","11","0","0","0","0","0","0","0","0","0","0","0","0","0","0","0","0","0","0","0","1","1","0","0","0","0","0","0","0","0","0","5","8","13"
"경기도교육청","경기도화성오산교육지원청","경기도 화성시 병점구","S090006652","화성반월중학교","03","공립","N","","1","0","1","1","0","1","0","0","0","10","29","39","4","8","12","0","2","2","0","0","0","0","0","0","0","0","0","0","1","1","0","0","0","0","1","1","0","1","1","0","0","0","16","42","58"
"경기도교육청","경기도김포교육지원청","경기도 김포시","S090006779","은여울중학교","03","공립","N","","0","1","1","1","0","1","0","0","0","7","41","48","1","16","17","1","0","1","0","0","0","0","0","0","0","0","0","0","2","2","0","1","1","0","1","1","0","1","1","0","0","0","10","63","73"
"경기도교육청","경기도고양교육지원청","경기도 고양시 덕양구","S090006780","신원중학교","03","공립","N","","0","1","1","0","1","1","0","0","0","8","45","53","4","8","12","1","2","3","0","1","1","0","0","0","0","0","0","0","1","1","0","1","1","0","1","1","0","1","1","0","0","0","13","62","75"
"경기도교육청","경기도수원교육지원청","경기도 수원시 영통구","S090006781","수원다산중학교","03","공립","N","","1","0","1","0","1","1","0","0","0","3","49","52","3","12","15","1","1","2","0","0","0","0","0","0","0","0","0","0","2","2","0","1","1","0","1","1","0","2","2","0","0","0","8","69","77"
"경기도교육청","경기도수원교육지원청","경기도 수원시 권선구","S090006782","능실중학교","03","공립","N","","1","0","1","0","1","1","0","0","0","10","39","49","0","9","9","0","2","2","0","0","0","0","0","0","0","0","0","1","0","1","0","0","0","0","1","1","0","0","0","0","0","0","12","52","64"
"경기도교육청","경기도김포교육지원청","경기도 김포시","S090006783","김포한가람중학교","03","공립","N","","0","1","1","0","1","1","0","0","0","5","29","34","8","15","23","0","0","0","0","1","1","0","0","0","0","0","0","0","1","1","0","1","1","0","1","1","0","1","1","0","0","0","13","51","64"
"경기도교육청","경기도용인교육지원청","경기도 용인시 기흥구","S090006784","어정중학교","03","공립","N","","1","0","1","1","0","1","0","0","0","6","33","39","2","5","7","0","0","0","0","1","1","0","0","0","0","0","0","0","1","1","0","1","1","0","1","1","0","1","1","0","0","0","10","43","53"
"경기도교육청","경기도구리남양주교육지원청","경기도 남양주시","S090006800","천마중학교","03","공립","N","","1","0","1","1","0","1","0","0","0","4","14","18","3","13","16","0","1","1","0","0","0","0","0","0","0","0","0","1","0","1","0","1","1","0","1","1","0","1","1","0","0","0","10","31","41"
"경기도교육청","경기도동두천양주교육지원청","경기도 양주시","S090006805","옥정중학교","03","공립","N","","0","1","1","0","1","1","0","0","0","15","32","47","8","20","28","0","2","2","0","1","1","0","0","0","0","0","0","0","1","1","0","0","0","0","3","3","0","1","1","0","0","0","23","62","85"
"경기도교육청","경기도광주하남교육지원청","경기도 하남시","S090006912","미사강변중학교","03","공립","N","","0","2","2","0","0","0","0","0","0","9","63","72","8","8","16","0","3","3","0","0","0","0","0","0","0","0","0","0","0","0","0","0","0","0","2","2","0","1","1","0","0","0","17","79","96"
"경기도교육청","경기도화성오산교육지원청","","S090006934","한백중학교","03","공립","N","","0","1","1","0","1","1","0","0","0","8","49","57","2","12","14","0","1","1","0","0","0","0","0","0","0","0","0","0","1","1","0","0","0","0","2","2","0","1","1","0","0","0","10","68","78"
"경기도교육청","경기도화성오산교육지원청","경기도 화성시 동탄구","S090006939","청계중학교","03","공립","N","","1","0","1","0","1","1","0","0","0","8","40","48","6","18","24","0","1","1","0","1","1","0","0","0","0","0","0","0","1","1","0","0","0","0","2","2","0","1","1","0","0","0","15","65","80"
"경기도교육청","경기도화성오산교육지원청","","S090006944","방교중학교","03","공립","N","","1","0","1","1","0","1","0","0","0","7","28","35","8","24","32","0","1","1","2","0","2","0","0","0","0","0","0","0","1","1","0","1","1","0","2","2","0","1","1","0","0","0","19","58","77"
"경기도교육청","경기도고양교육지원청","경기도 고양시 덕양구","S090006953","도래울중학교","03","공립","N","","1","0","1","1","1","2","0","0","0","4","63","67","1","12","13","0","2","2","0","0","0","0","0","0","0","0","0","0","2","2","0","1","1","0","2","2","0","2","2","0","0","0","7","85","92"
"경기도교육청","경기도구리남양주교육지원청","경기도 남양주시","S090006966","한별중학교","03","공립","N","","1","0","1","1","0","1","0","0","0","6","32","38","5","9","14","0","1","1","1","0","1","0","0","0","0","0","0","0","1","1","0","0","0","0","1","1","0","0","0","0","0","0","14","44","58"
"경기도교육청","경기도광주하남교육지원청","경기도 하남시","S090007035","위례중학교","03","공립","N","","0","1","1","0","1","1","0","1","1","6","77","83","1","6","7","0","1","1","0","0","0","0","0","0","0","0","0","0","1","1","0","1","1","0","2","2","0","2","2","1","0","1","8","93","101"
"경기도교육청","경기도광주하남교육지원청","경기도 하남시","S090007036","은가람중학교","03","공립","N","","0","1","1","0","1","1","0","0","0","7","31","38","1","2","3","0","0","0","1","1","2","0","0","0","0","0","0","0","1","1","0","1","1","0","1","1","0","1","1","0","0","0","9","40","49"
"경기도교육청","경기도광주하남교육지원청","경기도 하남시","S090007037","미사중학교","03","공립","N","","0","1","1","0","1","1","0","0","0","8","49","57","5","12","17","0","1","1","1","0","1","0","0","0","0","0","0","0","1","1","0","1","1","0","2","2","0","1","1","0","0","0","14","69","83"
"경기도교육청","경기도시흥교육지원청","경기도 시흥시","S090007065","조남중학교","03","공립","N","","1","1","2","1","1","2","0","0","0","10","30","40","7","15","22","1","0","1","0","1","1","0","0","0","0","0","0","0","1","1","0","0","0","0","2","2","0","1","1","0","0","0","20","52","72"
"경기도교육청","경기도부천교육지원청","경기도 부천시 소사구","S090007115","옥길중학교","03","공립","N","","1","0","1","1","0","1","0","0","0","9","46","55","1","8","9","0","2","2","0","0","0","0","0","0","0","0","0","0","1","1","0","1","1","0","2","2","0","1","1","0","0","0","12","61","73"
"경기도교육청","경기도안양과천교육지원청","경기도 안양시 만안구","S090007124","박달중학교","03","공립","N","","1","0","1","0","1","1","0","0","0","2","27","29","1","6","7","1","3","4","0","1","1","0","0","0","0","0","0","0","1","1","0","0","0","0","1","1","0","2","2","0","0","0","5","42","47"
"경기도교육청","경기도화성오산교육지원청","","S090007127","다원중학교","03","공립","N","","0","1","1","1","0","1","0","0","0","9","43","52","4","16","20","0","1","1","0","0","0","0","0","0","0","0","0","0","1","1","0","1","1","0","1","1","0","1","1","0","0","0","14","65","79"
"경기도교육청","경기도구리남양주교육지원청","경기도 구리시","S090007157","갈매중학교","03","공립","N","","0","1","1","0","1","1","0","0","0","8","28","36","6","19","25","0","0","0","0","1","1","0","0","0","0","0","0","0","1","1","0","0","0","0","1","1","0","1","1","0","0","0","14","53","67"
"경기도교육청","경기도광주하남교육지원청","경기도 하남시","S090007158","윤슬중학교","03","공립","N","","0","1","1","0","1","1","0","0","0","8","64","72","2","6","8","1","1","2","0","1","1","0","0","0","0","0","0","0","1","1","0","0","0","0","2","2","0","1","1","0","0","0","11","78","89"
"경기도교육청","경기도화성오산교육지원청","경기도 화성시 만세구","S090007189","송린중학교","03","공립","N","","0","1","1","1","0","1","0","0","0","7","24","31","15","33","48","1","0","1","0","1","1","0","0","0","0","0","0","0","1","1","0","0","0","0","2","2","0","1","1","0","0","0","24","63","87"
"경기도교육청","경기도화성오산교육지원청","경기도 화성시 동탄구","S090007219","청림중학교","03","공립","N","","0","1","1","0","1","1","0","0","0","14","39","53","3","14","17","0","1","1","1","0","1","0","0","0","0","0","0","0","1","1","0","1","1","0","2","2","0","1","1","0","0","0","18","61","79"
"경기도교육청","경기도평택교육지원청","경기도 평택시","S090007237","용이중학교","03","공립","N","","1","1","2","0","0","0","0","0","0","6","29","35","6","11","17","1","1","2","0","1","1","0","0","0","0","0","0","0","1","1","0","1","1","0","1","1","0","1","1","0","0","0","14","47","61"
"경기도교육청","경기도구리남양주교육지원청","경기도 남양주시","S090007238","남양주다산중학교","03","공립","N","","0","1","1","0","1","1","0","0","0","11","40","51","5","14","19","1","1","2","0","0","0","0","0","0","0","0","0","0","1","1","0","1","1","0","2","2","0","1","1","0","0","0","17","62","79"
"경기도교육청","경기도화성오산교육지원청","경기도 화성시 동탄구","S090007242","동탄목동중학교","03","공립","N","","1","0","1","1","0","1","0","0","0","12","44","56","8","10","18","0","1","1","0","1","1","0","0","0","0","0","0","0","1","1","0","1","1","0","1","1","0","1","1","0","0","0","22","60","82"
"경기도교육청","경기도광주하남교육지원청","경기도 광주시","S090007253","매양중학교","03","공립","N","","1","0","1","0","1","1","0","0","0","4","32","36","8","14","22","1","0","1","0","0","0","0","0","0","0","0","0","0","1","1","0","1","1","0","1","1","0","1","1","0","0","0","14","51","65"
"경기도교육청","경기도성남교육지원청","경기도 성남시 수정구","S090007254","창성중학교","03","공립","N","","1","0","1","0","1","1","0","0","0","4","15","19","2","3","5","0","3","3","0","0","0","0","0","0","0","0","0","0","1","1","0","1","1","0","1","1","0","1","1","0","0","0","7","26","33"
"경기도교육청","경기도화성오산교육지원청","","S090007256","이산중학교","03","공립","N","","1","0","1","0","1","1","0","0","0","7","31","38","3","8","11","1","1","2","0","0","0","0","0","0","0","0","0","0","1","1","0","1","1","0","1","1","0","1","1","0","0","0","12","45","57"
"경기도교육청","경기도부천교육지원청","경기도 부천시 원미구","S090007311","도당중학교","03","공립","N","","1","0","1","1","0","1","0","0","0","4","23","27","1","8","9","0","1","1","1","0","1","0","0","0","0","0","0","0","2","2","0","1","1","0","1","1","0","0","0","0","0","0","8","36","44"
"경기도교육청","경기도구리남양주교육지원청","경기도 남양주시","S090007319","다산한강중학교","03","공립","N","","0","1","1","0","2","2","0","1","1","8","28","36","7","11","18","0","2","2","0","1","1","0","0","0","0","0","0","1","0","1","0","1","1","0","1","1","0","1","1","0","0","0","16","49","65"
"경기도교육청","경기도시흥교육지원청","경기도 시흥시","S090007324","배곧해솔중학교","03","공립","N","","0","1","1","1","1","2","0","1","1","21","41","62","10","16","26","1","2","3","0","0","0","0","0","0","0","0","0","0","1","1","0","0","0","0","2","2","0","1","1","0","0","0","33","66","99"
"경기도교육청","경기도화성오산교육지원청","경기도 화성시 만세구","S090007330","신백중학교","03","공립","N","","1","0","1","1","0","1","0","0","0","10","20","30","6","18","24","0","2","2","0","0","0","0","0","0","0","0","0","0","1","1","0","1","1","0","1","1","0","1","1","0","0","0","18","44","62"
"경기도교육청","경기도화성오산교육지원청","","S090007332","서연중학교","03","공립","N","","1","0","1","0","1","1","0","0","0","10","36","46","10","14","24","1","1","2","0","0","0","0","0","0","0","0","0","0","1","1","0","1","1","0","2","2","0","1","1","0","0","0","22","57","79"
"경기도교육청","경기도광명교육지원청","경기도 광명시","S090007339","빛가온중학교","03","공립","N","","1","0","1","0","1","1","0","0","0","6","39","45","0","2","2","0","1","1","0","0","0","0","0","0","0","0","0","0","1","1","0","1","1","0","2","2","0","1","1","0","0","0","7","48","55"
"경기도교육청","경기도고양교육지원청","경기도 고양시 덕양구","S090007376","향동중학교","03","공립","N","","1","0","1","0","1","1","0","0","0","2","32","34","6","11","17","0","0","0","0","2","2","0","0","0","0","0","0","0","1","1","0","1","1","0","1","1","0","1","1","0","0","0","9","50","59"
"경기도교육청","경기도광주하남교육지원청","경기도 하남시","S090007377","감일중학교","03","공립","N","","0","1","1","1","1","2","0","0","0","6","34","40","4","5","9","0","1","1","1","0","1","0","0","0","0","0","0","0","1","1","0","1","1","0","1","1","0","1","1","0","1","1","12","47","59"
"경기도교육청","경기도화성오산교육지원청","","S090007395","수현중학교","03","공립","N","","1","0","1","0","1","1","0","0","0","8","25","33","3","10","13","0","2","2","0","0","0","0","0","0","0","0","0","0","1","1","0","1","1","0","1","1","0","1","1","0","0","0","12","42","54"
"경기도교육청","경기도광주하남교육지원청","경기도 광주시","S090007406","태전중학교","03","공립","N","","1","0","1","1","0","1","0","0","0","3","32","35","7","19","26","1","1","2","0","0","0","0","0","0","0","0","0","0","1","1","0","1","1","0","2","2","0","1","1","0","0","0","13","57","70"
"경기도교육청","경기도고양교육지원청","경기도 고양시 덕양구","S090007440","지축중학교","03","공립","N","","0","1","1","1","0","1","0","0","0","4","31","35","6","20","26","0","1","1","0","1","1","0","0","0","0","0","0","0","1","1","0","1","1","0","1","1","0","1","1","0","0","0","11","58","69"
"경기도교육청","경기도안산교육지원청","경기도 안산시 상록구","S090007442","안산해솔중학교","03","공립","N","","0","1","1","0","1","1","0","0","0","7","30","37","5","11","16","0","2","2","0","0","0","0","0","0","0","0","0","0","1","1","0","1","1","0","1","1","0","1","1","0","0","0","12","49","61"
"경기도교육청","경기도구리남양주교육지원청","경기도 남양주시","S090007518","다산새봄중학교","03","공립","N","","0","1","1","0","1","1","0","1","1","8","41","49","6","16","22","0","3","3","0","1","1","0","0","0","0","0","0","0","1","1","0","1","1","0","2","2","0","1","1","0","2","2","14","71","85"
"경기도교육청","경기도광주하남교육지원청","경기도 하남시","S090007519","감일백제중학교","03","공립","N","","0","1","1","0","1","1","0","1","1","5","30","35","3","4","7","0","2","2","0","0","0","0","0","0","0","0","0","0","1","1","0","1","1","0","1","1","0","1","1","0","0","0","8","43","51"
"경기도교육청","경기도화성오산교육지원청","경기도 화성시 동탄구","S090007521","화성세정중학교","03","공립","N","","0","1","1","0","1","1","0","0","0","7","26","33","11","10","21","0","1","1","0","0","0","0","0","0","0","0","0","0","1","1","0","1","1","0","1","1","0","1","1","0","0","0","18","43","61"
"경기도교육청","경기도화성오산교육지원청","","S090007522","치동중학교","03","공립","N","","1","0","1","1","0","1","0","0","0","6","33","39","4","8","12","0","1","1","1","0","1","0","0","0","0","0","0","0","1","1","0","1","1","0","1","1","0","1","1","0","0","0","13","46","59"
"경기도교육청","경기도평택교육지원청","경기도 평택시","S090007572","민세중학교","03","공립","N","","1","0","1","0","1","1","0","1","1","12","24","36","6","22","28","0","1","1","0","0","0","0","0","0","0","0","0","0","1","1","0","0","0","0","1","1","0","1","1","0","0","0","19","52","71"
"경기도교육청","경기도파주교육지원청","경기도 파주시","S090007577","심학중학교","03","공립","N","","0","1","1","0","1","1","0","0","0","8","22","30","2","2","4","0","2","2","1","0","1","0","0","0","0","0","0","0","1","1","0","1","1","0","1","1","0","1","1","0","0","0","11","32","43"
"경기도교육청","경기도김포교육지원청","경기도 김포시","S090007580","나래중학교","03","공립","N","","0","1","1","0","1","1","0","0","0","6","36","42","8","13","21","0","2","2","0","0","0","0","0","0","0","0","0","0","1","1","0","1","1","0","1","1","0","1","1","0","0","0","14","57","71"
"경기도교육청","경기도부천교육지원청","경기도 부천시 소사구","S090007582","범박중학교","03","공립","N","","0","1","1","0","1","1","0","0","0","16","36","52","2","8","10","1","1","2","0","0","0","0","0","0","0","0","0","0","1","1","0","1","1","0","1","1","0","2","2","0","0","0","19","52","71"
"경기도교육청","경기도수원교육지원청","경기도 수원시 영통구","S090007608","광교호수중학교","03","공립","N","","0","1","1","0","1","1","0","0","0","10","31","41","0","4","4","0","2","2","0","1","1","0","0","0","0","0","0","0","1","1","0","2","2","0","1","1","0","1","1","0","0","0","10","45","55"
"경기도교육청","경기도김포교육지원청","경기도 김포시","S090007613","향산중학교","03","공립","N","","0","1","1","0","1","1","0","0","0","3","12","15","2","11","13","0","0","0","0","0","0","0","0","0","0","0","0","0","2","2","0","0","0","0","2","2","0","1","1","0","0","0","5","30","35"
"경기도교육청","경기도고양교육지원청","경기도 고양시 덕양구","S090007626","덕은한강중학교","03","공립","N","","1","0","1","1","1","2","0","1","1","2","18","20","2","15","17","0","1","1","0","0","0","0","0","0","0","0","0","0","1","1","0","1","1","0","1","1","0","2","2","0","0","0","6","41","47"
"경기도교육청","경기도김포교육지원청","경기도 김포시","S090007627","모담중학교","03","공립","N","","0","0","0","0","1","1","0","1","1","2","13","15","1","3","4","0","1","1","0","0","0","0","0","0","0","0","0","0","1","1","0","0","0","0","1","1","0","0","0","0","0","0","3","21","24"
"경기도교육청","경기도평택교육지원청","경기도 평택시","S090007628","동삭중학교","03","공립","N","","1","0","1","0","1","1","0","0","0","15","19","34","4","24","28","0","1","1","0","0","0","0","0","0","0","0","0","0","1","1","0","1","1","0","1","1","0","1","1","0","0","0","20","49","69"
"경기도교육청","경기도수원교육지원청","경기도 수원시 권선구","S090007630","규장중학교","03","공립","N","","0","1","1","0","1","1","0","1","1","1","6","7","2","3","5","0","0","0","0","0","0","0","0","0","0","0","0","0","0","0","0","0","0","0","1","1","0","0","0","0","0","0","3","13","16"
"경기도교육청","경기도구리남양주교육지원청","경기도 남양주시","S090007654","하랑중학교","03","공립","N","","0","0","0","0","1","1","0","0","0","4","7","11","1","7","8","0","1","1","0","0","0","0","0","0","0","0","0","0","1","1","0","1","1","0","1","1","0","0","0","0","0","0","5","19","24"
"경기도교육청","경기도성남교육지원청","경기도 성남시 분당구","S090007669","판교대장중학교","03","공립","N","","0","1","1","2","0","2","0","0","0","3","19","22","0","4","4","0","2","2","0","0","0","0","0","0","0","0","0","0","2","2","0","0","0","0","1","1","0","0","0","0","0","0","5","29","34"
"경기도교육청","경기도안양과천교육지원청","경기도 과천시","S090007679","과천율목중학교","03","공립","N","","0","0","0","0","1","1","0","1","1","3","19","22","0","1","1","2","0","2","0","0","0","0","0","0","0","0","0","0","0","0","1","0","1","0","1","1","0","2","2","0","0","0","6","25","31"
"경기도교육청","경기도화성오산교육지원청","경기도 오산시","S090007866","가수중학교","03","공립","N","","1","0","1","0","1","1","1","0","1","1","12","13","4","7","11","0","0","0","0","1","1","0","0","0","0","0","0","0","0","0","0","0","0","0","1","1","0","1","1","0","0","0","7","23","30"
"경기도교육청","경기도부천교육지원청","경기도 부천시 소사구","S090007867","옥길새길중학교","03","공립","N","","1","0","1","0","1","1","0","1","1","3","11","14","1","2","3","0","0","0","0","0","0","0","0","0","0","0","0","0","0","0","0","0","0","0","1","1","0","1","1","0","0","0","5","17","22"
"경기도교육청","경기도군포의왕교육지원청","경기도 의왕시","S090007875","내손중학교","03","공립","N","","0","0","0","0","1","1","0","1","1","2","15","17","0","3","3","0","1","1","0","1","1","0","0","0","0","0","0","0","1","1","0","1","1","0","2","2","0","1","1","0","0","0","2","27","29"
"경기도교육청","경기도화성오산교육지원청","경기도 화성시 만세구","S090007878","화성상신중학교","03","공립","N","","0","1","1","1","0","1","0","1","1","3","5","8","2","4","6","0","1","1","0","0","0","0","0","0","0","0","0","0","0","0","0","0","0","0","1","1","0","1","1","0","0","0","6","14","20"
"경기도교육청","경기도화성오산교육지원청","경기도 화성시 효행구","S090007879","화담중학교","03","공립","N","","0","1","1","1","0","1","0","1","1","6","14","20","1","10","11","2","2","4","1","1","2","0","0","0","0","0","0","0","0","0","0","0","0","0","1","1","0","1","1","0","0","0","11","31","42"
"경기도교육청","경기도평택교육지원청","경기도 평택시","S090007883","해창중학교","03","공립","N","","0","1","1","0","1","1","0","0","0","3","12","15","7","21","28","0","1","1","0","0","0","0","0","0","0","0","0","0","1","1","0","1","1","0","1","1","0","1","1","0","0","0","10","40","50"
"경기도교육청","경기도파주교육지원청","경기도 파주시","S090007904","다율중학교","03","공립","N","","1","0","1","0","1","1","0","1","1","6","19","25","4","4","8","1","4","5","0","1","1","0","0","0","0","0","0","0","0","0","0","1","1","0","1","1","0","1","1","0","0","0","12","33","45"
"경기도교육청","경기도의정부교육지원청","경기도 의정부시","S090007913","훈민중학교","03","공립","N","","0","1","1","1","0","1","0","1","1","10","26","36","6","7","13","0","1","1","1","1","2","0","0","0","0","0","0","0","1","1","0","1","1","0","1","1","0","1","1","0","0","0","18","41","59"
"경기도교육청","경기도화성오산교육지원청","경기도 화성시 동탄구","S090007917","화성신동중학교","03","공립","N","","0","1","1","1","0","1","0","0","0","2","9","11","3","7","10","0","1","1","0","0","0","0","0","0","0","0","0","0","0","0","0","0","0","0","1","1","0","1","1","0","0","0","6","20","26"
"경기도교육청","경기도화성오산교육지원청","경기도 화성시 효행구","S090007921","청연중학교","03","공립","N","","1","0","1","1","1","2","0","1","1","2","7","9","0","4","4","0","0","0","0","1","1","0","0","0","0","0","0","0","0","0","0","0","0","0","1","1","0","1","1","0","0","0","4","16","20"
"경기도교육청","경기도평택교육지원청","경기도 평택시","S090007925","소사벌중학교","03","공립","N","","0","1","1","1","0","1","0","0","0","3","5","8","5","6","11","1","0","1","0","0","0","0","0","0","0","0","0","0","0","0","0","1","1","0","1","1","0","1","1","0","0","0","10","15","25"
"경기도교육청","경기도시흥교육지원청","경기도 시흥시","S090007928","시화나래중학교","03","공립","N","","0","0","0","1","0","1","0","1","1","4","5","9","4","6","10","1","4","5","1","2","3","0","0","0","0","0","0","0","1","1","0","0","0","0","1","1","0","1","1","0","0","0","11","21","32"
"경기도교육청","경기도평택교육지원청","경기도 평택시","S090007930","배다리중학교","03","공립","N","","0","0","0","1","0","1","0","0","0","4","7","11","8","8","16","1","2","3","0","0","0","0","0","0","0","0","0","0","1","1","0","1","1","0","2","2","0","0","0","0","0","0","14","21","35"
"경기도교육청","경기도시흥교육지원청","경기도 시흥시","S090007941","배곧라라중학교","03","공립","N","","1","0","1","0","1","1","0","1","1","9","15","24","3","11","14","1","0","1","0","0","0","0","0","0","0","0","0","0","1","1","0","0","0","0","1","1","0","2","2","0","0","0","14","32","46"
"경기도교육청","경기도용인교육지원청","경기도 용인시 처인구","S090008022","처인중학교","03","공립","N","","0","1","1","0","1","1","0","1","1","3","4","7","0","5","5","0","1","1","0","0","0","0","0","0","0","0","0","0","0","0","0","0","0","0","1","1","0","0","0","0","0","0","3","14","17"
"경기도교육청","경기도용인교육지원청","경기도 용인시 처인구","S090008023","도현중학교","03","공립","N","","1","0","1","0","1","1","0","1","1","3","4","7","2","8","10","1","2","3","0","0","0","0","0","0","0","0","0","0","0","0","0","1","1","0","1","1","0","0","0","0","0","0","7","18","25"