"시도교육청","교육지원청","지역","정보공시 학교코드","학교명","학교급코드","설립구분","제외여부","제외사유","동아리수","참여학생수","지도교사수","자원봉사 또는외부강사수","동아리활동 예산지원현황","동아리수","참여학생수","지도교사수","자원봉사 또는외부강사수","동아리활동 예산지원현황"
"경기도교육청","경기도가평교육지원청","경기도 가평군","S090000881","가평마장초등학교","02","공립","N","","0","0","0","0","0","1","13","1","0","2000000"
"경기도교육청","경기도가평교육지원청","경기도 가평군","S090000882","가평초등학교","02","공립","N","","27","706","27","0","0","0","0","0","0","0"
"경기도교육청","경기도가평교육지원청","경기도 가평군","S090000885","대성초등학교","02","공립","N","","6","90","6","2","4950000","2","62","1","2","12350000"
"경기도교육청","경기도가평교육지원청","경기도 가평군","S090000890","목동초등학교","02","공립","N","","6","73","6","6","10000000","0","0","0","0","0"
"경기도교육청","경기도가평교육지원청","경기도 가평군","S090000892","목동초등학교명지분교장","02","공립","N","","1","3","2","0","300000","0","0","0","0","0"
"경기도교육청","경기도가평교육지원청","경기도 가평군","S090000895","미원초등학교","02","공립","N","","12","245","14","8","0","0","0","0","0","0"
"경기도교육청","경기도가평교육지원청","경기도 가평군","S090000899","미원초등학교위곡분교장","02","공립","Y","본교에서 분교장 데이터 포함하여 통합 공시","","","","","","","","","",""
"경기도교육청","경기도가평교육지원청","경기도 가평군","S090000900","미원초등학교장락분교장","02","공립","N","","1","13","4","1","1100000","0","0","0","0","0"
"경기도교육청","경기도가평교육지원청","경기도 가평군","S090000901","방일초등학교","02","공립","N","","8","52","8","8","16800000","1","5","1","0","0"
"경기도교육청","경기도가평교육지원청","경기도 가평군","S090000905","상면초등학교","02","공립","N","","7","49","7","0","1800000","0","0","0","0","0"
"경기도교육청","경기도가평교육지원청","경기도 가평군","S090000906","상색초등학교","02","공립","N","","6","65","6","5","22000000","0","0","0","0","0"
"경기도교육청","경기도가평교육지원청","경기도 가평군","S090000908","상천초등학교","02","공립","N","","9","83","6","9","20000000","5","63","3","2","1000000"
"경기도교육청","경기도가평교육지원청","경기도 가평군","S090000910","연하초등학교","02","공립","N","","6","104","6","0","0","2","30","2","2","21700000"
"경기도교육청","경기도가평교육지원청","경기도 가평군","S090000914","율길초등학교","02","공립","N","","6","62","6","1","8000000","0","0","0","0","0"
"경기도교육청","경기도가평교육지원청","경기도 가평군","S090000916","조종초등학교","02","공립","N","","13","324","13","0","1000000","2","26","2","1","8900000"
"경기도교육청","경기도가평교육지원청","경기도 가평군","S090000920","청평초등학교","02","공립","N","","13","300","13","0","0","2","20","2","1","9400000"
"경기도교육청","경기도고양교육지원청","경기도 고양시 덕양구","S090000974","가람초등학교","02","공립","N","","17","388","18","0","2600000","5","34","5","0","1650000"
"경기도교육청","경기도고양교육지원청","경기도 고양시 일산서구","S090000975","강선초등학교","02","공립","N","","25","589","25","0","5000000","2","30","2","0","1000000"
"경기도교육청","경기도고양교육지원청","경기도 고양시 일산동구","S090000976","고봉초등학교","02","공립","N","","16","379","16","0","0","0","0","0","0","0"
"경기도교육청","경기도고양교육지원청","경기도 고양시 일산동구","S090000977","고양백석초등학교","02","공립","N","","21","521","21","0","2300000","0","0","0","0","0"
"경기도교육청","경기도고양교육지원청","경기도 고양시 일산서구","S090000978","고양신일초등학교","02","공립","N","","32","843","32","0","5100000","1","60","1","0","3900000"
"경기도교육청","경기도고양교육지원청","경기도 고양시 덕양구","S090000979","고양용현초등학교","02","공립","N","","12","286","12","6","3840000","0","0","0","0","0"
"경기도교육청","경기도고양교육지원청","경기도 고양시 덕양구","S090000980","고양초등학교","02","공립","N","","19","434","19","4","1645000","1","6","1","0","450000"
"경기도교육청","경기도고양교육지원청","경기도 고양시 덕양구","S090000981","고양화수초등학교","02","공립","N","","4","634","27","5","7680000","0","0","0","0","0"
"경기도교육청","경기도고양교육지원청","경기도 고양시 덕양구","S090000982","고양화정초등학교","02","공립","N","","121","1122","121","0","500000","1","18","1","0","5000000"
"경기도교육청","경기도고양교육지원청","경기도 고양시 일산동구","S090000983","금계초등학교","02","공립","N","","21","514","21","4","3200000","0","0","0","0","0"
"경기도교육청","경기도고양교육지원청","경기도 고양시 일산동구","S090000984","낙민초등학교","02","공립","N","","25","629","25","0","1800000","1","68","1","2","10000000"
"경기도교육청","경기도고양교육지원청","경기도 고양시 덕양구","S090000985","내유초등학교","02","공립","N","","33","868","33","0","0","1","4","1","0","0"
"경기도교육청","경기도고양교육지원청","경기도 고양시 일산동구","S090000986","냉천초등학교","02","공립","N","","6","369","17","1","7650000","4","53","4","1","4000000"
"경기도교육청","경기도고양교육지원청","경기도 고양시 덕양구","S090000987","능곡초등학교","02","공립","N","","27","656","27","0","600000","3","27","3","0","800000"
"경기도교육청","경기도고양교육지원청","경기도 고양시 덕양구","S090000988","대곡초등학교","02","공립","N","","4","140","10","4","3040000","1","10","1","0","400000"
"경기도교육청","경기도고양교육지원청","경기도 고양시 일산서구","S090000989","대화초등학교","02","공립","N","","10","774","32","6","4700000","2","19","2","0","1000000"
"경기도교육청","경기도고양교육지원청","경기도 고양시 덕양구","S090000990","덕은초등학교","02","공립","N","","14","232","14","0","1200000","2","18","2","0","400000"
"경기도교육청","경기도고양교육지원청","경기도 고양시 일산서구","S090000991","덕이초등학교","02","공립","N","","19","284","19","0","700000","0","0","0","0","0"
"경기도교육청","경기도고양교육지원청","경기도 고양시 덕양구","S090000992","무원초등학교","02","공립","N","","6","710","27","0","0","0","0","0","0","0"
"경기도교육청","경기도고양교육지원청","경기도 고양시 일산서구","S090000993","문촌초등학교","02","공립","N","","15","431","15","0","1500000","3","70","3","0","4000000"
"경기도교육청","경기도고양교육지원청","경기도 고양시 일산서구","S090000994","문화초등학교","02","공립","N","","39","919","39","4","2700000","0","0","0","0","0"
"경기도교육청","경기도고양교육지원청","경기도 고양시 일산동구","S090000995","백마초등학교","02","공립","N","","6","511","21","0","0","6","511","21","0","1500000"
"경기도교육청","경기도고양교육지원청","경기도 고양시 일산동구","S090000998","백신초등학교","02","공립","N","","7","446","17","7","0","4","42","5","1","3020000"
"경기도교육청","경기도고양교육지원청","경기도 고양시 덕양구","S090000999","백양초등학교","02","공립","N","","12","235","12","4","1000000","10","95","10","2","2000000"
"경기도교육청","경기도고양교육지원청","경기도 고양시 일산동구","S090001000","벽제초등학교","02","공립","N","","14","268","21","5","0","0","0","0","0","0"
"경기도교육청","경기도고양교육지원청","경기도 고양시 덕양구","S090001001","삼송초등학교","02","공립","N","","36","1034","36","0","0","0","0","0","0","0"
"경기도교육청","경기도고양교육지원청","경기도 고양시 일산서구","S090001002","상탄초등학교","02","공립","N","","34","840","34","0","2400000","0","0","0","0","0"
"경기도교육청","경기도고양교육지원청","경기도 고양시 덕양구","S090001003","성라초등학교","02","공립","N","","19","428","19","0","500000","0","0","0","0","0"
"경기도교육청","경기도고양교육지원청","경기도 고양시 덕양구","S090001004","성사초등학교","02","공립","N","","29","721","29","0","0","0","0","0","0","0"
"경기도교육청","경기도고양교육지원청","경기도 고양시 일산동구","S090001005","성석초등학교","02","공립","N","","6","79","6","4","4440000","0","0","0","0","0"
"경기도교육청","경기도고양교육지원청","경기도 고양시 덕양구","S090001006","성신초등학교","02","공립","N","","21","492","21","0","0","2","31","2","2","4300000"
"경기도교육청","경기도고양교육지원청","경기도 고양시 일산서구","S090001007","성저초등학교","02","공립","N","","14","319","14","1","3250000","0","0","0","0","0"
"경기도교육청","경기도고양교육지원청","경기도 고양시 덕양구","S090001008","소만초등학교","02","공립","N","","13","319","13","0","500000","11","273","11","0","500000"
"경기도교육청","경기도고양교육지원청","경기도 고양시 일산서구","S090001009","송포초등학교","02","공립","N","","14","319","14","2","650000","3","41","3","1","8600000"
"경기도교육청","경기도고양교육지원청","경기도 고양시 일산동구","S090001010","일산은행초등학교","02","공립","N","","5","267","12","4","9320000","2","46","1","1","5000000"
"경기도교육청","경기도고양교육지원청","경기도 고양시 덕양구","S090001011","신능초등학교","02","공립","N","","11","190","11","0","2200000","2","70","4","2","3000000"
"경기도교육청","경기도고양교육지원청","경기도 고양시 덕양구","S090001012","신원초등학교","02","공립","N","","54","1454","54","0","0","1","8","1","0","0"
"경기도교육청","경기도고양교육지원청","경기도 고양시 일산서구","S090001014","신촌초등학교","02","공립","N","","17","481","17","2","7700000","0","0","0","0","0"
"경기도교육청","경기도고양교육지원청","경기도 고양시 일산동구","S090001015","안곡초등학교","02","공립","N","","18","428","18","4","3440000","2","15","2","0","700000"
"경기도교육청","경기도고양교육지원청","경기도 고양시 일산서구","S090001016","오마초등학교","02","공립","N","","50","1236","50","0","0","0","0","0","0","0"
"경기도교육청","경기도고양교육지원청","경기도 고양시 덕양구","S090001017","용두초등학교","02","공립","Y","본교는 해당항목에 대해서 통계자료가 없으므로 제외함.","","","","","","","","","",""
"경기도교육청","경기도고양교육지원청","경기도 고양시 덕양구","S090001018","용정초등학교","02","공립","N","","4","77","4","3","0","7","126","7","0","750000"
"경기도교육청","경기도고양교육지원청","경기도 고양시 덕양구","S090001019","원당초등학교","02","공립","N","","15","366","15","0","3000000","0","0","0","0","0"
"경기도교육청","경기도고양교육지원청","경기도 고양시 일산동구","S090001020","원중초등학교","02","공립","N","","6","1436","53","0","0","0","0","0","0","0"
"경기도교육청","경기도고양교육지원청","경기도 고양시 일산동구","S090001021","율동초등학교","02","공립","N","","6","246","6","6","7500000","4","40","4","0","1080000"
"경기도교육청","경기도고양교육지원청","경기도 고양시 일산서구","S090001023","일산초등학교","02","공립","N","","14","326","14","1","3780000","8","78","7","2","6350000"
"경기도교육청","경기도고양교육지원청","경기도 고양시 일산서구","S090001024","장성초등학교","02","공립","N","","13","298","13","0","0","1","4","1","0","400000"
"경기도교육청","경기도고양교육지원청","경기도 고양시 일산서구","S090001025","장촌초등학교","02","공립","N","","20","251","20","0","6000000","0","0","0","0","0"
"경기도교육청","경기도고양교육지원청","경기도 고양시 일산동구","S090001026","저동초등학교","02","공립","N","","15","367","16","0","0","0","0","0","0","0"
"경기도교육청","경기도고양교육지원청","경기도 고양시 일산동구","S090001027","정발초등학교","02","공립","N","","53","1062","90","2","10270000","4","119","10","8","11800000"
"경기도교육청","경기도고양교육지원청","경기도 고양시 일산서구","S090001028","주엽초등학교","02","공립","N","","21","474","21","0","0","17","389","17","0","2000000"
"경기도교육청","경기도고양교육지원청","경기도 고양시 일산동구","S090001029","중산초등학교","02","공립","N","","19","441","19","0","0","4","58","4","0","0"
"경기도교육청","경기도고양교육지원청","경기도 고양시 덕양구","S090001030","지도초등학교","02","공립","N","","40","668","40","0","0","5","56","6","0","1100000"
"경기도교육청","경기도고양교육지원청","경기도 고양시 덕양구","S090001032","토당초등학교","02","공립","N","","30","254","30","2","1300000","3","28","3","0","500000"
"경기도교육청","경기도고양교육지원청","경기도 고양시 일산동구","S090001033","풍산초등학교","02","공립","N","","29","742","29","0","2100000","2","15","2","0","0"
"경기도교육청","경기도고양교육지원청","경기도 고양시 일산서구","S090001034","한수초등학교","02","공립","N","","23","553","23","0","2400000","0","0","0","0","0"
"경기도교육청","경기도고양교육지원청","경기도 고양시 덕양구","S090001035","행남초등학교","02","공립","N","","10","195","10","0","0","0","0","0","0","0"
"경기도교육청","경기도고양교육지원청","경기도 고양시 덕양구","S090001036","행신초등학교","02","공립","N","","8","275","8","8","19200000","10","68","10","0","1000000"
"경기도교육청","경기도고양교육지원청","경기도 고양시 덕양구","S090001037","행주초등학교","02","공립","N","","6","29","6","2","6000000","0","0","0","0","0"
"경기도교육청","경기도고양교육지원청","경기도 고양시 일산서구","S090001038","현산초등학교","02","공립","N","","30","774","30","0","4600000","0","0","0","0","0"
"경기도교육청","경기도고양교육지원청","경기도 고양시 일산서구","S090001039","호곡초등학교","02","공립","N","","48","1262","48","0","0","2","17","2","2","2000000"
"경기도교육청","경기도고양교육지원청","경기도 고양시 일산동구","S090001040","호수초등학교","02","공립","N","","16","379","16","0","2000000","2","42","1","1","7000000"
"경기도교육청","경기도고양교육지원청","경기도 고양시 덕양구","S090001041","화중초등학교","02","공립","N","","19","441","19","6","640000","9","97","9","0","3000000"
"경기도교육청","경기도고양교육지원청","경기도 고양시 일산서구","S090001042","황룡초등학교","02","공립","N","","14","360","14","0","0","6","153","6","0","500000"
"경기도교육청","경기도고양교육지원청","경기도 고양시 덕양구","S090001043","흥도초등학교","02","공립","N","","6","1382","51","0","0","4","57","5","3","7000000"
"경기도교육청","경기도광명교육지원청","경기도 광명시","S090001199","가림초등학교","02","공립","N","","20","503","20","4","3960000","0","0","0","0","0"
"경기도교육청","경기도광명교육지원청","경기도 광명시","S090001201","광명광덕초등학교","02","공립","N","","27","702","27","3","0","28","708","28","0","5840000"
"경기도교육청","경기도광명교육지원청","경기도 광명시","S090001202","광명광성초등학교","02","공립","N","","9","234","9","2","5880000","4","20","4","0","600000"
"경기도교육청","경기도광명교육지원청","경기도 광명시","S090001203","광명남초등학교","02","공립","N","","20","434","20","0","3800000","2","22","1","1","5000000"
"경기도교육청","경기도광명교육지원청","경기도 광명시","S090001204","광명동초등학교","02","공립","N","","3","80","1","3","3000000","1","15","1","0","650000"
"경기도교육청","경기도광명교육지원청","경기도 광명시","S090001205","광명북초등학교","02","공립","N","","29","672","29","0","4970000","7","89","7","2","9790000"
"경기도교육청","경기도광명교육지원청","경기도 광명시","S090001206","광명서초등학교","02","공립","N","","25","589","25","0","4720000","1","35","1","2","7472000"
"경기도교육청","경기도광명교육지원청","경기도 광명시","S090001207","광명초등학교","02","공립","N","","6","373","16","0","3480000","1","6","1","0","1500000"
"경기도교육청","경기도광명교육지원청","경기도 광명시","S090001208","광문초등학교","02","공립","N","","23","589","23","0","460000","11","283","11","0","4620000"
"경기도교육청","경기도광명교육지원청","경기도 광명시","S090001210","광일초등학교","02","공립","N","","20","506","20","0","804000","19","298","19","0","3636000"
"경기도교육청","경기도광명교육지원청","경기도 광명시","S090001211","도덕초등학교","02","공립","N","","7","222","11","1","3000000","0","0","0","0","0"
"경기도교육청","경기도광명교육지원청","경기도 광명시","S090001212","서면초등학교","02","공립","N","","7","567","23","1","6380000","0","0","0","0","0"
"경기도교육청","경기도광명교육지원청","경기도 광명시","S090001213","소하초등학교","02","공립","N","","32","829","32","5","6400000","1","66","1","0","1000000"
"경기도교육청","경기도광명교육지원청","경기도 광명시","S090001214","안서초등학교","02","공립","N","","18","161","18","12","12660000","0","0","0","0","0"
"경기도교육청","경기도광명교육지원청","경기도 광명시","S090001215","연서초등학교","02","공립","N","","14","360","16","0","3320000","0","0","0","0","0"
"경기도교육청","경기도광명교육지원청","경기도 광명시","S090001216","온신초등학교","02","공립","N","","6","49","6","0","3000000","0","0","0","0","0"
"경기도교육청","경기도광명교육지원청","경기도 광명시","S090001217","철산초등학교","02","공립","N","","56","1467","56","0","9520000","1","8","1","0","200000"
"경기도교육청","경기도광명교육지원청","경기도 광명시","S090001218","하안남초등학교","02","공립","N","","13","293","13","0","3000000","0","0","0","0","0"
"경기도교육청","경기도광명교육지원청","경기도 광명시","S090001219","하안북초등학교","02","공립","N","","14","316","14","0","1550000","1","16","1","0","1450000"
"경기도교육청","경기도광명교육지원청","경기도 광명시","S090001220","하안초등학교","02","공립","N","","20","380","23","2","4680000","0","0","0","0","0"
"경기도교육청","경기도광명교육지원청","경기도 광명시","S090001221","하일초등학교","02","공립","N","","14","336","14","0","3000000","0","0","0","0","0"
"경기도교육청","경기도광주하남교육지원청","경기도 광주시","S090001279","경안초등학교","02","공립","N","","19","438","19","0","2500000","1","17","1","0","2000000"
"경기도교육청","경기도광주하남교육지원청","경기도 하남시","S090001280","고골초등학교","02","공립","N","","6","21","6","6","6000000","0","0","0","0","0"
"경기도교육청","경기도광주하남교육지원청","경기도 광주시","S090001281","곤지암초등학교","02","공립","N","","29","465","26","3","3600000","0","0","0","0","0"
"경기도교육청","경기도광주하남교육지원청","경기도 광주시","S090001282","광남초등학교","02","공립","N","","41","1069","41","0","0","0","0","0","0","0"
"경기도교육청","경기도광주하남교육지원청","경기도 광주시","S090001284","광주광명초등학교","02","공립","N","","41","1036","41","0","0","0","0","0","0","0"
"경기도교육청","경기도광주하남교육지원청","경기도 광주시","S090001285","광주매곡초등학교","02","공립","N","","45","1348","45","0","0","0","0","0","0","0"
"경기도교육청","경기도광주하남교육지원청","경기도 광주시","S090001286","광주초등학교","02","공립","N","","4","391","15","0","0","1","20","2","0","1000000"
"경기도교육청","경기도광주하남교육지원청","경기도 광주시","S090001288","광지원초등학교","02","공립","N","","10","99","6","8","4720000","0","0","0","0","0"
"경기도교육청","경기도광주하남교육지원청","경기도 광주시","S090001289","남한산초등학교","02","공립","N","","6","57","6","0","1000000","0","0","0","0","0"
"경기도교육청","경기도광주하남교육지원청","경기도 하남시","S090001290","덕풍초등학교","02","공립","N","","22","557","22","4","15060000","1","14","1","1","1500000"
"경기도교육청","경기도광주하남교육지원청","경기도 광주시","S090001291","도곡초등학교","02","공립","N","","43","1088","42","1","2000000","4","60","4","0","6200000"
"경기도교육청","경기도광주하남교육지원청","경기도 광주시","S090001292","도궁초등학교","02","공립","N","","7","65","7","1","5700000","0","0","0","0","0"
"경기도교육청","경기도광주하남교육지원청","경기도 광주시","S090001293","도수초등학교","02","공립","N","","26","643","26","7","22000000","0","0","0","0","0"
"경기도교육청","경기도구리남양주교육지원청","경기도 남양주시","S090001294","도심초등학교","02","공립","N","","15","378","15","0","0","0","0","0","0","0"
"경기도교육청","경기도광주하남교육지원청","경기도 광주시","S090001295","도척초등학교","02","공립","N","","9","220","9","0","1500000","0","0","0","0","0"
"경기도교육청","경기도광주하남교육지원청","경기도 하남시","S090001296","동부초등학교","02","공립","N","","16","372","16","6","0","1","3","1","0","0"
"경기도교육청","경기도광주하남교육지원청","경기도 광주시","S090001298","만선초등학교","02","공립","N","","5","51","5","0","600000","3","35","3","1","5100000"
"경기도교육청","경기도광주하남교육지원청","경기도 하남시","S090001299","망월초등학교","02","공립","N","","86","1739","62","62","32390000","2","16","2","0","300000"
"경기도교육청","경기도광주하남교육지원청","경기도 광주시","S090001301","번천초등학교","02","공립","N","","7","84","7","1","3500000","0","0","0","0","0"
"경기도교육청","경기도광주하남교육지원청","경기도 광주시","S090001302","분원초등학교","02","공립","N","","7","99","7","8","10200000","0","0","0","0","0"
"경기도교육청","경기도광주하남교육지원청","경기도 하남시","S090001305","산곡초등학교","02","공립","N","","12","154","12","12","3260000","0","0","0","0","0"
"경기도교육청","경기도광주하남교육지원청","경기도 광주시","S090001306","삼리초등학교","02","공립","N","","16","362","16","0","0","3","44","3","0","2000000"
"경기도교육청","경기도광주하남교육지원청","경기도 하남시","S090001307","서부초등학교","02","공립","N","","8","72","6","2","6510000","0","0","0","0","0"
"경기도교육청","경기도광주하남교육지원청","경기도 광주시","S090001308","선동초등학교","02","공립","N","","1","23","4","1","1000000","7","47","7","0","2000000"
"경기도교육청","경기도광주하남교육지원청","경기도 하남시","S090001309","신장초등학교","02","공립","N","","11","697","27","2","16100000","4","117","4","0","0"
"경기도교육청","경기도광주하남교육지원청","경기도 광주시","S090001310","쌍령초등학교","02","공립","N","","18","379","18","0","0","2","7","2","0","300000"
"경기도교육청","경기도광주하남교육지원청","경기도 광주시","S090001311","오포초등학교","02","공립","N","","26","640","26","40","0","2","19","2","0","800000"
"경기도교육청","경기도광주하남교육지원청","경기도 하남시","S090001312","창우초등학교","02","공립","N","","20","470","20","0","0","0","0","0","0","0"
"경기도교육청","경기도광주하남교육지원청","경기도 광주시","S090001314","초월초등학교","02","공립","N","","8","156","8","0","400000","0","0","0","0","0"
"경기도교육청","경기도광주하남교육지원청","경기도 광주시","S090001315","탄벌초등학교","02","공립","N","","0","0","0","0","0","9","93","9","0","2700000"
"경기도교육청","경기도광주하남교육지원청","경기도 광주시","S090001316","태전초등학교","02","공립","N","","27","708","27","0","11220000","2","12","2","0","2000000"
"경기도교육청","경기도광주하남교육지원청","경기도 하남시","S090001317","하남천현초등학교","02","공립","N","","15","247","15","0","2400000","0","0","0","0","0"
"경기도교육청","경기도광주하남교육지원청","경기도 하남시","S090001318","하남초등학교","02","공립","N","","6","489","20","3","3600000","5","33","5","1","1500000"
"경기도교육청","경기도군포의왕교육지원청","경기도 의왕시","S090001380","갈뫼초등학교","02","공립","N","","19","460","19","8","12805000","6","152","6","0","3000000"
"경기도교육청","경기도군포의왕교육지원청","경기도 의왕시","S090001381","고천초등학교","02","공립","N","","15","316","15","3","26550000","0","0","0","0","0"
"경기도교육청","경기도군포의왕교육지원청","경기도 군포시","S090001382","곡란초등학교","02","공립","N","","16","284","15","3","0","5","99","6","2","7550000"
"경기도교육청","경기도군포의왕교육지원청","경기도 군포시","S090001383","관모초등학교","02","공립","N","","9","203","11","0","0","0","0","0","0","0"
"경기도교육청","경기도군포의왕교육지원청","경기도 군포시","S090001384","광정초등학교","02","공립","N","","21","504","23","2","0","1","15","1","1","2600000"
"경기도교육청","경기도군포의왕교육지원청","경기도 군포시","S090001385","군포양정초등학교","02","공립","N","","31","708","31","0","0","1","50","1","0","2000000"
"경기도교육청","경기도군포의왕교육지원청","경기도 군포시","S090001386","군포옥천초등학교","02","공립","N","","10","184","10","0","1800000","0","0","0","0","0"
"경기도교육청","경기도군포의왕교육지원청","경기도 군포시","S090001387","군포초등학교","02","공립","N","","22","567","22","2","2600000","5","82","5","3","1800000"
"경기도교육청","경기도군포의왕교육지원청","경기도 군포시","S090001388","군포화산초등학교","02","공립","N","","11","177","11","0","1000000","0","0","0","0","0"
"경기도교육청","경기도군포의왕교육지원청","경기도 군포시","S090001389","궁내초등학교","02","공립","N","","22","565","22","0","2400000","0","0","0","0","0"
"경기도교육청","경기도군포의왕교육지원청","경기도 군포시","S090001390","금정초등학교","02","공립","N","","24","577","24","0","4600000","0","0","0","0","0"
"경기도교육청","경기도군포의왕교육지원청","경기도 의왕시","S090001391","내손초등학교","02","공립","N","","9","156","9","0","4500000","1","6","1","0","0"
"경기도교육청","경기도군포의왕교육지원청","경기도 군포시","S090001392","능내초등학교","02","공립","N","","21","506","21","0","12320000","1","28","1","1","5000000"
"경기도교육청","경기도군포의왕교육지원청","경기도 의왕시","S090001393","덕장초등학교","02","공립","N","","17","421","17","5","2800000","2","14","1","1","1750000"
"경기도교육청","경기도군포의왕교육지원청","경기도 군포시","S090001394","도장초등학교","02","공립","N","","6","102","6","0","5412000","1","3","1","0","0"
"경기도교육청","경기도군포의왕교육지원청","경기도 군포시","S090001395","둔대초등학교","02","공립","N","","12","167","12","0","0","4","25","4","0","4100000"
"경기도교육청","경기도군포의왕교육지원청","경기도 군포시","S090001396","둔전초등학교","02","공립","N","","84","691","84","0","500000","2","32","3","0","3000000"
"경기도교육청","경기도군포의왕교육지원청","경기도 의왕시","S090001397","백운초등학교","02","공립","N","","27","686","27","0","9000000","1","9","1","0","600000"
"경기도교육청","경기도군포의왕교육지원청","경기도 군포시","S090001399","산본초등학교","02","공립","N","","9","997","39","3","2600000","2","30","2","1","1100000"
"경기도교육청","경기도군포의왕교육지원청","경기도 군포시","S090001400","수리초등학교","02","공립","N","","11","188","11","0","1000000","0","0","0","0","0"
"경기도교육청","경기도군포의왕교육지원청","경기도 군포시","S090001401","신흥초등학교","02","공립","N","","16","367","16","0","3200000","6","367","16","0","0"
"경기도교육청","경기도군포의왕교육지원청","경기도 군포시","S090001403","오금초등학교","02","공립","N","","47","306","47","0","2530000","3","22","3","0","900000"
"경기도교육청","경기도군포의왕교육지원청","경기도 의왕시","S090001404","오전초등학교","02","공립","N","","13","223","14","0","3200000","3","20","3","0","1020000"
"경기도교육청","경기도군포의왕교육지원청","경기도 의왕시","S090001405","왕곡초등학교","02","공립","N","","10","240","10","0","0","6","116","6","0","2400000"
"경기도교육청","경기도군포의왕교육지원청","경기도 군포시","S090001406","용호초등학교","02","공립","N","","12","289","12","0","3600000","1","26","1","1","4200000"
"경기도교육청","경기도군포의왕교육지원청","경기도 의왕시","S090001407","의왕덕성초등학교","02","공립","N","","36","913","36","4","2625000","3","36","3","0","2880000"
"경기도교육청","경기도군포의왕교육지원청","경기도 의왕시","S090001408","의왕부곡초등학교","02","공립","N","","18","422","18","0","4200000","0","0","0","0","0"
"경기도교육청","경기도군포의왕교육지원청","경기도 의왕시","S090001409","의왕초등학교","02","공립","N","","38","955","38","0","0","15","351","15","0","1200000"
"경기도교육청","경기도군포의왕교육지원청","경기도 군포시","S090001410","태을초등학교","02","공립","N","","18","404","18","0","0","1","15","1","1","5000000"
"경기도교육청","경기도군포의왕교육지원청","경기도 군포시","S090001413","흥진초등학교","02","공립","N","","23","561","23","0","0","2","55","0","2","5400000"
"경기도교육청","경기도김포교육지원청","경기도 김포시","S090001498","감정초등학교","02","공립","N","","34","844","34","0","0","1","10","1","0","0"
"경기도교육청","경기도김포교육지원청","경기도 김포시","S090001499","개곡초등학교","02","공립","N","","8","92","8","0","1000000","0","0","0","0","0"
"경기도교육청","경기도김포교육지원청","경기도 김포시","S090001501","고창초등학교","02","공립","N","","27","713","27","0","0","2","51","2","7","14480000"
"경기도교육청","경기도김포교육지원청","경기도 김포시","S090001502","고촌초등학교","02","공립","N","","21","551","21","0","0","1","29","1","0","0"
"경기도교육청","경기도김포교육지원청","경기도 김포시","S090001503","금란초등학교","02","공립","N","","13","123","13","0","700000","0","0","0","0","0"
"경기도교육청","경기도김포교육지원청","경기도 김포시","S090001504","금성초등학교","02","공립","N","","6","57","6","1","0","4","42","4","0","2000000"
"경기도교육청","경기도김포교육지원청","경기도 김포시","S090001505","금파초등학교","02","공립","N","","22","529","22","0","1100000","0","0","0","0","0"
"경기도교육청","경기도김포교육지원청","경기도 김포시","S090001506","양도초등학교","02","공립","N","","27","654","27","2","0","0","0","0","0","0"
"경기도교육청","경기도김포교육지원청","경기도 김포시","S090001507","김포대명초등학교","02","공립","N","","6","50","6","2","7840000","1","6","1","0","300000"
"경기도교육청","경기도김포교육지원청","경기도 김포시","S090001508","김포서초등학교","02","공립","N","","21","539","21","0","0","0","0","0","0","0"
"경기도교육청","경기도김포교육지원청","경기도 김포시","S090001509","김포초등학교","02","공립","N","","9","170","9","0","1000000","0","0","0","0","0"
"경기도교육청","경기도김포교육지원청","경기도 김포시","S090001512","대곶초등학교","02","공립","N","","8","148","8","0","9596400","0","0","0","0","0"
"경기도교육청","경기도김포교육지원청","경기도 김포시","S090001514","마송초등학교","02","공립","N","","13","255","13","3","14000000","0","0","0","0","0"
"경기도교육청","경기도김포교육지원청","경기도 김포시","S090001516","사우초등학교","02","공립","N","","6","687","27","0","0","1","16","1","0","1600000"
"경기도교육청","경기도김포교육지원청","경기도 김포시","S090001517","서암초등학교","02","공립","N","","7","177","7","0","0","8","86","8","0","2270000"
"경기도교육청","경기도김포교육지원청","경기도 김포시","S090001518","석정초등학교","02","공립","N","","6","61","6","1","0","0","0","0","0","0"
"경기도교육청","경기도김포교육지원청","경기도 김포시","S090001519","수남초등학교","02","공립","N","","6","76","6","0","2000000","0","0","0","0","0"
"경기도교육청","경기도김포교육지원청","경기도 김포시","S090001520","양곡초등학교","02","공립","N","","18","400","18","4","12870000","1","11","2","0","7000000"
"경기도교육청","경기도김포교육지원청","경기도 김포시","S090001521","옹정초등학교","02","공립","N","","6","76","6","3","9660000","1","8","1","0","2620000"
"경기도교육청","경기도김포교육지원청","경기도 김포시","S090001522","운양초등학교","02","공립","N","","50","1316","50","0","0","12","148","12","0","2000000"
"경기도교육청","경기도김포교육지원청","경기도 김포시","S090001523","월곶초등학교","02","공립","N","","6","71","6","0","900000","0","0","0","0","0"
"경기도교육청","경기도김포교육지원청","경기도 김포시","S090001525","유현초등학교","02","공립","N","","56","1490","56","0","2850000","1","8","1","1","1000000"
"경기도교육청","경기도김포교육지원청","경기도 김포시","S090001527","풍무초등학교","02","공립","N","","39","1056","39","0","3900000","0","0","0","0","0"
"경기도교육청","경기도김포교육지원청","경기도 김포시","S090001528","하성초등학교","02","공립","N","","7","140","7","0","0","0","0","0","0","0"
"경기도교육청","경기도김포교육지원청","경기도 김포시","S090001529","학운초등학교","02","공립","N","","12","269","12","8","4800000","7","61","7","0","1500000"
"경기도교육청","경기도구리남양주교육지원청","경기도 남양주시","S090001600","가곡초등학교","02","공립","N","","19","486","19","1","1000000","1","18","1","0","1000000"
"경기도교육청","경기도구리남양주교육지원청","경기도 남양주시","S090001601","가양초등학교","02","공립","N","","6","50","6","0","400000","0","0","0","0","0"
"경기도교육청","경기도구리남양주교육지원청","경기도 구리시","S090001603","갈매초등학교","02","공립","N","","6","1407","54","0","0","8","146","8","3","8687000"
"경기도교육청","경기도구리남양주교육지원청","경기도 남양주시","S090001604","광릉초등학교","02","공립","N","","11","268","11","0","2200000","0","0","0","0","0"
"경기도교육청","경기도구리남양주교육지원청","경기도 구리시","S090001605","교문초등학교","02","공립","N","","16","438","16","0","0","6","154","6","0","4800000"
"경기도교육청","경기도구리남양주교육지원청","경기도 구리시","S090001606","구리초등학교","02","공립","N","","16","364","16","0","0","0","0","0","0","0"
"경기도교육청","경기도구리남양주교육지원청","경기도 구리시","S090001607","구지초등학교","02","공립","N","","26","648","26","0","0","0","0","0","0","0"
"경기도교육청","경기도구리남양주교육지원청","경기도 남양주시","S090001608","금교초등학교","02","공립","N","","24","597","24","0","0","1","15","1","1","500000"
"경기도교육청","경기도구리남양주교육지원청","경기도 남양주시","S090001609","금남초등학교","02","공립","N","","5","74","6","0","1200000","0","0","0","0","0"
"경기도교육청","경기도구리남양주교육지원청","경기도 남양주시","S090001611","남양주금곡초등학교","02","공립","N","","11","246","11","0","500000","1","8","1","0","500000"
"경기도교육청","경기도구리남양주교육지원청","경기도 남양주시","S090001612","남양주도곡초등학교","02","공립","N","","20","488","20","4","7170000","0","0","0","0","0"
"경기도교육청","경기도구리남양주교육지원청","경기도 남양주시","S090001613","남양주동곡초등학교","02","공립","N","","12","236","12","2","3150000","10","188","10","0","1050000"
"경기도교육청","경기도구리남양주교육지원청","경기도 남양주시","S090001614","남양주미금초등학교","02","공립","N","","23","532","23","0","0","1","10","1","0","1000000"
"경기도교육청","경기도구리남양주교육지원청","경기도 남양주시","S090001615","남양주송라초등학교","02","공립","N","","36","841","38","3","5984000","0","0","0","0","0"
"경기도교육청","경기도구리남양주교육지원청","경기도 남양주시","S090001616","남양주송촌초등학교","02","공립","N","","6","68","6","0","0","0","0","0","0","0"
"경기도교육청","경기도구리남양주교육지원청","경기도 남양주시","S090001617","남양주양정초등학교","02","공립","N","","18","477","18","0","0","0","0","0","0","0"
"경기도교육청","경기도구리남양주교육지원청","경기도 남양주시","S090001618","남양주양지초등학교","02","공립","N","","7","384","16","0","0","1","14","1","1","5000000"
"경기도교육청","경기도구리남양주교육지원청","경기도 남양주시","S090001619","남양주월문초등학교","02","공립","N","","6","97","6","0","0","6","97","6","0","732000"
"경기도교육청","경기도구리남양주교육지원청","경기도 구리시","S090001620","내양초등학교","02","공립","N","","6","60","6","1","4000000","0","0","0","0","0"
"경기도교육청","경기도구리남양주교육지원청","경기도 남양주시","S090001621","답내초등학교","02","공립","N","","9","96","9","3","3000000","0","0","0","0","0"
"경기도교육청","경기도구리남양주교육지원청","경기도 남양주시","S090001622","덕소초등학교","02","공립","N","","9","214","9","0","0","2","16","2","0","1000000"
"경기도교육청","경기도구리남양주교육지원청","경기도 남양주시","S090001624","도농초등학교","02","공립","N","","26","603","26","0","2000000","2","13","2","0","2600000"
"경기도교육청","경기도구리남양주교육지원청","경기도 구리시","S090001625","도림초등학교","02","공립","N","","9","145","9","0","1800000","5","70","2","3","8200000"
"경기도교육청","경기도구리남양주교육지원청","경기도 남양주시","S090001626","도제원초등학교","02","공립","N","","6","597","25","0","0","3","621","26","1","7100000"
"경기도교육청","경기도구리남양주교육지원청","경기도 구리시","S090001627","동구초등학교","02","공립","N","","14","358","14","1","5000000","4","38","4","0","4900000"
"경기도교육청","경기도구리남양주교육지원청","경기도 구리시","S090001628","동인초등학교","02","공립","N","","31","982","38","2","4800000","0","0","0","0","0"
"경기도교육청","경기도구리남양주교육지원청","경기도 남양주시","S090001629","마석초등학교","02","공립","N","","27","730","27","0","0","4","40","4","0","3600000"
"경기도교육청","경기도구리남양주교육지원청","경기도 구리시","S090001632","백문초등학교","02","공립","N","","3","830","34","0","0","1","10","1","0","800000"
"경기도교육청","경기도구리남양주교육지원청","경기도 남양주시","S090001634","별내초등학교","02","공립","N","","30","761","30","0","0","3","66","3","2","5500000"
"경기도교육청","경기도구리남양주교육지원청","경기도 구리시","S090001635","부양초등학교","02","공립","N","","20","487","20","2","32532000","2","2","2","1","1600000"
"경기도교육청","경기도구리남양주교육지원청","경기도 남양주시","S090001638","수동초등학교","02","공립","N","","6","102","6","2","0","0","0","0","0","0"
"경기도교육청","경기도구리남양주교육지원청","경기도 남양주시","S090001639","수동초등학교송천분교장","02","공립","N","","6","57","6","0","1200000","1","30","3","0","500000"
"경기도교육청","경기도구리남양주교육지원청","경기도 구리시","S090001640","수택초등학교","02","공립","N","","18","426","18","0","0","4","47","4","2","3000000"
"경기도교육청","경기도구리남양주교육지원청","경기도 남양주시","S090001641","심석초등학교","02","사립","N","","30","870","30","0","8790000","8","93","8","0","8000000"
"경기도교육청","경기도구리남양주교육지원청","경기도 남양주시","S090001644","오남초등학교","02","공립","N","","8","191","8","0","0","0","0","0","0","0"
"경기도교육청","경기도구리남양주교육지원청","경기도 남양주시","S090001645","와부초등학교","02","공립","N","","55","809","55","2","4800000","9","100","9","0","2292000"
"경기도교육청","경기도구리남양주교육지원청","경기도 남양주시","S090001646","용신초등학교","02","공립","N","","8","144","8","0","0","10","187","10","0","2000000"
"경기도교육청","경기도구리남양주교육지원청","경기도 구리시","S090001648","인창초등학교","02","공립","N","","46","613","46","2","2200000","6","60","6","2","4800000"
"경기도교육청","경기도구리남양주교육지원청","경기도 남양주시","S090001649","장승초등학교","02","공립","N","","26","658","26","0","0","0","0","0","0","0"
"경기도교육청","경기도구리남양주교육지원청","경기도 구리시","S090001650","장자초등학교","02","공립","N","","24","596","24","0","0","4","84","4","0","2000000"
"경기도교육청","경기도구리남양주교육지원청","경기도 남양주시","S090001651","장현초등학교","02","공립","N","","25","628","25","3","13960000","1","16","1","0","1000000"
"경기도교육청","경기도구리남양주교육지원청","경기도 남양주시","S090001652","조안초등학교","02","공립","N","","5","55","5","1","3550000","0","0","0","0","0"
"경기도교육청","경기도구리남양주교육지원청","경기도 남양주시","S090001653","진건초등학교","02","공립","N","","14","348","15","2","3930000","0","0","0","0","0"
"경기도교육청","경기도구리남양주교육지원청","경기도 남양주시","S090001654","창현초등학교","02","공립","N","","5","130","5","0","0","2","18","2","0","0"
"경기도교육청","경기도구리남양주교육지원청","경기도 남양주시","S090001655","천마초등학교","02","공립","N","","31","771","32","0","1760000","2","38","2","0","400000"
"경기도교육청","경기도구리남양주교육지원청","경기도 구리시","S090001657","토평초등학교","02","공립","N","","15","311","15","0","0","0","0","0","0","0"
"경기도교육청","경기도구리남양주교육지원청","경기도 남양주시","S090001658","퇴계원초등학교","02","공립","N","","20","432","21","4","11970000","2","20","2","0","620000"
"경기도교육청","경기도구리남양주교육지원청","경기도 남양주시","S090001660","평내초등학교","02","공립","N","","17","402","17","0","5200000","0","0","0","0","0"
"경기도교육청","경기도구리남양주교육지원청","경기도 남양주시","S090001661","풍양초등학교","02","공립","N","","12","216","12","3","7200000","0","0","0","0","0"
"경기도교육청","경기도구리남양주교육지원청","경기도 남양주시","S090001662","호평초등학교","02","공립","N","","5","398","21","0","6998000","85","447","85","0","600000"
"경기도교육청","경기도구리남양주교육지원청","경기도 남양주시","S090001663","화접초등학교","02","공립","N","","30","778","30","0","0","1","12","1","0","0"
"경기도교육청","경기도동두천양주교육지원청","경기도 양주시","S090001782","가납초등학교","02","공립","N","","17","377","17","0","1700000","3","31","3","0","2700000"
"경기도교육청","경기도동두천양주교육지원청","경기도 양주시","S090001784","고암초등학교","02","공립","N","","12","280","12","3","4000000","4","85","4","0","3000000"
"경기도교육청","경기도동두천양주교육지원청","경기도 양주시","S090001785","남면초등학교","02","공립","N","","9","156","9","0","0","1","26","1","0","1000000"
"경기도교육청","경기도동두천양주교육지원청","경기도 양주시","S090001786","남면초등학교양덕분교장","02","공립","Y","분교장으로 제외","","","","","","","","","",""
"경기도교육청","경기도동두천양주교육지원청","경기도 양주시","S090001787","덕도초등학교","02","공립","N","","6","50","6","1","1000000","4","33","4","0","3600000"
"경기도교육청","경기도동두천양주교육지원청","경기도 양주시","S090001789","덕정초등학교","02","공립","N","","12","275","12","0","0","3","32","4","0","2100000"
"경기도교육청","경기도동두천양주교육지원청","경기도 동두천시","S090001791","동두천초등학교","02","공립","N","","12","243","12","0","0","0","0","0","0","0"
"경기도교육청","경기도동두천양주교육지원청","경기도 동두천시","S090001793","동보초등학교","02","공립","N","","14","238","14","4","11235000","4","40","4","4","2200000"
"경기도교육청","경기도동두천양주교육지원청","경기도 동두천시","S090001795","보산초등학교","02","공립","N","","15","217","15","0","1500000","0","0","0","0","0"
"경기도교육청","경기도동두천양주교육지원청","경기도 양주시","S090001796","봉암초등학교","02","공립","N","","6","44","6","0","1800000","0","0","0","0","0"
"경기도교육청","경기도동두천양주교육지원청","경기도 동두천시","S090001797","사동초등학교","02","공립","N","","20","444","19","1","11900000","2","30","2","0","1800000"
"경기도교육청","경기도동두천양주교육지원청","경기도 양주시","S090001798","산북초등학교","02","공립","N","","6","51","6","0","1000000","0","0","0","0","0"
"경기도교육청","경기도동두천양주교육지원청","경기도 양주시","S090001799","삼상초등학교","02","공립","N","","6","86","6","1","4320000","1","10","3","0","600000"
"경기도교육청","경기도동두천양주교육지원청","경기도 양주시","S090001800","상수초등학교","02","공립","N","","1","89","6","1","100000","4","41","4","0","4000000"
"경기도교육청","경기도동두천양주교육지원청","경기도 양주시","S090001801","상패초등학교","02","공립","N","","6","40","6","0","1400000","3","31","3","0","1500000"
"경기도교육청","경기도동두천양주교육지원청","경기도 동두천시","S090001802","생연초등학교","02","공립","N","","13","272","13","1","0","2","57","2","0","2300000"
"경기도교육청","경기도동두천양주교육지원청","경기도 동두천시","S090001803","소요초등학교","02","공립","N","","8","109","8","2","1200000","1","9","1","0","400000"
"경기도교육청","경기도동두천양주교육지원청","경기도 양주시","S090001804","송추초등학교","02","공립","N","","7","147","7","3","0","0","0","0","0","0"
"경기도교육청","경기도동두천양주교육지원청","경기도 양주시","S090001806","양주덕산초등학교","02","공립","N","","17","382","17","0","0","0","0","0","0","0"
"경기도교육청","경기도동두천양주교육지원청","경기도 양주시","S090001807","양주덕현초등학교","02","공립","N","","34","868","34","0","0","10","112","10","0","3700000"
"경기도교육청","경기도동두천양주교육지원청","경기도 양주시","S090001808","양주백석초등학교","02","공립","N","","16","173","16","0","0","2","16","2","1","3100000"
"경기도교육청","경기도동두천양주교육지원청","경기도 양주시","S090001809","연곡초등학교","02","공립","N","","8","59","8","0","4000000","2","17","2","0","1140000"
"경기도교육청","경기도동두천양주교육지원청","경기도 양주시","S090001810","유양초등학교","02","공립","N","","4","70","6","1","5250000","1","24","4","2","4725000"
"경기도교육청","경기도동두천양주교육지원청","경기도 양주시","S090001812","은봉초등학교","02","공립","N","","16","390","16","0","4000000","3","60","3","0","2000000"
"경기도교육청","경기도동두천양주교육지원청","경기도 양주시","S090001813","은현초등학교","02","공립","N","","6","49","6","1","1500000","1","11","5","0","2000000"
"경기도교육청","경기도동두천양주교육지원청","경기도 동두천시","S090001814","지행초등학교","02","공립","N","","38","981","38","0","0","11","167","11","0","1100000"
"경기도교육청","경기도동두천양주교육지원청","경기도 양주시","S090001815","천보초등학교","02","공립","N","","28","538","28","0","2000000","0","0","0","0","0"
"경기도교육청","경기도동두천양주교육지원청","경기도 양주시","S090001816","칠봉초등학교","02","공립","N","","20","494","20","0","0","15","362","15","0","1521000"
"경기도교육청","경기도동두천양주교육지원청","경기도 동두천시","S090001817","탑동초등학교","02","공립","N","","7","95","7","1","8000000","0","0","0","0","0"
"경기도교육청","경기도동두천양주교육지원청","경기도 양주시","S090001819","회정초등학교","02","공립","N","","16","293","16","2","3200000","0","0","0","0","0"
"경기도교육청","경기도동두천양주교육지원청","경기도 양주시","S090001820","회천초등학교","02","공립","N","","23","503","21","2","20000000","0","0","0","0","0"
"경기도교육청","경기도동두천양주교육지원청","경기도 양주시","S090001821","효촌초등학교","02","공립","N","","7","54","7","0","1324000","0","0","0","0","0"
"경기도교육청","경기도부천교육지원청","경기도 부천시 원미구","S090001914","계남초등학교","02","공립","N","","11","1166","44","11","22860000","0","0","0","0","0"
"경기도교육청","경기도부천교육지원청","경기도 부천시 오정구","S090001915","고강초등학교","02","공립","N","","6","516","20","5","16460000","0","0","0","0","0"
"경기도교육청","경기도부천교육지원청","경기도 부천시 오정구","S090001916","고리울초등학교","02","공립","N","","14","348","14","0","0","0","0","0","0","0"
"경기도교육청","경기도부천교육지원청","경기도 부천시 오정구","S090001918","까치울초등학교","02","공립","N","","16","175","16","16","6700000","0","0","0","0","0"
"경기도교육청","경기도부천교육지원청","경기도 부천시 원미구","S090001944","도당초등학교","02","공립","N","","37","939","37","0","0","0","0","0","0","0"
"경기도교육청","경기도부천교육지원청","경기도 부천시 소사구","S090001945","도원초등학교","02","공립","N","","18","391","18","0","0","0","0","0","0","0"
"경기도교육청","경기도부천교육지원청","경기도 부천시 원미구","S090001946","동곡초등학교","02","공립","N","","24","581","24","0","0","12","92","12","0","1000000"
"경기도교육청","경기도부천교육지원청","경기도 부천시 소사구","S090001953","범박초등학교","02","공립","N","","29","740","29","0","9000000","0","0","0","0","0"
"경기도교육청","경기도부천교육지원청","경기도 부천시 소사구","S090001954","복사초등학교","02","공립","N","","12","290","16","12","0","0","0","0","0","0"
"경기도교육청","경기도부천교육지원청","경기도 부천시 원미구","S090001956","부광초등학교","02","공립","N","","11","211","11","0","0","4","30","4","0","1000000"
"경기도교육청","경기도부천교육지원청","경기도 부천시 원미구","S090001957","부명초등학교","02","공립","N","","29","469","19","29","14730000","1","39","2","0","1500000"
"경기도교육청","경기도부천교육지원청","경기도 부천시 소사구","S090001959","부원초등학교","02","공립","N","","22","499","22","6","16000000","4","78","4","0","1000000"
"경기도교육청","경기도부천교육지원청","경기도 부천시 원미구","S090001960","부인초등학교","02","공립","Y","미운영 학교로 제외함.","","","","","","","","","",""
"경기도교육청","경기도부천교육지원청","경기도 부천시 원미구","S090001961","부일초등학교","02","공립","N","","15","283","13","4","1300000","0","0","0","0","0"
"경기도교육청","경기도부천교육지원청","경기도 부천시 소사구","S090001962","부천남초등학교","02","공립","N","","24","591","24","0","1750000","2","17","2","0","925000"
"경기도교육청","경기도부천교육지원청","경기도 부천시 오정구","S090001963","부천대명초등학교","02","공립","N","","10","531","23","0","0","6","531","23","0","1437500"
"경기도교육청","경기도부천교육지원청","경기도 부천시 오정구","S090001964","부천덕산초등학교","02","공립","N","","22","552","22","5","8520000","0","0","0","0","0"
"경기도교육청","경기도부천교육지원청","경기도 부천시 원미구","S090001966","부천동초등학교","02","공립","N","","0","0","0","0","0","14","113","14","0","1000000"
"경기도교육청","경기도부천교육지원청","경기도 부천시 원미구","S090001967","부천부곡초등학교","02","공립","N","","12","274","12","0","0","4","22","4","0","2000000"
"경기도교육청","경기도부천교육지원청","경기도 부천시 소사구","S090001968","부천부안초등학교","02","공립","N","","24","440","24","0","0","2","25","2","0","0"
"경기도교육청","경기도부천교육지원청","경기도 부천시 원미구","S090001969","부천부흥초등학교","02","공립","N","","25","613","25","0","4320000","15","91","15","0","1694000"
"경기도교육청","경기도부천교육지원청","경기도 부천시 원미구","S090001970","부천북초등학교","02","공립","N","","34","868","34","0","0","6","90","6","3","13600000"
"경기도교육청","경기도부천교육지원청","경기도 부천시 오정구","S090001971","부천삼정초등학교","02","공립","N","","13","310","13","0","1500000","1","4","1","0","500000"
"경기도교육청","경기도부천교육지원청","경기도 부천시 원미구","S090001972","부천서초등학교","02","공립","N","","28","675","28","2","6480000","5","126","5","1","7688000"
"경기도교육청","경기도부천교육지원청","경기도 부천시 오정구","S090001973","부천수주초등학교","02","공립","N","","6","408","17","0","0","6","408","17","0","0"
"경기도교육청","경기도부천교육지원청","경기도 부천시 원미구","S090001974","부천신흥초등학교","02","공립","N","","18","372","18","0","1800000","0","0","0","0","0"
"경기도교육청","경기도부천교육지원청","경기도 부천시 오정구","S090001975","부천여월초등학교","02","공립","N","","20","515","20","0","0","1","52","2","1","17732000"
"경기도교육청","경기도부천교육지원청","경기도 부천시 원미구","S090001976","부천역곡초등학교","02","공립","N","","6","588","25","4","1500000","0","0","0","0","0"
"경기도교육청","경기도부천교육지원청","경기도 부천시 오정구","S090001977","부천원일초등학교","02","공립","N","","15","316","15","2","0","0","0","0","0","0"
"경기도교육청","경기도부천교육지원청","경기도 부천시 원미구","S090001978","부천중앙초등학교","02","공립","N","","20","513","20","0","1500000","0","0","0","0","0"
"경기도교육청","경기도부천교육지원청","경기도 부천시 원미구","S090001979","부천중원초등학교","02","공립","N","","10","212","10","0","0","6","55","6","0","1500000"
"경기도교육청","경기도부천교육지원청","경기도 부천시 원미구","S090001980","부천초등학교","02","공립","N","","21","524","21","11","4400000","21","524","21","0","3000000"
"경기도교육청","경기도부천교육지원청","경기도 부천시 원미구","S090001987","상도초등학교","02","공립","N","","20","486","24","1","5000000","0","0","0","0","0"
"경기도교육청","경기도부천교육지원청","경기도 부천시 원미구","S090001988","상동초등학교","02","공립","N","","33","846","33","0","0","2","19","2","0","0"
"경기도교육청","경기도부천교육지원청","경기도 부천시 원미구","S090001989","상원초등학교","02","공립","N","","17","412","19","6","6458760","17","412","19","6","2000000"
"경기도교육청","경기도부천교육지원청","경기도 부천시 원미구","S090001990","상인초등학교","02","공립","N","","38","981","39","1","3360000","6","89","6","1","3800000"
"경기도교육청","경기도부천교육지원청","경기도 부천시 원미구","S090001991","상일초등학교","02","공립","N","","59","1510","59","46","13800000","0","0","0","0","0"
"경기도교육청","경기도부천교육지원청","경기도 부천시 원미구","S090001992","상지초등학교","02","공립","N","","14","298","14","1","1400000","14","298","14","1","6700000"
"경기도교육청","경기도부천교육지원청","경기도 부천시 소사구","S090002001","성주초등학교","02","공립","N","","25","627","26","2","6200000","0","0","0","0","0"
"경기도교육청","경기도부천교육지원청","경기도 부천시 소사구","S090002002","소사초등학교","02","공립","N","","28","698","28","0","0","2","40","1","2","5000000"
"경기도교육청","경기도부천교육지원청","경기도 부천시 원미구","S090002003","송내초등학교","02","공립","N","","10","169","10","11","32900000","0","0","0","0","0"
"경기도교육청","경기도부천교육지원청","경기도 부천시 원미구","S090002007","신도초등학교","02","공립","N","","25","631","25","0","0","4","58","4","2","2730000"
"경기도교육청","경기도부천교육지원청","경기도 부천시 소사구","S090002011","소일초등학교","02","공립","N","","16","299","13","3","3520000","0","0","0","0","0"
"경기도교육청","경기도부천교육지원청","경기도 부천시 원미구","S090002015","심곡초등학교","02","공립","N","","23","533","23","0","0","0","0","0","0","0"
"경기도교육청","경기도부천교육지원청","경기도 부천시 원미구","S090002016","심원초등학교","02","공립","N","","6","713","28","0","0","0","0","0","0","0"
"경기도교육청","경기도부천교육지원청","경기도 부천시 원미구","S090002017","약대초등학교","02","공립","N","","13","260","13","0","1200000","0","0","0","0","0"
"경기도교육청","경기도부천교육지원청","경기도 부천시 오정구","S090002022","오정초등학교","02","공립","N","","6","518","22","3","0","2","20","2","0","0"
"경기도교육청","경기도부천교육지원청","경기도 부천시 원미구","S090002026","원미초등학교","02","공립","N","","8","839","37","5","11500000","7","61","7","0","1000000"
"경기도교육청","경기도부천교육지원청","경기도 부천시 오정구","S090002027","원종초등학교","02","공립","N","","25","587","25","0","0","0","0","0","0","0"
"경기도교육청","경기도부천교육지원청","경기도 부천시 원미구","S090002038","중흥초등학교","02","공립","N","","33","850","33","0","7150000","10","99","11","0","6050000"
"경기도교육청","경기도부천교육지원청","경기도 부천시 소사구","S090002039","창영초등학교","02","공립","N","","26","613","26","6","0","0","0","0","0","0"
"경기도교육청","경기도성남교육지원청","경기도 성남시 중원구","S090002210","검단초등학교","02","공립","N","","19","462","19","0","3120000","0","0","0","0","0"
"경기도교육청","경기도성남교육지원청","경기도 성남시 분당구","S090002211","구미초등학교","02","공립","N","","23","584","23","0","0","3","35","3","0","1500000"
"경기도교육청","경기도성남교육지원청","경기도 성남시 수정구","S090002214","금빛초등학교","02","공립","N","","13","299","13","0","1300000","3","35","3","1","2260000"
"경기도교육청","경기도성남교육지원청","경기도 성남시 중원구","S090002215","금상초등학교","02","공립","N","","22","554","22","0","0","3","56","3","0","3000000"
"경기도교육청","경기도성남교육지원청","경기도 성남시 분당구","S090002216","낙생초등학교","02","공립","N","","45","1193","45","0","13500000","7","151","7","0","2000000"
"경기도교육청","경기도성남교육지원청","경기도 성남시 분당구","S090002217","내정초등학교","02","공립","N","","10","1182","41","8","14452500","6","170","6","0","3360000"
"경기도교육청","경기도성남교육지원청","경기도 성남시 중원구","S090002218","단남초등학교","02","공립","N","","20","450","20","12","20500000","1","7","1","1","2450000"
"경기도교육청","경기도성남교육지원청","경기도 성남시 수정구","S090002219","단대초등학교","02","공립","N","","31","782","31","11","0","19","473","19","0","5000000"
"경기도교육청","경기도성남교육지원청","경기도 성남시 분당구","S090002221","당촌초등학교","02","공립","N","","22","548","22","0","0","0","0","0","0","0"
"경기도교육청","경기도성남교육지원청","경기도 성남시 중원구","S090002223","대일초등학교","02","공립","N","","13","305","13","0","0","2","20","2","0","1000000"
"경기도교육청","경기도성남교육지원청","경기도 성남시 중원구","S090002224","대하초등학교","02","공립","N","","34","601","34","0","0","11","68","11","0","2000000"
"경기도교육청","경기도성남교육지원청","경기도 성남시 분당구","S090002225","돌마초등학교","02","공립","N","","19","452","19","0","3800000","0","0","0","0","0"
"경기도교육청","경기도성남교육지원청","경기도 성남시 분당구","S090002227","백현초등학교","02","공립","N","","6","97","6","0","1800000","0","0","0","0","0"
"경기도교육청","경기도성남교육지원청","경기도 성남시 수정구","S090002228","복정초등학교","02","공립","N","","12","244","12","3","5850000","1","15","1","0","220000"
"경기도교육청","경기도성남교육지원청","경기도 성남시 분당구","S090002229","분당초등학교","02","공립","N","","35","909","35","0","3500000","1","10","1","0","500000"
"경기도교육청","경기도성남교육지원청","경기도 성남시 분당구","S090002230","불곡초등학교","02","공립","N","","6","534","22","7","0","1","27","1","0","1780000"
"경기도교육청","경기도성남교육지원청","경기도 성남시 분당구","S090002231","불정초등학교","02","공립","N","","44","664","44","0","2600000","1","7","1","0","1500000"
"경기도교육청","경기도성남교육지원청","경기도 성남시 중원구","S090002232","상대원초등학교","02","공립","N","","10","177","10","0","1000000","0","0","0","0","0"
"경기도교육청","경기도성남교육지원청","경기도 성남시 중원구","S090002234","상원초등학교","02","공립","N","","17","387","17","0","0","17","387","17","0","5950000"
"경기도교육청","경기도성남교육지원청","경기도 성남시 분당구","S090002235","상탑초등학교","02","공립","N","","42","370","42","0","3000000","37","255","37","0","5200000"
"경기도교육청","경기도성남교육지원청","경기도 성남시 분당구","S090002236","서당초등학교","02","공립","N","","31","816","31","0","0","30","195","30","0","3050000"
"경기도교육청","경기도성남교육지원청","경기도 성남시 분당구","S090002237","서현초등학교","02","공립","N","","38","977","38","0","0","10","201","9","8","12500000"
"경기도교육청","경기도성남교육지원청","경기도 성남시 중원구","S090002238","성남동초등학교","02","공립","N","","19","412","19","0","7600000","0","0","0","0","0"
"경기도교육청","경기도성남교육지원청","경기도 성남시 분당구","S090002239","성남매송초등학교","02","공립","N","","30","806","30","0","0","0","0","0","0","0"
"경기도교육청","경기도성남교육지원청","경기도 성남시 분당구","S090002240","성남미금초등학교","02","공립","N","","29","739","29","0","0","6","51","6","0","2000000"
"경기도교육청","경기도성남교육지원청","경기도 성남시 수정구","S090002241","성남북초등학교","02","공립","N","","6","75","6","0","1200000","0","0","0","0","0"
"경기도교육청","경기도성남교육지원청","경기도 성남시 수정구","S090002242","성남서초등학교","02","공립","N","","14","181","12","2","2000000","0","0","0","0","0"
"경기도교육청","경기도성남교육지원청","경기도 성남시 분당구","S090002243","성남신기초등학교","02","공립","N","","24","617","24","0","0","0","0","0","0","0"
"경기도교육청","경기도성남교육지원청","경기도 성남시 수정구","S090002244","성남신흥초등학교","02","공립","N","","23","549","23","0","0","0","0","0","0","0"
"경기도교육청","경기도성남교육지원청","경기도 성남시 중원구","S090002245","성남은행초등학교","02","공립","N","","19","449","19","0","2200000","0","0","0","0","0"
"경기도교육청","경기도성남교육지원청","경기도 성남시 분당구","S090002246","성남장안초등학교","02","공립","N","","22","534","22","0","1100000","0","0","0","0","0"
"경기도교육청","경기도성남교육지원청","경기도 성남시 중원구","S090002247","성남제일초등학교","02","공립","N","","1","40","1","0","1500000","1","40","1","0","1500000"
"경기도교육청","경기도성남교육지원청","경기도 성남시 수정구","S090002248","성남수정초등학교","02","공립","N","","23","393","23","0","0","0","0","0","0","0"
"경기도교육청","경기도성남교육지원청","경기도 성남시 중원구","S090002249","성남중앙초등학교","02","공립","N","","19","359","19","0","200000","2","10","2","0","600000"
"경기도교육청","경기도성남교육지원청","경기도 성남시 수정구","S090002250","성남초등학교","02","공립","N","","29","694","29","0","0","3","46","3","0","1500000"
"경기도교육청","경기도성남교육지원청","경기도 성남시 수정구","S090002251","성수초등학교","02","공립","N","","19","460","19","0","0","2","19","2","0","900000"
"경기도교육청","경기도성남교육지원청","경기도 성남시 분당구","S090002252","수내초등학교","02","공립","N","","40","1077","40","0","6000000","32","1077","40","1","8000000"
"경기도교육청","경기도성남교육지원청","경기도 성남시 수정구","S090002253","수진초등학교","02","공립","N","","25","603","25","0","7100000","0","0","0","0","0"
"경기도교육청","경기도성남교육지원청","경기도 성남시 분당구","S090002256","안말초등학교","02","공립","N","","26","637","26","0","0","2","15","2","0","1300000"
"경기도교육청","경기도성남교육지원청","경기도 성남시 분당구","S090002257","야탑초등학교","02","공립","N","","27","665","27","0","0","3","218","10","0","1500000"
"경기도교육청","경기도성남교육지원청","경기도 성남시 분당구","S090002258","양영초등학교","02","공립","N","","15","268","11","4","1100000","2","33","2","0","350000"
"경기도교육청","경기도성남교육지원청","경기도 성남시 분당구","S090002259","오리초등학교","02","공립","N","","7","118","7","2","0","0","0","0","0","0"
"경기도교육청","경기도성남교육지원청","경기도 성남시 수정구","S090002260","왕남초등학교","02","공립","N","","14","510","21","3","3900000","10","114","10","0","2000000"
"경기도교육청","경기도성남교육지원청","경기도 성남시 분당구","S090002262","이매초등학교","02","공립","N","","20","499","20","0","19752000","0","0","0","0","0"
"경기도교육청","경기도성남교육지원청","경기도 성남시 중원구","S090002267","중부초등학교","02","공립","N","","24","449","24","1","2500000","0","0","0","0","0"
"경기도교육청","경기도성남교육지원청","경기도 성남시 중원구","S090002269","중원초등학교","02","공립","N","","21","544","22","5","5200000","1","15","1","1","1100000"
"경기도교육청","경기도성남교육지원청","경기도 성남시 분당구","S090002270","중탑초등학교","02","공립","N","","22","513","22","0","4400000","1","13","1","1","1000000"
"경기도교육청","경기도성남교육지원청","경기도 성남시 분당구","S090002271","청솔초등학교","02","공립","N","","13","286","13","0","1300000","0","0","0","0","0"
"경기도교육청","경기도성남교육지원청","경기도 성남시 분당구","S090002272","초림초등학교","02","공립","N","","39","1135","39","0","3000000","1","10","1","0","0"
"경기도교육청","경기도성남교육지원청","경기도 성남시 분당구","S090002273","탄천초등학교","02","공립","N","","20","447","20","0","1500000","0","0","0","0","0"
"경기도교육청","경기도성남교육지원청","경기도 성남시 수정구","S090002274","태평초등학교","02","공립","N","","16","212","16","0","3520000","0","0","0","0","0"
"경기도교육청","경기도성남교육지원청","경기도 성남시 중원구","S090002275","하원초등학교","02","공립","N","","21","506","21","21","10400000","0","0","0","0","0"
"경기도교육청","경기도성남교육지원청","경기도 성남시 분당구","S090002276","하탑초등학교","02","공립","N","","43","662","43","0","7800000","0","0","0","0","0"
"경기도교육청","경기도성남교육지원청","경기도 성남시 분당구","S090002277","한솔초등학교","02","공립","N","","6","106","7","0","0","7","114","8","0","650000"
"경기도교육청","경기도성남교육지원청","경기도 성남시 수정구","S090002278","희망대초등학교","02","공립","N","","12","295","12","0","1440000","5","47","5","0","3200000"
"경기도교육청","경기도수원교육지원청","경기도 수원시 권선구","S090002444","고색초등학교","02","공립","N","","19","484","19","0","1900000","2","10","2","0","690000"
"경기도교육청","경기도수원교육지원청","경기도 수원시 권선구","S090002445","고현초등학교","02","공립","N","","7","142","7","0","700000","4","34","4","0","1000000"
"경기도교육청","경기도수원교육지원청","경기도 수원시 권선구","S090002446","곡반초등학교","02","공립","N","","34","812","32","2","7110000","1","6","1","0","200000"
"경기도교육청","경기도수원교육지원청","경기도 수원시 권선구","S090002447","곡선초등학교","02","공립","N","","28","709","29","0","0","10","85","10","1","5604000"
"경기도교육청","경기도수원교육지원청","경기도 수원시 권선구","S090002448","구운초등학교","02","공립","N","","18","421","18","0","750000","0","0","0","0","0"
"경기도교육청","경기도수원교육지원청","경기도 수원시 권선구","S090002449","권선초등학교","02","공립","N","","31","840","31","0","0","0","0","0","0","0"
"경기도교육청","경기도수원교육지원청","경기도 수원시 권선구","S090002450","남수원초등학교","02","공립","N","","21","535","21","0","2500000","0","0","0","0","0"
"경기도교육청","경기도수원교육지원청","경기도 수원시 팔달구","S090002451","남창초등학교","02","공립","N","","8","94","8","8","2950000","1","20","1","0","0"
"경기도교육청","경기도수원교육지원청","경기도 수원시 권선구","S090002452","당수초등학교","02","공립","N","","20","537","20","1","0","0","0","0","0","0"
"경기도교육청","경기도수원교육지원청","경기도 수원시 장안구","S090002453","대평초등학교","02","공립","N","","21","525","21","0","6400000","0","0","0","0","0"
"경기도교육청","경기도수원교육지원청","경기도 수원시 영통구","S090002454","동수원초등학교","02","공립","N","","18","566","18","0","0","0","0","0","0","0"
"경기도교육청","경기도수원교육지원청","경기도 수원시 장안구","S090002455","수원동신초등학교","02","공립","N","","23","554","23","0","0","10","86","10","0","2000000"
"경기도교육청","경기도수원교육지원청","경기도 수원시 팔달구","S090002456","매산초등학교","02","공립","N","","22","532","22","0","0","3","27","3","0","1200000"
"경기도교육청","경기도수원교육지원청","경기도 수원시 영통구","S090002457","매원초등학교","02","공립","N","","52","907","52","0","3600000","1","11","1","0","300000"
"경기도교육청","경기도수원교육지원청","경기도 수원시 영통구","S090002458","매탄초등학교","02","공립","N","","48","1278","48","0","3700000","30","731","30","5","6640000"
"경기도교육청","경기도수원교육지원청","경기도 수원시 영통구","S090002459","매현초등학교","02","공립","N","","9","205","9","0","0","0","0","0","0","0"
"경기도교육청","경기도수원교육지원청","경기도 수원시 권선구","S090002460","명당초등학교","02","공립","N","","9","306","13","5","0","0","0","0","0","0"
"경기도교육청","경기도수원교육지원청","경기도 수원시 장안구","S090002461","명인초등학교","02","공립","N","","27","690","27","0","0","3","33","4","0","1100000"
"경기도교육청","경기도수원교육지원청","경기도 수원시 영통구","S090002462","산남초등학교","02","공립","N","","20","460","20","0","0","10","79","10","0","500000"
"경기도교육청","경기도수원교육지원청","경기도 수원시 영통구","S090002463","산의초등학교","02","공립","N","","55","1506","55","0","3000000","2","62","2","7","32180000"
"경기도교육청","경기도수원교육지원청","경기도 수원시 장안구","S090002464","상률초등학교","02","공립","N","","15","374","15","0","0","1","12","1","0","0"
"경기도교육청","경기도수원교육지원청","경기도 수원시 권선구","S090002465","상촌초등학교","02","공립","N","","49","608","49","4","3400000","3","33","3","0","1325000"
"경기도교육청","경기도수원교육지원청","경기도 수원시 권선구","S090002466","서호초등학교","02","공립","N","","12","259","12","0","0","3","29","3","0","946000"
"경기도교육청","경기도수원교육지원청","경기도 수원시 권선구","S090002467","세곡초등학교","02","공립","N","","12","294","12","0","120000","1","10","1","0","100000"
"경기도교육청","경기도수원교육지원청","경기도 수원시 권선구","S090002468","세류초등학교","02","공립","N","","22","573","22","0","0","1","14","1","0","1000000"
"경기도교육청","경기도수원교육지원청","경기도 수원시 영통구","S090002469","소화초등학교","02","사립","N","","24","504","24","23","0","0","0","0","0","0"
"경기도교육청","경기도수원교육지원청","경기도 수원시 장안구","S090002470","송림초등학교","02","공립","N","","35","930","35","0","0","0","0","0","0","0"
"경기도교육청","경기도수원교육지원청","경기도 수원시 장안구","S090002471","송원초등학교","02","공립","N","","22","535","22","0","3080000","0","0","0","0","0"
"경기도교육청","경기도수원교육지원청","경기도 수원시 장안구","S090002472","송정초등학교","02","공립","N","","15","1262","48","0","5500000","0","0","0","0","0"
"경기도교육청","경기도수원교육지원청","경기도 수원시 장안구","S090002473","송죽초등학교","02","공립","N","","18","417","18","0","0","0","0","0","0","0"
"경기도교육청","경기도수원교육지원청","경기도 수원시 장안구","S090002474","수성초등학교","02","공립","N","","17","338","17","3","0","0","0","0","0","0"
"경기도교육청","경기도수원교육지원청","경기도 수원시 권선구","S090002475","수원금곡초등학교","02","공립","N","","12","250","12","0","5000000","0","0","0","0","0"
"경기도교육청","경기도수원교육지원청","경기도 수원시 권선구","S090002477","수원선일초등학교","02","공립","N","","23","547","23","0","0","0","0","0","0","0"
"경기도교육청","경기도수원교육지원청","경기도 수원시 권선구","S090002478","수원신곡초등학교","02","공립","N","","6","790","31","0","8160000","4","32","4","1","7500000"
"경기도교육청","경기도수원교육지원청","경기도 수원시 팔달구","S090002479","수원초등학교","02","공립","N","","35","840","35","0","3500000","4","35","4","0","1000000"
"경기도교육청","경기도수원교육지원청","경기도 수원시 팔달구","S090002480","숙지초등학교","02","공립","N","","11","247","11","6","3300000","6","125","6","1","1100000"
"경기도교육청","경기도수원교육지원청","경기도 수원시 영통구","S090002482","신성초등학교","02","공립","N","","23","247","23","0","0","1","23","1","0","0"
"경기도교육청","경기도수원교육지원청","경기도 수원시 영통구","S090002483","신영초등학교","02","공립","N","","43","417","43","0","9000000","1","5","1","1","150000"
"경기도교육청","경기도수원교육지원청","경기도 수원시 영통구","S090002484","신풍초등학교","02","공립","N","","11","1076","41","0","0","7","178","7","19","14700000"
"경기도교육청","경기도수원교육지원청","경기도 수원시 권선구","S090002485","안룡초등학교","02","공립","N","","55","1245","55","0","7900000","1","19","1","0","0"
"경기도교육청","경기도수원교육지원청","경기도 수원시 팔달구","S090002486","연무초등학교","02","공립","N","","12","165","12","0","1300000","2","28","3","1","1500000"
"경기도교육청","경기도수원교육지원청","경기도 수원시 영통구","S090002487","영덕초등학교","02","공립","N","","31","812","31","0","0","3","84","3","3","8080000"
"경기도교육청","경기도수원교육지원청","경기도 수원시 영통구","S090002488","영동초등학교","02","공립","N","","40","1017","40","0","2000000","0","0","0","0","0"
"경기도교육청","경기도수원교육지원청","경기도 수원시 영통구","S090002489","영일초등학교","02","공립","N","","16","383","16","0","4000000","1","12","1","0","3000000"
"경기도교육청","경기도수원교육지원청","경기도 수원시 영통구","S090002490","영통초등학교","02","공립","N","","18","418","18","0","0","1","15","1","0","3000000"
"경기도교육청","경기도수원교육지원청","경기도 수원시 장안구","S090002491","영화초등학교","02","공립","N","","12","573","23","0","3000000","6","62","6","0","500000"
"경기도교육청","경기도수원교육지원청","경기도 수원시 권선구","S090002492","오목초등학교","02","공립","N","","13","295","13","0","0","0","0","0","0","0"
"경기도교육청","경기도수원교육지원청","경기도 수원시 팔달구","S090002493","우만초등학교","02","공립","N","","12","234","12","1","1800000","0","0","0","0","0"
"경기도교육청","경기도수원교육지원청","경기도 수원시 영통구","S090002494","원일초등학교","02","공립","N","","34","420","34","0","1000000","0","0","0","0","0"
"경기도교육청","경기도수원교육지원청","경기도 수원시 영통구","S090002495","원천초등학교","02","공립","N","","21","498","21","0","2100000","4","51","2","2","2900000"
"경기도교육청","경기도수원교육지원청","경기도 수원시 장안구","S090002496","율전초등학교","02","공립","N","","18","456","18","6","2000000","1","26","1","0","120000"
"경기도교육청","경기도수원교육지원청","경기도 수원시 팔달구","S090002497","율현초등학교","02","공립","N","","21","499","21","0","0","3","36","3","0","0"
"경기도교육청","경기도수원교육지원청","경기도 수원시 팔달구","S090002498","인계초등학교","02","공립","N","","26","399","26","0","6700000","0","0","0","0","0"
"경기도교육청","경기도수원교육지원청","경기도 수원시 권선구","S090002499","일월초등학교","02","공립","N","","21","482","21","0","0","4","50","4","1","0"
"경기도교육청","경기도수원교육지원청","경기도 수원시 영통구","S090002500","잠원초등학교","02","공립","N","","41","1087","41","0","0","2","32","2","2","7750000"
"경기도교육청","경기도수원교육지원청","경기도 수원시 장안구","S090002501","정자초등학교","02","공립","N","","24","568","24","0","7287000","1","11","1","0","300000"
"경기도교육청","경기도수원교육지원청","경기도 수원시 장안구","S090002502","정천초등학교","02","공립","N","","33","869","33","0","6600000","0","0","0","0","0"
"경기도교육청","경기도수원교육지원청","경기도 수원시 장안구","S090002503","조원초등학교","02","공립","N","","6","356","15","3","12000000","0","0","0","0","0"
"경기도교육청","경기도수원교육지원청","경기도 수원시 영통구","S090002504","중앙기독초등학교","02","사립","N","","0","0","0","0","0","17","236","23","5","2150000"
"경기도교육청","경기도수원교육지원청","경기도 수원시 팔달구","S090002506","지동초등학교","02","공립","N","","15","288","15","0","0","0","0","0","0","0"
"경기도교육청","경기도수원교육지원청","경기도 수원시 장안구","S090002507","창용초등학교","02","공립","N","","16","268","16","0","0","3","61","3","0","450000"
"경기도교육청","경기도수원교육지원청","경기도 수원시 장안구","S090002508","천일초등학교","02","공립","N","","55","432","62","0","1296000","0","0","0","0","0"
"경기도교육청","경기도수원교육지원청","경기도 수원시 장안구","S090002509","천천초등학교","02","공립","N","","31","779","31","0","2900000","0","0","0","0","0"
"경기도교육청","경기도수원교육지원청","경기도 수원시 영통구","S090002510","청명초등학교","02","공립","N","","11","452","14","0","0","0","0","0","0","0"
"경기도교육청","경기도수원교육지원청","경기도 수원시 권선구","S090002511","칠보초등학교","02","공립","N","","30","756","30","0","3000000","2","18","2","0","500000"
"경기도교육청","경기도수원교육지원청","경기도 수원시 권선구","S090002512","탑동초등학교","02","공립","N","","25","585","25","0","5000000","0","0","0","0","0"
"경기도교육청","경기도수원교육지원청","경기도 수원시 영통구","S090002513","태장초등학교","02","공립","N","","28","722","28","0","2800000","2","17","2","0","1000000"
"경기도교육청","경기도수원교육지원청","경기도 수원시 장안구","S090002514","파장초등학교","02","공립","N","","18","348","18","0","500000","0","0","0","0","0"
"경기도교육청","경기도수원교육지원청","경기도 수원시 장안구","S090002515","한일초등학교","02","공립","N","","24","520","24","0","0","1","12","1","1","5600000"
"경기도교육청","경기도수원교육지원청","경기도 수원시 권선구","S090002516","호매실초등학교","02","공립","N","","9","429","19","0","0","0","0","0","0","0"
"경기도교육청","경기도수원교육지원청","경기도 수원시 팔달구","S090002517","화서초등학교","02","공립","N","","7","354","16","2","0","1","10","1","0","0"
"경기도교육청","경기도수원교육지원청","경기도 수원시 팔달구","S090002518","화양초등학교","02","공립","N","","23","560","23","0","2400000","0","0","0","0","0"
"경기도교육청","경기도수원교육지원청","경기도 수원시 팔달구","S090002519","화홍초등학교","02","공립","N","","30","779","30","0","0","13","81","13","0","3600000"
"경기도교육청","경기도수원교육지원청","경기도 수원시 영통구","S090002520","황곡초등학교","02","공립","N","","28","689","28","2","0","0","0","0","0","0"
"경기도교육청","경기도수원교육지원청","경기도 수원시 영통구","S090002521","효동초등학교","02","공립","N","","19","219","19","0","0","1","14","1","3","300000"
"경기도교육청","경기도수원교육지원청","경기도 수원시 팔달구","S090002522","효성초등학교","02","공립","N","","15","342","15","0","0","0","0","0","0","0"
"경기도교육청","경기도수원교육지원청","경기도 수원시 영통구","S090002523","효원초등학교","02","공립","N","","13","256","13","0","0","2","21","2","0","8100000"
"경기도교육청","경기도수원교육지원청","경기도 수원시 권선구","S090002524","효정초등학교","02","공립","N","","12","236","12","1","0","0","0","0","0","0"
"경기도교육청","경기도수원교육지원청","경기도 수원시 장안구","S090002525","효천초등학교","02","공립","N","","32","325","32","0","2500000","0","0","0","0","0"
"경기도교육청","경기도안산교육지원청","경기도 안산시 상록구","S090002715","각골초등학교","02","공립","N","","16","402","16","0","0","2","24","2","1","7100000"
"경기도교육청","경기도시흥교육지원청","경기도 시흥시","S090002716","검바위초등학교","02","공립","N","","22","547","22","9","9800000","0","0","0","0","0"
"경기도교육청","경기도안산교육지원청","경기도 안산시 상록구","S090002717","경수초등학교","02","공립","N","","6","100","6","12","13985000","0","0","0","0","0"
"경기도교육청","경기도안산교육지원청","경기도 안산시 상록구","S090002718","경일초등학교","02","공립","N","","17","397","17","0","0","1","15","1","0","0"
"경기도교육청","경기도시흥교육지원청","경기도 시흥시","S090002719","계수초등학교","02","공립","N","","8","84","7","8","17500000","0","0","0","0","0"
"경기도교육청","경기도안산교육지원청","경기도 안산시 단원구","S090002720","고잔초등학교","02","공립","N","","20","495","20","0","3000000","0","0","0","0","0"
"경기도교육청","경기도안산교육지원청","경기도 안산시 단원구","S090002721","관산초등학교","02","공립","N","","44","1144","44","0","0","3","44","3","1","12500000"
"경기도교육청","경기도시흥교육지원청","경기도 시흥시","S090002722","군서초등학교","02","공립","N","","30","658","30","24","16000000","2","14","3","0","280000"
"경기도교육청","경기도시흥교육지원청","경기도 시흥시","S090002723","군자초등학교","02","공립","N","","11","700","28","9","18000000","0","0","0","0","0"
"경기도교육청","경기도시흥교육지원청","경기도 시흥시","S090002724","금모래초등학교","02","공립","N","","46","1232","47","44","21800000","0","0","0","0","0"
"경기도교육청","경기도시흥교육지원청","경기도 시흥시","S090002725","냉정초등학교","02","공립","N","","22","549","22","22","40200000","5","34","5","0","1500000"
"경기도교육청","경기도안산교육지원청","경기도 안산시 단원구","S090002726","능길초등학교","02","공립","N","","6","56","6","1","1200000","1","7","1","0","0"
"경기도교육청","경기도안산교육지원청","경기도 안산시 단원구","S090002727","대남초등학교","02","공립","N","","1","19","2","2","3800000","6","43","6","0","2000000"
"경기도교육청","경기도안산교육지원청","경기도 안산시 단원구","S090002729","대동초등학교","02","공립","N","","19","48","6","16","32740000","6","48","6","0","1900000"
"경기도교육청","경기도안산교육지원청","경기도 안산시 단원구","S090002730","대부초등학교","02","공립","N","","6","74","6","0","2400000","2","8","2","0","1200000"
"경기도교육청","경기도시흥교육지원청","경기도 시흥시","S090002731","대야초등학교","02","공립","N","","19","462","19","19","4600000","5","47","6","0","600000"
"경기도교육청","경기도안산교육지원청","경기도 안산시 단원구","S090002732","덕성초등학교","02","공립","N","","13","296","13","0","1800000","0","0","0","0","0"
"경기도교육청","경기도시흥교육지원청","경기도 시흥시","S090002733","도일초등학교","02","공립","N","","12","273","12","0","0","0","0","0","0","0"
"경기도교육청","경기도시흥교육지원청","경기도 시흥시","S090002734","도창초등학교","02","공립","N","","3","97","6","3","7500000","0","0","0","0","0"
"경기도교육청","경기도안산교육지원청","경기도 안산시 상록구","S090002735","매화초등학교","02","공립","N","","19","447","19","0","0","2","20","2","2","2630000"
"경기도교육청","경기도시흥교육지원청","경기도 시흥시","S090002736","목감초등학교","02","공립","N","","18","417","18","18","1320000","1","12","1","1","4540000"
"경기도교육청","경기도안산교육지원청","경기도 안산시 상록구","S090002737","반월초등학교","02","공립","N","","9","190","9","0","0","0","0","0","0","0"
"경기도교육청","경기도안산교육지원청","경기도 안산시 단원구","S090002738","별망초등학교","02","공립","N","","16","316","16","2","1200000","0","0","0","0","0"
"경기도교육청","경기도안산교육지원청","경기도 안산시 상록구","S090002739","본오초등학교","02","공립","N","","30","608","26","4","0","0","0","0","0","0"
"경기도교육청","경기도안산교육지원청","경기도 안산시 상록구","S090002740","본원초등학교","02","공립","N","","35","811","35","0","0","0","0","0","0","0"
"경기도교육청","경기도안산교육지원청","경기도 안산시 상록구","S090002741","삼일초등학교","02","공립","N","","6","669","26","0","0","0","0","0","0","0"
"경기도교육청","경기도안산교육지원청","경기도 안산시 상록구","S090002742","상록초등학교","02","공립","N","","27","687","27","0","0","0","0","0","0","0"
"경기도교육청","경기도시흥교육지원청","경기도 시흥시","S090002743","서촌초등학교","02","공립","N","","4","362","14","3","4725000","2","40","2","0","900000"
"경기도교육청","경기도시흥교육지원청","경기도 시흥시","S090002744","서해초등학교","02","공립","N","","62","865","32","57","15915000","0","0","0","0","0"
"경기도교육청","경기도안산교육지원청","경기도 안산시 상록구","S090002745","석호초등학교","02","공립","N","","34","811","34","0","2000000","2","40","2","1","2400000"
"경기도교육청","경기도안산교육지원청","경기도 안산시 단원구","S090002746","선부초등학교","02","공립","N","","26","679","26","0","1300000","0","0","0","0","0"
"경기도교육청","경기도안산교육지원청","경기도 안산시 단원구","S090002747","선일초등학교","02","공립","N","","3","362","22","3","23880000","4","51","4","1","4668500"
"경기도교육청","경기도안산교육지원청","경기도 안산시 상록구","S090002749","성안초등학교","02","공립","N","","22","557","22","0","4300000","0","0","0","0","0"
"경기도교육청","경기도안산교육지원청","경기도 안산시 상록구","S090002750","성포초등학교","02","공립","N","","11","482","19","5","9920000","0","0","0","0","0"
"경기도교육청","경기도시흥교육지원청","경기도 시흥시","S090002751","소래초등학교","02","공립","N","","14","287","14","5","9000000","0","0","0","0","0"
"경기도교육청","경기도시흥교육지원청","경기도 시흥시","S090002752","송운초등학교","02","공립","N","","6","730","29","6","20900000","0","0","0","0","0"
"경기도교육청","경기도안산교육지원청","경기도 안산시 단원구","S090002753","송호초등학교","02","공립","N","","28","434","30","3","2000000","26","659","26","0","3500000"
"경기도교육청","경기도안산교육지원청","경기도 안산시 단원구","S090002755","슬기초등학교","02","공립","N","","23","551","23","7","2300000","0","0","0","0","0"
"경기도교육청","경기도안산교육지원청","경기도 안산시 상록구","S090002756","시곡초등학교","02","공립","N","","24","604","24","48","15730000","1","40","1","0","1000000"
"경기도교육청","경기도안산교육지원청","경기도 안산시 상록구","S090002757","시랑초등학교","02","공립","N","","17","400","17","0","0","0","0","0","0","0"
"경기도교육청","경기도시흥교육지원청","경기도 시흥시","S090002758","시화초등학교","02","공립","N","","19","325","19","19","13700000","0","0","0","0","0"
"경기도교육청","경기도시흥교육지원청","경기도 시흥시","S090002759","시흥매화초등학교","02","공립","N","","7","373","15","0","0","2","20","3","1","800000"
"경기도교육청","경기도시흥교육지원청","경기도 시흥시","S090002760","시흥신일초등학교","02","공립","N","","22","517","22","0","0","2","16","2","0","1000000"
"경기도교육청","경기도시흥교육지원청","경기도 시흥시","S090002761","시흥은행초등학교","02","공립","N","","18","1303","49","10","16652000","3","32","3","0","400000"
"경기도교육청","경기도시흥교육지원청","경기도 시흥시","S090002762","시흥초등학교","02","공립","N","","7","624","25","6","13750000","0","0","0","0","0"
"경기도교육청","경기도시흥교육지원청","경기도 시흥시","S090002764","신천초등학교","02","공립","N","","14","243","14","0","0","5","35","4","1","12000000"
"경기도교육청","경기도안산교육지원청","경기도 안산시 상록구","S090002765","안산광덕초등학교","02","공립","N","","18","277","18","4","6720000","17","368","15","2","4800000"
"경기도교육청","경기도안산교육지원청","경기도 안산시 상록구","S090002766","안산부곡초등학교","02","공립","N","","8","720","28","0","3100000","0","0","0","0","0"
"경기도교육청","경기도안산교육지원청","경기도 안산시 단원구","S090002767","안산서초등학교","02","공립","N","","33","841","29","19","4500000","2","14","2","0","760000"
"경기도교육청","경기도안산교육지원청","경기도 안산시 단원구","S090002768","안산석수초등학교","02","공립","N","","35","890","35","1","700000","0","0","0","0","0"
"경기도교육청","경기도안산교육지원청","경기도 안산시 단원구","S090002769","안산양지초등학교","02","공립","N","","41","1047","41","0","0","4","49","4","1","5380000"
"경기도교육청","경기도안산교육지원청","경기도 안산시 단원구","S090002770","안산원곡초등학교","02","공립","N","","24","438","25","12","2700000","1","9","1","0","500000"
"경기도교육청","경기도안산교육지원청","경기도 안산시 단원구","S090002771","안산중앙초등학교","02","공립","N","","25","593","25","0","0","6","50","7","0","1200000"
"경기도교육청","경기도안산교육지원청","경기도 안산시 상록구","S090002772","안산초등학교","02","공립","N","","10","231","10","4","0","0","0","0","0","0"
"경기도교육청","경기도안산교육지원청","경기도 안산시 단원구","S090002773","안산화정초등학교","02","공립","N","","35","915","35","3","24000000","3","20","3","0","800000"
"경기도교육청","경기도시흥교육지원청","경기도 시흥시","S090002774","연성초등학교","02","공립","N","","5","280","13","6","11200000","0","0","0","0","0"
"경기도교육청","경기도시흥교육지원청","경기도 시흥시","S090002775","옥터초등학교","02","공립","N","","14","266","14","3","12100000","0","0","0","0","0"
"경기도교육청","경기도안산교육지원청","경기도 안산시 단원구","S090002776","와동초등학교","02","공립","N","","26","676","26","0","0","0","0","0","0","0"
"경기도교육청","경기도안산교육지원청","경기도 안산시 단원구","S090002778","원일초등학교","02","공립","N","","25","595","26","2","12425000","0","0","0","0","0"
"경기도교육청","경기도시흥교육지원청","경기도 시흥시","S090002779","은계초등학교","02","공립","N","","41","909","35","13","37625000","3","57","8","5","8800000"
"경기도교육청","경기도안산교육지원청","경기도 안산시 상록구","S090002780","이호초등학교","02","공립","N","","12","839","31","0","700000","1","40","1","0","0"
"경기도교육청","경기도시흥교육지원청","경기도 시흥시","S090002781","장곡초등학교","02","공립","N","","7","675","26","7","18900000","0","0","0","0","0"
"경기도교육청","경기도시흥교육지원청","경기도 시흥시","S090002782","정왕초등학교","02","공립","N","","42","976","42","7","25680000","44","976","44","0","0"
"경기도교육청","경기도안산교육지원청","경기도 안산시 상록구","S090002783","정재초등학교","02","공립","N","","12","278","12","0","0","0","0","0","0","0"
"경기도교육청","경기도안산교육지원청","경기도 안산시 단원구","S090002784","정지초등학교","02","공립","N","","12","310","12","0","0","0","0","0","0","0"
"경기도교육청","경기도시흥교육지원청","경기도 시흥시","S090002786","진말초등학교","02","공립","N","","37","1020","37","15","37200000","0","0","0","0","0"
"경기도교육청","경기도안산교육지원청","경기도 안산시 상록구","S090002787","초당초등학교","02","공립","N","","40","1057","40","0","0","1","15","1","0","500000"
"경기도교육청","경기도안산교육지원청","경기도 안산시 단원구","S090002788","초지초등학교","02","공립","N","","25","626","25","0","0","1","14","1","0","1000000"
"경기도교육청","경기도시흥교육지원청","경기도 시흥시","S090002789","포리초등학교","02","공립","N","","7","136","7","0","0","0","0","0","0","0"
"경기도교육청","경기도시흥교육지원청","경기도 시흥시","S090002790","하중초등학교","02","공립","N","","16","351","16","8","23800000","1","17","1","1","5414000"
"경기도교육청","경기도시흥교육지원청","경기도 시흥시","S090002791","함현초등학교","02","공립","N","","16","363","16","2","9100000","0","0","0","0","0"
"경기도교육청","경기도안산교육지원청","경기도 안산시 상록구","S090002792","호동초등학교","02","공립","N","","0","0","0","0","0","3","108","3","0","2000000"
"경기도교육청","경기도안산교육지원청","경기도 안산시 단원구","S090002793","화랑초등학교","02","공립","N","","46","1152","46","4","34740000","24","581","24","0","3418000"
"경기도교육청","경기도안성교육지원청","경기도 안성시","S090002927","개산초등학교","02","공립","N","","5","44","5","0","2500000","0","0","0","0","0"
"경기도교육청","경기도안성교육지원청","경기도 안성시","S090002928","개정초등학교","02","공립","N","","1","37","4","3","10420","6","42","6","0","2000"
"경기도교육청","경기도안성교육지원청","경기도 안성시","S090002929","고삼초등학교","02","공립","N","","5","35","6","0","0","3","19","3","0","1200000"
"경기도교육청","경기도안성교육지원청","경기도 안성시","S090002931","공도초등학교","02","공립","N","","52","1486","52","0","25800000","42","1210","38","5","25574000"
"경기도교육청","경기도안성교육지원청","경기도 안성시","S090002933","광덕초등학교","02","공립","N","","13","257","13","0","0","0","0","0","0","0"
"경기도교육청","경기도안성교육지원청","경기도 안성시","S090002934","광선초등학교","02","공립","N","","6","51","6","3","3900000","0","0","0","0","0"
"경기도교육청","경기도안성교육지원청","경기도 안성시","S090002935","금광초등학교","02","공립","N","","9","142","9","3","0","3","126","6","3","2100000"
"경기도교육청","경기도안성교육지원청","경기도 안성시","S090002936","금광초등학교조령분교장","02","공립","Y","본교에서 분교 데이터까지 통합공시","","","","","","","","","",""
"경기도교육청","경기도안성교육지원청","경기도 안성시","S090002937","내혜홀초등학교","02","공립","N","","19","438","19","0","0","14","327","14","0","5000000"
"경기도교육청","경기도안성교육지원청","경기도 안성시","S090002938","대덕초등학교","02","공립","N","","8","95","8","0","1500000","0","0","0","0","0"
"경기도교육청","경기도안성교육지원청","경기도 안성시","S090002940","동신초등학교","02","공립","N","","1","169","8","1","5000000","5","60","5","0","3400000"
"경기도교육청","경기도안성교육지원청","경기도 안성시","S090002941","마전초등학교","02","공립","N","","4","40","4","0","1000000","0","0","0","0","0"
"경기도교육청","경기도안성교육지원청","경기도 안성시","S090002942","명덕초등학교","02","공립","N","","0","0","0","0","0","3","45","3","0","1200000"
"경기도교육청","경기도안성교육지원청","경기도 안성시","S090002943","문기초등학교","02","공립","N","","24","518","24","1","1700000","8","167","8","0","3200000"
"경기도교육청","경기도안성교육지원청","경기도 안성시","S090002944","미곡초등학교","02","공립","N","","9","54","9","0","1800000","0","0","0","0","0"
"경기도교육청","경기도안성교육지원청","경기도 안성시","S090002945","미양초등학교","02","공립","N","","1","12","1","2","5000000","1","9","1","0","500000"
"경기도교육청","경기도안성교육지원청","경기도 안성시","S090002947","백성초등학교","02","공립","N","","22","961","37","0","16100000","1","20","1","1","5000000"
"경기도교육청","경기도안성교육지원청","경기도 안성시","S090002948","보개초등학교","02","공립","N","","6","75","6","0","1200000","4","45","4","0","2750000"
"경기도교육청","경기도안성교육지원청","경기도 안성시","S090002949","보체초등학교","02","공립","N","","6","68","6","3","0","1","25","1","0","500000"
"경기도교육청","경기도안성교육지원청","경기도 안성시","S090002950","비룡초등학교","02","공립","N","","2","406","16","2","1600000","32","881","32","0","3200000"
"경기도교육청","경기도안성교육지원청","경기도 안성시","S090002951","산평초등학교","02","공립","N","","5","34","5","0","1410000","1","10","1","0","400000"
"경기도교육청","경기도안성교육지원청","경기도 안성시","S090002952","삼죽초등학교","02","공립","N","","4","36","6","0","400000","4","26","4","0","1000000"
"경기도교육청","경기도안성교육지원청","경기도 안성시","S090002954","서운초등학교","02","공립","N","","4","39","5","0","2100000","4","39","5","0","2100000"
"경기도교육청","경기도안성교육지원청","경기도 안성시","S090002956","안성초등학교","02","공립","N","","26","650","26","0","10400000","1","15","1","0","400000"
"경기도교육청","경기도안성교육지원청","경기도 안성시","S090002957","양성초등학교","02","공립","N","","6","40","6","0","0","3","32","3","0","1200000"
"경기도교육청","경기도안성교육지원청","경기도 안성시","S090002959","양진초등학교","02","공립","N","","36","922","36","0","0","11","271","11","1","5800000"
"경기도교육청","경기도안성교육지원청","경기도 안성시","S090002960","용머리초등학교","02","공립","N","","20","479","20","0","0","1","10","1","0","0"
"경기도교육청","경기도안성교육지원청","경기도 안성시","S090002961","원곡초등학교","02","공립","N","","7","103","7","0","2000000","4","61","4","0","1200000"
"경기도교육청","경기도안성교육지원청","경기도 안성시","S090002963","일죽초등학교","02","공립","N","","11","131","12","4","55450000","7","60","7","0","400000"
"경기도교육청","경기도안성교육지원청","경기도 안성시","S090002967","죽산초등학교","02","공립","N","","8","176","8","0","4000000","1","5","1","0","0"
"경기도교육청","경기도안성교육지원청","경기도 안성시","S090002968","죽화초등학교","02","공립","N","","6","41","6","0","1900000","1","17","5","0","1000000"
"경기도교육청","경기도안성교육지원청","경기도 안성시","S090002969","현매초등학교","02","공립","N","","6","52","6","6","5000000","4","37","4","0","2000000"
"경기도교육청","경기도안양과천교육지원청","경기도 과천시","S090003042","과천초등학교","02","공립","N","","15","734","27","6","6400000","6","126","6","2","9000000"
"경기도교육청","경기도안양과천교육지원청","경기도 과천시","S090003043","관문초등학교","02","공립","N","","17","619","25","1","1000000","0","0","0","0","0"
"경기도교육청","경기도안양과천교육지원청","경기도 안양시 동안구","S090003044","관양초등학교","02","공립","N","","53","582","53","0","0","4","61","4","0","0"
"경기도교육청","경기도안양과천교육지원청","경기도 안양시 동안구","S090003045","귀인초등학교","02","공립","N","","55","1634","55","0","5930000","0","0","0","0","0"
"경기도교육청","경기도안양과천교육지원청","경기도 안양시 동안구","S090003046","달안초등학교","02","공립","N","","7","127","7","0","8200000","1","5","1","0","0"
"경기도교육청","경기도안양과천교육지원청","경기도 안양시 만안구","S090003047","덕천초등학교","02","공립","N","","35","940","35","0","3500000","0","0","0","0","0"
"경기도교육청","경기도안양과천교육지원청","경기도 안양시 동안구","S090003049","동안초등학교","02","공립","N","","20","490","20","4","4320000","0","0","0","0","0"
"경기도교육청","경기도안양과천교육지원청","경기도 안양시 만안구","S090003050","만안초등학교","02","공립","N","","19","476","19","5","5560000","0","0","0","0","0"
"경기도교육청","경기도안양과천교육지원청","경기도 안양시 만안구","S090003051","명학초등학교","02","공립","N","","14","337","14","2","6010000","0","0","0","0","0"
"경기도교육청","경기도안양과천교육지원청","경기도 과천시","S090003052","문원초등학교","02","공립","N","","163","1755","165","4","36200000","2","49","3","8","20385000"
"경기도교육청","경기도안양과천교육지원청","경기도 안양시 동안구","S090003053","민백초등학교","02","공립","N","","10","1121","45","0","0","2","37","2","0","1794000"
"경기도교육청","경기도안양과천교육지원청","경기도 안양시 만안구","S090003054","박달초등학교","02","공립","N","","36","904","36","0","7640000","0","0","0","0","0"
"경기도교육청","경기도안양과천교육지원청","경기도 안양시 동안구","S090003055","벌말초등학교","02","공립","N","","32","807","32","1","3200000","0","0","0","0","0"
"경기도교육청","경기도안양과천교육지원청","경기도 안양시 동안구","S090003056","범계초등학교","02","공립","N","","30","743","31","0","5000000","0","0","0","0","0"
"경기도교육청","경기도안양과천교육지원청","경기도 안양시 동안구","S090003057","부림초등학교","02","공립","N","","35","920","35","5","0","0","0","0","0","0"
"경기도교육청","경기도안양과천교육지원청","경기도 안양시 동안구","S090003060","비산초등학교","02","공립","N","","8","187","9","0","1900000","0","0","0","0","0"
"경기도교육청","경기도안양과천교육지원청","경기도 안양시 만안구","S090003061","삼봉초등학교","02","공립","N","","25","607","25","5","5840000","3","18","3","0","3490000"
"경기도교육청","경기도안양과천교육지원청","경기도 안양시 만안구","S090003062","삼성초등학교","02","공립","N","","23","861","36","0","7000000","0","0","0","0","0"
"경기도교육청","경기도안양과천교육지원청","경기도 안양시 만안구","S090003063","석수초등학교","02","공립","N","","21","537","21","0","0","0","0","0","0","0"
"경기도교육청","경기도안양과천교육지원청","경기도 안양시 만안구","S090003065","신안초등학교","02","공립","N","","20","501","20","20","6200000","0","0","0","0","0"
"경기도교육청","경기도안양과천교육지원청","경기도 안양시 동안구","S090003066","안양관악초등학교","02","공립","N","","6","263","12","0","0","0","0","0","0","0"
"경기도교육청","경기도안양과천교육지원청","경기도 안양시 동안구","S090003067","안양남초등학교","02","공립","N","","21","554","21","0","4200000","1","18","1","0","1000000"
"경기도교육청","경기도안양과천교육지원청","경기도 안양시 동안구","S090003068","안양덕현초등학교","02","공립","N","","28","552","28","22","20720000","0","0","0","0","0"
"경기도교육청","경기도안양과천교육지원청","경기도 안양시 동안구","S090003069","안양동초등학교","02","공립","N","","8","735","27","1","5400000","0","0","0","0","0"
"경기도교육청","경기도안양과천교육지원청","경기도 안양시 동안구","S090003070","안양부안초등학교","02","공립","N","","39","891","39","0","2300000","1","12","1","0","0"
"경기도교육청","경기도안양과천교육지원청","경기도 안양시 동안구","S090003071","안양부흥초등학교","02","공립","N","","24","613","24","2","2600000","1","6","1","0","1200000"
"경기도교육청","경기도안양과천교육지원청","경기도 안양시 만안구","S090003072","안양서초등학교","02","공립","N","","20","489","20","0","2000000","0","0","0","0","0"
"경기도교육청","경기도안양과천교육지원청","경기도 안양시 동안구","S090003073","안양신기초등학교","02","공립","N","","54","662","54","0","6400000","0","0","0","0","0"
"경기도교육청","경기도안양과천교육지원청","경기도 안양시 만안구","S090003074","안양양지초등학교","02","공립","N","","15","341","15","2","8500000","0","0","0","0","0"
"경기도교육청","경기도안양과천교육지원청","경기도 안양시 동안구","S090003075","안양중앙초등학교","02","공립","N","","32","739","32","0","0","0","0","0","0","0"
"경기도교육청","경기도안양과천교육지원청","경기도 안양시 만안구","S090003076","안양초등학교","02","공립","N","","38","952","38","0","7600000","1","13","2","0","0"
"경기도교육청","경기도안양과천교육지원청","경기도 안양시 만안구","S090003077","안일초등학교","02","공립","N","","9","633","25","6","8000000","0","0","0","0","0"
"경기도교육청","경기도안양과천교육지원청","경기도 안양시 만안구","S090003079","연현초등학교","02","공립","N","","33","578","35","1","12000000","1","6","1","0","0"
"경기도교육청","경기도안양과천교육지원청","경기도 안양시 동안구","S090003080","인덕원초등학교","02","공립","N","","6","466","20","6","1200000","1","10","1","0","100000"
"경기도교육청","경기도안양과천교육지원청","경기도 과천시","S090003082","청계초등학교","02","공립","N","","45","1006","45","0","2000000","31","655","31","0","0"
"경기도교육청","경기도안양과천교육지원청","경기도 안양시 동안구","S090003083","평촌초등학교","02","공립","N","","43","1170","43","1","4300000","0","0","0","0","0"
"경기도교육청","경기도안양과천교육지원청","경기도 안양시 동안구","S090003084","호계초등학교","02","공립","N","","42","452","42","1","2000000","0","0","0","0","0"
"경기도교육청","경기도안양과천교육지원청","경기도 안양시 동안구","S090003085","호성초등학교","02","공립","N","","27","693","27","0","0","8","73","8","0","3200000"
"경기도교육청","경기도안양과천교육지원청","경기도 안양시 동안구","S090003086","호원초등학교","02","공립","N","","43","1156","43","4","8320000","0","0","0","0","0"
"경기도교육청","경기도안양과천교육지원청","경기도 안양시 동안구","S090003088","희성초등학교","02","공립","N","","18","391","18","0","2000000","12","223","12","0","2800000"
"경기도교육청","경기도양평교육지원청","경기도 양평군","S090003216","강상초등학교","02","공립","N","","20","441","20","8","0","15","64","15","0","2000000"
"경기도교육청","경기도양평교육지원청","경기도 양평군","S090003217","강하초등학교","02","공립","N","","7","79","7","5","1500000","1","25","3","1","5000000"
"경기도교육청","경기도양평교육지원청","경기도 양평군","S090003218","개군초등학교","02","공립","N","","6","108","6","0","1120000","1","7","1","0","450000"
"경기도교육청","경기도양평교육지원청","경기도 양평군","S090003220","곡수초등학교","02","공립","N","","6","39","6","1","400000","2","15","2","0","2000000"
"경기도교육청","경기도양평교육지원청","경기도 양평군","S090003223","다문초등학교","02","공립","N","","23","608","23","4","7180000","0","0","0","0","0"
"경기도교육청","경기도양평교육지원청","경기도 양평군","S090003230","대아초등학교","02","공립","N","","6","114","6","5","12070000","0","0","0","0","0"
"경기도교육청","경기도양평교육지원청","경기도 양평군","S090003240","서종초등학교","02","공립","N","","13","330","13","0","1400000","0","0","0","0","0"
"경기도교육청","경기도양평교육지원청","경기도 양평군","S090003244","세월초등학교","02","공립","N","","6","40","6","1","300000","0","0","0","0","0"
"경기도교육청","경기도양평교육지원청","경기도 양평군","S090003245","수입초등학교","02","공립","N","","15","83","7","15","28000000","3","30","3","0","9000000"
"경기도교육청","경기도양평교육지원청","경기도 양평군","S090003247","양동초등학교","02","공립","N","","6","74","6","1","6000000","0","0","0","0","0"
"경기도교육청","경기도양평교육지원청","경기도 양평군","S090003248","양동초등학교고송분교장","02","공립","Y","분교 제외","","","","","","","","","",""
"경기도교육청","경기도양평교육지원청","경기도 양평군","S090003251","양서초등학교","02","공립","N","","7","68","7","0","700000","0","0","0","0","0"
"경기도교육청","경기도양평교육지원청","경기도 양평군","S090003252","양수초등학교","02","공립","N","","12","262","12","0","10800000","0","0","0","0","0"
"경기도교육청","경기도양평교육지원청","경기도 양평군","S090003253","양평단월초등학교","02","공립","N","","6","61","6","2","6300000","0","0","0","0","0"
"경기도교육청","경기도양평교육지원청","경기도 양평군","S090003255","양평동초등학교","02","공립","N","","25","620","25","6","26400000","1","27","1","1","4000000"
"경기도교육청","경기도양평교육지원청","경기도 양평군","S090003257","양평초등학교","02","공립","N","","20","1020","41","4","15420000","8","50","8","0","2000000"
"경기도교육청","경기도양평교육지원청","경기도 양평군","S090003259","옥천초등학교","02","공립","N","","17","340","17","17","65000000","1","35","1","7","0"
"경기도교육청","경기도양평교육지원청","경기도 양평군","S090003261","용문초등학교","02","공립","N","","6","65","6","1","6300000","0","0","0","0","0"
"경기도교육청","경기도양평교육지원청","경기도 양평군","S090003262","원덕초등학교","02","공립","N","","7","84","7","0","0","0","0","0","0","0"
"경기도교육청","경기도양평교육지원청","경기도 양평군","S090003267","조현초등학교","02","공립","N","","14","214","14","0","300000","0","0","0","0","0"
"경기도교육청","경기도양평교육지원청","경기도 양평군","S090003268","지평초등학교","02","공립","N","","8","105","12","8","1600000","0","0","0","0","0"
"경기도교육청","경기도양평교육지원청","경기도 양평군","S090003270","청운초등학교","02","공립","N","","3","39","3","3","2000000","1","27","2","1","5000000"
"경기도교육청","경기도여주교육지원청","경기도 여주시","S090003326","가남초등학교","02","공립","N","","19","461","19","0","2000000","2","33","2","2","3000000"
"경기도교육청","경기도여주교육지원청","경기도 여주시","S090003328","강천초등학교","02","공립","N","","6","78","6","0","0","1","6","1","0","0"
"경기도교육청","경기도여주교육지원청","경기도 여주시","S090003333","금당초등학교","02","공립","N","","5","26","5","5","4800000","1","6","1","0","2500000"
"경기도교육청","경기도여주교육지원청","경기도 여주시","S090003335","능북초등학교","02","공립","N","","3","51","6","3","15324760","2","51","2","0","2300000"
"경기도교육청","경기도여주교육지원청","경기도 여주시","S090003336","능서초등학교","02","공립","N","","6","62","6","0","1800000","0","0","0","0","0"
"경기도교육청","경기도여주교육지원청","경기도 여주시","S090003338","대신초등학교","02","공립","N","","7","67","7","0","0","0","0","0","0","0"
"경기도교육청","경기도여주교육지원청","경기도 여주시","S090003340","매류초등학교","02","공립","N","","3","47","6","1","0","0","0","0","0","0"
"경기도교육청","경기도여주교육지원청","경기도 여주시","S090003341","문장초등학교","02","공립","N","","7","43","7","0","1730000","1","43","1","0","1500000"
"경기도교육청","경기도여주교육지원청","경기도 여주시","S090003342","북내초등학교","02","공립","N","","10","103","10","0","800000","10","103","10","0","800000"
"경기도교육청","경기도여주교육지원청","경기도 여주시","S090003343","북내초등학교도전분교장","02","공립","N","","4","12","4","4","4480000","2","12","2","0","300000"
"경기도교육청","경기도여주교육지원청","경기도 여주시","S090003344","북내초등학교운암분교장","02","공립","N","","3","14","3","0","0","2","14","2","0","0"
"경기도교육청","경기도여주교육지원청","경기도 여주시","S090003346","상품초등학교","02","공립","N","","6","85","6","2","0","0","0","0","0","0"
"경기도교육청","경기도여주교육지원청","경기도 여주시","S090003348","송삼초등학교","02","공립","N","","6","43","6","0","0","1","14","1","0","1000000"
"경기도교육청","경기도여주교육지원청","경기도 여주시","S090003349","송촌초등학교","02","공립","N","","6","46","6","2","9520000","6","46","6","0","0"
"경기도교육청","경기도여주교육지원청","경기도 여주시","S090003351","여주초등학교","02","공립","N","","15","335","15","0","1500000","0","0","0","0","0"
"경기도교육청","경기도여주교육지원청","경기도 여주시","S090003352","여흥초등학교","02","공립","N","","26","683","26","4","4300000","1","20","1","0","1500000"
"경기도교육청","경기도여주교육지원청","경기도 여주시","S090003353","연라초등학교","02","공립","N","","6","110","6","0","300000","5","36","5","0","0"
"경기도교육청","경기도여주교육지원청","경기도 여주시","S090003354","오산초등학교","02","공립","N","","6","59","6","0","2400000","1","8","1","0","400000"
"경기도교육청","경기도여주교육지원청","경기도 여주시","S090003355","오학초등학교","02","공립","N","","36","932","36","0","7200000","0","0","0","0","0"
"경기도교육청","경기도여주교육지원청","경기도 여주시","S090003358","이포초등학교","02","공립","N","","6","38","6","2","5120000","2","20","2","0","0"
"경기도교육청","경기도여주교육지원청","경기도 여주시","S090003359","이포초등학교하호분교장","02","공립","Y","본교에서 분교장 데이터 포함하여 통합 공시","","","","","","","","","",""
"경기도교육청","경기도여주교육지원청","경기도 여주시","S090003360","점동초등학교","02","공립","N","","12","136","12","0","1200000","1","34","1","1","1000000"
"경기도교육청","경기도여주교육지원청","경기도 여주시","S090003363","점봉초등학교","02","공립","N","","14","342","14","5","2800000","0","0","0","0","0"
"경기도교육청","경기도여주교육지원청","경기도 여주시","S090003365","천남초등학교","02","공립","N","","6","81","6","0","0","0","0","0","0","0"
"경기도교육청","경기도여주교육지원청","경기도 여주시","S090003368","흥천초등학교","02","공립","N","","6","60","6","0","1000000","1","15","1","0","1000000"
"경기도교육청","경기도연천교육지원청","경기도 연천군","S090003414","군남초등학교","02","공립","N","","6","55","6","6","0","5","55","5","0","2600000"
"경기도교육청","경기도연천교육지원청","경기도 연천군","S090003417","궁평초등학교","02","공립","N","","12","96","12","2","1000000","0","0","0","0","0"
"경기도교육청","경기도연천교육지원청","경기도 연천군","S090003419","대광초등학교","02","공립","N","","6","41","6","1","2000000","0","0","0","0","0"
"경기도교육청","경기도연천교육지원청","경기도 연천군","S090003423","백의초등학교","02","공립","N","","6","48","6","1","2100000","0","0","0","0","0"
"경기도교육청","경기도연천교육지원청","경기도 연천군","S090003424","백학초등학교","02","공립","N","","7","40","7","0","1600000","1","9","1","0","1800000"
"경기도교육청","경기도연천교육지원청","경기도 연천군","S090003426","상리초등학교","02","공립","N","","6","56","7","1","0","0","0","0","0","0"
"경기도교육청","경기도연천교육지원청","경기도 연천군","S090003428","연천노곡초등학교","02","공립","N","","6","29","6","0","725000","1","6","1","0","1200000"
"경기도교육청","경기도연천교육지원청","경기도 연천군","S090003429","연천왕산초등학교","02","공립","N","","6","37","6","0","0","0","0","0","0","0"
"경기도교육청","경기도연천교육지원청","경기도 연천군","S090003431","연천초등학교","02","공립","N","","11","193","11","0","6600000","0","0","0","0","0"
"경기도교육청","경기도연천교육지원청","경기도 연천군","S090003437","은대초등학교","02","공립","N","","6","81","6","5","1000000","0","0","0","0","0"
"경기도교육청","경기도연천교육지원청","경기도 연천군","S090003438","전곡초등학교","02","공립","N","","30","765","30","5","12375000","0","0","0","0","0"
"경기도교육청","경기도연천교육지원청","경기도 연천군","S090003441","초성초등학교","02","공립","N","","4","37","4","0","2000000","0","0","0","0","0"
"경기도교육청","경기도연천교육지원청","경기도 연천군","S090003442","화진초등학교","02","공립","N","","7","63","7","0","900000","0","0","0","0","0"
"경기도교육청","경기도용인교육지원청","경기도 용인시 수지구","S090003495","고기초등학교","02","공립","N","","10","186","10","0","0","0","0","0","0","0"
"경기도교육청","경기도용인교육지원청","경기도 용인시 처인구","S090003496","고림초등학교","02","공립","N","","35","916","36","5","13100000","2","55","2","0","800000"
"경기도교육청","경기도용인교육지원청","경기도 용인시 기흥구","S090003497","관곡초등학교","02","공립","N","","7","128","7","1","5000000","3","30","3","2","3200000"
"경기도교육청","경기도용인교육지원청","경기도 용인시 기흥구","S090003498","구갈초등학교","02","공립","N","","18","434","18","0","0","0","0","0","0","0"
"경기도교육청","경기도용인교육지원청","경기도 용인시 기흥구","S090003499","구성초등학교","02","공립","N","","33","777","33","0","0","0","0","0","0","0"
"경기도교육청","경기도용인교육지원청","경기도 용인시 기흥구","S090003500","기흥초등학교","02","공립","N","","13","320","13","0","650000","3","45","3","0","400000"
"경기도교육청","경기도용인교육지원청","경기도 용인시 처인구","S090003501","남곡초등학교","02","공립","N","","67","1809","67","0","0","1","10","1","0","2300000"
"경기도교육청","경기도용인교육지원청","경기도 용인시 처인구","S090003502","남사초등학교","02","공립","N","","6","115","6","1","10780000","7","139","7","0","600000"
"경기도교육청","경기도용인교육지원청","경기도 용인시 처인구","S090003504","남촌초등학교","02","공립","N","","6","41","6","0","690000","0","0","0","0","0"
"경기도교육청","경기도용인교육지원청","경기도 용인시 처인구","S090003505","능원초등학교","02","공립","N","","38","978","38","0","0","4","62","4","7","15100000"
"경기도교육청","경기도용인교육지원청","경기도 용인시 수지구","S090003506","용인대일초등학교","02","공립","N","","6","415","18","18","19190000","3","49","3","1","2887600"
"경기도교육청","경기도용인교육지원청","경기도 용인시 수지구","S090003507","대지초등학교","02","공립","N","","19","449","19","1","2520000","0","0","0","0","0"
"경기도교육청","경기도용인교육지원청","경기도 용인시 수지구","S090003508","대현초등학교","02","공립","N","","4","349","16","0","0","0","0","0","0","0"
"경기도교육청","경기도용인교육지원청","경기도 용인시 수지구","S090003509","동천초등학교","02","공립","N","","26","1147","26","0","0","0","0","0","0","0"
"경기도교육청","경기도용인교육지원청","경기도 용인시 기흥구","S090003511","마북초등학교","02","공립","N","","24","607","24","0","0","0","0","0","0","0"
"경기도교육청","경기도용인교육지원청","경기도 용인시 기흥구","S090003512","마성초등학교","02","공립","N","","10","175","10","0","2000000","0","0","0","0","0"
"경기도교육청","경기도용인교육지원청","경기도 용인시 수지구","S090003513","용인심곡초등학교","02","공립","N","","24","680","24","0","0","0","0","0","0","0"
"경기도교육청","경기도용인교육지원청","경기도 용인시 처인구","S090003514","모현초등학교","02","공립","N","","2","230","11","0","3000000","1","20","1","4","14600000"
"경기도교육청","경기도용인교육지원청","경기도 용인시 처인구","S090003515","백봉초등학교","02","공립","N","","6","35","6","1","0","5","41","5","0","1000000"
"경기도교육청","경기도용인교육지원청","경기도 용인시 처인구","S090003516","백암초등학교","02","공립","N","","9","127","9","0","2640000","0","0","0","0","0"
"경기도교육청","경기도용인교육지원청","경기도 용인시 처인구","S090003517","백암초등학교수정분교장","02","공립","Y","분교장 제외 처리","","","","","","","","","",""
"경기도교육청","경기도용인교육지원청","경기도 용인시 기흥구","S090003518","보라초등학교","02","공립","N","","15","173","15","0","2260000","0","0","0","0","0"
"경기도교육청","경기도용인교육지원청","경기도 용인시 기흥구","S090003519","보정초등학교","02","공립","N","","32","779","32","0","0","0","0","0","0","0"
"경기도교육청","경기도용인교육지원청","경기도 용인시 기흥구","S090003520","산양초등학교","02","공립","N","","25","569","25","17","0","10","69","10","0","400000"
"경기도교육청","경기도용인교육지원청","경기도 용인시 기흥구","S090003521","상갈초등학교","02","공립","N","","10","263","10","0","3060000","20","165","20","0","0"
"경기도교육청","경기도용인교육지원청","경기도 용인시 기흥구","S090003522","상하초등학교","02","공립","N","","26","655","26","0","3400000","1","12","1","2","850000"
"경기도교육청","경기도용인교육지원청","경기도 용인시 수지구","S090003523","상현초등학교","02","공립","N","","38","997","38","0","0","0","0","0","0","0"
"경기도교육청","경기도용인교육지원청","경기도 용인시 처인구","S090003524","서룡초등학교","02","공립","N","","19","496","19","0","0","0","0","0","0","0"
"경기도교육청","경기도용인교육지원청","경기도 용인시 수지구","S090003525","서원초등학교","02","공립","N","","52","608","52","0","3620000","0","0","0","0","0"
"경기도교육청","경기도용인교육지원청","경기도 용인시 기흥구","S090003526","서천초등학교","02","공립","N","","15","459","16","0","0","4","53","4","0","1310000"
"경기도교육청","경기도용인교육지원청","경기도 용인시 수지구","S090003527","성복초등학교","02","공립","N","","30","805","30","0","7200000","5","34","5","0","100000000"
"경기도교육청","경기도용인교육지원청","경기도 용인시 수지구","S090003528","소현초등학교","02","공립","N","","20","485","20","20","8800000","0","0","0","0","0"
"경기도교육청","경기도용인교육지원청","경기도 용인시 수지구","S090003529","솔개초등학교","02","공립","N","","6","819","31","0","0","8","854","33","1","0"
"경기도교육청","경기도용인교육지원청","경기도 용인시 처인구","S090003530","송전초등학교","02","공립","N","","12","300","12","0","0","1","6","1","0","500000"
"경기도교육청","경기도용인교육지원청","경기도 용인시 수지구","S090003532","수지초등학교","02","공립","N","","62","1830","62","0","0","0","0","0","0","0"
"경기도교육청","경기도용인교육지원청","경기도 용인시 기흥구","S090003534","신갈초등학교","02","공립","N","","21","543","21","0","0","0","0","0","0","0"
"경기도교육청","경기도용인교육지원청","경기도 용인시 수지구","S090003535","신월초등학교","02","공립","N","","18","429","18","6","0","0","0","0","0","0"
"경기도교육청","경기도용인교육지원청","경기도 용인시 처인구","S090003536","양지초등학교","02","공립","N","","22","531","22","3","6000000","3","61","3","1","8000000"
"경기도교육청","경기도용인교육지원청","경기도 용인시 기흥구","S090003537","어정초등학교","02","공립","N","","33","898","33","6","17325000","0","0","0","0","0"
"경기도교육청","경기도용인교육지원청","경기도 용인시 기흥구","S090003539","언동초등학교","02","공립","N","","25","603","25","0","0","1","12","1","0","100000"
"경기도교육청","경기도용인교육지원청","경기도 용인시 처인구","S090003540","역북초등학교","02","공립","N","","22","533","22","0","2200000","0","0","0","0","0"
"경기도교육청","경기도용인교육지원청","경기도 용인시 처인구","S090003541","왕산초등학교","02","공립","N","","0","0","0","0","0","1","9","1","0","0"
"경기도교육청","경기도용인교육지원청","경기도 용인시 처인구","S090003542","용마초등학교","02","공립","N","","31","775","31","0","0","0","0","0","0","0"
"경기도교육청","경기도용인교육지원청","경기도 용인시 처인구","S090003543","용인둔전초등학교","02","공립","N","","38","601","38","0","0","1","13","1","0","0"
"경기도교육청","경기도용인교육지원청","경기도 용인시 처인구","S090003544","용인초등학교","02","공립","N","","20","749","24","3","0","0","0","0","0","0"
"경기도교육청","경기도용인교육지원청","경기도 용인시 처인구","S090003545","용천초등학교","02","공립","N","","15","242","15","0","2450000","0","0","0","0","0"
"경기도교육청","경기도용인교육지원청","경기도 용인시 처인구","S090003546","운학초등학교","02","공립","N","","8","152","6","2","5600000","0","0","0","0","0"
"경기도교육청","경기도용인교육지원청","경기도 용인시 처인구","S090003547","원삼초등학교","02","공립","N","","6","67","6","0","1000000","0","0","0","0","0"
"경기도교육청","경기도용인교육지원청","경기도 용인시 기흥구","S090003550","이현초등학교","02","공립","N","","27","682","27","0","0","1","10","1","0","400000"
"경기도교육청","경기도용인교육지원청","경기도 용인시 처인구","S090003551","장평초등학교","02","공립","N","","6","30","6","6","400000","0","0","0","0","0"
"경기도교육청","경기도용인교육지원청","경기도 용인시 수지구","S090003552","정평초등학교","02","공립","N","","33","866","33","29","5000000","0","0","0","0","0"
"경기도교육청","경기도용인교육지원청","","S090003553","제일초등학교","02","공립","N","","10","230","10","0","3000000","1","20","1","0","250000"
"경기도교육청","경기도용인교육지원청","경기도 용인시 처인구","S090003554","좌항초등학교","02","공립","N","","6","72","6","1","4000000","0","0","0","0","0"
"경기도교육청","경기도용인교육지원청","경기도 용인시 수지구","S090003555","죽전초등학교","02","공립","N","","15","317","15","0","3000000","0","0","0","0","0"
"경기도교육청","경기도용인교육지원청","경기도 용인시 기흥구","S090003556","청곡초등학교","02","공립","N","","71","915","71","0","0","68","381","68","0","1600000"
"경기도교육청","경기도용인교육지원청","경기도 용인시 수지구","S090003558","토월초등학교","02","공립","N","","19","440","19","0","1900000","0","0","0","0","0"
"경기도교육청","경기도용인교육지원청","경기도 용인시 처인구","S090003559","포곡초등학교","02","공립","N","","28","728","28","0","0","0","0","0","0","0"
"경기도교육청","경기도용인교육지원청","경기도 용인시 수지구","S090003560","풍덕초등학교","02","공립","N","","45","1177","45","0","0","0","0","0","0","0"
"경기도교육청","경기도용인교육지원청","경기도 용인시 수지구","S090003561","풍천초등학교","02","공립","N","","45","1198","45","0","0","0","0","0","0","0"
"경기도교육청","경기도용인교육지원청","","S090003562","한터초등학교","02","공립","N","","9","132","9","0","2000000","0","0","0","0","0"
"경기도교육청","경기도용인교육지원청","경기도 용인시 수지구","S090003563","홍천초등학교","02","공립","N","","20","486","20","0","2000000","0","0","0","0","0"
"경기도교육청","경기도의정부교육지원청","경기도 의정부시","S090003656","가능초등학교","02","공립","N","","26","683","26","0","0","0","0","0","0","0"
"경기도교육청","경기도의정부교육지원청","경기도 의정부시","S090003657","경의초등학교","02","공립","N","","28","521","28","7","390000","1","16","1","1","5000000"
"경기도교육청","경기도의정부교육지원청","경기도 의정부시","S090003658","고산초등학교","02","공립","N","","4","119","7","2","19440000","0","0","0","0","0"
"경기도교육청","경기도의정부교육지원청","경기도 의정부시","S090003659","금오초등학교","02","공립","N","","13","312","13","0","0","2","26","4","2","14750000"
"경기도교육청","경기도의정부교육지원청","경기도 의정부시","S090003660","녹양초등학교","02","공립","Y","활동 내역 없음","","","","","","","","","",""
"경기도교육청","경기도의정부교육지원청","경기도 의정부시","S090003661","동오초등학교","02","공립","N","","21","526","21","1","0","1","27","1","0","2250000"
"경기도교육청","경기도의정부교육지원청","경기도 의정부시","S090003662","민락초등학교","02","공립","N","","31","825","31","0","1000000","2","30","2","0","1500000"
"경기도교육청","경기도의정부교육지원청","경기도 의정부시","S090003663","발곡초등학교","02","공립","N","","23","537","23","1","7680000","10","63","10","0","1000000"
"경기도교육청","경기도의정부교육지원청","경기도 의정부시","S090003664","배영초등학교","02","공립","N","","18","393","18","0","0","5","78","4","1","8600000"
"경기도교육청","경기도의정부교육지원청","경기도 의정부시","S090003665","새말초등학교","02","공립","N","","21","545","21","0","0","6","43","6","0","2000000"
"경기도교육청","경기도의정부교육지원청","경기도 의정부시","S090003666","솔뫼초등학교","02","공립","N","","4","106","4","0","0","6","83","5","1","2150000"
"경기도교육청","경기도의정부교육지원청","경기도 의정부시","S090003667","송양초등학교","02","공립","N","","31","800","31","4","5550000","1","20","3","0","4000000"
"경기도교육청","경기도의정부교육지원청","경기도 의정부시","S090003669","신동초등학교","02","공립","N","","19","445","19","4","8850000","1","12","1","0","1000000"
"경기도교육청","경기도의정부교육지원청","경기도 의정부시","S090003670","어룡초등학교","02","공립","N","","12","232","12","0","900000","2","14","2","0","1400000"
"경기도교육청","경기도의정부교육지원청","경기도 의정부시","S090003671","오동초등학교","02","공립","N","","26","662","26","0","0","0","0","0","0","0"
"경기도교육청","경기도의정부교육지원청","경기도 의정부시","S090003673","의순초등학교","02","공립","N","","21","528","21","0","2100000","0","0","0","0","0"
"경기도교육청","경기도의정부교육지원청","경기도 의정부시","S090003674","의정부부용초등학교","02","공립","N","","15","699","29","0","2300000","1","12","1","0","0"
"경기도교육청","경기도의정부교육지원청","경기도 의정부시","S090003675","의정부서초등학교","02","공립","N","","15","341","15","0","0","0","0","0","0","0"
"경기도교육청","경기도의정부교육지원청","경기도 의정부시","S090003676","의정부신곡초등학교","02","공립","N","","4","515","21","4","9400000","5","33","5","0","1000000"
"경기도교육청","경기도의정부교육지원청","경기도 의정부시","S090003677","의정부용현초등학교","02","공립","N","","28","568","28","1","0","5","77","5","0","1000000"
"경기도교육청","경기도의정부교육지원청","경기도 의정부시","S090003678","의정부장암초등학교","02","공립","N","","12","194","12","2","9000000","3","29","3","1","8200000"
"경기도교육청","경기도의정부교육지원청","경기도 의정부시","S090003679","의정부중앙초등학교","02","공립","N","","17","336","17","0","0","1","8","1","1","2000000"
"경기도교육청","경기도의정부교육지원청","경기도 의정부시","S090003680","의정부청룡초등학교","02","공립","N","","18","417","18","0","1000000","1","17","3","0","1080000"
"경기도교육청","경기도의정부교육지원청","경기도 의정부시","S090003681","의정부초등학교","02","공립","N","","15","292","15","3","0","11","80","11","0","0"
"경기도교육청","경기도의정부교육지원청","경기도 의정부시","S090003682","의정부호동초등학교","02","공립","N","","44","1191","44","1","0","16","88","16","0","3000000"
"경기도교육청","경기도의정부교육지원청","경기도 의정부시","S090003685","호암초등학교","02","공립","N","","33","432","33","1","2910000","6","70","6","0","500000"
"경기도교육청","경기도의정부교육지원청","경기도 의정부시","S090003686","회룡초등학교","02","공립","N","","74","558","74","4","0","3","34","3","0","900000"
"경기도교육청","경기도이천교육지원청","경기도 이천시","S090003758","나래초등학교","02","공립","N","","6","115","6","0","0","0","0","0","0","0"
"경기도교육청","경기도이천교육지원청","경기도 이천시","S090003760","대서초등학교","02","공립","N","","10","43","6","7","2000000","0","0","0","0","0"
"경기도교육청","경기도이천교육지원청","경기도 이천시","S090003762","대월초등학교","02","공립","N","","6","128","6","3","3700000","1","11","1","0","800000"
"경기도교육청","경기도이천교육지원청","경기도 이천시","S090003763","도암초등학교","02","공립","N","","6","355","16","4","4320000","0","0","0","0","0"
"경기도교육청","경기도이천교육지원청","경기도 이천시","S090003764","도지초등학교","02","공립","N","","12","306","12","0","0","1","5","1","1","0"
"경기도교육청","경기도이천교육지원청","경기도 이천시","S090003766","마장초등학교","02","공립","N","","8","887","35","8","2730000","4","49","5","2","11440000"
"경기도교육청","경기도이천교육지원청","경기도 이천시","S090003772","백사초등학교","02","공립","N","","7","160","7","2","790000","0","0","0","0","0"
"경기도교육청","경기도이천교육지원청","경기도 이천시","S090003774","부발초등학교","02","공립","N","","19","446","19","0","0","0","0","0","0","0"
"경기도교육청","경기도이천교육지원청","경기도 이천시","S090003776","설봉초등학교","02","공립","N","","40","1072","40","0","0","1","18","1","0","0"
"경기도교육청","경기도이천교육지원청","경기도 이천시","S090003777","설성초등학교","02","공립","N","","1","26","4","1","1500000","0","0","0","0","0"
"경기도교육청","경기도이천교육지원청","경기도 이천시","S090003778","송곡초등학교","02","공립","N","","6","46","6","2","5000000","1","40","1","0","0"
"경기도교육청","경기도이천교육지원청","경기도 이천시","S090003779","신둔초등학교","02","공립","N","","13","306","13","1","0","0","0","0","0","0"
"경기도교육청","경기도이천교육지원청","경기도 이천시","S090003780","신하초등학교","02","공립","N","","27","696","27","0","10000000","0","0","0","0","0"
"경기도교육청","경기도이천교육지원청","경기도 이천시","S090003781","아미초등학교","02","공립","N","","38","988","38","0","0","0","0","0","0","0"
"경기도교육청","경기도이천교육지원청","경기도 이천시","S090003782","안흥초등학교","02","공립","N","","35","920","35","35","0","0","0","0","0","0"
"경기도교육청","경기도이천교육지원청","경기도 이천시","S090003784","율면초등학교","02","공립","N","","3","20","4","0","1000000","0","0","0","0","0"
"경기도교육청","경기도이천교육지원청","경기도 이천시","S090003786","이천가산초등학교","02","공립","N","","12","188","10","2","9250000","0","0","0","0","0"
"경기도교육청","경기도이천교육지원청","경기도 이천시","S090003787","이천남초등학교","02","공립","N","","19","477","19","4","31920000","0","0","0","0","0"
"경기도교육청","경기도이천교육지원청","경기도 이천시","S090003788","이천단월초등학교","02","공립","N","","6","102","6","3","10000000","2","102","7","1","4100000"
"경기도교육청","경기도이천교육지원청","경기도 이천시","S090003789","이천매곡초등학교","02","공립","N","","6","47","6","0","5000000","1","12","1","3","0"
"경기도교육청","경기도이천교육지원청","경기도 이천시","S090003790","이천송정초등학교","02","공립","N","","12","985","37","0","1972000","2","51","2","0","1400000"
"경기도교육청","경기도이천교육지원청","경기도 이천시","S090003791","이천초등학교","02","공립","N","","31","776","31","0","0","0","0","0","0","0"
"경기도교육청","경기도이천교육지원청","경기도 이천시","S090003792","이황초등학교","02","공립","N","","2","48","6","2","10000000","0","0","0","0","0"
"경기도교육청","경기도이천교육지원청","경기도 이천시","S090003793","장천초등학교","02","공립","N","","4","50","4","0","800000","0","0","0","0","0"
"경기도교육청","경기도이천교육지원청","경기도 이천시","S090003794","장호원초등학교","02","공립","N","","25","532","25","0","6000000","0","0","0","0","0"
"경기도교육청","경기도이천교육지원청","경기도 이천시","S090003795","진가초등학교","02","공립","N","","6","66","6","6","17160000","4","21","4","1","4300000"
"경기도교육청","경기도이천교육지원청","경기도 이천시","S090003798","표교초등학교","02","공립","N","","6","59","6","1","0","0","0","0","0","0"
"경기도교육청","경기도이천교육지원청","경기도 이천시","S090003799","한내초등학교","02","공립","N","","36","755","36","0","5570000","0","0","0","0","0"
"경기도교육청","경기도이천교육지원청","경기도 이천시","S090003800","호법초등학교","02","공립","N","","6","122","6","2","3710000","0","0","0","0","0"
"경기도교육청","경기도파주교육지원청","경기도 파주시","S090003876","갈현초등학교","02","공립","N","","8","58","6","2","0","3","40","3","0","500000"
"경기도교육청","경기도파주교육지원청","경기도 파주시","S090003877","검산초등학교","02","공립","N","","21","382","21","0","2100000","0","0","0","0","0"
"경기도교육청","경기도파주교육지원청","경기도 파주시","S090003878","교하초등학교","02","공립","N","","6","74","6","1","0","2","12","2","0","500000"
"경기도교육청","경기도파주교육지원청","경기도 파주시","S090003879","군내초등학교","02","공립","N","","8","37","8","0","1000000","0","0","0","0","0"
"경기도교육청","경기도파주교육지원청","경기도 파주시","S090003881","금신초등학교","02","공립","N","","17","485","23","1","30000000","0","0","0","0","0"
"경기도교육청","경기도파주교육지원청","경기도 파주시","S090003882","금촌초등학교","02","공립","N","","16","352","16","1","2150000","0","0","0","0","0"
"경기도교육청","경기도파주교육지원청","경기도 파주시","S090003883","능안초등학교","02","공립","N","","6","115","6","0","0","0","0","0","0","0"
"경기도교육청","경기도파주교육지원청","경기도 파주시","S090003884","대성동초등학교","02","공립","N","","6","30","6","0","0","0","0","0","0","0"
"경기도교육청","경기도파주교육지원청","경기도 파주시","S090003885","덕암초등학교","02","공립","N","","6","47","6","2","14000000","0","0","0","0","0"
"경기도교육청","경기도파주교육지원청","경기도 파주시","S090003886","마정초등학교","02","공립","N","","10","66","6","4","7200000","0","0","0","0","0"
"경기도교육청","경기도파주교육지원청","경기도 파주시","S090003887","마지초등학교","02","공립","N","","15","164","15","0","900000","11","193","14","0","2049000"
"경기도교육청","경기도파주교육지원청","경기도 파주시","S090003888","도마산초등학교","02","공립","N","","4","43","6","2","6176000","2","18","2","0","200000"
"경기도교육청","경기도파주교육지원청","경기도 파주시","S090003889","문산동초등학교","02","공립","N","","26","688","26","0","0","0","0","0","0","0"
"경기도교육청","경기도파주교육지원청","경기도 파주시","S090003890","문산초등학교","02","공립","N","","26","638","26","0","0","1","8","1","0","800000"
"경기도교육청","경기도파주교육지원청","경기도 파주시","S090003892","봉일천초등학교","02","공립","N","","27","659","27","1","5031000","27","150","27","0","2000000"
"경기도교육청","경기도파주교육지원청","경기도 파주시","S090003893","삼성초등학교","02","공립","N","","6","76","6","1","0","0","0","0","0","0"
"경기도교육청","경기도파주교육지원청","경기도 파주시","S090003894","신산초등학교","02","공립","N","","11","209","11","0","2750000","3","67","3","0","1000000"
"경기도교육청","경기도파주교육지원청","경기도 파주시","S090003896","심학초등학교","02","공립","N","","6","130","6","0","100000","4","55","4","0","800000"
"경기도교육청","경기도파주교육지원청","경기도 파주시","S090003897","연풍초등학교","02","공립","N","","6","134","6","0","2000000","0","0","0","0","0"
"경기도교육청","경기도파주교육지원청","경기도 파주시","S090003898","영도초등학교","02","공립","N","","6","50","6","0","645500","0","0","0","0","0"
"경기도교육청","경기도파주교육지원청","경기도 파주시","S090003900","용미초등학교","02","공립","N","","10","52","10","1","1000000","0","0","0","0","0"
"경기도교육청","경기도파주교육지원청","경기도 파주시","S090003901","용연초등학교","02","공립","N","","6","45","6","0","0","0","0","0","0","0"
"경기도교육청","경기도파주교육지원청","경기도 파주시","S090003903","웅담초등학교","02","공립","N","","6","52","6","0","0","0","0","0","0","0"
"경기도교육청","경기도파주교육지원청","경기도 파주시","S090003904","월롱초등학교","02","공립","N","","6","52","6","1","1900000","0","0","0","0","0"
"경기도교육청","경기도파주교육지원청","경기도 파주시","S090003905","장파초등학교","02","공립","N","","6","45","6","0","0","4","30","4","0","500000"
"경기도교육청","경기도파주교육지원청","경기도 파주시","S090003906","적서초등학교","02","공립","N","","6","39","6","0","2000000","1","27","1","0","200000"
"경기도교육청","경기도파주교육지원청","경기도 파주시","S090003908","적암초등학교","02","공립","N","","2","13","2","1","0","3","18","3","0","1000000"
"경기도교육청","경기도파주교육지원청","경기도 파주시","S090003909","지산초등학교","02","공립","N","","45","1197","45","0","2250000","0","0","0","0","0"
"경기도교육청","경기도파주교육지원청","경기도 파주시","S090003911","천현초등학교","02","공립","N","","8","150","8","0","0","0","0","0","0","0"
"경기도교육청","경기도파주교육지원청","경기도 파주시","S090003913","청석초등학교","02","공립","N","","10","659","30","6","3650000","11","80","11","0","2000000"
"경기도교육청","경기도파주교육지원청","경기도 파주시","S090003914","청암초등학교","02","공립","N","","45","1206","45","0","0","1","9","1","0","1800000"
"경기도교육청","경기도파주교육지원청","경기도 파주시","S090003915","탄현초등학교","02","공립","N","","6","53","6","2","0","0","0","0","0","0"
"경기도교육청","경기도파주교육지원청","경기도 파주시","S090003916","통일초등학교","02","공립","N","","13","324","13","3","0","0","0","0","0","0"
"경기도교육청","경기도파주교육지원청","경기도 파주시","S090003917","파양초등학교","02","공립","N","","6","86","6","4","12000000","4","43","4","0","750000"
"경기도교육청","경기도파주교육지원청","경기도 파주시","S090003919","파주대원초등학교","02","공립","N","","18","410","18","4","4500000","3","25","3","0","0"
"경기도교육청","경기도파주교육지원청","경기도 파주시","S090003920","파주송화초등학교","02","공립","N","","28","650","28","0","0","2","18","2","0","600000"
"경기도교육청","경기도파주교육지원청","경기도 파주시","S090003921","파주와동초등학교","02","공립","N","","60","845","60","0","0","26","233","26","19","3000000"
"경기도교육청","경기도파주교육지원청","경기도 파주시","S090003922","파주초등학교","02","공립","N","","6","127","6","0","0","0","0","0","0","0"
"경기도교육청","경기도파주교육지원청","경기도 파주시","S090003923","파평초등학교","02","공립","N","","6","90","6","0","0","1","12","1","1","500000"
"경기도교육청","경기도평택교육지원청","경기도 평택시","S090004009","가사초등학교","02","공립","N","","6","65","6","1","2100000","3","28","3","0","700000"
"경기도교육청","경기도평택교육지원청","경기도 평택시","S090004010","갈곶초등학교","02","공립","N","","11","165","12","0","5000000","0","0","0","0","0"
"경기도교육청","경기도평택교육지원청","경기도 평택시","S090004011","계성초등학교","02","공립","N","","6","62","6","0","0","2","43","2","1","1800000"
"경기도교육청","경기도평택교육지원청","경기도 평택시","S090004013","고덕초등학교","02","공립","N","","41","1204","41","0","0","1","5","1","0","1000000"
"경기도교육청","경기도평택교육지원청","경기도 평택시","S090004015","군문초등학교","02","공립","N","","7","147","7","0","0","2","37","0","2","2400000"
"경기도교육청","경기도평택교육지원청","경기도 평택시","S090004017","내기초등학교","02","공립","N","","12","278","12","0","2000000","1","16","1","0","1000000"
"경기도교육청","경기도평택교육지원청","경기도 평택시","S090004018","내기초등학교신영분교장","02","공립","Y","분교장 제외처리","","","","","","","","","",""
"경기도교육청","경기도평택교육지원청","경기도 평택시","S090004022","덕동초등학교","02","공립","N","","26","710","26","21","0","2","36","2","0","1000000"
"경기도교육청","경기도평택교육지원청","경기도 평택시","S090004023","동삭초등학교","02","공립","N","","11","615","25","0","0","1","25","1","1","7300000"
"경기도교육청","경기도평택교육지원청","경기도 평택시","S090004024","복창초등학교","02","공립","N","","0","0","0","0","0","1","10","1","0","1000000"
"경기도교육청","경기도평택교육지원청","경기도 평택시","S090004025","부용초등학교","02","공립","N","","18","378","18","0","0","1","20","1","1","1000000"
"경기도교육청","경기도평택교육지원청","경기도 평택시","S090004027","비전초등학교","02","공립","N","","12","277","12","0","1700000","0","0","0","0","0"
"경기도교육청","경기도평택교육지원청","경기도 평택시","S090004029","삼덕초등학교","02","공립","N","","7","65","9","0","3700000","6","64","6","0","5000000"
"경기도교육청","경기도평택교육지원청","경기도 평택시","S090004030","서정리초등학교","02","공립","N","","12","201","12","0","3600000","3","22","3","0","625000"
"경기도교육청","경기도평택교육지원청","경기도 평택시","S090004031","서탄초등학교","02","공립","N","","7","67","7","7","16860000","0","0","0","0","0"
"경기도교육청","경기도평택교육지원청","경기도 평택시","S090004033","서탄초등학교내수분교장","02","공립","N","","7","13","2","7","1200000","0","0","0","0","0"
"경기도교육청","경기도평택교육지원청","경기도 평택시","S090004035","세교초등학교","02","공립","N","","30","772","30","0","0","1","20","1","1","5000000"
"경기도교육청","경기도평택교육지원청","경기도 평택시","S090004036","소사벌초등학교","02","공립","N","","30","748","30","0","0","6","147","6","9","3780000"
"경기도교육청","경기도평택교육지원청","경기도 평택시","S090004037","송북초등학교","02","공립","N","","24","601","24","0","16500000","0","0","0","0","0"
"경기도교육청","경기도평택교육지원청","경기도 평택시","S090004038","송신초등학교","02","공립","N","","18","368","18","0","0","9","79","9","0","0"
"경기도교육청","경기도평택교육지원청","경기도 평택시","S090004039","송일초등학교","02","공립","N","","12","220","12","12","18120000","0","0","0","0","0"
"경기도교육청","경기도평택교육지원청","경기도 평택시","S090004040","송탄초등학교","02","공립","N","","7","128","7","0","0","1","28","1","0","0"
"경기도교육청","경기도평택교육지원청","경기도 평택시","S090004042","안중초등학교","02","공립","N","","14","299","14","0","1400000","1","6","1","0","1000000"
"경기도교육청","경기도평택교육지원청","경기도 평택시","S090004043","어연초등학교","02","공립","N","","6","46","6","0","0","2","46","1","2","8640000"
"경기도교육청","경기도평택교육지원청","경기도 평택시","S090004044","오성초등학교","02","공립","N","","8","170","8","4","8580000","1","28","1","2","5900000"
"경기도교육청","경기도평택교육지원청","경기도 평택시","S090004045","원정초등학교","02","공립","N","","15","341","15","0","0","2","32","2","0","2625000"
"경기도교육청","경기도평택교육지원청","경기도 평택시","S090004046","이충초등학교","02","공립","N","","23","552","23","6","7990000","2","27","2","0","2100000"
"경기도교육청","경기도평택교육지원청","경기도 평택시","S090004047","종덕초등학교","02","공립","N","","48","1407","48","5","16200000","14","130","14","0","6280000"
"경기도교육청","경기도평택교육지원청","경기도 평택시","S090004049","죽백초등학교","02","공립","N","","9","240","1","8","5000000","6","32","5","1","1000000"
"경기도교육청","경기도평택교육지원청","경기도 평택시","S090004052","지장초등학교","02","공립","N","","20","480","20","0","0","3","25","3","0","3600000"
"경기도교육청","경기도평택교육지원청","경기도 평택시","S090004053","진위초등학교","02","공립","N","","3","158","7","3","13400000","0","0","0","0","0"
"경기도교육청","경기도평택교육지원청","경기도 평택시","S090004054","진위초등학교산대분교장","02","공립","Y","본교에서 분교장 데이터 포함하여 통합 공시","","","","","","","","","",""
"경기도교육청","경기도평택교육지원청","경기도 평택시","S090004055","창신초등학교","02","공립","N","","6","39","6","0","0","7","30","7","0","8360000"
"경기도교육청","경기도평택교육지원청","경기도 평택시","S090004056","청북초등학교","02","공립","N","","6","54","6","6","0","5","54","5","1","5000000"
"경기도교육청","경기도평택교육지원청","경기도 평택시","S090004057","팽성초등학교","02","공립","N","","4","115","6","3","21300000","1","4","1","0","0"
"경기도교육청","경기도평택교육지원청","경기도 평택시","S090004058","평일초등학교","02","공립","N","","21","489","21","0","0","5","67","5","0","2000000"
"경기도교육청","경기도평택교육지원청","경기도 평택시","S090004059","평택성동초등학교","02","공립","N","","13","269","13","0","0","2","17","2","2","2000000"
"경기도교육청","경기도평택교육지원청","경기도 평택시","S090004060","평택중앙초등학교","02","공립","N","","11","213","11","0","1000000","0","0","0","0","0"
"경기도교육청","경기도평택교육지원청","경기도 평택시","S090004061","평택지산초등학교","02","공립","N","","20","485","20","0","2000000","1","20","1","1","1000000"
"경기도교육청","경기도평택교육지원청","경기도 평택시","S090004062","평택초등학교","02","공립","N","","14","206","14","1","0","0","0","0","0","0"
"경기도교육청","경기도평택교육지원청","경기도 평택시","S090004063","합정초등학교","02","공립","N","","6","109","6","0","0","1","6","1","0","510000"
"경기도교육청","경기도평택교육지원청","경기도 평택시","S090004064","현덕초등학교","02","공립","N","","12","122","12","3","0","7","55","7","0","7000000"
"경기도교육청","경기도평택교육지원청","경기도 평택시","S090004065","현덕초등학교광덕분교장","02","공립","Y","본교는 초등분교로 제외항목에 해당.","","","","","","","","","",""
"경기도교육청","경기도평택교육지원청","경기도 평택시","S090004066","현화초등학교","02","공립","N","","26","636","26","0","0","0","0","0","0","0"
"경기도교육청","경기도평택교육지원청","경기도 평택시","S090004067","홍원초등학교","02","공립","N","","7","73","7","0","3000000","0","0","0","0","0"
"경기도교육청","경기도평택교육지원청","경기도 평택시","S090004068","효덕초등학교","02","공립","N","","14","335","14","0","4200000","0","0","0","0","0"
"경기도교육청","경기도포천교육지원청","경기도 포천시","S090004176","가산초등학교","02","공립","N","","6","122","6","0","0","0","0","0","0","0"
"경기도교육청","경기도포천교육지원청","경기도 포천시","S090004177","관인초등학교","02","공립","N","","4","22","4","0","600000","0","0","0","0","0"
"경기도교육청","경기도포천교육지원청","경기도 포천시","S090004180","내촌초등학교","02","공립","N","","7","60","6","2","5400000","0","0","0","0","0"
"경기도교육청","경기도포천교육지원청","경기도 포천시","S090004183","도평초등학교","02","공립","N","","6","51","6","3","14400000","2","9","2","0","5300000"
"경기도교육청","경기도포천교육지원청","경기도 포천시","S090004189","선단초등학교","02","공립","N","","18","408","18","0","4500000","0","0","0","0","0"
"경기도교육청","경기도포천교육지원청","경기도 포천시","S090004190","송우초등학교","02","공립","N","","12","267","12","0","0","8","78","8","0","1500000"
"경기도교육청","경기도포천교육지원청","경기도 포천시","S090004191","신북초등학교","02","공립","N","","7","142","8","0","825000","0","0","0","0","0"
"경기도교육청","경기도포천교육지원청","경기도 포천시","S090004193","영북초등학교","02","공립","N","","14","324","14","0","3030000","1","13","1","0","0"
"경기도교육청","경기도포천교육지원청","경기도 포천시","S090004198","왕방초등학교","02","공립","N","","15","542","22","0","0","0","0","0","0","0"
"경기도교육청","경기도포천교육지원청","경기도 포천시","S090004199","외북초등학교","02","공립","N","","3","37","6","3","5000000","1","6","1","0","1000000"
"경기도교육청","경기도포천교육지원청","경기도 포천시","S090004200","운담초등학교","02","공립","N","","6","30","6","0","6900000","5","30","5","0","900000"
"경기도교육청","경기도포천교육지원청","경기도 포천시","S090004201","유암초등학교","02","공립","N","","8","54","8","1","800000","0","0","0","0","0"
"경기도교육청","경기도포천교육지원청","경기도 포천시","S090004202","이곡초등학교","02","공립","N","","6","84","6","0","3840000","0","0","0","0","0"
"경기도교육청","경기도포천교육지원청","경기도 포천시","S090004203","이동초등학교","02","공립","N","","7","118","7","0","0","1","18","1","0","600000"
"경기도교육청","경기도포천교육지원청","경기도 포천시","S090004204","일동초등학교","02","공립","N","","15","291","15","3","3000000","1","3","1","0","750000"
"경기도교육청","경기도포천교육지원청","경기도 포천시","S090004205","정교초등학교","02","공립","N","","6","48","6","6","1800000","0","0","0","0","0"
"경기도교육청","경기도포천교육지원청","경기도 포천시","S090004206","중리초등학교","02","공립","N","","1","13","3","2","3220000","1","13","3","0","0"
"경기도교육청","경기도포천교육지원청","경기도 포천시","S090004208","지현초등학교","02","공립","N","","2","43","6","2","21400000","3","17","3","0","1000000"
"경기도교육청","경기도포천교육지원청","경기도 포천시","S090004209","창수초등학교","02","공립","N","","6","35","6","1","4680000","2","60","2","0","2500000"
"경기도교육청","경기도포천교육지원청","경기도 포천시","S090004210","청성초등학교","02","공립","N","","6","64","6","0","0","0","0","0","0","0"
"경기도교육청","경기도포천교육지원청","경기도 포천시","S090004211","추산초등학교","02","공립","N","","29","693","29","0","2200000","0","0","0","0","0"
"경기도교육청","경기도포천교육지원청","경기도 포천시","S090004212","축석초등학교","02","공립","N","","6","43","6","0","1800000","0","0","0","0","0"
"경기도교육청","경기도포천교육지원청","경기도 포천시","S090004213","포천노곡초등학교","02","공립","N","","6","55","6","0","4200000","0","0","0","0","0"
"경기도교육청","경기도포천교육지원청","경기도 포천시","S090004214","포천삼정초등학교","02","공립","N","","5","11","5","1","3000000","0","0","0","0","0"
"경기도교육청","경기도포천교육지원청","경기도 포천시","S090004215","포천초등학교","02","공립","N","","32","833","32","0","0","0","0","0","0","0"
"경기도교육청","경기도포천교육지원청","경기도 포천시","S090004216","화현초등학교","02","공립","N","","6","69","6","0","600000","1","11","1","0","100000"
"경기도교육청","경기도화성오산교육지원청","","S090004282","갈담초등학교","02","공립","N","","9","177","9","0","0","0","0","0","0","0"
"경기도교육청","경기도화성오산교육지원청","경기도 화성시 만세구","S090004283","갈천초등학교","02","공립","N","","6","54","6","3","10790000","0","0","0","0","0"
"경기도교육청","경기도화성오산교육지원청","경기도 화성시 만세구","S090004284","고정초등학교","02","공립","N","","6","41","6","0","2004000","0","0","0","0","0"
"경기도교육청","경기도화성오산교육지원청","경기도 오산시","S090004286","광성초등학교","02","공립","N","","12","1400","58","27","21370000","1","28","1","1","2400000"
"경기도교육청","경기도화성오산교육지원청","","S090004287","기안초등학교","02","공립","N","","27","584","27","0","2000000","0","0","0","0","0"
"경기도교육청","경기도화성오산교육지원청","경기도 화성시 만세구","S090004288","남양초등학교","02","공립","N","","19","436","19","0","0","20","463","21","0","2700000"
"경기도교육청","경기도화성오산교육지원청","경기도 화성시 만세구","S090004289","노진초등학교","02","공립","N","","6","66","6","4","3120000","3","25","3","0","300000"
"경기도교육청","경기도화성오산교육지원청","","S090004292","동탄초등학교","02","공립","N","","40","1074","40","0","0","17","134","17","0","1000000"
"경기도교육청","경기도화성오산교육지원청","경기도 화성시 병점구","S090004294","동학초등학교","02","공립","N","","28","729","28","28","5200000","2","28","2","5","9300000"
"경기도교육청","경기도화성오산교육지원청","경기도 화성시 만세구","S090004296","마도초등학교","02","공립","N","","6","106","6","0","1200000","1","15","1","0","800000"
"경기도교육청","경기도화성오산교육지원청","","S090004297","마산초등학교","02","공립","N","","7","48","7","0","600000","0","0","0","0","0"
"경기도교육청","경기도화성오산교육지원청","경기도 오산시","S090004301","매홀초등학교","02","공립","N","","14","204","14","0","0","0","0","0","0","0"
"경기도교육청","경기도화성오산교육지원청","경기도 오산시","S090004302","삼미초등학교","02","공립","N","","23","545","23","10","6660000","3","26","3","0","600000"
"경기도교육청","경기도화성오산교육지원청","","S090004304","발안초등학교","02","공립","N","","13","270","15","0","600000","1","24","1","0","2400000"
"경기도교육청","경기도화성오산교육지원청","경기도 화성시 병점구","S090004305","병점초등학교","02","공립","N","","15","310","14","1","1000000","0","0","0","0","0"
"경기도교육청","경기도화성오산교육지원청","경기도 화성시 효행구","S090004306","봉담초등학교","02","공립","N","","30","761","30","0","1400000","3","30","3","0","1400000"
"경기도교육청","경기도화성오산교육지원청","경기도 화성시 효행구","S090004308","비봉초등학교","02","공립","N","","9","151","11","0","6898000","0","0","0","0","0"
"경기도교육청","경기도화성오산교육지원청","경기도 화성시 만세구","S090004310","사창초등학교","02","공립","N","","5","41","6","1","0","5","41","6","1","6000000"
"경기도교육청","경기도화성오산교육지원청","경기도 화성시 만세구","S090004312","상신초등학교","02","공립","N","","20","509","20","0","0","0","0","0","0","0"
"경기도교육청","경기도화성오산교육지원청","경기도 화성시 만세구","S090004313","서신초등학교","02","공립","N","","6","76","6","1","4800000","3","18","4","0","2400000"
"경기도교육청","경기도화성오산교육지원청","경기도 화성시 만세구","S090004315","석천초등학교","02","공립","N","","6","92","6","0","0","0","0","0","0","0"
"경기도교육청","경기도화성오산교육지원청","경기도 오산시","S090004317","성산초등학교","02","공립","N","","7","124","8","7","7210000","0","0","0","0","0"
"경기도교육청","경기도화성오산교육지원청","경기도 오산시","S090004318","성호초등학교","02","공립","N","","13","245","13","0","2000000","0","0","0","0","0"
"경기도교육청","경기도화성오산교육지원청","","S090004319","송라초등학교","02","공립","N","","6","59","6","0","0","3","41","3","0","1000000"
"경기도교육청","경기도화성오산교육지원청","경기도 화성시 만세구","S090004320","송산초등학교","02","공립","N","","12","268","12","0","3700000","4","32","4","0","1000000"
"경기도교육청","경기도화성오산교육지원청","경기도 화성시 병점구","S090004321","송화초등학교","02","공립","N","","37","932","37","0","0","5","76","5","0","3000000"
"경기도교육청","경기도화성오산교육지원청","경기도 화성시 효행구","S090004322","수기초등학교","02","공립","N","","8","98","8","0","0","8","98","8","0","1200000"
"경기도교육청","경기도화성오산교육지원청","","S090004324","양감초등학교","02","공립","N","","6","44","7","1","6605000","4","20","4","0","800000"
"경기도교육청","경기도화성오산교육지원청","경기도 오산시","S090004325","오산초등학교","02","공립","N","","22","539","22","0","0","0","0","0","0","0"
"경기도교육청","경기도화성오산교육지원청","","S090004326","우정초등학교","02","공립","N","","8","122","8","0","1200000","3","25","3","3","570000"
"경기도교육청","경기도화성오산교육지원청","경기도 오산시","S090004328","운산초등학교","02","공립","N","","33","662","39","0","4500000","3","30","3","0","1764000"
"경기도교육청","경기도화성오산교육지원청","경기도 오산시","S090004329","운암초등학교","02","공립","N","","16","361","16","0","0","0","0","0","0","0"
"경기도교육청","경기도화성오산교육지원청","경기도 오산시","S090004330","운천초등학교","02","공립","N","","30","754","30","0","0","10","72","10","0","1000000"
"경기도교육청","경기도화성오산교육지원청","경기도 오산시","S090004331","원동초등학교","02","공립","N","","31","748","31","3","0","11","79","11","0","3000000"
"경기도교육청","경기도화성오산교육지원청","경기도 화성시 만세구","S090004333","장명초등학교","02","공립","N","","5","30","5","0","1000000","1","10","1","0","1000000"
"경기도교육청","경기도화성오산교육지원청","경기도 화성시 효행구","S090004336","정남초등학교","02","공립","N","","9","185","9","0","0","0","0","0","0","0"
"경기도교육청","경기도화성오산교육지원청","경기도 화성시 효행구","S090004337","정림초등학교","02","공립","N","","6","45","6","2","4200000","1","16","1","1","1380000"
"경기도교육청","경기도화성오산교육지원청","","S090004340","청룡초등학교","02","공립","N","","4","23","4","0","600000","1","5","1","0","1000000"
"경기도교육청","경기도화성오산교육지원청","경기도 화성시 만세구","S090004341","청원초등학교","02","공립","N","","6","54","6","0","0","0","0","0","0","0"
"경기도교육청","경기도화성오산교육지원청","경기도 화성시 만세구","S090004344","팔탄초등학교","02","공립","N","","12","138","12","10","17040000","1","22","1","0","650000"
"경기도교육청","경기도화성오산교육지원청","경기도 화성시 만세구","S090004345","팔탄초등학교대방분교장","02","공립","Y","분교 제외 처리(본교에 포함하여 공지)","","","","","","","","","",""
"경기도교육청","경기도화성오산교육지원청","경기도 화성시 만세구","S090004347","해운초등학교","02","공립","N","","6","30","7","0","800000","0","0","0","0","0"
"경기도교육청","경기도화성오산교육지원청","경기도 화성시 만세구","S090004348","향남초등학교","02","공립","N","","5","73","5","0","1500000","0","0","0","0","0"
"경기도교육청","경기도화성오산교육지원청","","S090004349","화남초등학교","02","공립","N","","20","437","20","0","0","7","45","7","0","2000000"
"경기도교육청","경기도화성오산교육지원청","경기도 화성시 병점구","S090004350","화산초등학교","02","공립","N","","14","349","14","4","5390000","0","0","0","0","0"
"경기도교육청","경기도화성오산교육지원청","","S090004351","화성매송초등학교","02","공립","N","","11","113","11","0","2400000","0","0","0","0","0"
"경기도교육청","경기도화성오산교육지원청","경기도 화성시 만세구","S090004352","화성월문초등학교","02","공립","N","","6","65","6","0","0","4","51","5","0","1000000"
"경기도교육청","경기도화성오산교육지원청","경기도 화성시 만세구","S090004353","화성장안초등학교","02","공립","N","","23","558","23","0","0","2","18","2","0","1700000"
"경기도교육청","경기도화성오산교육지원청","경기도 오산시","S090004354","화성초등학교","02","공립","N","","22","503","22","5","0","1","30","1","0","588000"
"경기도교육청","경기도화성오산교육지원청","경기도 화성시 만세구","S090004355","화성장안초등학교석포분교장","02","공립","Y","분교장제외처리","","","","","","","","","",""
"경기도교육청","경기도화성오산교육지원청","경기도 화성시 만세구","S090004356","화성화수초등학교","02","공립","N","","6","42","6","0","2000000","0","0","0","0","0"
"경기도교육청","경기도화성오산교육지원청","경기도 화성시 만세구","S090004358","활초초등학교","02","공립","N","","6","107","6","0","0","6","34","6","0","2000000"
"경기도교육청","경기도용인교육지원청","경기도 용인시 기흥구","S090004797","교동초등학교","02","공립","N","","28","718","28","6","6300000","0","0","0","0","0"
"경기도교육청","경기도용인교육지원청","경기도 용인시 기흥구","S090004804","나곡초등학교","02","공립","N","","37","982","37","0","2380000","0","0","0","0","0"
"경기도교육청","경기도부천교육지원청","경기도 부천시 원미구","S090004824","석천초등학교","02","공립","N","","69","946","69","0","0","2","43","2","3","17200000"
"경기도교육청","경기도용인교육지원청","경기도 용인시 수지구","S090004836","효자초등학교","02","공립","N","","37","988","37","0","0","2","35","3","0","2200000"
"경기도교육청","경기도성남교육지원청","경기도 성남시 분당구","S090004841","늘푸른초등학교","02","공립","N","","44","1291","44","0","8800000","33","211","33","0","5990000"
"경기도교육청","경기도의정부교육지원청","경기도 의정부시","S090004842","의정부호원초등학교","02","공립","N","","57","773","57","2","3700000","2","26","3","7","3250000"
"경기도교육청","경기도부천교육지원청","경기도 부천시 소사구","S090004843","부천일신초등학교","02","공립","N","","9","1124","43","11","17300000","1","25","1","0","1500000"
"경기도교육청","경기도부천교육지원청","경기도 부천시 소사구","S090004844","솔안초등학교","02","공립","N","","12","219","12","12","9680000","2","48","2","2","2000000"
"경기도교육청","경기도동두천양주교육지원청","경기도 동두천시","S090004845","동두천신천초등학교","02","공립","N","","32","579","32","0","3575000","4","35","4","1","1000000"
"경기도교육청","경기도동두천양주교육지원청","경기도 동두천시","S090004846","동두천송내초등학교","02","공립","N","","16","374","16","16","13460000","0","0","0","0","0"
"경기도교육청","경기도안산교육지원청","경기도 안산시 단원구","S090004847","안산진흥초등학교","02","공립","N","","14","337","14","14","400000","0","0","0","0","0"
"경기도교육청","경기도안산교육지원청","경기도 안산시 상록구","S090004848","학현초등학교","02","공립","N","","15","324","15","5","1800000","0","0","0","0","0"
"경기도교육청","경기도시흥교육지원청","경기도 시흥시","S090004849","시흥도원초등학교","02","공립","N","","12","267","12","12","10000000","0","0","0","0","0"
"경기도교육청","경기도시흥교육지원청","경기도 시흥시","S090004850","시흥월곶초등학교","02","공립","N","","27","695","27","14","19700000","1","10","1","1","700000"
"경기도교육청","경기도시흥교육지원청","경기도 시흥시","S090004851","시흥장현초등학교","02","공립","N","","23","596","23","23","23840000","0","0","0","0","0"
"경기도교육청","경기도군포의왕교육지원청","경기도 군포시","S090004852","당동초등학교","02","공립","N","","32","753","32","5","10600000","39","900","39","3","5520000"
"경기도교육청","경기도군포의왕교육지원청","경기도 군포시","S090004853","당정초등학교","02","공립","N","","26","678","26","0","0","1","6","1","0","1200000"
"경기도교육청","경기도화성오산교육지원청","경기도 화성시 만세구","S090004854","제암초등학교","02","공립","N","","11","872","41","7","0","0","0","0","0","0"
"경기도교육청","경기도화성오산교육지원청","경기도 오산시","S090004855","오산대원초등학교","02","공립","N","","6","551","22","9","27404000","1","15","1","1","1300000"
"경기도교육청","경기도파주교육지원청","경기도 파주시","S090004856","동패초등학교","02","공립","N","","60","1634","60","0","0","3","26","3","0","3000000"
"경기도교육청","경기도고양교육지원청","경기도 고양시 덕양구","S090004857","고양관산초등학교","02","공립","N","","34","443","34","13","4840000","1","10","1","1","200000"
"경기도교육청","경기도고양교육지원청","경기도 고양시 일산서구","S090004858","고양한내초등학교","02","공립","N","","18","427","18","0","0","0","0","0","0","0"
"경기도교육청","경기도고양교육지원청","경기도 고양시 일산서구","S090004859","한뫼초등학교","02","공립","N","","31","781","31","1","2000000","2","20","2","0","1300000"
"경기도교육청","경기도파주교육지원청","경기도 파주시","S090004881","임진초등학교","02","공립","N","","36","894","36","0","0","4","60","5","0","0"
"경기도교육청","경기도용인교육지원청","경기도 용인시 기흥구","S090004891","지석초등학교","02","공립","N","","6","341","16","1","2800000","3","17","3","0","500000"
"경기도교육청","경기도부천교육지원청","경기도 부천시 원미구","S090004892","옥산초등학교","02","공립","N","","5","52","6","3","5100000","0","0","0","0","0"
"경기도교육청","경기도이천교육지원청","경기도 이천시","S090004940","증포초등학교","02","공립","N","","28","911","28","0","0","2","34","2","2","12480000"
"경기도교육청","경기도광주하남교육지원청","경기도 광주시","S090004941","양벌초등학교","02","공립","N","","39","1006","66","4","14760000","0","0","0","0","0"
"경기도교육청","경기도광주하남교육지원청","경기도 광주시","S090004942","광주도평초등학교","02","공립","N","","0","0","0","0","0","1","9","1","0","1300000"
"경기도교육청","경기도성남교육지원청","경기도 성남시 분당구","S090004946","성남정자초등학교","02","공립","N","","37","970","37","0","3000000","0","0","0","0","0"
"경기도교육청","경기도용인교육지원청","경기도 용인시 기흥구","S090004953","지곡초등학교","02","공립","N","","7","117","7","3","400000","0","0","0","0","0"
"경기도교육청","경기도용인교육지원청","경기도 용인시 기흥구","S090004954","언남초등학교","02","공립","N","","13","312","13","0","0","2","20","2","0","500000"
"경기도교육청","경기도용인교육지원청","경기도 용인시 처인구","S090004955","용인이동초등학교","02","공립","N","","18","448","18","1","0","8","63","8","0","1500000"
"경기도교육청","경기도용인교육지원청","경기도 용인시 수지구","S090004958","현암초등학교","02","공립","N","","20","528","20","0","0","0","0","0","0","0"
"경기도교육청","경기도용인교육지원청","경기도 용인시 기흥구","S090004960","독정초등학교","02","공립","N","","95","986","95","0","0","0","0","0","0","0"
"경기도교육청","경기도용인교육지원청","경기도 용인시 수지구","S090004961","용인대덕초등학교","02","공립","N","","9","406","17","0","4250000","0","0","0","0","0"
"경기도교육청","경기도용인교육지원청","경기도 용인시 수지구","S090004962","신리초등학교","02","공립","N","","11","173","11","0","0","1","20","1","0","800000"
"경기도교육청","경기도용인교육지원청","경기도 용인시 수지구","S090004963","손곡초등학교","02","공립","N","","42","864","42","0","4600000","0","0","0","0","0"
"경기도교육청","경기도용인교육지원청","경기도 용인시 기흥구","S090004964","갈곡초등학교","02","공립","N","","22","517","22","2","0","2","18","2","0","400000"
"경기도교육청","경기도용인교육지원청","경기도 용인시 기흥구","S090004965","성지초등학교","02","공립","N","","3","53","3","2","0","0","0","0","0","0"
"경기도교육청","경기도용인교육지원청","경기도 용인시 처인구","S090004966","삼가초등학교","02","공립","N","","25","632","25","2","100000","0","0","0","0","0"
"경기도교육청","경기도용인교육지원청","경기도 용인시 처인구","S090004967","용인성산초등학교","02","공립","N","","25","599","25","0","0","0","0","0","0","0"
"경기도교육청","경기도용인교육지원청","경기도 용인시 수지구","S090004978","용인신촌초등학교","02","공립","N","","41","1074","41","3","8480000","35","929","35","0","0"
"경기도교육청","경기도파주교육지원청","경기도 파주시","S090004980","금화초등학교","02","공립","N","","25","602","25","0","0","4","56","4","1","250000"
"경기도교육청","경기도파주교육지원청","경기도 파주시","S090004981","금릉초등학교","02","공립","N","","8","802","33","6","16830000","20","136","20","0","1000000"
"경기도교육청","경기도포천교육지원청","경기도 포천시","S090004998","신봉초등학교","02","공립","N","","10","194","10","0","0","0","0","0","0","0"
"경기도교육청","경기도수원교육지원청","경기도 수원시 장안구","S090005003","수일초등학교","02","공립","N","","7","154","7","7","3300000","0","0","0","0","0"
"경기도교육청","경기도수원교육지원청","경기도 수원시 권선구","S090005004","입북초등학교","02","공립","N","","12","998","41","8","0","0","0","0","0","0"
"경기도교육청","경기도수원교육지원청","경기도 수원시 영통구","S090005005","대선초등학교","02","공립","N","","46","1239","46","0","5600000","0","0","0","0","0"
"경기도교육청","경기도수원교육지원청","경기도 수원시 영통구","S090005006","수원매화초등학교","02","공립","N","","16","401","16","0","2400000","3","69","3","7","13690000"
"경기도교육청","경기도수원교육지원청","경기도 수원시 팔달구","S090005007","팔달초등학교","02","공립","N","","26","652","26","0","8520000","30","741","30","0","5905000"
"경기도교육청","경기도성남교육지원청","경기도 성남시 수정구","S090005008","성남양지초등학교","02","공립","N","","12","312","12","0","0","0","0","0","0","0"
"경기도교육청","경기도안양과천교육지원청","경기도 안양시 동안구","S090005009","샘모루초등학교","02","공립","N","","12","383","15","12","1000000","2","256","10","0","0"
"경기도교육청","경기도안양과천교육지원청","경기도 안양시 만안구","S090005010","화창초등학교","02","공립","N","","19","444","19","0","2280000","1","12","1","0","608000"
"경기도교육청","경기도부천교육지원청","경기도 부천시 소사구","S090005011","부천송일초등학교","02","공립","N","","21","535","21","21","8400000","2","13","2","0","500000"
"경기도교육청","경기도동두천양주교육지원청","경기도 동두천시","S090005012","이담초등학교","02","공립","N","","27","643","27","0","2000000","2","35","2","0","2000000"
"경기도교육청","경기도화성오산교육지원청","경기도 화성시 병점구","S090005013","구봉초등학교","02","공립","N","","44","1152","44","0","3200000","0","0","0","0","0"
"경기도교육청","경기도화성오산교육지원청","경기도 화성시 병점구","S090005014","기산초등학교","02","공립","N","","24","599","24","0","0","11","423","27","0","3000000"
"경기도교육청","경기도화성오산교육지원청","경기도 화성시 병점구","S090005015","안화초등학교","02","공립","N","","30","782","30","0","1200000","38","782","38","0","8280000"
"경기도교육청","경기도화성오산교육지원청","경기도 화성시 병점구","S090005016","진안초등학교","02","공립","N","","28","745","28","7","1200000","0","0","0","0","0"
"경기도교육청","경기도화성오산교육지원청","경기도 화성시 병점구","S090005017","태안초등학교","02","공립","N","","25","659","25","0","0","2","21","3","0","1500000"
"경기도교육청","경기도화성오산교육지원청","경기도 화성시 병점구","S090005018","화성벌말초등학교","02","공립","N","","15","371","15","0","0","8","194","8","0","1000000"
"경기도교육청","경기도화성오산교육지원청","경기도 오산시","S090005019","대호초등학교","02","공립","N","","25","592","25","0","0","0","0","0","0","0"
"경기도교육청","경기도동두천양주교육지원청","경기도 양주시","S090005023","덕계초등학교","02","공립","N","","20","498","20","0","0","0","0","0","0","0"
"경기도교육청","경기도안산교육지원청","경기도 안산시 단원구","S090005024","안산호원초등학교","02","공립","N","","35","899","35","0","0","5","77","8","4","25150000"
"경기도교육청","경기도시흥교육지원청","경기도 시흥시","S090005025","웃터골초등학교","02","공립","N","","23","700","32","13","32500000","7","44","2","8","19500000"
"경기도교육청","경기도구리남양주교육지원청","경기도 남양주시","S090005026","남양주신촌초등학교","02","공립","N","","95","613","95","0","0","3","40","3","0","1800000"
"경기도교육청","경기도구리남양주교육지원청","경기도 남양주시","S090005027","장내초등학교","02","공립","N","","24","544","24","0","0","0","0","0","0","0"
"경기도교육청","경기도구리남양주교육지원청","경기도 남양주시","S090005028","판곡초등학교","02","공립","N","","37","987","37","0","0","13","115","13","0","2000000"
"경기도교육청","경기도구리남양주교육지원청","경기도 남양주시","S090005029","평동초등학교","02","공립","N","","23","588","22","1","0","23","588","22","1","1500000"
"경기도교육청","경기도파주교육지원청","경기도 파주시","S090005030","금향초등학교","02","공립","N","","18","547","21","0","1200000","7","48","7","7","800000"
"경기도교육청","경기도고양교육지원청","경기도 고양시 덕양구","S090005031","목암초등학교","02","공립","N","","36","951","36","0","1200000","10","73","10","0","3000000"
"경기도교육청","경기도김포교육지원청","경기도 김포시","S090005032","김포신풍초등학교","02","공립","N","","42","1095","42","42","14642350","48","1177","48","4","16570000"
"경기도교육청","경기도용인교육지원청","경기도 용인시 수지구","S090005036","대청초등학교","02","공립","N","","23","591","23","0","0","0","0","0","0","0"
"경기도교육청","경기도용인교육지원청","경기도 용인시 기흥구","S090005037","용인신릉초등학교","02","공립","N","","16","372","16","0","2040000","0","0","0","0","0"
"경기도교육청","경기도용인교육지원청","경기도 용인시 수지구","S090005041","신일초등학교","02","공립","N","","6","460","17","0","0","1","15","1","1","2000000"
"경기도교육청","경기도안양과천교육지원청","경기도 안양시 만안구","S090005042","안양호암초등학교","02","공립","N","","12","259","12","14","10000000","0","0","0","0","0"
"경기도교육청","경기도안양과천교육지원청","경기도 안양시 동안구","S090005043","나눔초등학교","02","공립","N","","11","228","11","5","4940000","0","0","0","0","0"
"경기도교육청","경기도의정부교육지원청","경기도 의정부시","S090005129","의정부효자초등학교","02","공립","N","","16","350","16","0","3000000","0","0","0","0","0"
"경기도교육청","경기도의정부교육지원청","경기도 의정부시","S090005130","동암초등학교","02","공립","N","","32","821","32","32","22260000","0","0","0","0","0"
"경기도교육청","경기도의정부교육지원청","경기도 의정부시","S090005131","버들개초등학교","02","공립","N","","6","674","28","0","0","6","32","6","0","1500000"
"경기도교육청","경기도부천교육지원청","경기도 부천시 소사구","S090005138","부천양지초등학교","02","공립","N","","22","390","22","14","6000000","16","390","16","0","2000000"
"경기도교육청","경기도동두천양주교육지원청","경기도 양주시","S090005139","삼숭초등학교","02","공립","N","","33","821","33","0","0","0","0","0","0","0"
"경기도교육청","경기도평택교육지원청","경기도 평택시","S090005141","평택송화초등학교","02","공립","N","","20","467","20","0","0","1","40","1","2","2000000"
"경기도교육청","경기도평택교육지원청","경기도 평택시","S090005142","장당초등학교","02","공립","N","","30","733","30","0","0","5","41","5","2","2500000"
"경기도교육청","경기도구리남양주교육지원청","경기도 남양주시","S090005145","사능초등학교","02","공립","N","","8","111","10","2","6400000","0","0","0","0","0"
"경기도교육청","경기도구리남양주교육지원청","경기도 남양주시","S090005146","남양주백봉초등학교","02","공립","N","","18","374","19","2","2850000","7","82","7","0","3350000"
"경기도교육청","경기도구리남양주교육지원청","경기도 남양주시","S090005147","양오초등학교","02","공립","N","","36","937","36","0","0","5","80","5","2","3865000"
"경기도교육청","경기도광주하남교육지원청","경기도 하남시","S090005152","신평초등학교","02","공립","N","","35","870","35","15","12000000","0","0","0","0","0"
"경기도교육청","경기도파주교육지원청","경기도 파주시","S090005154","새금초등학교","02","공립","N","","17","417","17","0","0","1","6","1","0","0"
"경기도교육청","경기도파주교육지원청","경기도 파주시","S090005155","석곶초등학교","02","공립","N","","34","856","34","0","2720000","1","8","1","0","900000"
"경기도교육청","경기도수원교육지원청","경기도 수원시 권선구","S090005179","효탑초등학교","02","공립","N","","17","354","17","0","0","0","0","0","0","0"
"경기도교육청","경기도부천교육지원청","경기도 부천시 원미구","S090005181","상미초등학교","02","공립","N","","10","180","10","0","2000000","8","120","7","1","5000000"
"경기도교육청","경기도동두천양주교육지원청","경기도 양주시","S090005182","광숭초등학교","02","공립","N","","24","560","24","0","0","0","0","0","0","0"
"경기도교육청","경기도평택교육지원청","경기도 평택시","S090005183","평택안일초등학교","02","공립","N","","37","1000","37","0","0","1","10","1","0","500000"
"경기도교육청","경기도평택교육지원청","경기도 평택시","S090005184","현일초등학교","02","공립","N","","28","670","28","1","2000000","6","93","6","0","7000000"
"경기도교육청","경기도구리남양주교육지원청","경기도 남양주시","S090005185","어람초등학교","02","공립","N","","37","1018","37","0","0","3","48","4","0","900000"
"경기도교육청","경기도여주교육지원청","경기도 여주시","S090005186","세종초등학교","02","공립","N","","37","994","37","1","1500000","5","38","5","0","2000000"
"경기도교육청","경기도화성오산교육지원청","경기도 화성시 만세구","S090005187","동양초등학교","02","공립","N","","37","956","37","0","0","9","113","9","1","1000000"
"경기도교육청","경기도화성오산교육지원청","경기도 화성시 효행구","S090005188","배양초등학교","02","공립","N","","15","314","11","4","9700000","0","0","0","0","0"
"경기도교육청","경기도안산교육지원청","경기도 안산시 상록구","S090005269","안산청석초등학교","02","공립","N","","20","466","20","6","16500000","1","17","1","0","0"
"경기도교육청","경기도안산교육지원청","경기도 안산시 상록구","S090005270","팔곡초등학교","02","공립","N","","6","114","6","12","0","0","0","0","0","0"
"경기도교육청","경기도포천교육지원청","경기도 포천시","S090005288","태봉초등학교","02","공립","N","","27","700","27","0","0","2","39","2","0","3400000"
"경기도교육청","경기도안산교육지원청","경기도 안산시 상록구","S090005294","안산창촌초등학교","02","공립","N","","17","386","17","0","0","0","0","0","0","0"
"경기도교육청","경기도안산교육지원청","경기도 안산시 상록구","S090005295","안산해양초등학교","02","공립","N","","19","484","19","0","0","0","0","0","0","0"
"경기도교육청","경기도부천교육지원청","경기도 부천시 오정구","S090005313","동산초등학교","02","공립","N","","16","381","16","0","0","0","0","0","0","0"
"경기도교육청","경기도용인교육지원청","경기도 용인시 기흥구","S090005324","동막초등학교","02","공립","N","","28","692","28","0","0","14","82","14","0","1500000"
"경기도교육청","경기도용인교육지원청","경기도 용인시 기흥구","S090005325","석성초등학교","02","공립","N","","28","725","28","0","0","0","0","0","0","0"
"경기도교육청","경기도용인교육지원청","경기도 용인시 기흥구","S090005330","동백초등학교","02","공립","N","","60","934","60","0","0","0","0","0","0","0"
"경기도교육청","경기도용인교육지원청","경기도 용인시 기흥구","S090005332","용인백현초등학교","02","공립","N","","22","609","22","0","0","0","0","0","0","0"
"경기도교육청","경기도수원교육지원청","경기도 수원시 권선구","S090005334","서평초등학교","02","공립","N","","9","187","9","9","0","1","10","1","0","520000"
"경기도교육청","경기도수원교육지원청","경기도 수원시 권선구","S090005337","오현초등학교","02","공립","N","","31","768","31","0","600000","0","0","0","0","0"
"경기도교육청","경기도용인교육지원청","경기도 용인시 기흥구","S090005339","용인초당초등학교","02","공립","N","","27","660","27","0","0","15","102","15","0","1000000"
"경기도교육청","경기도고양교육지원청","경기도 고양시 일산서구","S090005341","가좌초등학교","02","공립","N","","28","719","28","0","4800000","1","5","1","0","2000000"
"경기도교육청","경기도동두천양주교육지원청","경기도 양주시","S090005344","도둔초등학교","02","공립","N","","18","413","18","0","1800000","11","113","11","0","3000000"
"경기도교육청","경기도평택교육지원청","경기도 평택시","S090005357","평택도곡초등학교","02","공립","N","","29","650","30","3","13450000","1","10","1","0","400000"
"경기도교육청","경기도화성오산교육지원청","경기도 화성시 병점구","S090005363","안녕초등학교","02","공립","N","","19","425","19","0","8000000","0","0","0","0","0"
"경기도교육청","경기도화성오산교육지원청","경기도 오산시","S090005366","가수초등학교","02","공립","N","","19","455","19","0","0","0","0","0","0","0"
"경기도교육청","경기도파주교육지원청","경기도 파주시","S090005369","두일초등학교","02","공립","N","","26","685","26","0","0","12","97","12","0","1000000"
"경기도교육청","경기도화성오산교육지원청","경기도 오산시","S090005372","수청초등학교","02","공립","N","","20","494","20","4","0","4","49","4","2","7300000"
"경기도교육청","경기도파주교육지원청","경기도 파주시","S090005373","와석초등학교","02","공립","N","","56","1498","56","0","0","27","192","27","0","2000000"
"경기도교육청","경기도김포교육지원청","경기도 김포시","S090005375","통진초등학교","02","공립","N","","16","373","16","0","0","0","0","0","0","0"
"경기도교육청","경기도고양교육지원청","경기도 고양시 일산동구","S090005393","다솜초등학교","02","공립","N","","27","699","27","0","0","0","0","0","0","0"
"경기도교육청","경기도안산교육지원청","경기도 안산시 단원구","S090005395","덕인초등학교","02","공립","N","","17","433","17","0","0","3","40","2","2","12660000"
"경기도교육청","경기도파주교육지원청","경기도 파주시","S090005397","문발초등학교","02","공립","Y","본교에 해당항목 사항이 없음","","","","","","","","","",""
"경기도교육청","경기도부천교육지원청","경기도 부천시 소사구","S090005402","소안초등학교","02","공립","N","","26","386","26","0","1200000","2","21","2","2","17000000"
"경기도교육청","경기도동두천양주교육지원청","경기도 양주시","S090005404","신지초등학교","02","공립","N","","15","284","15","0","0","0","0","0","0","0"
"경기도교육청","경기도화성오산교육지원청","경기도 오산시","S090005406","오산원당초등학교","02","공립","N","","20","306","20","20","7620000","1","6","1","0","0"
"경기도교육청","경기도시흥교육지원청","경기도 시흥시","S090005408","월포초등학교","02","공립","N","","8","140","8","8","12760000","0","0","0","0","0"
"경기도교육청","경기도고양교육지원청","경기도 고양시 일산동구","S090005411","풍동초등학교","02","공립","N","","16","380","16","8","2500000","0","0","0","0","0"
"경기도교육청","경기도화성오산교육지원청","","S090005412","학동초등학교","02","공립","N","","38","996","38","0","0","2","52","2","0","3000000"
"경기도교육청","경기도화성오산교육지원청","경기도 화성시 동탄구","S090005471","화성금곡초등학교","02","공립","N","","40","973","40","19","8680000","3","33","3","0","3000000"
"경기도교육청","경기도평택교육지원청","경기도 평택시","S090005472","반지초등학교","02","공립","N","","37","946","37","37","8880000","6","63","6","0","2100000"
"경기도교육청","경기도화성오산교육지원청","","S090005474","석우초등학교","02","공립","N","","18","783","31","0","3975000","2","11","2","0","1930000"
"경기도교육청","경기도화성오산교육지원청","경기도 오산시","S090005476","오산원일초등학교","02","공립","N","","35","903","35","0","0","8","103","8","0","2000000"
"경기도교육청","경기도용인교육지원청","경기도 용인시 기흥구","S090005478","용인한일초등학교","02","공립","N","","18","397","18","0","0","10","214","10","0","2000000"
"경기도교육청","경기도용인교육지원청","경기도 용인시 기흥구","S090005480","나산초등학교","02","공립","N","","33","821","33","0","600000","0","0","0","0","0"
"경기도교육청","경기도화성오산교육지원청","","S090005487","와우초등학교","02","공립","N","","27","664","27","0","9200000","2","49","2","0","2000000"
"경기도교육청","경기도구리남양주교육지원청","경기도 남양주시","S090005494","예봉초등학교","02","공립","N","","24","602","24","24","14200000","16","169","16","0","1500000"
"경기도교육청","경기도동두천양주교육지원청","경기도 양주시","S090005495","주원초등학교","02","공립","N","","23","283","23","0","1400000","3","44","3","0","2100000"
"경기도교육청","경기도고양교육지원청","경기도 고양시 일산동구","S090005496","하늘초등학교","02","공립","N","","6","617","25","7","0","3","55","3","0","12200000"
"경기도교육청","경기도화성오산교육지원청","","S090005588","동화초등학교","02","공립","N","","57","756","57","2","4840000","0","0","0","0","0"
"경기도교육청","경기도화성오산교육지원청","경기도 화성시 동탄구","S090005589","반석초등학교","02","공립","N","","76","1981","76","1","319300000","8","108","8","0","18800000"
"경기도교육청","경기도화성오산교육지원청","경기도 화성시 효행구","S090005591","상봉초등학교","02","공립","N","","34","857","34","17","3400000","10","132","10","0","2990000"
"경기도교육청","경기도화성오산교육지원청","경기도 화성시 동탄구","S090005593","솔빛초등학교","02","공립","N","","50","1346","50","0","7500000","2","48","2","0","4810000"
"경기도교육청","경기도화성오산교육지원청","경기도 오산시","S090005594","오산고현초등학교","02","공립","N","","42","1106","42","5","20260000","2","24","2","1","2300000"
"경기도교육청","경기도화성오산교육지원청","경기도 화성시 병점구","S090005595","율목초등학교","02","공립","N","","30","674","30","0","5840000","2","50","2","0","1669000"
"경기도교육청","경기도화성오산교육지원청","","S090005597","반송초등학교","02","공립","N","","40","1042","40","0","4200000","1","18","1","1","1800000"
"경기도교육청","경기도부천교육지원청","경기도 부천시 오정구","S090005603","성곡초등학교","02","공립","N","","16","359","16","0","0","0","0","0","0","0"
"경기도교육청","경기도고양교육지원청","경기도 고양시 일산동구","S090005607","모당초등학교","02","공립","N","","28","724","28","0","1500000","1","9","1","0","600000"
"경기도교육청","경기도용인교육지원청","경기도 용인시 기흥구","S090005610","청덕초등학교","02","공립","N","","12","823","32","2","0","0","0","0","0","0"
"경기도교육청","경기도시흥교육지원청","경기도 시흥시","S090005612","시흥능곡초등학교","02","공립","N","","19","469","19","6","11350000","0","0","0","0","0"
"경기도교육청","경기도김포교육지원청","경기도 김포시","S090005617","장기초등학교","02","공립","N","","7","905","35","4","11450000","4","45","4","2","1300000"
"경기도교육청","경기도성남교육지원청","경기도 성남시 중원구","S090005621","도촌초등학교","02","공립","N","","35","885","35","0","3500000","6","885","35","0","3500000"
"경기도교육청","경기도군포의왕교육지원청","경기도 군포시","S090005627","군포대야초등학교","02","공립","N","","9","181","9","0","3600000","2","18","2","1","5500000"
"경기도교육청","경기도군포의왕교육지원청","경기도 의왕시","S090005628","모락초등학교","02","공립","N","","17","401","17","0","3400000","0","0","0","0","0"
"경기도교육청","경기도화성오산교육지원청","경기도 화성시 동탄구","S090005644","능동초등학교","02","공립","N","","9","230","9","0","3600000","0","0","0","0","0"
"경기도교육청","경기도화성오산교육지원청","경기도 화성시 만세구","S090005645","도이초등학교","02","공립","N","","0","0","0","0","0","9","121","9","0","4000000"
"경기도교육청","경기도화성오산교육지원청","경기도 화성시 효행구","S090005646","수영초등학교","02","공립","N","","17","379","17","0","0","13","99","13","0","1137860"
"경기도교육청","경기도화성오산교육지원청","경기도 화성시 동탄구","S090005647","예당초등학교","02","공립","N","","26","653","26","0","0","3","50","3","0","1000000"
"경기도교육청","경기도부천교육지원청","경기도 부천시 원미구","S090005648","중동초등학교","02","공립","N","","30","778","30","0","0","11","280","11","0","1500000"
"경기도교육청","경기도화성오산교육지원청","경기도 화성시 동탄구","S090005649","푸른초등학교","02","공립","N","","50","1320","50","0","0","6","119","6","1","2060000"
"경기도교육청","경기도화성오산교육지원청","경기도 화성시 동탄구","S090005650","한마음초등학교","02","공립","N","","35","875","35","0","8300000","3","35","3","0","3000000"
"경기도교육청","경기도화성오산교육지원청","경기도 화성시 만세구","S090005651","한울초등학교","02","공립","N","","26","1198","46","6","4600000","0","0","0","0","0"
"경기도교육청","경기도화성오산교육지원청","경기도 화성시 만세구","S090005652","행정초등학교","02","공립","N","","6","1029","38","0","0","3","84","3","3","7820000"
"경기도교육청","경기도구리남양주교육지원청","경기도 남양주시","S090005678","가운초등학교","02","공립","N","","15","356","15","0","0","2","16","2","0","300000"
"경기도교육청","경기도평택교육지원청","경기도 평택시","S090005680","송현초등학교","02","공립","N","","12","243","12","0","1500000","4","43","4","0","401100"
"경기도교육청","경기도김포교육지원청","경기도 김포시","S090005682","신곡초등학교","02","공립","N","","31","836","31","0","0","5","65","5","4","3000000"
"경기도교육청","경기도광주하남교육지원청","경기도 하남시","S090005686","하남풍산초등학교","02","공립","N","","22","520","22","0","4400000","4","45","4","0","800000"
"경기도교육청","경기도고양교육지원청","경기도 고양시 덕양구","S090005687","아람초등학교","02","공립","N","","32","315","32","2","3000000","1","15","1","0","500000"
"경기도교육청","경기도안산교육지원청","경기도 안산시 단원구","S090005688","안산대월초등학교","02","공립","N","","18","438","18","0","0","0","0","0","0","0"
"경기도교육청","경기도안산교육지원청","경기도 안산시 단원구","S090005690","신길초등학교","02","공립","N","","24","582","28","2","6240000","6","51","6","1","1300000"
"경기도교육청","경기도성남교육지원청","경기도 성남시 분당구","S090005692","성남송현초등학교","02","공립","N","","41","1062","41","0","6150000","0","0","0","0","0"
"경기도교육청","경기도수원교육지원청","경기도 수원시 팔달구","S090005693","매여울초등학교","02","공립","N","","23","510","23","7","26400000","7","66","7","0","2600000"
"경기도교육청","경기도성남교육지원청","경기도 성남시 분당구","S090005695","보평초등학교","02","공립","N","","20","493","19","14","17750000","27","185","27","0","1000000"
"경기도교육청","경기도성남교육지원청","경기도 성남시 분당구","S090005696","운중초등학교","02","공립","N","","23","598","23","0","0","0","0","0","0","0"
"경기도교육청","경기도성남교육지원청","경기도 성남시 분당구","S090005702","판교초등학교","02","공립","N","","36","951","36","0","0","8","48","8","0","1500000"
"경기도교육청","경기도성남교육지원청","경기도 성남시 분당구","S090005703","산운초등학교","02","공립","N","","25","613","25","0","5000000","1","15","1","0","700000"
"경기도교육청","경기도구리남양주교육지원청","경기도 남양주시","S090005705","구룡초등학교","02","공립","N","","39","990","39","0","0","0","0","0","0","0"
"경기도교육청","경기도구리남양주교육지원청","경기도 구리시","S090005706","건원초등학교","02","공립","N","","12","254","12","4","5500000","2","80","2","0","3500000"
"경기도교육청","경기도구리남양주교육지원청","경기도 남양주시","S090005708","진접초등학교","02","공립","N","","33","845","33","0","0","5","29","6","0","3600000"
"경기도교육청","경기도구리남양주교육지원청","경기도 남양주시","S090005710","차산초등학교","02","공립","N","","20","464","22","2","0","0","0","0","0","0"
"경기도교육청","경기도광명교육지원청","경기도 광명시","S090005739","충현초등학교","02","공립","N","","27","673","27","0","0","20","122","20","0","5560000"
"경기도교육청","경기도광명교육지원청","경기도 광명시","S090005740","구름산초등학교","02","공립","N","","39","930","39","0","5400000","14","61","14","0","1420000"
"경기도교육청","경기도김포교육지원청","경기도 김포시","S090005742","걸포초등학교","02","공립","N","","20","500","20","0","0","5","67","5","3","9835000"
"경기도교육청","경기도광명교육지원청","경기도 광명시","S090005744","안현초등학교","02","공립","N","","45","1135","45","0","5607000","10","58","10","0","1413000"
"경기도교육청","경기도화성오산교육지원청","경기도 오산시","S090005747","문시초등학교","02","공립","N","","31","815","31","7","10000000","1","15","1","1","1130000"
"경기도교육청","경기도용인교육지원청","경기도 용인시 기흥구","S090005748","공세초등학교","02","공립","N","","20","370","20","1","5130000","2","19","2","0","1800000"
"경기도교육청","경기도용인교육지원청","경기도 용인시 수지구","S090005750","용인한빛초등학교","02","공립","N","","35","891","35","0","0","10","81","10","0","1000000"
"경기도교육청","경기도용인교육지원청","경기도 용인시 처인구","S090005751","둔전제일초등학교","02","공립","N","","21","504","21","3","6500000","19","462","21","0","0"
"경기도교육청","경기도화성오산교육지원청","경기도 오산시","S090005763","양산초등학교","02","공립","N","","5","634","25","2","0","0","0","0","0","0"
"경기도교육청","경기도평택교육지원청","경기도 평택시","S090005765","용이초등학교","02","공립","N","","42","1093","42","0","5460000","3","65","2","1","4000000"
"경기도교육청","경기도군포의왕교육지원청","경기도 의왕시","S090005771","내동초등학교","02","공립","N","","32","830","32","12","0","0","0","0","0","0"
"경기도교육청","경기도용인교육지원청","경기도 용인시 기흥구","S090005773","석현초등학교","02","공립","N","","31","513","21","15","8150000","2","22","2","0","300000"
"경기도교육청","경기도용인교육지원청","경기도 용인시 기흥구","S090005774","흥덕초등학교","02","공립","N","","18","387","18","0","0","4","50","3","1","1100000"
"경기도교육청","경기도구리남양주교육지원청","경기도 남양주시","S090005780","남양주덕송초등학교","02","공립","N","","34","868","34","10","31960000","4","35","4","0","2000000"
"경기도교육청","경기도구리남양주교육지원청","경기도 남양주시","S090005784","별가람초등학교","02","공립","N","","27","706","27","6","2660000","0","0","0","0","0"
"경기도교육청","경기도동두천양주교육지원청","경기도 양주시","S090005805","만송초등학교","02","공립","N","","18","416","18","18","21280000","0","0","0","0","0"
"경기도교육청","경기도화성오산교육지원청","경기도 화성시 동탄구","S090005807","숲속초등학교","02","공립","N","","26","648","26","0","1100000","2","46","2","0","2000000"
"경기도교육청","경기도시흥교육지원청","경기도 시흥시","S090005809","승지초등학교","02","공립","N","","21","468","21","10","46900000","1","22","2","0","2000000"
"경기도교육청","경기도화성오산교육지원청","경기도 오산시","S090005816","세미초등학교","02","공립","N","","70","1882","70","8","49657000","15","132","15","0","0"
"경기도교육청","경기도화성오산교육지원청","경기도 오산시","S090005818","필봉초등학교","02","공립","N","","30","789","30","0","6000000","2","24","1","3","6880000"
"경기도교육청","경기도수원교육지원청","경기도 수원시 권선구","S090005839","선행초등학교","02","공립","N","","24","637","24","6","24000000","1","8","1","0","0"
"경기도교육청","경기도군포의왕교육지원청","경기도 군포시","S090005846","군포신기초등학교","02","공립","N","","78","745","78","0","0","10","87","10","0","2750000"
"경기도교육청","경기도광주하남교육지원청","경기도 광주시","S090005847","벌원초등학교","02","공립","N","","20","494","20","5","18400000","4","53","3","1","15000000"
"경기도교육청","경기도광명교육지원청","경기도 광명시","S090005848","빛가온초등학교","02","공립","N","","34","874","34","0","8160000","5","106","5","0","1560000"
"경기도교육청","경기도안양과천교육지원청","경기도 안양시 동안구","S090005852","해오름초등학교","02","공립","N","","6","428","18","0","0","1","10","1","0","1000000"
"경기도교육청","경기도김포교육지원청","경기도 김포시","S090005853","솔터초등학교","02","공립","N","","47","1212","47","0","0","2","63","2","0","1000000"
"경기도교육청","경기도파주교육지원청","경기도 파주시","S090005854","자유초등학교","02","공립","N","","34","875","34","0","5100000","8","59","8","0","1500000"
"경기도교육청","경기도고양교육지원청","경기도 고양시 일산서구","S090005855","한산초등학교","02","공립","N","","33","873","33","0","2000000","1","20","1","0","1000000"
"경기도교육청","경기도고양교육지원청","경기도 고양시 일산서구","S090005856","백송초등학교","02","공립","N","","34","867","34","0","0","0","0","0","0","0"
"경기도교육청","경기도안성교육지원청","경기도 안성시","S090005860","만정초등학교","02","공립","N","","35","932","35","35","23936000","4","50","3","3","13600000"
"경기도교육청","경기도용인교육지원청","경기도 용인시 수지구","S090005862","새빛초등학교","02","공립","N","","41","1002","41","0","0","3","25","3","0","500000"
"경기도교육청","경기도용인교육지원청","경기도 용인시 기흥구","S090005864","서농초등학교","02","공립","N","","52","1369","52","0","455200","0","0","0","0","0"
"경기도교육청","경기도파주교육지원청","경기도 파주시","S090005867","가온초등학교","02","공립","N","","30","806","30","0","900000","8","133","10","5","12500000"
"경기도교육청","경기도김포교육지원청","경기도 김포시","S090005869","김포한가람초등학교","02","공립","N","","26","704","26","0","0","26","704","26","0","3600000"
"경기도교육청","경기도김포교육지원청","경기도 김포시","S090005873","보름초등학교","02","공립","N","","16","1540","57","0","0","0","0","0","0","0"
"경기도교육청","경기도화성오산교육지원청","경기도 화성시 동탄구","S090005874","예원초등학교","02","공립","N","","10","396","17","4","1680000","5","35","5","0","570000"
"경기도교육청","경기도수원교육지원청","경기도 수원시 영통구","S090005879","광교초등학교","02","공립","N","","45","1218","45","4","0","0","0","0","0","0"
"경기도교육청","경기도수원교육지원청","경기도 수원시 영통구","S090005882","이의초등학교","02","공립","N","","87","1028","87","0","4100000","4","23","4","0","0"
"경기도교육청","경기도김포교육지원청","경기도 김포시","S090005883","가현초등학교","02","공립","N","","48","1301","48","6","17200000","6","185","9","0","22360000"
"경기도교육청","경기도김포교육지원청","경기도 김포시","S090005885","푸른솔초등학교","02","공립","N","","50","1326","50","0","0","0","0","0","0","0"
"경기도교육청","경기도평택교육지원청","경기도 평택시","S090005888","청옥초등학교","02","공립","N","","53","1409","53","0","7200000","4","91","4","0","3000000"
"경기도교육청","경기도수원교육지원청","경기도 수원시 권선구","S090005894","수원중촌초등학교","02","공립","N","","33","851","33","0","0","0","0","0","0","0"
"경기도교육청","경기도수원교육지원청","경기도 수원시 권선구","S090005896","수원금호초등학교","02","공립","N","","68","1875","68","0","0","1","29","1","0","5000000"
"경기도교육청","경기도수원교육지원청","경기도 수원시 권선구","S090005897","능실초등학교","02","공립","N","","52","1418","52","0","0","6","81","6","0","1000000"
"경기도교육청","경기도군포의왕교육지원청","경기도 의왕시","S090005912","포일초등학교","02","공립","N","","23","527","23","4","4940000","0","0","0","0","0"
"경기도교육청","경기도성남교육지원청","경기도 성남시 중원구","S090005914","성남여수초등학교","02","공립","N","","30","759","30","0","3000000","1","100","4","0","1000000"
"경기도교육청","경기도구리남양주교육지원청","경기도 남양주시","S090005988","부평초등학교","02","공립","N","","35","901","35","35","9710000","1","18","4","0","1000000"
"경기도교육청","경기도김포교육지원청","경기도 김포시","S090006026","김포금빛초등학교","02","공립","N","","63","1700","63","0","0","0","0","0","0","0"
"경기도교육청","경기도김포교육지원청","경기도 김포시","S090006030","은여울초등학교","02","공립","N","","65","1921","65","0","0","0","0","0","0","0"
"경기도교육청","경기도김포교육지원청","경기도 김포시","S090006033","나비초등학교","02","공립","N","","41","1090","41","2","2720000","0","0","0","0","0"
"경기도교육청","경기도용인교육지원청","경기도 용인시 처인구","S090006039","함박초등학교","02","공립","N","","34","1336","34","3","24100000","11","88","11","0","1000000"
"경기도교육청","경기도김포교육지원청","경기도 김포시","S090006040","운유초등학교","02","공립","N","","61","1457","61","4","7500000","0","0","0","0","0"
"경기도교육청","경기도용인교육지원청","경기도 용인시 기흥구","S090006042","중일초등학교","02","공립","N","","30","808","30","0","1500000","0","0","0","0","0"
"경기도교육청","경기도김포교육지원청","경기도 김포시","S090006046","청수초등학교","02","공립","N","","66","1959","66","0","6600000","0","0","0","0","0"
"경기도교육청","경기도동두천양주교육지원청","경기도 양주시","S090006053","율빛초등학교","02","공립","N","","41","931","40","1","5000000","1","12","2","0","1000000"
"경기도교육청","경기도동두천양주교육지원청","경기도 양주시","S090006058","율정초등학교","02","공립","N","","27","644","27","0","0","0","0","0","0","0"
"경기도교육청","경기도동두천양주교육지원청","경기도 양주시","S090006061","옥정초등학교","02","공립","N","","74","199","74","0","4500000","4","51","4","0","0"
"경기도교육청","경기도동두천양주교육지원청","경기도 양주시","S090006062","연푸른초등학교","02","공립","N","","29","578","28","1","2000000","0","0","0","0","0"
"경기도교육청","경기도동두천양주교육지원청","경기도 양주시","S090006063","옥빛초등학교","02","공립","N","","33","1666","60","0","0","6","61","6","0","1000000"
"경기도교육청","경기도광주하남교육지원청","경기도 광주시","S090006082","고산하늘초등학교","02","공립","N","","22","556","22","0","1500000","0","0","0","0","0"
"경기도교육청","경기도고양교육지원청","경기도 고양시 덕양구","S090006096","고양오금초등학교","02","공립","N","","33","831","34","5","0","1","15","1","0","625000"
"경기도교육청","경기도광주하남교육지원청","경기도 광주시","S090006100","신현초등학교","02","공립","N","","74","1904","74","74","25900000","6","49","6","0","2000000"
"경기도교육청","경기도성남교육지원청","경기도 성남시 수정구","S090006104","위례한빛초등학교","02","공립","N","","38","1001","38","2","3600000","10","72","10","0","900000"
"경기도교육청","경기도성남교육지원청","경기도 성남시 수정구","S090006107","위례푸른초등학교","02","공립","N","","37","984","37","0","0","1","9","1","0","5500000"
"경기도교육청","경기도성남교육지원청","경기도 성남시 수정구","S090006108","위례고운초등학교","02","공립","N","","22","390","21","1","3000000","1","12","1","0","100000"
"경기도교육청","경기도성남교육지원청","경기도 성남시 수정구","S090006109","위례중앙초등학교","02","공립","N","","23","579","23","0","2300000","0","0","0","0","0"
"경기도교육청","경기도광주하남교육지원청","경기도 광주시","S090006112","한아람초등학교","02","공립","N","","49","1292","49","0","0","14","120","14","0","3000000"
"경기도교육청","경기도광주하남교육지원청","경기도 광주시","S090006113","태성초등학교","02","공립","N","","53","1500","53","0","0","10","77","10","0","2000000"
"경기도교육청","경기도시흥교육지원청","경기도 시흥시","S090006122","배곧초등학교","02","공립","N","","3","68","4","1","8500000","7","59","4","3","8650000"
"경기도교육청","경기도시흥교육지원청","경기도 시흥시","S090006123","배곧라온초등학교","02","공립","N","","7","1706","61","7","27900000","0","0","0","0","0"
"경기도교육청","경기도시흥교육지원청","경기도 시흥시","S090006131","산현초등학교","02","공립","N","","10","1050","39","5","22800000","0","0","0","0","0"
"경기도교육청","경기도시흥교육지원청","경기도 시흥시","S090006132","운흥초등학교","02","공립","N","","12","1295","49","12","8235000","10","58","10","0","500000"
"경기도교육청","경기도시흥교육지원청","경기도 시흥시","S090006133","조남초등학교","02","공립","N","","27","726","27","7","27250000","14","96","14","0","1700000"
"경기도교육청","경기도시흥교육지원청","경기도 시흥시","S090006152","생금초등학교","02","공립","N","","17","424","17","0","1360000","0","0","0","0","0"
"경기도교육청","경기도화성오산교육지원청","경기도 화성시 만세구","S090006153","화원초등학교","02","공립","N","","29","774","29","0","5811810","0","0","0","0","0"
"경기도교육청","경기도화성오산교육지원청","경기도 화성시 만세구","S090006154","하길초등학교","02","공립","N","","53","1425","53","0","0","0","0","0","0","0"
"경기도교육청","경기도수원교육지원청","경기도 수원시 권선구","S090006157","곡정초등학교","02","공립","N","","123","1468","123","0","6000000","2","31","2","0","5000000"
"경기도교육청","경기도파주교육지원청","경기도 파주시","S090006164","산내초등학교","02","공립","N","","81","2167","81","0","0","25","191","22","3","14875000"
"경기도교육청","경기도화성오산교육지원청","경기도 오산시","S090006418","금암초등학교","02","공립","N","","24","595","24","52","0","28","644","30","1","4815000"
"경기도교육청","경기도동두천양주교육지원청","경기도 양주시","S090006419","광사초등학교","02","공립","N","","28","710","28","0","0","5","66","5","0","2000000"
"경기도교육청","경기도광주하남교육지원청","경기도 하남시","S090006421","나룰초등학교","02","공립","N","","33","543","33","2","1500000","0","0","0","0","0"
"경기도교육청","경기도김포교육지원청","경기도 김포시","S090006425","마송중앙초등학교","02","공립","N","","20","446","20","0","2000000","21","488","21","0","9600000"
"경기도교육청","경기도군포의왕교육지원청","경기도 군포시","S090006431","부곡중앙초등학교","02","공립","N","","26","651","26","0","7800000","5","62","5","1","5776000"
"경기도교육청","경기도고양교육지원청","경기도 고양시 덕양구","S090006432","서정초등학교","02","공립","N","","40","318","28","12","1160000","2","35","1","1","1600000"
"경기도교육청","경기도성남교육지원청","경기도 성남시 분당구","S090006433","성남화랑초등학교","02","공립","N","","32","869","32","6","6400000","3","33","3","0","4360000"
"경기도교육청","경기도용인교육지원청","경기도 용인시 수지구","S090006434","성서초등학교","02","공립","N","","28","736","28","16","0","0","0","0","0","0"
"경기도교육청","경기도성남교육지원청","경기도 성남시 분당구","S090006439","신백현초등학교","02","공립","N","","22","399","22","0","6300000","7","57","7","0","1600000"
"경기도교육청","경기도김포교육지원청","경기도 김포시","S090006440","신양초등학교","02","공립","N","","23","776","24","0","2400000","0","0","0","0","0"
"경기도교육청","경기도고양교육지원청","경기도 고양시 일산동구","S090006443","양일초등학교","02","공립","N","","47","1247","47","0","0","2","35","2","0","0"
"경기도교육청","경기도용인교육지원청","경기도 용인시 수지구","S090006445","용인신봉초등학교","02","공립","N","","40","1007","40","1","11000000","2","40","2","0","2000000"
"경기도교육청","경기도파주교육지원청","경기도 파주시","S090006446","운광초등학교","02","공립","N","","35","897","35","0","2000000","5","60","5","0","2000000"
"경기도교육청","경기도이천교육지원청","경기도 이천시","S090006449","이천사동초등학교","02","공립","N","","24","587","28","0","2300000","0","0","0","0","0"
"경기도교육청","경기도구리남양주교육지원청","경기도 남양주시","S090006452","주곡초등학교","02","공립","N","","31","782","31","0","2000000","0","0","0","0","0"
"경기도교육청","경기도파주교육지원청","경기도 파주시","S090006454","한가람초등학교","02","공립","N","","6","1152","42","6","2500000","0","0","0","0","0"
"경기도교육청","경기도파주교육지원청","경기도 파주시","S090006455","한빛초등학교","02","공립","N","","0","0","0","0","0","36","716","36","0","5540000"
"경기도교육청","경기도군포의왕교육지원청","경기도 군포시","S090006456","한얼초등학교","02","공립","N","","12","586","26","26","26980000","0","0","0","0","0"
"경기도교육청","경기도파주교육지원청","경기도 파주시","S090006458","해솔초등학교","02","공립","N","","39","1020","39","0","3900000","95","1162","96","3","26500000"
"경기도교육청","경기도구리남양주교육지원청","경기도 남양주시","S090006459","화도초등학교","02","공립","N","","8","639","24","2","0","1","8","1","0","500000"
"경기도교육청","경기도구리남양주교육지원청","경기도 남양주시","S090006460","화봉초등학교","02","공립","N","","28","702","28","0","0","3","45","1","3","11492000"
"경기도교육청","경기도화성오산교육지원청","","S090006650","서경초등학교","02","공립","N","","30","746","31","0","0","0","0","0","0","0"
"경기도교육청","경기도화성오산교육지원청","","S090006651","화성반월초등학교","02","공립","N","","60","1573","60","0","6000000","4","80","1","3","9630000"
"경기도교육청","경기도용인교육지원청","경기도 용인시 처인구","S090006759","두창초등학교","02","공립","N","","2","19","2","0","987000","6","50","6","0","648660"
"경기도교육청","경기도고양교육지원청","경기도 고양시 덕양구","S090006770","고양동산초등학교","02","공립","N","","45","1212","45","0","0","1","10","1","0","0"
"경기도교육청","경기도평택교육지원청","경기도 평택시","S090006771","자란초등학교","02","공립","N","","23","585","23","0","1200000","0","0","0","0","0"
"경기도교육청","경기도수원교육지원청","경기도 수원시 권선구","S090006773","수원가온초등학교","02","공립","N","","11","1214","47","0","3900000","0","0","0","0","0"
"경기도교육청","경기도수원교육지원청","경기도 수원시 장안구","S090006774","다솔초등학교","02","공립","N","","50","1334","50","0","0","5","67","5","1","800000"
"경기도교육청","경기도김포교육지원청","경기도 김포시","S090006775","하늘빛초등학교","02","공립","N","","54","1524","54","10","7500000","1","6","1","0","0"
"경기도교육청","경기도김포교육지원청","경기도 김포시","S090006776","김포호수초등학교","02","공립","N","","56","1498","56","3","12180000","1","15","1","0","1000000"
"경기도교육청","경기도파주교육지원청","경기도 파주시","S090006778","운정초등학교","02","공립","N","","34","861","34","0","0","5","39","5","0","1200000"
"경기도교육청","경기도의정부교육지원청","경기도 의정부시","S090006799","의정부송산초등학교","02","공립","N","","55","1497","55","0","0","11","76","10","1","3000000"
"경기도교육청","경기도구리남양주교육지원청","경기도 남양주시","S090006801","남양주월산초등학교","02","공립","N","","30","737","30","2","11100000","6","77","6","0","1200000"
"경기도교육청","경기도구리남양주교육지원청","경기도 남양주시","S090006802","해밀초등학교","02","공립","N","","37","759","37","0","2000000","1","15","1","0","3000000"
"경기도교육청","경기도용인교육지원청","경기도 용인시 수지구","S090006847","매봉초등학교","02","공립","N","","35","884","35","0","5100000","0","0","0","0","0"
"경기도교육청","경기도광주하남교육지원청","경기도 하남시","S090006913","미사초등학교","02","공립","N","","45","1048","46","0","4000000","2","18","2","0","1200000"
"경기도교육청","경기도광주하남교육지원청","경기도 하남시","S090006914","미사강변초등학교","02","공립","N","","44","1213","44","4","16010000","55","1494","55","2","5300000"
"경기도교육청","경기도의정부교육지원청","경기도 의정부시","S090006926","삼현초등학교","02","공립","N","","36","955","36","2","3600000","18","132","18","0","3000000"
"경기도교육청","경기도화성오산교육지원청","경기도 화성시 동탄구","S090006930","동탄중앙초등학교","02","공립","N","","57","1593","57","0","0","0","0","0","0","0"
"경기도교육청","경기도화성오산교육지원청","","S090006931","화성청계초등학교","02","공립","N","","49","1304","49","0","0","1","20","1","1","2000000"
"경기도교육청","경기도화성오산교육지원청","경기도 화성시 동탄구","S090006932","아인초등학교","02","공립","N","","45","1242","45","0","3000000","1","8","1","0","1000000"
"경기도교육청","경기도화성오산교육지원청","경기도 화성시 동탄구","S090006933","무봉초등학교","02","공립","N","","27","711","27","0","0","1","8","1","0","0"
"경기도교육청","경기도화성오산교육지원청","경기도 화성시 동탄구","S090006935","예솔초등학교","02","공립","N","","34","874","34","0","0","3","90","3","0","3000000"
"경기도교육청","경기도화성오산교육지원청","경기도 화성시 동탄구","S090006936","청목초등학교","02","공립","N","","44","1148","44","0","4400000","4","55","4","1","4700000"
"경기도교육청","경기도화성오산교육지원청","","S090006937","왕배초등학교","02","공립","N","","6","1343","53","0","6750000","13","86","13","0","2000000"
"경기도교육청","경기도화성오산교육지원청","","S090006940","호연초등학교","02","공립","N","","6","879","32","0","0","2","25","2","0","500000"
"경기도교육청","경기도화성오산교육지원청","경기도 화성시 동탄구","S090006942","방교초등학교","02","공립","N","","81","1353","81","0","5000000","0","0","0","0","0"
"경기도교육청","경기도화성오산교육지원청","경기도 화성시 동탄구","S090006945","서연초등학교","02","공립","N","","52","1314","52","0","0","6","77","6","0","3000000"
"경기도교육청","경기도화성오산교육지원청","경기도 화성시 동탄구","S090006946","영천초등학교","02","공립","N","","33","807","33","0","0","2","46","2","0","3000000"
"경기도교육청","경기도화성오산교육지원청","경기도 화성시 동탄구","S090006947","한백초등학교","02","공립","N","","42","1114","42","0","3360000","4","40","4","0","2360000"
"경기도교육청","경기도고양교육지원청","경기도 고양시 덕양구","S090006954","도래울초등학교","02","공립","N","","42","976","42","3","5265000","1","13","1","0","2000000"
"경기도교육청","경기도구리남양주교육지원청","경기도 남양주시","S090006970","한별초등학교","02","공립","N","","67","1684","67","0","7600000","40","998","40","0","5250000"
"경기도교육청","경기도구리남양주교육지원청","경기도 남양주시","S090006971","남양주샛별초등학교","02","공립","N","","46","1192","46","0","0","0","0","0","0","0"
"경기도교육청","경기도양평교육지원청","경기도 양평군","S090006972","정배초등학교","02","공립","N","","6","54","6","0","900000","0","0","0","0","0"
"경기도교육청","경기도광주하남교육지원청","경기도 하남시","S090007038","위례초등학교","02","공립","N","","61","1674","61","61","47910000","7","46","7","0","1500000"
"경기도교육청","경기도광주하남교육지원청","경기도 하남시","S090007039","미사중앙초등학교","02","공립","N","","80","1618","80","1","3000000","3","46","3","0","2000000"
"경기도교육청","경기도평택교육지원청","경기도 평택시","S090007050","현촌초등학교","02","공립","N","","47","1255","47","0","4700000","0","0","0","0","0"
"경기도교육청","경기도안성교육지원청","경기도 안성시","S090007111","어울초등학교","02","공립","N","","25","595","25","9","39580000","10","210","10","0","4000000"
"경기도교육청","경기도부천교육지원청","경기도 부천시 소사구","S090007116","옥길버들초등학교","02","공립","N","","52","1382","52","0","0","0","0","0","0","0"
"경기도교육청","경기도부천교육지원청","경기도 부천시 소사구","S090007117","옥길산들초등학교","02","공립","N","","75","2004","75","0","0","0","0","0","0","0"
"경기도교육청","경기도용인교육지원청","경기도 용인시 기흥구","S090007135","샘말초등학교","02","공립","N","","41","1121","41","0","0","0","0","0","0","0"
"경기도교육청","경기도화성오산교육지원청","경기도 화성시 만세구","S090007139","송린초등학교","02","공립","N","","53","1479","53","0","0","4","44","4","2","10600000"
"경기도교육청","경기도화성오산교육지원청","경기도 화성시 동탄구","S090007140","한율초등학교","02","공립","N","","0","0","0","0","0","10","50","10","0","0"
"경기도교육청","경기도광주하남교육지원청","경기도 광주시","S090007159","역동초등학교","02","공립","N","","58","915","58","0","1800000","1","8","1","1","2900000"
"경기도교육청","경기도구리남양주교육지원청","경기도 구리시","S090007160","산마루초등학교","02","공립","N","","49","1108","49","3","7320000","1","10","1","0","800000"
"경기도교육청","경기도평택교육지원청","경기도 평택시","S090007161","평택이화초등학교","02","공립","N","","41","1206","41","0","0","16","99","16","0","2000000"
"경기도교육청","경기도광주하남교육지원청","경기도 하남시","S090007162","윤슬초등학교","02","공립","N","","53","1411","53","0","0","0","0","0","0","0"
"경기도교육청","경기도광주하남교육지원청","경기도 하남시","S090007163","한홀초등학교","02","공립","N","","31","846","31","0","0","0","0","0","0","0"
"경기도교육청","경기도광주하남교육지원청","경기도 하남시","S090007164","청아초등학교","02","공립","N","","63","1586","63","20","0","0","0","0","0","0"
"경기도교육청","경기도수원교육지원청","경기도 수원시 영통구","S090007194","광교호수초등학교","02","공립","N","","43","1147","43","2","5800000","4","56","4","3","5500000"
"경기도교육청","경기도시흥교육지원청","경기도 시흥시","S090007197","배곧한울초등학교","02","공립","N","","23","590","23","0","0","0","0","0","0","0"
"경기도교육청","경기도화성오산교육지원청","경기도 오산시","S090007217","다온초등학교","02","공립","N","","38","961","38","0","7400000","0","0","0","0","0"
"경기도교육청","경기도시흥교육지원청","경기도 시흥시","S090007226","배곧해솔초등학교","02","공립","N","","15","1640","60","15","47500000","4","65","4","0","1500000"
"경기도교육청","경기도수원교육지원청","경기도 수원시 영통구","S090007230","망포초등학교","02","공립","N","","78","2150","78","0","0","1","6","1","0","240000"
"경기도교육청","경기도용인교육지원청","경기도 용인시 기흥구","S090007235","용인한얼초등학교","02","공립","N","","51","1346","51","0","5100000","5","130","5","0","1000000"
"경기도교육청","경기도평택교육지원청","경기도 평택시","S090007236","평택청아초등학교","02","공립","N","","38","1031","38","0","0","5","74","5","0","9000000"
"경기도교육청","경기도구리남양주교육지원청","경기도 남양주시","S090007239","다산가람초등학교","02","공립","N","","48","1242","48","0","0","2","37","2","0","1200000"
"경기도교육청","경기도평택교육지원청","경기도 평택시","S090007240","용죽초등학교","02","공립","N","","65","1818","65","0","0","7","48","7","0","1900000"
"경기도교육청","경기도화성오산교육지원청","경기도 화성시 동탄구","S090007241","동탄목동초등학교","02","공립","N","","58","1549","58","0","0","2","36","2","0","4000000"
"경기도교육청","경기도화성오산교육지원청","경기도 화성시 동탄구","S090007244","다원초등학교","02","공립","N","","29","714","29","0","4000000","5","32","5","0","3000000"
"경기도교육청","경기도화성오산교육지원청","경기도 화성시 효행구","S090007255","효행초등학교","02","공립","N","","7","1610","60","0","6000000","3","40","3","0","1000000"
"경기도교육청","경기도화성오산교육지원청","경기도 화성시 만세구","S090007257","대양초등학교","02","공립","N","","15","1025","41","0","0","7","62","7","0","670000"
"경기도교육청","경기도화성오산교육지원청","경기도 화성시 동탄구","S090007263","치동초등학교","02","공립","N","","57","838","57","0","0","0","0","0","0","0"
"경기도교육청","경기도화성오산교육지원청","경기도 화성시 동탄구","S090007265","정현초등학교","02","공립","N","","52","1410","52","0","6000000","3","38","3","0","4000000"
"경기도교육청","경기도평택교육지원청","경기도 평택시","S090007268","가내초등학교","02","공립","N","","51","1383","68","2","8160000","0","0","0","0","0"
"경기도교육청","경기도광주하남교육지원청","경기도 광주시","S090007274","광주송정초등학교","02","공립","N","","11","641","30","0","1000000","0","0","0","0","0"
"경기도교육청","경기도구리남양주교육지원청","경기도 남양주시","S090007275","다산한강초등학교","02","공립","N","","75","2102","75","0","0","1","5","1","0","3600000"
"경기도교육청","경기도군포의왕교육지원청","경기도 의왕시","S090007277","백운호수초등학교","02","공립","N","","25","506","25","0","5643000","1","40","1","0","1605000"
"경기도교육청","경기도고양교육지원청","경기도 고양시 일산동구","S090007279","한류초등학교","02","공립","N","","44","1150","44","0","0","3","81","4","5","17015000"
"경기도교육청","경기도군포의왕교육지원청","경기도 군포시","S090007298","송안초등학교","02","공립","N","","37","895","37","2","11200000","0","0","0","0","0"
"경기도교육청","경기도구리남양주교육지원청","경기도 남양주시","S090007307","남양주다산초등학교","02","공립","N","","58","1321","58","25","6420000","0","0","0","0","0"
"경기도교육청","경기도화성오산교육지원청","경기도 오산시","S090007310","세마초등학교","02","공립","N","","6","598","25","4","2500000","3","82","3","0","1764000"
"경기도교육청","경기도구리남양주교육지원청","경기도 남양주시","S090007320","다산새봄초등학교","02","공립","N","","67","1780","67","6","60000000","0","0","0","0","0"
"경기도교육청","경기도고양교육지원청","경기도 고양시 덕양구","S090007321","창릉초등학교","02","공립","N","","25","598","25","0","1080000","0","0","0","0","0"
"경기도교육청","경기도고양교육지원청","경기도 고양시 덕양구","S090007322","향동숲내초등학교","02","공립","N","","39","1020","39","0","0","2","16","2","0","500000"
"경기도교육청","경기도의정부교육지원청","경기도 의정부시","S090007323","훈민초등학교","02","공립","N","","0","0","0","0","0","27","187","27","0","2000000"
"경기도교육청","경기도시흥교육지원청","경기도 시흥시","S090007325","은빛초등학교","02","공립","N","","73","2017","73","0","0","3","26","3","0","3000000"
"경기도교육청","경기도시흥교육지원청","경기도 시흥시","S090007326","배곧누리초등학교","02","공립","N","","31","793","31","6","22100000","5","87","5","0","400000"
"경기도교육청","경기도광주하남교육지원청","경기도 하남시","S090007327","감일초등학교","02","공립","N","","20","980","37","4","2200000","2","12","2","0","0"
"경기도교육청","경기도광주하남교육지원청","경기도 광주시","S090007328","능평초등학교","02","공립","N","","25","604","25","0","0","0","0","0","0","0"
"경기도교육청","경기도광주하남교육지원청","경기도 광주시","S090007329","광주푸른초등학교","02","공립","N","","13","644","26","0","0","0","0","0","0","0"
"경기도교육청","경기도화성오산교육지원청","경기도 화성시 만세구","S090007331","새솔초등학교","02","공립","N","","52","1407","52","0","0","4","80","12","0","3000000"
"경기도교육청","경기도화성오산교육지원청","경기도 화성시 동탄구","S090007333","세정초등학교","02","공립","N","","39","1022","39","0","0","1","8","1","0","400000"
"경기도교육청","경기도화성오산교육지원청","","S090007334","청림초등학교","02","공립","N","","83","1538","83","0","2000000","5","39","5","0","1000000"
"경기도교육청","경기도평택교육지원청","경기도 평택시","S090007335","평택대동초등학교","02","공립","N","","26","667","26","1","7200000","5","77","5","1","5700000"
"경기도교육청","경기도평택교육지원청","경기도 평택시","S090007337","평택새빛초등학교","02","공립","N","","35","795","35","0","6000000","3","35","3","0","2300000"
"경기도교육청","경기도안산교육지원청","경기도 안산시 상록구","S090007338","안산해솔초등학교","02","공립","N","","74","2008","74","0","0","0","0","0","0","0"
"경기도교육청","경기도용인교육지원청","경기도 용인시 처인구","S090007349","남곡초등학교남곡분교장","02","공립","Y","본교 통합작성","","","","","","","","","",""
"경기도교육청","경기도화성오산교육지원청","경기도 화성시 효행구","S090007361","수현초등학교","02","공립","N","","10","623","24","3","6000000","3","30","3","0","1720000"
"경기도교육청","경기도파주교육지원청","경기도 파주시","S090007363","산들초등학교","02","공립","N","","32","811","32","0","0","14","101","14","0","0"
"경기도교육청","경기도화성오산교육지원청","경기도 화성시 동탄구","S090007371","이솔초등학교","02","공립","N","","23","578","23","0","4600000","0","0","0","0","0"
"경기도교육청","경기도고양교육지원청","경기도 고양시 덕양구","S090007375","향동초등학교","02","공립","N","","33","842","36","3","9760000","1","10","1","0","360000"
"경기도교육청","경기도고양교육지원청","경기도 고양시 덕양구","S090007378","지축초등학교","02","공립","N","","74","1482","74","4","5380000","17","372","17","0","2020000"
"경기도교육청","경기도화성오산교육지원청","경기도 화성시 동탄구","S090007396","여울초등학교","02","공립","N","","39","987","39","0","0","1","10","1","0","1000000"
"경기도교육청","경기도화성오산교육지원청","경기도 화성시 동탄구","S090007397","늘봄초등학교","02","공립","N","","16","387","16","0","0","0","0","0","0","0"
"경기도교육청","경기도평택교육지원청","경기도 평택시","S090007398","평택서재초등학교","02","공립","N","","59","1588","59","0","4060000","3","33","3","2","6060000"
"경기도교육청","경기도구리남양주교육지원청","경기도 남양주시","S090007407","다산하늘초등학교","02","공립","N","","6","1367","48","0","0","0","0","0","0","0"
"경기도교육청","경기도구리남양주교육지원청","경기도 남양주시","S090007424","은솔초등학교","02","공립","N","","23","612","23","0","0","1","12","2","0","2500000"
"경기도교육청","경기도광주하남교육지원청","경기도 하남시","S090007435","위례숲초등학교","02","공립","N","","50","1388","50","0","0","50","1388","50","0","6000000"
"경기도교육청","경기도광주하남교육지원청","경기도 하남시","S090007436","신우초등학교","02","공립","N","","40","1007","40","0","3000000","0","0","0","0","0"
"경기도교육청","경기도시흥교육지원청","경기도 시흥시","S090007437","한여울초등학교","02","공립","N","","23","609","23","0","2300000","0","0","0","0","0"
"경기도교육청","경기도구리남양주교육지원청","경기도 남양주시","S090007443","하랑초등학교","02","공립","N","","29","748","29","0","0","0","0","0","0","0"
"경기도교육청","경기도평택교육지원청","경기도 평택시","S090007450","세아초등학교","02","공립","N","","25","627","27","2","2000000","4","27","4","0","2000000"
"경기도교육청","경기도성남교육지원청","경기도 성남시 분당구","S090007517","판교대장초등학교","02","공립","N","","37","972","37","0","0","6","32","6","0","1600000"
"경기도교육청","경기도광주하남교육지원청","경기도 하남시","S090007520","단샘초등학교","02","공립","N","","44","1113","44","0","0","0","0","0","0","0"
"경기도교육청","경기도화성오산교육지원청","경기도 화성시 병점구","S090007523","새봄초등학교","02","공립","N","","34","849","34","9","21160000","0","0","0","0","0"
"경기도교육청","경기도평택교육지원청","경기도 평택시","S090007524","배다리초등학교","02","공립","N","","14","324","14","0","0","7","61","7","0","7100000"
"경기도교육청","경기도평택교육지원청","경기도 평택시","S090007573","지제초등학교","02","공립","N","","16","580","25","2","1200000","5","119","5","0","0"
"경기도교육청","경기도화성오산교육지원청","경기도 화성시 만세구","S090007574","신남초등학교","02","공립","N","","17","422","17","0","0","5","91","5","0","0"
"경기도교육청","경기도파주교육지원청","경기도 파주시","S090007576","초롱초등학교","02","공립","N","","39","998","39","0","0","5","39","5","0","3000000"
"경기도교육청","경기도구리남양주교육지원청","경기도 남양주시","S090007581","다산별빛초등학교","02","공립","N","","33","826","33","3","3990000","3","42","3","1","5400000"
"경기도교육청","경기도파주교육지원청","경기도 파주시","S090007583","다율초등학교","02","공립","N","","32","824","32","0","0","0","0","0","0","0"
"경기도교육청","경기도고양교육지원청","경기도 고양시 덕양구","S090007603","원흥초등학교","02","공립","N","","20","407","20","0","13952000","0","0","0","0","0"
"경기도교육청","경기도화성오산교육지원청","","S090007604","화성신동초등학교","02","공립","N","","15","358","15","0","2500000","0","0","0","0","0"
"경기도교육청","경기도평택교육지원청","경기도 평택시","S090007607","평택모산초등학교","02","공립","N","","28","670","28","0","0","9","94","9","1","4600000"
"경기도교육청","경기도시흥교육지원청","경기도 시흥시","S090007611","시흥가온초등학교","02","공립","N","","11","1423","53","11","29680000","0","0","0","0","0"
"경기도교육청","경기도김포교육지원청","경기도 김포시","S090007614","향산초등학교","02","공립","N","","41","1088","41","0","2000000","0","0","0","0","0"
"경기도교육청","경기도김포교육지원청","경기도 김포시","S090007616","김포나진초등학교","02","공립","N","","48","1264","48","0","7600000","0","0","0","0","0"
"경기도교육청","경기도김포교육지원청","경기도 김포시","S090007618","김포구래초등학교","02","공립","N","","39","960","39","0","8650000","3","76","3","1","16190000"
"경기도교육청","경기도고양교육지원청","경기도 고양시 덕양구","S090007629","덕은한강초등학교","02","공립","N","","42","1137","42","12","10640000","42","1137","42","0","4800000"
"경기도교육청","경기도안양과천교육지원청","경기도 과천시","S090007632","과천갈현초등학교","02","공립","Y","2023학년도 동아리 활동은 2학기 부터 운영함. 2023학년도 5월 3일 기준으로 동아리가 운영되고 있지 않기에 제외처리 함.","","","","","","","","","",""
"경기도교육청","경기도수원교육지원청","경기도 수원시 영통구","S090007871","글빛초등학교","02","공립","N","","15","1107","42","0","0","0","0","0","0","0"
"경기도교육청","경기도포천교육지원청","경기도 포천시","S090007911","포담초등학교","02","공립","N","","15","199","15","0","0","2","13","6","0","0"
"경기도교육청","경기도시흥교육지원청","경기도 시흥시","S090007929","시화나래초등학교","02","공립","N","","23","482","23","0","2300000","0","0","0","0","0"