"시도교육청","교육지원청","지역","정보공시 학교코드","학교명","학교급코드","설립구분","제외여부","제외사유","동아리수","참여학생수","지도교사수","자원봉사 또는외부강사수","동아리활동 예산지원현황","동아리수","참여학생수","지도교사수","자원봉사 또는외부강사수","동아리활동 예산지원현황"
"경기도교육청","경기도가평교육지원청","경기도 가평군","S090000881","가평마장초등학교","02","공립","N","","5","38","5","0","2400000","1","4","1","0","1200000"
"경기도교육청","경기도가평교육지원청","경기도 가평군","S090000882","가평초등학교","02","공립","N","","29","721","29","0","0","0","0","0","0","0"
"경기도교육청","경기도가평교육지원청","경기도 가평군","S090000885","대성초등학교","02","공립","N","","6","76","6","0","8355000","0","0","0","0","0"
"경기도교육청","경기도가평교육지원청","경기도 가평군","S090000890","목동초등학교","02","공립","N","","6","59","8","8","14000000","0","0","0","0","0"
"경기도교육청","경기도가평교육지원청","경기도 가평군","S090000892","목동초등학교명지분교장","02","공립","N","","1","3","1","1","800000","0","0","0","0","0"
"경기도교육청","경기도가평교육지원청","경기도 가평군","S090000895","미원초등학교","02","공립","N","","12","220","12","8","0","0","0","0","0","0"
"경기도교육청","경기도가평교육지원청","경기도 가평군","S090000899","미원초등학교위곡분교장","02","공립","Y","본교에서 분교장 데이터 포함하여 통합 공시","","","","","","","","","",""
"경기도교육청","경기도가평교육지원청","경기도 가평군","S090000900","미원초등학교장락분교장","02","공립","Y","본교에서 분교장 데이터 포함하여 통합 공시","","","","","","","","","",""
"경기도교육청","경기도가평교육지원청","경기도 가평군","S090000901","방일초등학교","02","공립","N","","8","58","8","8","16900000","0","0","0","0","0"
"경기도교육청","경기도가평교육지원청","경기도 가평군","S090000905","상면초등학교","02","공립","N","","6","36","6","0","1800000","0","0","0","0","0"
"경기도교육청","경기도가평교육지원청","경기도 가평군","S090000906","상색초등학교","02","공립","N","","7","66","7","9","27300000","0","0","0","0","0"
"경기도교육청","경기도가평교육지원청","경기도 가평군","S090000908","상천초등학교","02","공립","N","","10","79","10","8","22000000","3","35","3","0","2000000"
"경기도교육청","경기도가평교육지원청","경기도 가평군","S090000910","연하초등학교","02","공립","N","","6","91","6","0","0","3","32","3","2","16280000"
"경기도교육청","경기도가평교육지원청","경기도 가평군","S090000914","율길초등학교","02","공립","N","","7","62","7","1","8000000","0","0","0","0","0"
"경기도교육청","경기도가평교육지원청","경기도 가평군","S090000916","조종초등학교","02","공립","N","","13","303","13","0","1300000","2","28","2","1","6540000"
"경기도교육청","경기도가평교육지원청","경기도 가평군","S090000920","청평초등학교","02","공립","N","","14","290","14","0","0","4","39","5","0","1000000"
"경기도교육청","경기도고양교육지원청","경기도 고양시 덕양구","S090000974","가람초등학교","02","공립","N","","17","332","17","0","2890000","7","39","7","0","1360000"
"경기도교육청","경기도고양교육지원청","경기도 고양시 일산서구","S090000975","강선초등학교","02","공립","N","","23","567","23","0","3000000","1","15","1","0","2050000"
"경기도교육청","경기도고양교육지원청","경기도 고양시 일산동구","S090000976","고봉초등학교","02","공립","N","","16","346","16","0","0","0","0","0","0","0"
"경기도교육청","경기도고양교육지원청","경기도 고양시 일산동구","S090000977","고양백석초등학교","02","공립","N","","26","493","27","0","5200000","0","0","0","0","0"
"경기도교육청","경기도고양교육지원청","경기도 고양시 일산서구","S090000978","고양신일초등학교","02","공립","N","","34","835","34","0","6000000","1","40","0","1","4100000"
"경기도교육청","경기도고양교육지원청","경기도 고양시 덕양구","S090000979","고양용현초등학교","02","공립","N","","13","262","13","9","3890000","0","0","0","0","0"
"경기도교육청","경기도고양교육지원청","경기도 고양시 덕양구","S090000980","고양초등학교","02","공립","N","","22","472","22","19","4200000","1","6","1","0","300000"
"경기도교육청","경기도고양교육지원청","경기도 고양시 덕양구","S090000981","고양화수초등학교","02","공립","N","","27","485","27","6","8010000","0","0","0","0","0"
"경기도교육청","경기도고양교육지원청","경기도 고양시 덕양구","S090000982","고양화정초등학교","02","공립","N","","43","1037","43","0","500000","1","23","1","0","2000000"
"경기도교육청","경기도고양교육지원청","경기도 고양시 일산동구","S090000983","금계초등학교","02","공립","N","","22","493","22","3","0","0","0","0","0","0"
"경기도교육청","경기도고양교육지원청","경기도 고양시 일산동구","S090000984","낙민초등학교","02","공립","N","","26","607","26","0","5200000","1","69","1","2","7625000"
"경기도교육청","경기도고양교육지원청","경기도 고양시 덕양구","S090000985","내유초등학교","02","공립","N","","35","809","35","2","0","2","10","2","1","2320000"
"경기도교육청","경기도고양교육지원청","경기도 고양시 일산동구","S090000986","냉천초등학교","02","공립","N","","6","345","16","3","12000000","2","16","1","1","2660000"
"경기도교육청","경기도고양교육지원청","경기도 고양시 덕양구","S090000987","능곡초등학교","02","공립","N","","28","643","28","0","500000","2","23","2","0","800000"
"경기도교육청","경기도고양교육지원청","경기도 고양시 덕양구","S090000988","대곡초등학교","02","공립","N","","12","168","12","0","3100000","1","10","1","0","0"
"경기도교육청","경기도고양교육지원청","경기도 고양시 일산서구","S090000989","대화초등학교","02","공립","N","","10","690","29","6","1800000","1","6","1","0","520000"
"경기도교육청","경기도고양교육지원청","경기도 고양시 덕양구","S090000990","덕은초등학교","02","공립","N","","16","203","16","0","1500000","0","0","0","0","0"
"경기도교육청","경기도고양교육지원청","경기도 고양시 일산서구","S090000991","덕이초등학교","02","공립","N","","12","263","12","0","1200000","12","263","12","0","0"
"경기도교육청","경기도고양교육지원청","경기도 고양시 덕양구","S090000992","무원초등학교","02","공립","N","","27","638","27","3","5600000","0","0","0","0","0"
"경기도교육청","경기도고양교육지원청","경기도 고양시 일산서구","S090000993","문촌초등학교","02","공립","N","","16","304","16","3","5760000","3","68","3","0","4300000"
"경기도교육청","경기도고양교육지원청","경기도 고양시 일산서구","S090000994","문화초등학교","02","공립","N","","30","781","30","0","2700000","0","0","0","0","0"
"경기도교육청","경기도고양교육지원청","경기도 고양시 일산동구","S090000995","백마초등학교","02","공립","N","","8","467","24","0","1500000","0","0","0","0","0"
"경기도교육청","경기도고양교육지원청","경기도 고양시 일산동구","S090000998","백신초등학교","02","공립","N","","15","328","15","0","0","3","31","3","0","900000"
"경기도교육청","경기도고양교육지원청","경기도 고양시 덕양구","S090000999","백양초등학교","02","공립","N","","12","203","12","6","3500000","7","43","7","0","1000000"
"경기도교육청","경기도고양교육지원청","경기도 고양시 일산동구","S090001000","벽제초등학교","02","공립","N","","11","189","19","0","0","0","0","0","0","0"
"경기도교육청","경기도고양교육지원청","경기도 고양시 덕양구","S090001001","삼송초등학교","02","공립","N","","36","893","36","0","0","9","41","9","0","2000000"
"경기도교육청","경기도고양교육지원청","경기도 고양시 일산서구","S090001002","상탄초등학교","02","공립","N","","33","783","33","0","2000000","0","0","0","0","0"
"경기도교육청","경기도고양교육지원청","경기도 고양시 덕양구","S090001003","성라초등학교","02","공립","N","","18","385","18","0","0","0","0","0","0","0"
"경기도교육청","경기도고양교육지원청","경기도 고양시 덕양구","S090001004","성사초등학교","02","공립","N","","28","648","28","0","0","0","0","0","0","0"
"경기도교육청","경기도고양교육지원청","경기도 고양시 일산동구","S090001005","성석초등학교","02","공립","N","","6","78","6","4","3840000","0","0","0","0","0"
"경기도교육청","경기도고양교육지원청","경기도 고양시 덕양구","S090001006","성신초등학교","02","공립","N","","21","460","21","0","1600000","0","0","0","0","0"
"경기도교육청","경기도고양교육지원청","경기도 고양시 일산서구","S090001007","성저초등학교","02","공립","N","","9","307","16","1","1550000","0","0","0","0","0"
"경기도교육청","경기도고양교육지원청","경기도 고양시 덕양구","S090001008","소만초등학교","02","공립","N","","12","285","12","0","0","10","241","10","0","500000"
"경기도교육청","경기도고양교육지원청","경기도 고양시 일산서구","S090001009","송포초등학교","02","공립","N","","38","384","38","2","1920000","3","70","3","1","3770000"
"경기도교육청","경기도고양교육지원청","경기도 고양시 일산동구","S090001010","일산은행초등학교","02","공립","N","","12","236","12","5","4375000","1","14","1","1","5000000"
"경기도교육청","경기도고양교육지원청","경기도 고양시 덕양구","S090001011","신능초등학교","02","공립","N","","10","161","10","0","2000000","10","161","10","0","2000000"
"경기도교육청","경기도고양교육지원청","경기도 고양시 덕양구","S090001012","신원초등학교","02","공립","N","","53","1341","53","0","0","1","8","1","0","0"
"경기도교육청","경기도고양교육지원청","경기도 고양시 일산서구","S090001014","신촌초등학교","02","공립","N","","4","283","14","0","1400000","13","172","13","0","1800000"
"경기도교육청","경기도고양교육지원청","경기도 고양시 일산동구","S090001015","안곡초등학교","02","공립","N","","18","417","18","3","5240000","2","15","2","0","700000"
"경기도교육청","경기도고양교육지원청","경기도 고양시 일산서구","S090001016","오마초등학교","02","공립","N","","51","1231","51","2","0","0","0","0","0","0"
"경기도교육청","경기도고양교육지원청","경기도 고양시 덕양구","S090001017","용두초등학교","02","공립","N","","6","40","6","1","6720000","0","0","0","0","0"
"경기도교육청","경기도고양교육지원청","경기도 고양시 덕양구","S090001018","용정초등학교","02","공립","N","","6","129","3","3","2400000","1","6","1","0","400000"
"경기도교육청","경기도고양교육지원청","경기도 고양시 덕양구","S090001019","원당초등학교","02","공립","N","","15","326","15","0","3000000","0","0","0","0","0"
"경기도교육청","경기도고양교육지원청","경기도 고양시 일산동구","S090001020","원중초등학교","02","공립","N","","6","1459","56","0","0","0","0","0","0","0"
"경기도교육청","경기도고양교육지원청","경기도 고양시 일산동구","S090001021","율동초등학교","02","공립","N","","6","240","12","6","10000000","4","40","4","0","1000000"
"경기도교육청","경기도고양교육지원청","경기도 고양시 일산서구","S090001023","일산초등학교","02","공립","N","","16","316","16","0","3080000","7","71","6","1","3800000"
"경기도교육청","경기도고양교육지원청","경기도 고양시 일산서구","S090001024","장성초등학교","02","공립","N","","14","293","14","0","0","1","4","1","0","400000"
"경기도교육청","경기도고양교육지원청","경기도 고양시 일산서구","S090001025","장촌초등학교","02","공립","N","","19","236","19","0","1000000","0","0","0","0","0"
"경기도교육청","경기도고양교육지원청","경기도 고양시 일산동구","S090001026","저동초등학교","02","공립","N","","16","343","16","0","3805000","0","0","0","0","0"
"경기도교육청","경기도고양교육지원청","경기도 고양시 일산동구","S090001027","정발초등학교","02","공립","N","","14","926","37","2","2100000","4","124","10","10","17540000"
"경기도교육청","경기도고양교육지원청","경기도 고양시 일산서구","S090001028","주엽초등학교","02","공립","N","","16","340","16","0","0","0","0","0","0","0"
"경기도교육청","경기도고양교육지원청","경기도 고양시 일산동구","S090001029","중산초등학교","02","공립","N","","19","407","19","0","0","4","55","5","0","0"
"경기도교육청","경기도고양교육지원청","경기도 고양시 덕양구","S090001030","지도초등학교","02","공립","N","","31","562","31","0","0","3","29","3","0","300000"
"경기도교육청","경기도고양교육지원청","경기도 고양시 덕양구","S090001032","토당초등학교","02","공립","N","","22","188","22","2","1100000","4","30","4","0","500000"
"경기도교육청","경기도고양교육지원청","경기도 고양시 일산동구","S090001033","풍산초등학교","02","공립","N","","28","660","28","0","2000000","1","5","1","0","0"
"경기도교육청","경기도고양교육지원청","경기도 고양시 일산서구","S090001034","한수초등학교","02","공립","N","","22","507","22","0","0","1","6","1","0","1400000"
"경기도교육청","경기도고양교육지원청","경기도 고양시 덕양구","S090001035","행남초등학교","02","공립","N","","10","174","10","0","0","0","0","0","0","0"
"경기도교육청","경기도고양교육지원청","경기도 고양시 덕양구","S090001036","행신초등학교","02","공립","N","","6","238","6","6","9200000","10","71","10","0","2000000"
"경기도교육청","경기도고양교육지원청","경기도 고양시 덕양구","S090001037","행주초등학교","02","공립","N","","6","31","6","2","6000000","0","0","0","0","0"
"경기도교육청","경기도고양교육지원청","경기도 고양시 일산서구","S090001038","현산초등학교","02","공립","N","","28","695","28","0","1400000","0","0","0","0","0"
"경기도교육청","경기도고양교육지원청","경기도 고양시 일산서구","S090001039","호곡초등학교","02","공립","N","","48","1179","48","0","0","2","18","1","2","2000000"
"경기도교육청","경기도고양교육지원청","경기도 고양시 일산동구","S090001040","호수초등학교","02","공립","N","","19","378","19","0","0","0","0","0","0","0"
"경기도교육청","경기도고양교육지원청","경기도 고양시 덕양구","S090001041","화중초등학교","02","공립","N","","17","390","11","6","1000000","10","78","10","0","3000000"
"경기도교육청","경기도고양교육지원청","경기도 고양시 일산서구","S090001042","황룡초등학교","02","공립","N","","10","205","10","0","0","7","135","7","0","0"
"경기도교육청","경기도고양교육지원청","경기도 고양시 덕양구","S090001043","흥도초등학교","02","공립","N","","7","1245","51","0","0","4","61","5","3","8020000"
"경기도교육청","경기도광명교육지원청","경기도 광명시","S090001199","가림초등학교","02","공립","N","","21","462","21","4","4020000","0","0","0","0","0"
"경기도교육청","경기도광명교육지원청","경기도 광명시","S090001201","광명광덕초등학교","02","공립","N","","28","697","28","2","0","29","704","29","0","5210000"
"경기도교육청","경기도광명교육지원청","경기도 광명시","S090001202","광명광성초등학교","02","공립","N","","8","189","8","2","6205000","6","33","6","0","1056000"
"경기도교육청","경기도광명교육지원청","경기도 광명시","S090001203","광명남초등학교","02","공립","N","","23","530","23","0","0","0","0","0","0","0"
"경기도교육청","경기도광명교육지원청","경기도 광명시","S090001204","광명동초등학교","02","공립","N","","3","72","1","3","3000000","0","0","0","0","0"
"경기도교육청","경기도광명교육지원청","경기도 광명시","S090001205","광명북초등학교","02","공립","N","","26","590","26","0","54420000","9","113","9","3","9780000"
"경기도교육청","경기도광명교육지원청","경기도 광명시","S090001206","광명서초등학교","02","공립","N","","24","565","26","0","6530000","0","0","0","0","0"
"경기도교육청","경기도광명교육지원청","경기도 광명시","S090001207","광명초등학교","02","공립","N","","6","307","15","1","3000000","0","0","0","0","0"
"경기도교육청","경기도광명교육지원청","경기도 광명시","S090001208","광문초등학교","02","공립","N","","35","858","35","0","6400000","0","0","0","0","0"
"경기도교육청","경기도광명교육지원청","경기도 광명시","S090001210","광일초등학교","02","공립","N","","28","516","28","5","1180000","16","270","16","0","3067000"
"경기도교육청","경기도광명교육지원청","경기도 광명시","S090001211","도덕초등학교","02","공립","N","","7","298","14","0","3000000","0","0","0","0","0"
"경기도교육청","경기도광명교육지원청","경기도 광명시","S090001212","서면초등학교","02","공립","N","","6","436","20","1","7350000","0","0","0","0","0"
"경기도교육청","경기도광명교육지원청","경기도 광명시","S090001213","소하초등학교","02","공립","N","","28","658","27","3","5040000","1","45","2","0","2000000"
"경기도교육청","경기도광명교육지원청","경기도 광명시","S090001214","안서초등학교","02","공립","N","","10","95","10","3","5820000","0","0","0","0","0"
"경기도교육청","경기도광명교육지원청","경기도 광명시","S090001215","연서초등학교","02","공립","N","","13","310","15","0","3000000","0","0","0","0","0"
"경기도교육청","경기도광명교육지원청","경기도 광명시","S090001216","온신초등학교","02","공립","N","","6","47","7","1","3000000","0","0","0","0","0"
"경기도교육청","경기도광명교육지원청","경기도 광명시","S090001217","철산초등학교","02","공립","N","","55","1378","55","0","9680000","1","8","1","0","120000"
"경기도교육청","경기도광명교육지원청","경기도 광명시","S090001218","하안남초등학교","02","공립","N","","12","2443","12","0","3000000","0","0","0","0","0"
"경기도교육청","경기도광명교육지원청","경기도 광명시","S090001219","하안북초등학교","02","공립","N","","14","277","14","0","800000","2","31","2","0","2200000"
"경기도교육청","경기도광명교육지원청","경기도 광명시","S090001220","하안초등학교","02","공립","N","","18","347","18","0","4710000","0","0","0","0","0"
"경기도교육청","경기도광명교육지원청","경기도 광명시","S090001221","하일초등학교","02","공립","N","","14","317","14","0","3000000","0","0","0","0","0"
"경기도교육청","경기도광주하남교육지원청","경기도 광주시","S090001279","경안초등학교","02","공립","N","","18","347","18","0","2500000","3","47","3","0","5340000"
"경기도교육청","경기도광주하남교육지원청","경기도 광주시","S090001281","곤지암초등학교","02","공립","N","","28","424","28","0","1900000","2","15","2","0","960000"
"경기도교육청","경기도광주하남교육지원청","경기도 광주시","S090001282","광남초등학교","02","공립","N","","43","1053","43","0","0","0","0","0","0","0"
"경기도교육청","경기도광주하남교육지원청","경기도 광주시","S090001284","광주광명초등학교","02","공립","N","","38","944","38","0","0","0","0","0","0","0"
"경기도교육청","경기도광주하남교육지원청","경기도 광주시","S090001285","광주매곡초등학교","02","공립","N","","45","1290","45","0","0","0","0","0","0","0"
"경기도교육청","경기도광주하남교육지원청","경기도 광주시","S090001286","광주초등학교","02","공립","N","","43","1082","43","0","0","0","0","0","0","0"
"경기도교육청","경기도광주하남교육지원청","경기도 광주시","S090001288","광지원초등학교","02","공립","N","","10","101","6","10","5800000","0","0","0","0","0"
"경기도교육청","경기도광주하남교육지원청","경기도 광주시","S090001289","남한산초등학교","02","공립","N","","7","94","8","0","1000000","0","0","0","0","0"
"경기도교육청","경기도광주하남교육지원청","경기도 하남시","S090001290","덕풍초등학교","02","공립","N","","24","525","24","4","14240000","1","6","1","1","1900000"
"경기도교육청","경기도광주하남교육지원청","경기도 광주시","S090001291","도곡초등학교","02","공립","N","","37","815","36","1","4500000","3","65","3","0","3000000"
"경기도교육청","경기도광주하남교육지원청","경기도 광주시","S090001292","도궁초등학교","02","공립","N","","7","57","7","0","600000","0","0","0","0","0"
"경기도교육청","경기도광주하남교육지원청","경기도 광주시","S090001293","도수초등학교","02","공립","N","","24","536","24","6","29300000","0","0","0","0","0"
"경기도교육청","경기도구리남양주교육지원청","경기도 남양주시","S090001294","도심초등학교","02","공립","N","","17","352","17","0","0","0","0","0","0","0"
"경기도교육청","경기도광주하남교육지원청","경기도 광주시","S090001295","도척초등학교","02","공립","N","","8","173","8","0","1200000","0","0","0","0","0"
"경기도교육청","경기도광주하남교육지원청","경기도 하남시","S090001296","동부초등학교","02","공립","N","","16","372","16","5","0","1","8","1","0","0"
"경기도교육청","경기도광주하남교육지원청","경기도 광주시","S090001298","만선초등학교","02","공립","N","","5","59","5","0","800000","3","30","3","1","4000000"
"경기도교육청","경기도광주하남교육지원청","경기도 하남시","S090001299","망월초등학교","02","공립","N","","72","1909","72","60","25930000","2","16","2","0","500000"
"경기도교육청","경기도광주하남교육지원청","경기도 광주시","S090001301","번천초등학교","02","공립","N","","6","64","7","0","2004000","0","0","0","0","0"
"경기도교육청","경기도광주하남교육지원청","경기도 광주시","S090001302","분원초등학교","02","공립","N","","5","64","5","0","0","0","0","0","0","0"
"경기도교육청","경기도광주하남교육지원청","경기도 하남시","S090001305","산곡초등학교","02","공립","N","","12","148","6","6","6090000","0","0","0","0","0"
"경기도교육청","경기도광주하남교육지원청","경기도 광주시","S090001306","삼리초등학교","02","공립","N","","16","337","16","0","0","1","5","1","0","0"
"경기도교육청","경기도광주하남교육지원청","경기도 하남시","S090001307","서부초등학교","02","공립","N","","7","87","7","0","7350000","0","0","0","0","0"
"경기도교육청","경기도광주하남교육지원청","경기도 광주시","S090001308","선동초등학교","02","공립","N","","5","39","8","0","500000","0","0","0","0","0"
"경기도교육청","경기도광주하남교육지원청","경기도 하남시","S090001309","신장초등학교","02","공립","N","","34","870","34","2","21300000","0","0","0","0","0"
"경기도교육청","경기도광주하남교육지원청","경기도 광주시","S090001310","쌍령초등학교","02","공립","N","","19","376","19","0","0","2","17","2","0","400000"
"경기도교육청","경기도광주하남교육지원청","경기도 광주시","S090001311","오포초등학교","02","공립","N","","26","577","26","3","0","1","10","1","0","300000"
"경기도교육청","경기도광주하남교육지원청","경기도 하남시","S090001312","창우초등학교","02","공립","N","","21","430","21","0","0","0","0","0","0","0"
"경기도교육청","경기도광주하남교육지원청","경기도 광주시","S090001314","초월초등학교","02","공립","N","","7","137","7","0","350000","0","0","0","0","0"
"경기도교육청","경기도광주하남교육지원청","경기도 광주시","S090001315","탄벌초등학교","02","공립","N","","53","1307","53","0","0","19","145","19","0","6000000"
"경기도교육청","경기도광주하남교육지원청","경기도 광주시","S090001316","태전초등학교","02","공립","N","","25","618","25","0","4920000","1","6","1","0","1200000"
"경기도교육청","경기도광주하남교육지원청","경기도 하남시","S090001317","하남천현초등학교","02","공립","N","","19","325","19","0","0","0","0","0","0","0"
"경기도교육청","경기도광주하남교육지원청","경기도 하남시","S090001318","하남초등학교","02","공립","N","","6","425","19","3","4100000","5","40","5","0","1500000"
"경기도교육청","경기도군포의왕교육지원청","경기도 의왕시","S090001380","갈뫼초등학교","02","공립","N","","34","415","29","8","9830000","10","155","8","2","0"
"경기도교육청","경기도군포의왕교육지원청","경기도 의왕시","S090001381","고천초등학교","02","공립","N","","15","315","15","3","25560000","0","0","0","0","0"
"경기도교육청","경기도군포의왕교육지원청","경기도 군포시","S090001382","곡란초등학교","02","공립","N","","16","269","16","1","800000","4","102","4","2","8550000"
"경기도교육청","경기도군포의왕교육지원청","경기도 군포시","S090001383","관모초등학교","02","공립","N","","11","176","11","5","1000000","1","10","1","1","1100000"
"경기도교육청","경기도군포의왕교육지원청","경기도 군포시","S090001384","광정초등학교","02","공립","N","","20","504","20","0","0","1","22","1","1","1920000"
"경기도교육청","경기도군포의왕교육지원청","경기도 군포시","S090001385","군포양정초등학교","02","공립","N","","29","637","29","0","0","0","0","0","0","0"
"경기도교육청","경기도군포의왕교육지원청","경기도 군포시","S090001386","군포옥천초등학교","02","공립","N","","4","184","4","4","8400000","0","0","0","0","0"
"경기도교육청","경기도군포의왕교육지원청","경기도 군포시","S090001387","군포초등학교","02","공립","N","","31","775","31","0","2600000","4","89","4","1","4200000"
"경기도교육청","경기도군포의왕교육지원청","경기도 군포시","S090001388","군포화산초등학교","02","공립","N","","11","147","11","0","1000000","0","0","0","0","0"
"경기도교육청","경기도군포의왕교육지원청","경기도 군포시","S090001389","궁내초등학교","02","공립","N","","21","506","21","0","2250000","0","0","0","0","0"
"경기도교육청","경기도군포의왕교육지원청","경기도 군포시","S090001390","금정초등학교","02","공립","N","","24","490","24","0","7380000","3","52","3","0","1500000"
"경기도교육청","경기도군포의왕교육지원청","경기도 의왕시","S090001391","내손초등학교","02","공립","N","","8","135","8","0","5620000","1","6","1","0","150000"
"경기도교육청","경기도군포의왕교육지원청","경기도 군포시","S090001392","능내초등학교","02","공립","N","","20","451","20","0","9600000","1","28","1","1","6500000"
"경기도교육청","경기도군포의왕교육지원청","경기도 의왕시","S090001393","덕장초등학교","02","공립","N","","16","406","17","5","2312000","0","0","0","0","0"
"경기도교육청","경기도군포의왕교육지원청","경기도 군포시","S090001394","도장초등학교","02","공립","N","","6","88","6","0","5600000","1","4","1","0","400000"
"경기도교육청","경기도군포의왕교육지원청","경기도 군포시","S090001395","둔대초등학교","02","공립","N","","9","135","9","0","0","4","28","4","0","2800000"
"경기도교육청","경기도군포의왕교육지원청","경기도 군포시","S090001396","둔전초등학교","02","공립","N","","81","623","81","0","0","1","18","1","0","1500000"
"경기도교육청","경기도군포의왕교육지원청","경기도 의왕시","S090001397","백운초등학교","02","공립","N","","28","631","28","0","8000000","1","13","1","1","600000"
"경기도교육청","경기도군포의왕교육지원청","경기도 군포시","S090001399","산본초등학교","02","공립","N","","9","766","31","3","2400000","2","30","2","0","450000"
"경기도교육청","경기도군포의왕교육지원청","경기도 군포시","S090001400","수리초등학교","02","공립","N","","9","171","10","0","2000000","0","0","0","0","0"
"경기도교육청","경기도군포의왕교육지원청","경기도 군포시","S090001401","신흥초등학교","02","공립","N","","15","320","15","0","3000000","0","0","0","0","0"
"경기도교육청","경기도군포의왕교육지원청","경기도 군포시","S090001403","오금초등학교","02","공립","N","","49","271","49","0","2530000","0","0","0","0","0"
"경기도교육청","경기도군포의왕교육지원청","경기도 의왕시","S090001404","오전초등학교","02","공립","N","","12","180","12","0","4470000","3","20","3","0","1200000"
"경기도교육청","경기도군포의왕교육지원청","경기도 의왕시","S090001405","왕곡초등학교","02","공립","N","","10","216","10","0","0","6","113","6","0","2400000"
"경기도교육청","경기도군포의왕교육지원청","경기도 군포시","S090001406","용호초등학교","02","공립","N","","12","265","12","0","3600000","1","25","1","1","4000000"
"경기도교육청","경기도군포의왕교육지원청","경기도 의왕시","S090001407","의왕덕성초등학교","02","공립","N","","36","883","36","4","19730000","3","26","3","0","2260000"
"경기도교육청","경기도군포의왕교육지원청","경기도 의왕시","S090001408","의왕부곡초등학교","02","공립","N","","17","369","17","0","4000000","0","0","0","0","0"
"경기도교육청","경기도군포의왕교육지원청","경기도 의왕시","S090001409","의왕초등학교","02","공립","N","","37","902","37","0","0","2","22","2","0","900000"
"경기도교육청","경기도군포의왕교육지원청","경기도 군포시","S090001410","태을초등학교","02","공립","N","","17","363","17","0","0","1","20","1","1","3200000"
"경기도교육청","경기도군포의왕교육지원청","경기도 군포시","S090001413","흥진초등학교","02","공립","N","","22","509","22","0","0","2","46","1","2","5400000"
"경기도교육청","경기도김포교육지원청","경기도 김포시","S090001498","감정초등학교","02","공립","N","","32","769","32","0","0","1","10","1","0","0"
"경기도교육청","경기도김포교육지원청","경기도 김포시","S090001499","개곡초등학교","02","공립","N","","7","85","7","0","0","0","0","0","0","0"
"경기도교육청","경기도김포교육지원청","경기도 김포시","S090001501","고창초등학교","02","공립","N","","27","662","27","0","0","2","54","2","7","3100000"
"경기도교육청","경기도김포교육지원청","경기도 김포시","S090001502","고촌초등학교","02","공립","N","","23","518","23","0","0","4","61","4","0","2000000"
"경기도교육청","경기도김포교육지원청","경기도 김포시","S090001503","금란초등학교","02","공립","N","","6","116","6","0","1050000","0","0","0","0","0"
"경기도교육청","경기도김포교육지원청","경기도 김포시","S090001504","금성초등학교","02","공립","N","","6","54","6","1","0","2","22","2","0","200000"
"경기도교육청","경기도김포교육지원청","경기도 김포시","S090001505","금파초등학교","02","공립","N","","22","486","22","0","990000","0","0","0","0","0"
"경기도교육청","경기도김포교육지원청","경기도 김포시","S090001506","양도초등학교","02","공립","N","","25","592","25","0","2500000","0","0","0","0","0"
"경기도교육청","경기도김포교육지원청","경기도 김포시","S090001507","김포대명초등학교","02","공립","N","","6","49","6","5","9600000","1","9","1","0","300000"
"경기도교육청","경기도김포교육지원청","경기도 김포시","S090001508","김포서초등학교","02","공립","N","","20","472","20","0","0","0","0","0","0","0"
"경기도교육청","경기도김포교육지원청","경기도 김포시","S090001509","김포초등학교","02","공립","N","","13","252","13","0","0","0","0","0","0","0"
"경기도교육청","경기도김포교육지원청","경기도 김포시","S090001512","대곶초등학교","02","공립","N","","11","142","11","11","5500000","0","0","0","0","0"
"경기도교육청","경기도김포교육지원청","경기도 김포시","S090001514","마송초등학교","02","공립","N","","13","288","13","3","12800000","0","0","0","0","0"
"경기도교육청","경기도김포교육지원청","경기도 김포시","S090001516","사우초등학교","02","공립","N","","6","643","28","0","0","1","16","1","0","1500000"
"경기도교육청","경기도김포교육지원청","경기도 김포시","S090001517","서암초등학교","02","공립","N","","9","152","9","0","0","6","63","6","0","2000000"
"경기도교육청","경기도김포교육지원청","경기도 김포시","S090001518","석정초등학교","02","공립","N","","6","68","6","1","5400000","0","0","0","0","0"
"경기도교육청","경기도김포교육지원청","경기도 김포시","S090001519","수남초등학교","02","공립","N","","6","74","6","0","2000000","0","0","0","0","0"
"경기도교육청","경기도김포교육지원청","경기도 김포시","S090001520","양곡초등학교","02","공립","N","","17","364","17","0","2550000","0","0","0","0","0"
"경기도교육청","경기도김포교육지원청","경기도 김포시","S090001521","옹정초등학교","02","공립","N","","6","52","6","4","7490000","2","15","2","0","2000000"
"경기도교육청","경기도김포교육지원청","경기도 김포시","S090001522","운양초등학교","02","공립","N","","50","1271","50","0","0","12","186","12","0","2000000"
"경기도교육청","경기도김포교육지원청","경기도 김포시","S090001523","월곶초등학교","02","공립","N","","6","56","6","0","900000","0","0","0","0","0"
"경기도교육청","경기도김포교육지원청","경기도 김포시","S090001525","유현초등학교","02","공립","N","","55","1387","55","0","0","1","10","1","1","1000000"
"경기도교육청","경기도김포교육지원청","경기도 김포시","S090001527","풍무초등학교","02","공립","N","","39","922","39","0","3900000","0","0","0","0","0"
"경기도교육청","경기도김포교육지원청","경기도 김포시","S090001528","하성초등학교","02","공립","N","","7","134","7","2","0","0","0","0","0","0"
"경기도교육청","경기도김포교육지원청","경기도 김포시","S090001529","학운초등학교","02","공립","N","","12","224","12","8","5120000","4","34","4","0","3300000"
"경기도교육청","경기도구리남양주교육지원청","경기도 남양주시","S090001600","가곡초등학교","02","공립","N","","19","454","20","0","3000000","2","30","2","0","1000000"
"경기도교육청","경기도구리남양주교육지원청","경기도 남양주시","S090001601","가양초등학교","02","공립","N","","6","43","6","0","1080000","0","0","0","0","0"
"경기도교육청","경기도구리남양주교육지원청","경기도 구리시","S090001603","갈매초등학교","02","공립","N","","54","1430","54","0","0","6","80","6","2","7800000"
"경기도교육청","경기도구리남양주교육지원청","경기도 남양주시","S090001604","광릉초등학교","02","공립","N","","11","240","11","0","2200000","0","0","0","0","0"
"경기도교육청","경기도구리남양주교육지원청","경기도 구리시","S090001605","교문초등학교","02","공립","N","","19","408","19","0","0","5","116","5","0","4000000"
"경기도교육청","경기도구리남양주교육지원청","경기도 구리시","S090001606","구리초등학교","02","공립","N","","15","325","15","0","0","0","0","0","0","0"
"경기도교육청","경기도구리남양주교육지원청","경기도 구리시","S090001607","구지초등학교","02","공립","N","","24","590","25","0","0","0","0","0","0","0"
"경기도교육청","경기도구리남양주교육지원청","경기도 남양주시","S090001608","금교초등학교","02","공립","N","","24","545","24","0","0","1","19","1","1","1600000"
"경기도교육청","경기도구리남양주교육지원청","경기도 남양주시","S090001609","금남초등학교","02","공립","N","","8","76","8","0","1200000","0","0","0","0","0"
"경기도교육청","경기도구리남양주교육지원청","경기도 남양주시","S090001611","남양주금곡초등학교","02","공립","N","","8","161","8","0","800000","3","27","3","0","700000"
"경기도교육청","경기도구리남양주교육지원청","경기도 남양주시","S090001612","남양주도곡초등학교","02","공립","N","","21","490","21","4","2730000","0","0","0","0","0"
"경기도교육청","경기도구리남양주교육지원청","경기도 남양주시","S090001613","남양주동곡초등학교","02","공립","N","","10","156","10","5","1000000","0","0","0","0","0"
"경기도교육청","경기도구리남양주교육지원청","경기도 남양주시","S090001614","남양주미금초등학교","02","공립","N","","23","532","23","0","0","1","10","1","0","500000"
"경기도교육청","경기도구리남양주교육지원청","경기도 남양주시","S090001615","남양주송라초등학교","02","공립","N","","35","759","35","4","6600000","0","0","0","0","0"
"경기도교육청","경기도구리남양주교육지원청","경기도 남양주시","S090001616","남양주송촌초등학교","02","공립","N","","6","45","6","0","0","0","0","0","0","0"
"경기도교육청","경기도구리남양주교육지원청","경기도 남양주시","S090001617","남양주양정초등학교","02","공립","N","","21","459","21","0","0","0","0","0","0","0"
"경기도교육청","경기도구리남양주교육지원청","경기도 남양주시","S090001618","남양주양지초등학교","02","공립","N","","7","342","16","0","0","2","32","2","2","10500000"
"경기도교육청","경기도구리남양주교육지원청","경기도 남양주시","S090001619","남양주월문초등학교","02","공립","N","","6","87","6","0","1000000","0","0","0","0","0"
"경기도교육청","경기도구리남양주교육지원청","경기도 구리시","S090001620","내양초등학교","02","공립","N","","12","50","12","0","0","0","0","0","0","0"
"경기도교육청","경기도구리남양주교육지원청","경기도 남양주시","S090001621","답내초등학교","02","공립","N","","8","68","8","2","2100000","0","0","0","0","0"
"경기도교육청","경기도구리남양주교육지원청","경기도 남양주시","S090001622","덕소초등학교","02","공립","N","","14","262","14","4","0","4","29","4","0","500000"
"경기도교육청","경기도구리남양주교육지원청","경기도 남양주시","S090001624","도농초등학교","02","공립","N","","25","582","25","0","2000000","1","8","1","0","720000"
"경기도교육청","경기도구리남양주교육지원청","경기도 구리시","S090001625","도림초등학교","02","공립","N","","8","122","9","0","1600000","4","84","1","3","9000000"
"경기도교육청","경기도구리남양주교육지원청","경기도 남양주시","S090001626","도제원초등학교","02","공립","N","","6","511","23","0","0","0","0","0","0","0"
"경기도교육청","경기도구리남양주교육지원청","경기도 구리시","S090001627","동구초등학교","02","공립","N","","14","358","14","3","5600000","4","55","4","0","1500000"
"경기도교육청","경기도구리남양주교육지원청","경기도 구리시","S090001628","동인초등학교","02","공립","N","","37","922","46","3","17520000","0","0","0","0","0"
"경기도교육청","경기도구리남양주교육지원청","경기도 남양주시","S090001629","마석초등학교","02","공립","N","","27","630","27","0","0","1","6","1","0","0"
"경기도교육청","경기도구리남양주교육지원청","경기도 구리시","S090001632","백문초등학교","02","공립","N","","32","782","32","0","0","1","10","1","0","0"
"경기도교육청","경기도구리남양주교육지원청","경기도 남양주시","S090001634","별내초등학교","02","공립","N","","28","685","28","0","0","3","63","3","2","10860000"
"경기도교육청","경기도구리남양주교육지원청","경기도 구리시","S090001635","부양초등학교","02","공립","N","","19","453","19","0","32532000","1","29","1","1","1600000"
"경기도교육청","경기도구리남양주교육지원청","경기도 남양주시","S090001638","수동초등학교","02","공립","N","","12","132","12","0","1100000","0","0","0","0","0"
"경기도교육청","경기도구리남양주교육지원청","경기도 남양주시","S090001639","수동초등학교송천분교장","02","공립","Y","본교통합작성","","","","","","","","","",""
"경기도교육청","경기도구리남양주교육지원청","경기도 구리시","S090001640","수택초등학교","02","공립","N","","17","393","17","0","0","4","40","4","0","3000000"
"경기도교육청","경기도구리남양주교육지원청","경기도 남양주시","S090001641","심석초등학교","02","사립","N","","8","521","18","0","7915000","7","89","6","2","8000000"
"경기도교육청","경기도구리남양주교육지원청","경기도 남양주시","S090001644","오남초등학교","02","공립","N","","9","187","9","0","0","0","0","0","0","0"
"경기도교육청","경기도구리남양주교육지원청","경기도 남양주시","S090001645","와부초등학교","02","공립","N","","55","736","55","2","3600000","14","134","14","0","1600000"
"경기도교육청","경기도구리남양주교육지원청","경기도 남양주시","S090001646","용신초등학교","02","공립","N","","9","160","9","0","0","9","160","9","0","2000000"
"경기도교육청","경기도구리남양주교육지원청","경기도 구리시","S090001648","인창초등학교","02","공립","N","","40","491","39","4","2200000","5","58","6","3","4000000"
"경기도교육청","경기도구리남양주교육지원청","경기도 남양주시","S090001649","장승초등학교","02","공립","N","","29","681","29","0","0","0","0","0","0","0"
"경기도교육청","경기도구리남양주교육지원청","경기도 구리시","S090001650","장자초등학교","02","공립","N","","23","509","23","4","1150000","4","65","4","0","2600000"
"경기도교육청","경기도구리남양주교육지원청","경기도 남양주시","S090001651","장현초등학교","02","공립","N","","26","578","26","3","13000000","5","55","5","0","5200000"
"경기도교육청","경기도구리남양주교육지원청","경기도 남양주시","S090001652","조안초등학교","02","공립","N","","5","59","7","5","5760000","0","0","0","0","0"
"경기도교육청","경기도구리남양주교육지원청","경기도 남양주시","S090001653","진건초등학교","02","공립","N","","15","327","15","2","3060000","7","148","7","0","0"
"경기도교육청","경기도구리남양주교육지원청","경기도 남양주시","S090001654","창현초등학교","02","공립","N","","6","697","30","3","15030000","3","26","3","0","760000"
"경기도교육청","경기도구리남양주교육지원청","경기도 남양주시","S090001655","천마초등학교","02","공립","N","","29","671","29","0","1260000","4","62","4","0","400000"
"경기도교육청","경기도구리남양주교육지원청","경기도 구리시","S090001657","토평초등학교","02","공립","N","","17","273","17","0","0","0","0","0","0","0"
"경기도교육청","경기도구리남양주교육지원청","경기도 남양주시","S090001658","퇴계원초등학교","02","공립","N","","18","360","18","10","14000000","2","13","1","1","200000"
"경기도교육청","경기도구리남양주교육지원청","경기도 남양주시","S090001660","평내초등학교","02","공립","N","","18","420","18","0","0","0","0","0","0","0"
"경기도교육청","경기도구리남양주교육지원청","경기도 남양주시","S090001661","풍양초등학교","02","공립","N","","11","185","12","0","0","0","0","0","0","0"
"경기도교육청","경기도구리남양주교육지원청","경기도 남양주시","S090001662","호평초등학교","02","공립","N","","83","726","83","2","6120000","0","0","0","0","0"
"경기도교육청","경기도구리남양주교육지원청","경기도 남양주시","S090001663","화접초등학교","02","공립","N","","30","714","30","0","0","1","10","1","0","0"
"경기도교육청","경기도동두천양주교육지원청","경기도 양주시","S090001782","가납초등학교","02","공립","N","","16","335","16","5","0","4","58","4","0","1400000"
"경기도교육청","경기도동두천양주교육지원청","경기도 양주시","S090001784","고암초등학교","02","공립","N","","12","240","12","6","5500000","4","60","4","0","2000000"
"경기도교육청","경기도동두천양주교육지원청","경기도 양주시","S090001785","남면초등학교","02","공립","N","","8","143","8","0","1500000","0","0","0","0","0"
"경기도교육청","경기도동두천양주교육지원청","경기도 양주시","S090001786","남면초등학교양덕분교장","02","공립","Y","동아리 미운영","","","","","","","","","",""
"경기도교육청","경기도동두천양주교육지원청","경기도 양주시","S090001787","덕도초등학교","02","공립","N","","6","51","6","0","1500000","0","0","0","0","0"
"경기도교육청","경기도동두천양주교육지원청","경기도 양주시","S090001789","덕정초등학교","02","공립","N","","10","197","10","0","0","5","44","5","0","1900000"
"경기도교육청","경기도동두천양주교육지원청","경기도 동두천시","S090001791","동두천초등학교","02","공립","N","","12","227","12","0","0","0","0","0","0","0"
"경기도교육청","경기도동두천양주교육지원청","경기도 동두천시","S090001793","동보초등학교","02","공립","N","","24","383","24","12","38610000","1","33","1","4","1000000"
"경기도교육청","경기도동두천양주교육지원청","경기도 동두천시","S090001795","보산초등학교","02","공립","N","","17","199","17","0","3200000","0","0","0","0","0"
"경기도교육청","경기도동두천양주교육지원청","경기도 양주시","S090001796","봉암초등학교","02","공립","N","","6","46","6","0","2400000","0","0","0","0","0"
"경기도교육청","경기도동두천양주교육지원청","경기도 동두천시","S090001797","사동초등학교","02","공립","N","","19","395","19","1","10200000","0","0","0","0","0"
"경기도교육청","경기도동두천양주교육지원청","경기도 양주시","S090001798","산북초등학교","02","공립","N","","6","48","6","0","1200000","0","0","0","0","0"
"경기도교육청","경기도동두천양주교육지원청","경기도 양주시","S090001799","삼상초등학교","02","공립","N","","6","84","6","1","4320000","2","20","4","0","1600000"
"경기도교육청","경기도동두천양주교육지원청","경기도 양주시","S090001800","상수초등학교","02","공립","N","","1","93","6","1","0","3","41","3","0","1400000"
"경기도교육청","경기도동두천양주교육지원청","경기도 양주시","S090001801","상패초등학교","02","공립","N","","6","47","6","0","600000","2","15","2","0","1000000"
"경기도교육청","경기도동두천양주교육지원청","경기도 동두천시","S090001802","생연초등학교","02","공립","N","","14","236","14","0","0","3","33","1","3","3840000"
"경기도교육청","경기도동두천양주교육지원청","경기도 동두천시","S090001803","소요초등학교","02","공립","N","","5","66","5","1","1200000","2","16","2","0","1500000"
"경기도교육청","경기도동두천양주교육지원청","경기도 양주시","S090001804","송추초등학교","02","공립","N","","8","128","8","3","0","0","0","0","0","0"
"경기도교육청","경기도동두천양주교육지원청","경기도 양주시","S090001806","양주덕산초등학교","02","공립","N","","27","609","27","0","3510000","0","0","0","0","0"
"경기도교육청","경기도동두천양주교육지원청","경기도 양주시","S090001807","양주덕현초등학교","02","공립","N","","32","764","32","0","0","8","60","8","0","1800000"
"경기도교육청","경기도동두천양주교육지원청","경기도 양주시","S090001808","양주백석초등학교","02","공립","N","","15","189","15","0","0","2","34","2","1","1600000"
"경기도교육청","경기도동두천양주교육지원청","경기도 양주시","S090001809","연곡초등학교","02","공립","N","","7","47","7","0","20500000","0","0","0","0","0"
"경기도교육청","경기도동두천양주교육지원청","경기도 양주시","S090001810","유양초등학교","02","공립","N","","4","72","6","1","5605000","1","22","4","2","5160000"
"경기도교육청","경기도동두천양주교육지원청","경기도 양주시","S090001812","은봉초등학교","02","공립","N","","15","324","15","0","3780000","1","10","1","0","0"
"경기도교육청","경기도동두천양주교육지원청","경기도 양주시","S090001813","은현초등학교","02","공립","N","","6","48","6","1","1000000","1","6","1","0","1100000"
"경기도교육청","경기도동두천양주교육지원청","경기도 동두천시","S090001814","지행초등학교","02","공립","N","","36","869","36","0","0","9","129","9","0","7580000"
"경기도교육청","경기도동두천양주교육지원청","경기도 양주시","S090001815","천보초등학교","02","공립","N","","39","939","39","0","2000000","0","0","0","0","0"
"경기도교육청","경기도동두천양주교육지원청","경기도 양주시","S090001816","칠봉초등학교","02","공립","N","","20","453","20","0","0","17","378","17","0","1440000"
"경기도교육청","경기도동두천양주교육지원청","경기도 동두천시","S090001817","탑동초등학교","02","공립","N","","6","94","6","4","8100000","0","0","0","0","0"
"경기도교육청","경기도동두천양주교육지원청","경기도 양주시","S090001819","회정초등학교","02","공립","N","","20","371","24","8","2400000","0","0","0","0","0"
"경기도교육청","경기도동두천양주교육지원청","경기도 양주시","S090001820","회천초등학교","02","공립","N","","20","475","20","0","1500000","0","0","0","0","0"
"경기도교육청","경기도동두천양주교육지원청","경기도 양주시","S090001821","효촌초등학교","02","공립","N","","6","32","6","0","1300000","0","0","0","0","0"
"경기도교육청","경기도부천교육지원청","경기도 부천시 원미구","S090001914","계남초등학교","02","공립","N","","11","1217","46","11","2510000","0","0","0","0","0"
"경기도교육청","경기도부천교육지원청","경기도 부천시 오정구","S090001915","고강초등학교","02","공립","N","","32","476","38","6","30700000","0","0","0","0","0"
"경기도교육청","경기도부천교육지원청","경기도 부천시 오정구","S090001916","고리울초등학교","02","공립","N","","14","304","14","14","0","0","0","0","0","0"
"경기도교육청","경기도부천교육지원청","경기도 부천시 오정구","S090001918","까치울초등학교","02","공립","N","","10","155","9","3","6700000","0","0","0","0","0"
"경기도교육청","경기도부천교육지원청","경기도 부천시 원미구","S090001944","도당초등학교","02","공립","N","","34","848","34","0","0","0","0","0","0","0"
"경기도교육청","경기도부천교육지원청","경기도 부천시 소사구","S090001945","도원초등학교","02","공립","N","","18","365","18","0","0","0","0","0","0","0"
"경기도교육청","경기도부천교육지원청","경기도 부천시 원미구","S090001946","동곡초등학교","02","공립","N","","35","559","35","0","0","14","83","14","0","1000000"
"경기도교육청","경기도부천교육지원청","경기도 부천시 소사구","S090001953","범박초등학교","02","공립","N","","32","838","32","0","12800000","0","0","0","0","0"
"경기도교육청","경기도부천교육지원청","경기도 부천시 소사구","S090001954","복사초등학교","02","공립","N","","22","444","22","11","0","0","0","0","0","0"
"경기도교육청","경기도부천교육지원청","경기도 부천시 원미구","S090001956","부광초등학교","02","공립","N","","10","197","10","14","0","7","58","7","0","1000000"
"경기도교육청","경기도부천교육지원청","경기도 부천시 원미구","S090001957","부명초등학교","02","공립","N","","20","436","20","1","1200000","1","16","2","0","1500000"
"경기도교육청","경기도부천교육지원청","경기도 부천시 소사구","S090001959","부원초등학교","02","공립","N","","22","485","22","6","16000000","5","73","5","0","1200000"
"경기도교육청","경기도부천교육지원청","경기도 부천시 원미구","S090001960","부인초등학교","02","공립","N","","0","0","0","0","0","3","27","3","0","500000"
"경기도교육청","경기도부천교육지원청","경기도 부천시 원미구","S090001961","부일초등학교","02","공립","N","","2","281","12","2","11920000","0","0","0","0","0"
"경기도교육청","경기도부천교육지원청","경기도 부천시 소사구","S090001962","부천남초등학교","02","공립","N","","7","500","22","0","0","2","15","2","0","0"
"경기도교육청","경기도부천교육지원청","경기도 부천시 오정구","S090001963","부천대명초등학교","02","공립","N","","11","481","22","2","9300000","6","481","22","0","1500000"
"경기도교육청","경기도부천교육지원청","경기도 부천시 오정구","S090001964","부천덕산초등학교","02","공립","N","","21","469","21","4","15500000","0","0","0","0","0"
"경기도교육청","경기도부천교육지원청","경기도 부천시 원미구","S090001966","부천동초등학교","02","공립","N","","19","420","19","13","1000000","0","0","0","0","0"
"경기도교육청","경기도부천교육지원청","경기도 부천시 원미구","S090001967","부천부곡초등학교","02","공립","N","","12","260","12","0","0","4","20","4","0","1000000"
"경기도교육청","경기도부천교육지원청","경기도 부천시 소사구","S090001968","부천부안초등학교","02","공립","N","","24","357","30","6","2800000","1","7","1","0","0"
"경기도교육청","경기도부천교육지원청","경기도 부천시 원미구","S090001969","부천부흥초등학교","02","공립","N","","24","558","24","0","0","12","71","12","0","1500000"
"경기도교육청","경기도부천교육지원청","경기도 부천시 원미구","S090001970","부천북초등학교","02","공립","N","","33","789","33","0","0","5","74","5","4","7520000"
"경기도교육청","경기도부천교육지원청","경기도 부천시 오정구","S090001971","부천삼정초등학교","02","공립","N","","13","308","13","0","500000","0","0","0","0","0"
"경기도교육청","경기도부천교육지원청","경기도 부천시 원미구","S090001972","부천서초등학교","02","공립","N","","27","645","27","3","6800000","5","83","5","0","4200000"
"경기도교육청","경기도부천교육지원청","경기도 부천시 오정구","S090001973","부천수주초등학교","02","공립","N","","6","371","16","0","0","0","0","0","0","0"
"경기도교육청","경기도부천교육지원청","경기도 부천시 원미구","S090001974","부천신흥초등학교","02","공립","N","","18","369","18","0","0","0","0","0","0","0"
"경기도교육청","경기도부천교육지원청","경기도 부천시 오정구","S090001975","부천여월초등학교","02","공립","N","","21","463","21","0","3500000","1","46","2","1","15002000"
"경기도교육청","경기도부천교육지원청","경기도 부천시 원미구","S090001976","부천역곡초등학교","02","공립","N","","11","537","24","11","0","0","0","0","0","0"
"경기도교육청","경기도부천교육지원청","경기도 부천시 오정구","S090001977","부천원일초등학교","02","공립","N","","14","281","14","3","0","0","0","0","0","0"
"경기도교육청","경기도부천교육지원청","경기도 부천시 원미구","S090001978","부천중앙초등학교","02","공립","N","","25","600","25","0","1500000","0","0","0","0","0"
"경기도교육청","경기도부천교육지원청","경기도 부천시 원미구","S090001979","부천중원초등학교","02","공립","N","","10","188","10","0","0","0","0","0","0","0"
"경기도교육청","경기도부천교육지원청","경기도 부천시 원미구","S090001980","부천초등학교","02","공립","N","","21","522","31","26","7600000","21","522","21","0","1800000"
"경기도교육청","경기도부천교육지원청","경기도 부천시 원미구","S090001987","상도초등학교","02","공립","N","","18","368","18","0","3600000","0","0","0","0","0"
"경기도교육청","경기도부천교육지원청","경기도 부천시 원미구","S090001988","상동초등학교","02","공립","N","","32","816","32","0","0","2","19","2","0","400000"
"경기도교육청","경기도부천교육지원청","경기도 부천시 원미구","S090001989","상원초등학교","02","공립","N","","16","369","16","6","0","8","84","8","0","5000000"
"경기도교육청","경기도부천교육지원청","경기도 부천시 원미구","S090001990","상인초등학교","02","공립","N","","37","918","37","1","4400000","4","76","2","4","3960000"
"경기도교육청","경기도부천교육지원청","경기도 부천시 원미구","S090001991","상일초등학교","02","공립","N","","59","1472","59","46","12102000","0","0","0","0","0"
"경기도교육청","경기도부천교육지원청","경기도 부천시 원미구","S090001992","상지초등학교","02","공립","N","","13","263","13","0","1300000","0","0","0","0","0"
"경기도교육청","경기도부천교육지원청","경기도 부천시 소사구","S090002001","성주초등학교","02","공립","N","","24","589","25","1","5594000","0","0","0","0","0"
"경기도교육청","경기도부천교육지원청","경기도 부천시 소사구","S090002002","소사초등학교","02","공립","N","","31","768","31","0","0","0","0","0","0","0"
"경기도교육청","경기도부천교육지원청","경기도 부천시 원미구","S090002003","송내초등학교","02","공립","N","","10","165","10","12","31550000","0","0","0","0","0"
"경기도교육청","경기도부천교육지원청","경기도 부천시 원미구","S090002007","신도초등학교","02","공립","N","","41","613","41","0","0","3","33","3","1","3200000"
"경기도교육청","경기도부천교육지원청","경기도 부천시 소사구","S090002011","소일초등학교","02","공립","N","","22","293","22","0","0","1","10","1","0","0"
"경기도교육청","경기도부천교육지원청","경기도 부천시 원미구","S090002015","심곡초등학교","02","공립","N","","23","517","23","0","0","3","19","3","0","1500000"
"경기도교육청","경기도부천교육지원청","경기도 부천시 원미구","S090002016","심원초등학교","02","공립","N","","8","725","29","0","0","0","0","0","0","0"
"경기도교육청","경기도부천교육지원청","경기도 부천시 원미구","S090002017","약대초등학교","02","공립","N","","13","220","13","0","1200000","5","44","5","0","1200000"
"경기도교육청","경기도부천교육지원청","경기도 부천시 오정구","S090002022","오정초등학교","02","공립","N","","6","455","21","4","0","3","22","3","0","2410000"
"경기도교육청","경기도부천교육지원청","경기도 부천시 원미구","S090002026","원미초등학교","02","공립","N","","6","603","26","6","1000000","0","0","0","0","0"
"경기도교육청","경기도부천교육지원청","경기도 부천시 오정구","S090002027","원종초등학교","02","공립","N","","24","533","24","0","0","0","0","0","0","0"
"경기도교육청","경기도부천교육지원청","경기도 부천시 원미구","S090002038","중흥초등학교","02","공립","N","","33","800","33","0","7150000","5","45","5","0","1870000"
"경기도교육청","경기도부천교육지원청","경기도 부천시 소사구","S090002039","창영초등학교","02","공립","N","","25","564","25","3","0","0","0","0","0","0"
"경기도교육청","경기도성남교육지원청","경기도 성남시 중원구","S090002210","검단초등학교","02","공립","N","","18","697","18","2","3120000","0","0","0","0","0"
"경기도교육청","경기도성남교육지원청","경기도 성남시 분당구","S090002211","구미초등학교","02","공립","N","","23","542","23","0","4600000","2","16","2","0","1000000"
"경기도교육청","경기도성남교육지원청","경기도 성남시 수정구","S090002214","금빛초등학교","02","공립","N","","13","259","13","0","1300000","5","52","5","0","1160000"
"경기도교육청","경기도성남교육지원청","경기도 성남시 중원구","S090002215","금상초등학교","02","공립","N","","25","588","25","1","0","1","20","1","0","1800000"
"경기도교육청","경기도성남교육지원청","경기도 성남시 분당구","S090002216","낙생초등학교","02","공립","N","","45","1123","45","0","16388000","12","140","12","0","8000000"
"경기도교육청","경기도성남교육지원청","경기도 성남시 분당구","S090002217","내정초등학교","02","공립","N","","8","1150","44","7","13200000","5","130","5","1","3360000"
"경기도교육청","경기도성남교육지원청","경기도 성남시 중원구","S090002218","단남초등학교","02","공립","N","","21","467","21","13","24650000","1","7","1","1","2450000"
"경기도교육청","경기도성남교육지원청","경기도 성남시 수정구","S090002219","단대초등학교","02","공립","N","","30","683","31","0","0","14","242","14","0","13100000"
"경기도교육청","경기도성남교육지원청","경기도 성남시 분당구","S090002221","당촌초등학교","02","공립","N","","26","639","27","0","0","0","0","0","0","0"
"경기도교육청","경기도성남교육지원청","경기도 성남시 중원구","S090002223","대일초등학교","02","공립","N","","14","255","14","0","0","2","18","2","0","1540000"
"경기도교육청","경기도성남교육지원청","경기도 성남시 중원구","S090002224","대하초등학교","02","공립","N","","23","686","25","0","0","8","50","8","0","1740000"
"경기도교육청","경기도성남교육지원청","경기도 성남시 분당구","S090002225","돌마초등학교","02","공립","N","","19","431","19","0","3800000","0","0","0","0","0"
"경기도교육청","경기도성남교육지원청","경기도 성남시 분당구","S090002227","백현초등학교","02","공립","N","","6","77","6","0","1800000","0","0","0","0","0"
"경기도교육청","경기도성남교육지원청","경기도 성남시 수정구","S090002228","복정초등학교","02","공립","N","","6","233","12","3","7750000","0","0","0","0","0"
"경기도교육청","경기도성남교육지원청","경기도 성남시 분당구","S090002229","분당초등학교","02","공립","N","","35","877","35","0","0","1","10","1","0","500000"
"경기도교육청","경기도성남교육지원청","경기도 성남시 분당구","S090002230","불곡초등학교","02","공립","N","","21","486","21","3","3305000","0","0","0","0","0"
"경기도교육청","경기도성남교육지원청","경기도 성남시 분당구","S090002231","불정초등학교","02","공립","N","","38","727","38","0","3000000","2","12","2","0","393000"
"경기도교육청","경기도성남교육지원청","경기도 성남시 중원구","S090002232","상대원초등학교","02","공립","N","","9","163","9","0","1000000","0","0","0","0","0"
"경기도교육청","경기도성남교육지원청","경기도 성남시 중원구","S090002234","상원초등학교","02","공립","N","","17","339","17","0","0","18","357","18","0","7200000"
"경기도교육청","경기도성남교육지원청","경기도 성남시 분당구","S090002235","상탑초등학교","02","공립","N","","26","381","26","0","2000000","21","283","21","0","4800000"
"경기도교육청","경기도성남교육지원청","경기도 성남시 분당구","S090002236","서당초등학교","02","공립","N","","31","766","31","0","0","6","38","6","0","600000"
"경기도교육청","경기도성남교육지원청","경기도 성남시 분당구","S090002237","서현초등학교","02","공립","N","","38","952","38","0","0","8","155","9","0","23100000"
"경기도교육청","경기도성남교육지원청","경기도 성남시 중원구","S090002238","성남동초등학교","02","공립","N","","17","356","17","0","1795000","0","0","0","0","0"
"경기도교육청","경기도성남교육지원청","경기도 성남시 분당구","S090002239","성남매송초등학교","02","공립","N","","30","725","30","0","0","0","0","0","0","0"
"경기도교육청","경기도성남교육지원청","경기도 성남시 분당구","S090002240","성남미금초등학교","02","공립","N","","28","656","28","0","0","5","73","5","0","2000000"
"경기도교육청","경기도성남교육지원청","경기도 성남시 수정구","S090002241","성남북초등학교","02","공립","N","","9","151","9","0","0","0","0","0","0","0"
"경기도교육청","경기도성남교육지원청","경기도 성남시 수정구","S090002242","성남서초등학교","02","공립","N","","14","174","14","0","1080000","6","43","6","0","0"
"경기도교육청","경기도성남교육지원청","경기도 성남시 분당구","S090002243","성남신기초등학교","02","공립","N","","19","436","19","0","0","0","0","0","0","0"
"경기도교육청","경기도성남교육지원청","경기도 성남시 수정구","S090002244","성남신흥초등학교","02","공립","N","","24","541","24","0","0","24","541","24","0","2400000"
"경기도교육청","경기도성남교육지원청","경기도 성남시 중원구","S090002245","성남은행초등학교","02","공립","N","","17","376","17","0","2200000","0","0","0","0","0"
"경기도교육청","경기도성남교육지원청","경기도 성남시 분당구","S090002246","성남장안초등학교","02","공립","N","","7","152","7","0","0","18","344","18","0","1900000"
"경기도교육청","경기도성남교육지원청","경기도 성남시 중원구","S090002247","성남제일초등학교","02","공립","N","","1","100","4","0","0","1","100","4","0","2000000"
"경기도교육청","경기도성남교육지원청","경기도 성남시 수정구","S090002248","성남수정초등학교","02","공립","N","","17","376","17","1","8262000","0","0","0","0","0"
"경기도교육청","경기도성남교육지원청","경기도 성남시 중원구","S090002249","성남중앙초등학교","02","공립","N","","17","350","17","0","0","2","12","2","0","0"
"경기도교육청","경기도성남교육지원청","경기도 성남시 수정구","S090002250","성남초등학교","02","공립","N","","27","621","27","0","0","3","48","3","0","2000000"
"경기도교육청","경기도성남교육지원청","경기도 성남시 수정구","S090002251","성수초등학교","02","공립","N","","19","409","19","0","0","2","19","2","0","2000000"
"경기도교육청","경기도성남교육지원청","경기도 성남시 분당구","S090002252","수내초등학교","02","공립","N","","42","1048","42","1","9920000","19","463","19","0","2660000"
"경기도교육청","경기도성남교육지원청","경기도 성남시 수정구","S090002253","수진초등학교","02","공립","N","","23","526","23","6","4245000","0","0","0","0","0"
"경기도교육청","경기도성남교육지원청","경기도 성남시 분당구","S090002256","안말초등학교","02","공립","N","","26","604","26","0","0","2","20","2","0","900000"
"경기도교육청","경기도성남교육지원청","경기도 성남시 분당구","S090002257","야탑초등학교","02","공립","N","","27","640","28","0","4100000","0","0","0","0","0"
"경기도교육청","경기도성남교육지원청","경기도 성남시 분당구","S090002258","양영초등학교","02","공립","N","","10","160","11","4","1000000","2","33","2","0","800000"
"경기도교육청","경기도성남교육지원청","경기도 성남시 분당구","S090002259","오리초등학교","02","공립","N","","7","112","7","2","0","1","12","1","0","0"
"경기도교육청","경기도성남교육지원청","경기도 성남시 수정구","S090002260","왕남초등학교","02","공립","N","","26","566","26","2","4850000","19","190","19","0","3030000"
"경기도교육청","경기도성남교육지원청","경기도 성남시 분당구","S090002262","이매초등학교","02","공립","N","","29","658","29","0","6440000","0","0","0","0","0"
"경기도교육청","경기도성남교육지원청","경기도 성남시 중원구","S090002267","중부초등학교","02","공립","N","","23","390","23","0","2400000","0","0","0","0","0"
"경기도교육청","경기도성남교육지원청","경기도 성남시 중원구","S090002269","중원초등학교","02","공립","N","","22","490","22","22","18600000","1","15","1","1","1500000"
"경기도교육청","경기도성남교육지원청","경기도 성남시 분당구","S090002270","중탑초등학교","02","공립","N","","22","465","22","2","13860000","1","18","1","0","130000"
"경기도교육청","경기도성남교육지원청","경기도 성남시 분당구","S090002271","청솔초등학교","02","공립","N","","13","276","13","0","1400000","0","0","0","0","0"
"경기도교육청","경기도성남교육지원청","경기도 성남시 분당구","S090002272","초림초등학교","02","공립","N","","40","1154","40","0","4000000","2","17","2","0","1000000"
"경기도교육청","경기도성남교육지원청","경기도 성남시 분당구","S090002273","탄천초등학교","02","공립","N","","29","420","29","0","1500000","0","0","0","0","0"
"경기도교육청","경기도성남교육지원청","경기도 성남시 수정구","S090002274","태평초등학교","02","공립","N","","10","175","10","0","3300000","0","0","0","0","0"
"경기도교육청","경기도성남교육지원청","경기도 성남시 중원구","S090002275","하원초등학교","02","공립","N","","33","527","33","33","17400000","0","0","0","0","0"
"경기도교육청","경기도성남교육지원청","경기도 성남시 분당구","S090002276","하탑초등학교","02","공립","N","","27","636","27","0","8100000","0","0","0","0","0"
"경기도교육청","경기도성남교육지원청","경기도 성남시 분당구","S090002277","한솔초등학교","02","공립","N","","8","107","8","0","0","1","10","1","0","400000"
"경기도교육청","경기도성남교육지원청","경기도 성남시 수정구","S090002278","희망대초등학교","02","공립","N","","28","678","28","0","1500000","0","0","0","0","0"
"경기도교육청","경기도수원교육지원청","경기도 수원시 권선구","S090002444","고색초등학교","02","공립","N","","17","406","17","0","1700000","2","7","2","0","690000"
"경기도교육청","경기도수원교육지원청","경기도 수원시 권선구","S090002445","고현초등학교","02","공립","N","","8","149","8","0","800000","7","46","7","0","1000000"
"경기도교육청","경기도수원교육지원청","경기도 수원시 권선구","S090002446","곡반초등학교","02","공립","N","","32","778","32","0","8100000","1","6","1","0","500000"
"경기도교육청","경기도수원교육지원청","경기도 수원시 권선구","S090002447","곡선초등학교","02","공립","N","","29","685","30","0","0","6","69","6","1","6000000"
"경기도교육청","경기도수원교육지원청","경기도 수원시 권선구","S090002448","구운초등학교","02","공립","N","","19","384","19","0","0","0","0","0","0","0"
"경기도교육청","경기도수원교육지원청","경기도 수원시 권선구","S090002449","권선초등학교","02","공립","N","","37","897","37","0","0","0","0","0","0","0"
"경기도교육청","경기도수원교육지원청","경기도 수원시 권선구","S090002450","남수원초등학교","02","공립","N","","22","474","22","0","2200000","0","0","0","0","0"
"경기도교육청","경기도수원교육지원청","경기도 수원시 팔달구","S090002451","남창초등학교","02","공립","N","","4","57","4","3","2950000","0","0","0","0","0"
"경기도교육청","경기도수원교육지원청","경기도 수원시 권선구","S090002452","당수초등학교","02","공립","N","","24","533","24","1","0","0","0","0","0","0"
"경기도교육청","경기도수원교육지원청","경기도 수원시 장안구","S090002453","대평초등학교","02","공립","N","","19","427","19","0","6300000","0","0","0","0","0"
"경기도교육청","경기도수원교육지원청","경기도 수원시 영통구","S090002454","동수원초등학교","02","공립","N","","17","332","21","0","0","0","0","0","0","0"
"경기도교육청","경기도수원교육지원청","경기도 수원시 장안구","S090002455","수원동신초등학교","02","공립","N","","21","491","21","0","0","11","96","11","0","500000"
"경기도교육청","경기도수원교육지원청","경기도 수원시 팔달구","S090002456","매산초등학교","02","공립","N","","27","612","27","0","0","4","26","4","0","1500000"
"경기도교육청","경기도수원교육지원청","경기도 수원시 영통구","S090002457","매원초등학교","02","공립","N","","77","1288","108","0","3600000","2","17","3","3","2000000"
"경기도교육청","경기도수원교육지원청","경기도 수원시 영통구","S090002458","매탄초등학교","02","공립","N","","48","1174","48","0","2000000","4","61","4","4","5040000"
"경기도교육청","경기도수원교육지원청","경기도 수원시 영통구","S090002459","매현초등학교","02","공립","N","","9","182","9","0","0","0","0","0","0","0"
"경기도교육청","경기도수원교육지원청","경기도 수원시 권선구","S090002460","명당초등학교","02","공립","N","","11","237","11","2","0","0","0","0","0","0"
"경기도교육청","경기도수원교육지원청","경기도 수원시 장안구","S090002461","명인초등학교","02","공립","N","","25","593","25","0","0","3","26","3","0","500000"
"경기도교육청","경기도수원교육지원청","경기도 수원시 영통구","S090002462","산남초등학교","02","공립","N","","19","406","19","0","0","5","44","5","0","500000"
"경기도교육청","경기도수원교육지원청","경기도 수원시 영통구","S090002463","산의초등학교","02","공립","N","","55","1388","55","0","3000000","2","61","2","7","26980000"
"경기도교육청","경기도수원교육지원청","경기도 수원시 장안구","S090002464","상률초등학교","02","공립","N","","22","459","22","22","7040000","1","6","1","0","0"
"경기도교육청","경기도수원교육지원청","경기도 수원시 권선구","S090002465","상촌초등학교","02","공립","N","","45","557","45","0","3600000","3","36","3","0","815500"
"경기도교육청","경기도수원교육지원청","경기도 수원시 권선구","S090002466","서호초등학교","02","공립","N","","12","247","12","0","0","2","26","2","0","600000"
"경기도교육청","경기도수원교육지원청","경기도 수원시 권선구","S090002467","세곡초등학교","02","공립","N","","12","266","12","0","1400000","1","12","1","0","0"
"경기도교육청","경기도수원교육지원청","경기도 수원시 권선구","S090002468","세류초등학교","02","공립","N","","23","577","23","0","600000","1","13","1","0","1000000"
"경기도교육청","경기도수원교육지원청","경기도 수원시 영통구","S090002469","소화초등학교","02","사립","N","","25","504","25","0","0","0","0","0","0","0"
"경기도교육청","경기도수원교육지원청","경기도 수원시 장안구","S090002470","송림초등학교","02","공립","N","","51","1321","51","0","5300000","0","0","0","0","0"
"경기도교육청","경기도수원교육지원청","경기도 수원시 장안구","S090002471","송원초등학교","02","공립","N","","21","480","21","0","2100000","0","0","0","0","0"
"경기도교육청","경기도수원교육지원청","경기도 수원시 장안구","S090002472","송정초등학교","02","공립","N","","50","1089","50","3","12400000","3","16","3","0","300000"
"경기도교육청","경기도수원교육지원청","경기도 수원시 장안구","S090002473","송죽초등학교","02","공립","N","","18","348","18","0","0","0","0","0","0","0"
"경기도교육청","경기도수원교육지원청","경기도 수원시 장안구","S090002474","수성초등학교","02","공립","N","","14","285","14","0","0","0","0","0","0","0"
"경기도교육청","경기도수원교육지원청","경기도 수원시 권선구","S090002475","수원금곡초등학교","02","공립","N","","12","231","12","0","5000000","0","0","0","0","0"
"경기도교육청","경기도수원교육지원청","경기도 수원시 권선구","S090002477","수원선일초등학교","02","공립","N","","21","491","21","0","0","0","0","0","0","0"
"경기도교육청","경기도수원교육지원청","경기도 수원시 권선구","S090002478","수원신곡초등학교","02","공립","N","","7","644","28","0","0","11","65","11","1","11700000"
"경기도교육청","경기도수원교육지원청","경기도 수원시 팔달구","S090002479","수원초등학교","02","공립","N","","33","929","33","0","3900000","4","25","4","0","1000000"
"경기도교육청","경기도수원교육지원청","경기도 수원시 팔달구","S090002480","숙지초등학교","02","공립","N","","12","232","12","0","3600000","1","15","1","0","0"
"경기도교육청","경기도수원교육지원청","경기도 수원시 영통구","S090002482","신성초등학교","02","공립","N","","21","256","21","0","0","2","28","2","0","0"
"경기도교육청","경기도수원교육지원청","경기도 수원시 영통구","S090002483","신영초등학교","02","공립","N","","28","372","28","0","3900000","0","0","0","0","0"
"경기도교육청","경기도수원교육지원청","경기도 수원시 영통구","S090002484","신풍초등학교","02","공립","N","","7","1038","42","0","0","6","152","6","18","13300000"
"경기도교육청","경기도수원교육지원청","경기도 수원시 권선구","S090002485","안룡초등학교","02","공립","N","","55","1245","55","0","7900000","1","19","1","0","0"
"경기도교육청","경기도수원교육지원청","경기도 수원시 팔달구","S090002486","연무초등학교","02","공립","N","","12","203","12","0","0","3","26","3","1","2000000"
"경기도교육청","경기도수원교육지원청","경기도 수원시 영통구","S090002487","영덕초등학교","02","공립","N","","50","1348","50","0","0","2","85","2","0","4100000"
"경기도교육청","경기도수원교육지원청","경기도 수원시 영통구","S090002488","영동초등학교","02","공립","N","","37","901","37","0","2000000","0","0","0","0","0"
"경기도교육청","경기도수원교육지원청","경기도 수원시 영통구","S090002489","영일초등학교","02","공립","N","","18","390","18","0","3600000","1","13","1","0","1650000"
"경기도교육청","경기도수원교육지원청","경기도 수원시 영통구","S090002490","영통초등학교","02","공립","N","","17","356","17","0","0","0","0","0","0","0"
"경기도교육청","경기도수원교육지원청","경기도 수원시 장안구","S090002491","영화초등학교","02","공립","N","","8","560","23","0","0","8","73","8","2","10500000"
"경기도교육청","경기도수원교육지원청","경기도 수원시 권선구","S090002492","오목초등학교","02","공립","N","","12","263","12","0","0","0","0","0","0","0"
"경기도교육청","경기도수원교육지원청","경기도 수원시 팔달구","S090002493","우만초등학교","02","공립","N","","11","199","11","0","1650000","0","0","0","0","0"
"경기도교육청","경기도수원교육지원청","경기도 수원시 영통구","S090002494","원일초등학교","02","공립","N","","28","406","28","0","1000000","0","0","0","0","0"
"경기도교육청","경기도수원교육지원청","경기도 수원시 영통구","S090002495","원천초등학교","02","공립","N","","49","445","49","0","2000000","5","58","3","2","8550000"
"경기도교육청","경기도수원교육지원청","경기도 수원시 장안구","S090002496","율전초등학교","02","공립","N","","24","419","24","3","8400000","3","30","3","0","120000"
"경기도교육청","경기도수원교육지원청","경기도 수원시 팔달구","S090002497","율현초등학교","02","공립","N","","19","446","19","0","0","5","44","5","0","0"
"경기도교육청","경기도수원교육지원청","경기도 수원시 팔달구","S090002498","인계초등학교","02","공립","N","","38","823","38","0","3400000","0","0","0","0","0"
"경기도교육청","경기도수원교육지원청","경기도 수원시 권선구","S090002499","일월초등학교","02","공립","N","","20","428","20","0","0","4","46","4","1","0"
"경기도교육청","경기도수원교육지원청","경기도 수원시 영통구","S090002500","잠원초등학교","02","공립","N","","42","1052","42","0","0","3","50","3","0","11040000"
"경기도교육청","경기도수원교육지원청","경기도 수원시 장안구","S090002501","정자초등학교","02","공립","N","","22","486","22","9","15605000","2","22","2","0","200000"
"경기도교육청","경기도수원교육지원청","경기도 수원시 장안구","S090002502","정천초등학교","02","공립","N","","32","772","32","0","6400000","1","40","1","2","2150000"
"경기도교육청","경기도수원교육지원청","경기도 수원시 장안구","S090002503","조원초등학교","02","공립","N","","16","326","16","4","9600000","0","0","0","0","0"
"경기도교육청","경기도수원교육지원청","경기도 수원시 영통구","S090002504","중앙기독초등학교","02","사립","N","","0","0","0","0","0","17","230","23","4","2150000"
"경기도교육청","경기도수원교육지원청","경기도 수원시 팔달구","S090002506","지동초등학교","02","공립","N","","13","259","13","0","0","0","0","0","0","0"
"경기도교육청","경기도수원교육지원청","경기도 수원시 장안구","S090002507","창용초등학교","02","공립","N","","14","292","14","0","1000000","0","0","0","0","0"
"경기도교육청","경기도수원교육지원청","경기도 수원시 장안구","S090002508","천일초등학교","02","공립","N","","49","429","49","0","1230000","0","0","0","0","0"
"경기도교육청","경기도수원교육지원청","경기도 수원시 장안구","S090002509","천천초등학교","02","공립","N","","30","691","30","0","2320000","0","0","0","0","0"
"경기도교육청","경기도수원교육지원청","경기도 수원시 영통구","S090002510","청명초등학교","02","공립","N","","14","404","14","0","0","0","0","0","0","0"
"경기도교육청","경기도수원교육지원청","경기도 수원시 권선구","S090002511","칠보초등학교","02","공립","N","","62","762","62","0","3100000","5","93","5","0","500000"
"경기도교육청","경기도수원교육지원청","경기도 수원시 권선구","S090002512","탑동초등학교","02","공립","N","","24","543","24","0","2400000","1","13","1","0","0"
"경기도교육청","경기도수원교육지원청","경기도 수원시 영통구","S090002513","태장초등학교","02","공립","N","","30","711","30","0","3000000","2","16","2","0","1500000"
"경기도교육청","경기도수원교육지원청","경기도 수원시 장안구","S090002514","파장초등학교","02","공립","N","","21","459","21","5","1200000","0","0","0","0","0"
"경기도교육청","경기도수원교육지원청","경기도 수원시 장안구","S090002515","한일초등학교","02","공립","N","","17","358","17","0","0","0","0","0","0","0"
"경기도교육청","경기도수원교육지원청","경기도 수원시 권선구","S090002516","호매실초등학교","02","공립","N","","17","360","17","0","0","0","0","0","0","0"
"경기도교육청","경기도수원교육지원청","경기도 수원시 팔달구","S090002517","화서초등학교","02","공립","N","","7","306","15","1","0","1","10","1","0","0"
"경기도교육청","경기도수원교육지원청","경기도 수원시 팔달구","S090002518","화양초등학교","02","공립","N","","24","535","26","0","2400000","0","0","0","0","0"
"경기도교육청","경기도수원교육지원청","경기도 수원시 팔달구","S090002519","화홍초등학교","02","공립","N","","30","718","30","0","0","10","47","10","0","1800000"
"경기도교육청","경기도수원교육지원청","경기도 수원시 영통구","S090002520","황곡초등학교","02","공립","N","","24","578","24","0","0","1","6","1","0","0"
"경기도교육청","경기도수원교육지원청","경기도 수원시 영통구","S090002521","효동초등학교","02","공립","N","","20","389","20","0","0","2","49","2","0","2500000"
"경기도교육청","경기도수원교육지원청","경기도 수원시 팔달구","S090002522","효성초등학교","02","공립","N","","14","305","14","0","0","0","0","0","0","0"
"경기도교육청","경기도수원교육지원청","경기도 수원시 영통구","S090002523","효원초등학교","02","공립","N","","12","221","12","0","0","3","35","3","2","5600000"
"경기도교육청","경기도수원교육지원청","경기도 수원시 권선구","S090002524","효정초등학교","02","공립","N","","12","207","12","4","2800000","0","0","0","0","0"
"경기도교육청","경기도수원교육지원청","경기도 수원시 장안구","S090002525","효천초등학교","02","공립","N","","30","294","30","0","3250000","1","8","1","0","0"
"경기도교육청","경기도안산교육지원청","경기도 안산시 상록구","S090002715","각골초등학교","02","공립","N","","17","352","17","0","1700000","1","6","1","0","300000"
"경기도교육청","경기도시흥교육지원청","경기도 시흥시","S090002716","검바위초등학교","02","공립","N","","32","613","32","14","25660000","0","0","0","0","0"
"경기도교육청","경기도안산교육지원청","경기도 안산시 상록구","S090002717","경수초등학교","02","공립","N","","6","87","6","12","11360000","0","0","0","0","0"
"경기도교육청","경기도안산교육지원청","경기도 안산시 상록구","S090002718","경일초등학교","02","공립","N","","17","357","17","0","0","0","0","0","0","0"
"경기도교육청","경기도시흥교육지원청","경기도 시흥시","S090002719","계수초등학교","02","공립","N","","8","82","7","8","18300000","0","0","0","0","0"
"경기도교육청","경기도안산교육지원청","경기도 안산시 단원구","S090002720","고잔초등학교","02","공립","N","","21","430","21","0","0","0","0","0","0","0"
"경기도교육청","경기도안산교육지원청","경기도 안산시 단원구","S090002721","관산초등학교","02","공립","N","","47","1179","47","0","0","1","10","1","0","0"
"경기도교육청","경기도시흥교육지원청","경기도 시흥시","S090002722","군서초등학교","02","공립","N","","33","742","33","32","21288500","14","127","15","1","2600000"
"경기도교육청","경기도시흥교육지원청","경기도 시흥시","S090002723","군자초등학교","02","공립","N","","11","603","25","8","20500000","0","0","0","0","0"
"경기도교육청","경기도시흥교육지원청","경기도 시흥시","S090002724","금모래초등학교","02","공립","N","","36","873","36","13","25100000","0","0","0","0","0"
"경기도교육청","경기도시흥교육지원청","경기도 시흥시","S090002725","냉정초등학교","02","공립","N","","19","470","21","8","34900000","7","50","7","0","700000"
"경기도교육청","경기도안산교육지원청","경기도 안산시 단원구","S090002726","능길초등학교","02","공립","N","","6","63","6","1","1200000","6","24","6","0","8800000"
"경기도교육청","경기도안산교육지원청","경기도 안산시 단원구","S090002727","대남초등학교","02","공립","N","","4","44","4","0","2000000","0","0","0","0","0"
"경기도교육청","경기도안산교육지원청","경기도 안산시 단원구","S090002729","대동초등학교","02","공립","N","","19","48","6","16","34000000","6","48","6","0","1836000"
"경기도교육청","경기도안산교육지원청","경기도 안산시 단원구","S090002730","대부초등학교","02","공립","N","","6","71","6","0","1200000","0","0","0","0","0"
"경기도교육청","경기도시흥교육지원청","경기도 시흥시","S090002731","대야초등학교","02","공립","N","","19","448","19","19","6153000","2","25","2","0","900000"
"경기도교육청","경기도안산교육지원청","경기도 안산시 단원구","S090002732","덕성초등학교","02","공립","N","","14","274","14","0","4200000","0","0","0","0","0"
"경기도교육청","경기도시흥교육지원청","경기도 시흥시","S090002733","도일초등학교","02","공립","N","","13","290","13","0","0","0","0","0","0","0"
"경기도교육청","경기도시흥교육지원청","경기도 시흥시","S090002734","도창초등학교","02","공립","N","","6","84","6","2","6300000","0","0","0","0","0"
"경기도교육청","경기도안산교육지원청","경기도 안산시 상록구","S090002735","매화초등학교","02","공립","N","","19","430","19","0","0","2","53","2","0","96000"
"경기도교육청","경기도시흥교육지원청","경기도 시흥시","S090002736","목감초등학교","02","공립","N","","15","299","15","15","0","2","19","2","1","3700000"
"경기도교육청","경기도안산교육지원청","경기도 안산시 상록구","S090002737","반월초등학교","02","공립","N","","8","120","8","2","0","0","0","0","0","0"
"경기도교육청","경기도안산교육지원청","경기도 안산시 단원구","S090002738","별망초등학교","02","공립","N","","16","275","16","7","1350000","0","0","0","0","0"
"경기도교육청","경기도안산교육지원청","경기도 안산시 상록구","S090002739","본오초등학교","02","공립","N","","27","620","27","0","0","0","0","0","0","0"
"경기도교육청","경기도안산교육지원청","경기도 안산시 상록구","S090002740","본원초등학교","02","공립","N","","33","799","33","0","0","0","0","0","0","0"
"경기도교육청","경기도안산교육지원청","경기도 안산시 상록구","S090002741","삼일초등학교","02","공립","N","","6","596","25","0","0","0","0","0","0","0"
"경기도교육청","경기도안산교육지원청","경기도 안산시 상록구","S090002742","상록초등학교","02","공립","N","","26","615","26","0","0","0","0","0","0","0"
"경기도교육청","경기도시흥교육지원청","경기도 시흥시","S090002743","서촌초등학교","02","공립","N","","10","475","19","4","5915000","3","53","3","0","600000"
"경기도교육청","경기도시흥교육지원청","경기도 시흥시","S090002744","서해초등학교","02","공립","N","","30","774","30","30","17800000","0","0","0","0","0"
"경기도교육청","경기도안산교육지원청","경기도 안산시 상록구","S090002745","석호초등학교","02","공립","N","","6","788","33","0","2000000","0","0","0","0","0"
"경기도교육청","경기도안산교육지원청","경기도 안산시 단원구","S090002746","선부초등학교","02","공립","N","","27","578","27","0","1350000","0","0","0","0","0"
"경기도교육청","경기도안산교육지원청","경기도 안산시 단원구","S090002747","선일초등학교","02","공립","N","","3","415","22","3","22400000","6","74","5","1","3000000"
"경기도교육청","경기도안산교육지원청","경기도 안산시 상록구","S090002749","성안초등학교","02","공립","N","","23","529","23","0","0","0","0","0","0","0"
"경기도교육청","경기도안산교육지원청","경기도 안산시 상록구","S090002750","성포초등학교","02","공립","N","","31","442","31","5","0","0","0","0","0","0"
"경기도교육청","경기도시흥교육지원청","경기도 시흥시","S090002751","소래초등학교","02","공립","N","","14","266","14","5","7300000","0","0","0","0","0"
"경기도교육청","경기도시흥교육지원청","경기도 시흥시","S090002752","송운초등학교","02","공립","N","","6","662","28","6","20500000","0","0","0","0","0"
"경기도교육청","경기도안산교육지원청","경기도 안산시 단원구","S090002753","송호초등학교","02","공립","N","","22","444","24","3","2000000","0","0","0","0","0"
"경기도교육청","경기도안산교육지원청","경기도 안산시 단원구","S090002755","슬기초등학교","02","공립","N","","23","537","23","4","0","1","6","2","0","500000"
"경기도교육청","경기도안산교육지원청","경기도 안산시 상록구","S090002756","시곡초등학교","02","공립","N","","23","564","23","46","18000000","0","0","0","0","0"
"경기도교육청","경기도안산교육지원청","경기도 안산시 상록구","S090002757","시랑초등학교","02","공립","N","","17","379","17","3","0","2","14","2","0","4500000"
"경기도교육청","경기도시흥교육지원청","경기도 시흥시","S090002758","시화초등학교","02","공립","N","","19","352","19","19","15315000","0","0","0","0","0"
"경기도교육청","경기도시흥교육지원청","경기도 시흥시","S090002759","시흥매화초등학교","02","공립","N","","10","343","16","0","0","3","32","3","0","1700000"
"경기도교육청","경기도시흥교육지원청","경기도 시흥시","S090002760","시흥신일초등학교","02","공립","N","","20","446","25","0","0","1","6","1","0","500000"
"경기도교육청","경기도시흥교육지원청","경기도 시흥시","S090002761","시흥은행초등학교","02","공립","N","","11","679","27","10","13775000","3","30","3","0","600000"
"경기도교육청","경기도시흥교육지원청","경기도 시흥시","S090002762","시흥초등학교","02","공립","N","","6","566","23","6","7100000","0","0","0","0","0"
"경기도교육청","경기도시흥교육지원청","경기도 시흥시","S090002764","신천초등학교","02","공립","N","","14","209","14","0","0","6","39","5","1","2000000"
"경기도교육청","경기도안산교육지원청","경기도 안산시 상록구","S090002765","안산광덕초등학교","02","공립","N","","18","253","18","4","6720000","17","348","15","2","6000000"
"경기도교육청","경기도안산교육지원청","경기도 안산시 상록구","S090002766","안산부곡초등학교","02","공립","N","","2","619","27","0","3200000","2","40","2","0","1800000"
"경기도교육청","경기도안산교육지원청","경기도 안산시 단원구","S090002767","안산서초등학교","02","공립","N","","30","734","30","1","3000000","2","13","2","0","0"
"경기도교육청","경기도안산교육지원청","경기도 안산시 단원구","S090002768","안산석수초등학교","02","공립","N","","36","868","36","1","3000000","0","0","0","0","0"
"경기도교육청","경기도안산교육지원청","경기도 안산시 단원구","S090002769","안산양지초등학교","02","공립","N","","38","993","38","0","0","3","41","3","0","4900000"
"경기도교육청","경기도안산교육지원청","경기도 안산시 단원구","S090002770","안산원곡초등학교","02","공립","N","","25","428","25","4","2500000","2","62","2","2","11800000"
"경기도교육청","경기도안산교육지원청","경기도 안산시 단원구","S090002771","안산중앙초등학교","02","공립","N","","25","583","25","0","0","2","35","2","0","200000"
"경기도교육청","경기도안산교육지원청","경기도 안산시 상록구","S090002772","안산초등학교","02","공립","N","","9","231","9","2","0","0","0","0","0","0"
"경기도교육청","경기도안산교육지원청","경기도 안산시 단원구","S090002773","안산화정초등학교","02","공립","N","","35","849","35","3","23040000","4","33","4","0","800000"
"경기도교육청","경기도시흥교육지원청","경기도 시흥시","S090002774","연성초등학교","02","공립","N","","4","126","12","6","10800000","0","0","0","0","0"
"경기도교육청","경기도시흥교육지원청","경기도 시흥시","S090002775","옥터초등학교","02","공립","N","","14","250","14","5","10900000","0","0","0","0","0"
"경기도교육청","경기도안산교육지원청","경기도 안산시 단원구","S090002776","와동초등학교","02","공립","N","","26","647","26","4","0","0","0","0","0","0"
"경기도교육청","경기도안산교육지원청","경기도 안산시 단원구","S090002778","원일초등학교","02","공립","N","","27","589","27","0","3050000","0","0","0","0","0"
"경기도교육청","경기도시흥교육지원청","경기도 시흥시","S090002779","은계초등학교","02","공립","N","","9","897","36","11","36120000","3","52","6","3","10400000"
"경기도교육청","경기도안산교육지원청","경기도 안산시 상록구","S090002780","이호초등학교","02","공립","N","","7","837","32","0","560000","0","0","0","0","0"
"경기도교육청","경기도시흥교육지원청","경기도 시흥시","S090002781","장곡초등학교","02","공립","N","","25","598","25","25","18300000","0","0","0","0","0"
"경기도교육청","경기도시흥교육지원청","경기도 시흥시","S090002782","정왕초등학교","02","공립","N","","41","995","41","6","11760000","41","995","43","0","0"
"경기도교육청","경기도안산교육지원청","경기도 안산시 상록구","S090002783","정재초등학교","02","공립","N","","13","260","13","0","0","0","0","0","0","0"
"경기도교육청","경기도안산교육지원청","경기도 안산시 단원구","S090002784","정지초등학교","02","공립","N","","17","305","17","0","0","0","0","0","0","0"
"경기도교육청","경기도시흥교육지원청","경기도 시흥시","S090002786","진말초등학교","02","공립","N","","10","1566","54","10","39120000","0","0","0","0","0"
"경기도교육청","경기도안산교육지원청","경기도 안산시 상록구","S090002787","초당초등학교","02","공립","N","","41","972","41","0","0","1","15","1","0","0"
"경기도교육청","경기도안산교육지원청","경기도 안산시 단원구","S090002788","초지초등학교","02","공립","N","","26","581","26","0","0","1","16","1","1","2620000"
"경기도교육청","경기도시흥교육지원청","경기도 시흥시","S090002789","포리초등학교","02","공립","N","","6","123","6","1","0","0","0","0","0","0"
"경기도교육청","경기도시흥교육지원청","경기도 시흥시","S090002790","하중초등학교","02","공립","N","","14","310","14","6","21000000","1","18","1","1","5390000"
"경기도교육청","경기도시흥교육지원청","경기도 시흥시","S090002791","함현초등학교","02","공립","N","","16","340","16","16","7900000","0","0","0","0","0"
"경기도교육청","경기도안산교육지원청","경기도 안산시 상록구","S090002792","호동초등학교","02","공립","N","","42","1057","42","6","29883000","1","40","1","0","0"
"경기도교육청","경기도안산교육지원청","경기도 안산시 단원구","S090002793","화랑초등학교","02","공립","N","","50","1092","50","4","37273000","27","571","27","1","9830000"
"경기도교육청","경기도안성교육지원청","경기도 안성시","S090002927","개산초등학교","02","공립","N","","5","29","7","0","2800000","0","0","0","0","0"
"경기도교육청","경기도안성교육지원청","경기도 안성시","S090002928","개정초등학교","02","공립","N","","1","38","4","3","13450000","0","0","0","0","0"
"경기도교육청","경기도안성교육지원청","경기도 안성시","S090002929","고삼초등학교","02","공립","N","","6","37","6","0","1000000","0","0","0","0","0"
"경기도교육청","경기도안성교육지원청","경기도 안성시","S090002931","공도초등학교","02","공립","N","","95","1551","56","56","11700000","4","158","4","6","50420000"
"경기도교육청","경기도안성교육지원청","경기도 안성시","S090002933","광덕초등학교","02","공립","N","","14","251","14","0","0","0","0","0","0","0"
"경기도교육청","경기도안성교육지원청","경기도 안성시","S090002934","광선초등학교","02","공립","N","","6","51","6","3","3800000","0","0","0","0","0"
"경기도교육청","경기도안성교육지원청","경기도 안성시","S090002935","금광초등학교","02","공립","N","","10","127","10","0","0","10","127","10","0","1300000"
"경기도교육청","경기도안성교육지원청","경기도 안성시","S090002936","금광초등학교조령분교장","02","공립","Y","본교통합작성","","","","","","","","","",""
"경기도교육청","경기도안성교육지원청","경기도 안성시","S090002937","내혜홀초등학교","02","공립","N","","17","358","17","0","0","0","0","0","0","0"
"경기도교육청","경기도안성교육지원청","경기도 안성시","S090002938","대덕초등학교","02","공립","N","","8","77","8","0","1500000","0","0","0","0","0"
"경기도교육청","경기도안성교육지원청","경기도 안성시","S090002940","동신초등학교","02","공립","N","","1","150","9","1","6590000","2","28","2","0","600000"
"경기도교육청","경기도안성교육지원청","경기도 안성시","S090002941","마전초등학교","02","공립","N","","4","29","4","0","1000000","0","0","0","0","0"
"경기도교육청","경기도안성교육지원청","경기도 안성시","S090002942","명덕초등학교","02","공립","N","","0","0","0","0","0","0","0","0","0","0"
"경기도교육청","경기도안성교육지원청","경기도 안성시","S090002943","문기초등학교","02","공립","N","","17","336","17","0","17000000","0","0","0","0","0"
"경기도교육청","경기도안성교육지원청","경기도 안성시","S090002944","미곡초등학교","02","공립","N","","0","0","0","0","0","0","0","0","0","0"
"경기도교육청","경기도안성교육지원청","경기도 안성시","S090002945","미양초등학교","02","공립","N","","6","56","6","0","640000","1","10","1","0","0"
"경기도교육청","경기도안성교육지원청","경기도 안성시","S090002947","백성초등학교","02","공립","N","","21","973","40","0","3560000","0","0","0","0","0"
"경기도교육청","경기도안성교육지원청","경기도 안성시","S090002948","보개초등학교","02","공립","N","","6","68","6","0","600000","4","46","4","0","500000"
"경기도교육청","경기도안성교육지원청","경기도 안성시","S090002949","보체초등학교","02","공립","N","","6","70","6","3","0","0","0","0","0","0"
"경기도교육청","경기도안성교육지원청","경기도 안성시","S090002950","비룡초등학교","02","공립","N","","2","355","14","2","1500000","34","827","34","0","3500000"
"경기도교육청","경기도안성교육지원청","경기도 안성시","S090002951","산평초등학교","02","공립","N","","5","30","5","0","2000000","0","0","0","0","0"
"경기도교육청","경기도안성교육지원청","경기도 안성시","S090002952","삼죽초등학교","02","공립","N","","4","27","7","0","400000","0","0","0","0","0"
"경기도교육청","경기도안성교육지원청","경기도 안성시","S090002954","서운초등학교","02","공립","N","","5","55","6","0","500000","0","0","0","0","0"
"경기도교육청","경기도안성교육지원청","경기도 안성시","S090002956","안성초등학교","02","공립","N","","25","604","25","0","0","1","5","1","0","0"
"경기도교육청","경기도안성교육지원청","경기도 안성시","S090002957","양성초등학교","02","공립","N","","6","49","6","0","0","0","0","0","0","0"
"경기도교육청","경기도안성교육지원청","경기도 안성시","S090002959","양진초등학교","02","공립","N","","28","678","28","4","0","1","12","1","1","1500000"
"경기도교육청","경기도안성교육지원청","경기도 안성시","S090002960","용머리초등학교","02","공립","N","","20","434","24","0","0","0","0","0","0","0"
"경기도교육청","경기도안성교육지원청","경기도 안성시","S090002961","원곡초등학교","02","공립","N","","8","109","8","0","10927000","2","109","2","0","450000"
"경기도교육청","경기도안성교육지원청","경기도 안성시","S090002963","일죽초등학교","02","공립","N","","6","130","7","4","82560000","1","15","1","0","400000"
"경기도교육청","경기도안성교육지원청","경기도 안성시","S090002967","죽산초등학교","02","공립","N","","8","147","8","0","4000000","0","0","0","0","0"
"경기도교육청","경기도안성교육지원청","경기도 안성시","S090002968","죽화초등학교","02","공립","N","","6","41","6","0","3000000","1","10","1","0","500000"
"경기도교육청","경기도안성교육지원청","경기도 안성시","S090002969","현매초등학교","02","공립","N","","6","47","6","0","0","5","35","5","0","800000"
"경기도교육청","경기도안양과천교육지원청","경기도 과천시","S090003042","과천초등학교","02","공립","N","","15","712","31","6","19840000","5","56","5","0","1000000"
"경기도교육청","경기도안양과천교육지원청","경기도 과천시","S090003043","관문초등학교","02","공립","N","","25","611","26","2","1000000","0","0","0","0","0"
"경기도교육청","경기도안양과천교육지원청","경기도 안양시 동안구","S090003044","관양초등학교","02","공립","N","","30","532","30","0","0","4","56","4","0","0"
"경기도교육청","경기도안양과천교육지원청","경기도 안양시 동안구","S090003045","귀인초등학교","02","공립","N","","44","1140","44","0","0","1","24","1","0","0"
"경기도교육청","경기도안양과천교육지원청","경기도 안양시 동안구","S090003046","달안초등학교","02","공립","N","","7","108","7","3","4300000","1","6","1","0","0"
"경기도교육청","경기도안양과천교육지원청","경기도 안양시 만안구","S090003047","덕천초등학교","02","공립","N","","36","885","36","0","0","0","0","0","0","0"
"경기도교육청","경기도안양과천교육지원청","경기도 안양시 동안구","S090003049","동안초등학교","02","공립","N","","20","437","20","4","4320000","0","0","0","0","0"
"경기도교육청","경기도안양과천교육지원청","경기도 안양시 만안구","S090003050","만안초등학교","02","공립","N","","25","432","25","3","12835000","5","54","5","0","1650000"
"경기도교육청","경기도안양과천교육지원청","경기도 안양시 만안구","S090003051","명학초등학교","02","공립","N","","17","352","19","2","8360000","0","0","0","0","0"
"경기도교육청","경기도안양과천교육지원청","경기도 과천시","S090003052","문원초등학교","02","공립","N","","40","1118","40","0","27000000","84","323","84","0","2000000"
"경기도교육청","경기도안양과천교육지원청","경기도 안양시 동안구","S090003053","민백초등학교","02","공립","N","","9","950","25","0","0","3","105","3","2","5400000"
"경기도교육청","경기도안양과천교육지원청","경기도 안양시 만안구","S090003054","박달초등학교","02","공립","N","","38","875","38","0","4500000","0","0","0","0","0"
"경기도교육청","경기도안양과천교육지원청","경기도 안양시 동안구","S090003055","벌말초등학교","02","공립","N","","0","0","0","0","0","2","34","1","4","16400000"
"경기도교육청","경기도안양과천교육지원청","경기도 안양시 동안구","S090003056","범계초등학교","02","공립","N","","29","710","29","0","0","0","0","0","0","0"
"경기도교육청","경기도안양과천교육지원청","경기도 안양시 동안구","S090003057","부림초등학교","02","공립","N","","34","873","34","8","0","0","0","0","0","0"
"경기도교육청","경기도안양과천교육지원청","경기도 안양시 동안구","S090003060","비산초등학교","02","공립","N","","9","142","9","0","800000","0","0","0","0","0"
"경기도교육청","경기도안양과천교육지원청","경기도 안양시 만안구","S090003061","삼봉초등학교","02","공립","N","","24","573","24","0","1400000","1","12","1","1","5000000"
"경기도교육청","경기도안양과천교육지원청","경기도 안양시 만안구","S090003062","삼성초등학교","02","공립","N","","23","806","36","0","7000000","0","0","0","0","0"
"경기도교육청","경기도안양과천교육지원청","경기도 안양시 만안구","S090003063","석수초등학교","02","공립","N","","23","544","23","0","1150000","0","0","0","0","0"
"경기도교육청","경기도안양과천교육지원청","경기도 안양시 만안구","S090003065","신안초등학교","02","공립","N","","18","443","18","18","7413000","0","0","0","0","0"
"경기도교육청","경기도안양과천교육지원청","경기도 안양시 동안구","S090003066","안양관악초등학교","02","공립","N","","6","249","9","1","0","0","0","0","0","0"
"경기도교육청","경기도안양과천교육지원청","경기도 안양시 동안구","S090003067","안양남초등학교","02","공립","N","","21","505","24","0","4200000","2","18","2","0","600000"
"경기도교육청","경기도안양과천교육지원청","경기도 안양시 동안구","S090003068","안양덕현초등학교","02","공립","N","","25","1124","37","11","20480000","0","0","0","0","0"
"경기도교육청","경기도안양과천교육지원청","경기도 안양시 동안구","S090003069","안양동초등학교","02","공립","N","","8","795","33","2","6600000","0","0","0","0","0"
"경기도교육청","경기도안양과천교육지원청","경기도 안양시 동안구","S090003070","안양부안초등학교","02","공립","N","","39","826","39","0","2100000","0","0","0","0","0"
"경기도교육청","경기도안양과천교육지원청","경기도 안양시 동안구","S090003071","안양부흥초등학교","02","공립","N","","35","852","35","8","2500000","0","0","0","0","0"
"경기도교육청","경기도안양과천교육지원청","경기도 안양시 만안구","S090003072","안양서초등학교","02","공립","N","","19","480","19","0","1900000","0","0","0","0","0"
"경기도교육청","경기도안양과천교육지원청","경기도 안양시 동안구","S090003073","안양신기초등학교","02","공립","N","","44","648","44","0","6000000","0","0","0","0","0"
"경기도교육청","경기도안양과천교육지원청","경기도 안양시 만안구","S090003074","안양양지초등학교","02","공립","N","","14","302","14","0","2800000","0","0","0","0","0"
"경기도교육청","경기도안양과천교육지원청","경기도 안양시 동안구","S090003075","안양중앙초등학교","02","공립","N","","34","735","34","0","0","0","0","0","0","0"
"경기도교육청","경기도안양과천교육지원청","경기도 안양시 만안구","S090003076","안양초등학교","02","공립","N","","40","963","40","0","8000000","1","17","1","0","500000"
"경기도교육청","경기도안양과천교육지원청","경기도 안양시 만안구","S090003077","안일초등학교","02","공립","N","","7","591","25","5","8400000","0","0","0","0","0"
"경기도교육청","경기도안양과천교육지원청","경기도 안양시 만안구","S090003079","연현초등학교","02","공립","N","","25","556","30","1","11400000","0","0","0","0","0"
"경기도교육청","경기도안양과천교육지원청","경기도 안양시 동안구","S090003080","인덕원초등학교","02","공립","N","","11","430","20","11","12000000","2","28","2","0","1650000"
"경기도교육청","경기도안양과천교육지원청","경기도 과천시","S090003082","청계초등학교","02","공립","N","","44","939","44","0","2000000","25","475","25","0","2000000"
"경기도교육청","경기도안양과천교육지원청","경기도 안양시 동안구","S090003083","평촌초등학교","02","공립","N","","49","1156","49","1","7300000","1","30","1","0","1500000"
"경기도교육청","경기도안양과천교육지원청","경기도 안양시 동안구","S090003084","호계초등학교","02","공립","N","","25","430","33","1","2600000","0","0","0","0","0"
"경기도교육청","경기도안양과천교육지원청","경기도 안양시 동안구","S090003085","호성초등학교","02","공립","N","","28","693","28","0","0","8","96","8","0","2100000"
"경기도교육청","경기도안양과천교육지원청","경기도 안양시 동안구","S090003086","호원초등학교","02","공립","N","","46","1181","46","1","10680000","0","0","0","0","0"
"경기도교육청","경기도안양과천교육지원청","경기도 안양시 동안구","S090003088","희성초등학교","02","공립","N","","18","316","18","0","2400000","12","189","12","0","2800000"
"경기도교육청","경기도양평교육지원청","경기도 양평군","S090003216","강상초등학교","02","공립","N","","19","400","19","6","39000000","19","400","19","0","1200000"
"경기도교육청","경기도양평교육지원청","경기도 양평군","S090003217","강하초등학교","02","공립","N","","7","71","7","7","1500000","0","0","0","0","0"
"경기도교육청","경기도양평교육지원청","경기도 양평군","S090003218","개군초등학교","02","공립","N","","6","106","6","0","2400000","1","8","1","0","400000"
"경기도교육청","경기도양평교육지원청","경기도 양평군","S090003220","곡수초등학교","02","공립","N","","6","40","6","0","0","1","10","1","0","400000"
"경기도교육청","경기도양평교육지원청","경기도 양평군","S090003223","다문초등학교","02","공립","N","","25","592","25","10","12500000","0","0","0","0","0"
"경기도교육청","경기도양평교육지원청","경기도 양평군","S090003230","대아초등학교","02","공립","N","","6","106","6","5","11340000","0","0","0","0","0"
"경기도교육청","경기도양평교육지원청","경기도 양평군","S090003240","서종초등학교","02","공립","N","","14","300","14","0","1400000","0","0","0","0","0"
"경기도교육청","경기도양평교육지원청","경기도 양평군","S090003244","세월초등학교","02","공립","N","","6","58","6","0","300000","0","0","0","0","0"
"경기도교육청","경기도양평교육지원청","경기도 양평군","S090003245","수입초등학교","02","공립","N","","13","80","7","9","14000000","3","35","3","0","0"
"경기도교육청","경기도양평교육지원청","경기도 양평군","S090003247","양동초등학교","02","공립","N","","6","70","6","1","4800000","0","0","0","0","0"
"경기도교육청","경기도양평교육지원청","경기도 양평군","S090003248","양동초등학교고송분교장","02","공립","Y","본교 통합 작성","","","","","","","","","",""
"경기도교육청","경기도양평교육지원청","경기도 양평군","S090003251","양서초등학교","02","공립","N","","7","72","7","0","700000","0","0","0","0","0"
"경기도교육청","경기도양평교육지원청","경기도 양평군","S090003252","양수초등학교","02","공립","N","","12","243","12","0","10800000","0","0","0","0","0"
"경기도교육청","경기도양평교육지원청","경기도 양평군","S090003253","양평단월초등학교","02","공립","N","","6","60","6","1","8100000","0","0","0","0","0"
"경기도교육청","경기도양평교육지원청","경기도 양평군","S090003255","양평동초등학교","02","공립","N","","24","571","24","6","18600000","1","30","1","1","5500000"
"경기도교육청","경기도양평교육지원청","경기도 양평군","S090003257","양평초등학교","02","공립","N","","20","1153","48","0","0","14","134","14","0","6000000"
"경기도교육청","경기도양평교육지원청","경기도 양평군","S090003259","옥천초등학교","02","공립","N","","17","320","17","17","63000000","1","35","1","7","0"
"경기도교육청","경기도양평교육지원청","경기도 양평군","S090003261","용문초등학교","02","공립","N","","6","65","6","1","7800000","0","0","0","0","0"
"경기도교육청","경기도양평교육지원청","경기도 양평군","S090003262","원덕초등학교","02","공립","N","","6","57","6","0","0","0","0","0","0","0"
"경기도교육청","경기도양평교육지원청","경기도 양평군","S090003267","조현초등학교","02","공립","N","","7","114","7","0","0","0","0","0","0","0"
"경기도교육청","경기도양평교육지원청","경기도 양평군","S090003268","지평초등학교","02","공립","N","","7","84","7","0","0","0","0","0","0","0"
"경기도교육청","경기도양평교육지원청","경기도 양평군","S090003270","청운초등학교","02","공립","N","","6","64","6","0","1000000","0","0","0","0","0"
"경기도교육청","경기도여주교육지원청","경기도 여주시","S090003326","가남초등학교","02","공립","N","","19","432","19","0","2000000","1","5","1","0","2800000"
"경기도교육청","경기도여주교육지원청","경기도 여주시","S090003328","강천초등학교","02","공립","N","","6","76","6","2","1100000","1","6","1","0","100000"
"경기도교육청","경기도여주교육지원청","경기도 여주시","S090003333","금당초등학교","02","공립","N","","4","24","4","0","1000000","1","6","1","0","2000000"
"경기도교육청","경기도여주교육지원청","경기도 여주시","S090003335","능북초등학교","02","공립","N","","3","44","6","5","14140000","2","54","2","0","2200000"
"경기도교육청","경기도여주교육지원청","경기도 여주시","S090003336","능서초등학교","02","공립","N","","6","58","6","0","1800000","0","0","0","0","0"
"경기도교육청","경기도여주교육지원청","경기도 여주시","S090003338","대신초등학교","02","공립","N","","6","61","6","0","1500000","0","0","0","0","0"
"경기도교육청","경기도여주교육지원청","경기도 여주시","S090003340","매류초등학교","02","공립","N","","4","41","6","1","0","0","0","0","0","0"
"경기도교육청","경기도여주교육지원청","경기도 여주시","S090003341","문장초등학교","02","공립","N","","6","38","6","0","2232000","1","38","1","0","1250000"
"경기도교육청","경기도여주교육지원청","경기도 여주시","S090003342","북내초등학교","02","공립","N","","8","87","9","0","1000000","2","25","3","0","3000000"
"경기도교육청","경기도여주교육지원청","경기도 여주시","S090003343","북내초등학교도전분교장","02","공립","N","","3","9","3","3","5515000","2","9","2","0","600000"
"경기도교육청","경기도여주교육지원청","경기도 여주시","S090003344","북내초등학교운암분교장","02","공립","N","","2","9","2","0","200000","2","9","2","0","400000"
"경기도교육청","경기도여주교육지원청","경기도 여주시","S090003346","상품초등학교","02","공립","N","","6","64","6","2","300000","2","19","2","0","200000"
"경기도교육청","경기도여주교육지원청","경기도 여주시","S090003348","송삼초등학교","02","공립","N","","6","38","9","2","2868","1","15","1","0","1000"
"경기도교육청","경기도여주교육지원청","경기도 여주시","S090003349","송촌초등학교","02","공립","N","","6","37","6","2","5400000","0","0","0","0","0"
"경기도교육청","경기도여주교육지원청","경기도 여주시","S090003351","여주초등학교","02","공립","N","","20","375","20","0","2000000","0","0","0","0","0"
"경기도교육청","경기도여주교육지원청","경기도 여주시","S090003352","여흥초등학교","02","공립","N","","18","603","17","1","2800000","1","17","1","0","2000000"
"경기도교육청","경기도여주교육지원청","경기도 여주시","S090003353","연라초등학교","02","공립","N","","6","116","6","0","1800000","4","33","4","0","300000"
"경기도교육청","경기도여주교육지원청","경기도 여주시","S090003354","오산초등학교","02","공립","N","","6","48","6","0","2400000","1","10","1","0","400000"
"경기도교육청","경기도여주교육지원청","경기도 여주시","S090003355","오학초등학교","02","공립","N","","68","840","68","3","25500000","0","0","0","0","0"
"경기도교육청","경기도여주교육지원청","경기도 여주시","S090003358","이포초등학교","02","공립","N","","5","25","5","2","7040000","2","25","2","2","0"
"경기도교육청","경기도여주교육지원청","경기도 여주시","S090003359","이포초등학교하호분교장","02","공립","Y","본교통합작성","","","","","","","","","",""
"경기도교육청","경기도여주교육지원청","경기도 여주시","S090003360","점동초등학교","02","공립","N","","6","73","6","0","2000000","0","0","0","0","0"
"경기도교육청","경기도여주교육지원청","경기도 여주시","S090003363","점봉초등학교","02","공립","N","","15","325","15","11","4200000","0","0","0","0","0"
"경기도교육청","경기도여주교육지원청","경기도 여주시","S090003365","천남초등학교","02","공립","N","","6","81","6","0","0","0","0","0","0","0"
"경기도교육청","경기도여주교육지원청","경기도 여주시","S090003368","흥천초등학교","02","공립","N","","6","49","6","0","1200000","0","0","0","0","0"
"경기도교육청","경기도연천교육지원청","경기도 연천군","S090003414","군남초등학교","02","공립","N","","6","58","6","2","2000000","0","0","0","0","0"
"경기도교육청","경기도연천교육지원청","경기도 연천군","S090003417","궁평초등학교","02","공립","N","","6","42","6","3","1400000","0","0","0","0","0"
"경기도교육청","경기도연천교육지원청","경기도 연천군","S090003419","대광초등학교","02","공립","N","","6","39","6","1","6500000","0","0","0","0","0"
"경기도교육청","경기도연천교육지원청","경기도 연천군","S090003423","백의초등학교","02","공립","N","","10","51","10","2","5010000","0","0","0","0","0"
"경기도교육청","경기도연천교육지원청","경기도 연천군","S090003424","백학초등학교","02","공립","N","","7","36","7","0","1600000","1","17","1","0","2000000"
"경기도교육청","경기도연천교육지원청","경기도 연천군","S090003426","상리초등학교","02","공립","N","","7","63","7","0","0","0","0","0","0","0"
"경기도교육청","경기도연천교육지원청","경기도 연천군","S090003428","연천노곡초등학교","02","공립","N","","6","24","6","0","480000","0","0","0","0","0"
"경기도교육청","경기도연천교육지원청","경기도 연천군","S090003429","연천왕산초등학교","02","공립","N","","6","32","6","0","0","0","0","0","0","0"
"경기도교육청","경기도연천교육지원청","경기도 연천군","S090003431","연천초등학교","02","공립","N","","12","209","12","0","1400000","0","0","0","0","0"
"경기도교육청","경기도연천교육지원청","경기도 연천군","S090003437","은대초등학교","02","공립","N","","6","75","6","0","500000","1","7","1","1","500000"
"경기도교육청","경기도연천교육지원청","경기도 연천군","S090003438","전곡초등학교","02","공립","N","","10","260","11","5","19975000","0","0","0","0","0"
"경기도교육청","경기도연천교육지원청","경기도 연천군","S090003441","초성초등학교","02","공립","N","","4","43","4","0","2000000","0","0","0","0","0"
"경기도교육청","경기도연천교육지원청","경기도 연천군","S090003442","화진초등학교","02","공립","N","","6","51","6","0","900000","1","12","1","0","200000"
"경기도교육청","경기도용인교육지원청","경기도 용인시 수지구","S090003495","고기초등학교","02","공립","N","","11","196","11","0","0","0","0","0","0","0"
"경기도교육청","경기도용인교육지원청","경기도 용인시 처인구","S090003496","고림초등학교","02","공립","N","","30","725","32","1","1750000","2","55","2","0","1300000"
"경기도교육청","경기도용인교육지원청","경기도 용인시 기흥구","S090003497","관곡초등학교","02","공립","N","","8","132","8","0","1400000","3","41","3","2","1000000"
"경기도교육청","경기도용인교육지원청","경기도 용인시 기흥구","S090003498","구갈초등학교","02","공립","N","","6","396","18","0","0","0","0","0","0","0"
"경기도교육청","경기도용인교육지원청","경기도 용인시 기흥구","S090003499","구성초등학교","02","공립","N","","25","547","25","0","0","3","12","3","0","1500000"
"경기도교육청","경기도용인교육지원청","경기도 용인시 기흥구","S090003500","기흥초등학교","02","공립","N","","14","284","14","0","1400000","6","56","6","0","500000"
"경기도교육청","경기도용인교육지원청","경기도 용인시 처인구","S090003501","남곡초등학교","02","공립","N","","68","1808","68","0","0","0","0","0","0","0"
"경기도교육청","경기도용인교육지원청","경기도 용인시 처인구","S090003502","남사초등학교","02","공립","N","","6","107","6","0","5800000","0","0","0","0","0"
"경기도교육청","경기도용인교육지원청","경기도 용인시 처인구","S090003504","남촌초등학교","02","공립","N","","6","45","6","0","600000","0","0","0","0","0"
"경기도교육청","경기도용인교육지원청","경기도 용인시 처인구","S090003505","능원초등학교","02","공립","N","","34","834","34","0","0","5","69","3","9","24350000"
"경기도교육청","경기도용인교육지원청","경기도 용인시 수지구","S090003506","용인대일초등학교","02","공립","N","","6","422","18","18","23940000","3","36","3","1","500000"
"경기도교육청","경기도용인교육지원청","경기도 용인시 수지구","S090003507","대지초등학교","02","공립","N","","18","419","18","0","0","0","0","0","0","0"
"경기도교육청","경기도용인교육지원청","경기도 용인시 수지구","S090003508","대현초등학교","02","공립","N","","17","349","17","0","0","0","0","0","0","0"
"경기도교육청","경기도용인교육지원청","경기도 용인시 수지구","S090003509","동천초등학교","02","공립","N","","46","1126","46","0","0","0","0","0","0","0"
"경기도교육청","경기도용인교육지원청","경기도 용인시 기흥구","S090003511","마북초등학교","02","공립","N","","25","566","25","0","0","0","0","0","0","0"
"경기도교육청","경기도용인교육지원청","경기도 용인시 기흥구","S090003512","마성초등학교","02","공립","N","","10","176","10","0","3000000","2","18","2","0","2940000"
"경기도교육청","경기도용인교육지원청","경기도 용인시 수지구","S090003513","용인심곡초등학교","02","공립","N","","24","595","24","0","0","2","30","2","0","0"
"경기도교육청","경기도용인교육지원청","경기도 용인시 처인구","S090003514","모현초등학교","02","공립","N","","2","376","20","2","9000000","4","68","3","6","20070000"
"경기도교육청","경기도용인교육지원청","경기도 용인시 처인구","S090003515","백봉초등학교","02","공립","N","","6","31","6","1","1200000","4","33","4","0","800000"
"경기도교육청","경기도용인교육지원청","경기도 용인시 처인구","S090003516","백암초등학교","02","공립","N","","6","103","7","0","0","0","0","0","0","0"
"경기도교육청","경기도용인교육지원청","경기도 용인시 처인구","S090003517","백암초등학교수정분교장","02","공립","Y","분교장 제외 사항","","","","","","","","","",""
"경기도교육청","경기도용인교육지원청","경기도 용인시 기흥구","S090003518","보라초등학교","02","공립","N","","12","140","12","0","1500000","0","0","0","0","0"
"경기도교육청","경기도용인교육지원청","경기도 용인시 기흥구","S090003519","보정초등학교","02","공립","N","","31","721","31","0","0","0","0","0","0","0"
"경기도교육청","경기도용인교육지원청","경기도 용인시 기흥구","S090003520","산양초등학교","02","공립","N","","23","530","23","0","0","18","121","18","0","400000"
"경기도교육청","경기도용인교육지원청","경기도 용인시 기흥구","S090003521","상갈초등학교","02","공립","N","","24","383","24","0","600000","2","17","2","0","500000"
"경기도교육청","경기도용인교육지원청","경기도 용인시 기흥구","S090003522","상하초등학교","02","공립","N","","24","581","24","0","0","0","0","0","0","0"
"경기도교육청","경기도용인교육지원청","경기도 용인시 수지구","S090003523","상현초등학교","02","공립","N","","41","996","41","0","0","0","0","0","0","0"
"경기도교육청","경기도용인교육지원청","경기도 용인시 처인구","S090003524","서룡초등학교","02","공립","N","","15","556","23","2","0","0","0","0","0","0"
"경기도교육청","경기도용인교육지원청","경기도 용인시 수지구","S090003525","서원초등학교","02","공립","N","","55","562","57","1","6800000","4","40","4","0","2000000"
"경기도교육청","경기도용인교육지원청","경기도 용인시 기흥구","S090003526","서천초등학교","02","공립","N","","23","263","23","0","0","2","29","2","0","550000"
"경기도교육청","경기도용인교육지원청","경기도 용인시 수지구","S090003527","성복초등학교","02","공립","N","","30","764","30","0","6000000","7","57","7","0","1000000"
"경기도교육청","경기도용인교육지원청","경기도 용인시 수지구","S090003528","소현초등학교","02","공립","N","","19","406","19","19","15120000","3","30","3","0","360000"
"경기도교육청","경기도용인교육지원청","경기도 용인시 수지구","S090003529","솔개초등학교","02","공립","N","","7","824","34","0","0","0","0","0","0","0"
"경기도교육청","경기도용인교육지원청","경기도 용인시 처인구","S090003530","송전초등학교","02","공립","N","","14","274","14","0","0","1","6","1","0","500000"
"경기도교육청","경기도용인교육지원청","경기도 용인시 수지구","S090003532","수지초등학교","02","공립","N","","64","1814","64","0","6400000","0","0","0","0","0"
"경기도교육청","경기도용인교육지원청","경기도 용인시 기흥구","S090003534","신갈초등학교","02","공립","N","","22","518","22","0","0","0","0","0","0","0"
"경기도교육청","경기도용인교육지원청","경기도 용인시 수지구","S090003535","신월초등학교","02","공립","N","","18","390","18","1","0","18","390","18","1","0"
"경기도교육청","경기도용인교육지원청","경기도 용인시 처인구","S090003536","양지초등학교","02","공립","N","","22","514","22","0","4400000","0","0","0","0","0"
"경기도교육청","경기도용인교육지원청","경기도 용인시 기흥구","S090003537","어정초등학교","02","공립","N","","36","859","36","4","16380000","0","0","0","0","0"
"경기도교육청","경기도용인교육지원청","경기도 용인시 기흥구","S090003539","언동초등학교","02","공립","N","","23","533","23","0","0","0","0","0","0","0"
"경기도교육청","경기도용인교육지원청","경기도 용인시 처인구","S090003540","역북초등학교","02","공립","N","","26","626","26","0","2400000","0","0","0","0","0"
"경기도교육청","경기도용인교육지원청","경기도 용인시 처인구","S090003541","왕산초등학교","02","공립","N","","0","0","0","0","0","1","6","1","0","0"
"경기도교육청","경기도용인교육지원청","경기도 용인시 처인구","S090003542","용마초등학교","02","공립","N","","30","711","30","0","3000000","0","0","0","0","0"
"경기도교육청","경기도용인교육지원청","경기도 용인시 처인구","S090003543","용인둔전초등학교","02","공립","N","","0","0","0","0","0","1","8","1","0","700000"
"경기도교육청","경기도용인교육지원청","경기도 용인시 처인구","S090003544","용인초등학교","02","공립","N","","51","733","51","2","0","0","0","0","0","0"
"경기도교육청","경기도용인교육지원청","경기도 용인시 처인구","S090003545","용천초등학교","02","공립","N","","17","255","17","0","2720000","0","0","0","0","0"
"경기도교육청","경기도용인교육지원청","경기도 용인시 처인구","S090003546","운학초등학교","02","공립","N","","6","73","6","0","1440000","0","0","0","0","0"
"경기도교육청","경기도용인교육지원청","경기도 용인시 처인구","S090003547","원삼초등학교","02","공립","N","","6","60","6","0","2000000","0","0","0","0","0"
"경기도교육청","경기도용인교육지원청","경기도 용인시 기흥구","S090003550","이현초등학교","02","공립","N","","26","647","26","0","0","2","30","2","1","2100000"
"경기도교육청","경기도용인교육지원청","경기도 용인시 처인구","S090003551","장평초등학교","02","공립","N","","5","31","5","1","0","0","0","0","0","0"
"경기도교육청","경기도용인교육지원청","경기도 용인시 수지구","S090003552","정평초등학교","02","공립","N","","35","884","35","0","0","0","0","0","0","0"
"경기도교육청","경기도용인교육지원청","","S090003553","제일초등학교","02","공립","N","","10","202","10","0","3000000","4","34","4","0","3000000"
"경기도교육청","경기도용인교육지원청","경기도 용인시 처인구","S090003554","좌항초등학교","02","공립","N","","6","65","6","2","4320000","0","0","0","0","0"
"경기도교육청","경기도용인교육지원청","경기도 용인시 수지구","S090003555","죽전초등학교","02","공립","N","","17","305","17","0","3000000","0","0","0","0","0"
"경기도교육청","경기도용인교육지원청","경기도 용인시 기흥구","S090003556","청곡초등학교","02","공립","N","","52","1006","52","0","4200000","49","439","52","0","5200000"
"경기도교육청","경기도용인교육지원청","경기도 용인시 수지구","S090003558","토월초등학교","02","공립","N","","16","464","20","0","2000000","0","0","0","0","0"
"경기도교육청","경기도용인교육지원청","경기도 용인시 처인구","S090003559","포곡초등학교","02","공립","N","","28","637","28","0","0","0","0","0","0","0"
"경기도교육청","경기도용인교육지원청","경기도 용인시 수지구","S090003560","풍덕초등학교","02","공립","N","","48","1189","48","0","0","0","0","0","0","0"
"경기도교육청","경기도용인교육지원청","경기도 용인시 수지구","S090003561","풍천초등학교","02","공립","N","","45","1112","45","0","0","0","0","0","0","0"
"경기도교육청","경기도용인교육지원청","","S090003562","한터초등학교","02","공립","N","","10","121","10","0","1000000","0","0","0","0","0"
"경기도교육청","경기도용인교육지원청","경기도 용인시 수지구","S090003563","홍천초등학교","02","공립","N","","21","454","21","0","0","0","0","0","0","0"
"경기도교육청","경기도의정부교육지원청","경기도 의정부시","S090003656","가능초등학교","02","공립","N","","36","996","36","0","0","8","197","8","0","0"
"경기도교육청","경기도의정부교육지원청","경기도 의정부시","S090003657","경의초등학교","02","공립","N","","26","644","26","0","0","0","0","0","0","0"
"경기도교육청","경기도의정부교육지원청","경기도 의정부시","S090003658","고산초등학교","02","공립","N","","59","847","59","52","51250000","3","43","3","0","10280000"
"경기도교육청","경기도의정부교육지원청","경기도 의정부시","S090003659","금오초등학교","02","공립","N","","14","309","14","0","0","0","0","0","0","0"
"경기도교육청","경기도의정부교육지원청","경기도 의정부시","S090003660","녹양초등학교","02","공립","N","","17","375","17","0","0","0","0","0","0","0"
"경기도교육청","경기도의정부교육지원청","경기도 의정부시","S090003661","동오초등학교","02","공립","N","","21","490","21","0","0","0","0","0","0","0"
"경기도교육청","경기도의정부교육지원청","경기도 의정부시","S090003662","민락초등학교","02","공립","N","","32","760","32","0","1000000","2","29","2","0","2400000"
"경기도교육청","경기도의정부교육지원청","경기도 의정부시","S090003663","발곡초등학교","02","공립","N","","22","451","22","0","3400000","8","45","8","0","1000000"
"경기도교육청","경기도의정부교육지원청","경기도 의정부시","S090003664","배영초등학교","02","공립","N","","18","350","18","0","0","5","52","5","2","6085000"
"경기도교육청","경기도의정부교육지원청","경기도 의정부시","S090003665","새말초등학교","02","공립","N","","34","812","45","0","0","7","44","7","0","1000000"
"경기도교육청","경기도의정부교육지원청","경기도 의정부시","S090003666","솔뫼초등학교","02","공립","N","","0","0","0","0","0","6","75","6","0","2500000"
"경기도교육청","경기도의정부교육지원청","경기도 의정부시","S090003667","송양초등학교","02","공립","N","","31","895","35","1","0","1","39","1","0","2000000"
"경기도교육청","경기도의정부교육지원청","경기도 의정부시","S090003669","신동초등학교","02","공립","N","","19","419","19","10","1200000","1","12","1","0","1250000"
"경기도교육청","경기도의정부교육지원청","경기도 의정부시","S090003670","어룡초등학교","02","공립","N","","11","190","11","0","0","3","20","3","0","200000"
"경기도교육청","경기도의정부교육지원청","경기도 의정부시","S090003671","오동초등학교","02","공립","N","","25","596","27","0","0","0","0","0","0","0"
"경기도교육청","경기도의정부교육지원청","경기도 의정부시","S090003673","의순초등학교","02","공립","N","","42","545","42","0","2400000","1","8","1","0","900000"
"경기도교육청","경기도의정부교육지원청","경기도 의정부시","S090003674","의정부부용초등학교","02","공립","N","","29","594","30","0","3000000","0","0","0","0","0"
"경기도교육청","경기도의정부교육지원청","경기도 의정부시","S090003675","의정부서초등학교","02","공립","N","","22","320","22","0","0","1","6","1","0","1194600"
"경기도교육청","경기도의정부교육지원청","경기도 의정부시","S090003676","의정부신곡초등학교","02","공립","N","","27","624","31","14","500000","7","50","8","0","2500000"
"경기도교육청","경기도의정부교육지원청","경기도 의정부시","S090003677","의정부용현초등학교","02","공립","N","","28","541","28","0","0","7","102","7","0","3500000"
"경기도교육청","경기도의정부교육지원청","경기도 의정부시","S090003678","의정부장암초등학교","02","공립","N","","12","187","12","2","1650000","3","29","3","1","5650000"
"경기도교육청","경기도의정부교육지원청","경기도 의정부시","S090003679","의정부중앙초등학교","02","공립","N","","15","335","15","0","0","2","17","2","2","3500000"
"경기도교육청","경기도의정부교육지원청","경기도 의정부시","S090003680","의정부청룡초등학교","02","공립","N","","17","348","19","0","1000000","0","0","0","0","0"
"경기도교육청","경기도의정부교육지원청","경기도 의정부시","S090003681","의정부초등학교","02","공립","N","","13","241","13","0","0","8","69","8","0","0"
"경기도교육청","경기도의정부교육지원청","경기도 의정부시","S090003682","의정부호동초등학교","02","공립","N","","45","1076","45","0","0","6","18","6","0","2500000"
"경기도교육청","경기도의정부교육지원청","경기도 의정부시","S090003685","호암초등학교","02","공립","N","","22","509","22","8","0","7","80","7","0","500000"
"경기도교육청","경기도의정부교육지원청","경기도 의정부시","S090003686","회룡초등학교","02","공립","N","","43","501","43","0","0","5","55","5","0","900000"
"경기도교육청","경기도이천교육지원청","경기도 이천시","S090003758","나래초등학교","02","공립","N","","6","107","6","0","0","0","0","0","0","0"
"경기도교육청","경기도이천교육지원청","경기도 이천시","S090003760","대서초등학교","02","공립","N","","10","43","6","4","5400000","0","0","0","0","0"
"경기도교육청","경기도이천교육지원청","경기도 이천시","S090003762","대월초등학교","02","공립","N","","4","81","4","1","500000","0","0","0","0","0"
"경기도교육청","경기도이천교육지원청","경기도 이천시","S090003763","도암초등학교","02","공립","N","","6","332","13","12","4320000","1","30","3","0","2000000"
"경기도교육청","경기도이천교육지원청","경기도 이천시","S090003764","도지초등학교","02","공립","N","","14","293","14","0","0","1","13","1","0","0"
"경기도교육청","경기도이천교육지원청","경기도 이천시","S090003766","마장초등학교","02","공립","N","","6","876","36","3","2400000","4","52","4","2","4400000"
"경기도교육청","경기도이천교육지원청","경기도 이천시","S090003772","백사초등학교","02","공립","N","","7","138","7","2","1800000","0","0","0","0","0"
"경기도교육청","경기도이천교육지원청","경기도 이천시","S090003774","부발초등학교","02","공립","N","","19","402","19","3","0","0","0","0","0","0"
"경기도교육청","경기도이천교육지원청","경기도 이천시","S090003776","설봉초등학교","02","공립","N","","42","1023","42","0","0","2","37","2","0","600000"
"경기도교육청","경기도이천교육지원청","경기도 이천시","S090003777","설성초등학교","02","공립","N","","1","24","5","1","1500000","0","0","0","0","0"
"경기도교육청","경기도이천교육지원청","경기도 이천시","S090003778","송곡초등학교","02","공립","N","","6","45","6","1","5950000","0","0","0","0","0"
"경기도교육청","경기도이천교육지원청","경기도 이천시","S090003779","신둔초등학교","02","공립","N","","13","312","13","0","0","0","0","0","0","0"
"경기도교육청","경기도이천교육지원청","경기도 이천시","S090003780","신하초등학교","02","공립","N","","22","662","22","0","5200000","0","0","0","0","0"
"경기도교육청","경기도이천교육지원청","경기도 이천시","S090003781","아미초등학교","02","공립","N","","38","912","38","0","0","0","0","0","0","0"
"경기도교육청","경기도이천교육지원청","경기도 이천시","S090003782","안흥초등학교","02","공립","N","","51","917","51","51","0","0","0","0","0","0"
"경기도교육청","경기도이천교육지원청","경기도 이천시","S090003784","율면초등학교","02","공립","N","","4","18","4","0","1000000","0","0","0","0","0"
"경기도교육청","경기도이천교육지원청","경기도 이천시","S090003786","이천가산초등학교","02","공립","N","","18","406","18","2","1080000","0","0","0","0","0"
"경기도교육청","경기도이천교육지원청","경기도 이천시","S090003787","이천남초등학교","02","공립","N","","20","477","20","3","24000000","4","29","6","0","0"
"경기도교육청","경기도이천교육지원청","경기도 이천시","S090003788","이천단월초등학교","02","공립","N","","6","97","6","2","7304000","2","97","7","1","30000"
"경기도교육청","경기도이천교육지원청","경기도 이천시","S090003789","이천매곡초등학교","02","공립","N","","3","48","6","2","7050000","0","0","0","0","0"
"경기도교육청","경기도이천교육지원청","경기도 이천시","S090003790","이천송정초등학교","02","공립","N","","31","773","31","0","3000000","3","92","3","0","1970000"
"경기도교육청","경기도이천교육지원청","경기도 이천시","S090003791","이천초등학교","02","공립","N","","32","730","32","0","0","5","112","5","0","2600000"
"경기도교육청","경기도이천교육지원청","경기도 이천시","S090003792","이황초등학교","02","공립","N","","2","43","6","2","12000000","0","0","0","0","0"
"경기도교육청","경기도이천교육지원청","경기도 이천시","S090003793","장천초등학교","02","공립","N","","4","38","4","0","800000","0","0","0","0","0"
"경기도교육청","경기도이천교육지원청","경기도 이천시","S090003794","장호원초등학교","02","공립","N","","20","444","20","0","4000000","0","0","0","0","0"
"경기도교육청","경기도이천교육지원청","경기도 이천시","S090003795","진가초등학교","02","공립","N","","6","64","6","6","2500000","4","48","4","2","1000000"
"경기도교육청","경기도이천교육지원청","경기도 이천시","S090003798","표교초등학교","02","공립","N","","6","53","6","1","0","0","0","0","0","0"
"경기도교육청","경기도이천교육지원청","경기도 이천시","S090003799","한내초등학교","02","공립","N","","33","682","34","0","3000000","0","0","0","0","0"
"경기도교육청","경기도이천교육지원청","경기도 이천시","S090003800","호법초등학교","02","공립","N","","7","121","7","2","0","1","19","1","0","0"
"경기도교육청","경기도파주교육지원청","경기도 파주시","S090003876","갈현초등학교","02","공립","N","","9","59","9","0","0","5","31","6","0","800000"
"경기도교육청","경기도파주교육지원청","경기도 파주시","S090003877","검산초등학교","02","공립","N","","19","337","19","0","1900000","0","0","0","0","0"
"경기도교육청","경기도파주교육지원청","경기도 파주시","S090003878","교하초등학교","02","공립","N","","6","65","6","1","0","4","24","4","0","500000"
"경기도교육청","경기도파주교육지원청","경기도 파주시","S090003879","군내초등학교","02","공립","N","","8","39","8","1","1000000","0","0","0","0","0"
"경기도교육청","경기도파주교육지원청","경기도 파주시","S090003881","금신초등학교","02","공립","N","","17","426","24","3","15000000","0","0","0","0","0"
"경기도교육청","경기도파주교육지원청","경기도 파주시","S090003882","금촌초등학교","02","공립","N","","15","318","15","0","0","1","27","1","1","7000000"
"경기도교육청","경기도파주교육지원청","경기도 파주시","S090003883","능안초등학교","02","공립","N","","7","107","7","7","6080000","0","0","0","0","0"
"경기도교육청","경기도파주교육지원청","경기도 파주시","S090003884","대성동초등학교","02","공립","N","","6","29","6","0","0","0","0","0","0","0"
"경기도교육청","경기도파주교육지원청","경기도 파주시","S090003885","덕암초등학교","02","공립","N","","6","40","9","0","2000000","0","0","0","0","0"
"경기도교육청","경기도파주교육지원청","경기도 파주시","S090003886","마정초등학교","02","공립","N","","10","65","10","10","7200000","0","0","0","0","0"
"경기도교육청","경기도파주교육지원청","경기도 파주시","S090003887","마지초등학교","02","공립","N","","15","150","15","0","900000","3","29","8","0","1800000"
"경기도교육청","경기도파주교육지원청","경기도 파주시","S090003888","도마산초등학교","02","공립","N","","4","39","6","2","4000000","2","18","2","0","450000"
"경기도교육청","경기도파주교육지원청","경기도 파주시","S090003889","문산동초등학교","02","공립","N","","26","652","26","0","0","0","0","0","0","0"
"경기도교육청","경기도파주교육지원청","경기도 파주시","S090003890","문산초등학교","02","공립","N","","19","607","19","0","0","8","74","8","0","800000"
"경기도교육청","경기도파주교육지원청","경기도 파주시","S090003892","봉일천초등학교","02","공립","N","","26","598","26","1","3010000","10","54","10","0","2000000"
"경기도교육청","경기도파주교육지원청","경기도 파주시","S090003893","삼성초등학교","02","공립","N","","6","47","6","1","2400000","0","0","0","0","0"
"경기도교육청","경기도파주교육지원청","경기도 파주시","S090003894","신산초등학교","02","공립","N","","10","186","10","0","0","0","0","0","0","0"
"경기도교육청","경기도파주교육지원청","경기도 파주시","S090003896","심학초등학교","02","공립","N","","6","102","6","0","0","0","0","0","0","0"
"경기도교육청","경기도파주교육지원청","경기도 파주시","S090003897","연풍초등학교","02","공립","N","","8","137","8","0","2000000","0","0","0","0","0"
"경기도교육청","경기도파주교육지원청","경기도 파주시","S090003898","영도초등학교","02","공립","N","","6","44","6","5","3200000","0","0","0","0","0"
"경기도교육청","경기도파주교육지원청","경기도 파주시","S090003900","용미초등학교","02","공립","N","","9","48","9","1","1500000","0","0","0","0","0"
"경기도교육청","경기도파주교육지원청","경기도 파주시","S090003901","용연초등학교","02","공립","N","","6","45","6","0","0","0","0","0","0","0"
"경기도교육청","경기도파주교육지원청","경기도 파주시","S090003903","웅담초등학교","02","공립","N","","6","42","6","0","0","0","0","0","0","0"
"경기도교육청","경기도파주교육지원청","경기도 파주시","S090003904","월롱초등학교","02","공립","N","","6","59","6","2","600000","0","0","0","0","0"
"경기도교육청","경기도파주교육지원청","경기도 파주시","S090003905","장파초등학교","02","공립","N","","6","41","6","1","0","4","24","4","0","300000"
"경기도교육청","경기도파주교육지원청","경기도 파주시","S090003906","적서초등학교","02","공립","N","","6","42","6","0","2000000","1","31","1","0","200000"
"경기도교육청","경기도파주교육지원청","경기도 파주시","S090003908","적암초등학교","02","공립","N","","3","19","3","1","0","3","19","3","0","1000000"
"경기도교육청","경기도파주교육지원청","경기도 파주시","S090003909","지산초등학교","02","공립","N","","55","1343","55","0","2750000","0","0","0","0","0"
"경기도교육청","경기도파주교육지원청","경기도 파주시","S090003911","천현초등학교","02","공립","N","","10","170","10","0","0","0","0","0","0","0"
"경기도교육청","경기도파주교육지원청","경기도 파주시","S090003913","청석초등학교","02","공립","N","","6","588","28","4","0","9","77","9","1","1000000"
"경기도교육청","경기도파주교육지원청","경기도 파주시","S090003914","청암초등학교","02","공립","N","","52","1394","52","0","0","1","10","1","0","0"
"경기도교육청","경기도파주교육지원청","경기도 파주시","S090003915","탄현초등학교","02","공립","N","","6","49","6","2","0","0","0","0","0","0"
"경기도교육청","경기도파주교육지원청","경기도 파주시","S090003916","통일초등학교","02","공립","N","","13","283","13","0","0","2","21","2","0","0"
"경기도교육청","경기도파주교육지원청","경기도 파주시","S090003917","파양초등학교","02","공립","N","","6","90","6","4","16100000","3","37","3","0","500000"
"경기도교육청","경기도파주교육지원청","경기도 파주시","S090003919","파주대원초등학교","02","공립","N","","18","400","18","4","4760000","2","19","2","0","0"
"경기도교육청","경기도파주교육지원청","경기도 파주시","S090003920","파주송화초등학교","02","공립","N","","26","590","26","0","0","3","39","3","0","600000"
"경기도교육청","경기도파주교육지원청","경기도 파주시","S090003921","파주와동초등학교","02","공립","N","","55","755","31","25","0","22","157","16","7","3000000"
"경기도교육청","경기도파주교육지원청","경기도 파주시","S090003922","파주초등학교","02","공립","N","","7","110","7","0","0","0","0","0","0","0"
"경기도교육청","경기도파주교육지원청","경기도 파주시","S090003923","파평초등학교","02","공립","N","","7","76","7","7","4680000","1","20","1","1","200000"
"경기도교육청","경기도평택교육지원청","경기도 평택시","S090004009","가사초등학교","02","공립","N","","6","62","6","1","1500000","7","50","7","0","1000000"
"경기도교육청","경기도평택교육지원청","경기도 평택시","S090004010","갈곶초등학교","02","공립","N","","8","139","9","0","5000000","0","0","0","0","0"
"경기도교육청","경기도평택교육지원청","경기도 평택시","S090004011","계성초등학교","02","공립","N","","6","49","6","0","0","7","42","4","3","100000"
"경기도교육청","경기도평택교육지원청","경기도 평택시","S090004013","고덕초등학교","02","공립","N","","52","1451","52","0","0","1","8","1","0","1000000"
"경기도교육청","경기도평택교육지원청","경기도 평택시","S090004015","군문초등학교","02","공립","N","","7","139","7","0","0","1","21","0","1","4120000"
"경기도교육청","경기도평택교육지원청","경기도 평택시","S090004017","내기초등학교","02","공립","N","","11","235","11","0","0","0","0","0","0","0"
"경기도교육청","경기도평택교육지원청","경기도 평택시","S090004022","덕동초등학교","02","공립","N","","26","617","26","26","0","1","12","1","1","1000000"
"경기도교육청","경기도평택교육지원청","경기도 평택시","S090004023","동삭초등학교","02","공립","N","","9","619","27","0","0","2","43","1","2","10700000"
"경기도교육청","경기도평택교육지원청","경기도 평택시","S090004024","복창초등학교","02","공립","N","","11","189","11","0","1000000","1","10","1","0","1000000"
"경기도교육청","경기도평택교육지원청","경기도 평택시","S090004025","부용초등학교","02","공립","N","","16","338","16","0","0","1","20","1","0","1000000"
"경기도교육청","경기도평택교육지원청","경기도 평택시","S090004027","비전초등학교","02","공립","N","","12","265","12","4","1600000","0","0","0","0","0"
"경기도교육청","경기도평택교육지원청","경기도 평택시","S090004029","삼덕초등학교","02","공립","N","","9","65","9","0","0","11","40","11","0","3000000"
"경기도교육청","경기도평택교육지원청","경기도 평택시","S090004030","서정리초등학교","02","공립","N","","10","177","10","0","2100000","3","38","3","0","500000"
"경기도교육청","경기도평택교육지원청","경기도 평택시","S090004031","서탄초등학교","02","공립","N","","6","62","6","6","19120000","0","0","0","0","0"
"경기도교육청","경기도평택교육지원청","경기도 평택시","S090004033","서탄초등학교내수분교장","02","공립","N","","5","9","2","5","1890000","0","0","0","0","0"
"경기도교육청","경기도평택교육지원청","경기도 평택시","S090004035","세교초등학교","02","공립","N","","30","699","30","0","0","1","19","1","1","4500000"
"경기도교육청","경기도평택교육지원청","경기도 평택시","S090004036","소사벌초등학교","02","공립","N","","28","645","28","5","21330000","3","70","4","11","43000000"
"경기도교육청","경기도평택교육지원청","경기도 평택시","S090004037","송북초등학교","02","공립","N","","23","532","23","0","15180000","0","0","0","0","0"
"경기도교육청","경기도평택교육지원청","경기도 평택시","S090004038","송신초등학교","02","공립","N","","18","337","18","0","0","13","116","13","0","1000000"
"경기도교육청","경기도평택교육지원청","경기도 평택시","S090004039","송일초등학교","02","공립","N","","12","182","12","12","20960000","0","0","0","0","0"
"경기도교육청","경기도평택교육지원청","경기도 평택시","S090004040","송탄초등학교","02","공립","N","","7","117","7","0","0","0","0","0","0","0"
"경기도교육청","경기도평택교육지원청","경기도 평택시","S090004042","안중초등학교","02","공립","N","","16","286","16","0","1600000","0","0","0","0","0"
"경기도교육청","경기도평택교육지원청","경기도 평택시","S090004043","어연초등학교","02","공립","N","","6","47","6","0","0","1","10","1","1","3600000"
"경기도교육청","경기도평택교육지원청","경기도 평택시","S090004044","오성초등학교","02","공립","N","","10","154","10","10","8000000","0","0","0","0","0"
"경기도교육청","경기도평택교육지원청","경기도 평택시","S090004045","원정초등학교","02","공립","N","","14","317","14","0","0","0","0","0","0","0"
"경기도교육청","경기도평택교육지원청","경기도 평택시","S090004046","이충초등학교","02","공립","N","","21","482","21","0","3200000","2","18","2","0","1300000"
"경기도교육청","경기도평택교육지원청","경기도 평택시","S090004047","종덕초등학교","02","공립","N","","48","1412","48","0","0","23","173","23","0","2500000"
"경기도교육청","경기도평택교육지원청","경기도 평택시","S090004049","죽백초등학교","02","공립","N","","9","200","12","9","10600000","7","54","7","0","1000000"
"경기도교육청","경기도평택교육지원청","경기도 평택시","S090004052","지장초등학교","02","공립","N","","21","463","21","0","0","3","27","3","0","3000000"
"경기도교육청","경기도평택교육지원청","경기도 평택시","S090004053","진위초등학교","02","공립","N","","3","128","7","3","16400000","0","0","0","0","0"
"경기도교육청","경기도평택교육지원청","경기도 평택시","S090004054","진위초등학교산대분교장","02","공립","N","","4","11","4","4","0","1","11","1","0","2240000"
"경기도교육청","경기도평택교육지원청","경기도 평택시","S090004055","창신초등학교","02","공립","N","","6","41","6","6","13000000","5","40","8","0","4560000"
"경기도교육청","경기도평택교육지원청","경기도 평택시","S090004056","청북초등학교","02","공립","N","","2","45","6","2","0","2","22","3","1","1000000"
"경기도교육청","경기도평택교육지원청","경기도 평택시","S090004057","팽성초등학교","02","공립","N","","3","100","6","2","19600000","2","4","2","1","0"
"경기도교육청","경기도평택교육지원청","경기도 평택시","S090004058","평일초등학교","02","공립","N","","19","448","19","0","0","0","0","0","0","0"
"경기도교육청","경기도평택교육지원청","경기도 평택시","S090004059","평택성동초등학교","02","공립","N","","13","253","13","0","0","3","45","3","4","3000000"
"경기도교육청","경기도평택교육지원청","경기도 평택시","S090004060","평택중앙초등학교","02","공립","N","","10","173","11","0","1000000","0","0","0","0","0"
"경기도교육청","경기도평택교육지원청","경기도 평택시","S090004061","평택지산초등학교","02","공립","N","","23","439","23","0","2300000","1","15","1","1","1000000"
"경기도교육청","경기도평택교육지원청","경기도 평택시","S090004062","평택초등학교","02","공립","N","","14","276","14","12","0","0","0","0","0","0"
"경기도교육청","경기도평택교육지원청","경기도 평택시","S090004063","합정초등학교","02","공립","N","","6","92","6","0","0","2","12","2","0","500000"
"경기도교육청","경기도평택교육지원청","경기도 평택시","S090004064","현덕초등학교","02","공립","N","","6","115","6","4","0","1","14","1","0","1000000"
"경기도교육청","경기도평택교육지원청","경기도 평택시","S090004065","현덕초등학교광덕분교장","02","공립","N","","6","50","6","0","0","0","0","0","0","0"
"경기도교육청","경기도평택교육지원청","경기도 평택시","S090004066","현화초등학교","02","공립","N","","24","579","24","0","0","0","0","0","0","0"
"경기도교육청","경기도평택교육지원청","경기도 평택시","S090004067","홍원초등학교","02","공립","N","","7","58","7","0","2000000","0","0","0","0","0"
"경기도교육청","경기도평택교육지원청","경기도 평택시","S090004068","효덕초등학교","02","공립","N","","20","440","20","0","4200000","3","25","3","0","2700000"
"경기도교육청","경기도포천교육지원청","경기도 포천시","S090004176","가산초등학교","02","공립","N","","12","109","12","3","6500000","0","0","0","0","0"
"경기도교육청","경기도포천교육지원청","경기도 포천시","S090004177","관인초등학교","02","공립","N","","5","22","5","0","450000","0","0","0","0","0"
"경기도교육청","경기도포천교육지원청","경기도 포천시","S090004180","내촌초등학교","02","공립","N","","6","55","6","1","3120000","0","0","0","0","0"
"경기도교육청","경기도포천교육지원청","경기도 포천시","S090004183","도평초등학교","02","공립","N","","6","53","6","3","9600000","0","0","0","0","0"
"경기도교육청","경기도포천교육지원청","경기도 포천시","S090004189","선단초등학교","02","공립","N","","20","367","20","0","0","0","0","0","0","0"
"경기도교육청","경기도포천교육지원청","경기도 포천시","S090004190","송우초등학교","02","공립","N","","12","258","12","0","0","10","85","9","1","1500000"
"경기도교육청","경기도포천교육지원청","경기도 포천시","S090004191","신북초등학교","02","공립","N","","7","114","7","0","750000","0","0","0","0","0"
"경기도교육청","경기도포천교육지원청","경기도 포천시","S090004193","영북초등학교","02","공립","N","","16","317","16","0","600000","1","11","1","0","0"
"경기도교육청","경기도포천교육지원청","경기도 포천시","S090004198","왕방초등학교","02","공립","N","","16","469","20","0","0","0","0","0","0","0"
"경기도교육청","경기도포천교육지원청","경기도 포천시","S090004199","외북초등학교","02","공립","N","","1","37","6","1","4500000","1","7","1","0","950000"
"경기도교육청","경기도포천교육지원청","경기도 포천시","S090004200","운담초등학교","02","공립","N","","1","28","1","1","0","1","18","1","1","0"
"경기도교육청","경기도포천교육지원청","경기도 포천시","S090004201","유암초등학교","02","공립","N","","6","48","6","0","700000","1","5","1","0","300000"
"경기도교육청","경기도포천교육지원청","경기도 포천시","S090004202","이곡초등학교","02","공립","N","","6","67","6","1","6000000","0","0","0","0","0"
"경기도교육청","경기도포천교육지원청","경기도 포천시","S090004203","이동초등학교","02","공립","N","","7","106","8","0","300000","9","72","9","3","4000000"
"경기도교육청","경기도포천교육지원청","경기도 포천시","S090004204","일동초등학교","02","공립","N","","16","259","16","3","6120000","1","8","1","0","300000"
"경기도교육청","경기도포천교육지원청","경기도 포천시","S090004205","정교초등학교","02","공립","N","","8","57","8","0","1200000","0","0","0","0","0"
"경기도교육청","경기도포천교육지원청","경기도 포천시","S090004206","중리초등학교","02","공립","N","","1","8","2","1","3000000","0","0","0","0","0"
"경기도교육청","경기도포천교육지원청","경기도 포천시","S090004208","지현초등학교","02","공립","N","","2","33","6","2","14280000","2","26","2","0","1000000"
"경기도교육청","경기도포천교육지원청","경기도 포천시","S090004209","창수초등학교","02","공립","N","","6","36","6","0","2500000","0","0","0","0","0"
"경기도교육청","경기도포천교육지원청","경기도 포천시","S090004210","청성초등학교","02","공립","N","","6","54","6","0","0","0","0","0","0","0"
"경기도교육청","경기도포천교육지원청","경기도 포천시","S090004211","추산초등학교","02","공립","N","","27","632","27","0","1800000","0","0","0","0","0"
"경기도교육청","경기도포천교육지원청","경기도 포천시","S090004212","축석초등학교","02","공립","N","","1","6","1","0","1800000","2","26","2","1","2050000"
"경기도교육청","경기도포천교육지원청","경기도 포천시","S090004213","포천노곡초등학교","02","공립","N","","6","39","6","0","0","0","0","0","0","0"
"경기도교육청","경기도포천교육지원청","경기도 포천시","S090004214","포천삼정초등학교","02","공립","N","","4","9","4","1","4000000","0","0","0","0","0"
"경기도교육청","경기도포천교육지원청","경기도 포천시","S090004215","포천초등학교","02","공립","N","","32","795","32","0","0","0","0","0","0","0"
"경기도교육청","경기도포천교육지원청","경기도 포천시","S090004216","화현초등학교","02","공립","N","","5","47","6","0","600000","0","0","0","0","0"
"경기도교육청","경기도화성오산교육지원청","","S090004282","갈담초등학교","02","공립","N","","9","151","9","0","0","0","0","0","0","0"
"경기도교육청","경기도화성오산교육지원청","경기도 화성시 만세구","S090004283","갈천초등학교","02","공립","N","","6","46","6","3","10920000","0","0","0","0","0"
"경기도교육청","경기도화성오산교육지원청","경기도 화성시 만세구","S090004284","고정초등학교","02","공립","N","","6","36","6","0","160000","0","0","0","0","0"
"경기도교육청","경기도화성오산교육지원청","경기도 오산시","S090004286","광성초등학교","02","공립","N","","13","1355","60","6","7900000","1","24","1","1","2400000"
"경기도교육청","경기도화성오산교육지원청","","S090004287","기안초등학교","02","공립","N","","27","584","27","0","2000000","0","0","0","0","0"
"경기도교육청","경기도화성오산교육지원청","경기도 화성시 만세구","S090004288","남양초등학교","02","공립","N","","18","422","18","0","0","1","5","1","0","200000"
"경기도교육청","경기도화성오산교육지원청","경기도 화성시 만세구","S090004289","노진초등학교","02","공립","N","","6","54","6","1","2040000","1","18","1","0","0"
"경기도교육청","경기도화성오산교육지원청","","S090004292","동탄초등학교","02","공립","N","","43","1116","43","0","0","19","171","19","0","1700000"
"경기도교육청","경기도화성오산교육지원청","경기도 화성시 병점구","S090004294","동학초등학교","02","공립","N","","26","623","26","26","24960000","0","0","0","0","0"
"경기도교육청","경기도화성오산교육지원청","경기도 화성시 만세구","S090004296","마도초등학교","02","공립","N","","6","93","6","0","1900000","5","50","5","0","1000000"
"경기도교육청","경기도화성오산교육지원청","","S090004297","마산초등학교","02","공립","N","","6","39","6","6","2732000","0","0","0","0","0"
"경기도교육청","경기도화성오산교육지원청","경기도 오산시","S090004301","매홀초등학교","02","공립","N","","13","167","13","0","0","0","0","0","0","0"
"경기도교육청","경기도화성오산교육지원청","경기도 오산시","S090004302","삼미초등학교","02","공립","N","","21","482","21","3","8100000","2","29","2","0","400000"
"경기도교육청","경기도화성오산교육지원청","","S090004304","발안초등학교","02","공립","N","","6","280","6","0","0","0","0","0","0","0"
"경기도교육청","경기도화성오산교육지원청","경기도 화성시 병점구","S090004305","병점초등학교","02","공립","N","","14","290","16","0","0","0","0","0","0","0"
"경기도교육청","경기도화성오산교육지원청","경기도 화성시 효행구","S090004306","봉담초등학교","02","공립","N","","37","982","38","0","600000","2","75","2","0","2000000"
"경기도교육청","경기도화성오산교육지원청","경기도 화성시 효행구","S090004308","비봉초등학교","02","공립","N","","9","139","9","0","3400000","0","0","0","0","0"
"경기도교육청","경기도화성오산교육지원청","경기도 화성시 만세구","S090004310","사창초등학교","02","공립","N","","6","42","6","0","0","5","36","5","0","6000000"
"경기도교육청","경기도화성오산교육지원청","경기도 화성시 만세구","S090004312","상신초등학교","02","공립","N","","14","553","24","0","0","0","0","0","0","0"
"경기도교육청","경기도화성오산교육지원청","경기도 화성시 만세구","S090004313","서신초등학교","02","공립","N","","6","68","6","0","0","0","0","0","0","0"
"경기도교육청","경기도화성오산교육지원청","경기도 화성시 만세구","S090004315","석천초등학교","02","공립","N","","6","85","6","0","0","0","0","0","0","0"
"경기도교육청","경기도화성오산교육지원청","경기도 오산시","S090004317","성산초등학교","02","공립","N","","7","116","7","6","7210000","0","0","0","0","0"
"경기도교육청","경기도화성오산교육지원청","경기도 오산시","S090004318","성호초등학교","02","공립","N","","17","242","17","0","1840000","0","0","0","0","0"
"경기도교육청","경기도화성오산교육지원청","경기도 화성시 효행구","S090004319","송라초등학교","02","공립","N","","6","46","6","1","0","4","38","4","0","1000000"
"경기도교육청","경기도화성오산교육지원청","경기도 화성시 만세구","S090004320","송산초등학교","02","공립","N","","13","262","13","2","1100000","4","49","4","0","1000000"
"경기도교육청","경기도화성오산교육지원청","경기도 화성시 병점구","S090004321","송화초등학교","02","공립","N","","36","869","36","0","0","4","61","4","0","3000000"
"경기도교육청","경기도화성오산교육지원청","경기도 화성시 효행구","S090004322","수기초등학교","02","공립","N","","6","90","6","0","0","6","90","6","0","1200000"
"경기도교육청","경기도화성오산교육지원청","","S090004324","양감초등학교","02","공립","N","","6","42","7","2","1960000","0","0","0","0","0"
"경기도교육청","경기도화성오산교육지원청","경기도 오산시","S090004325","오산초등학교","02","공립","N","","21","473","21","0","0","1","10","1","1","1445000"
"경기도교육청","경기도화성오산교육지원청","","S090004326","우정초등학교","02","공립","N","","10","171","10","1","1200000","5","29","5","0","0"
"경기도교육청","경기도화성오산교육지원청","경기도 오산시","S090004328","운산초등학교","02","공립","N","","32","572","36","4","4500000","0","0","0","0","0"
"경기도교육청","경기도화성오산교육지원청","경기도 오산시","S090004329","운암초등학교","02","공립","N","","14","322","15","0","0","0","0","0","0","0"
"경기도교육청","경기도화성오산교육지원청","경기도 오산시","S090004330","운천초등학교","02","공립","N","","30","693","30","30","32340000","8","58","8","0","500000"
"경기도교육청","경기도화성오산교육지원청","경기도 오산시","S090004331","원동초등학교","02","공립","N","","29","678","29","22","0","9","75","9","0","915000"
"경기도교육청","경기도화성오산교육지원청","경기도 화성시 만세구","S090004333","장명초등학교","02","공립","N","","5","26","5","1","1000000","1","6","1","0","1000000"
"경기도교육청","경기도화성오산교육지원청","경기도 화성시 효행구","S090004336","정남초등학교","02","공립","N","","10","162","11","0","0","0","0","0","0","0"
"경기도교육청","경기도화성오산교육지원청","경기도 화성시 효행구","S090004337","정림초등학교","02","공립","N","","6","44","6","3","4200000","1","18","1","1","1960000"
"경기도교육청","경기도화성오산교육지원청","","S090004340","청룡초등학교","02","공립","N","","5","32","5","0","600000","0","0","0","0","0"
"경기도교육청","경기도화성오산교육지원청","경기도 화성시 만세구","S090004341","청원초등학교","02","공립","N","","6","42","6","0","1800000","0","0","0","0","0"
"경기도교육청","경기도화성오산교육지원청","경기도 화성시 만세구","S090004344","팔탄초등학교","02","공립","N","","12","127","12","8","12160000","1","32","1","0","1000000"
"경기도교육청","경기도화성오산교육지원청","경기도 화성시 만세구","S090004345","팔탄초등학교대방분교장","02","공립","Y","본교통합작성","","","","","","","","","",""
"경기도교육청","경기도화성오산교육지원청","경기도 화성시 만세구","S090004347","해운초등학교","02","공립","N","","4","33","6","0","750000","0","0","0","0","0"
"경기도교육청","경기도화성오산교육지원청","경기도 화성시 만세구","S090004348","향남초등학교","02","공립","N","","7","54","6","6","1500000","0","0","0","0","0"
"경기도교육청","경기도화성오산교육지원청","","S090004349","화남초등학교","02","공립","N","","29","707","29","0","0","6","47","6","0","2000000"
"경기도교육청","경기도화성오산교육지원청","경기도 화성시 병점구","S090004350","화산초등학교","02","공립","N","","13","308","13","2","5800000","0","0","0","0","0"
"경기도교육청","경기도화성오산교육지원청","","S090004351","화성매송초등학교","02","공립","N","","13","92","13","0","1700000","1","8","1","0","300000"
"경기도교육청","경기도화성오산교육지원청","경기도 화성시 만세구","S090004352","화성월문초등학교","02","공립","N","","6","55","6","0","0","4","44","5","0","1000000"
"경기도교육청","경기도화성오산교육지원청","경기도 화성시 만세구","S090004353","화성장안초등학교","02","공립","N","","23","482","23","0","0","1","482","1","0","2000000"
"경기도교육청","경기도화성오산교육지원청","경기도 오산시","S090004354","화성초등학교","02","공립","N","","24","535","24","5","0","1","30","1","0","587000"
"경기도교육청","경기도화성오산교육지원청","경기도 화성시 만세구","S090004355","화성장안초등학교석포분교장","02","공립","Y","분교제외","","","","","","","","","",""
"경기도교육청","경기도화성오산교육지원청","경기도 화성시 만세구","S090004356","화성화수초등학교","02","공립","N","","6","33","6","0","3100000","0","0","0","0","0"
"경기도교육청","경기도화성오산교육지원청","경기도 화성시 만세구","S090004358","활초초등학교","02","공립","N","","6","103","6","0","0","1","13","1","0","1000000"
"경기도교육청","경기도용인교육지원청","경기도 용인시 기흥구","S090004797","교동초등학교","02","공립","N","","29","676","29","6","9240000","0","0","0","0","0"
"경기도교육청","경기도용인교육지원청","경기도 용인시 기흥구","S090004804","나곡초등학교","02","공립","N","","36","914","36","0","2380000","1","18","1","0","600000"
"경기도교육청","경기도부천교육지원청","경기도 부천시 원미구","S090004824","석천초등학교","02","공립","N","","64","922","64","0","0","2","46","2","3","22400000"
"경기도교육청","경기도용인교육지원청","경기도 용인시 수지구","S090004836","효자초등학교","02","공립","N","","37","917","38","0","0","0","0","0","0","0"
"경기도교육청","경기도성남교육지원청","경기도 성남시 분당구","S090004841","늘푸른초등학교","02","공립","N","","44","1255","44","0","6600000","21","121","21","0","5390000"
"경기도교육청","경기도의정부교육지원청","경기도 의정부시","S090004842","의정부호원초등학교","02","공립","N","","33","707","33","2","400000","1","15","1","1","1250000"
"경기도교육청","경기도부천교육지원청","경기도 부천시 소사구","S090004843","부천일신초등학교","02","공립","N","","9","923","37","12","25245000","1","26","1","0","0"
"경기도교육청","경기도부천교육지원청","경기도 부천시 소사구","S090004844","솔안초등학교","02","공립","N","","3","188","12","3","7680000","11","181","9","2","1600000"
"경기도교육청","경기도동두천양주교육지원청","경기도 동두천시","S090004845","동두천신천초등학교","02","공립","N","","24","548","24","4","1200000","11","77","11","0","2100000"
"경기도교육청","경기도동두천양주교육지원청","경기도 동두천시","S090004846","동두천송내초등학교","02","공립","N","","15","318","15","15","13050000","0","0","0","0","0"
"경기도교육청","경기도안산교육지원청","경기도 안산시 단원구","S090004847","안산진흥초등학교","02","공립","N","","14","312","14","14","0","0","0","0","0","0"
"경기도교육청","경기도안산교육지원청","경기도 안산시 상록구","S090004848","학현초등학교","02","공립","N","","16","292","16","2","1200000","0","0","0","0","0"
"경기도교육청","경기도시흥교육지원청","경기도 시흥시","S090004849","시흥도원초등학교","02","공립","N","","12","235","12","12","9395000","0","0","0","0","0"
"경기도교육청","경기도시흥교육지원청","경기도 시흥시","S090004850","시흥월곶초등학교","02","공립","N","","25","623","25","6","14800000","3","29","3","1","3000000"
"경기도교육청","경기도시흥교육지원청","경기도 시흥시","S090004851","시흥장현초등학교","02","공립","N","","28","658","28","9","23620000","0","0","0","0","0"
"경기도교육청","경기도군포의왕교육지원청","경기도 군포시","S090004852","당동초등학교","02","공립","N","","30","703","30","1","2000000","36","789","33","3","5268000"
"경기도교육청","경기도군포의왕교육지원청","경기도 군포시","S090004853","당정초등학교","02","공립","N","","33","604","33","5","5440000","2","8","2","0","1800000"
"경기도교육청","경기도화성오산교육지원청","경기도 화성시 만세구","S090004854","제암초등학교","02","공립","N","","25","546","25","6","1000000","0","0","0","0","0"
"경기도교육청","경기도화성오산교육지원청","경기도 오산시","S090004855","오산대원초등학교","02","공립","N","","6","551","23","11","32360000","1","8","1","0","400000"
"경기도교육청","경기도파주교육지원청","경기도 파주시","S090004856","동패초등학교","02","공립","N","","64","1658","64","0","0","3","21","3","0","2000000"
"경기도교육청","경기도고양교육지원청","경기도 고양시 덕양구","S090004857","고양관산초등학교","02","공립","N","","23","455","21","17","7470000","2","26","2","1","5800000"
"경기도교육청","경기도고양교육지원청","경기도 고양시 일산서구","S090004858","고양한내초등학교","02","공립","N","","18","390","18","3","600000","0","0","0","0","0"
"경기도교육청","경기도고양교육지원청","경기도 고양시 일산서구","S090004859","한뫼초등학교","02","공립","N","","29","702","29","0","0","1","10","1","0","500000"
"경기도교육청","경기도파주교육지원청","경기도 파주시","S090004881","임진초등학교","02","공립","N","","32","686","31","1","3000000","0","0","0","0","0"
"경기도교육청","경기도용인교육지원청","경기도 용인시 기흥구","S090004891","지석초등학교","02","공립","N","","7","296","14","6","2800000","3","21","3","0","0"
"경기도교육청","경기도부천교육지원청","경기도 부천시 원미구","S090004892","옥산초등학교","02","공립","N","","6","47","6","3","6600000","0","0","0","0","0"
"경기도교육청","경기도이천교육지원청","경기도 이천시","S090004940","증포초등학교","02","공립","N","","32","830","32","0","0","2","28","2","2","14800000"
"경기도교육청","경기도광주하남교육지원청","경기도 광주시","S090004941","양벌초등학교","02","공립","N","","37","883","47","5","22080000","0","0","0","0","0"
"경기도교육청","경기도광주하남교육지원청","경기도 광주시","S090004942","광주도평초등학교","02","공립","N","","28","653","28","0","0","6","41","6","0","1000000"
"경기도교육청","경기도성남교육지원청","경기도 성남시 분당구","S090004946","성남정자초등학교","02","공립","N","","15","395","15","0","0","15","395","15","0","1200000"
"경기도교육청","경기도용인교육지원청","경기도 용인시 기흥구","S090004953","지곡초등학교","02","공립","N","","6","105","6","3","400000","0","0","0","0","0"
"경기도교육청","경기도용인교육지원청","경기도 용인시 기흥구","S090004954","언남초등학교","02","공립","N","","13","285","13","0","0","5","40","5","0","720000"
"경기도교육청","경기도용인교육지원청","경기도 용인시 처인구","S090004955","용인이동초등학교","02","공립","N","","18","415","18","5","0","8","55","8","0","1500000"
"경기도교육청","경기도용인교육지원청","경기도 용인시 수지구","S090004958","현암초등학교","02","공립","N","","17","524","17","0","0","3","87","3","0","800000"
"경기도교육청","경기도용인교육지원청","경기도 용인시 기흥구","S090004960","독정초등학교","02","공립","N","","56","931","56","0","0","0","0","0","0","0"
"경기도교육청","경기도용인교육지원청","경기도 용인시 수지구","S090004961","용인대덕초등학교","02","공립","N","","18","383","18","0","7200000","0","0","0","0","0"
"경기도교육청","경기도용인교육지원청","경기도 용인시 수지구","S090004962","신리초등학교","02","공립","N","","21","407","21","0","3000000","1","13","1","0","800000"
"경기도교육청","경기도용인교육지원청","경기도 용인시 수지구","S090004963","손곡초등학교","02","공립","N","","41","803","41","2","8000000","0","0","0","0","0"
"경기도교육청","경기도용인교육지원청","경기도 용인시 기흥구","S090004964","갈곡초등학교","02","공립","N","","21","473","21","2","0","2","18","2","0","300000"
"경기도교육청","경기도용인교육지원청","경기도 용인시 기흥구","S090004965","성지초등학교","02","공립","N","","5","57","5","3","0","0","0","0","0","0"
"경기도교육청","경기도용인교육지원청","경기도 용인시 처인구","S090004966","삼가초등학교","02","공립","N","","43","985","43","0","0","0","0","0","0","0"
"경기도교육청","경기도용인교육지원청","경기도 용인시 처인구","S090004967","용인성산초등학교","02","공립","N","","23","438","23","0","0","0","0","0","0","0"
"경기도교육청","경기도용인교육지원청","경기도 용인시 수지구","S090004978","용인신촌초등학교","02","공립","N","","35","853","35","0","5600000","0","0","0","0","0"
"경기도교육청","경기도파주교육지원청","경기도 파주시","S090004980","금화초등학교","02","공립","N","","24","545","24","0","0","3","36","4","0","400000"
"경기도교육청","경기도파주교육지원청","경기도 파주시","S090004981","금릉초등학교","02","공립","N","","7","728","35","6","17360000","6","40","6","0","1200000"
"경기도교육청","경기도포천교육지원청","경기도 포천시","S090004998","신봉초등학교","02","공립","N","","11","198","11","0","0","1","16","1","0","1850000"
"경기도교육청","경기도수원교육지원청","경기도 수원시 장안구","S090005003","수일초등학교","02","공립","N","","12","258","12","0","0","0","0","0","0","0"
"경기도교육청","경기도수원교육지원청","경기도 수원시 권선구","S090005004","입북초등학교","02","공립","N","","10","813","36","0","0","1","8","4","0","0"
"경기도교육청","경기도수원교육지원청","경기도 수원시 영통구","S090005005","대선초등학교","02","공립","N","","48","1214","48","0","4800000","0","0","0","0","0"
"경기도교육청","경기도수원교육지원청","경기도 수원시 영통구","S090005006","수원매화초등학교","02","공립","N","","23","500","23","0","0","3","59","3","6","14415000"
"경기도교육청","경기도수원교육지원청","경기도 수원시 팔달구","S090005007","팔달초등학교","02","공립","N","","26","583","26","0","8600000","36","725","36","0","5180000"
"경기도교육청","경기도성남교육지원청","경기도 성남시 수정구","S090005008","성남양지초등학교","02","공립","N","","15","282","15","0","0","0","0","0","0","0"
"경기도교육청","경기도안양과천교육지원청","경기도 안양시 동안구","S090005009","샘모루초등학교","02","공립","N","","58","750","58","20","8700000","0","0","0","0","0"
"경기도교육청","경기도안양과천교육지원청","경기도 안양시 만안구","S090005010","화창초등학교","02","공립","N","","21","439","21","0","1836000","1","16","1","0","490000"
"경기도교육청","경기도부천교육지원청","경기도 부천시 소사구","S090005011","부천송일초등학교","02","공립","N","","22","512","22","22","6700000","1","6","1","0","500000"
"경기도교육청","경기도동두천양주교육지원청","경기도 동두천시","S090005012","이담초등학교","02","공립","N","","25","548","25","0","0","5","45","6","0","3790000"
"경기도교육청","경기도화성오산교육지원청","경기도 화성시 병점구","S090005013","구봉초등학교","02","공립","N","","35","1637","69","4","3400000","0","0","0","0","0"
"경기도교육청","경기도화성오산교육지원청","경기도 화성시 병점구","S090005014","기산초등학교","02","공립","N","","22","528","22","0","0","10","590","26","0","11286000"
"경기도교육청","경기도화성오산교육지원청","경기도 화성시 병점구","S090005015","안화초등학교","02","공립","N","","30","775","30","0","4800000","36","912","36","0","5485000"
"경기도교육청","경기도화성오산교육지원청","경기도 화성시 병점구","S090005016","진안초등학교","02","공립","N","","22","496","22","0","1000000","0","0","0","0","0"
"경기도교육청","경기도화성오산교육지원청","경기도 화성시 병점구","S090005017","태안초등학교","02","공립","N","","24","575","24","0","0","3","20","4","0","5300000"
"경기도교육청","경기도화성오산교육지원청","경기도 화성시 병점구","S090005018","화성벌말초등학교","02","공립","N","","12","285","12","0","0","8","187","8","0","0"
"경기도교육청","경기도화성오산교육지원청","경기도 오산시","S090005019","대호초등학교","02","공립","N","","33","570","33","0","0","0","0","0","0","0"
"경기도교육청","경기도동두천양주교육지원청","경기도 양주시","S090005023","덕계초등학교","02","공립","N","","22","501","22","0","0","3","20","3","0","1000000"
"경기도교육청","경기도안산교육지원청","경기도 안산시 단원구","S090005024","안산호원초등학교","02","공립","N","","40","974","40","0","0","1","11","1","1","4000000"
"경기도교육청","경기도시흥교육지원청","경기도 시흥시","S090005025","웃터골초등학교","02","공립","N","","15","709","28","15","33950000","16","122","8","8","20198000"
"경기도교육청","경기도구리남양주교육지원청","경기도 남양주시","S090005026","남양주신촌초등학교","02","공립","N","","35","816","35","0","2000000","4","70","4","0","4000000"
"경기도교육청","경기도구리남양주교육지원청","경기도 남양주시","S090005027","장내초등학교","02","공립","N","","22","485","22","4","12665000","0","0","0","0","0"
"경기도교육청","경기도구리남양주교육지원청","경기도 남양주시","S090005028","판곡초등학교","02","공립","N","","37","896","37","0","0","16","130","16","0","2000000"
"경기도교육청","경기도구리남양주교육지원청","경기도 남양주시","S090005029","평동초등학교","02","공립","N","","21","525","22","0","0","0","0","0","0","0"
"경기도교육청","경기도파주교육지원청","경기도 파주시","S090005030","금향초등학교","02","공립","N","","17","497","21","4","2400000","6","44","6","0","800000"
"경기도교육청","경기도고양교육지원청","경기도 고양시 덕양구","S090005031","목암초등학교","02","공립","N","","35","915","35","0","1200000","8","53","8","0","3000000"
"경기도교육청","경기도김포교육지원청","경기도 김포시","S090005032","김포신풍초등학교","02","공립","N","","6","1073","44","2","4200000","1","7","1","0","0"
"경기도교육청","경기도용인교육지원청","경기도 용인시 수지구","S090005036","대청초등학교","02","공립","N","","24","528","24","0","0","0","0","0","0","0"
"경기도교육청","경기도용인교육지원청","경기도 용인시 기흥구","S090005037","용인신릉초등학교","02","공립","N","","17","352","17","0","2040000","1","14","1","0","1000000"
"경기도교육청","경기도용인교육지원청","경기도 용인시 수지구","S090005041","신일초등학교","02","공립","N","","19","466","19","0","0","7","70","7","0","2000000"
"경기도교육청","경기도안양과천교육지원청","경기도 안양시 만안구","S090005042","안양호암초등학교","02","공립","N","","12","261","12","0","1600000","0","0","0","0","0"
"경기도교육청","경기도안양과천교육지원청","경기도 안양시 동안구","S090005043","나눔초등학교","02","공립","N","","10","206","10","10","5050000","0","0","0","0","0"
"경기도교육청","경기도의정부교육지원청","경기도 의정부시","S090005129","의정부효자초등학교","02","공립","N","","11","302","11","0","2800000","0","0","0","0","0"
"경기도교육청","경기도의정부교육지원청","경기도 의정부시","S090005130","동암초등학교","02","공립","N","","32","759","32","32","25975000","0","0","0","0","0"
"경기도교육청","경기도의정부교육지원청","경기도 의정부시","S090005131","버들개초등학교","02","공립","N","","6","613","26","0","0","0","0","0","0","0"
"경기도교육청","경기도부천교육지원청","경기도 부천시 소사구","S090005138","부천양지초등학교","02","공립","N","","27","394","27","17","6650000","16","394","16","0","2000000"
"경기도교육청","경기도동두천양주교육지원청","경기도 양주시","S090005139","삼숭초등학교","02","공립","N","","30","711","30","0","0","1","6","1","0","400000"
"경기도교육청","경기도평택교육지원청","경기도 평택시","S090005141","평택송화초등학교","02","공립","N","","20","439","20","0","2000000","2","46","2","2","1000000"
"경기도교육청","경기도평택교육지원청","경기도 평택시","S090005142","장당초등학교","02","공립","N","","29","664","29","0","0","12","97","12","1","5720000"
"경기도교육청","경기도구리남양주교육지원청","경기도 남양주시","S090005145","사능초등학교","02","공립","N","","8","97","8","2","6000000","0","0","0","0","0"
"경기도교육청","경기도구리남양주교육지원청","경기도 남양주시","S090005146","남양주백봉초등학교","02","공립","N","","22","436","22","12","4950000","6","58","6","0","6000000"
"경기도교육청","경기도구리남양주교육지원청","경기도 남양주시","S090005147","양오초등학교","02","공립","N","","34","807","34","3","5000000","3","47","3","2","11500000"
"경기도교육청","경기도광주하남교육지원청","경기도 하남시","S090005152","신평초등학교","02","공립","N","","35","802","35","5","11000000","0","0","0","0","0"
"경기도교육청","경기도파주교육지원청","경기도 파주시","S090005154","새금초등학교","02","공립","N","","17","408","17","0","0","3","17","3","0","500000"
"경기도교육청","경기도파주교육지원청","경기도 파주시","S090005155","석곶초등학교","02","공립","N","","40","990","40","0","3200000","1","9","1","0","500000"
"경기도교육청","경기도수원교육지원청","경기도 수원시 권선구","S090005179","효탑초등학교","02","공립","N","","15","320","15","0","0","0","0","0","0","0"
"경기도교육청","경기도부천교육지원청","경기도 부천시 원미구","S090005181","상미초등학교","02","공립","N","","10","140","9","1","0","6","39","6","0","2000000"
"경기도교육청","경기도동두천양주교육지원청","경기도 양주시","S090005182","광숭초등학교","02","공립","N","","23","523","23","0","0","0","0","0","0","0"
"경기도교육청","경기도평택교육지원청","경기도 평택시","S090005183","평택안일초등학교","02","공립","N","","42","909","47","0","0","0","0","0","0","0"
"경기도교육청","경기도평택교육지원청","경기도 평택시","S090005184","현일초등학교","02","공립","N","","26","630","26","0","2000000","10","56","10","0","3000000"
"경기도교육청","경기도구리남양주교육지원청","경기도 남양주시","S090005185","어람초등학교","02","공립","N","","37","844","37","0","0","5","91","5","0","1500000"
"경기도교육청","경기도여주교육지원청","경기도 여주시","S090005186","세종초등학교","02","공립","N","","39","990","39","6","18000000","6","47","6","0","3000000"
"경기도교육청","경기도화성오산교육지원청","경기도 화성시 만세구","S090005187","동양초등학교","02","공립","N","","103","999","103","0","1850000","8","126","8","1","2200000"
"경기도교육청","경기도화성오산교육지원청","경기도 화성시 효행구","S090005188","배양초등학교","02","공립","N","","14","274","14","4","8760000","0","0","0","0","0"
"경기도교육청","경기도안산교육지원청","경기도 안산시 상록구","S090005269","안산청석초등학교","02","공립","N","","16","423","20","1","1300000","0","0","0","0","0"
"경기도교육청","경기도안산교육지원청","경기도 안산시 상록구","S090005270","팔곡초등학교","02","공립","N","","6","107","6","3","0","0","0","0","0","0"
"경기도교육청","경기도포천교육지원청","경기도 포천시","S090005288","태봉초등학교","02","공립","N","","29","649","29","0","0","2","48","2","0","4500000"
"경기도교육청","경기도안산교육지원청","경기도 안산시 상록구","S090005294","안산창촌초등학교","02","공립","N","","17","387","17","2","0","0","0","0","0","0"
"경기도교육청","경기도안산교육지원청","경기도 안산시 상록구","S090005295","안산해양초등학교","02","공립","N","","21","449","22","0","0","10","100","10","0","2000000"
"경기도교육청","경기도부천교육지원청","경기도 부천시 오정구","S090005313","동산초등학교","02","공립","N","","16","340","16","0","0","0","0","0","0","0"
"경기도교육청","경기도용인교육지원청","경기도 용인시 기흥구","S090005324","동막초등학교","02","공립","N","","27","625","27","0","0","16","107","16","0","1500000"
"경기도교육청","경기도용인교육지원청","경기도 용인시 기흥구","S090005325","석성초등학교","02","공립","N","","27","659","27","0","0","0","0","0","0","0"
"경기도교육청","경기도용인교육지원청","경기도 용인시 기흥구","S090005330","동백초등학교","02","공립","N","","47","836","47","0","0","0","0","0","0","0"
"경기도교육청","경기도용인교육지원청","경기도 용인시 기흥구","S090005332","용인백현초등학교","02","공립","N","","24","575","24","0","0","1","20","1","0","600000"
"경기도교육청","경기도수원교육지원청","경기도 수원시 권선구","S090005334","서평초등학교","02","공립","N","","9","172","9","1","0","0","0","0","0","0"
"경기도교육청","경기도수원교육지원청","경기도 수원시 권선구","S090005337","오현초등학교","02","공립","N","","32","776","32","0","600000","0","0","0","0","0"
"경기도교육청","경기도용인교육지원청","경기도 용인시 기흥구","S090005339","용인초당초등학교","02","공립","N","","29","670","29","0","0","14","89","14","0","1000000"
"경기도교육청","경기도고양교육지원청","경기도 고양시 일산서구","S090005341","가좌초등학교","02","공립","N","","22","533","22","1","0","1","8","1","0","200000"
"경기도교육청","경기도동두천양주교육지원청","경기도 양주시","S090005344","도둔초등학교","02","공립","N","","25","777","25","10","2500000","9","84","9","0","2000000"
"경기도교육청","경기도평택교육지원청","경기도 평택시","S090005357","평택도곡초등학교","02","공립","N","","29","640","29","0","0","1","6","1","0","300000"
"경기도교육청","경기도화성오산교육지원청","경기도 화성시 병점구","S090005363","안녕초등학교","02","공립","N","","31","745","31","0","7000000","3","67","2","1","17060000"
"경기도교육청","경기도화성오산교육지원청","경기도 오산시","S090005366","가수초등학교","02","공립","N","","20","499","20","0","0","0","0","0","0","0"
"경기도교육청","경기도파주교육지원청","경기도 파주시","S090005369","두일초등학교","02","공립","N","","27","669","27","0","0","16","136","16","0","2000000"
"경기도교육청","경기도화성오산교육지원청","경기도 오산시","S090005372","수청초등학교","02","공립","N","","22","507","22","2","8400000","4","46","3","2","5700000"
"경기도교육청","경기도파주교육지원청","경기도 파주시","S090005373","와석초등학교","02","공립","N","","55","1418","55","0","0","16","98","16","0","2000000"
"경기도교육청","경기도김포교육지원청","경기도 김포시","S090005375","통진초등학교","02","공립","N","","17","380","17","0","0","17","380","17","0","1900000"
"경기도교육청","경기도고양교육지원청","경기도 고양시 일산동구","S090005393","다솜초등학교","02","공립","N","","12","670","28","0","5360000","0","0","0","0","0"
"경기도교육청","경기도안산교육지원청","경기도 안산시 단원구","S090005395","덕인초등학교","02","공립","N","","20","474","20","0","0","2","20","2","0","0"
"경기도교육청","경기도파주교육지원청","경기도 파주시","S090005397","문발초등학교","02","공립","N","","14","277","14","0","0","0","0","0","0","0"
"경기도교육청","경기도부천교육지원청","경기도 부천시 소사구","S090005402","소안초등학교","02","공립","N","","20","386","20","0","1200000","3","31","3","2","8200000"
"경기도교육청","경기도동두천양주교육지원청","경기도 양주시","S090005404","신지초등학교","02","공립","N","","13","253","13","13","0","1","4","1","0","200000"
"경기도교육청","경기도화성오산교육지원청","경기도 오산시","S090005406","오산원당초등학교","02","공립","N","","56","1394","56","56","74978000","1","29","1","1","2000000"
"경기도교육청","경기도시흥교육지원청","경기도 시흥시","S090005408","월포초등학교","02","공립","N","","10","184","10","6","10600000","0","0","0","0","0"
"경기도교육청","경기도고양교육지원청","경기도 고양시 일산동구","S090005411","풍동초등학교","02","공립","N","","17","365","17","0","0","3","15","4","0","1180000"
"경기도교육청","경기도화성오산교육지원청","","S090005412","학동초등학교","02","공립","N","","6","927","40","0","0","3","78","3","0","3000000"
"경기도교육청","경기도화성오산교육지원청","경기도 화성시 동탄구","S090005471","화성금곡초등학교","02","공립","N","","45","872","45","3","0","0","0","0","0","0"
"경기도교육청","경기도평택교육지원청","경기도 평택시","S090005472","반지초등학교","02","공립","N","","36","849","36","36","39560000","11","106","11","0","7700000"
"경기도교육청","경기도화성오산교육지원청","","S090005474","석우초등학교","02","공립","N","","31","767","31","0","0","2","16","2","0","1600000"
"경기도교육청","경기도화성오산교육지원청","경기도 오산시","S090005476","오산원일초등학교","02","공립","N","","33","837","33","0","0","9","108","9","0","2000000"
"경기도교육청","경기도용인교육지원청","경기도 용인시 기흥구","S090005478","용인한일초등학교","02","공립","N","","17","350","17","0","0","2","11","2","0","0"
"경기도교육청","경기도용인교육지원청","경기도 용인시 기흥구","S090005480","나산초등학교","02","공립","N","","11","740","30","0","0","0","0","0","0","0"
"경기도교육청","경기도화성오산교육지원청","","S090005487","와우초등학교","02","공립","N","","38","946","38","0","2200000","3","74","3","0","3000000"
"경기도교육청","경기도구리남양주교육지원청","경기도 남양주시","S090005494","예봉초등학교","02","공립","N","","23","540","23","46","25200000","17","154","17","0","1500000"
"경기도교육청","경기도동두천양주교육지원청","경기도 양주시","S090005495","주원초등학교","02","공립","N","","12","215","12","0","1200000","3","40","3","0","5100000"
"경기도교육청","경기도고양교육지원청","경기도 고양시 일산동구","S090005496","하늘초등학교","02","공립","N","","24","565","27","5","8800000","3","56","3","0","1600000"
"경기도교육청","경기도화성오산교육지원청","","S090005588","동화초등학교","02","공립","N","","52","641","50","2","2400000","0","0","0","0","0"
"경기도교육청","경기도화성오산교육지원청","경기도 화성시 동탄구","S090005589","반석초등학교","02","공립","N","","76","1850","76","3","27500000","4","45","4","0","3000000"
"경기도교육청","경기도화성오산교육지원청","경기도 화성시 효행구","S090005591","상봉초등학교","02","공립","N","","14","737","31","0","0","18","178","18","0","1994000"
"경기도교육청","경기도화성오산교육지원청","경기도 화성시 동탄구","S090005593","솔빛초등학교","02","공립","N","","49","1271","49","0","0","2","24","2","0","4200000"
"경기도교육청","경기도화성오산교육지원청","경기도 오산시","S090005594","오산고현초등학교","02","공립","N","","42","957","42","6","21600000","2","30","2","1","2520000"
"경기도교육청","경기도화성오산교육지원청","경기도 화성시 병점구","S090005595","율목초등학교","02","공립","N","","33","754","33","0","3300000","2","43","2","2","3092400"
"경기도교육청","경기도화성오산교육지원청","","S090005597","반송초등학교","02","공립","N","","37","905","37","0","3800000","1","16","1","2","1100000"
"경기도교육청","경기도부천교육지원청","경기도 부천시 오정구","S090005603","성곡초등학교","02","공립","N","","16","363","16","0","0","0","0","0","0","0"
"경기도교육청","경기도고양교육지원청","경기도 고양시 일산동구","S090005607","모당초등학교","02","공립","N","","29","673","30","0","0","1","10","1","0","600000"
"경기도교육청","경기도용인교육지원청","경기도 용인시 기흥구","S090005610","청덕초등학교","02","공립","N","","12","721","32","3","0","0","0","0","0","0"
"경기도교육청","경기도시흥교육지원청","경기도 시흥시","S090005612","시흥능곡초등학교","02","공립","N","","22","457","21","9","33320000","0","0","0","0","0"
"경기도교육청","경기도김포교육지원청","경기도 김포시","S090005617","장기초등학교","02","공립","N","","6","812","33","1","3750000","7","53","8","0","3500000"
"경기도교육청","경기도성남교육지원청","경기도 성남시 중원구","S090005621","도촌초등학교","02","공립","N","","35","812","35","0","5250000","0","0","0","0","0"
"경기도교육청","경기도군포의왕교육지원청","경기도 군포시","S090005627","군포대야초등학교","02","공립","N","","9","169","9","0","3060000","2","22","2","1","5020000"
"경기도교육청","경기도군포의왕교육지원청","경기도 의왕시","S090005628","모락초등학교","02","공립","N","","18","373","19","0","9000000","0","0","0","0","0"
"경기도교육청","경기도화성오산교육지원청","경기도 화성시 동탄구","S090005644","능동초등학교","02","공립","N","","8","193","8","0","2000000","0","0","0","0","0"
"경기도교육청","경기도화성오산교육지원청","경기도 화성시 만세구","S090005645","도이초등학교","02","공립","N","","28","662","28","0","0","7","93","7","0","6000000"
"경기도교육청","경기도화성오산교육지원청","경기도 화성시 효행구","S090005646","수영초등학교","02","공립","N","","17","387","17","0","0","1","11","1","1","654000"
"경기도교육청","경기도화성오산교육지원청","경기도 화성시 동탄구","S090005647","예당초등학교","02","공립","N","","27","623","27","0","0","8","130","8","0","2800000"
"경기도교육청","경기도부천교육지원청","경기도 부천시 원미구","S090005648","중동초등학교","02","공립","N","","30","727","30","2","3000000","0","0","0","0","0"
"경기도교육청","경기도화성오산교육지원청","경기도 화성시 동탄구","S090005649","푸른초등학교","02","공립","N","","49","1226","49","0","0","5","63","5","0","2400000"
"경기도교육청","경기도화성오산교육지원청","경기도 화성시 동탄구","S090005650","한마음초등학교","02","공립","N","","34","798","34","0","4600000","3","27","3","0","1800000"
"경기도교육청","경기도화성오산교육지원청","경기도 화성시 만세구","S090005651","한울초등학교","02","공립","N","","25","1051","44","6","6600000","0","0","0","0","0"
"경기도교육청","경기도화성오산교육지원청","경기도 화성시 만세구","S090005652","행정초등학교","02","공립","N","","25","932","39","0","0","4","77","4","3","10280000"
"경기도교육청","경기도구리남양주교육지원청","경기도 남양주시","S090005678","가운초등학교","02","공립","N","","15","356","15","0","0","2","16","2","0","300000"
"경기도교육청","경기도평택교육지원청","경기도 평택시","S090005680","송현초등학교","02","공립","N","","12","223","12","10","4300000","5","63","5","0","1400000"
"경기도교육청","경기도김포교육지원청","경기도 김포시","S090005682","신곡초등학교","02","공립","N","","30","768","30","0","0","11","80","11","3","3000000"
"경기도교육청","경기도광주하남교육지원청","경기도 하남시","S090005686","하남풍산초등학교","02","공립","N","","21","498","21","0","3400000","1","8","1","0","1000000"
"경기도교육청","경기도고양교육지원청","경기도 고양시 덕양구","S090005687","아람초등학교","02","공립","N","","23","262","23","0","4000000","1","15","1","0","1000000"
"경기도교육청","경기도안산교육지원청","경기도 안산시 단원구","S090005688","안산대월초등학교","02","공립","N","","21","487","21","0","0","0","0","0","0","0"
"경기도교육청","경기도안산교육지원청","경기도 안산시 단원구","S090005690","신길초등학교","02","공립","N","","24","565","31","2","10966000","4","38","4","1","3500000"
"경기도교육청","경기도성남교육지원청","경기도 성남시 분당구","S090005692","성남송현초등학교","02","공립","N","","40","964","40","0","6000000","0","0","0","0","0"
"경기도교육청","경기도수원교육지원청","경기도 수원시 팔달구","S090005693","매여울초등학교","02","공립","N","","20","442","20","6","24500000","5","53","5","1","3520000"
"경기도교육청","경기도성남교육지원청","경기도 성남시 분당구","S090005695","보평초등학교","02","공립","N","","0","0","0","0","0","17","123","17","0","2000000"
"경기도교육청","경기도성남교육지원청","경기도 성남시 분당구","S090005696","운중초등학교","02","공립","N","","22","546","22","0","0","0","0","0","0","0"
"경기도교육청","경기도성남교육지원청","경기도 성남시 분당구","S090005702","판교초등학교","02","공립","N","","37","907","37","0","0","8","48","8","0","1000000"
"경기도교육청","경기도성남교육지원청","경기도 성남시 분당구","S090005703","산운초등학교","02","공립","N","","25","590","25","0","0","0","0","0","0","0"
"경기도교육청","경기도구리남양주교육지원청","경기도 남양주시","S090005705","구룡초등학교","02","공립","N","","38","911","38","0","0","0","0","0","0","0"
"경기도교육청","경기도구리남양주교육지원청","경기도 구리시","S090005706","건원초등학교","02","공립","N","","12","233","12","0","0","4","66","4","0","6700000"
"경기도교육청","경기도구리남양주교육지원청","경기도 남양주시","S090005708","진접초등학교","02","공립","N","","32","748","32","0","0","7","38","8","0","2450000"
"경기도교육청","경기도구리남양주교육지원청","경기도 남양주시","S090005710","차산초등학교","02","공립","N","","19","410","19","2","150000","0","0","0","0","0"
"경기도교육청","경기도광명교육지원청","경기도 광명시","S090005739","충현초등학교","02","공립","N","","34","566","34","0","3760000","7","94","7","0","940000"
"경기도교육청","경기도광명교육지원청","경기도 광명시","S090005740","구름산초등학교","02","공립","N","","40","889","40","0","7590000","6","28","6","0","775000"
"경기도교육청","경기도김포교육지원청","경기도 김포시","S090005742","걸포초등학교","02","공립","N","","20","458","20","0","0","5","55","5","3","17740000"
"경기도교육청","경기도광명교육지원청","경기도 광명시","S090005744","안현초등학교","02","공립","N","","43","1061","43","1","6260000","11","96","11","0","1500000"
"경기도교육청","경기도화성오산교육지원청","경기도 오산시","S090005747","문시초등학교","02","공립","N","","12","709","6","14","33352000","2","49","3","1","3760000"
"경기도교육청","경기도용인교육지원청","경기도 용인시 기흥구","S090005748","공세초등학교","02","공립","N","","23","348","23","0","4320000","2","13","2","0","1800000"
"경기도교육청","경기도용인교육지원청","경기도 용인시 수지구","S090005750","용인한빛초등학교","02","공립","N","","34","804","34","2","0","7","45","7","0","1000000"
"경기도교육청","경기도용인교육지원청","경기도 용인시 처인구","S090005751","둔전제일초등학교","02","공립","N","","19","430","19","2","3000000","5","100","5","1","0"
"경기도교육청","경기도화성오산교육지원청","경기도 오산시","S090005763","양산초등학교","02","공립","N","","6","587","34","0","0","0","0","0","0","0"
"경기도교육청","경기도평택교육지원청","경기도 평택시","S090005765","용이초등학교","02","공립","N","","45","1066","45","0","5720000","3","65","2","1","4000000"
"경기도교육청","경기도군포의왕교육지원청","경기도 의왕시","S090005771","내동초등학교","02","공립","N","","31","785","31","0","0","0","0","0","0","0"
"경기도교육청","경기도용인교육지원청","경기도 용인시 기흥구","S090005773","석현초등학교","02","공립","N","","37","454","20","27","7620000","2","33","2","0","600000"
"경기도교육청","경기도용인교육지원청","경기도 용인시 기흥구","S090005774","흥덕초등학교","02","공립","N","","22","498","22","0","0","3","50","2","1","1000000"
"경기도교육청","경기도구리남양주교육지원청","경기도 남양주시","S090005780","남양주덕송초등학교","02","공립","N","","52","1250","52","10","50317600","0","0","0","0","0"
"경기도교육청","경기도구리남양주교육지원청","경기도 남양주시","S090005784","별가람초등학교","02","공립","N","","28","657","28","5","23100000","1","5","1","0","0"
"경기도교육청","경기도동두천양주교육지원청","경기도 양주시","S090005805","만송초등학교","02","공립","N","","17","308","17","17","20540000","0","0","0","0","0"
"경기도교육청","경기도화성오산교육지원청","경기도 화성시 동탄구","S090005807","숲속초등학교","02","공립","N","","26","614","26","0","0","2","45","2","0","2000000"
"경기도교육청","경기도시흥교육지원청","경기도 시흥시","S090005809","승지초등학교","02","공립","N","","27","433","21","10","40100000","1","22","2","0","7000000"
"경기도교육청","경기도화성오산교육지원청","경기도 오산시","S090005816","세미초등학교","02","공립","N","","59","1579","59","0","0","16","128","16","0","0"
"경기도교육청","경기도화성오산교육지원청","경기도 오산시","S090005818","필봉초등학교","02","공립","N","","30","705","30","0","3000000","2","22","1","3","7840000"
"경기도교육청","경기도수원교육지원청","경기도 수원시 권선구","S090005839","선행초등학교","02","공립","N","","24","577","24","8","24000000","2","31","2","0","776000"
"경기도교육청","경기도군포의왕교육지원청","경기도 군포시","S090005846","군포신기초등학교","02","공립","N","","85","673","85","0","0","14","149","14","0","700000"
"경기도교육청","경기도광주하남교육지원청","경기도 광주시","S090005847","벌원초등학교","02","공립","N","","20","437","20","0","0","4","32","4","1","2000000"
"경기도교육청","경기도광명교육지원청","경기도 광명시","S090005848","빛가온초등학교","02","공립","N","","32","782","32","0","8960000","7","101","7","0","2030000"
"경기도교육청","경기도안양과천교육지원청","경기도 안양시 동안구","S090005852","해오름초등학교","02","공립","N","","26","328","16","10","1000000","0","0","0","0","0"
"경기도교육청","경기도김포교육지원청","경기도 김포시","S090005853","솔터초등학교","02","공립","N","","45","1214","45","0","0","2","30","2","0","1000000"
"경기도교육청","경기도파주교육지원청","경기도 파주시","S090005854","자유초등학교","02","공립","N","","34","864","34","0","3400000","13","97","13","0","1700000"
"경기도교육청","경기도고양교육지원청","경기도 고양시 일산서구","S090005855","한산초등학교","02","공립","N","","34","821","34","0","2000000","0","0","0","0","0"
"경기도교육청","경기도고양교육지원청","경기도 고양시 일산서구","S090005856","백송초등학교","02","공립","N","","34","867","34","0","0","0","0","0","0","0"
"경기도교육청","경기도안성교육지원청","경기도 안성시","S090005860","만정초등학교","02","공립","N","","34","869","34","34","20416000","12","167","13","3","14200000"
"경기도교육청","경기도용인교육지원청","경기도 용인시 수지구","S090005862","새빛초등학교","02","공립","N","","39","950","39","0","0","1","10","1","0","100000"
"경기도교육청","경기도용인교육지원청","경기도 용인시 기흥구","S090005864","서농초등학교","02","공립","N","","32","789","32","0","3200000","19","481","19","0","3800000"
"경기도교육청","경기도파주교육지원청","경기도 파주시","S090005867","가온초등학교","02","공립","N","","12","1103","44","0","2200000","4","62","4","0","3700000"
"경기도교육청","경기도김포교육지원청","경기도 김포시","S090005869","김포한가람초등학교","02","공립","N","","29","678","29","0","0","29","678","29","0","3650000"
"경기도교육청","경기도김포교육지원청","경기도 김포시","S090005873","보름초등학교","02","공립","N","","65","1614","65","0","0","0","0","0","0","0"
"경기도교육청","경기도화성오산교육지원청","경기도 화성시 동탄구","S090005874","예원초등학교","02","공립","N","","12","368","31","6","3440000","1","10","1","0","1200000"
"경기도교육청","경기도수원교육지원청","경기도 수원시 영통구","S090005879","광교초등학교","02","공립","N","","47","1209","47","7","4700000","0","0","0","0","0"
"경기도교육청","경기도수원교육지원청","경기도 수원시 영통구","S090005882","이의초등학교","02","공립","N","","81","899","81","0","0","4","38","4","0","0"
"경기도교육청","경기도김포교육지원청","경기도 김포시","S090005883","가현초등학교","02","공립","N","","48","1250","48","6","16800000","10","175","10","1","33300000"
"경기도교육청","경기도김포교육지원청","경기도 김포시","S090005885","푸른솔초등학교","02","공립","N","","49","1225","49","0","0","0","0","0","0","0"
"경기도교육청","경기도평택교육지원청","경기도 평택시","S090005888","청옥초등학교","02","공립","N","","56","1420","56","0","5400000","2","51","1","2","6900000"
"경기도교육청","경기도수원교육지원청","경기도 수원시 권선구","S090005894","수원중촌초등학교","02","공립","N","","36","821","36","0","0","0","0","0","0","0"
"경기도교육청","경기도수원교육지원청","경기도 수원시 권선구","S090005896","수원금호초등학교","02","공립","N","","68","1745","68","0","0","1","26","2","0","2500000"
"경기도교육청","경기도수원교육지원청","경기도 수원시 권선구","S090005897","능실초등학교","02","공립","N","","51","1320","51","0","0","10","127","10","0","1200000"
"경기도교육청","경기도군포의왕교육지원청","경기도 의왕시","S090005912","포일초등학교","02","공립","N","","21","473","26","3","4200000","0","0","0","0","0"
"경기도교육청","경기도성남교육지원청","경기도 성남시 중원구","S090005914","성남여수초등학교","02","공립","N","","31","743","31","0","6200000","3","52","3","0","2980000"
"경기도교육청","경기도구리남양주교육지원청","경기도 남양주시","S090005988","부평초등학교","02","공립","N","","37","888","37","2","8000000","0","0","0","0","0"
"경기도교육청","경기도김포교육지원청","경기도 김포시","S090006026","김포금빛초등학교","02","공립","N","","62","1614","62","0","0","7","119","7","0","1000000"
"경기도교육청","경기도용인교육지원청","경기도 용인시 처인구","S090006028","고진초등학교","02","공립","N","","18","417","18","0","1500000","0","0","0","0","0"
"경기도교육청","경기도김포교육지원청","경기도 김포시","S090006030","은여울초등학교","02","공립","N","","70","1959","70","0","0","0","0","0","0","0"
"경기도교육청","경기도김포교육지원청","경기도 김포시","S090006033","나비초등학교","02","공립","N","","42","1011","42","0","0","0","0","0","0","0"
"경기도교육청","경기도용인교육지원청","경기도 용인시 처인구","S090006039","함박초등학교","02","공립","N","","49","1314","49","3","27660000","14","120","14","0","1200000"
"경기도교육청","경기도김포교육지원청","경기도 김포시","S090006040","운유초등학교","02","공립","N","","6","1356","50","0","5100000","17","459","17","0","1700000"
"경기도교육청","경기도용인교육지원청","경기도 용인시 기흥구","S090006042","중일초등학교","02","공립","N","","30","744","30","0","2000000","0","0","0","0","0"
"경기도교육청","경기도김포교육지원청","경기도 김포시","S090006046","청수초등학교","02","공립","N","","66","1938","66","0","6600000","0","0","0","0","0"
"경기도교육청","경기도동두천양주교육지원청","경기도 양주시","S090006053","율빛초등학교","02","공립","N","","45","1187","45","3","24000000","1","12","2","0","1000000"
"경기도교육청","경기도동두천양주교육지원청","경기도 양주시","S090006058","율정초등학교","02","공립","N","","42","1070","42","0","0","0","0","0","0","0"
"경기도교육청","경기도동두천양주교육지원청","경기도 양주시","S090006061","옥정초등학교","02","공립","N","","48","1196","48","1","4800000","1","11","1","0","0"
"경기도교육청","경기도동두천양주교육지원청","경기도 양주시","S090006062","연푸른초등학교","02","공립","N","","46","1105","46","1","1000000","0","0","0","0","0"
"경기도교육청","경기도동두천양주교육지원청","경기도 양주시","S090006063","옥빛초등학교","02","공립","N","","62","1739","62","0","0","0","0","0","0","0"
"경기도교육청","경기도광주하남교육지원청","경기도 광주시","S090006082","고산하늘초등학교","02","공립","N","","13","1220","13","0","3640000","0","0","0","0","0"
"경기도교육청","경기도고양교육지원청","경기도 고양시 덕양구","S090006096","고양오금초등학교","02","공립","N","","34","869","34","0","0","2","22","2","0","0"
"경기도교육청","경기도광주하남교육지원청","경기도 광주시","S090006100","신현초등학교","02","공립","N","","76","1898","76","76","26600000","4","34","4","0","1000000"
"경기도교육청","경기도성남교육지원청","경기도 성남시 수정구","S090006104","위례한빛초등학교","02","공립","N","","44","1092","44","0","0","7","43","7","0","840000"
"경기도교육청","경기도성남교육지원청","경기도 성남시 수정구","S090006107","위례푸른초등학교","02","공립","N","","37","926","37","0","0","0","0","0","0","0"
"경기도교육청","경기도성남교육지원청","경기도 성남시 수정구","S090006108","위례고운초등학교","02","공립","N","","24","535","24","0","4000000","0","0","0","0","0"
"경기도교육청","경기도성남교육지원청","경기도 성남시 수정구","S090006109","위례중앙초등학교","02","공립","N","","22","532","22","0","2200000","0","0","0","0","0"
"경기도교육청","경기도광주하남교육지원청","경기도 광주시","S090006112","한아람초등학교","02","공립","N","","50","1295","50","0","0","8","64","8","0","1500000"
"경기도교육청","경기도광주하남교육지원청","경기도 광주시","S090006113","태성초등학교","02","공립","N","","51","1304","51","0","0","14","106","14","0","3000000"
"경기도교육청","경기도시흥교육지원청","경기도 시흥시","S090006122","배곧초등학교","02","공립","N","","6","1569","60","3","31600000","5","38","5","0","2500000"
"경기도교육청","경기도시흥교육지원청","경기도 시흥시","S090006123","배곧라온초등학교","02","공립","N","","6","1706","62","6","27900000","3","29","3","0","700000"
"경기도교육청","경기도시흥교육지원청","경기도 시흥시","S090006131","산현초등학교","02","공립","N","","65","1030","39","33","8820000","0","0","0","0","0"
"경기도교육청","경기도시흥교육지원청","경기도 시흥시","S090006132","운흥초등학교","02","공립","N","","98","1294","98","12","0","0","0","0","0","0"
"경기도교육청","경기도시흥교육지원청","경기도 시흥시","S090006133","조남초등학교","02","공립","N","","28","666","28","6","31700000","12","75","12","0","1700000"
"경기도교육청","경기도시흥교육지원청","경기도 시흥시","S090006152","생금초등학교","02","공립","N","","17","388","17","4","4525000","1","5","1","0","2500000"
"경기도교육청","경기도화성오산교육지원청","경기도 화성시 만세구","S090006153","화원초등학교","02","공립","N","","53","1078","46","7","8600000","4","24","4","0","0"
"경기도교육청","경기도화성오산교육지원청","경기도 화성시 만세구","S090006154","하길초등학교","02","공립","N","","56","1453","56","0","9000000","2","20","2","0","1270000"
"경기도교육청","경기도수원교육지원청","경기도 수원시 권선구","S090006157","곡정초등학교","02","공립","N","","92","1337","92","0","5600000","0","0","0","0","0"
"경기도교육청","경기도파주교육지원청","경기도 파주시","S090006164","산내초등학교","02","공립","N","","81","2158","81","0","0","36","240","33","3","18510000"
"경기도교육청","경기도화성오산교육지원청","경기도 오산시","S090006418","금암초등학교","02","공립","N","","21","483","21","0","0","25","528","25","1","2700000"
"경기도교육청","경기도동두천양주교육지원청","경기도 양주시","S090006419","광사초등학교","02","공립","N","","26","620","26","0","0","3","30","3","0","2000000"
"경기도교육청","경기도광주하남교육지원청","경기도 하남시","S090006421","나룰초등학교","02","공립","N","","31","497","31","2","3200000","0","0","0","0","0"
"경기도교육청","경기도김포교육지원청","경기도 김포시","S090006425","마송중앙초등학교","02","공립","N","","22","526","22","0","2200000","22","526","22","0","0"
"경기도교육청","경기도군포의왕교육지원청","경기도 군포시","S090006431","부곡중앙초등학교","02","공립","N","","14","659","28","0","8400000","8","82","8","1","2800000"
"경기도교육청","경기도고양교육지원청","경기도 고양시 덕양구","S090006432","서정초등학교","02","공립","N","","12","261","12","0","11500000","1","18","1","0","1000000"
"경기도교육청","경기도성남교육지원청","경기도 성남시 분당구","S090006433","성남화랑초등학교","02","공립","N","","29","661","29","3","657500","3","33","3","1","6360000"
"경기도교육청","경기도용인교육지원청","경기도 용인시 수지구","S090006434","성서초등학교","02","공립","N","","28","688","28","17","0","0","0","0","0","0"
"경기도교육청","경기도성남교육지원청","경기도 성남시 분당구","S090006439","신백현초등학교","02","공립","N","","26","559","26","0","6000000","6","50","6","0","1600000"
"경기도교육청","경기도김포교육지원청","경기도 김포시","S090006440","신양초등학교","02","공립","N","","23","629","24","0","1550000","0","0","0","0","0"
"경기도교육청","경기도고양교육지원청","경기도 고양시 일산동구","S090006443","양일초등학교","02","공립","N","","46","1215","46","0","0","3","290","3","0","1500000"
"경기도교육청","경기도용인교육지원청","경기도 용인시 수지구","S090006445","용인신봉초등학교","02","공립","N","","6","1017","6","0","0","1","8","1","0","0"
"경기도교육청","경기도파주교육지원청","경기도 파주시","S090006446","운광초등학교","02","공립","N","","34","815","34","0","0","6","65","6","0","3000000"
"경기도교육청","경기도이천교육지원청","경기도 이천시","S090006449","이천사동초등학교","02","공립","N","","24","559","24","0","2400000","0","0","0","0","0"
"경기도교육청","경기도구리남양주교육지원청","경기도 남양주시","S090006452","주곡초등학교","02","공립","N","","35","701","35","0","3000000","0","0","0","0","0"
"경기도교육청","경기도파주교육지원청","경기도 파주시","S090006454","한가람초등학교","02","공립","N","","6","1048","43","6","2500000","0","0","0","0","0"
"경기도교육청","경기도파주교육지원청","경기도 파주시","S090006455","한빛초등학교","02","공립","N","","0","0","0","0","0","36","549","36","0","6670000"
"경기도교육청","경기도군포의왕교육지원청","경기도 군포시","S090006456","한얼초등학교","02","공립","N","","6","250","13","4","26640000","1","9","1","0","300000"
"경기도교육청","경기도파주교육지원청","경기도 파주시","S090006458","해솔초등학교","02","공립","N","","30","910","30","0","0","0","0","0","0","0"
"경기도교육청","경기도구리남양주교육지원청","경기도 남양주시","S090006459","화도초등학교","02","공립","N","","11","574","24","2","0","0","0","0","0","0"
"경기도교육청","경기도구리남양주교육지원청","경기도 남양주시","S090006460","화봉초등학교","02","공립","N","","28","674","28","5","22400000","2","22","2","0","0"
"경기도교육청","경기도화성오산교육지원청","","S090006650","서경초등학교","02","공립","N","","32","726","32","4","7920000","1","22","1","0","2000000"
"경기도교육청","경기도화성오산교육지원청","","S090006651","화성반월초등학교","02","공립","N","","58","1484","58","0","5800000","2","40","2","2","2350000"
"경기도교육청","경기도용인교육지원청","경기도 용인시 처인구","S090006759","두창초등학교","02","공립","N","","4","25","4","0","1200000","0","0","0","0","0"
"경기도교육청","경기도고양교육지원청","경기도 고양시 덕양구","S090006770","고양동산초등학교","02","공립","N","","47","1136","47","0","0","1","9","1","0","0"
"경기도교육청","경기도평택교육지원청","경기도 평택시","S090006771","자란초등학교","02","공립","N","","23","536","23","0","1200000","0","0","0","0","0"
"경기도교육청","경기도수원교육지원청","경기도 수원시 권선구","S090006773","수원가온초등학교","02","공립","N","","47","1126","47","0","3900000","1","25","1","0","400000"
"경기도교육청","경기도수원교육지원청","경기도 수원시 장안구","S090006774","다솔초등학교","02","공립","N","","50","1242","50","0","0","5","60","5","1","0"
"경기도교육청","경기도김포교육지원청","경기도 김포시","S090006775","하늘빛초등학교","02","공립","N","","54","1510","54","0","0","1","6","1","0","1400000"
"경기도교육청","경기도김포교육지원청","경기도 김포시","S090006776","김포호수초등학교","02","공립","N","","56","1412","56","4","15960000","2","45","2","0","2000000"
"경기도교육청","경기도파주교육지원청","경기도 파주시","S090006778","운정초등학교","02","공립","N","","35","841","35","2","0","12","106","12","0","1200000"
"경기도교육청","경기도의정부교육지원청","경기도 의정부시","S090006799","의정부송산초등학교","02","공립","N","","55","1400","55","5","0","10","71","10","0","3000000"
"경기도교육청","경기도구리남양주교육지원청","경기도 남양주시","S090006801","남양주월산초등학교","02","공립","N","","29","641","29","2","8190000","6","67","6","0","1200000"
"경기도교육청","경기도구리남양주교육지원청","경기도 남양주시","S090006802","해밀초등학교","02","공립","N","","24","609","25","1","0","1","9","2","1","1440000"
"경기도교육청","경기도용인교육지원청","경기도 용인시 수지구","S090006847","매봉초등학교","02","공립","N","","35","920","35","0","5250000","0","0","0","0","0"
"경기도교육청","경기도광주하남교육지원청","경기도 하남시","S090006913","미사초등학교","02","공립","N","","64","920","64","0","0","2","19","2","0","1200000"
"경기도교육청","경기도광주하남교육지원청","경기도 하남시","S090006914","미사강변초등학교","02","공립","N","","46","1132","46","2","5670000","56","1371","56","1","6965500"
"경기도교육청","경기도의정부교육지원청","경기도 의정부시","S090006926","삼현초등학교","02","공립","N","","55","1393","55","0","5500000","13","73","13","0","1000000"
"경기도교육청","경기도화성오산교육지원청","경기도 화성시 동탄구","S090006930","동탄중앙초등학교","02","공립","N","","60","1531","60","0","0","0","0","0","0","0"
"경기도교육청","경기도화성오산교육지원청","","S090006931","화성청계초등학교","02","공립","N","","51","1216","51","0","0","1","20","1","1","1900000"
"경기도교육청","경기도화성오산교육지원청","경기도 화성시 동탄구","S090006932","아인초등학교","02","공립","N","","96","1133","96","0","3100000","1","10","1","0","1000000"
"경기도교육청","경기도화성오산교육지원청","경기도 화성시 동탄구","S090006933","무봉초등학교","02","공립","N","","26","678","26","0","0","1","8","1","0","1000000"
"경기도교육청","경기도화성오산교육지원청","경기도 화성시 동탄구","S090006935","예솔초등학교","02","공립","N","","32","801","32","0","0","1","8","1","1","0"
"경기도교육청","경기도화성오산교육지원청","경기도 화성시 동탄구","S090006936","청목초등학교","02","공립","N","","44","1113","44","0","4400000","3","42","3","1","4700000"
"경기도교육청","경기도화성오산교육지원청","","S090006937","왕배초등학교","02","공립","N","","53","1278","53","0","0","10","72","10","0","0"
"경기도교육청","경기도화성오산교육지원청","","S090006940","호연초등학교","02","공립","N","","35","932","35","0","1000000","2","25","2","0","500000"
"경기도교육청","경기도화성오산교육지원청","경기도 화성시 동탄구","S090006942","방교초등학교","02","공립","N","","79","1341","79","0","5100000","0","0","0","0","0"
"경기도교육청","경기도화성오산교육지원청","경기도 화성시 동탄구","S090006945","서연초등학교","02","공립","N","","54","1348","54","0","0","2","36","2","0","3000000"
"경기도교육청","경기도화성오산교육지원청","경기도 화성시 동탄구","S090006946","영천초등학교","02","공립","N","","32","754","32","0","0","1","32","1","0","2000000"
"경기도교육청","경기도화성오산교육지원청","경기도 화성시 동탄구","S090006947","한백초등학교","02","공립","N","","53","1124","53","0","3520000","3","30","3","0","2000000"
"경기도교육청","경기도고양교육지원청","경기도 고양시 덕양구","S090006954","도래울초등학교","02","공립","N","","35","862","35","0","0","3","36","3","0","0"
"경기도교육청","경기도구리남양주교육지원청","경기도 남양주시","S090006970","한별초등학교","02","공립","N","","46","1136","46","0","3100000","0","0","0","0","0"
"경기도교육청","경기도구리남양주교육지원청","경기도 남양주시","S090006971","남양주샛별초등학교","02","공립","N","","45","1113","45","0","0","0","0","0","0","0"
"경기도교육청","경기도양평교육지원청","경기도 양평군","S090006972","정배초등학교","02","공립","Y","개인정보 삭제","","","","","","","","","",""
"경기도교육청","경기도광주하남교육지원청","경기도 하남시","S090007038","위례초등학교","02","공립","N","","61","1644","61","10","50370000","10","65","10","0","1000000"
"경기도교육청","경기도광주하남교육지원청","경기도 하남시","S090007039","미사중앙초등학교","02","공립","N","","59","1311","59","0","3000000","1","13","1","0","0"
"경기도교육청","경기도평택교육지원청","경기도 평택시","S090007050","현촌초등학교","02","공립","N","","49","12159","49","0","1700000","0","0","0","0","0"
"경기도교육청","경기도안성교육지원청","경기도 안성시","S090007111","어울초등학교","02","공립","N","","42","577","25","42","34240000","0","0","0","0","0"
"경기도교육청","경기도부천교육지원청","경기도 부천시 소사구","S090007116","옥길버들초등학교","02","공립","N","","51","1257","51","0","0","0","0","0","0","0"
"경기도교육청","경기도부천교육지원청","경기도 부천시 소사구","S090007117","옥길산들초등학교","02","공립","N","","73","1856","73","0","0","0","0","0","0","0"
"경기도교육청","경기도용인교육지원청","경기도 용인시 기흥구","S090007135","샘말초등학교","02","공립","N","","6","1022","40","6","27200000","0","0","0","0","0"
"경기도교육청","경기도화성오산교육지원청","경기도 화성시 만세구","S090007139","송린초등학교","02","공립","N","","57","1528","57","0","0","3","36","3","2","7690000"
"경기도교육청","경기도화성오산교육지원청","경기도 화성시 동탄구","S090007140","한율초등학교","02","공립","N","","0","0","0","0","0","6","78","6","0","2000000"
"경기도교육청","경기도광주하남교육지원청","경기도 광주시","S090007159","역동초등학교","02","공립","N","","57","868","57","2","1850000","1","6","1","1","2900000"
"경기도교육청","경기도구리남양주교육지원청","경기도 구리시","S090007160","산마루초등학교","02","공립","N","","20","1099","44","2","6400000","0","0","0","0","0"
"경기도교육청","경기도평택교육지원청","경기도 평택시","S090007161","평택이화초등학교","02","공립","N","","40","973","40","0","0","12","111","12","0","0"
"경기도교육청","경기도광주하남교육지원청","경기도 하남시","S090007162","윤슬초등학교","02","공립","N","","52","1326","52","6","16000000","1","11","2","0","500000"
"경기도교육청","경기도광주하남교육지원청","경기도 하남시","S090007163","한홀초등학교","02","공립","N","","16","440","16","0","0","0","0","0","0","0"
"경기도교육청","경기도광주하남교육지원청","경기도 하남시","S090007164","청아초등학교","02","공립","N","","6","1545","62","1","7800000","0","0","0","0","0"
"경기도교육청","경기도수원교육지원청","경기도 수원시 영통구","S090007194","광교호수초등학교","02","공립","N","","42","1045","42","0","6200000","4","34","4","0","1400000"
"경기도교육청","경기도시흥교육지원청","경기도 시흥시","S090007197","배곧한울초등학교","02","공립","N","","22","572","22","0","0","0","0","0","0","0"
"경기도교육청","경기도화성오산교육지원청","경기도 오산시","S090007217","다온초등학교","02","공립","N","","39","939","39","0","7800000","0","0","0","0","0"
"경기도교육청","경기도시흥교육지원청","경기도 시흥시","S090007226","배곧해솔초등학교","02","공립","N","","56","1459","56","0","0","6","97","6","0","1500000"
"경기도교육청","경기도수원교육지원청","경기도 수원시 영통구","S090007230","망포초등학교","02","공립","N","","80","2133","80","0","0","2","36","2","0","1800000"
"경기도교육청","경기도용인교육지원청","경기도 용인시 기흥구","S090007235","용인한얼초등학교","02","공립","N","","51","1346","51","0","5100000","0","0","0","0","0"
"경기도교육청","경기도평택교육지원청","경기도 평택시","S090007236","평택청아초등학교","02","공립","N","","41","984","41","0","0","5","114","5","0","3900000"
"경기도교육청","경기도구리남양주교육지원청","경기도 남양주시","S090007239","다산가람초등학교","02","공립","N","","53","1337","53","0","0","2","25","2","0","1200000"
"경기도교육청","경기도평택교육지원청","경기도 평택시","S090007240","용죽초등학교","02","공립","N","","65","1843","65","0","0","5","38","5","0","2750000"
"경기도교육청","경기도화성오산교육지원청","경기도 화성시 동탄구","S090007241","동탄목동초등학교","02","공립","N","","59","1542","59","0","0","0","0","0","0","0"
"경기도교육청","경기도화성오산교육지원청","경기도 화성시 동탄구","S090007244","다원초등학교","02","공립","N","","31","729","31","0","930000","10","69","10","0","3700000"
"경기도교육청","경기도화성오산교육지원청","경기도 화성시 효행구","S090007255","효행초등학교","02","공립","N","","9","1462","63","3","13598890","4","41","4","0","3400000"
"경기도교육청","경기도화성오산교육지원청","경기도 화성시 만세구","S090007257","대양초등학교","02","공립","N","","18","1095","44","0","0","7","40","7","0","2074000"
"경기도교육청","경기도화성오산교육지원청","경기도 화성시 동탄구","S090007263","치동초등학교","02","공립","N","","61","837","61","0","0","0","0","0","0","0"
"경기도교육청","경기도화성오산교육지원청","경기도 화성시 동탄구","S090007265","정현초등학교","02","공립","N","","52","1336","52","0","7800000","1","95","1","0","3000000"
"경기도교육청","경기도평택교육지원청","경기도 평택시","S090007268","가내초등학교","02","공립","N","","50","1265","50","0","0","4","58","4","0","3000000"
"경기도교육청","경기도광주하남교육지원청","경기도 광주시","S090007274","광주송정초등학교","02","공립","N","","34","807","34","0","3400000","0","0","0","0","0"
"경기도교육청","경기도구리남양주교육지원청","경기도 남양주시","S090007275","다산한강초등학교","02","공립","N","","76","2078","76","0","0","1","6","2","0","3800000"
"경기도교육청","경기도군포의왕교육지원청","경기도 의왕시","S090007277","백운호수초등학교","02","공립","N","","46","477","46","1","0","0","0","0","0","0"
"경기도교육청","경기도고양교육지원청","경기도 고양시 일산동구","S090007279","한류초등학교","02","공립","N","","47","1174","47","0","0","3","105","4","72","42000000"
"경기도교육청","경기도군포의왕교육지원청","경기도 군포시","S090007298","송안초등학교","02","공립","N","","39","950","39","2","10640000","0","0","0","0","0"
"경기도교육청","경기도구리남양주교육지원청","경기도 남양주시","S090007307","남양주다산초등학교","02","공립","N","","60","1523","60","34","0","1","16","1","0","5100000"
"경기도교육청","경기도화성오산교육지원청","경기도 오산시","S090007310","세마초등학교","02","공립","N","","6","529","24","2","2400000","8","123","8","0","7040000"
"경기도교육청","경기도구리남양주교육지원청","경기도 남양주시","S090007320","다산새봄초등학교","02","공립","N","","9","1828","72","0","1000000","0","0","0","0","0"
"경기도교육청","경기도고양교육지원청","경기도 고양시 덕양구","S090007321","창릉초등학교","02","공립","N","","27","592","27","0","0","0","0","0","0","0"
"경기도교육청","경기도고양교육지원청","경기도 고양시 덕양구","S090007322","향동숲내초등학교","02","공립","N","","42","1030","42","3","3000000","1","6","1","0","600000"
"경기도교육청","경기도의정부교육지원청","경기도 의정부시","S090007323","훈민초등학교","02","공립","N","","0","0","0","0","0","17","127","17","0","2000000"
"경기도교육청","경기도시흥교육지원청","경기도 시흥시","S090007325","은빛초등학교","02","공립","N","","72","2018","72","0","0","5","50","5","0","1000000"
"경기도교육청","경기도시흥교육지원청","경기도 시흥시","S090007326","배곧누리초등학교","02","공립","N","","32","789","32","6","2300000","2","27","2","0","400000"
"경기도교육청","경기도광주하남교육지원청","경기도 하남시","S090007327","감일초등학교","02","공립","N","","38","986","38","1","2280000","1","11","2","0","0"
"경기도교육청","경기도광주하남교육지원청","경기도 광주시","S090007328","능평초등학교","02","공립","N","","28","648","28","0","0","0","0","0","0","0"
"경기도교육청","경기도광주하남교육지원청","경기도 광주시","S090007329","광주푸른초등학교","02","공립","N","","21","672","22","0","0","0","0","0","0","0"
"경기도교육청","경기도화성오산교육지원청","경기도 화성시 만세구","S090007331","새솔초등학교","02","공립","N","","55","1499","55","0","0","7","51","9","0","3000000"
"경기도교육청","경기도화성오산교육지원청","경기도 화성시 동탄구","S090007333","세정초등학교","02","공립","N","","43","1046","43","2","0","0","0","0","0","0"
"경기도교육청","경기도화성오산교육지원청","","S090007334","청림초등학교","02","공립","N","","56","1504","56","0","5600000","5","39","5","0","1000000"
"경기도교육청","경기도평택교육지원청","경기도 평택시","S090007335","평택대동초등학교","02","공립","N","","29","708","31","2","5900000","6","63","6","0","1100000"
"경기도교육청","경기도평택교육지원청","경기도 평택시","S090007337","평택새빛초등학교","02","공립","N","","45","1098","45","3","16900000","1","21","1","0","1000000"
"경기도교육청","경기도안산교육지원청","경기도 안산시 상록구","S090007338","안산해솔초등학교","02","공립","N","","74","1940","74","0","0","0","0","0","0","0"
"경기도교육청","경기도화성오산교육지원청","경기도 화성시 효행구","S090007361","수현초등학교","02","공립","N","","8","1354","41","5","12320000","0","0","0","0","0"
"경기도교육청","경기도파주교육지원청","경기도 파주시","S090007363","산들초등학교","02","공립","N","","32","784","33","0","0","2","24","2","0","1000000"
"경기도교육청","경기도화성오산교육지원청","경기도 화성시 동탄구","S090007371","이솔초등학교","02","공립","N","","26","634","26","0","2000000","0","0","0","0","0"
"경기도교육청","경기도고양교육지원청","경기도 고양시 덕양구","S090007375","향동초등학교","02","공립","N","","37","925","37","7","3700000","1","12","1","0","300000"
"경기도교육청","경기도고양교육지원청","경기도 고양시 덕양구","S090007378","지축초등학교","02","공립","N","","56","1313","56","0","6000000","0","0","0","0","0"
"경기도교육청","경기도화성오산교육지원청","경기도 화성시 동탄구","S090007396","여울초등학교","02","공립","N","","37","914","37","0","8700000","0","0","0","0","0"
"경기도교육청","경기도화성오산교육지원청","경기도 화성시 동탄구","S090007397","늘봄초등학교","02","공립","N","","18","424","18","0","0","0","0","0","0","0"
"경기도교육청","경기도평택교육지원청","경기도 평택시","S090007398","평택서재초등학교","02","공립","N","","59","1665","59","0","5310000","4","46","3","1","4000000"
"경기도교육청","경기도구리남양주교육지원청","경기도 남양주시","S090007407","다산하늘초등학교","02","공립","N","","6","1490","56","0","0","7","129","7","0","0"
"경기도교육청","경기도구리남양주교육지원청","경기도 남양주시","S090007424","은솔초등학교","02","공립","N","","9","933","33","3","0","2","22","3","0","2500000"
"경기도교육청","경기도광주하남교육지원청","경기도 하남시","S090007435","위례숲초등학교","02","공립","N","","60","1505","60","0","0","1","12","1","0","0"
"경기도교육청","경기도광주하남교육지원청","경기도 하남시","S090007436","신우초등학교","02","공립","N","","52","1332","52","0","1500000","0","0","0","0","0"
"경기도교육청","경기도시흥교육지원청","경기도 시흥시","S090007437","한여울초등학교","02","공립","N","","28","638","28","6","11600000","0","0","0","0","0"
"경기도교육청","경기도구리남양주교육지원청","경기도 남양주시","S090007443","하랑초등학교","02","공립","Y","학생 동아리를 운영하고 있지 않아 해당 항목을 제외처리 함.","","","","","","","","","",""
"경기도교육청","경기도평택교육지원청","경기도 평택시","S090007450","세아초등학교","02","공립","N","","27","627","27","0","0","12","120","12","0","7000000"
"경기도교육청","경기도성남교육지원청","경기도 성남시 분당구","S090007517","판교대장초등학교","02","공립","N","","42","1064","42","0","0","7","56","7","0","4200000"
"경기도교육청","경기도광주하남교육지원청","경기도 하남시","S090007520","단샘초등학교","02","공립","N","","50","1237","50","0","0","0","0","0","0","0"
"경기도교육청","경기도화성오산교육지원청","경기도 화성시 병점구","S090007523","새봄초등학교","02","공립","N","","36","882","36","0","1600000","0","0","0","0","0"
"경기도교육청","경기도평택교육지원청","경기도 평택시","S090007524","배다리초등학교","02","공립","N","","19","410","19","0","0","8","63","8","0","1000000"
"경기도교육청","경기도평택교육지원청","경기도 평택시","S090007573","지제초등학교","02","공립","N","","23","897","38","2","4800000","4","104","4","0","0"
"경기도교육청","경기도화성오산교육지원청","경기도 화성시 만세구","S090007574","신남초등학교","02","공립","N","","21","492","21","0","0","3","22","3","0","2300000"
"경기도교육청","경기도파주교육지원청","경기도 파주시","S090007576","초롱초등학교","02","공립","N","","44","1133","44","0","4400000","3","25","3","0","1800000"
"경기도교육청","경기도구리남양주교육지원청","경기도 남양주시","S090007581","다산별빛초등학교","02","공립","N","","6","1086","42","2","13020000","3","30","3","1","5850000"
"경기도교육청","경기도파주교육지원청","경기도 파주시","S090007583","다율초등학교","02","공립","N","","48","1374","48","0","0","2","22","2","0","0"
"경기도교육청","경기도고양교육지원청","경기도 고양시 덕양구","S090007603","원흥초등학교","02","공립","N","","22","413","22","0","10000000","0","0","0","0","0"
"경기도교육청","경기도화성오산교육지원청","","S090007604","화성신동초등학교","02","공립","N","","19","501","19","0","0","0","0","0","0","0"
"경기도교육청","경기도평택교육지원청","경기도 평택시","S090007607","평택모산초등학교","02","공립","N","","21","542","21","0","0","8","95","8","0","3000000"
"경기도교육청","경기도시흥교육지원청","경기도 시흥시","S090007611","시흥가온초등학교","02","공립","N","","10","1573","57","7","41280000","1","18","1","0","1000000"
"경기도교육청","경기도김포교육지원청","경기도 김포시","S090007614","향산초등학교","02","공립","N","","41","1079","41","0","4100000","0","0","0","0","0"
"경기도교육청","경기도김포교육지원청","경기도 김포시","S090007616","김포나진초등학교","02","공립","N","","52","1284","52","0","8800000","3","42","3","0","2740000"
"경기도교육청","경기도김포교육지원청","경기도 김포시","S090007618","김포구래초등학교","02","공립","N","","40","973","40","0","0","1","24","1","1","3320000"
"경기도교육청","경기도고양교육지원청","경기도 고양시 덕양구","S090007629","덕은한강초등학교","02","공립","N","","51","1342","51","0","0","51","1342","51","0","5100000"
"경기도교육청","경기도안양과천교육지원청","경기도 과천시","S090007632","과천갈현초등학교","02","공립","N","","53","1161","53","13","9800000","0","0","0","0","0"
"경기도교육청","경기도광주하남교육지원청","경기도 광주시","S090007676","쌍동초등학교","02","공립","N","","17","404","17","0","0","0","0","0","0","0"
"경기도교육청","경기도평택교육지원청","경기도 평택시","S090007677","율포초등학교","02","공립","N","","26","627","26","0","0","0","0","0","0","0"
"경기도교육청","경기도고양교육지원청","경기도 고양시 덕양구","S090007678","지효초등학교","02","공립","N","","10","203","10","0","0","0","0","0","0","0"
"경기도교육청","경기도시흥교육지원청","경기도 시흥시","S090007870","배곧라라초등학교","02","공립","N","","12","269","12","2","10000000","0","0","0","0","0"
"경기도교육청","경기도수원교육지원청","경기도 수원시 영통구","S090007871","글빛초등학교","02","공립","N","","50","1348","50","0","0","0","0","0","0","0"
"경기도교육청","경기도화성오산교육지원청","경기도 오산시","S090007880","세담초등학교","02","공립","N","","19","444","19","9","0","0","0","0","0","0"
"경기도교육청","경기도포천교육지원청","경기도 포천시","S090007911","포담초등학교","02","공립","N","","9","96","9","1","0","0","0","0","0","0"
"경기도교육청","경기도시흥교육지원청","경기도 시흥시","S090007929","시화나래초등학교","02","공립","N","","25","617","25","0","2500000","0","0","0","0","0"
"경기도교육청","경기도안양과천교육지원청","경기도 과천시","S090007937","과천율목초등학교","02","공립","N","","17","211","17","1","7600000","0","0","0","0","0"