"시도교육청","교육지원청","지역","정보공시 학교코드","학교명","학교급코드","설립구분","제외여부","제외사유","1학년 학급수","1학년 학생수","1학년 학급당 학생수","2학년 학급수","2학년 학생수","2학년 학급당 학생수","3학년 학급수","3학년 학생수","3학년 학급당 학생수","4학년 학급수","4학년 학생수","4학년 학급당 학생수","5학년 학급수","5학년 학생수","5학년 학급당 학생수","6학년 학급수","6학년 학생수","6학년 학급당 학생수","특수학급 학급수","특수학급 학생수","특수학급 학급당 학생수","순회학급 학급수","순회학급 학생수","순회학급 학급당 학생수","학급수(계)","학생수(계)","학급당 학생수(계)","교사수","수업교원 1인당 학생수"
"경기도교육청","경기도가평교육지원청","경기도 가평군","S090000881","가평마장초등학교","02","공립","N","","1","9","9","1","7","7","1","4","4","1","8","8","1","9","9","1","14","14","1","4","4","0","0","0","7","55","7.9","8","6.9"
"경기도교육청","경기도가평교육지원청","경기도 가평군","S090000882","가평초등학교","02","공립","N","","4","105","26.3","4","107","26.8","5","116","23.2","5","119","23.8","5","120","24","6","148","24.7","1","6","6","0","0","0","30","721","24","38","19"
"경기도교육청","경기도가평교육지원청","경기도 가평군","S090000885","대성초등학교","02","공립","N","","1","17","17","1","11","11","1","16","16","1","3","3","1","12","12","1","14","14","1","3","3","0","0","0","7","76","10.9","8","9.5"
"경기도교육청","경기도가평교육지원청","경기도 가평군","S090000890","목동초등학교","02","공립","N","","1","7","7","1","8","8","1","11","11","1","10","10","1","6","6","1","14","14","1","3","3","0","0","0","7","59","8.4","8","7.4"
"경기도교육청","경기도가평교육지원청","경기도 가평군","S090000892","목동초등학교명지분교장","02","공립","N","","1","2","2","0","0","0","0","0","0","0","0","0","0","0","0","1","1","1","0","0","0","0","0","0","2","3","1.5","2","1.5"
"경기도교육청","경기도가평교육지원청","경기도 가평군","S090000895","미원초등학교","02","공립","N","","2","27","13.5","2","29","14.5","2","33","16.5","2","36","18","3","42","14","2","47","23.5","1","5","5","0","0","0","14","219","15.6","18","12.2"
"경기도교육청","경기도가평교육지원청","경기도 가평군","S090000899","미원초등학교위곡분교장","02","공립","N","","1","3","3","1","3","3","0","0","0","1","7","7","1","2","2","1","4","4","1","2","2","0","0","0","6","21","3.5","7","3"
"경기도교육청","경기도가평교육지원청","경기도 가평군","S090000900","미원초등학교장락분교장","02","공립","N","","1","2","2","1","3","3","1","4","4","0","0","0","1","5","5","1","1","1","1","2","2","0","0","0","6","17","2.8","7","2.4"
"경기도교육청","경기도가평교육지원청","경기도 가평군","S090000901","방일초등학교","02","공립","N","","1","12","12","1","8","8","1","10","10","1","6","6","1","12","12","1","9","9","1","2","2","0","0","0","7","59","8.4","8","7.4"
"경기도교육청","경기도가평교육지원청","경기도 가평군","S090000905","상면초등학교","02","공립","N","","1","6","6","1","7","7","1","5","5","1","4","4","1","8","8","1","5","5","1","1","1","0","0","0","7","36","5.1","8","4.5"
"경기도교육청","경기도가평교육지원청","경기도 가평군","S090000906","상색초등학교","02","공립","N","","1","10","10","1","9","9","1","13","13","1","7","7","1","10","10","1","9","9","1","7","7","0","0","0","7","65","9.3","9","7.2"
"경기도교육청","경기도가평교육지원청","경기도 가평군","S090000908","상천초등학교","02","공립","N","","1","5","5","1","14","14","1","6","6","1","8","8","1","10","10","1","2","2","0","0","0","0","0","0","6","45","7.5","7","6.4"
"경기도교육청","경기도가평교육지원청","경기도 가평군","S090000910","연하초등학교","02","공립","N","","1","11","11","1","11","11","1","20","20","1","14","14","1","15","15","1","17","17","1","1","1","0","0","0","7","89","12.7","8","11.1"
"경기도교육청","경기도가평교육지원청","경기도 가평군","S090000914","율길초등학교","02","공립","N","","1","14","14","1","9","9","1","12","12","1","11","11","1","8","8","1","8","8","0","0","0","0","0","0","6","62","10.3","7","8.9"
"경기도교육청","경기도가평교육지원청","경기도 가평군","S090000916","조종초등학교","02","공립","N","","2","49","24.5","2","51","25.5","2","44","22","2","39","19.5","2","48","24","3","65","21.7","2","8","4","0","0","0","15","304","20.3","18","16.9"
"경기도교육청","경기도가평교육지원청","경기도 가평군","S090000920","청평초등학교","02","공립","N","","2","37","18.5","2","45","22.5","2","42","21","2","32","16","3","50","16.7","3","55","18.3","2","8","4","0","0","0","16","269","16.8","20","13.5"
"경기도교육청","경기도고양교육지원청","경기도 고양시 덕양구","S090000974","가람초등학교","02","공립","N","","2","37","18.5","3","53","17.7","3","56","18.7","3","59","19.7","3","68","22.7","3","60","20","1","2","2","0","0","0","18","335","18.6","22","15.2"
"경기도교육청","경기도고양교육지원청","경기도 고양시 일산서구","S090000975","강선초등학교","02","공립","N","","3","78","26","3","76","25.3","4","91","22.8","4","101","25.3","4","89","22.3","5","128","25.6","1","5","5","0","0","0","24","568","23.7","31","18.3"
"경기도교육청","경기도고양교육지원청","경기도 고양시 일산동구","S090000976","고봉초등학교","02","공립","N","","2","43","21.5","3","60","20","3","70","23.3","3","59","19.7","3","63","21","2","46","23","1","3","3","0","0","0","17","344","20.2","20","17.2"
"경기도교육청","경기도고양교육지원청","경기도 고양시 일산동구","S090000977","고양백석초등학교","02","공립","N","","3","69","23","3","69","23","4","83","20.8","4","86","21.5","3","74","24.7","5","113","22.6","0","0","0","0","0","0","22","494","22.5","26","19"
"경기도교육청","경기도고양교육지원청","경기도 고양시 일산서구","S090000978","고양신일초등학교","02","공립","N","","4","94","23.5","4","105","26.3","6","145","24.2","7","168","24","6","152","25.3","7","168","24","0","0","0","0","0","0","34","832","24.5","40","20.8"
"경기도교육청","경기도고양교육지원청","경기도 고양시 덕양구","S090000979","고양용현초등학교","02","공립","N","","2","37","18.5","2","40","20","2","41","20.5","2","38","19","3","55","18.3","2","50","25","1","2","2","0","0","0","14","263","18.8","17","15.5"
"경기도교육청","경기도고양교육지원청","경기도 고양시 덕양구","S090000980","고양초등학교","02","공립","N","","3","57","19","3","56","18.7","2","50","25","3","70","23.3","3","67","22.3","4","79","19.8","2","13","6.5","0","0","0","20","392","19.6","26","15.1"
"경기도교육청","경기도고양교육지원청","경기도 고양시 덕양구","S090000981","고양화수초등학교","02","공립","N","","4","81","20.3","3","68","22.7","4","78","19.5","3","69","23","3","72","24","5","108","21.6","2","7","3.5","0","0","0","24","483","20.1","30","16.1"
"경기도교육청","경기도고양교육지원청","경기도 고양시 덕양구","S090000982","고양화정초등학교","02","공립","N","","6","140","23.3","7","162","23.1","7","178","25.4","6","155","25.8","8","186","23.3","9","215","23.9","1","1","1","0","0","0","44","1037","23.6","53","19.6"
"경기도교육청","경기도고양교육지원청","경기도 고양시 일산동구","S090000983","금계초등학교","02","공립","N","","3","69","23","3","61","20.3","4","76","19","4","87","21.8","4","81","20.3","5","115","23","1","5","5","1","0","0","25","494","19.8","30","16.5"
"경기도교육청","경기도고양교육지원청","경기도 고양시 일산동구","S090000984","낙민초등학교","02","공립","N","","3","73","24.3","3","64","21.3","4","105","26.3","5","108","21.6","5","123","24.6","6","133","22.2","1","2","2","0","0","0","27","608","22.5","34","17.9"
"경기도교육청","경기도고양교육지원청","경기도 고양시 덕양구","S090000985","내유초등학교","02","공립","N","","4","100","25","6","127","21.2","6","134","22.3","6","137","22.8","6","133","22.2","7","159","22.7","3","18","6","0","0","0","38","808","21.3","47","17.2"
"경기도교육청","경기도고양교육지원청","경기도 고양시 일산동구","S090000986","냉천초등학교","02","공립","N","","2","45","22.5","2","51","25.5","3","62","20.7","3","57","19","3","60","20","3","59","19.7","2","9","4.5","0","0","0","18","343","19.1","23","14.9"
"경기도교육청","경기도고양교육지원청","경기도 고양시 덕양구","S090000987","능곡초등학교","02","공립","N","","5","110","22","5","118","23.6","4","102","25.5","5","101","20.2","4","94","23.5","5","113","22.6","2","9","4.5","0","0","0","30","647","21.6","37","17.5"
"경기도교육청","경기도고양교육지원청","경기도 고양시 덕양구","S090000988","대곡초등학교","02","공립","N","","1","9","9","1","11","11","1","14","14","1","17","17","1","12","12","1","18","18","1","3","3","0","0","0","7","84","12","9","9.3"
"경기도교육청","경기도고양교육지원청","경기도 고양시 일산서구","S090000989","대화초등학교","02","공립","N","","2","49","24.5","3","60","20","3","74","24.7","3","71","23.7","3","72","24","4","99","24.8","1","7","7","0","0","0","19","432","22.7","24","18"
"경기도교육청","경기도고양교육지원청","경기도 고양시 덕양구","S090000990","덕은초등학교","02","공립","N","","2","32","16","2","24","12","2","39","19.5","2","34","17","2","35","17.5","2","33","16.5","1","6","6","0","0","0","13","203","15.6","17","11.9"
"경기도교육청","경기도고양교육지원청","경기도 고양시 일산서구","S090000991","덕이초등학교","02","공립","N","","2","38","19","2","43","21.5","2","43","21.5","2","45","22.5","2","45","22.5","2","44","22","1","4","4","0","0","0","13","262","20.2","17","15.4"
"경기도교육청","경기도고양교육지원청","경기도 고양시 덕양구","S090000992","무원초등학교","02","공립","N","","4","83","20.8","6","133","22.2","4","97","24.3","4","99","24.8","4","104","26","5","125","25","1","4","4","0","0","0","28","645","23","34","19"
"경기도교육청","경기도고양교육지원청","경기도 고양시 일산서구","S090000993","문촌초등학교","02","공립","N","","2","35","17.5","2","34","17","3","52","17.3","3","53","17.7","3","66","22","3","57","19","2","9","4.5","0","0","0","18","306","17","22","13.9"
"경기도교육청","경기도고양교육지원청","경기도 고양시 일산서구","S090000994","문화초등학교","02","공립","N","","3","71","23.7","3","66","22","4","96","24","4","91","22.8","6","134","22.3","6","144","24","1","6","6","0","0","0","27","608","22.5","33","18.4"
"경기도교육청","경기도고양교육지원청","경기도 고양시 일산동구","S090000995","백마초등학교","02","공립","N","","3","53","17.7","2","48","24","3","78","26","4","98","24.5","4","90","22.5","5","135","27","2","11","5.5","0","0","0","23","513","22.3","28","18.3"
"경기도교육청","경기도고양교육지원청","경기도 고양시 일산동구","S090000998","백신초등학교","02","공립","N","","3","54","18","2","52","26","3","72","24","4","82","20.5","3","66","22","4","84","21","1","3","3","0","0","0","20","413","20.7","25","16.5"
"경기도교육청","경기도고양교육지원청","경기도 고양시 덕양구","S090000999","백양초등학교","02","공립","N","","2","24","12","2","33","16.5","2","26","13","2","38","19","2","37","18.5","2","43","21.5","1","5","5","0","0","0","13","206","15.8","16","12.9"
"경기도교육청","경기도고양교육지원청","경기도 고양시 일산동구","S090001000","벽제초등학교","02","공립","N","","2","32","16","2","39","19.5","2","32","16","2","41","20.5","2","39","19.5","2","41","20.5","1","2","2","0","0","0","13","226","17.4","18","12.6"
"경기도교육청","경기도고양교육지원청","경기도 고양시 덕양구","S090001001","삼송초등학교","02","공립","N","","5","110","22","5","129","25.8","6","151","25.2","6","154","25.7","7","173","24.7","7","174","24.9","1","4","4","0","0","0","37","895","24.2","45","19.9"
"경기도교육청","경기도고양교육지원청","경기도 고양시 일산서구","S090001002","상탄초등학교","02","공립","N","","5","115","23","6","137","22.8","6","146","24.3","5","115","23","5","119","23.8","6","144","24","2","11","5.5","0","0","0","35","787","22.5","42","18.7"
"경기도교육청","경기도고양교육지원청","경기도 고양시 덕양구","S090001003","성라초등학교","02","공립","N","","3","56","18.7","3","63","21","3","56","18.7","3","69","23","3","71","23.7","3","66","22","1","5","5","0","0","0","19","386","20.3","24","16.1"
"경기도교육청","경기도고양교육지원청","경기도 고양시 덕양구","S090001004","성사초등학교","02","공립","N","","4","97","24.3","4","95","23.8","4","101","25.3","5","103","20.6","5","100","20","6","135","22.5","2","9","4.5","3","15","5","33","655","19.8","38","17.2"
"경기도교육청","경기도고양교육지원청","경기도 고양시 일산동구","S090001005","성석초등학교","02","공립","N","","1","15","15","1","11","11","1","13","13","1","9","9","1","12","12","1","12","12","1","6","6","0","0","0","7","78","11.1","8","9.8"
"경기도교육청","경기도고양교육지원청","경기도 고양시 덕양구","S090001006","성신초등학교","02","공립","N","","3","57","19","3","61","20.3","4","78","19.5","3","68","22.7","3","69","23","5","115","23","2","11","5.5","0","0","0","23","459","20","27","17"
"경기도교육청","경기도고양교육지원청","경기도 고양시 일산서구","S090001007","성저초등학교","02","공립","N","","2","36","18","2","43","21.5","3","57","19","2","48","24","3","58","19.3","3","58","19.3","1","4","4","0","0","0","16","304","19","19","16"
"경기도교육청","경기도고양교육지원청","경기도 고양시 덕양구","S090001008","소만초등학교","02","공립","N","","2","42","21","2","42","21","2","52","26","2","50","25","2","42","21","2","53","26.5","1","4","4","0","0","0","13","285","21.9","17","16.8"
"경기도교육청","경기도고양교육지원청","경기도 고양시 일산서구","S090001009","송포초등학교","02","공립","N","","2","50","25","2","47","23.5","3","59","19.7","3","53","17.7","4","83","20.8","4","90","22.5","1","1","1","0","0","0","19","383","20.2","23","16.7"
"경기도교육청","경기도고양교육지원청","경기도 고양시 일산동구","S090001010","일산은행초등학교","02","공립","N","","2","35","17.5","2","51","25.5","2","36","18","2","49","24.5","2","31","15.5","2","45","22.5","1","6","6","0","0","0","13","253","19.5","17","14.9"
"경기도교육청","경기도고양교육지원청","경기도 고양시 덕양구","S090001011","신능초등학교","02","공립","N","","1","18","18","1","16","16","2","32","16","2","27","13.5","2","31","15.5","2","33","16.5","1","4","4","0","0","0","11","161","14.6","13","12.4"
"경기도교육청","경기도고양교육지원청","경기도 고양시 덕양구","S090001012","신원초등학교","02","공립","N","","7","163","23.3","8","209","26.1","10","262","26.2","9","231","25.7","9","227","25.2","10","242","24.2","1","6","6","0","0","0","54","1340","24.8","65","20.6"
"경기도교육청","경기도고양교육지원청","경기도 고양시 일산서구","S090001014","신촌초등학교","02","공립","N","","3","54","18","3","58","19.3","4","88","22","4","78","19.5","3","66","22","4","104","26","1","6","6","0","0","0","22","454","20.6","27","16.8"
"경기도교육청","경기도고양교육지원청","경기도 고양시 일산동구","S090001015","안곡초등학교","02","공립","N","","2","49","24.5","3","68","22.7","3","80","26.7","3","67","22.3","3","65","21.7","4","81","20.3","1","5","5","0","0","0","19","415","21.8","24","17.3"
"경기도교육청","경기도고양교육지원청","경기도 고양시 일산서구","S090001016","오마초등학교","02","공립","N","","6","159","26.5","7","186","26.6","9","229","25.4","8","198","24.8","8","202","25.3","10","251","25.1","1","1","1","0","0","0","49","1226","25","60","20.4"
"경기도교육청","경기도고양교육지원청","경기도 고양시 덕양구","S090001017","용두초등학교","02","공립","N","","1","6","6","1","8","8","1","6","6","1","6","6","1","7","7","1","3","3","1","4","4","0","0","0","7","40","5.7","9","4.4"
"경기도교육청","경기도고양교육지원청","경기도 고양시 덕양구","S090001018","용정초등학교","02","공립","N","","1","16","16","1","15","15","1","14","14","1","17","17","1","17","17","2","32","16","4","17","4.3","0","0","0","11","128","11.6","16","8"
"경기도교육청","경기도고양교육지원청","경기도 고양시 덕양구","S090001019","원당초등학교","02","공립","N","","2","37","18.5","3","54","18","2","37","18.5","3","68","22.7","3","54","18","3","72","24","1","3","3","0","0","0","17","325","19.1","20","16.3"
"경기도교육청","경기도고양교육지원청","경기도 고양시 일산동구","S090001020","원중초등학교","02","공립","N","","10","244","24.4","9","234","26","9","253","28.1","9","244","27.1","10","242","24.2","9","232","25.8","2","11","5.5","0","0","0","58","1460","25.2","68","21.5"
"경기도교육청","경기도고양교육지원청","경기도 고양시 일산동구","S090001021","율동초등학교","02","공립","N","","2","30","15","2","39","19.5","2","36","18","2","40","20","2","44","22","2","40","20","1","5","5","0","0","0","13","234","18","18","13"
"경기도교육청","경기도고양교육지원청","경기도 고양시 일산서구","S090001023","일산초등학교","02","공립","N","","2","40","20","3","57","19","3","59","19.7","3","54","18","3","49","16.3","2","48","24","2","11","5.5","1","3","3","19","321","16.9","24","13.4"
"경기도교육청","경기도고양교육지원청","경기도 고양시 일산서구","S090001024","장성초등학교","02","공립","N","","2","42","21","2","36","18","3","60","20","2","35","17.5","2","53","26.5","3","63","21","1","5","5","0","0","0","15","294","19.6","17","17.3"
"경기도교육청","경기도고양교육지원청","경기도 고양시 일산서구","S090001025","장촌초등학교","02","공립","N","","2","32","16","2","43","21.5","2","34","17","2","46","23","2","42","21","2","40","20","0","0","0","0","0","0","12","237","19.8","15","15.8"
"경기도교육청","경기도고양교육지원청","경기도 고양시 일산동구","S090001026","저동초등학교","02","공립","N","","2","44","22","2","49","24.5","3","56","18.7","2","45","22.5","3","64","21.3","4","81","20.3","0","0","0","0","0","0","16","339","21.2","20","17"
"경기도교육청","경기도고양교육지원청","경기도 고양시 일산동구","S090001027","정발초등학교","02","공립","N","","4","97","24.3","4","112","28","6","155","25.8","7","172","24.6","7","177","25.3","9","211","23.4","0","0","0","0","0","0","37","924","25","48","19.3"
"경기도교육청","경기도고양교육지원청","경기도 고양시 일산서구","S090001028","주엽초등학교","02","공립","N","","2","41","20.5","3","57","19","3","58","19.3","3","53","17.7","2","49","24.5","3","77","25.7","1","3","3","0","0","0","17","338","19.9","22","15.4"
"경기도교육청","경기도고양교육지원청","경기도 고양시 일산동구","S090001029","중산초등학교","02","공립","N","","3","58","19.3","3","62","20.7","3","58","19.3","3","66","22","3","75","25","4","86","21.5","1","3","3","0","0","0","20","408","20.4","25","16.3"
"경기도교육청","경기도고양교육지원청","경기도 고양시 덕양구","S090001030","지도초등학교","02","공립","N","","3","75","25","4","85","21.3","3","77","25.7","4","104","26","4","101","25.3","5","113","22.6","1","5","5","0","0","0","24","560","23.3","29","19.3"
"경기도교육청","경기도고양교육지원청","경기도 고양시 덕양구","S090001032","토당초등학교","02","공립","N","","1","21","21","2","29","14.5","2","27","13.5","2","37","18.5","2","31","15.5","2","30","15","3","13","4.3","0","0","0","14","188","13.4","18","10.4"
"경기도교육청","경기도고양교육지원청","경기도 고양시 일산동구","S090001033","풍산초등학교","02","공립","N","","3","69","23","5","112","22.4","5","110","22","4","105","26.3","5","113","22.6","6","143","23.8","2","10","5","1","0","0","31","662","21.4","37","17.9"
"경기도교육청","경기도고양교육지원청","경기도 고양시 일산서구","S090001034","한수초등학교","02","공립","N","","3","67","22.3","4","86","21.5","4","96","24","3","66","22","4","84","21","4","105","26.3","1","5","5","0","0","0","23","509","22.1","30","17"
"경기도교육청","경기도고양교육지원청","경기도 고양시 덕양구","S090001035","행남초등학교","02","공립","N","","1","18","18","2","32","16","1","26","26","2","36","18","2","26","13","2","36","18","0","0","0","0","0","0","10","174","17.4","13","13.4"
"경기도교육청","경기도고양교육지원청","경기도 고양시 덕양구","S090001036","행신초등학교","02","공립","N","","1","19","19","2","32","16","2","38","19","3","60","20","2","51","25.5","2","36","18","1","3","3","0","0","0","13","239","18.4","16","14.9"
"경기도교육청","경기도고양교육지원청","경기도 고양시 덕양구","S090001037","행주초등학교","02","공립","N","","1","4","4","1","3","3","1","8","8","1","6","6","1","4","4","1","3","3","0","0","0","0","0","0","6","28","4.7","8","3.5"
"경기도교육청","경기도고양교육지원청","경기도 고양시 일산서구","S090001038","현산초등학교","02","공립","N","","3","77","25.7","5","119","23.8","6","138","23","4","102","25.5","5","127","25.4","5","122","24.4","2","8","4","0","0","0","30","693","23.1","35","19.8"
"경기도교육청","경기도고양교육지원청","경기도 고양시 일산서구","S090001039","호곡초등학교","02","공립","N","","6","152","25.3","7","166","23.7","9","218","24.2","8","189","23.6","8","195","24.4","10","242","24.2","3","17","5.7","0","0","0","51","1179","23.1","62","19"
"경기도교육청","경기도고양교육지원청","경기도 고양시 일산동구","S090001040","호수초등학교","02","공립","N","","3","60","20","3","54","18","3","51","17","3","52","17.3","3","63","21","3","70","23.3","1","2","2","0","0","0","19","352","18.5","26","13.5"
"경기도교육청","경기도고양교육지원청","경기도 고양시 덕양구","S090001041","화중초등학교","02","공립","N","","2","45","22.5","3","58","19.3","3","69","23","3","67","22.3","3","68","22.7","3","79","26.3","0","0","0","0","0","0","17","386","22.7","22","17.5"
"경기도교육청","경기도고양교육지원청","경기도 고양시 일산서구","S090001042","황룡초등학교","02","공립","N","","3","54","18","2","47","23.5","3","53","17.7","2","45","22.5","3","50","16.7","4","81","20.3","2","9","4.5","0","0","0","19","339","17.8","23","14.7"
"경기도교육청","경기도고양교육지원청","경기도 고양시 덕양구","S090001043","흥도초등학교","02","공립","N","","7","160","22.9","7","174","24.9","9","232","25.8","9","227","25.2","8","200","25","10","240","24","2","12","6","0","0","0","52","1245","23.9","62","20.1"
"경기도교육청","경기도광명교육지원청","경기도 광명시","S090001199","가림초등학교","02","공립","N","","3","59","19.7","4","80","20","4","85","21.3","3","77","25.7","3","70","23.3","4","85","21.3","2","7","3.5","0","0","0","23","463","20.1","29","16"
"경기도교육청","경기도광명교육지원청","경기도 광명시","S090001201","광명광덕초등학교","02","공립","N","","4","103","25.8","5","118","23.6","5","136","27.2","4","102","25.5","4","100","25","6","133","22.2","1","4","4","0","0","0","29","696","24","34","20.5"
"경기도교육청","경기도광명교육지원청","경기도 광명시","S090001202","광명광성초등학교","02","공립","N","","4","87","21.8","4","98","24.5","5","123","24.6","5","117","23.4","4","105","26.3","6","150","25","2","10","5","0","0","0","30","690","23","38","18.2"
"경기도교육청","경기도광명교육지원청","경기도 광명시","S090001203","광명남초등학교","02","공립","N","","4","93","23.3","4","83","20.8","5","113","22.6","4","93","23.3","3","67","22.3","3","77","25.7","1","5","5","0","0","0","24","531","22.1","31","17.1"
"경기도교육청","경기도광명교육지원청","경기도 광명시","S090001204","광명동초등학교","02","공립","N","","1","11","11","1","17","17","1","13","13","1","6","6","1","8","8","1","10","10","2","7","3.5","0","0","0","8","72","9","10","7.2"
"경기도교육청","경기도광명교육지원청","경기도 광명시","S090001205","광명북초등학교","02","공립","N","","3","65","21.7","4","89","22.3","4","81","20.3","4","90","22.5","5","110","22","6","145","24.2","1","7","7","0","0","0","27","587","21.7","35","16.8"
"경기도교육청","경기도광명교육지원청","경기도 광명시","S090001206","광명서초등학교","02","공립","N","","3","68","22.7","4","88","22","4","95","23.8","4","95","23.8","4","92","23","5","116","23.2","2","9","4.5","0","0","0","26","563","21.7","36","15.6"
"경기도교육청","경기도광명교육지원청","경기도 광명시","S090001207","광명초등학교","02","공립","N","","2","36","18","2","48","24","2","32","16","3","49","16.3","3","64","21.3","3","65","21.7","2","8","4","0","0","0","17","302","17.8","22","13.7"
"경기도교육청","경기도광명교육지원청","경기도 광명시","S090001208","광문초등학교","02","공립","N","","6","142","23.7","6","137","22.8","6","155","25.8","5","130","26","6","144","24","6","143","23.8","2","11","5.5","0","0","0","37","862","23.3","45","19.2"
"경기도교육청","경기도광명교육지원청","경기도 광명시","S090001210","광일초등학교","02","공립","N","","3","54","18","3","75","25","4","87","21.8","4","85","21.3","4","83","20.8","5","120","24","2","8","4","1","2","2","26","514","19.8","32","16.1"
"경기도교육청","경기도광명교육지원청","경기도 광명시","S090001211","도덕초등학교","02","공립","N","","3","66","22","3","61","20.3","2","39","19.5","2","51","25.5","2","42","21","2","34","17","1","7","7","0","0","0","15","300","20","20","15"
"경기도교육청","경기도광명교육지원청","경기도 광명시","S090001212","서면초등학교","02","공립","N","","3","58","19.3","2","49","24.5","4","80","20","3","73","24.3","4","78","19.5","4","89","22.3","2","11","5.5","0","0","0","22","438","19.9","28","15.6"
"경기도교육청","경기도광명교육지원청","경기도 광명시","S090001213","소하초등학교","02","공립","N","","5","122","24.4","5","119","23.8","7","168","24","6","147","24.5","6","146","24.3","8","186","23.3","2","12","6","0","0","0","39","900","23.1","50","18"
"경기도교육청","경기도광명교육지원청","경기도 광명시","S090001214","안서초등학교","02","공립","N","","1","5","5","1","7","7","1","8","8","1","14","14","1","9","9","1","9","9","1","2","2","0","0","0","7","54","7.7","9","6"
"경기도교육청","경기도광명교육지원청","경기도 광명시","S090001215","연서초등학교","02","공립","N","","2","43","21.5","2","41","20.5","2","42","21","3","57","19","3","59","19.7","3","67","22.3","1","3","3","0","0","0","16","312","19.5","21","14.9"
"경기도교육청","경기도광명교육지원청","경기도 광명시","S090001216","온신초등학교","02","공립","N","","1","4","4","1","7","7","1","11","11","1","6","6","1","7","7","1","9","9","1","2","2","0","0","0","7","46","6.6","8","5.8"
"경기도교육청","경기도광명교육지원청","경기도 광명시","S090001217","철산초등학교","02","공립","N","","6","148","24.7","8","198","24.8","8","203","25.4","10","240","24","11","270","24.5","12","309","25.8","1","7","7","0","0","0","56","1375","24.6","69","19.9"
"경기도교육청","경기도광명교육지원청","경기도 광명시","S090001218","하안남초등학교","02","공립","N","","2","40","20","2","37","18.5","2","38","19","2","40","20","2","35","17.5","2","50","25","1","4","4","0","0","0","13","244","18.8","16","15.3"
"경기도교육청","경기도광명교육지원청","경기도 광명시","S090001219","하안북초등학교","02","공립","N","","2","32","16","2","42","21","2","46","23","2","45","22.5","3","52","17.3","3","58","19.3","1","5","5","0","0","0","15","280","18.7","19","14.7"
"경기도교육청","경기도광명교육지원청","경기도 광명시","S090001220","하안초등학교","02","공립","N","","3","61","20.3","3","53","17.7","3","64","21.3","3","51","17","3","57","19","3","55","18.3","1","5","5","0","0","0","19","346","18.2","24","14.4"
"경기도교육청","경기도광명교육지원청","경기도 광명시","S090001221","하일초등학교","02","공립","N","","2","50","25","3","61","20.3","2","43","21.5","2","49","24.5","2","49","24.5","3","56","18.7","1","4","4","0","0","0","15","312","20.8","18","17.3"
"경기도교육청","경기도광주하남교육지원청","경기도 광주시","S090001279","경안초등학교","02","공립","N","","2","33","16.5","3","48","16","3","50","16.7","3","66","22","3","65","21.7","4","78","19.5","1","7","7","0","0","0","19","347","18.3","26","13.3"
"경기도교육청","경기도광주하남교육지원청","경기도 광주시","S090001281","곤지암초등학교","02","공립","N","","3","61","20.3","3","60","20","3","66","22","3","56","18.7","3","59","19.7","5","109","21.8","2","11","5.5","0","0","0","22","422","19.2","23","18.3"
"경기도교육청","경기도광주하남교육지원청","경기도 광주시","S090001282","광남초등학교","02","공립","N","","7","165","23.6","7","165","23.6","8","197","24.6","7","160","22.9","6","158","26.3","8","207","25.9","2","13","6.5","1","2","2","46","1067","23.2","56","19.1"
"경기도교육청","경기도광주하남교육지원청","경기도 광주시","S090001284","광주광명초등학교","02","공립","N","","6","137","22.8","7","161","23","7","175","25","6","140","23.3","6","161","26.8","6","167","27.8","2","12","6","0","0","0","40","953","23.8","48","19.9"
"경기도교육청","경기도광주하남교육지원청","경기도 광주시","S090001285","광주매곡초등학교","02","공립","N","","5","120","24","7","184","26.3","7","185","26.4","8","191","23.9","7","188","26.9","9","229","25.4","2","12","6","0","0","0","45","1109","24.6","53","20.9"
"경기도교육청","경기도광주하남교육지원청","경기도 광주시","S090001286","광주초등학교","02","공립","N","","8","182","22.8","7","180","25.7","8","197","24.6","6","154","25.7","6","152","25.3","8","201","25.1","3","18","6","0","0","0","46","1084","23.6","56","19.4"
"경기도교육청","경기도광주하남교육지원청","경기도 광주시","S090001288","광지원초등학교","02","공립","N","","1","12","12","1","13","13","1","14","14","1","8","8","1","7","7","1","7","7","1","3","3","0","0","0","7","64","9.1","8","8"
"경기도교육청","경기도광주하남교육지원청","경기도 광주시","S090001289","남한산초등학교","02","공립","N","","1","11","11","1","13","13","1","22","22","1","14","14","1","14","14","1","20","20","0","0","0","0","0","0","6","94","15.7","7","13.4"
"경기도교육청","경기도광주하남교육지원청","경기도 하남시","S090001290","덕풍초등학교","02","공립","N","","4","91","22.8","5","108","21.6","4","88","22","4","85","21.3","3","62","20.7","4","85","21.3","1","5","5","0","0","0","25","524","21","31","16.9"
"경기도교육청","경기도광주하남교육지원청","경기도 광주시","S090001291","도곡초등학교","02","공립","N","","4","90","22.5","5","116","23.2","5","119","23.8","6","146","24.3","6","144","24","8","191","23.9","1","6","6","0","0","0","35","812","23.2","42","19.3"
"경기도교육청","경기도광주하남교육지원청","경기도 광주시","S090001292","도궁초등학교","02","공립","N","","1","6","6","1","10","10","1","10","10","1","11","11","1","11","11","1","9","9","0","0","0","0","0","0","6","57","9.5","7","8.1"
"경기도교육청","경기도광주하남교육지원청","경기도 광주시","S090001293","도수초등학교","02","공립","N","","3","63","21","4","79","19.8","4","84","21","4","97","24.3","4","87","21.8","5","119","23.8","2","9","4.5","0","0","0","26","538","20.7","32","16.8"
"경기도교육청","경기도구리남양주교육지원청","경기도 남양주시","S090001294","도심초등학교","02","공립","N","","2","47","23.5","3","57","19","3","55","18.3","3","60","20","3","56","18.7","3","76","25.3","1","2","2","0","0","0","18","353","19.6","23","15.3"
"경기도교육청","경기도광주하남교육지원청","경기도 광주시","S090001295","도척초등학교","02","공립","N","","1","23","23","1","24","24","1","25","25","1","25","25","2","34","17","2","35","17.5","1","5","5","0","0","0","9","171","19","11","15.5"
"경기도교육청","경기도광주하남교육지원청","경기도 하남시","S090001296","동부초등학교","02","공립","N","","4","82","20.5","4","77","19.3","4","86","21.5","4","92","23","4","95","23.8","4","91","22.8","2","12","6","0","0","0","26","535","20.6","33","16.2"
"경기도교육청","경기도광주하남교육지원청","경기도 광주시","S090001298","만선초등학교","02","공립","N","","1","3","3","1","12","12","1","5","5","1","11","11","1","10","10","1","14","14","1","4","4","0","0","0","7","59","8.4","10","5.9"
"경기도교육청","경기도광주하남교육지원청","경기도 하남시","S090001299","망월초등학교","02","공립","N","","7","174","24.9","9","230","25.6","11","296","26.9","10","261","26.1","11","276","25.1","12","328","27.3","1","10","10","0","0","0","61","1575","25.8","74","21.3"
"경기도교육청","경기도광주하남교육지원청","경기도 광주시","S090001301","번천초등학교","02","공립","N","","1","4","4","1","11","11","1","12","12","1","8","8","1","16","16","1","14","14","0","0","0","0","0","0","6","65","10.8","8","8.1"
"경기도교육청","경기도광주하남교육지원청","경기도 광주시","S090001302","분원초등학교","02","공립","N","","1","9","9","1","18","18","1","10","10","1","22","22","1","17","17","1","15","15","0","0","0","0","0","0","6","91","15.2","8","11.4"
"경기도교육청","경기도광주하남교육지원청","경기도 하남시","S090001305","산곡초등학교","02","공립","N","","1","7","7","1","10","10","1","7","7","1","18","18","1","12","12","1","21","21","0","0","0","0","0","0","6","75","12.5","7","10.7"
"경기도교육청","경기도광주하남교육지원청","경기도 광주시","S090001306","삼리초등학교","02","공립","N","","3","52","17.3","5","89","17.8","4","92","23","4","80","20","4","75","18.8","4","87","21.8","2","7","3.5","0","0","0","26","482","18.5","32","15.1"
"경기도교육청","경기도광주하남교육지원청","경기도 하남시","S090001307","서부초등학교","02","공립","N","","1","14","14","2","30","15","1","11","11","1","12","12","1","10","10","1","7","7","1","3","3","0","0","0","8","87","10.9","13","6.7"
"경기도교육청","경기도광주하남교육지원청","경기도 광주시","S090001308","선동초등학교","02","공립","N","","1","6","6","1","13","13","1","3","3","0","0","0","1","7","7","1","4","4","1","5","5","0","0","0","6","38","6.3","8","4.8"
"경기도교육청","경기도광주하남교육지원청","경기도 하남시","S090001309","신장초등학교","02","공립","N","","7","165","23.6","6","142","23.7","6","146","24.3","5","124","24.8","5","129","25.8","5","110","22","1","7","7","0","0","0","35","823","23.5","42","19.6"
"경기도교육청","경기도광주하남교육지원청","경기도 광주시","S090001310","쌍령초등학교","02","공립","N","","2","41","20.5","3","60","20","3","54","18","3","61","20.3","4","81","20.3","4","79","19.8","1","6","6","0","0","0","20","382","19.1","24","15.9"
"경기도교육청","경기도광주하남교육지원청","경기도 광주시","S090001311","오포초등학교","02","공립","N","","3","69","23","4","96","24","5","112","22.4","5","115","23","4","83","20.8","5","104","20.8","1","6","6","0","0","0","27","585","21.7","32","18.3"
"경기도교육청","경기도광주하남교육지원청","경기도 하남시","S090001312","창우초등학교","02","공립","N","","3","63","21","4","78","19.5","4","78","19.5","3","52","17.3","3","65","21.7","4","84","21","2","11","5.5","0","0","0","23","431","18.7","29","14.9"
"경기도교육청","경기도광주하남교육지원청","경기도 광주시","S090001314","초월초등학교","02","공립","N","","1","24","24","1","14","14","1","19","19","1","19","19","1","22","22","2","33","16.5","1","6","6","0","0","0","8","137","17.1","10","13.7"
"경기도교육청","경기도광주하남교육지원청","경기도 광주시","S090001315","탄벌초등학교","02","공립","N","","7","167","23.9","8","199","24.9","10","246","24.6","9","206","22.9","8","197","24.6","11","273","24.8","2","11","5.5","0","0","0","55","1299","23.6","66","19.7"
"경기도교육청","경기도광주하남교육지원청","경기도 광주시","S090001316","태전초등학교","02","공립","N","","3","74","24.7","4","91","22.8","4","105","26.3","4","96","24","4","103","25.8","6","153","25.5","2","12","6","0","0","0","27","634","23.5","33","19.2"
"경기도교육청","경기도광주하남교육지원청","경기도 하남시","S090001317","하남천현초등학교","02","공립","N","","2","29","14.5","2","32","16","2","36","18","2","25","12.5","2","34","17","2","46","23","1","6","6","0","0","0","13","208","16","16","13"
"경기도교육청","경기도광주하남교육지원청","경기도 하남시","S090001318","하남초등학교","02","공립","N","","3","51","17","3","75","25","3","68","22.7","3","71","23.7","3","76","25.3","4","89","22.3","1","6","6","0","0","0","20","436","21.8","25","17.4"
"경기도교육청","경기도군포의왕교육지원청","경기도 의왕시","S090001380","갈뫼초등학교","02","공립","N","","2","44","22","3","65","21.7","3","75","25","3","72","24","3","79","26.3","3","75","25","1","4","4","0","0","0","18","414","23","24","17.3"
"경기도교육청","경기도군포의왕교육지원청","경기도 의왕시","S090001381","고천초등학교","02","공립","N","","3","62","20.7","3","64","21.3","2","40","20","3","53","17.7","2","47","23.5","2","46","23","1","4","4","0","0","0","16","316","19.8","20","15.8"
"경기도교육청","경기도군포의왕교육지원청","경기도 군포시","S090001382","곡란초등학교","02","공립","N","","2","37","18.5","2","51","25.5","2","36","18","2","46","23","2","46","23","2","51","25.5","1","2","2","0","0","0","13","269","20.7","19","14.2"
"경기도교육청","경기도군포의왕교육지원청","경기도 군포시","S090001383","관모초등학교","02","공립","N","","1","19","19","2","26","13","2","25","12.5","2","31","15.5","2","31","15.5","2","30","15","2","14","7","0","0","0","13","176","13.5","16","11"
"경기도교육청","경기도군포의왕교육지원청","경기도 군포시","S090001384","광정초등학교","02","공립","N","","3","58","19.3","3","66","22","3","63","21","4","77","19.3","4","94","23.5","4","88","22","2","7","3.5","0","0","0","23","453","19.7","29","15.6"
"경기도교육청","경기도군포의왕교육지원청","경기도 군포시","S090001385","군포양정초등학교","02","공립","N","","4","87","21.8","4","94","23.5","5","107","21.4","5","106","21.2","5","115","23","5","116","23.2","2","11","5.5","0","0","0","30","636","21.2","36","17.7"
"경기도교육청","경기도군포의왕교육지원청","경기도 군포시","S090001386","군포옥천초등학교","02","공립","N","","2","39","19.5","2","35","17.5","2","40","20","2","50","25","2","47","23.5","2","39","19.5","1","2","2","0","0","0","13","252","19.4","17","14.8"
"경기도교육청","경기도군포의왕교육지원청","경기도 군포시","S090001387","군포초등학교","02","공립","N","","5","121","24.2","5","122","24.4","6","134","22.3","5","120","24","5","131","26.2","6","135","22.5","2","13","6.5","0","0","0","34","776","22.8","43","18"
"경기도교육청","경기도군포의왕교육지원청","경기도 군포시","S090001388","군포화산초등학교","02","공립","N","","2","33","16.5","2","41","20.5","2","33","16.5","2","39","19.5","2","32","16","2","40","20","2","7","3.5","0","0","0","14","225","16.1","18","12.5"
"경기도교육청","경기도군포의왕교육지원청","경기도 군포시","S090001389","궁내초등학교","02","공립","N","","3","58","19.3","3","71","23.7","3","72","24","4","103","25.8","4","108","27","4","94","23.5","0","0","0","0","0","0","21","506","24.1","27","18.7"
"경기도교육청","경기도군포의왕교육지원청","경기도 군포시","S090001390","금정초등학교","02","공립","N","","4","78","19.5","4","99","24.8","4","98","24.5","4","87","21.8","3","66","22","5","104","20.8","2","13","6.5","0","0","0","26","545","21","31","17.6"
"경기도교육청","경기도군포의왕교육지원청","경기도 의왕시","S090001391","내손초등학교","02","공립","N","","1","20","20","1","22","22","1","18","18","2","22","11","1","23","23","2","25","12.5","2","8","4","0","0","0","10","138","13.8","12","11.5"
"경기도교육청","경기도군포의왕교육지원청","경기도 군포시","S090001392","능내초등학교","02","공립","N","","2","41","20.5","3","72","24","3","65","21.7","4","82","20.5","4","100","25","4","86","21.5","1","6","6","0","0","0","21","452","21.5","27","16.7"
"경기도교육청","경기도군포의왕교육지원청","경기도 의왕시","S090001393","덕장초등학교","02","공립","N","","3","86","28.7","2","42","21","3","73","24.3","3","69","23","3","74","24.7","3","67","22.3","2","8","4","0","0","0","19","419","22.1","23","18.2"
"경기도교육청","경기도군포의왕교육지원청","경기도 군포시","S090001394","도장초등학교","02","공립","N","","1","12","12","1","16","16","1","20","20","1","14","14","1","13","13","1","11","11","1","3","3","0","0","0","7","89","12.7","9","9.9"
"경기도교육청","경기도군포의왕교육지원청","경기도 군포시","S090001395","둔대초등학교","02","공립","N","","1","13","13","1","19","19","2","26","13","1","15","15","2","30","15","2","26","13","1","6","6","0","0","0","10","135","13.5","13","10.4"
"경기도교육청","경기도군포의왕교육지원청","경기도 군포시","S090001396","둔전초등학교","02","공립","N","","3","68","22.7","4","92","23","4","102","25.5","5","103","20.6","5","122","24.4","5","123","24.6","2","12","6","0","0","0","28","622","22.2","35","17.8"
"경기도교육청","경기도군포의왕교육지원청","경기도 의왕시","S090001397","백운초등학교","02","공립","N","","4","93","23.3","5","105","21","5","100","20","5","107","21.4","5","124","24.8","4","96","24","2","9","4.5","0","0","0","30","634","21.1","38","16.7"
"경기도교육청","경기도군포의왕교육지원청","경기도 군포시","S090001399","산본초등학교","02","공립","N","","3","77","25.7","4","89","22.3","4","98","24.5","4","105","26.3","4","96","24","5","119","23.8","1","6","6","0","0","0","25","590","23.6","31","19"
"경기도교육청","경기도군포의왕교육지원청","경기도 군포시","S090001400","수리초등학교","02","공립","N","","1","25","25","1","24","24","1","21","21","2","28","14","2","38","19","2","31","15.5","1","5","5","0","0","0","10","172","17.2","13","13.2"
"경기도교육청","경기도군포의왕교육지원청","경기도 군포시","S090001401","신흥초등학교","02","공립","N","","2","34","17","2","34","17","2","46","23","3","59","19.7","3","65","21.7","3","73","24.3","1","5","5","0","0","0","16","316","19.8","20","15.8"
"경기도교육청","경기도군포의왕교육지원청","경기도 군포시","S090001403","오금초등학교","02","공립","N","","2","32","16","2","38","19","2","38","19","2","46","23","2","51","25.5","3","62","20.7","1","4","4","0","0","0","14","271","19.4","18","15.1"
"경기도교육청","경기도군포의왕교육지원청","경기도 의왕시","S090001404","오전초등학교","02","공립","N","","1","16","16","1","27","27","2","40","20","2","26","13","2","30","15","2","38","19","1","4","4","1","2","2","12","183","15.3","16","11.4"
"경기도교육청","경기도군포의왕교육지원청","경기도 의왕시","S090001405","왕곡초등학교","02","공립","N","","2","52","26","3","61","20.3","2","42","21","3","62","20.7","3","52","17.3","3","60","20","1","3","3","0","0","0","17","332","19.5","22","15.1"
"경기도교육청","경기도군포의왕교육지원청","경기도 군포시","S090001406","용호초등학교","02","공립","N","","2","37","18.5","2","40","20","2","45","22.5","2","45","22.5","2","50","25","2","44","22","1","5","5","0","0","0","13","266","20.5","17","15.6"
"경기도교육청","경기도군포의왕교육지원청","경기도 의왕시","S090001407","의왕덕성초등학교","02","공립","N","","5","122","24.4","7","168","24","6","147","24.5","6","140","23.3","6","148","24.7","6","153","25.5","1","6","6","0","0","0","37","884","23.9","46","19.2"
"경기도교육청","경기도군포의왕교육지원청","경기도 의왕시","S090001408","의왕부곡초등학교","02","공립","N","","2","46","23","3","57","19","3","54","18","3","55","18.3","3","74","24.7","3","73","24.3","2","8","4","1","1","1","20","368","18.4","23","16"
"경기도교육청","경기도군포의왕교육지원청","경기도 의왕시","S090001409","의왕초등학교","02","공립","N","","5","122","24.4","6","151","25.2","7","159","22.7","6","148","24.7","6","143","23.8","7","173","24.7","2","7","3.5","0","0","0","39","903","23.2","47","19.2"
"경기도교육청","경기도군포의왕교육지원청","경기도 군포시","S090001410","태을초등학교","02","공립","N","","2","42","21","3","58","19.3","3","67","22.3","3","63","21","3","72","24","3","59","19.7","1","5","5","0","0","0","18","366","20.3","23","15.9"
"경기도교육청","경기도군포의왕교육지원청","경기도 군포시","S090001413","흥진초등학교","02","공립","N","","3","58","19.3","3","74","24.7","4","85","21.3","4","90","22.5","3","77","25.7","5","123","24.6","1","3","3","0","0","0","23","510","22.2","28","18.2"
"경기도교육청","경기도김포교육지원청","경기도 김포시","S090001498","감정초등학교","02","공립","N","","4","92","23","4","104","26","6","134","22.3","6","137","22.8","5","115","23","7","166","23.7","2","8","4","1","3","3","35","759","21.7","41","18.5"
"경기도교육청","경기도김포교육지원청","경기도 김포시","S090001499","개곡초등학교","02","공립","N","","1","16","16","1","11","11","1","20","20","1","10","10","1","15","15","1","13","13","0","0","0","0","0","0","6","85","14.2","8","10.6"
"경기도교육청","경기도김포교육지원청","경기도 김포시","S090001501","고창초등학교","02","공립","N","","3","75","25","5","124","24.8","4","99","24.8","5","118","23.6","4","99","24.8","6","133","22.2","2","12","6","0","0","0","29","660","22.8","36","18.3"
"경기도교육청","경기도김포교육지원청","경기도 김포시","S090001502","고촌초등학교","02","공립","N","","3","72","24","3","70","23.3","5","113","22.6","3","66","22","4","81","20.3","5","111","22.2","1","2","2","0","0","0","24","515","21.5","30","17.2"
"경기도교육청","경기도김포교육지원청","경기도 김포시","S090001503","금란초등학교","02","공립","N","","1","12","12","1","24","24","1","14","14","1","22","22","1","22","22","1","23","23","0","0","0","0","0","0","6","117","19.5","8","14.6"
"경기도교육청","경기도김포교육지원청","경기도 김포시","S090001504","금성초등학교","02","공립","N","","1","5","5","1","7","7","1","7","7","1","8","8","1","13","13","1","12","12","0","0","0","0","0","0","6","52","8.7","7","7.4"
"경기도교육청","경기도김포교육지원청","경기도 김포시","S090001505","금파초등학교","02","공립","N","","3","58","19.3","3","59","19.7","4","81","20.3","3","69","23","4","89","22.3","5","129","25.8","1","3","3","0","0","0","23","488","21.2","28","17.4"
"경기도교육청","경기도김포교육지원청","경기도 김포시","S090001506","양도초등학교","02","공립","N","","4","88","22","3","77","25.7","4","82","20.5","4","102","25.5","4","99","24.8","6","136","22.7","2","11","5.5","0","0","0","27","595","22","33","18"
"경기도교육청","경기도김포교육지원청","경기도 김포시","S090001507","김포대명초등학교","02","공립","N","","1","5","5","1","9","9","1","11","11","1","8","8","1","10","10","1","6","6","0","0","0","0","0","0","6","49","8.2","8","6.1"
"경기도교육청","경기도김포교육지원청","경기도 김포시","S090001508","김포서초등학교","02","공립","N","","1","17","17","0","0","0","1","23","23","3","74","24.7","4","90","22.5","4","101","25.3","3","17","5.7","0","0","0","16","322","20.1","28","11.5"
"경기도교육청","경기도김포교육지원청","경기도 김포시","S090001509","김포초등학교","02","공립","N","","2","30","15","2","34","17","2","31","15.5","2","42","21","2","38","19","3","72","24","1","3","3","0","0","0","14","250","17.9","17","14.7"
"경기도교육청","경기도김포교육지원청","경기도 김포시","S090001512","대곶초등학교","02","공립","N","","2","25","12.5","3","25","8.3","3","29","9.7","2","13","6.5","3","24","8","3","21","7","1","6","6","0","0","0","17","143","8.4","18","7.9"
"경기도교육청","경기도김포교육지원청","경기도 김포시","S090001514","마송초등학교","02","공립","N","","2","42","21","3","72","24","2","42","21","2","49","24.5","2","44","22","2","40","20","0","0","0","0","0","0","13","289","22.2","16","18.1"
"경기도교육청","경기도김포교육지원청","경기도 김포시","S090001516","사우초등학교","02","공립","N","","4","86","21.5","3","77","25.7","5","114","22.8","5","109","21.8","5","114","22.8","6","138","23","1","5","5","0","0","0","29","643","22.2","36","17.9"
"경기도교육청","경기도김포교육지원청","경기도 김포시","S090001517","서암초등학교","02","공립","N","","1","14","14","2","25","12.5","2","24","12","1","21","21","1","25","25","2","33","16.5","2","13","6.5","0","0","0","11","155","14.1","14","11.1"
"경기도교육청","경기도김포교육지원청","경기도 김포시","S090001518","석정초등학교","02","공립","N","","1","11","11","1","11","11","1","11","11","1","14","14","1","7","7","1","10","10","1","4","4","0","0","0","7","68","9.7","10","6.8"
"경기도교육청","경기도김포교육지원청","경기도 김포시","S090001519","수남초등학교","02","공립","N","","1","11","11","1","15","15","1","11","11","1","14","14","1","9","9","1","15","15","0","0","0","0","0","0","6","75","12.5","7","10.7"
"경기도교육청","경기도김포교육지원청","경기도 김포시","S090001520","양곡초등학교","02","공립","N","","2","45","22.5","3","58","19.3","3","57","19","3","63","21","3","54","18","3","72","24","2","13","6.5","1","3","3","20","365","18.3","24","15.2"
"경기도교육청","경기도김포교육지원청","경기도 김포시","S090001521","옹정초등학교","02","공립","N","","1","7","7","1","7","7","1","8","8","1","12","12","1","4","4","1","14","14","0","0","0","0","0","0","6","52","8.7","8","6.5"
"경기도교육청","경기도김포교육지원청","경기도 김포시","S090001522","운양초등학교","02","공립","N","","7","174","24.9","9","227","25.2","9","221","24.6","8","200","25","9","229","25.4","8","209","26.1","2","12","6","0","0","0","52","1272","24.5","65","19.6"
"경기도교육청","경기도김포교육지원청","경기도 김포시","S090001523","월곶초등학교","02","공립","N","","1","5","5","1","4","4","1","13","13","1","12","12","1","10","10","1","7","7","1","5","5","0","0","0","7","56","8","8","7"
"경기도교육청","경기도김포교육지원청","경기도 김포시","S090001525","유현초등학교","02","공립","N","","7","177","25.3","9","215","23.9","9","241","26.8","11","262","23.8","8","212","26.5","11","279","25.4","1","5","5","0","0","0","56","1391","24.8","67","20.8"
"경기도교육청","경기도김포교육지원청","경기도 김포시","S090001527","풍무초등학교","02","공립","N","","5","105","21","6","151","25.2","7","166","23.7","7","174","24.9","7","165","23.6","7","160","22.9","1","3","3","0","0","0","40","924","23.1","49","18.9"
"경기도교육청","경기도김포교육지원청","경기도 김포시","S090001528","하성초등학교","02","공립","N","","1","20","20","1","19","19","2","28","14","1","20","20","1","24","24","1","21","21","1","2","2","0","0","0","8","134","16.8","12","11.2"
"경기도교육청","경기도김포교육지원청","경기도 김포시","S090001529","학운초등학교","02","공립","N","","2","31","15.5","2","40","20","2","45","22.5","2","30","15","2","43","21.5","2","37","18.5","0","0","0","0","0","0","12","226","18.8","16","14.1"
"경기도교육청","경기도구리남양주교육지원청","경기도 남양주시","S090001600","가곡초등학교","02","공립","N","","3","66","22","3","64","21.3","3","70","23.3","4","87","21.8","3","73","24.3","4","83","20.8","2","10","5","0","0","0","22","453","20.6","27","16.8"
"경기도교육청","경기도구리남양주교육지원청","경기도 남양주시","S090001601","가양초등학교","02","공립","N","","1","7","7","1","4","4","1","9","9","1","7","7","1","4","4","1","12","12","0","0","0","0","0","0","6","43","7.2","8","5.4"
"경기도교육청","경기도구리남양주교육지원청","경기도 구리시","S090001603","갈매초등학교","02","공립","N","","8","200","25","9","242","26.9","9","246","27.3","10","257","25.7","9","238","26.4","9","237","26.3","2","12","6","0","0","0","56","1432","25.6","68","21.1"
"경기도교육청","경기도구리남양주교육지원청","경기도 남양주시","S090001604","광릉초등학교","02","공립","N","","2","30","15","2","33","16.5","1","26","26","2","49","24.5","2","45","22.5","2","47","23.5","2","9","4.5","0","0","0","13","239","18.4","18","13.3"
"경기도교육청","경기도구리남양주교육지원청","경기도 구리시","S090001605","교문초등학교","02","공립","N","","3","64","21.3","3","51","17","4","81","20.3","3","54","18","3","69","23","3","77","25.7","2","12","6","0","0","0","21","408","19.4","26","15.7"
"경기도교육청","경기도구리남양주교육지원청","경기도 구리시","S090001606","구리초등학교","02","공립","N","","2","43","21.5","2","46","23","3","52","17.3","3","65","21.7","2","46","23","3","63","21","2","10","5","0","0","0","17","325","19.1","22","14.8"
"경기도교육청","경기도구리남양주교육지원청","경기도 구리시","S090001607","구지초등학교","02","공립","N","","3","74","24.7","4","85","21.3","4","101","25.3","4","97","24.3","4","100","25","5","130","26","1","3","3","0","0","0","25","590","23.6","32","18.4"
"경기도교육청","경기도구리남양주교육지원청","경기도 남양주시","S090001608","금교초등학교","02","공립","N","","3","69","23","4","85","21.3","4","90","22.5","4","98","24.5","4","94","23.5","5","105","21","1","4","4","0","0","0","25","545","21.8","29","18.8"
"경기도교육청","경기도구리남양주교육지원청","경기도 남양주시","S090001609","금남초등학교","02","공립","N","","1","14","14","1","11","11","1","7","7","1","14","14","1","16","16","1","7","7","1","4","4","0","0","0","7","73","10.4","8","9.1"
"경기도교육청","경기도구리남양주교육지원청","경기도 남양주시","S090001611","남양주금곡초등학교","02","공립","N","","2","24","12","2","36","18","2","26","13","2","36","18","2","44","22","2","50","25","1","2","2","0","0","0","13","218","16.8","15","14.5"
"경기도교육청","경기도구리남양주교육지원청","경기도 남양주시","S090001612","남양주도곡초등학교","02","공립","N","","3","60","20","3","49","16.3","4","78","19.5","3","71","23.7","4","88","22","5","106","21.2","2","7","3.5","0","0","0","24","459","19.1","28","16.4"
"경기도교육청","경기도구리남양주교육지원청","경기도 남양주시","S090001613","남양주동곡초등학교","02","공립","N","","2","24","12","2","26","13","1","18","18","2","32","16","1","24","24","2","27","13.5","1","2","2","1","4","4","12","157","13.1","12","13.1"
"경기도교육청","경기도구리남양주교육지원청","경기도 남양주시","S090001614","남양주미금초등학교","02","공립","N","","4","86","21.5","4","85","21.3","3","62","20.7","4","87","21.8","4","88","22","5","107","21.4","1","3","3","0","0","0","25","518","20.7","31","16.7"
"경기도교육청","경기도구리남양주교육지원청","경기도 남양주시","S090001615","남양주송라초등학교","02","공립","N","","4","99","24.8","5","110","22","5","112","22.4","6","131","21.8","6","133","22.2","7","159","22.7","2","13","6.5","0","0","0","35","757","21.6","43","17.6"
"경기도교육청","경기도구리남양주교육지원청","경기도 남양주시","S090001616","남양주송촌초등학교","02","공립","N","","1","6","6","1","12","12","1","4","4","1","8","8","1","7","7","1","8","8","0","0","0","0","0","0","6","45","7.5","7","6.4"
"경기도교육청","경기도구리남양주교육지원청","경기도 남양주시","S090001617","남양주양정초등학교","02","공립","N","","3","55","18.3","4","81","20.3","3","73","24.3","3","78","26","4","83","20.8","4","83","20.8","1","6","6","0","0","0","22","459","20.9","27","17"
"경기도교육청","경기도구리남양주교육지원청","경기도 남양주시","S090001618","남양주양지초등학교","02","공립","N","","2","39","19.5","2","45","22.5","3","72","24","3","60","20","3","52","17.3","3","69","23","1","4","4","0","0","0","17","341","20.1","21","16.2"
"경기도교육청","경기도구리남양주교육지원청","경기도 남양주시","S090001619","남양주월문초등학교","02","공립","N","","1","14","14","1","17","17","1","13","13","1","14","14","1","16","16","1","13","13","0","0","0","0","0","0","6","87","14.5","8","10.9"
"경기도교육청","경기도구리남양주교육지원청","경기도 구리시","S090001620","내양초등학교","02","공립","N","","1","12","12","1","11","11","1","8","8","1","5","5","1","4","4","1","4","4","1","6","6","0","0","0","7","50","7.1","9","5.6"
"경기도교육청","경기도구리남양주교육지원청","경기도 남양주시","S090001621","답내초등학교","02","공립","N","","1","4","4","1","7","7","1","14","14","1","12","12","1","15","15","1","15","15","0","0","0","0","0","0","6","67","11.2","7","9.6"
"경기도교육청","경기도구리남양주교육지원청","경기도 남양주시","S090001622","덕소초등학교","02","공립","N","","2","30","15","2","41","20.5","3","57","19","3","52","17.3","3","53","17.7","3","60","20","2","12","6","0","0","0","18","305","16.9","23","13.3"
"경기도교육청","경기도구리남양주교육지원청","경기도 남양주시","S090001624","도농초등학교","02","공립","N","","3","70","23.3","4","83","20.8","4","96","24","4","89","22.3","4","94","23.5","6","141","23.5","1","5","5","0","0","0","26","578","22.2","32","18.1"
"경기도교육청","경기도구리남양주교육지원청","경기도 구리시","S090001625","도림초등학교","02","공립","N","","1","14","14","1","18","18","1","8","8","1","23","23","2","23","11.5","1","24","24","2","10","5","0","0","0","9","120","13.3","12","10"
"경기도교육청","경기도구리남양주교육지원청","경기도 남양주시","S090001626","도제원초등학교","02","공립","N","","2","46","23","4","92","23","4","94","23.5","4","81","20.3","4","94","23.5","5","104","20.8","1","7","7","0","0","0","24","518","21.6","30","17.3"
"경기도교육청","경기도구리남양주교육지원청","경기도 구리시","S090001627","동구초등학교","02","공립","N","","2","45","22.5","2","51","25.5","3","57","19","2","49","24.5","2","46","23","3","70","23.3","1","3","3","0","0","0","15","321","21.4","20","16.1"
"경기도교육청","경기도구리남양주교육지원청","경기도 구리시","S090001628","동인초등학교","02","공립","N","","5","129","25.8","6","154","25.7","6","143","23.8","6","146","24.3","7","161","23","7","180","25.7","2","9","4.5","0","0","0","39","922","23.6","48","19.2"
"경기도교육청","경기도구리남양주교육지원청","경기도 남양주시","S090001629","마석초등학교","02","공립","N","","4","90","22.5","4","99","24.8","4","85","21.3","5","111","22.2","4","104","26","6","134","22.3","1","7","7","1","3","3","29","633","21.8","35","18.1"
"경기도교육청","경기도구리남양주교육지원청","경기도 구리시","S090001632","백문초등학교","02","공립","N","","4","100","25","5","122","24.4","6","146","24.3","5","118","23.6","6","140","23.3","6","149","24.8","2","7","3.5","0","0","0","34","782","23","42","18.6"
"경기도교육청","경기도구리남양주교육지원청","경기도 남양주시","S090001634","별내초등학교","02","공립","N","","4","82","20.5","4","99","24.8","5","120","24","4","101","25.3","5","125","25","6","149","24.8","2","8","4","0","0","0","30","684","22.8","38","18"
"경기도교육청","경기도구리남양주교육지원청","경기도 구리시","S090001635","부양초등학교","02","공립","N","","3","60","20","3","69","23","3","71","23.7","3","73","24.3","3","68","22.7","4","96","24","3","16","5.3","0","0","0","22","453","20.6","27","16.8"
"경기도교육청","경기도구리남양주교육지원청","경기도 남양주시","S090001638","수동초등학교","02","공립","N","","1","11","11","1","11","11","1","9","9","1","12","12","1","14","14","1","22","22","1","3","3","0","0","0","7","82","11.7","8","10.3"
"경기도교육청","경기도구리남양주교육지원청","경기도 남양주시","S090001639","수동초등학교송천분교장","02","공립","N","","1","4","4","1","14","14","1","4","4","1","9","9","1","11","11","1","6","6","1","2","2","0","0","0","7","50","7.1","8","6.3"
"경기도교육청","경기도구리남양주교육지원청","경기도 구리시","S090001640","수택초등학교","02","공립","N","","2","49","24.5","3","75","25","3","64","21.3","3","64","21.3","3","59","19.7","3","75","25","1","6","6","0","0","0","18","392","21.8","22","17.8"
"경기도교육청","경기도구리남양주교육지원청","경기도 남양주시","S090001641","심석초등학교","02","사립","N","","3","90","30","3","90","30","3","90","30","3","90","30","3","82","27.3","3","82","27.3","0","0","0","0","0","0","18","524","29.1","22","23.8"
"경기도교육청","경기도구리남양주교육지원청","경기도 남양주시","S090001644","오남초등학교","02","공립","N","","2","31","15.5","2","47","23.5","2","43","21.5","2","45","22.5","2","39","19.5","3","58","19.3","1","6","6","0","0","0","14","269","19.2","18","14.9"
"경기도교육청","경기도구리남양주교육지원청","경기도 남양주시","S090001645","와부초등학교","02","공립","N","","4","79","19.8","4","89","22.3","4","107","26.8","5","133","26.6","6","134","22.3","7","183","26.1","0","0","0","0","0","0","30","725","24.2","38","19.1"
"경기도교육청","경기도구리남양주교육지원청","경기도 남양주시","S090001646","용신초등학교","02","공립","N","","1","18","18","1","19","19","1","22","22","2","25","12.5","2","30","15","2","41","20.5","1","6","6","0","0","0","10","161","16.1","13","12.4"
"경기도교육청","경기도구리남양주교육지원청","경기도 구리시","S090001648","인창초등학교","02","공립","N","","4","80","20","3","59","19.7","3","73","24.3","3","61","20.3","3","70","23.3","4","79","19.8","2","10","5","0","0","0","22","432","19.6","27","16"
"경기도교육청","경기도구리남양주교육지원청","경기도 남양주시","S090001649","장승초등학교","02","공립","N","","4","96","24","4","101","25.3","5","107","21.4","5","106","21.2","5","111","22.2","6","153","25.5","2","11","5.5","0","0","0","31","685","22.1","38","18"
"경기도교육청","경기도구리남양주교육지원청","경기도 구리시","S090001650","장자초등학교","02","공립","N","","3","62","20.7","3","53","17.7","3","73","24.3","4","95","23.8","5","111","22.2","5","118","23.6","0","0","0","0","0","0","23","512","22.3","28","18.3"
"경기도교육청","경기도구리남양주교육지원청","경기도 남양주시","S090001651","장현초등학교","02","공립","N","","3","62","20.7","4","89","22.3","4","84","21","5","108","21.6","4","95","23.8","6","130","21.7","2","10","5","0","0","0","28","578","20.6","32","18.1"
"경기도교육청","경기도구리남양주교육지원청","경기도 남양주시","S090001652","조안초등학교","02","공립","N","","1","8","8","1","10","10","1","8","8","1","8","8","1","9","9","1","16","16","0","0","0","0","0","0","6","59","9.8","7","8.4"
"경기도교육청","경기도구리남양주교육지원청","경기도 남양주시","S090001653","진건초등학교","02","공립","N","","2","43","21.5","2","45","22.5","2","45","22.5","2","39","19.5","3","67","22.3","4","79","19.8","2","8","4","0","0","0","17","326","19.2","21","15.5"
"경기도교육청","경기도구리남양주교육지원청","경기도 남양주시","S090001654","창현초등학교","02","공립","N","","4","83","20.8","5","117","23.4","5","107","21.4","5","123","24.6","5","122","24.4","6","141","23.5","1","5","5","0","0","0","31","698","22.5","38","18.4"
"경기도교육청","경기도구리남양주교육지원청","경기도 남양주시","S090001655","천마초등학교","02","공립","N","","4","85","21.3","4","81","20.3","5","105","21","5","110","22","5","125","25","7","150","21.4","3","17","5.7","0","0","0","33","673","20.4","40","16.8"
"경기도교육청","경기도구리남양주교육지원청","경기도 구리시","S090001657","토평초등학교","02","공립","N","","2","31","15.5","2","34","17","2","42","21","2","50","25","3","52","17.3","3","57","19","1","6","6","1","5","5","16","277","17.3","20","13.9"
"경기도교육청","경기도구리남양주교육지원청","경기도 남양주시","S090001658","퇴계원초등학교","02","공립","N","","2","38","19","3","56","18.7","3","66","22","3","54","18","3","60","20","3","71","23.7","2","8","4","1","5","5","20","358","17.9","25","14.3"
"경기도교육청","경기도구리남양주교육지원청","경기도 남양주시","S090001660","평내초등학교","02","공립","N","","3","80","26.7","3","72","24","3","67","22.3","3","68","22.7","3","70","23.3","3","60","20","1","5","5","0","0","0","19","422","22.2","24","17.6"
"경기도교육청","경기도구리남양주교육지원청","경기도 남양주시","S090001661","풍양초등학교","02","공립","N","","1","21","21","2","30","15","2","30","15","2","38","19","2","32","16","2","29","14.5","1","3","3","0","0","0","12","183","15.3","16","11.4"
"경기도교육청","경기도구리남양주교육지원청","경기도 남양주시","S090001662","호평초등학교","02","공립","N","","4","81","20.3","5","117","23.4","5","114","22.8","6","144","24","6","132","22","6","138","23","0","0","0","0","0","0","32","726","22.7","40","18.2"
"경기도교육청","경기도구리남양주교육지원청","경기도 남양주시","S090001663","화접초등학교","02","공립","N","","5","120","24","4","82","20.5","6","129","21.5","5","123","24.6","4","101","25.3","6","144","24","3","17","5.7","0","0","0","33","716","21.7","40","17.9"
"경기도교육청","경기도동두천양주교육지원청","경기도 양주시","S090001782","가납초등학교","02","공립","N","","2","37","18.5","3","51","17","3","53","17.7","2","43","21.5","3","64","21.3","3","76","25.3","2","8","4","0","0","0","18","332","18.4","22","15.1"
"경기도교육청","경기도동두천양주교육지원청","경기도 양주시","S090001784","고암초등학교","02","공립","N","","2","39","19.5","2","30","15","2","38","19","2","41","20.5","2","38","19","2","39","19.5","1","4","4","0","0","0","13","229","17.6","16","14.3"
"경기도교육청","경기도동두천양주교육지원청","경기도 양주시","S090001785","남면초등학교","02","공립","N","","1","17","17","1","23","23","2","26","13","1","20","20","1","22","22","2","30","15","1","6","6","0","0","0","9","144","16","11","13.1"
"경기도교육청","경기도동두천양주교육지원청","경기도 양주시","S090001786","남면초등학교양덕분교장","02","공립","N","","1","8","8","1","4","4","1","8","8","1","4","4","1","6","6","1","7","7","1","2","2","0","0","0","7","39","5.6","9","4.3"
"경기도교육청","경기도동두천양주교육지원청","경기도 양주시","S090001787","덕도초등학교","02","공립","N","","1","7","7","1","14","14","1","3","3","1","14","14","1","7","7","1","7","7","0","0","0","0","0","0","6","52","8.7","7","7.4"
"경기도교육청","경기도동두천양주교육지원청","경기도 양주시","S090001789","덕정초등학교","02","공립","N","","2","35","17.5","3","54","18","2","34","17","3","57","19","2","40","20","3","55","18.3","3","15","5","1","3","3","19","293","15.4","26","11.3"
"경기도교육청","경기도동두천양주교육지원청","경기도 동두천시","S090001791","동두천초등학교","02","공립","N","","2","34","17","2","30","15","2","40","20","2","36","18","2","46","23","2","28","14","2","12","6","0","0","0","14","226","16.1","19","11.9"
"경기도교육청","경기도동두천양주교육지원청","경기도 동두천시","S090001793","동보초등학교","02","공립","N","","1","22","22","2","33","16.5","2","25","12.5","1","16","16","1","23","23","1","21","21","1","6","6","0","0","0","9","146","16.2","12","12.2"
"경기도교육청","경기도동두천양주교육지원청","경기도 동두천시","S090001795","보산초등학교","02","공립","N","","2","17","8.5","2","22","11","3","41","13.7","2","31","15.5","2","42","21","3","36","12","2","10","5","0","0","0","16","199","12.4","19","10.5"
"경기도교육청","경기도동두천양주교육지원청","경기도 양주시","S090001796","봉암초등학교","02","공립","N","","1","5","5","1","9","9","1","11","11","1","5","5","1","8","8","1","7","7","0","0","0","0","0","0","6","45","7.5","7","6.4"
"경기도교육청","경기도동두천양주교육지원청","경기도 동두천시","S090001797","사동초등학교","02","공립","N","","3","58","19.3","3","58","19.3","3","63","21","3","66","22","3","66","22","3","70","23.3","2","14","7","0","0","0","20","395","19.8","27","14.6"
"경기도교육청","경기도동두천양주교육지원청","경기도 양주시","S090001798","산북초등학교","02","공립","N","","1","12","12","1","4","4","1","7","7","1","5","5","1","6","6","1","12","12","1","2","2","0","0","0","7","48","6.9","9","5.3"
"경기도교육청","경기도동두천양주교육지원청","경기도 양주시","S090001799","삼상초등학교","02","공립","N","","1","12","12","1","12","12","1","18","18","1","14","14","1","15","15","1","10","10","1","4","4","0","0","0","7","85","12.1","8","10.6"
"경기도교육청","경기도동두천양주교육지원청","경기도 양주시","S090001800","상수초등학교","02","공립","N","","1","17","17","1","17","17","1","15","15","1","15","15","1","15","15","1","14","14","0","0","0","0","0","0","6","93","15.5","7","13.3"
"경기도교육청","경기도동두천양주교육지원청","경기도 양주시","S090001801","상패초등학교","02","공립","N","","1","11","11","1","6","6","1","4","4","1","5","5","1","7","7","1","11","11","1","2","2","0","0","0","7","46","6.6","8","5.8"
"경기도교육청","경기도동두천양주교육지원청","경기도 동두천시","S090001802","생연초등학교","02","공립","N","","2","27","13.5","2","30","15","2","31","15.5","2","47","23.5","2","36","18","2","46","23","2","9","4.5","0","0","0","14","226","16.1","18","12.6"
"경기도교육청","경기도동두천양주교육지원청","경기도 동두천시","S090001803","소요초등학교","02","공립","N","","1","9","9","1","7","7","1","14","14","1","18","18","1","18","18","1","15","15","1","4","4","0","0","0","7","85","12.1","8","10.6"
"경기도교육청","경기도동두천양주교육지원청","경기도 양주시","S090001804","송추초등학교","02","공립","N","","2","25","12.5","1","17","17","1","16","16","2","25","12.5","1","17","17","1","19","19","2","7","3.5","0","0","0","10","126","12.6","12","10.5"
"경기도교육청","경기도동두천양주교육지원청","경기도 양주시","S090001806","양주덕산초등학교","02","공립","N","","4","94","23.5","4","92","23","5","109","21.8","4","79","19.8","4","103","25.8","5","113","22.6","2","14","7","0","0","0","28","604","21.6","33","18.3"
"경기도교육청","경기도동두천양주교육지원청","경기도 양주시","S090001807","양주덕현초등학교","02","공립","N","","4","85","21.3","5","116","23.2","5","130","26","5","120","24","6","144","24","7","158","22.6","2","10","5","0","0","0","34","763","22.4","40","19.1"
"경기도교육청","경기도동두천양주교육지원청","경기도 양주시","S090001808","양주백석초등학교","02","공립","N","","1","21","21","2","32","16","2","30","15","2","27","13.5","2","39","19.5","2","31","15.5","2","8","4","0","0","0","13","188","14.5","16","11.8"
"경기도교육청","경기도동두천양주교육지원청","경기도 양주시","S090001809","연곡초등학교","02","공립","N","","1","9","9","1","7","7","1","7","7","1","11","11","1","8","8","1","4","4","0","0","0","0","0","0","6","46","7.7","8","5.8"
"경기도교육청","경기도동두천양주교육지원청","경기도 양주시","S090001810","유양초등학교","02","공립","N","","1","7","7","1","6","6","1","5","5","1","5","5","1","6","6","1","6","6","0","0","0","0","0","0","6","35","5.8","7","5"
"경기도교육청","경기도동두천양주교육지원청","경기도 양주시","S090001812","은봉초등학교","02","공립","N","","2","40","20","2","38","19","2","45","22.5","3","69","23","3","58","19.3","3","70","23.3","1","5","5","0","0","0","16","325","20.3","19","17.1"
"경기도교육청","경기도동두천양주교육지원청","경기도 양주시","S090001813","은현초등학교","02","공립","N","","1","6","6","1","11","11","1","2","2","1","9","9","1","9","9","1","9","9","1","2","2","0","0","0","7","48","6.9","9","5.3"
"경기도교육청","경기도동두천양주교육지원청","경기도 동두천시","S090001814","지행초등학교","02","공립","N","","5","108","21.6","5","127","25.4","6","146","24.3","7","156","22.3","6","152","25.3","7","166","23.7","3","14","4.7","0","0","0","39","869","22.3","47","18.5"
"경기도교육청","경기도동두천양주교육지원청","경기도 양주시","S090001815","천보초등학교","02","공립","N","","8","183","22.9","6","148","24.7","6","147","24.5","6","129","21.5","6","158","26.3","6","137","22.8","2","11","5.5","0","0","0","40","913","22.8","47","19.4"
"경기도교육청","경기도동두천양주교육지원청","경기도 양주시","S090001816","칠봉초등학교","02","공립","N","","3","59","19.7","3","72","24","4","85","21.3","4","86","21.5","3","76","25.3","3","70","23.3","1","6","6","0","0","0","21","454","21.6","26","17.5"
"경기도교육청","경기도동두천양주교육지원청","경기도 동두천시","S090001817","탑동초등학교","02","공립","N","","1","23","23","1","13","13","1","16","16","1","20","20","1","12","12","1","7","7","1","1","1","0","0","0","7","92","13.1","8","11.5"
"경기도교육청","경기도동두천양주교육지원청","경기도 양주시","S090001819","회정초등학교","02","공립","N","","2","36","18","2","33","16.5","2","37","18.5","2","33","16.5","2","39","19.5","2","38","19","1","5","5","0","0","0","13","221","17","17","13"
"경기도교육청","경기도동두천양주교육지원청","경기도 양주시","S090001820","회천초등학교","02","공립","N","","2","51","25.5","3","74","24.7","4","80","20","3","73","24.3","4","90","22.5","4","97","24.3","2","7","3.5","0","0","0","22","472","21.5","27","17.5"
"경기도교육청","경기도동두천양주교육지원청","경기도 양주시","S090001821","효촌초등학교","02","공립","N","","1","7","7","1","7","7","1","8","8","1","6","6","1","8","8","1","10","10","0","0","0","0","0","0","6","46","7.7","9","5.1"
"경기도교육청","경기도부천교육지원청","경기도 부천시 원미구","S090001914","계남초등학교","02","공립","N","","7","198","28.3","8","203","25.4","8","199","24.9","7","202","28.9","8","208","26","8","194","24.3","1","7","7","0","0","0","47","1211","25.8","56","21.6"
"경기도교육청","경기도부천교육지원청","경기도 부천시 오정구","S090001915","고강초등학교","02","공립","N","","3","75","25","3","68","22.7","3","71","23.7","3","79","26.3","3","74","24.7","4","94","23.5","2","8","4","0","0","0","21","469","22.3","27","17.4"
"경기도교육청","경기도부천교육지원청","경기도 부천시 오정구","S090001916","고리울초등학교","02","공립","N","","2","31","15.5","2","43","21.5","2","49","24.5","2","43","21.5","3","56","18.7","3","72","24","2","10","5","0","0","0","16","304","19","21","14.5"
"경기도교육청","경기도부천교육지원청","경기도 부천시 오정구","S090001918","까치울초등학교","02","공립","N","","1","17","17","1","15","15","1","23","23","2","34","17","2","23","11.5","2","35","17.5","2","10","5","0","0","0","11","157","14.3","13","12.1"
"경기도교육청","경기도부천교육지원청","경기도 부천시 원미구","S090001944","도당초등학교","02","공립","N","","4","101","25.3","5","116","23.2","5","128","25.6","7","169","24.1","6","134","22.3","7","178","25.4","3","21","7","0","0","0","37","847","22.9","45","18.8"
"경기도교육청","경기도부천교육지원청","경기도 부천시 소사구","S090001945","도원초등학교","02","공립","N","","4","61","15.3","3","60","20","3","52","17.3","3","66","22","3","53","17.7","3","64","21.3","2","11","5.5","0","0","0","21","367","17.5","26","14.1"
"경기도교육청","경기도부천교육지원청","경기도 부천시 원미구","S090001946","동곡초등학교","02","공립","N","","4","82","20.5","3","76","25.3","5","111","22.2","4","94","23.5","4","103","25.8","4","92","23","1","4","4","0","0","0","25","562","22.5","34","16.5"
"경기도교육청","경기도부천교육지원청","경기도 부천시 소사구","S090001953","범박초등학교","02","공립","N","","6","157","26.2","6","145","24.2","5","140","28","5","138","27.6","5","118","23.6","5","131","26.2","2","10","5","0","0","0","34","839","24.7","43","19.5"
"경기도교육청","경기도부천교육지원청","경기도 부천시 소사구","S090001954","복사초등학교","02","공립","N","","4","90","22.5","2","46","23","2","47","23.5","1","8","8","1","12","12","1","17","17","1","2","2","0","0","0","12","222","18.5","15","14.8"
"경기도교육청","경기도부천교육지원청","경기도 부천시 원미구","S090001956","부광초등학교","02","공립","N","","1","21","21","2","30","15","1","22","22","2","32","16","2","33","16.5","2","49","24.5","2","10","5","0","0","0","12","197","16.4","15","13.1"
"경기도교육청","경기도부천교육지원청","경기도 부천시 원미구","S090001957","부명초등학교","02","공립","N","","3","61","20.3","3","66","22","3","74","24.7","4","77","19.3","4","82","20.5","3","69","23","1","7","7","0","0","0","21","436","20.8","27","16.1"
"경기도교육청","경기도부천교육지원청","경기도 부천시 소사구","S090001959","부원초등학교","02","공립","N","","4","81","20.3","4","84","21","4","91","22.8","3","75","25","3","68","22.7","4","87","21.8","0","0","0","0","0","0","22","486","22.1","27","18"
"경기도교육청","경기도부천교육지원청","경기도 부천시 원미구","S090001960","부인초등학교","02","공립","N","","3","74","24.7","3","59","19.7","3","67","22.3","3","61","20.3","3","68","22.7","3","76","25.3","2","10","5","0","0","0","20","415","20.8","24","17.3"
"경기도교육청","경기도부천교육지원청","경기도 부천시 원미구","S090001961","부일초등학교","02","공립","N","","2","52","26","2","44","22","2","43","21.5","2","48","24","2","36","18","2","42","21","2","10","5","1","4","4","15","279","18.6","19","14.7"
"경기도교육청","경기도부천교육지원청","경기도 부천시 소사구","S090001962","부천남초등학교","02","공립","N","","3","54","18","5","101","20.2","3","74","24.7","4","82","20.5","4","82","20.5","4","95","23.8","2","12","6","0","0","0","25","500","20","30","16.7"
"경기도교육청","경기도부천교육지원청","경기도 부천시 오정구","S090001963","부천대명초등학교","02","공립","N","","3","68","22.7","4","79","19.8","3","67","22.3","4","80","20","4","93","23.3","4","82","20.5","2","12","6","0","0","0","24","481","20","33","14.6"
"경기도교육청","경기도부천교육지원청","경기도 부천시 오정구","S090001964","부천덕산초등학교","02","공립","N","","3","50","16.7","4","79","19.8","3","67","22.3","3","76","25.3","3","66","22","5","118","23.6","2","12","6","0","0","0","23","468","20.3","28","16.7"
"경기도교육청","경기도부천교육지원청","경기도 부천시 원미구","S090001966","부천동초등학교","02","공립","N","","3","52","17.3","3","67","22.3","3","64","21.3","3","72","24","3","71","23.7","4","86","21.5","2","8","4","0","0","0","21","420","20","26","16.2"
"경기도교육청","경기도부천교육지원청","경기도 부천시 원미구","S090001967","부천부곡초등학교","02","공립","N","","2","36","18","2","50","25","3","51","17","3","67","22.3","3","64","21.3","3","62","20.7","2","10","5","0","0","0","18","340","18.9","23","14.8"
"경기도교육청","경기도부천교육지원청","경기도 부천시 소사구","S090001968","부천부안초등학교","02","공립","N","","3","69","23","3","73","24.3","3","57","19","3","65","21.7","3","64","21.3","3","75","25","1","5","5","0","0","0","19","408","21.5","26","15.7"
"경기도교육청","경기도부천교육지원청","경기도 부천시 원미구","S090001969","부천부흥초등학교","02","공립","N","","3","69","23","4","85","21.3","4","98","24.5","4","95","23.8","4","84","21","5","120","24","1","7","7","0","0","0","25","558","22.3","34","16.4"
"경기도교육청","경기도부천교육지원청","경기도 부천시 원미구","S090001970","부천북초등학교","02","공립","N","","4","80","20","5","109","21.8","5","119","23.8","6","144","24","6","146","24.3","7","171","24.4","3","20","6.7","0","0","0","36","789","21.9","44","17.9"
"경기도교육청","경기도부천교육지원청","경기도 부천시 오정구","S090001971","부천삼정초등학교","02","공립","N","","2","47","23.5","2","46","23","2","49","24.5","2","47","23.5","2","41","20.5","4","70","17.5","2","9","4.5","0","0","0","16","309","19.3","20","15.5"
"경기도교육청","경기도부천교육지원청","경기도 부천시 원미구","S090001972","부천서초등학교","02","공립","N","","4","92","23","5","108","21.6","5","122","24.4","4","88","22","4","99","24.8","5","124","24.8","2","12","6","0","0","0","29","645","22.2","36","17.9"
"경기도교육청","경기도부천교육지원청","경기도 부천시 오정구","S090001973","부천수주초등학교","02","공립","N","","2","40","20","3","59","19.7","2","49","24.5","3","73","24.3","3","79","26.3","3","67","22.3","1","5","5","0","0","0","17","372","21.9","21","17.7"
"경기도교육청","경기도부천교육지원청","경기도 부천시 원미구","S090001974","부천신흥초등학교","02","공립","N","","3","52","17.3","3","64","21.3","3","53","17.7","3","65","21.7","3","59","19.7","3","66","22","2","11","5.5","0","0","0","20","370","18.5","27","13.7"
"경기도교육청","경기도부천교육지원청","경기도 부천시 오정구","S090001975","부천여월초등학교","02","공립","N","","3","61","20.3","3","78","26","4","81","20.3","3","68","22.7","4","87","21.8","4","82","20.5","1","6","6","0","0","0","22","463","21","26","17.8"
"경기도교육청","경기도부천교육지원청","경기도 부천시 원미구","S090001976","부천역곡초등학교","02","공립","N","","3","59","19.7","4","89","22.3","4","88","22","4","96","24","4","84","21","5","114","22.8","1","7","7","0","0","0","25","537","21.5","33","16.3"
"경기도교육청","경기도부천교육지원청","경기도 부천시 오정구","S090001977","부천원일초등학교","02","공립","N","","2","36","18","2","38","19","2","40","20","3","60","20","2","35","17.5","3","63","21","2","9","4.5","0","0","0","16","281","17.6","20","14.1"
"경기도교육청","경기도부천교육지원청","경기도 부천시 원미구","S090001978","부천중앙초등학교","02","공립","N","","4","79","19.8","4","107","26.8","4","92","23","4","105","26.3","4","93","23.3","5","108","21.6","2","12","6","0","0","0","27","596","22.1","36","16.6"
"경기도교육청","경기도부천교육지원청","경기도 부천시 원미구","S090001979","부천중원초등학교","02","공립","N","","2","32","16","2","35","17.5","1","20","20","2","32","16","1","25","25","2","44","22","0","0","0","0","0","0","10","188","18.8","12","15.7"
"경기도교육청","경기도부천교육지원청","경기도 부천시 원미구","S090001980","부천초등학교","02","공립","N","","3","77","25.7","3","79","26.3","4","89","22.3","4","98","24.5","4","92","23","3","79","26.3","1","6","6","0","0","0","22","520","23.6","26","20"
"경기도교육청","경기도부천교육지원청","경기도 부천시 원미구","S090001987","상도초등학교","02","공립","N","","2","37","18.5","4","75","18.8","3","65","21.7","2","48","24","3","77","25.7","3","57","19","1","6","6","0","0","0","18","365","20.3","23","15.9"
"경기도교육청","경기도부천교육지원청","경기도 부천시 원미구","S090001988","상동초등학교","02","공립","N","","5","125","25","5","126","25.2","6","157","26.2","6","148","24.7","5","132","26.4","5","115","23","2","14","7","0","0","0","34","817","24","41","19.9"
"경기도교육청","경기도부천교육지원청","경기도 부천시 원미구","S090001989","상원초등학교","02","공립","N","","2","43","21.5","2","47","23.5","3","68","22.7","3","69","23","3","61","20.3","3","67","22.3","2","14","7","0","0","0","18","369","20.5","23","16"
"경기도교육청","경기도부천교육지원청","경기도 부천시 원미구","S090001990","상인초등학교","02","공립","N","","5","117","23.4","6","141","23.5","6","150","25","6","158","26.3","7","165","23.6","7","180","25.7","2","7","3.5","0","0","0","39","918","23.5","46","20"
"경기도교육청","경기도부천교육지원청","경기도 부천시 원미구","S090001991","상일초등학교","02","공립","N","","6","135","22.5","6","155","25.8","7","169","24.1","8","210","26.3","7","175","25","9","225","25","1","3","3","0","0","0","44","1072","24.4","56","19.1"
"경기도교육청","경기도부천교육지원청","경기도 부천시 원미구","S090001992","상지초등학교","02","공립","N","","2","35","17.5","2","36","18","2","41","20.5","2","42","21","2","43","21.5","3","62","20.7","1","3","3","0","0","0","14","262","18.7","17","15.4"
"경기도교육청","경기도부천교육지원청","경기도 부천시 소사구","S090002001","성주초등학교","02","공립","N","","4","91","22.8","4","99","24.8","4","98","24.5","4","94","23.5","4","98","24.5","4","101","25.3","1","7","7","0","0","0","25","588","23.5","32","18.4"
"경기도교육청","경기도부천교육지원청","경기도 부천시 소사구","S090002002","소사초등학교","02","공립","N","","6","144","24","6","142","23.7","5","129","25.8","4","100","25","5","129","25.8","5","109","21.8","3","20","6.7","0","0","0","34","773","22.7","41","18.9"
"경기도교육청","경기도부천교육지원청","경기도 부천시 원미구","S090002003","송내초등학교","02","공립","N","","1","18","18","1","17","17","1","22","22","1","21","21","2","26","13","2","46","23","1","7","7","0","0","0","9","157","17.4","12","13.1"
"경기도교육청","경기도부천교육지원청","경기도 부천시 원미구","S090002007","신도초등학교","02","공립","N","","4","93","23.3","4","104","26","4","97","24.3","5","119","23.8","4","100","25","4","91","22.8","2","9","4.5","0","0","0","27","613","22.7","34","18"
"경기도교육청","경기도부천교육지원청","경기도 부천시 소사구","S090002011","소일초등학교","02","공립","N","","2","41","20.5","2","43","21.5","2","51","25.5","2","47","23.5","3","57","19","2","50","25","1","4","4","0","0","0","14","293","20.9","18","16.3"
"경기도교육청","경기도부천교육지원청","경기도 부천시 원미구","S090002015","심곡초등학교","02","공립","N","","4","80","20","4","92","23","4","89","22.3","4","78","19.5","3","76","25.3","4","87","21.8","2","14","7","0","0","0","25","516","20.6","31","16.6"
"경기도교육청","경기도부천교육지원청","경기도 부천시 원미구","S090002016","심원초등학교","02","공립","N","","4","107","26.8","6","135","22.5","4","101","25.3","5","116","23.2","5","132","26.4","5","125","25","1","7","7","0","0","0","30","723","24.1","38","19"
"경기도교육청","경기도부천교육지원청","경기도 부천시 원미구","S090002017","약대초등학교","02","공립","N","","2","29","14.5","2","26","13","2","36","18","2","34","17","2","37","18.5","2","46","23","1","7","7","0","0","0","13","215","16.5","19","11.3"
"경기도교육청","경기도부천교육지원청","경기도 부천시 오정구","S090002022","오정초등학교","02","공립","N","","3","48","16","3","65","21.7","3","72","24","4","85","21.3","4","82","20.5","4","89","22.3","2","14","7","0","0","0","23","455","19.8","30","15.2"
"경기도교육청","경기도부천교육지원청","경기도 부천시 원미구","S090002026","원미초등학교","02","공립","N","","4","94","23.5","5","107","21.4","4","84","21","5","111","22.2","5","94","18.8","4","99","24.8","2","13","6.5","0","0","0","29","602","20.8","36","16.7"
"경기도교육청","경기도부천교육지원청","경기도 부천시 오정구","S090002027","원종초등학교","02","공립","N","","3","57","19","4","75","18.8","4","91","22.8","4","91","22.8","4","81","20.3","5","110","22","2","14","7","0","0","0","26","519","20","32","16.2"
"경기도교육청","경기도부천교육지원청","경기도 부천시 원미구","S090002038","중흥초등학교","02","공립","N","","5","132","26.4","5","110","22","5","125","25","6","135","22.5","6","132","22","6","144","24","1","6","6","0","0","0","34","784","23.1","42","18.7"
"경기도교육청","경기도부천교육지원청","경기도 부천시 소사구","S090002039","창영초등학교","02","공립","N","","4","86","21.5","4","86","21.5","4","91","22.8","3","63","21","5","121","24.2","5","107","21.4","2","11","5.5","0","0","0","27","565","20.9","33","17.1"
"경기도교육청","경기도성남교육지원청","경기도 성남시 중원구","S090002210","검단초등학교","02","공립","N","","3","50","16.7","3","75","25","3","63","21","3","66","22","3","65","21.7","3","78","26","3","16","5.3","0","0","0","21","413","19.7","25","16.5"
"경기도교육청","경기도성남교육지원청","경기도 성남시 분당구","S090002211","구미초등학교","02","공립","N","","4","80","20","3","77","25.7","4","102","25.5","4","98","24.5","4","93","23.3","4","85","21.3","1","5","5","0","0","0","24","540","22.5","29","18.6"
"경기도교육청","경기도성남교육지원청","경기도 성남시 수정구","S090002214","금빛초등학교","02","공립","N","","2","26","13","2","32","16","2","45","22.5","2","42","21","3","58","19.3","2","49","24.5","2","7","3.5","0","0","0","15","259","17.3","19","13.6"
"경기도교육청","경기도성남교육지원청","경기도 성남시 중원구","S090002215","금상초등학교","02","공립","N","","5","121","24.2","6","130","21.7","4","98","24.5","4","88","22","3","75","25","3","71","23.7","1","9","9","0","0","0","26","592","22.8","33","17.9"
"경기도교육청","경기도성남교육지원청","경기도 성남시 분당구","S090002216","낙생초등학교","02","공립","N","","7","171","24.4","6","155","25.8","8","185","23.1","7","167","23.9","8","205","25.6","9","221","24.6","3","19","6.3","0","0","0","48","1123","23.4","57","19.7"
"경기도교육청","경기도성남교육지원청","경기도 성남시 분당구","S090002217","내정초등학교","02","공립","N","","5","132","26.4","6","160","26.7","7","192","27.4","8","207","25.9","8","215","26.9","10","244","24.4","0","0","0","0","0","0","44","1150","26.1","53","21.7"
"경기도교육청","경기도성남교육지원청","경기도 성남시 중원구","S090002218","단남초등학교","02","공립","N","","4","86","21.5","4","93","23.3","4","85","21.3","3","70","23.3","3","59","19.7","3","61","20.3","2","13","6.5","0","0","0","23","467","20.3","28","16.7"
"경기도교육청","경기도성남교육지원청","경기도 성남시 수정구","S090002219","단대초등학교","02","공립","N","","4","92","23","5","102","20.4","5","115","23","5","107","21.4","4","94","23.5","7","156","22.3","3","18","6","0","0","0","33","684","20.7","40","17.1"
"경기도교육청","경기도성남교육지원청","경기도 성남시 분당구","S090002221","당촌초등학교","02","공립","N","","4","85","21.3","4","104","26","6","141","23.5","5","134","26.8","5","132","26.4","6","147","24.5","0","0","0","0","0","0","30","743","24.8","39","19.1"
"경기도교육청","경기도성남교육지원청","경기도 성남시 중원구","S090002223","대일초등학교","02","공립","N","","2","27","13.5","2","31","15.5","3","50","16.7","2","46","23","2","43","21.5","3","50","16.7","2","10","5","0","0","0","16","257","16.1","20","12.9"
"경기도교육청","경기도성남교육지원청","경기도 성남시 중원구","S090002224","대하초등학교","02","공립","N","","3","59","19.7","4","83","20.8","4","78","19.5","4","95","23.8","4","97","24.3","6","133","22.2","1","7","7","0","0","0","26","552","21.2","33","16.7"
"경기도교육청","경기도성남교육지원청","경기도 성남시 분당구","S090002225","돌마초등학교","02","공립","N","","3","66","22","3","66","22","4","79","19.8","3","74","24.7","3","70","23.3","3","68","22.7","1","8","8","0","0","0","20","431","21.6","25","17.2"
"경기도교육청","경기도성남교육지원청","경기도 성남시 분당구","S090002227","백현초등학교","02","공립","N","","1","6","6","1","7","7","1","18","18","1","10","10","1","15","15","1","17","17","1","4","4","0","0","0","7","77","11","9","8.6"
"경기도교육청","경기도성남교육지원청","경기도 성남시 수정구","S090002228","복정초등학교","02","공립","N","","2","33","16.5","2","40","20","2","41","20.5","2","44","22","2","36","18","2","33","16.5","1","6","6","0","0","0","13","233","17.9","17","13.7"
"경기도교육청","경기도성남교육지원청","경기도 성남시 분당구","S090002229","분당초등학교","02","공립","N","","4","97","24.3","4","108","27","6","153","25.5","6","150","25","7","174","24.9","8","192","24","1","5","5","0","0","0","36","879","24.4","44","20"
"경기도교육청","경기도성남교육지원청","경기도 성남시 분당구","S090002230","불곡초등학교","02","공립","N","","3","53","17.7","3","82","27.3","3","76","25.3","4","83","20.8","4","100","25","4","87","21.8","1","6","6","0","0","0","22","487","22.1","28","17.4"
"경기도교육청","경기도성남교육지원청","경기도 성남시 분당구","S090002231","불정초등학교","02","공립","N","","3","79","26.3","5","116","23.2","6","133","22.2","5","132","26.4","5","128","25.6","6","133","22.2","0","0","0","0","0","0","30","721","24","38","19"
"경기도교육청","경기도성남교육지원청","경기도 성남시 중원구","S090002232","상대원초등학교","02","공립","N","","1","20","20","1","20","20","2","33","16.5","1","19","19","2","33","16.5","2","29","14.5","2","9","4.5","0","0","0","11","163","14.8","14","11.6"
"경기도교육청","경기도성남교육지원청","경기도 성남시 중원구","S090002234","상원초등학교","02","공립","N","","2","44","22","2","41","20.5","3","55","18.3","3","52","17.3","3","62","20.7","4","76","19","2","12","6","0","0","0","19","342","18","22","15.5"
"경기도교육청","경기도성남교육지원청","경기도 성남시 분당구","S090002235","상탑초등학교","02","공립","N","","3","52","17.3","2","45","22.5","3","64","21.3","3","51","17","3","64","21.3","3","60","20","2","13","6.5","0","0","0","19","349","18.4","24","14.5"
"경기도교육청","경기도성남교육지원청","경기도 성남시 분당구","S090002236","서당초등학교","02","공립","N","","4","88","22","5","130","26","5","124","24.8","5","127","25.4","6","147","24.5","6","151","25.2","0","0","0","0","0","0","31","767","24.7","38","20.2"
"경기도교육청","경기도성남교육지원청","경기도 성남시 분당구","S090002237","서현초등학교","02","공립","N","","5","129","25.8","5","111","22.2","6","160","26.7","7","172","24.6","7","171","24.4","8","207","25.9","0","0","0","0","0","0","38","950","25","47","20.2"
"경기도교육청","경기도성남교육지원청","경기도 성남시 중원구","S090002238","성남동초등학교","02","공립","N","","2","44","22","3","66","22","3","50","16.7","3","53","17.7","3","70","23.3","3","61","20.3","2","9","4.5","0","0","0","19","353","18.6","23","15.3"
"경기도교육청","경기도성남교육지원청","경기도 성남시 분당구","S090002239","성남매송초등학교","02","공립","N","","4","89","22.3","4","107","26.8","6","137","22.8","5","112","22.4","5","128","25.6","6","156","26","0","0","0","0","0","0","30","729","24.3","37","19.7"
"경기도교육청","경기도성남교육지원청","경기도 성남시 분당구","S090002240","성남미금초등학교","02","공립","N","","4","83","20.8","4","87","21.8","5","107","21.4","5","129","25.8","5","117","23.4","5","126","25.2","1","7","7","0","0","0","29","656","22.6","37","17.7"
"경기도교육청","경기도성남교육지원청","경기도 성남시 수정구","S090002241","성남북초등학교","02","공립","N","","2","34","17","2","31","15.5","1","21","21","1","21","21","1","16","16","2","23","11.5","1","6","6","0","0","0","10","152","15.2","14","10.9"
"경기도교육청","경기도성남교육지원청","경기도 성남시 수정구","S090002242","성남서초등학교","02","공립","N","","2","33","16.5","2","37","18.5","2","32","16","2","24","12","1","17","17","2","27","13.5","1","4","4","0","0","0","12","174","14.5","14","12.4"
"경기도교육청","경기도성남교육지원청","경기도 성남시 분당구","S090002243","성남신기초등학교","02","공립","N","","3","58","19.3","3","71","23.7","3","65","21.7","3","71","23.7","3","68","22.7","4","97","24.3","1","6","6","0","0","0","20","436","21.8","24","18.2"
"경기도교육청","경기도성남교육지원청","경기도 성남시 수정구","S090002244","성남신흥초등학교","02","공립","N","","4","95","23.8","5","115","23","5","111","22.2","4","83","20.8","3","72","24","3","67","22.3","0","0","0","0","0","0","24","543","22.6","30","18.1"
"경기도교육청","경기도성남교육지원청","경기도 성남시 중원구","S090002245","성남은행초등학교","02","공립","N","","3","57","19","2","51","25.5","3","67","22.3","3","61","20.3","3","68","22.7","3","65","21.7","2","8","4","0","0","0","19","377","19.8","24","15.7"
"경기도교육청","경기도성남교육지원청","경기도 성남시 분당구","S090002246","성남장안초등학교","02","공립","N","","3","68","22.7","4","79","19.8","4","101","25.3","3","70","23.3","4","76","19","4","92","23","2","11","5.5","0","0","0","24","497","20.7","29","17.1"
"경기도교육청","경기도성남교육지원청","경기도 성남시 중원구","S090002247","성남제일초등학교","02","공립","N","","5","120","24","4","91","22.8","4","100","25","4","100","25","4","81","20.3","4","85","21.3","1","6","6","0","0","0","26","583","22.4","33","17.7"
"경기도교육청","경기도성남교육지원청","경기도 성남시 수정구","S090002248","성남수정초등학교","02","공립","N","","2","46","23","2","44","22","3","54","18","3","68","22.7","3","65","21.7","5","86","17.2","2","11","5.5","0","0","0","20","374","18.7","25","15"
"경기도교육청","경기도성남교육지원청","경기도 성남시 중원구","S090002249","성남중앙초등학교","02","공립","N","","2","43","21.5","3","72","24","4","79","19.8","3","76","25.3","4","95","23.8","4","88","22","2","9","4.5","0","0","0","22","462","21","27","17.1"
"경기도교육청","경기도성남교육지원청","경기도 성남시 수정구","S090002250","성남초등학교","02","공립","N","","3","71","23.7","3","72","24","5","106","21.2","5","104","20.8","5","110","22","6","139","23.2","3","19","6.3","0","0","0","30","621","20.7","39","15.9"
"경기도교육청","경기도성남교육지원청","경기도 성남시 수정구","S090002251","성수초등학교","02","공립","N","","3","60","20","3","65","21.7","4","78","19.5","3","65","21.7","3","66","22","3","72","24","1","5","5","0","0","0","20","411","20.6","26","15.8"
"경기도교육청","경기도성남교육지원청","경기도 성남시 분당구","S090002252","수내초등학교","02","공립","N","","5","118","23.6","5","121","24.2","6","160","26.7","7","184","26.3","10","251","25.1","9","212","23.6","0","0","0","0","0","0","42","1046","24.9","51","20.5"
"경기도교육청","경기도성남교육지원청","경기도 성남시 수정구","S090002253","수진초등학교","02","공립","N","","3","58","19.3","3","67","22.3","3","69","23","5","104","20.8","4","102","25.5","5","125","25","3","14","4.7","0","0","0","26","539","20.7","33","16.3"
"경기도교육청","경기도성남교육지원청","경기도 성남시 분당구","S090002256","안말초등학교","02","공립","N","","4","94","23.5","5","105","21","4","100","25","5","108","21.6","4","100","25","4","91","22.8","1","6","6","0","0","0","27","604","22.4","32","18.9"
"경기도교육청","경기도성남교육지원청","경기도 성남시 분당구","S090002257","야탑초등학교","02","공립","N","","4","99","24.8","5","108","21.6","5","121","24.2","4","101","25.3","4","82","20.5","5","119","23.8","2","11","5.5","0","0","0","29","641","22.1","35","18.3"
"경기도교육청","경기도성남교육지원청","경기도 성남시 분당구","S090002258","양영초등학교","02","공립","N","","1","20","20","1","16","16","2","33","16.5","2","31","15.5","2","33","16.5","2","28","14","0","0","0","0","0","0","10","161","16.1","12","13.4"
"경기도교육청","경기도성남교육지원청","경기도 성남시 분당구","S090002259","오리초등학교","02","공립","N","","1","20","20","1","11","11","1","15","15","2","23","11.5","1","19","19","1","21","21","1","4","4","0","0","0","8","113","14.1","10","11.3"
"경기도교육청","경기도성남교육지원청","경기도 성남시 수정구","S090002260","왕남초등학교","02","공립","N","","6","130","21.7","5","104","20.8","5","126","25.2","4","81","20.3","3","62","20.7","3","67","22.3","1","3","3","0","0","0","27","573","21.2","33","17.4"
"경기도교육청","경기도성남교육지원청","경기도 성남시 분당구","S090002262","이매초등학교","02","공립","N","","4","88","22","4","92","23","5","112","22.4","5","126","25.2","4","105","26.3","5","131","26.2","0","0","0","0","0","0","27","654","24.2","35","18.7"
"경기도교육청","경기도성남교육지원청","경기도 성남시 중원구","S090002267","중부초등학교","02","공립","N","","3","50","16.7","3","55","18.3","3","64","21.3","3","60","20","3","60","20","4","88","22","1","4","4","0","0","0","20","381","19.1","25","15.2"
"경기도교육청","경기도성남교육지원청","경기도 성남시 중원구","S090002269","중원초등학교","02","공립","N","","4","81","20.3","3","65","21.7","3","71","23.7","4","80","20","4","93","23.3","4","92","23","2","12","6","0","0","0","24","494","20.6","29","17"
"경기도교육청","경기도성남교육지원청","경기도 성남시 분당구","S090002270","중탑초등학교","02","공립","N","","3","58","19.3","4","81","20.3","3","75","25","4","89","22.3","3","70","23.3","4","83","20.8","1","6","6","1","4","4","23","466","20.3","27","17.3"
"경기도교육청","경기도성남교육지원청","경기도 성남시 분당구","S090002271","청솔초등학교","02","공립","N","","3","53","17.7","3","53","17.7","2","41","20.5","2","46","23","2","36","18","2","36","18","1","9","9","1","3","3","16","277","17.3","20","13.9"
"경기도교육청","경기도성남교육지원청","경기도 성남시 분당구","S090002272","초림초등학교","02","공립","N","","5","136","27.2","6","173","28.8","6","178","29.7","7","198","28.3","8","220","27.5","8","244","30.5","0","0","0","0","0","0","40","1149","28.7","49","23.4"
"경기도교육청","경기도성남교육지원청","경기도 성남시 분당구","S090002273","탄천초등학교","02","공립","N","","3","54","18","3","51","17","3","70","23.3","3","81","27","4","94","23.5","3","70","23.3","1","9","9","0","0","0","20","429","21.5","24","17.9"
"경기도교육청","경기도성남교육지원청","경기도 성남시 수정구","S090002274","태평초등학교","02","공립","N","","1","22","22","1","24","24","2","31","15.5","1","26","26","2","40","20","2","33","16.5","0","0","0","0","0","0","9","176","19.6","14","12.6"
"경기도교육청","경기도성남교육지원청","경기도 성남시 중원구","S090002275","하원초등학교","02","공립","N","","5","107","21.4","4","82","20.5","4","95","23.8","3","76","25.3","4","78","19.5","4","82","20.5","1","7","7","0","0","0","25","527","21.1","32","16.5"
"경기도교육청","경기도성남교육지원청","경기도 성남시 분당구","S090002276","하탑초등학교","02","공립","N","","4","83","20.8","4","90","22.5","4","97","24.3","5","120","24","5","113","22.6","5","123","24.6","2","10","5","0","0","0","29","636","21.9","35","18.2"
"경기도교육청","경기도성남교육지원청","경기도 성남시 분당구","S090002277","한솔초등학교","02","공립","N","","2","27","13.5","2","21","10.5","1","7","7","1","11","11","1","21","21","1","13","13","1","6","6","0","0","0","9","106","11.8","12","8.8"
"경기도교육청","경기도성남교육지원청","경기도 성남시 수정구","S090002278","희망대초등학교","02","공립","N","","6","138","23","5","124","24.8","4","104","26","5","113","22.6","4","91","22.8","4","95","23.8","2","13","6.5","0","0","0","30","678","22.6","36","18.8"
"경기도교육청","경기도수원교육지원청","경기도 수원시 권선구","S090002444","고색초등학교","02","공립","N","","2","40","20","3","71","23.7","3","66","22","3","66","22","3","77","25.7","3","76","25.3","2","10","5","0","0","0","19","406","21.4","22","18.5"
"경기도교육청","경기도수원교육지원청","경기도 수원시 권선구","S090002445","고현초등학교","02","공립","N","","2","27","13.5","1","24","24","1","23","23","1","23","23","1","17","17","2","30","15","1","5","5","0","0","0","9","149","16.6","11","13.5"
"경기도교육청","경기도수원교육지원청","경기도 수원시 권선구","S090002446","곡반초등학교","02","공립","N","","5","113","22.6","6","143","23.8","5","123","24.6","6","154","25.7","5","119","23.8","5","120","24","2","11","5.5","0","0","0","34","783","23","40","19.6"
"경기도교육청","경기도수원교육지원청","경기도 수원시 권선구","S090002447","곡선초등학교","02","공립","N","","5","104","20.8","5","114","22.8","6","144","24","5","114","22.8","4","94","23.5","4","102","25.5","2","11","5.5","0","0","0","31","683","22","41","16.7"
"경기도교육청","경기도수원교육지원청","경기도 수원시 권선구","S090002448","구운초등학교","02","공립","N","","3","59","19.7","3","51","17","3","54","18","3","64","21.3","3","55","18.3","4","88","22","2","10","5","1","3","3","22","384","17.5","27","14.2"
"경기도교육청","경기도수원교육지원청","경기도 수원시 권선구","S090002449","권선초등학교","02","공립","N","","7","170","24.3","7","174","24.9","6","146","24.3","6","142","23.7","5","120","24","6","138","23","2","10","5","0","0","0","39","900","23.1","46","19.6"
"경기도교육청","경기도수원교육지원청","경기도 수원시 권선구","S090002450","남수원초등학교","02","공립","N","","3","63","21","4","86","21.5","4","78","19.5","4","79","19.8","3","72","24","4","82","20.5","3","17","5.7","0","0","0","25","477","19.1","29","16.4"
"경기도교육청","경기도수원교육지원청","경기도 수원시 팔달구","S090002451","남창초등학교","02","공립","N","","1","15","15","1","21","21","1","15","15","1","21","21","1","10","10","1","20","20","1","5","5","0","0","0","7","107","15.3","9","11.9"
"경기도교육청","경기도수원교육지원청","경기도 수원시 권선구","S090002452","당수초등학교","02","공립","N","","3","76","25.3","4","99","24.8","4","84","21","4","79","19.8","4","81","20.3","5","108","21.6","1","6","6","0","0","0","25","533","21.3","31","17.2"
"경기도교육청","경기도수원교육지원청","경기도 수원시 장안구","S090002453","대평초등학교","02","공립","N","","2","29","14.5","2","45","22.5","3","64","21.3","3","68","22.7","4","106","26.5","5","109","21.8","1","6","6","0","0","0","20","427","21.4","24","17.8"
"경기도교육청","경기도수원교육지원청","경기도 수원시 영통구","S090002454","동수원초등학교","02","공립","N","","2","37","18.5","2","40","20","3","55","18.3","3","58","19.3","3","61","20.3","4","78","19.5","1","3","3","0","0","0","18","332","18.4","21","15.8"
"경기도교육청","경기도수원교육지원청","경기도 수원시 장안구","S090002455","수원동신초등학교","02","공립","N","","3","61","20.3","3","74","24.7","3","71","23.7","4","84","21","4","96","24","4","107","26.8","0","0","0","0","0","0","21","493","23.5","25","19.7"
"경기도교육청","경기도수원교육지원청","경기도 수원시 팔달구","S090002456","매산초등학교","02","공립","N","","6","145","24.2","5","119","23.8","4","104","26","4","97","24.3","3","71","23.7","3","66","22","1","6","6","1","3","3","27","611","22.6","33","18.5"
"경기도교육청","경기도수원교육지원청","경기도 수원시 영통구","S090002457","매원초등학교","02","공립","N","","7","171","24.4","8","192","24","9","235","26.1","8","208","26","8","205","25.6","10","268","26.8","2","15","7.5","0","0","0","52","1294","24.9","64","20.2"
"경기도교육청","경기도수원교육지원청","경기도 수원시 영통구","S090002458","매탄초등학교","02","공립","N","","6","135","22.5","7","178","25.4","8","203","25.4","9","212","23.6","9","221","24.6","9","219","24.3","1","4","4","0","0","0","49","1172","23.9","59","19.9"
"경기도교육청","경기도수원교육지원청","경기도 수원시 영통구","S090002459","매현초등학교","02","공립","N","","2","39","19.5","2","52","26","2","53","26.5","3","52","17.3","3","60","20","3","68","22.7","1","2","2","1","3","3","17","329","19.4","19","17.3"
"경기도교육청","경기도수원교육지원청","경기도 수원시 권선구","S090002460","명당초등학교","02","공립","N","","1","20","20","2","29","14.5","2","42","21","2","45","22.5","2","53","26.5","2","51","25.5","0","0","0","0","0","0","11","240","21.8","14","17.1"
"경기도교육청","경기도수원교육지원청","경기도 수원시 장안구","S090002461","명인초등학교","02","공립","N","","3","67","22.3","4","85","21.3","4","102","25.5","4","106","26.5","5","116","23.2","5","120","24","1","5","5","1","1","1","27","602","22.3","35","17.2"
"경기도교육청","경기도수원교육지원청","경기도 수원시 영통구","S090002462","산남초등학교","02","공립","N","","3","53","17.7","3","54","18","3","61","20.3","3","65","21.7","3","73","24.3","4","95","23.8","2","8","4","0","0","0","21","409","19.5","24","17"
"경기도교육청","경기도수원교육지원청","경기도 수원시 영통구","S090002463","산의초등학교","02","공립","N","","8","190","23.8","8","212","26.5","10","252","25.2","9","230","25.6","9","218","24.2","11","277","25.2","1","10","10","0","0","0","56","1389","24.8","70","19.8"
"경기도교육청","경기도수원교육지원청","경기도 수원시 장안구","S090002464","상률초등학교","02","공립","N","","3","50","16.7","3","69","23","4","84","21","4","82","20.5","4","75","18.8","4","91","22.8","1","9","9","0","0","0","23","460","20","29","15.9"
"경기도교육청","경기도수원교육지원청","경기도 수원시 권선구","S090002465","상촌초등학교","02","공립","N","","3","56","18.7","4","87","21.8","4","86","21.5","4","98","24.5","5","106","21.2","5","115","23","2","7","3.5","0","0","0","27","555","20.6","33","16.8"
"경기도교육청","경기도수원교육지원청","경기도 수원시 권선구","S090002466","서호초등학교","02","공립","N","","2","34","17","2","40","20","2","39","19.5","2","38","19","2","43","21.5","2","46","23","2","7","3.5","0","0","0","14","247","17.6","18","13.7"
"경기도교육청","경기도수원교육지원청","경기도 수원시 권선구","S090002467","세곡초등학교","02","공립","N","","2","44","22","2","40","20","2","47","23.5","2","44","22","2","48","24","2","43","21.5","0","0","0","0","0","0","12","266","22.2","18","14.8"
"경기도교육청","경기도수원교육지원청","경기도 수원시 권선구","S090002468","세류초등학교","02","공립","N","","6","150","25","7","159","22.7","6","133","22.2","7","164","23.4","5","119","23.8","6","151","25.2","3","19","6.3","0","0","0","40","895","22.4","49","18.3"
"경기도교육청","경기도수원교육지원청","경기도 수원시 영통구","S090002469","소화초등학교","02","사립","N","","3","84","28","3","84","28","3","84","28","3","84","28","3","83","27.7","3","82","27.3","0","0","0","0","0","0","18","501","27.8","26","19.3"
"경기도교육청","경기도수원교육지원청","경기도 수원시 장안구","S090002470","송림초등학교","02","공립","N","","8","214","26.8","9","231","25.7","10","283","28.3","9","248","27.6","7","204","29.1","8","212","26.5","2","10","5","0","0","0","53","1402","26.5","63","22.3"
"경기도교육청","경기도수원교육지원청","경기도 수원시 장안구","S090002471","송원초등학교","02","공립","N","","3","71","23.7","3","69","23","4","81","20.3","3","73","24.3","4","92","23","4","86","21.5","1","6","6","0","0","0","22","478","21.7","28","17.1"
"경기도교육청","경기도수원교육지원청","경기도 수원시 장안구","S090002472","송정초등학교","02","공립","N","","3","63","21","4","83","20.8","4","92","23","4","78","19.5","4","85","21.3","4","97","24.3","2","8","4","0","0","0","25","506","20.2","30","16.9"
"경기도교육청","경기도수원교육지원청","경기도 수원시 장안구","S090002473","송죽초등학교","02","공립","N","","2","33","16.5","3","49","16.3","3","53","17.7","3","64","21.3","3","61","20.3","4","84","21","1","5","5","0","0","0","19","349","18.4","24","14.5"
"경기도교육청","경기도수원교육지원청","경기도 수원시 장안구","S090002474","수성초등학교","02","공립","N","","2","28","14","2","41","20.5","2","49","24.5","2","44","22","3","52","17.3","3","63","21","1","2","2","0","0","0","15","279","18.6","18","15.5"
"경기도교육청","경기도수원교육지원청","경기도 수원시 권선구","S090002475","수원금곡초등학교","02","공립","N","","2","37","18.5","2","40","20","2","35","17.5","2","39","19.5","2","34","17","2","43","21.5","1","3","3","0","0","0","13","231","17.8","16","14.4"
"경기도교육청","경기도수원교육지원청","경기도 수원시 권선구","S090002477","수원선일초등학교","02","공립","N","","3","65","21.7","4","83","20.8","3","80","26.7","3","75","25","3","79","26.3","5","105","21","1","7","7","0","0","0","22","494","22.5","28","17.6"
"경기도교육청","경기도수원교육지원청","경기도 수원시 권선구","S090002478","수원신곡초등학교","02","공립","N","","4","94","23.5","5","116","23.2","5","107","21.4","5","115","23","5","118","23.6","7","159","22.7","2","14","7","0","0","0","33","723","21.9","42","17.2"
"경기도교육청","경기도수원교육지원청","경기도 수원시 팔달구","S090002479","수원초등학교","02","공립","N","","8","199","24.9","7","165","23.6","8","184","23","5","125","25","5","116","23.2","6","130","21.7","3","12","4","0","0","0","42","931","22.2","49","19"
"경기도교육청","경기도수원교육지원청","경기도 수원시 팔달구","S090002480","숙지초등학교","02","공립","N","","2","29","14.5","2","27","13.5","2","44","22","2","48","24","2","40","20","2","44","22","1","2","2","0","0","0","13","234","18","17","13.8"
"경기도교육청","경기도수원교육지원청","경기도 수원시 영통구","S090002482","신성초등학교","02","공립","N","","2","28","14","2","44","22","2","47","23.5","2","43","21.5","2","48","24","3","68","22.7","1","2","2","1","3","3","15","283","18.9","18","15.7"
"경기도교육청","경기도수원교육지원청","경기도 수원시 영통구","S090002483","신영초등학교","02","공립","N","","3","59","19.7","3","74","24.7","3","55","18.3","3","55","18.3","3","54","18","3","76","25.3","2","7","3.5","0","0","0","20","380","19","24","15.8"
"경기도교육청","경기도수원교육지원청","경기도 수원시 영통구","S090002484","신풍초등학교","02","공립","N","","7","187","26.7","8","185","23.1","9","209","23.2","8","197","24.6","8","197","24.6","9","237","26.3","2","14","7","0","0","0","51","1226","24","63","19.5"
"경기도교육청","경기도수원교육지원청","경기도 수원시 권선구","S090002485","안룡초등학교","02","공립","N","","4","102","25.5","5","118","23.6","4","97","24.3","4","101","25.3","4","86","21.5","4","103","25.8","1","8","8","0","0","0","26","615","23.7","33","18.6"
"경기도교육청","경기도수원교육지원청","경기도 수원시 팔달구","S090002486","연무초등학교","02","공립","N","","1","25","25","2","33","16.5","2","42","21","2","33","16.5","2","31","15.5","3","53","17.7","1","7","7","0","0","0","13","224","17.2","18","12.4"
"경기도교육청","경기도수원교육지원청","경기도 수원시 영통구","S090002487","영덕초등학교","02","공립","N","","8","203","25.4","7","188","26.9","8","235","29.4","9","247","27.4","9","232","25.8","9","238","26.4","1","4","4","0","0","0","51","1347","26.4","60","22.5"
"경기도교육청","경기도수원교육지원청","경기도 수원시 영통구","S090002488","영동초등학교","02","공립","N","","5","111","22.2","5","121","24.2","7","166","23.7","6","142","23.7","7","170","24.3","7","184","26.3","2","8","4","0","0","0","39","902","23.1","47","19.2"
"경기도교육청","경기도수원교육지원청","경기도 수원시 영통구","S090002489","영일초등학교","02","공립","N","","3","64","21.3","3","55","18.3","4","93","23.3","4","93","23.3","3","75","25","5","130","26","0","0","0","0","0","0","22","510","23.2","27","18.9"
"경기도교육청","경기도수원교육지원청","경기도 수원시 영통구","S090002490","영통초등학교","02","공립","N","","2","46","23","3","51","17","3","55","18.3","3","68","22.7","3","56","18.7","3","76","25.3","1","4","4","0","0","0","18","356","19.8","21","17"
"경기도교육청","경기도수원교육지원청","경기도 수원시 장안구","S090002491","영화초등학교","02","공립","N","","4","93","23.3","3","73","24.3","4","95","23.8","4","96","24","3","73","24.3","5","121","24.2","2","11","5.5","0","0","0","25","562","22.5","29","19.4"
"경기도교육청","경기도수원교육지원청","경기도 수원시 권선구","S090002492","오목초등학교","02","공립","N","","3","63","21","3","68","22.7","3","68","22.7","3","57","19","3","60","20","3","75","25","2","10","5","1","1","1","21","402","19.1","25","16.1"
"경기도교육청","경기도수원교육지원청","경기도 수원시 팔달구","S090002493","우만초등학교","02","공립","N","","1","16","16","2","33","16.5","2","25","12.5","2","38","19","2","37","18.5","2","39","19.5","2","11","5.5","0","0","0","13","199","15.3","16","12.4"
"경기도교육청","경기도수원교육지원청","경기도 수원시 영통구","S090002494","원일초등학교","02","공립","N","","3","62","20.7","3","64","21.3","2","52","26","3","74","24.7","3","78","26","3","69","23","1","6","6","0","0","0","18","405","22.5","21","19.3"
"경기도교육청","경기도수원교육지원청","경기도 수원시 영통구","S090002495","원천초등학교","02","공립","N","","3","58","19.3","3","72","24","3","66","22","3","66","22","4","86","21.5","4","84","21","2","10","5","0","0","0","22","442","20.1","27","16.4"
"경기도교육청","경기도수원교육지원청","경기도 수원시 장안구","S090002496","율전초등학교","02","공립","N","","3","59","19.7","3","71","23.7","3","68","22.7","3","74","24.7","3","79","26.3","3","66","22","1","5","5","0","0","0","19","422","22.2","24","17.6"
"경기도교육청","경기도수원교육지원청","경기도 수원시 팔달구","S090002497","율현초등학교","02","공립","N","","3","56","18.7","3","68","22.7","3","73","24.3","3","64","21.3","3","77","25.7","4","102","25.5","1","7","7","0","0","0","20","447","22.4","25","17.9"
"경기도교육청","경기도수원교육지원청","경기도 수원시 팔달구","S090002498","인계초등학교","02","공립","N","","6","154","25.7","6","162","27","5","126","25.2","5","134","26.8","5","125","25","5","111","22.2","2","11","5.5","0","0","0","34","823","24.2","43","19.1"
"경기도교육청","경기도수원교육지원청","경기도 수원시 권선구","S090002499","일월초등학교","02","공립","N","","3","58","19.3","3","68","22.7","3","63","21","3","63","21","4","86","21.5","4","89","22.3","1","4","4","0","0","0","21","431","20.5","25","17.2"
"경기도교육청","경기도수원교육지원청","경기도 수원시 영통구","S090002500","잠원초등학교","02","공립","N","","6","152","25.3","6","154","25.7","7","173","24.7","7","172","24.6","7","162","23.1","9","229","25.4","2","12","6","0","0","0","44","1054","24","55","19.2"
"경기도교육청","경기도수원교육지원청","경기도 수원시 장안구","S090002501","정자초등학교","02","공립","N","","3","66","22","3","64","21.3","4","87","21.8","4","90","22.5","4","83","20.8","4","89","22.3","1","5","5","0","0","0","23","484","21","26","18.6"
"경기도교육청","경기도수원교육지원청","경기도 수원시 장안구","S090002502","정천초등학교","02","공립","N","","4","92","23","4","100","25","5","127","25.4","6","137","22.8","7","159","22.7","6","153","25.5","1","4","4","0","0","0","33","772","23.4","40","19.3"
"경기도교육청","경기도수원교육지원청","경기도 수원시 장안구","S090002503","조원초등학교","02","공립","N","","2","37","18.5","2","43","21.5","3","64","21.3","3","54","18","3","57","19","3","65","21.7","2","7","3.5","0","0","0","18","327","18.2","22","14.9"
"경기도교육청","경기도수원교육지원청","경기도 수원시 영통구","S090002504","중앙기독초등학교","02","사립","N","","5","141","28.2","5","137","27.4","5","138","27.6","5","138","27.6","5","143","28.6","5","142","28.4","3","21","7","0","0","0","33","860","26.1","33","26.1"
"경기도교육청","경기도수원교육지원청","경기도 수원시 팔달구","S090002506","지동초등학교","02","공립","N","","2","32","16","2","34","17","2","37","18.5","2","44","22","2","39","19.5","4","65","16.3","1","10","10","0","0","0","15","261","17.4","20","13.1"
"경기도교육청","경기도수원교육지원청","경기도 수원시 장안구","S090002507","창용초등학교","02","공립","N","","3","54","18","2","40","20","2","46","23","2","48","24","2","33","16.5","3","68","22.7","1","6","6","0","0","0","15","295","19.7","17","17.4"
"경기도교육청","경기도수원교육지원청","경기도 수원시 장안구","S090002508","천일초등학교","02","공립","N","","3","56","18.7","2","42","21","3","72","24","3","62","20.7","3","75","25","3","80","26.7","0","0","0","0","0","0","17","387","22.8","20","19.4"
"경기도교육청","경기도수원교육지원청","경기도 수원시 장안구","S090002509","천천초등학교","02","공립","N","","3","75","25","5","107","21.4","4","103","25.8","5","115","23","6","132","22","6","155","25.8","1","6","6","0","0","0","30","693","23.1","36","19.3"
"경기도교육청","경기도수원교육지원청","경기도 수원시 영통구","S090002510","청명초등학교","02","공립","N","","3","67","22.3","3","60","20","3","75","25","3","60","20","3","67","22.3","3","71","23.7","1","6","6","0","0","0","19","406","21.4","23","17.7"
"경기도교육청","경기도수원교육지원청","경기도 수원시 권선구","S090002511","칠보초등학교","02","공립","N","","5","107","21.4","5","127","25.4","6","151","25.2","5","119","23.8","5","116","23.2","5","124","24.8","2","7","3.5","1","3","3","34","754","22.2","43","17.5"
"경기도교육청","경기도수원교육지원청","경기도 수원시 권선구","S090002512","탑동초등학교","02","공립","N","","4","85","21.3","4","88","22","4","89","22.3","4","90","22.5","4","91","22.8","4","97","24.3","1","6","6","0","0","0","25","546","21.8","31","17.6"
"경기도교육청","경기도수원교육지원청","경기도 수원시 영통구","S090002513","태장초등학교","02","공립","N","","5","107","21.4","4","98","24.5","6","145","24.2","5","114","22.8","5","112","22.4","5","124","24.8","2","11","5.5","0","0","0","32","711","22.2","38","18.7"
"경기도교육청","경기도수원교육지원청","경기도 수원시 장안구","S090002514","파장초등학교","02","공립","N","","3","60","20","3","66","22","3","53","17.7","2","46","23","3","56","18.7","3","64","21.3","3","18","6","0","0","0","20","363","18.2","24","15.1"
"경기도교육청","경기도수원교육지원청","경기도 수원시 장안구","S090002515","한일초등학교","02","공립","N","","2","47","23.5","3","56","18.7","3","63","21","3","61","20.3","3","62","20.7","3","68","22.7","0","0","0","0","0","0","17","357","21","22","16.2"
"경기도교육청","경기도수원교육지원청","경기도 수원시 권선구","S090002516","호매실초등학교","02","공립","N","","2","39","19.5","3","54","18","3","65","21.7","3","55","18.3","3","66","22","3","70","23.3","2","11","5.5","0","0","0","19","360","18.9","23","15.7"
"경기도교육청","경기도수원교육지원청","경기도 수원시 팔달구","S090002517","화서초등학교","02","공립","N","","2","32","16","2","44","22","2","43","21.5","2","39","19.5","3","61","20.3","3","78","26","2","9","4.5","0","0","0","16","306","19.1","19","16.1"
"경기도교육청","경기도수원교육지원청","경기도 수원시 팔달구","S090002518","화양초등학교","02","공립","N","","3","76","25.3","4","83","20.8","4","83","20.8","4","83","20.8","4","83","20.8","5","117","23.4","2","10","5","0","0","0","26","535","20.6","31","17.3"
"경기도교육청","경기도수원교육지원청","경기도 수원시 팔달구","S090002519","화홍초등학교","02","공립","N","","4","97","24.3","5","127","25.4","5","112","22.4","5","111","22.2","5","127","25.4","6","133","22.2","2","12","6","0","0","0","32","719","22.5","39","18.4"
"경기도교육청","경기도수원교육지원청","경기도 수원시 영통구","S090002520","황곡초등학교","02","공립","N","","3","59","19.7","4","99","24.8","4","96","24","4","101","25.3","4","90","22.5","5","118","23.6","3","15","5","0","0","0","27","578","21.4","31","18.6"
"경기도교육청","경기도수원교육지원청","경기도 수원시 영통구","S090002521","효동초등학교","02","공립","N","","1","19","19","1","23","23","2","36","18","2","33","16.5","2","31","15.5","2","50","25","1","2","2","0","0","0","11","194","17.6","16","12.1"
"경기도교육청","경기도수원교육지원청","경기도 수원시 팔달구","S090002522","효성초등학교","02","공립","N","","2","47","23.5","3","55","18.3","3","53","17.7","2","41","20.5","2","48","24","2","50","25","2","7","3.5","0","0","0","16","301","18.8","20","15.1"
"경기도교육청","경기도수원교육지원청","경기도 수원시 영통구","S090002523","효원초등학교","02","공립","N","","1","26","26","2","29","14.5","2","28","14","2","35","17.5","2","46","23","3","58","19.3","0","0","0","0","0","0","12","222","18.5","16","13.9"
"경기도교육청","경기도수원교육지원청","경기도 수원시 권선구","S090002524","효정초등학교","02","공립","N","","2","31","15.5","2","29","14.5","2","31","15.5","2","39","19.5","2","31","15.5","2","40","20","1","3","3","0","0","0","13","204","15.7","19","10.7"
"경기도교육청","경기도수원교육지원청","경기도 수원시 장안구","S090002525","효천초등학교","02","공립","N","","2","38","19","3","61","20.3","3","69","23","3","69","23","3","69","23","4","84","21","1","3","3","0","0","0","19","393","20.7","24","16.4"
"경기도교육청","경기도안산교육지원청","경기도 안산시 상록구","S090002715","각골초등학교","02","공립","N","","2","30","15","2","51","25.5","3","59","19.7","4","78","19.5","3","57","19","3","66","22","2","12","6","0","0","0","19","353","18.6","23","15.3"
"경기도교육청","경기도시흥교육지원청","경기도 시흥시","S090002716","검바위초등학교","02","공립","N","","7","151","21.6","5","121","24.2","3","76","25.3","4","84","21","4","80","20","4","81","20.3","3","19","6.3","0","0","0","30","612","20.4","37","16.5"
"경기도교육청","경기도안산교육지원청","경기도 안산시 상록구","S090002717","경수초등학교","02","공립","N","","1","16","16","1","9","9","1","11","11","1","17","17","1","13","13","1","22","22","0","0","0","0","0","0","6","88","14.7","7","12.6"
"경기도교육청","경기도안산교육지원청","경기도 안산시 상록구","S090002718","경일초등학교","02","공립","N","","3","52","17.3","2","49","24.5","3","64","21.3","3","60","20","3","55","18.3","3","75","25","1","5","5","0","0","0","18","360","20","22","16.4"
"경기도교육청","경기도시흥교육지원청","경기도 시흥시","S090002719","계수초등학교","02","공립","N","","1","10","10","1","15","15","1","12","12","1","16","16","1","12","12","1","13","13","1","3","3","0","0","0","7","81","11.6","9","9"
"경기도교육청","경기도안산교육지원청","경기도 안산시 단원구","S090002720","고잔초등학교","02","공립","N","","3","61","20.3","4","83","20.8","3","58","19.3","3","63","21","4","77","19.3","4","81","20.3","1","6","6","1","1","1","23","430","18.7","29","14.8"
"경기도교육청","경기도안산교육지원청","경기도 안산시 단원구","S090002721","관산초등학교","02","공립","N","","9","220","24.4","8","189","23.6","9","217","24.1","7","171","24.4","7","181","25.9","7","176","25.1","3","21","7","1","4","4","51","1179","23.1","60","19.7"
"경기도교육청","경기도시흥교육지원청","경기도 시흥시","S090002722","군서초등학교","02","공립","N","","7","142","20.3","6","120","20","5","107","21.4","5","90","18","5","98","19.6","8","156","19.5","3","21","7","0","0","0","39","734","18.8","48","15.3"
"경기도교육청","경기도시흥교육지원청","경기도 시흥시","S090002723","군자초등학교","02","공립","N","","3","64","21.3","4","87","21.8","5","128","25.6","4","84","21","4","95","23.8","5","133","26.6","3","17","5.7","0","0","0","28","608","21.7","35","17.4"
"경기도교육청","경기도시흥교육지원청","경기도 시흥시","S090002724","금모래초등학교","02","공립","N","","5","118","23.6","6","144","24","6","138","23","7","171","24.4","6","144","24","6","149","24.8","2","10","5","0","0","0","38","874","23","47","18.6"
"경기도교육청","경기도시흥교육지원청","경기도 시흥시","S090002725","냉정초등학교","02","공립","N","","3","65","21.7","4","82","20.5","4","86","21.5","3","61","20.3","3","68","22.7","4","94","23.5","3","15","5","0","0","0","24","471","19.6","29","16.2"
"경기도교육청","경기도안산교육지원청","경기도 안산시 단원구","S090002726","능길초등학교","02","공립","N","","2","19","9.5","1","10","10","1","9","9","1","16","16","2","23","11.5","1","17","17","1","7","7","0","0","0","9","101","11.2","12","8.4"
"경기도교육청","경기도안산교육지원청","경기도 안산시 단원구","S090002727","대남초등학교","02","공립","N","","1","7","7","1","6","6","1","8","8","1","9","9","1","9","9","1","13","13","1","6","6","0","0","0","7","58","8.3","8","7.3"
"경기도교육청","경기도안산교육지원청","경기도 안산시 단원구","S090002729","대동초등학교","02","공립","N","","1","5","5","1","12","12","1","13","13","1","1","1","1","10","10","1","8","8","0","0","0","0","0","0","6","49","8.2","8","6.1"
"경기도교육청","경기도안산교육지원청","경기도 안산시 단원구","S090002730","대부초등학교","02","공립","N","","1","11","11","1","9","9","1","16","16","1","8","8","1","14","14","1","13","13","0","0","0","0","0","0","6","71","11.8","9","7.9"
"경기도교육청","경기도시흥교육지원청","경기도 시흥시","S090002731","대야초등학교","02","공립","N","","3","64","21.3","3","71","23.7","4","81","20.3","3","75","25","3","83","27.7","3","60","20","2","12","6","0","0","0","21","446","21.2","26","17.2"
"경기도교육청","경기도안산교육지원청","경기도 안산시 단원구","S090002732","덕성초등학교","02","공립","N","","2","36","18","2","46","23","2","40","20","2","43","21.5","3","53","17.7","3","53","17.7","1","4","4","0","0","0","15","275","18.3","19","14.5"
"경기도교육청","경기도시흥교육지원청","경기도 시흥시","S090002733","도일초등학교","02","공립","N","","3","65","21.7","2","53","26.5","3","74","24.7","3","67","22.3","4","75","18.8","3","63","21","2","11","5.5","1","2","2","21","410","19.5","27","15.2"
"경기도교육청","경기도시흥교육지원청","경기도 시흥시","S090002734","도창초등학교","02","공립","N","","1","11","11","1","15","15","1","14","14","1","17","17","1","17","17","1","10","10","0","0","0","0","0","0","6","84","14","7","12"
"경기도교육청","경기도안산교육지원청","경기도 안산시 상록구","S090002735","매화초등학교","02","공립","N","","4","76","19","3","73","24.3","3","65","21.7","3","63","21","3","66","22","3","75","25","2","12","6","0","0","0","21","430","20.5","24","17.9"
"경기도교육청","경기도시흥교육지원청","경기도 시흥시","S090002736","목감초등학교","02","공립","N","","2","45","22.5","2","48","24","2","38","19","2","51","25.5","2","49","24.5","3","60","20","2","10","5","0","0","0","15","301","20.1","20","15.1"
"경기도교육청","경기도안산교육지원청","경기도 안산시 상록구","S090002737","반월초등학교","02","공립","N","","2","26","13","2","31","15.5","2","28","14","2","43","21.5","2","33","16.5","2","42","21","1","6","6","0","0","0","13","209","16.1","17","12.3"
"경기도교육청","경기도안산교육지원청","경기도 안산시 단원구","S090002738","별망초등학교","02","공립","N","","2","28","14","3","53","17.7","2","33","16.5","2","49","24.5","2","44","22","3","59","19.7","2","11","5.5","0","0","0","16","277","17.3","18","15.4"
"경기도교육청","경기도안산교육지원청","경기도 안산시 상록구","S090002739","본오초등학교","02","공립","N","","4","82","20.5","4","93","23.3","4","100","25","5","106","21.2","5","109","21.8","5","118","23.6","2","12","6","1","1","1","30","621","20.7","36","17.3"
"경기도교육청","경기도안산교육지원청","경기도 안산시 상록구","S090002740","본원초등학교","02","공립","N","","5","108","21.6","5","116","23.2","5","118","23.6","6","142","23.7","7","156","22.3","6","144","24","2","13","6.5","0","0","0","36","797","22.1","43","18.5"
"경기도교육청","경기도안산교육지원청","경기도 안산시 상록구","S090002741","삼일초등학교","02","공립","N","","3","72","24","4","96","24","4","98","24.5","4","97","24.3","5","110","22","5","112","22.4","2","11","5.5","0","0","0","27","596","22.1","33","18.1"
"경기도교육청","경기도안산교육지원청","경기도 안산시 상록구","S090002742","상록초등학교","02","공립","N","","4","100","25","4","97","24.3","4","92","23","4","94","23.5","5","110","22","5","109","21.8","2","12","6","0","0","0","28","614","21.9","35","17.5"
"경기도교육청","경기도시흥교육지원청","경기도 시흥시","S090002743","서촌초등학교","02","공립","N","","3","58","19.3","4","80","20","3","67","22.3","3","80","26.7","3","74","24.7","4","106","26.5","2","9","4.5","0","0","0","22","474","21.5","26","18.2"
"경기도교육청","경기도시흥교육지원청","경기도 시흥시","S090002744","서해초등학교","02","공립","N","","4","84","21","5","110","22","5","137","27.4","5","131","26.2","5","134","26.8","6","157","26.2","3","17","5.7","1","1","1","34","771","22.7","41","18.8"
"경기도교육청","경기도안산교육지원청","경기도 안산시 상록구","S090002745","석호초등학교","02","공립","N","","4","91","22.8","5","84","16.8","6","135","22.5","5","116","23.2","7","149","21.3","9","198","22","2","11","5.5","0","0","0","38","784","20.6","44","17.8"
"경기도교육청","경기도안산교육지원청","경기도 안산시 단원구","S090002746","선부초등학교","02","공립","N","","4","81","20.3","4","100","25","4","99","24.8","4","102","25.5","5","110","22","6","132","22","2","14","7","0","0","0","29","638","22","36","17.7"
"경기도교육청","경기도안산교육지원청","경기도 안산시 단원구","S090002747","선일초등학교","02","공립","N","","5","62","12.4","5","65","13","3","51","17","4","61","15.3","4","76","19","5","88","17.6","2","12","6","0","0","0","28","415","14.8","33","12.6"
"경기도교육청","경기도안산교육지원청","경기도 안산시 상록구","S090002749","성안초등학교","02","공립","N","","3","73","24.3","4","74","18.5","4","75","18.8","4","92","23","4","91","22.8","5","117","23.4","2","11","5.5","0","0","0","26","533","20.5","31","17.2"
"경기도교육청","경기도안산교육지원청","경기도 안산시 상록구","S090002750","성포초등학교","02","공립","N","","3","55","18.3","3","77","25.7","4","82","20.5","4","79","19.8","3","67","22.3","3","77","25.7","1","5","5","0","0","0","21","442","21","25","17.7"
"경기도교육청","경기도시흥교육지원청","경기도 시흥시","S090002751","소래초등학교","02","공립","N","","2","33","16.5","2","29","14.5","3","50","16.7","2","34","17","2","45","22.5","3","58","19.3","2","13","6.5","0","0","0","16","262","16.4","21","12.5"
"경기도교육청","경기도시흥교육지원청","경기도 시흥시","S090002752","송운초등학교","02","공립","N","","4","80","20","5","108","21.6","4","90","22.5","5","111","22.2","5","120","24","5","123","24.6","2","17","8.5","0","0","0","30","649","21.6","34","19.1"
"경기도교육청","경기도안산교육지원청","경기도 안산시 단원구","S090002753","송호초등학교","02","공립","N","","4","96","24","4","103","25.8","5","115","23","4","102","25.5","4","104","26","5","117","23.4","2","8","4","1","4","4","29","649","22.4","35","18.5"
"경기도교육청","경기도안산교육지원청","경기도 안산시 단원구","S090002755","슬기초등학교","02","공립","N","","4","84","21","3","73","24.3","4","95","23.8","4","91","22.8","4","93","23.3","4","92","23","1","7","7","1","3","3","25","538","21.5","32","16.8"
"경기도교육청","경기도안산교육지원청","경기도 안산시 상록구","S090002756","시곡초등학교","02","공립","N","","3","71","23.7","3","79","26.3","4","98","24.5","4","89","22.3","4","98","24.5","5","116","23.2","2","12","6","0","0","0","25","563","22.5","30","18.8"
"경기도교육청","경기도안산교육지원청","경기도 안산시 상록구","S090002757","시랑초등학교","02","공립","N","","2","43","21.5","3","74","24.7","3","56","18.7","3","64","21.3","3","66","22","3","67","22.3","2","10","5","0","0","0","19","380","20","24","15.8"
"경기도교육청","경기도시흥교육지원청","경기도 시흥시","S090002758","시화초등학교","02","공립","N","","3","45","15","5","75","15","3","55","18.3","3","46","15.3","3","48","16","4","66","16.5","2","14","7","0","0","0","23","349","15.2","29","12"
"경기도교육청","경기도시흥교육지원청","경기도 시흥시","S090002759","시흥매화초등학교","02","공립","N","","2","49","24.5","3","53","17.7","3","51","17","2","45","22.5","3","62","20.7","3","70","23.3","2","12","6","0","0","0","18","342","19","21","16.3"
"경기도교육청","경기도시흥교육지원청","경기도 시흥시","S090002760","시흥신일초등학교","02","공립","N","","3","51","17","3","61","20.3","3","68","22.7","3","72","24","4","81","20.3","4","106","26.5","2","7","3.5","0","0","0","22","446","20.3","26","17.2"
"경기도교육청","경기도시흥교육지원청","경기도 시흥시","S090002761","시흥은행초등학교","02","공립","N","","5","104","20.8","4","96","24","5","131","26.2","4","99","24.8","4","101","25.3","5","134","26.8","2","12","6","0","0","0","29","677","23.3","36","18.8"
"경기도교육청","경기도시흥교육지원청","경기도 시흥시","S090002762","시흥초등학교","02","공립","N","","4","79","19.8","4","88","22","4","112","28","3","78","26","4","90","22.5","4","101","25.3","3","17","5.7","0","0","0","26","565","21.7","30","18.8"
"경기도교육청","경기도시흥교육지원청","경기도 시흥시","S090002764","신천초등학교","02","공립","N","","2","31","15.5","2","36","18","2","36","18","2","35","17.5","2","26","13","2","34","17","2","10","5","0","0","0","14","208","14.9","18","11.6"
"경기도교육청","경기도안산교육지원청","경기도 안산시 상록구","S090002765","안산광덕초등학교","02","공립","N","","2","51","25.5","3","65","21.7","3","64","21.3","3","58","19.3","3","62","20.7","3","60","20","2","9","4.5","0","0","0","19","369","19.4","23","16"
"경기도교육청","경기도안산교육지원청","경기도 안산시 상록구","S090002766","안산부곡초등학교","02","공립","N","","3","62","20.7","4","82","20.5","5","120","24","4","94","23.5","5","114","22.8","6","133","22.2","3","14","4.7","0","0","0","30","619","20.6","37","16.7"
"경기도교육청","경기도안산교육지원청","경기도 안산시 단원구","S090002767","안산서초등학교","02","공립","N","","5","129","25.8","5","115","23","5","117","23.4","5","105","21","5","111","22.2","6","153","25.5","1","6","6","0","0","0","32","736","23","40","18.4"
"경기도교육청","경기도안산교육지원청","경기도 안산시 단원구","S090002768","안산석수초등학교","02","공립","N","","5","119","23.8","6","148","24.7","7","136","19.4","6","136","22.7","7","162","23.1","6","155","25.8","2","17","8.5","0","0","0","39","873","22.4","49","17.8"
"경기도교육청","경기도안산교육지원청","경기도 안산시 단원구","S090002769","안산양지초등학교","02","공립","N","","5","134","26.8","6","146","24.3","6","160","26.7","7","179","25.6","7","185","26.4","7","184","26.3","1","6","6","0","0","0","39","994","25.5","48","20.7"
"경기도교육청","경기도안산교육지원청","경기도 안산시 단원구","S090002770","안산원곡초등학교","02","공립","N","","5","71","14.2","4","47","11.8","4","50","12.5","5","89","17.8","5","80","16","7","128","18.3","1","9","9","0","0","0","31","474","15.3","50","9.5"
"경기도교육청","경기도안산교육지원청","경기도 안산시 단원구","S090002771","안산중앙초등학교","02","공립","N","","4","93","23.3","4","86","21.5","5","109","21.8","4","88","22","4","93","23.3","4","101","25.3","2","12","6","0","0","0","27","582","21.6","34","17.1"
"경기도교육청","경기도안산교육지원청","경기도 안산시 상록구","S090002772","안산초등학교","02","공립","N","","2","36","18","2","39","19.5","2","49","24.5","2","41","20.5","2","49","24.5","3","66","22","1","6","6","0","0","0","14","286","20.4","17","16.8"
"경기도교육청","경기도안산교육지원청","경기도 안산시 단원구","S090002773","안산화정초등학교","02","공립","N","","5","106","21.2","6","153","25.5","5","125","25","6","143","23.8","6","140","23.3","7","165","23.6","3","18","6","0","0","0","38","850","22.4","45","18.9"
"경기도교육청","경기도시흥교육지원청","경기도 시흥시","S090002774","연성초등학교","02","공립","N","","1","19","19","2","34","17","2","34","17","2","40","20","2","41","20.5","3","60","20","2","10","5","0","0","0","14","238","17","18","13.2"
"경기도교육청","경기도시흥교육지원청","경기도 시흥시","S090002775","옥터초등학교","02","공립","N","","2","26","13","2","34","17","3","49","16.3","2","34","17","2","32","16","4","66","16.5","1","6","6","0","0","0","16","247","15.4","20","12.4"
"경기도교육청","경기도안산교육지원청","경기도 안산시 단원구","S090002776","와동초등학교","02","공립","N","","4","87","21.8","4","102","25.5","4","101","25.3","4","100","25","5","116","23.2","5","126","25.2","2","16","8","0","0","0","28","648","23.1","34","19.1"
"경기도교육청","경기도안산교육지원청","경기도 안산시 단원구","S090002778","원일초등학교","02","공립","N","","4","87","21.8","5","113","22.6","6","108","18","4","93","23.3","4","94","23.5","6","114","19","1","6","6","0","0","0","30","615","20.5","36","17.1"
"경기도교육청","경기도시흥교육지원청","경기도 시흥시","S090002779","은계초등학교","02","공립","N","","6","139","23.2","6","149","24.8","7","173","24.7","6","147","24.5","5","124","24.8","6","149","24.8","2","13","6.5","1","1","1","39","895","22.9","47","19"
"경기도교육청","경기도안산교육지원청","경기도 안산시 상록구","S090002780","이호초등학교","02","공립","N","","4","83","20.8","5","105","21","6","134","22.3","5","109","21.8","6","137","22.8","6","135","22.5","2","12","6","1","3","3","35","718","20.5","43","16.7"
"경기도교육청","경기도시흥교육지원청","경기도 시흥시","S090002781","장곡초등학교","02","공립","N","","3","67","22.3","4","85","21.3","4","99","24.8","4","94","23.5","4","99","24.8","6","146","24.3","2","7","3.5","0","0","0","27","597","22.1","33","18.1"
"경기도교육청","경기도시흥교육지원청","경기도 시흥시","S090002782","정왕초등학교","02","공립","N","","6","144","24","8","170","21.3","7","164","23.4","7","167","23.9","7","163","23.3","7","173","24.7","2","13","6.5","1","1","1","45","995","22.1","51","19.5"
"경기도교육청","경기도안산교육지원청","경기도 안산시 상록구","S090002783","정재초등학교","02","공립","N","","2","35","17.5","2","38","19","2","34","17","3","58","19.3","2","41","20.5","2","46","23","2","8","4","0","0","0","15","260","17.3","18","14.4"
"경기도교육청","경기도안산교육지원청","경기도 안산시 단원구","S090002784","정지초등학교","02","공립","N","","2","38","19","2","42","21","2","51","25.5","3","56","18.7","3","54","18","3","52","17.3","2","9","4.5","0","0","0","17","302","17.8","22","13.7"
"경기도교육청","경기도시흥교육지원청","경기도 시흥시","S090002786","진말초등학교","02","공립","N","","9","211","23.4","8","195","24.4","8","194","24.3","8","196","24.5","7","178","25.4","8","202","25.3","2","12","6","0","0","0","50","1188","23.8","59","20.1"
"경기도교육청","경기도안산교육지원청","경기도 안산시 상록구","S090002787","초당초등학교","02","공립","N","","6","134","22.3","6","145","24.2","7","169","24.1","7","154","22","6","146","24.3","9","202","22.4","3","20","6.7","0","0","0","44","970","22","53","18.3"
"경기도교육청","경기도안산교육지원청","경기도 안산시 단원구","S090002788","초지초등학교","02","공립","N","","4","84","21","4","81","20.3","5","107","21.4","4","87","21.8","4","101","25.3","5","114","22.8","1","5","5","0","0","0","27","579","21.4","33","17.5"
"경기도교육청","경기도시흥교육지원청","경기도 시흥시","S090002789","포리초등학교","02","공립","N","","1","22","22","1","16","16","1","18","18","1","19","19","1","24","24","1","21","21","1","3","3","0","0","0","7","123","17.6","9","13.7"
"경기도교육청","경기도시흥교육지원청","경기도 시흥시","S090002790","하중초등학교","02","공립","N","","2","36","18","2","48","24","3","49","16.3","2","48","24","2","49","24.5","3","70","23.3","2","10","5","0","0","0","16","310","19.4","19","16.3"
"경기도교육청","경기도시흥교육지원청","경기도 시흥시","S090002791","함현초등학교","02","공립","N","","2","44","22","3","55","18.3","2","44","22","3","67","22.3","3","54","18","3","73","24.3","1","3","3","0","0","0","17","340","20","21","16.2"
"경기도교육청","경기도안산교육지원청","경기도 안산시 상록구","S090002792","호동초등학교","02","공립","N","","6","155","25.8","6","148","24.7","7","158","22.6","8","210","26.3","7","182","26","8","194","24.3","1","6","6","0","0","0","43","1053","24.5","52","20.3"
"경기도교육청","경기도안산교육지원청","경기도 안산시 단원구","S090002793","화랑초등학교","02","공립","N","","4","82","20.5","4","79","19.8","4","80","20","4","73","18.3","4","91","22.8","6","124","20.7","3","16","5.3","0","0","0","29","545","18.8","34","16"
"경기도교육청","경기도안성교육지원청","경기도 안성시","S090002927","개산초등학교","02","공립","N","","1","5","5","1","8","8","1","4","4","1","6","6","1","7","7","1","10","10","1","2","2","0","0","0","7","42","6","10","4.2"
"경기도교육청","경기도안성교육지원청","경기도 안성시","S090002928","개정초등학교","02","공립","N","","1","7","7","1","11","11","1","7","7","1","8","8","1","9","9","1","9","9","1","5","5","0","0","0","7","56","8","8","7"
"경기도교육청","경기도안성교육지원청","경기도 안성시","S090002929","고삼초등학교","02","공립","N","","1","4","4","1","7","7","1","5","5","1","5","5","1","5","5","1","8","8","1","3","3","0","0","0","7","37","5.3","9","4.1"
"경기도교육청","경기도안성교육지원청","경기도 안성시","S090002931","공도초등학교","02","공립","N","","9","228","25.3","8","235","29.4","9","257","28.6","9","266","29.6","10","285","28.5","11","307","27.9","2","12","6","0","0","0","58","1590","27.4","68","23.4"
"경기도교육청","경기도안성교육지원청","경기도 안성시","S090002933","광덕초등학교","02","공립","N","","2","13","6.5","3","19","6.3","2","21","10.5","2","23","11.5","3","25","8.3","6","137","22.8","1","4","4","0","0","0","19","242","12.7","23","10.5"
"경기도교육청","경기도안성교육지원청","경기도 안성시","S090002934","광선초등학교","02","공립","N","","1","4","4","1","7","7","1","10","10","1","7","7","1","8","8","1","8","8","0","0","0","0","0","0","6","44","7.3","7","6.3"
"경기도교육청","경기도안성교육지원청","경기도 안성시","S090002935","금광초등학교","02","공립","N","","1","17","17","1","14","14","1","20","20","1","18","18","2","27","13.5","1","18","18","1","3","3","0","0","0","8","117","14.6","10","11.7"
"경기도교육청","경기도안성교육지원청","경기도 안성시","S090002936","금광초등학교조령분교장","02","공립","N","","1","1","1","0","0","0","1","3","3","0","0","0","0","0","0","1","7","7","0","0","0","0","0","0","3","11","3.7","4","2.8"
"경기도교육청","경기도안성교육지원청","경기도 안성시","S090002937","내혜홀초등학교","02","공립","N","","2","35","17.5","2","43","21.5","3","62","20.7","3","51","17","3","60","20","5","94","18.8","3","15","5","0","0","0","21","360","17.1","25","14.4"
"경기도교육청","경기도안성교육지원청","경기도 안성시","S090002938","대덕초등학교","02","공립","N","","1","10","10","1","15","15","1","9","9","1","7","7","1","11","11","1","21","21","1","5","5","0","0","0","7","78","11.1","9","8.7"
"경기도교육청","경기도안성교육지원청","경기도 안성시","S090002940","동신초등학교","02","공립","N","","1","16","16","1","16","16","2","30","15","2","24","12","2","31","15.5","1","24","24","1","8","8","0","0","0","10","149","14.9","12","12.4"
"경기도교육청","경기도안성교육지원청","경기도 안성시","S090002941","마전초등학교","02","공립","N","","1","6","6","1","6","6","1","4","4","1","8","8","1","10","10","1","7","7","0","0","0","0","0","0","6","41","6.8","7","5.9"
"경기도교육청","경기도안성교육지원청","경기도 안성시","S090002942","명덕초등학교","02","공립","N","","1","6","6","1","7","7","1","7","7","1","6","6","1","13","13","1","11","11","1","2","2","0","0","0","7","52","7.4","8","6.5"
"경기도교육청","경기도안성교육지원청","경기도 안성시","S090002943","문기초등학교","02","공립","N","","3","77","25.7","3","68","22.7","4","80","20","3","75","25","4","76","19","4","96","24","1","7","7","0","0","0","22","479","21.8","26","18.4"
"경기도교육청","경기도안성교육지원청","경기도 안성시","S090002944","미곡초등학교","02","공립","N","","1","12","12","1","13","13","1","14","14","1","7","7","1","7","7","1","7","7","0","0","0","0","0","0","6","60","10","7","8.6"
"경기도교육청","경기도안성교육지원청","경기도 안성시","S090002945","미양초등학교","02","공립","N","","1","9","9","1","9","9","1","10","10","1","7","7","1","8","8","1","11","11","1","4","4","0","0","0","7","58","8.3","8","7.3"
"경기도교육청","경기도안성교육지원청","경기도 안성시","S090002947","백성초등학교","02","공립","N","","6","145","24.2","7","175","25","7","168","24","7","161","23","6","154","25.7","7","167","23.9","2","13","6.5","0","0","0","42","983","23.4","52","18.9"
"경기도교육청","경기도안성교육지원청","경기도 안성시","S090002948","보개초등학교","02","공립","N","","1","6","6","1","16","16","1","13","13","1","11","11","1","17","17","1","6","6","1","2","2","0","0","0","7","71","10.1","8","8.9"
"경기도교육청","경기도안성교육지원청","경기도 안성시","S090002949","보체초등학교","02","공립","N","","1","14","14","1","17","17","1","9","9","1","12","12","1","7","7","1","12","12","1","2","2","0","0","0","7","73","10.4","9","8.1"
"경기도교육청","경기도안성교육지원청","경기도 안성시","S090002950","비룡초등학교","02","공립","N","","6","155","25.8","8","197","24.6","8","211","26.4","8","190","23.8","9","208","23.1","9","214","23.8","2","8","4","0","0","0","50","1183","23.7","59","20.1"
"경기도교육청","경기도안성교육지원청","경기도 안성시","S090002951","산평초등학교","02","공립","N","","1","7","7","1","12","12","1","1","1","0","0","0","1","7","7","1","3","3","0","0","0","0","0","0","5","30","6","7","4.3"
"경기도교육청","경기도안성교육지원청","경기도 안성시","S090002952","삼죽초등학교","02","공립","N","","1","6","6","1","4","4","2","7","3.5","1","1","1","1","7","7","1","3","3","0","0","0","0","0","0","7","28","4","8","3.5"
"경기도교육청","경기도안성교육지원청","경기도 안성시","S090002954","서운초등학교","02","공립","N","","1","6","6","1","14","14","1","4","4","1","10","10","1","8","8","1","12","12","1","2","2","0","0","0","7","56","8","9","6.2"
"경기도교육청","경기도안성교육지원청","경기도 안성시","S090002956","안성초등학교","02","공립","N","","3","54","18","4","85","21.3","4","78","19.5","4","93","23.3","5","112","22.4","6","160","26.7","2","11","5.5","1","5","5","29","598","20.6","34","17.6"
"경기도교육청","경기도안성교육지원청","경기도 안성시","S090002957","양성초등학교","02","공립","N","","1","16","16","1","5","5","1","6","6","1","6","6","1","7","7","1","8","8","1","1","1","0","0","0","7","49","7","8","6.1"
"경기도교육청","경기도안성교육지원청","경기도 안성시","S090002959","양진초등학교","02","공립","N","","3","74","24.7","4","91","22.8","5","125","25","5","114","22.8","5","125","25","6","138","23","3","14","4.7","0","0","0","31","681","22","35","19.5"
"경기도교육청","경기도안성교육지원청","경기도 안성시","S090002960","용머리초등학교","02","공립","N","","3","61","20.3","3","62","20.7","3","68","22.7","4","75","18.8","4","84","21","3","69","23","2","13","6.5","0","0","0","22","432","19.6","27","16"
"경기도교육청","경기도안성교육지원청","경기도 안성시","S090002961","원곡초등학교","02","공립","N","","2","22","11","1","16","16","1","17","17","1","9","9","2","18","9","1","19","19","2","9","4.5","0","0","0","10","110","11","13","8.5"
"경기도교육청","경기도안성교육지원청","경기도 안성시","S090002963","일죽초등학교","02","공립","N","","2","29","14.5","1","9","9","1","20","20","1","16","16","1","21","21","1","20","20","1","4","4","0","0","0","8","119","14.9","11","10.8"
"경기도교육청","경기도안성교육지원청","경기도 안성시","S090002967","죽산초등학교","02","공립","N","","1","18","18","1","24","24","1","20","20","1","23","23","2","26","13","2","33","16.5","1","3","3","0","0","0","9","147","16.3","11","13.4"
"경기도교육청","경기도안성교육지원청","경기도 안성시","S090002968","죽화초등학교","02","공립","N","","1","4","4","1","6","6","1","6","6","1","8","8","1","4","4","1","13","13","0","0","0","0","0","0","6","41","6.8","7","5.9"
"경기도교육청","경기도안성교육지원청","경기도 안성시","S090002969","현매초등학교","02","공립","N","","1","7","7","1","5","5","1","9","9","1","10","10","1","6","6","1","9","9","1","1","1","0","0","0","7","47","6.7","8","5.9"
"경기도교육청","경기도안양과천교육지원청","경기도 과천시","S090003042","과천초등학교","02","공립","N","","5","108","21.6","5","116","23.2","6","137","22.8","6","134","22.3","4","101","25.3","5","112","22.4","1","2","2","0","0","0","32","710","22.2","40","17.8"
"경기도교육청","경기도안양과천교육지원청","경기도 과천시","S090003043","관문초등학교","02","공립","N","","4","102","25.5","5","115","23","5","108","21.6","4","97","24.3","4","92","23","4","99","24.8","1","5","5","0","0","0","27","618","22.9","33","18.7"
"경기도교육청","경기도안양과천교육지원청","경기도 안양시 동안구","S090003044","관양초등학교","02","공립","N","","3","63","21","4","95","23.8","4","80","20","4","86","21.5","4","86","21.5","5","111","22.2","2","10","5","0","0","0","26","531","20.4","34","15.6"
"경기도교육청","경기도안양과천교육지원청","경기도 안양시 동안구","S090003045","귀인초등학교","02","공립","N","","7","165","23.6","8","196","24.5","9","244","27.1","11","289","26.3","11","271","24.6","13","335","25.8","1","3","3","0","0","0","60","1503","25.1","73","20.6"
"경기도교육청","경기도안양과천교육지원청","경기도 안양시 동안구","S090003046","달안초등학교","02","공립","N","","1","14","14","1","10","10","1","16","16","1","24","24","1","14","14","2","27","13.5","1","4","4","0","0","0","8","109","13.6","11","9.9"
"경기도교육청","경기도안양과천교육지원청","경기도 안양시 만안구","S090003047","덕천초등학교","02","공립","N","","6","141","23.5","6","144","24","7","176","25.1","6","153","25.5","6","135","22.5","5","125","25","2","10","5","0","0","0","38","884","23.3","47","18.8"
"경기도교육청","경기도안양과천교육지원청","경기도 안양시 동안구","S090003049","동안초등학교","02","공립","N","","3","59","19.7","3","64","21.3","3","69","23","3","71","23.7","4","83","20.8","4","89","22.3","0","0","0","0","0","0","20","435","21.8","25","17.4"
"경기도교육청","경기도안양과천교육지원청","경기도 안양시 만안구","S090003050","만안초등학교","02","공립","N","","3","57","19","3","72","24","3","62","20.7","3","76","25.3","3","65","21.7","4","87","21.8","2","9","4.5","2","8","4","23","436","19","31","14.1"
"경기도교육청","경기도안양과천교육지원청","경기도 안양시 만안구","S090003051","명학초등학교","02","공립","N","","2","39","19.5","3","55","18.3","3","61","20.3","3","65","21.7","3","56","18.7","3","56","18.7","1","2","2","0","0","0","18","334","18.6","22","15.2"
"경기도교육청","경기도안양과천교육지원청","경기도 과천시","S090003052","문원초등학교","02","공립","N","","10","263","26.3","9","245","27.2","11","306","27.8","10","293","29.3","11","309","28.1","12","323","26.9","2","12","6","0","0","0","65","1751","26.9","82","21.4"
"경기도교육청","경기도안양과천교육지원청","경기도 안양시 동안구","S090003053","민백초등학교","02","공립","N","","3","63","21","3","78","26","4","100","25","4","94","23.5","5","118","23.6","6","134","22.3","1","7","7","0","0","0","26","594","22.8","34","17.5"
"경기도교육청","경기도안양과천교육지원청","경기도 안양시 만안구","S090003054","박달초등학교","02","공립","N","","6","137","22.8","6","141","23.5","7","160","22.9","6","136","22.7","6","142","23.7","7","155","22.1","1","6","6","0","0","0","39","877","22.5","47","18.7"
"경기도교육청","경기도안양과천교육지원청","경기도 안양시 동안구","S090003055","벌말초등학교","02","공립","N","","4","90","22.5","4","105","26.3","6","138","23","5","114","22.8","5","127","25.4","6","141","23.5","1","5","5","0","0","0","31","720","23.2","40","18"
"경기도교육청","경기도안양과천교육지원청","경기도 안양시 동안구","S090003056","범계초등학교","02","공립","N","","3","80","26.7","4","93","23.3","5","116","23.2","6","140","23.3","5","119","23.8","6","151","25.2","1","5","5","0","0","0","30","704","23.5","36","19.6"
"경기도교육청","경기도안양과천교육지원청","경기도 안양시 동안구","S090003057","부림초등학교","02","공립","N","","5","125","25","5","125","25","6","154","25.7","6","148","24.7","6","156","26","6","159","26.5","1","6","6","0","0","0","35","873","24.9","42","20.8"
"경기도교육청","경기도안양과천교육지원청","경기도 안양시 동안구","S090003060","비산초등학교","02","공립","N","","1","19","19","1","19","19","2","23","11.5","1","16","16","2","27","13.5","2","36","18","1","2","2","0","0","0","10","142","14.2","13","10.9"
"경기도교육청","경기도안양과천교육지원청","경기도 안양시 만안구","S090003061","삼봉초등학교","02","공립","N","","3","76","25.3","4","95","23.8","4","86","21.5","4","88","22","5","109","21.8","4","96","24","2","13","6.5","0","0","0","26","563","21.7","32","17.6"
"경기도교육청","경기도안양과천교육지원청","경기도 안양시 만안구","S090003062","삼성초등학교","02","공립","N","","5","108","21.6","6","130","21.7","5","128","25.6","6","150","25","5","110","22","7","161","23","2","9","4.5","0","0","0","36","796","22.1","44","18.1"
"경기도교육청","경기도안양과천교육지원청","경기도 안양시 만안구","S090003063","석수초등학교","02","공립","N","","3","64","21.3","3","70","23.3","4","77","19.3","4","73","18.3","4","86","21.5","5","102","20.4","2","12","6","0","0","0","25","484","19.4","30","16.1"
"경기도교육청","경기도안양과천교육지원청","경기도 안양시 만안구","S090003065","신안초등학교","02","공립","N","","2","47","23.5","4","89","22.3","3","71","23.7","3","80","26.7","3","78","26","3","73","24.3","1","5","5","0","0","0","19","443","23.3","23","19.3"
"경기도교육청","경기도안양과천교육지원청","경기도 안양시 동안구","S090003066","안양관악초등학교","02","공립","N","","2","38","19","2","36","18","2","48","24","2","43","21.5","2","36","18","2","41","20.5","1","6","6","0","0","0","13","248","19.1","20","12.4"
"경기도교육청","경기도안양과천교육지원청","경기도 안양시 동안구","S090003067","안양남초등학교","02","공립","N","","2","45","22.5","3","62","20.7","3","78","26","4","94","23.5","4","93","23.3","5","132","26.4","1","1","1","0","0","0","22","505","23","29","17.4"
"경기도교육청","경기도안양과천교육지원청","경기도 안양시 동안구","S090003068","안양덕현초등학교","02","공립","N","","7","176","25.1","7","176","25.1","8","208","26","7","200","28.6","7","179","25.6","7","174","24.9","1","2","2","0","0","0","44","1115","25.3","53","21"
"경기도교육청","경기도안양과천교육지원청","경기도 안양시 동안구","S090003069","안양동초등학교","02","공립","N","","6","147","24.5","6","138","23","6","141","23.5","5","134","26.8","5","112","22.4","5","117","23.4","1","7","7","0","0","0","34","796","23.4","43","18.5"
"경기도교육청","경기도안양과천교육지원청","경기도 안양시 동안구","S090003070","안양부안초등학교","02","공립","N","","3","57","19","3","58","19.3","4","90","22.5","4","89","22.3","3","64","21.3","4","88","22","1","3","3","0","0","0","22","449","20.4","27","16.6"
"경기도교육청","경기도안양과천교육지원청","경기도 안양시 동안구","S090003071","안양부흥초등학교","02","공립","N","","4","103","25.8","6","133","22.2","6","158","26.3","6","145","24.2","6","150","25","7","160","22.9","1","3","3","0","0","0","36","852","23.7","44","19.4"
"경기도교육청","경기도안양과천교육지원청","경기도 안양시 만안구","S090003072","안양서초등학교","02","공립","N","","3","62","20.7","3","70","23.3","3","63","21","3","74","24.7","3","67","22.3","4","100","25","2","8","4","0","0","0","21","444","21.1","27","16.4"
"경기도교육청","경기도안양과천교육지원청","경기도 안양시 동안구","S090003073","안양신기초등학교","02","공립","N","","4","99","24.8","4","88","22","5","113","22.6","6","131","21.8","4","94","23.5","5","114","22.8","2","11","5.5","0","0","0","30","650","21.7","37","17.6"
"경기도교육청","경기도안양과천교육지원청","경기도 안양시 만안구","S090003074","안양양지초등학교","02","공립","N","","2","34","17","2","46","23","3","61","20.3","2","46","23","2","46","23","3","61","20.3","2","7","3.5","0","0","0","16","301","18.8","20","15.1"
"경기도교육청","경기도안양과천교육지원청","경기도 안양시 동안구","S090003075","안양중앙초등학교","02","공립","N","","6","132","22","6","157","26.2","5","120","24","4","101","25.3","5","112","22.4","5","103","20.6","2","10","5","0","0","0","33","735","22.3","40","18.4"
"경기도교육청","경기도안양과천교육지원청","경기도 안양시 만안구","S090003076","안양초등학교","02","공립","N","","7","169","24.1","7","175","25","7","173","24.7","6","145","24.2","6","134","22.3","7","154","22","3","18","6","0","0","0","43","968","22.5","55","17.6"
"경기도교육청","경기도안양과천교육지원청","경기도 안양시 만안구","S090003077","안일초등학교","02","공립","N","","4","94","23.5","4","96","24","5","118","23.6","4","89","22.3","4","97","24.3","4","88","22","1","7","7","0","0","0","26","589","22.7","32","18.4"
"경기도교육청","경기도안양과천교육지원청","경기도 안양시 만안구","S090003079","연현초등학교","02","공립","N","","3","73","24.3","4","99","24.8","4","84","21","4","100","25","4","86","21.5","5","109","21.8","1","2","2","0","0","0","25","553","22.1","31","17.8"
"경기도교육청","경기도안양과천교육지원청","경기도 안양시 동안구","S090003080","인덕원초등학교","02","공립","N","","3","65","21.7","4","82","20.5","4","79","19.8","3","74","24.7","3","55","18.3","3","66","22","2","7","3.5","0","0","0","22","428","19.5","27","15.9"
"경기도교육청","경기도안양과천교육지원청","경기도 과천시","S090003082","청계초등학교","02","공립","N","","5","127","25.4","7","166","23.7","7","167","23.9","6","158","26.3","6","157","26.2","6","153","25.5","2","11","5.5","0","0","0","39","939","24.1","48","19.6"
"경기도교육청","경기도안양과천교육지원청","경기도 안양시 동안구","S090003083","평촌초등학교","02","공립","N","","5","111","22.2","6","150","25","7","177","25.3","8","213","26.6","8","221","27.6","11","279","25.4","1","6","6","0","0","0","46","1157","25.2","56","20.7"
"경기도교육청","경기도안양과천교육지원청","경기도 안양시 동안구","S090003084","호계초등학교","02","공립","N","","3","54","18","3","73","24.3","3","61","20.3","3","78","26","3","60","20","4","102","25.5","1","5","5","0","0","0","20","433","21.7","26","16.7"
"경기도교육청","경기도안양과천교육지원청","경기도 안양시 동안구","S090003085","호성초등학교","02","공립","N","","6","147","24.5","8","191","23.9","7","183","26.1","7","168","24","7","165","23.6","7","173","24.7","3","17","5.7","0","0","0","45","1044","23.2","52","20.1"
"경기도교육청","경기도안양과천교육지원청","경기도 안양시 동안구","S090003086","호원초등학교","02","공립","N","","8","198","24.8","8","215","26.9","9","241","26.8","8","200","25","6","157","26.2","7","167","23.9","2","14","7","0","0","0","48","1192","24.8","59","20.2"
"경기도교육청","경기도안양과천교육지원청","경기도 안양시 동안구","S090003088","희성초등학교","02","공립","N","","2","32","16","2","30","15","2","39","19.5","2","30","15","2","27","13.5","2","33","16.5","0","0","0","0","0","0","12","191","15.9","15","12.7"
"경기도교육청","경기도양평교육지원청","경기도 양평군","S090003216","강상초등학교","02","공립","N","","3","56","18.7","3","55","18.3","3","64","21.3","3","67","22.3","3","73","24.3","4","84","21","1","1","1","0","0","0","20","400","20","24","16.7"
"경기도교육청","경기도양평교육지원청","경기도 양평군","S090003217","강하초등학교","02","공립","N","","1","18","18","1","5","5","1","12","12","1","14","14","1","9","9","1","12","12","1","3","3","0","0","0","7","73","10.4","8","9.1"
"경기도교육청","경기도양평교육지원청","경기도 양평군","S090003218","개군초등학교","02","공립","N","","1","17","17","1","13","13","1","16","16","1","18","18","1","19","19","1","19","19","1","4","4","0","0","0","7","106","15.1","8","13.3"
"경기도교육청","경기도양평교육지원청","경기도 양평군","S090003220","곡수초등학교","02","공립","N","","1","9","9","1","5","5","1","7","7","1","6","6","1","6","6","1","5","5","1","2","2","0","0","0","7","40","5.7","8","5"
"경기도교육청","경기도양평교육지원청","경기도 양평군","S090003223","다문초등학교","02","공립","N","","3","78","26","4","81","20.3","5","115","23","4","98","24.5","4","104","26","5","112","22.4","1","3","3","0","0","0","26","591","22.7","30","19.7"
"경기도교육청","경기도양평교육지원청","경기도 양평군","S090003230","대아초등학교","02","공립","N","","1","11","11","1","21","21","1","25","25","1","15","15","1","15","15","1","19","19","0","0","0","0","0","0","6","106","17.7","6","17.7"
"경기도교육청","경기도양평교육지원청","경기도 양평군","S090003240","서종초등학교","02","공립","N","","2","35","17.5","2","46","23","2","47","23.5","3","58","19.3","3","54","18","2","50","25","1","1","1","0","0","0","15","291","19.4","19","15.3"
"경기도교육청","경기도양평교육지원청","경기도 양평군","S090003244","세월초등학교","02","공립","N","","1","13","13","1","9","9","1","13","13","1","14","14","1","15","15","1","2","2","1","5","5","0","0","0","7","71","10.1","8","8.9"
"경기도교육청","경기도양평교육지원청","경기도 양평군","S090003245","수입초등학교","02","공립","N","","1","7","7","1","13","13","1","14","14","1","18","18","1","2","2","1","20","20","1","6","6","0","0","0","7","80","11.4","8","10"
"경기도교육청","경기도양평교육지원청","경기도 양평군","S090003247","양동초등학교","02","공립","N","","1","11","11","1","8","8","1","12","12","1","8","8","1","14","14","1","14","14","1","1","1","0","0","0","7","68","9.7","10","6.8"
"경기도교육청","경기도양평교육지원청","경기도 양평군","S090003248","양동초등학교고송분교장","02","공립","N","","0","0","0","1","7","7","0","0","0","1","4","4","0","0","0","1","1","1","1","1","1","0","0","0","4","13","3.3","5","2.6"
"경기도교육청","경기도양평교육지원청","경기도 양평군","S090003251","양서초등학교","02","공립","N","","1","16","16","1","9","9","1","11","11","1","8","8","1","11","11","1","11","11","1","5","5","1","2","2","8","73","9.1","9","8.1"
"경기도교육청","경기도양평교육지원청","경기도 양평군","S090003252","양수초등학교","02","공립","N","","2","28","14","2","38","19","2","38","19","2","38","19","2","41","20.5","2","53","26.5","1","4","4","0","0","0","13","240","18.5","17","14.1"
"경기도교육청","경기도양평교육지원청","경기도 양평군","S090003253","양평단월초등학교","02","공립","N","","1","7","7","1","8","8","1","9","9","1","7","7","1","13","13","1","14","14","1","2","2","0","0","0","7","60","8.6","8","7.5"
"경기도교육청","경기도양평교육지원청","경기도 양평군","S090003255","양평동초등학교","02","공립","N","","3","73","24.3","3","77","25.7","4","93","23.3","5","110","22","4","98","24.5","5","112","22.4","2","9","4.5","0","0","0","26","572","22","31","18.5"
"경기도교육청","경기도양평교육지원청","경기도 양평군","S090003257","양평초등학교","02","공립","N","","8","189","23.6","8","186","23.3","8","199","24.9","8","186","23.3","8","184","23","8","191","23.9","3","14","4.7","0","0","0","51","1149","22.5","60","19.2"
"경기도교육청","경기도양평교육지원청","경기도 양평군","S090003259","옥천초등학교","02","공립","N","","2","34","17","3","52","17.3","2","45","22.5","2","48","24","2","33","16.5","3","62","20.7","2","10","5","0","0","0","16","284","17.8","19","14.9"
"경기도교육청","경기도양평교육지원청","경기도 양평군","S090003261","용문초등학교","02","공립","N","","1","11","11","1","10","10","1","8","8","1","10","10","1","10","10","1","13","13","1","2","2","1","1","1","8","65","8.1","9","7.2"
"경기도교육청","경기도양평교육지원청","경기도 양평군","S090003262","원덕초등학교","02","공립","N","","1","7","7","1","7","7","1","9","9","1","10","10","1","9","9","1","12","12","1","4","4","0","0","0","7","58","8.3","8","7.3"
"경기도교육청","경기도양평교육지원청","경기도 양평군","S090003267","조현초등학교","02","공립","N","","1","21","21","2","27","13.5","2","26","13","2","36","18","2","37","18.5","2","37","18.5","2","10","5","0","0","0","13","194","14.9","16","12.1"
"경기도교육청","경기도양평교육지원청","경기도 양평군","S090003268","지평초등학교","02","공립","N","","1","9","9","1","11","11","1","12","12","1","12","12","1","16","16","1","16","16","2","8","4","0","0","0","8","84","10.5","9","9.3"
"경기도교육청","경기도양평교육지원청","경기도 양평군","S090003270","청운초등학교","02","공립","N","","1","6","6","1","7","7","1","10","10","1","13","13","1","12","12","1","12","12","1","4","4","1","1","1","8","65","8.1","9","7.2"
"경기도교육청","경기도여주교육지원청","경기도 여주시","S090003326","가남초등학교","02","공립","N","","3","57","19","3","63","21","3","74","24.7","3","78","26","3","61","20.3","4","86","21.5","1","7","7","0","0","0","20","426","21.3","26","16.4"
"경기도교육청","경기도여주교육지원청","경기도 여주시","S090003328","강천초등학교","02","공립","N","","1","5","5","1","11","11","1","11","11","1","11","11","1","15","15","1","20","20","1","2","2","0","0","0","7","75","10.7","9","8.3"
"경기도교육청","경기도여주교육지원청","경기도 여주시","S090003333","금당초등학교","02","공립","N","","0","0","0","1","5","5","1","6","6","0","0","0","1","6","6","1","2","2","1","6","6","0","0","0","5","25","5","7","3.6"
"경기도교육청","경기도여주교육지원청","경기도 여주시","S090003335","능북초등학교","02","공립","N","","1","6","6","1","10","10","1","6","6","1","8","8","1","4","4","1","5","5","1","4","4","0","0","0","7","43","6.1","9","4.8"
"경기도교육청","경기도여주교육지원청","경기도 여주시","S090003336","능서초등학교","02","공립","N","","1","13","13","1","4","4","1","11","11","1","5","5","1","9","9","1","12","12","1","4","4","0","0","0","7","58","8.3","8","7.3"
"경기도교육청","경기도여주교육지원청","경기도 여주시","S090003338","대신초등학교","02","공립","N","","1","9","9","1","9","9","1","10","10","1","7","7","1","9","9","1","14","14","1","2","2","0","0","0","7","60","8.6","8","7.5"
"경기도교육청","경기도여주교육지원청","경기도 여주시","S090003340","매류초등학교","02","공립","N","","1","5","5","1","4","4","1","5","5","1","6","6","1","8","8","1","9","9","1","4","4","0","0","0","7","41","5.9","9","4.6"
"경기도교육청","경기도여주교육지원청","경기도 여주시","S090003341","문장초등학교","02","공립","N","","1","6","6","1","6","6","1","4","4","1","10","10","1","6","6","1","6","6","0","0","0","0","0","0","6","38","6.3","7","5.4"
"경기도교육청","경기도여주교육지원청","경기도 여주시","S090003342","북내초등학교","02","공립","N","","1","13","13","1","14","14","1","10","10","1","14","14","1","11","11","1","17","17","1","8","8","0","0","0","7","87","12.4","8","10.9"
"경기도교육청","경기도여주교육지원청","경기도 여주시","S090003343","북내초등학교도전분교장","02","공립","N","","0","0","0","1","2","2","0","0","0","1","4","4","0","0","0","1","3","3","0","0","0","0","0","0","3","9","3","4","2.3"
"경기도교육청","경기도여주교육지원청","경기도 여주시","S090003344","북내초등학교운암분교장","02","공립","N","","0","0","0","0","0","0","0","0","0","0","0","0","1","4","4","1","5","5","0","0","0","0","0","0","2","9","4.5","2","4.5"
"경기도교육청","경기도여주교육지원청","경기도 여주시","S090003346","상품초등학교","02","공립","N","","1","3","3","1","11","11","1","13","13","1","10","10","1","14","14","1","14","14","0","0","0","0","0","0","6","65","10.8","7","9.3"
"경기도교육청","경기도여주교육지원청","경기도 여주시","S090003348","송삼초등학교","02","공립","N","","1","4","4","1","5","5","1","3","3","1","8","8","1","9","9","1","7","7","0","0","0","0","0","0","6","36","6","8","4.5"
"경기도교육청","경기도여주교육지원청","경기도 여주시","S090003349","송촌초등학교","02","공립","N","","1","5","5","1","7","7","1","7","7","1","5","5","1","7","7","1","10","10","0","0","0","0","0","0","6","41","6.8","7","5.9"
"경기도교육청","경기도여주교육지원청","경기도 여주시","S090003351","여주초등학교","02","공립","N","","3","54","18","3","63","21","2","53","26.5","3","61","20.3","3","67","22.3","3","68","22.7","2","12","6","0","0","0","19","378","19.9","24","15.8"
"경기도교육청","경기도여주교육지원청","경기도 여주시","S090003352","여흥초등학교","02","공립","N","","3","77","25.7","3","81","27","4","97","24.3","4","97","24.3","4","104","26","5","135","27","2","9","4.5","0","0","0","25","600","24","31","19.4"
"경기도교육청","경기도여주교육지원청","경기도 여주시","S090003353","연라초등학교","02","공립","N","","1","22","22","1","18","18","1","25","25","1","20","20","1","14","14","1","17","17","1","3","3","0","0","0","7","119","17","8","14.9"
"경기도교육청","경기도여주교육지원청","경기도 여주시","S090003354","오산초등학교","02","공립","N","","1","8","8","1","6","6","1","3","3","1","11","11","1","8","8","1","8","8","1","4","4","0","0","0","7","48","6.9","9","5.3"
"경기도교육청","경기도여주교육지원청","경기도 여주시","S090003355","오학초등학교","02","공립","N","","4","102","25.5","5","129","25.8","7","161","23","6","138","23","6","145","24.2","6","162","27","1","6","6","0","0","0","35","843","24.1","45","18.7"
"경기도교육청","경기도여주교육지원청","경기도 여주시","S090003358","이포초등학교","02","공립","N","","0","0","0","1","3","3","1","6","6","1","8","8","1","4","4","1","7","7","0","0","0","0","0","0","5","28","5.6","7","4"
"경기도교육청","경기도여주교육지원청","경기도 여주시","S090003359","이포초등학교하호분교장","02","공립","N","","0","0","0","0","0","0","0","0","0","1","4","4","0","0","0","1","4","4","0","0","0","0","0","0","2","8","4","2","4"
"경기도교육청","경기도여주교육지원청","경기도 여주시","S090003360","점동초등학교","02","공립","N","","1","5","5","1","4","4","1","7","7","1","8","8","1","14","14","1","17","17","3","18","6","2","7","3.5","11","80","7.3","14","5.7"
"경기도교육청","경기도여주교육지원청","경기도 여주시","S090003363","점봉초등학교","02","공립","N","","2","41","20.5","2","49","24.5","3","53","17.7","3","63","21","2","51","25.5","3","60","20","2","8","4","0","0","0","17","325","19.1","21","15.5"
"경기도교육청","경기도여주교육지원청","경기도 여주시","S090003365","천남초등학교","02","공립","N","","1","17","17","1","14","14","1","12","12","1","11","11","1","11","11","1","10","10","1","7","7","0","0","0","7","82","11.7","9","9.1"
"경기도교육청","경기도여주교육지원청","경기도 여주시","S090003368","흥천초등학교","02","공립","N","","0","0","0","1","8","8","1","6","6","1","6","6","1","19","19","1","9","9","1","1","1","0","0","0","6","49","8.2","9","5.4"
"경기도교육청","경기도연천교육지원청","경기도 연천군","S090003414","군남초등학교","02","공립","N","","1","8","8","1","9","9","1","13","13","1","12","12","1","4","4","1","9","9","1","3","3","0","0","0","7","58","8.3","9","6.4"
"경기도교육청","경기도연천교육지원청","경기도 연천군","S090003417","궁평초등학교","02","공립","N","","1","3","3","1","6","6","1","9","9","1","6","6","1","9","9","1","9","9","0","0","0","0","0","0","6","42","7","7","6"
"경기도교육청","경기도연천교육지원청","경기도 연천군","S090003419","대광초등학교","02","공립","N","","1","2","2","1","8","8","1","6","6","1","5","5","1","7","7","1","6","6","1","5","5","0","0","0","7","39","5.6","9","4.3"
"경기도교육청","경기도연천교육지원청","경기도 연천군","S090003423","백의초등학교","02","공립","N","","1","8","8","1","3","3","1","14","14","1","8","8","1","10","10","1","6","6","1","2","2","0","0","0","7","51","7.3","9","5.7"
"경기도교육청","경기도연천교육지원청","경기도 연천군","S090003424","백학초등학교","02","공립","N","","1","5","5","1","5","5","1","7","7","1","4","4","1","10","10","1","3","3","1","3","3","0","0","0","7","37","5.3","9","4.1"
"경기도교육청","경기도연천교육지원청","경기도 연천군","S090003426","상리초등학교","02","공립","N","","1","5","5","1","10","10","1","10","10","1","12","12","1","4","4","1","8","8","1","3","3","0","0","0","7","52","7.4","9","5.8"
"경기도교육청","경기도연천교육지원청","경기도 연천군","S090003428","연천노곡초등학교","02","공립","N","","1","3","3","1","0","0","1","4","4","1","5","5","1","7","7","1","3","3","1","2","2","0","0","0","7","24","3.4","10","2.4"
"경기도교육청","경기도연천교육지원청","경기도 연천군","S090003429","연천왕산초등학교","02","공립","N","","1","4","4","1","4","4","1","6","6","1","3","3","1","2","2","2","13","6.5","0","0","0","0","0","0","7","32","4.6","9","3.6"
"경기도교육청","경기도연천교육지원청","경기도 연천군","S090003431","연천초등학교","02","공립","N","","2","31","15.5","2","46","23","2","35","17.5","2","26","13","2","31","15.5","2","30","15","1","3","3","0","0","0","13","202","15.5","18","11.2"
"경기도교육청","경기도연천교육지원청","경기도 연천군","S090003437","은대초등학교","02","공립","N","","1","14","14","1","13","13","1","12","12","1","10","10","1","14","14","1","12","12","0","0","0","0","0","0","6","75","12.5","8","9.4"
"경기도교육청","경기도연천교육지원청","경기도 연천군","S090003438","전곡초등학교","02","공립","N","","3","78","26","5","109","21.8","5","107","21.4","5","113","22.6","5","128","25.6","6","132","22","3","16","5.3","0","0","0","32","683","21.3","40","17.1"
"경기도교육청","경기도연천교육지원청","경기도 연천군","S090003441","초성초등학교","02","공립","N","","1","10","10","1","6","6","1","13","13","1","13","13","1","11","11","1","9","9","1","1","1","0","0","0","7","63","9","10","6.3"
"경기도교육청","경기도연천교육지원청","경기도 연천군","S090003442","화진초등학교","02","공립","N","","1","15","15","1","17","17","1","9","9","1","12","12","1","17","17","1","12","12","1","1","1","0","0","0","7","83","11.9","8","10.4"
"경기도교육청","경기도용인교육지원청","경기도 용인시 수지구","S090003495","고기초등학교","02","공립","N","","2","32","16","2","32","16","1","27","27","2","42","21","2","29","14.5","2","31","15.5","1","6","6","0","0","0","12","199","16.6","14","14.2"
"경기도교육청","경기도용인교육지원청","경기도 용인시 처인구","S090003496","고림초등학교","02","공립","N","","3","76","25.3","6","143","23.8","5","109","21.8","5","123","24.6","5","128","25.6","6","140","23.3","1","6","6","0","0","0","31","725","23.4","38","19.1"
"경기도교육청","경기도용인교육지원청","경기도 용인시 기흥구","S090003497","관곡초등학교","02","공립","N","","1","13","13","1","10","10","2","16","8","1","17","17","1","19","19","1","24","24","1","9","9","0","0","0","8","108","13.5","11","9.8"
"경기도교육청","경기도용인교육지원청","경기도 용인시 기흥구","S090003498","구갈초등학교","02","공립","N","","3","54","18","3","56","18.7","3","74","24.7","3","63","21","3","77","25.7","3","67","22.3","2","9","4.5","0","0","0","20","400","20","24","16.7"
"경기도교육청","경기도용인교육지원청","경기도 용인시 기흥구","S090003499","구성초등학교","02","공립","N","","4","87","21.8","4","73","18.3","4","91","22.8","4","92","23","4","91","22.8","5","114","22.8","1","4","4","1","1","1","27","553","20.5","33","16.8"
"경기도교육청","경기도용인교육지원청","경기도 용인시 기흥구","S090003500","기흥초등학교","02","공립","N","","2","39","19.5","3","53","17.7","2","43","21.5","2","44","22","3","58","19.3","2","48","24","1","3","3","0","0","0","15","288","19.2","19","15.2"
"경기도교육청","경기도용인교육지원청","경기도 용인시 처인구","S090003501","남곡초등학교","02","공립","N","","11","270","24.5","12","308","25.7","12","313","26.1","11","299","27.2","10","288","28.8","12","324","27","3","18","6","0","0","0","71","1820","25.6","85","21.4"
"경기도교육청","경기도용인교육지원청","경기도 용인시 처인구","S090003502","남사초등학교","02","공립","N","","1","14","14","1","13","13","1","14","14","1","16","16","1","20","20","1","21","21","1","8","8","0","0","0","7","106","15.1","10","10.6"
"경기도교육청","경기도용인교육지원청","경기도 용인시 처인구","S090003504","남촌초등학교","02","공립","N","","1","5","5","1","7","7","1","11","11","1","9","9","1","6","6","1","7","7","0","0","0","0","0","0","6","45","7.5","7","6.4"
"경기도교육청","경기도용인교육지원청","경기도 용인시 처인구","S090003505","능원초등학교","02","공립","N","","4","98","24.5","6","128","21.3","5","126","25.2","7","168","24","6","155","25.8","6","153","25.5","0","0","0","0","0","0","34","828","24.4","42","19.7"
"경기도교육청","경기도용인교육지원청","경기도 용인시 수지구","S090003506","용인대일초등학교","02","공립","N","","3","71","23.7","3","70","23.3","3","70","23.3","3","61","20.3","3","71","23.7","3","72","24","1","5","5","0","0","0","19","420","22.1","23","18.3"
"경기도교육청","경기도용인교육지원청","경기도 용인시 수지구","S090003507","대지초등학교","02","공립","N","","2","45","22.5","3","67","22.3","3","77","25.7","3","72","24","3","68","22.7","4","82","20.5","1","5","5","0","0","0","19","416","21.9","24","17.3"
"경기도교육청","경기도용인교육지원청","경기도 용인시 수지구","S090003508","대현초등학교","02","공립","N","","2","43","21.5","3","56","18.7","3","50","16.7","3","51","17","3","58","19.3","3","61","20.3","1","3","3","0","0","0","18","322","17.9","24","13.4"
"경기도교육청","경기도용인교육지원청","경기도 용인시 수지구","S090003509","동천초등학교","02","공립","N","","7","178","25.4","8","187","23.4","8","199","24.9","8","194","24.3","8","196","24.5","7","162","23.1","2","10","5","0","0","0","48","1126","23.5","58","19.4"
"경기도교육청","경기도용인교육지원청","경기도 용인시 기흥구","S090003511","마북초등학교","02","공립","N","","4","75","18.8","4","90","22.5","4","106","26.5","3","81","27","5","104","20.8","5","107","21.4","1","6","6","0","0","0","26","569","21.9","32","17.8"
"경기도교육청","경기도용인교육지원청","경기도 용인시 기흥구","S090003512","마성초등학교","02","공립","N","","2","24","12","1","20","20","1","21","21","2","29","14.5","2","31","15.5","2","32","16","1","2","2","0","0","0","11","159","14.5","14","11.4"
"경기도교육청","경기도용인교육지원청","경기도 용인시 수지구","S090003513","용인심곡초등학교","02","공립","N","","4","81","20.3","4","100","25","4","97","24.3","4","102","25.5","3","77","25.7","5","131","26.2","2","7","3.5","0","0","0","26","595","22.9","31","19.2"
"경기도교육청","경기도용인교육지원청","경기도 용인시 처인구","S090003514","모현초등학교","02","공립","N","","1","21","21","1","20","20","2","40","20","2","24","12","2","42","21","2","37","18.5","1","6","6","0","0","0","11","190","17.3","14","13.6"
"경기도교육청","경기도용인교육지원청","경기도 용인시 처인구","S090003515","백봉초등학교","02","공립","N","","1","8","8","1","3","3","1","6","6","1","4","4","1","5","5","1","3","3","1","3","3","0","0","0","7","32","4.6","9","3.6"
"경기도교육청","경기도용인교육지원청","경기도 용인시 처인구","S090003516","백암초등학교","02","공립","N","","1","13","13","1","17","17","1","16","16","1","14","14","1","21","21","1","21","21","1","1","1","0","0","0","7","103","14.7","9","11.4"
"경기도교육청","경기도용인교육지원청","경기도 용인시 처인구","S090003517","백암초등학교수정분교장","02","공립","N","","1","3","3","0","0","0","1","0","0","1","4","4","0","0","0","0","0","0","1","4","4","0","0","0","4","11","2.8","5","2.2"
"경기도교육청","경기도용인교육지원청","경기도 용인시 기흥구","S090003518","보라초등학교","02","공립","N","","1","15","15","1","22","22","2","20","10","2","32","16","1","19","19","2","19","9.5","2","12","6","0","0","0","11","139","12.6","13","10.7"
"경기도교육청","경기도용인교육지원청","경기도 용인시 기흥구","S090003519","보정초등학교","02","공립","N","","4","103","25.8","5","117","23.4","5","125","25","5","124","24.8","5","117","23.4","6","133","22.2","1","3","3","0","0","0","31","722","23.3","38","19"
"경기도교육청","경기도용인교육지원청","경기도 용인시 기흥구","S090003520","산양초등학교","02","공립","N","","3","59","19.7","4","89","22.3","4","89","22.3","4","99","24.8","4","98","24.5","4","95","23.8","1","2","2","0","0","0","24","531","22.1","27","19.7"
"경기도교육청","경기도용인교육지원청","경기도 용인시 기흥구","S090003521","상갈초등학교","02","공립","N","","3","63","21","3","56","18.7","3","70","23.3","2","41","20.5","3","71","23.7","3","77","25.7","1","5","5","0","0","0","18","383","21.3","23","16.7"
"경기도교육청","경기도용인교육지원청","경기도 용인시 기흥구","S090003522","상하초등학교","02","공립","N","","3","66","22","4","87","21.8","4","98","24.5","4","100","25","4","96","24","5","128","25.6","1","3","3","0","0","0","25","578","23.1","32","18.1"
"경기도교육청","경기도용인교육지원청","경기도 용인시 수지구","S090003523","상현초등학교","02","공립","N","","6","134","22.3","7","166","23.7","7","183","26.1","7","179","25.6","7","170","24.3","7","164","23.4","0","0","0","0","0","0","41","996","24.3","51","19.5"
"경기도교육청","경기도용인교육지원청","경기도 용인시 처인구","S090003524","서룡초등학교","02","공립","N","","4","97","24.3","4","99","24.8","4","101","25.3","4","94","23.5","3","75","25","4","89","22.3","2","8","4","0","0","0","25","563","22.5","29","19.4"
"경기도교육청","경기도용인교육지원청","경기도 용인시 수지구","S090003525","서원초등학교","02","공립","N","","5","112","22.4","4","103","25.8","5","128","25.6","6","145","24.2","5","121","24.2","7","160","22.9","2","10","5","0","0","0","34","779","22.9","44","17.7"
"경기도교육청","경기도용인교육지원청","경기도 용인시 기흥구","S090003526","서천초등학교","02","공립","N","","3","56","18.7","3","64","21.3","3","55","18.3","4","91","22.8","3","62","20.7","4","82","20.5","2","10","5","0","0","0","22","420","19.1","27","15.6"
"경기도교육청","경기도용인교육지원청","경기도 용인시 수지구","S090003527","성복초등학교","02","공립","N","","4","98","24.5","4","102","25.5","6","139","23.2","5","126","25.2","5","136","27.2","6","160","26.7","1","3","3","0","0","0","31","764","24.6","38","20.1"
"경기도교육청","경기도용인교육지원청","경기도 용인시 수지구","S090003528","소현초등학교","02","공립","N","","3","53","17.7","3","58","19.3","3","63","21","3","77","25.7","3","65","21.7","4","84","21","1","6","6","0","0","0","20","406","20.3","24","16.9"
"경기도교육청","경기도용인교육지원청","경기도 용인시 수지구","S090003529","솔개초등학교","02","공립","N","","4","100","25","5","107","21.4","5","132","26.4","6","141","23.5","7","168","24","7","172","24.6","0","0","0","0","0","0","34","820","24.1","41","20"
"경기도교육청","경기도용인교육지원청","경기도 용인시 처인구","S090003530","송전초등학교","02","공립","N","","2","34","17","2","38","19","3","55","18.3","3","52","17.3","2","45","22.5","2","41","20.5","1","9","9","0","0","0","15","274","18.3","20","13.7"
"경기도교육청","경기도용인교육지원청","경기도 용인시 수지구","S090003532","수지초등학교","02","공립","N","","9","240","26.7","11","307","27.9","12","336","28","11","304","27.6","11","320","29.1","10","290","29","1","5","5","1","2","2","66","1804","27.3","80","22.6"
"경기도교육청","경기도용인교육지원청","경기도 용인시 기흥구","S090003534","신갈초등학교","02","공립","N","","4","88","22","4","90","22.5","4","95","23.8","3","65","21.7","3","77","25.7","4","92","23","2","12","6","0","0","0","24","519","21.6","27","19.2"
"경기도교육청","경기도용인교육지원청","경기도 용인시 수지구","S090003535","신월초등학교","02","공립","N","","3","71","23.7","3","56","18.7","3","67","22.3","3","72","24","3","60","20","3","58","19.3","1","6","6","0","0","0","19","390","20.5","23","17"
"경기도교육청","경기도용인교육지원청","경기도 용인시 처인구","S090003536","양지초등학교","02","공립","N","","3","79","26.3","3","66","22","4","96","24","4","81","20.3","4","92","23","4","89","22.3","2","12","6","1","1","1","25","516","20.6","31","16.6"
"경기도교육청","경기도용인교육지원청","경기도 용인시 기흥구","S090003537","어정초등학교","02","공립","N","","6","133","22.2","6","141","23.5","6","147","24.5","6","136","22.7","6","150","25","6","142","23.7","1","9","9","1","4","4","38","862","22.7","46","18.7"
"경기도교육청","경기도용인교육지원청","경기도 용인시 기흥구","S090003539","언동초등학교","02","공립","N","","3","78","26","4","81","20.3","4","90","22.5","3","79","26.3","4","88","22","5","127","25.4","1","5","5","0","0","0","24","548","22.8","29","18.9"
"경기도교육청","경기도용인교육지원청","경기도 용인시 처인구","S090003540","역북초등학교","02","공립","N","","5","109","21.8","5","112","22.4","5","126","25.2","5","117","23.4","5","132","26.4","6","143","23.8","1","2","2","0","0","0","32","741","23.2","38","19.5"
"경기도교육청","경기도용인교육지원청","경기도 용인시 처인구","S090003541","왕산초등학교","02","공립","N","","2","52","26","3","57","19","4","83","20.8","3","67","22.3","4","84","21","4","83","20.8","1","3","3","0","0","0","21","429","20.4","25","17.2"
"경기도교육청","경기도용인교육지원청","경기도 용인시 처인구","S090003542","용마초등학교","02","공립","N","","4","92","23","5","114","22.8","5","106","21.2","5","120","24","5","127","25.4","6","141","23.5","2","12","6","0","0","0","32","712","22.3","42","17"
"경기도교육청","경기도용인교육지원청","경기도 용인시 처인구","S090003543","용인둔전초등학교","02","공립","N","","5","109","21.8","4","90","22.5","5","126","25.2","5","116","23.2","5","104","20.8","6","136","22.7","1","6","6","0","0","0","31","687","22.2","39","17.6"
"경기도교육청","경기도용인교육지원청","경기도 용인시 처인구","S090003544","용인초등학교","02","공립","N","","4","97","24.3","5","128","25.6","5","106","21.2","5","131","26.2","5","120","24","5","115","23","2","9","4.5","1","3","3","32","709","22.2","39","18.2"
"경기도교육청","경기도용인교육지원청","경기도 용인시 처인구","S090003545","용천초등학교","02","공립","N","","2","35","17.5","2","37","18.5","2","45","22.5","2","43","21.5","2","31","15.5","2","48","24","1","6","6","0","0","0","13","245","18.8","18","13.6"
"경기도교육청","경기도용인교육지원청","경기도 용인시 처인구","S090003546","운학초등학교","02","공립","N","","1","8","8","1","12","12","1","18","18","1","5","5","1","12","12","1","16","16","1","2","2","0","0","0","7","73","10.4","9","8.1"
"경기도교육청","경기도용인교육지원청","경기도 용인시 처인구","S090003547","원삼초등학교","02","공립","N","","1","5","5","1","9","9","1","8","8","1","11","11","1","10","10","1","17","17","0","0","0","0","0","0","6","60","10","7","8.6"
"경기도교육청","경기도용인교육지원청","경기도 용인시 기흥구","S090003550","이현초등학교","02","공립","N","","4","94","23.5","4","98","24.5","4","100","25","4","100","25","4","106","26.5","6","143","23.8","1","6","6","0","0","0","27","647","24","33","19.6"
"경기도교육청","경기도용인교육지원청","경기도 용인시 처인구","S090003551","장평초등학교","02","공립","N","","1","7","7","1","7","7","1","4","4","1","5","5","0","0","0","1","8","8","0","0","0","0","0","0","5","31","6.2","8","3.9"
"경기도교육청","경기도용인교육지원청","경기도 용인시 수지구","S090003552","정평초등학교","02","공립","N","","5","125","25","5","119","23.8","6","154","25.7","6","149","24.8","7","172","24.6","6","154","25.7","1","6","6","0","0","0","36","879","24.4","43","20.4"
"경기도교육청","경기도용인교육지원청","","S090003553","제일초등학교","02","공립","N","","2","30","15","1","29","29","1","22","22","2","41","20.5","2","35","17.5","2","45","22.5","0","0","0","0","0","0","10","202","20.2","14","14.4"
"경기도교육청","경기도용인교육지원청","경기도 용인시 처인구","S090003554","좌항초등학교","02","공립","N","","1","9","9","1","9","9","1","9","9","1","10","10","1","11","11","1","11","11","1","6","6","0","0","0","7","65","9.3","9","7.2"
"경기도교육청","경기도용인교육지원청","경기도 용인시 수지구","S090003555","죽전초등학교","02","공립","N","","2","46","23","3","56","18.7","3","61","20.3","3","55","18.3","2","43","21.5","2","39","19.5","1","6","6","0","0","0","16","306","19.1","20","15.3"
"경기도교육청","경기도용인교육지원청","경기도 용인시 기흥구","S090003556","청곡초등학교","02","공립","N","","7","173","24.7","9","204","22.7","8","187","23.4","7","169","24.1","5","123","24.6","6","144","24","1","8","8","0","0","0","43","1008","23.4","52","19.4"
"경기도교육청","경기도용인교육지원청","경기도 용인시 수지구","S090003558","토월초등학교","02","공립","N","","4","86","21.5","4","93","23.3","5","117","23.4","5","108","21.6","5","104","20.8","5","131","26.2","1","6","6","0","0","0","29","645","22.2","34","19"
"경기도교육청","경기도용인교육지원청","경기도 용인시 처인구","S090003559","포곡초등학교","02","공립","N","","4","84","21","4","89","22.3","4","103","25.8","5","104","20.8","5","111","22.2","6","130","21.7","2","12","6","1","4","4","31","637","20.5","37","17.2"
"경기도교육청","경기도용인교육지원청","경기도 용인시 수지구","S090003560","풍덕초등학교","02","공립","N","","8","196","24.5","8","189","23.6","8","198","24.8","8","201","25.1","8","189","23.6","8","205","25.6","2","12","6","0","0","0","50","1190","23.8","59","20.2"
"경기도교육청","경기도용인교육지원청","경기도 용인시 수지구","S090003561","풍천초등학교","02","공립","N","","5","129","25.8","7","182","26","8","190","23.8","8","185","23.1","8","202","25.3","9","226","25.1","0","0","0","0","0","0","45","1114","24.8","54","20.6"
"경기도교육청","경기도용인교육지원청","","S090003562","한터초등학교","02","공립","N","","1","13","13","1","18","18","1","22","22","1","15","15","1","19","19","2","34","17","0","0","0","0","0","0","7","121","17.3","12","10.1"
"경기도교육청","경기도용인교육지원청","경기도 용인시 수지구","S090003563","홍천초등학교","02","공립","N","","3","53","17.7","3","67","22.3","4","85","21.3","4","91","22.8","4","91","22.8","3","76","25.3","1","2","2","0","0","0","22","465","21.1","29","16"
"경기도교육청","경기도의정부교육지원청","경기도 의정부시","S090003656","가능초등학교","02","공립","N","","4","99","24.8","6","135","22.5","7","164","23.4","6","153","25.5","6","150","25","8","192","24","2","13","6.5","0","0","0","39","906","23.2","50","18.1"
"경기도교육청","경기도의정부교육지원청","경기도 의정부시","S090003657","경의초등학교","02","공립","N","","6","144","24","5","131","26.2","4","102","25.5","4","103","25.8","3","64","21.3","4","84","21","2","7","3.5","0","0","0","28","635","22.7","34","18.7"
"경기도교육청","경기도의정부교육지원청","경기도 의정부시","S090003658","고산초등학교","02","공립","N","","7","188","26.9","7","181","25.9","6","154","25.7","5","128","25.6","4","96","24","4","89","22.3","2","9","4.5","0","0","0","35","845","24.1","43","19.7"
"경기도교육청","경기도의정부교육지원청","경기도 의정부시","S090003659","금오초등학교","02","공립","N","","2","46","23","2","44","22","3","60","20","2","47","23.5","3","52","17.3","2","44","22","2","8","4","0","0","0","16","301","18.8","19","15.8"
"경기도교육청","경기도의정부교육지원청","경기도 의정부시","S090003660","녹양초등학교","02","공립","N","","2","40","20","2","40","20","3","58","19.3","3","53","17.7","3","78","26","4","94","23.5","2","12","6","0","0","0","19","375","19.7","23","16.3"
"경기도교육청","경기도의정부교육지원청","경기도 의정부시","S090003661","동오초등학교","02","공립","N","","4","87","21.8","3","74","24.7","3","66","22","3","78","26","4","84","21","4","99","24.8","0","0","0","0","0","0","21","488","23.2","26","18.8"
"경기도교육청","경기도의정부교육지원청","경기도 의정부시","S090003662","민락초등학교","02","공립","N","","4","91","22.8","5","105","21","6","133","22.2","5","128","25.6","5","128","25.6","7","161","23","2","12","6","0","0","0","34","758","22.3","41","18.5"
"경기도교육청","경기도의정부교육지원청","경기도 의정부시","S090003663","발곡초등학교","02","공립","N","","3","55","18.3","3","61","20.3","4","84","21","4","83","20.8","4","96","24","4","88","22","1","5","5","0","0","0","23","472","20.5","28","16.9"
"경기도교육청","경기도의정부교육지원청","경기도 의정부시","S090003664","배영초등학교","02","공립","N","","3","48","16","3","60","20","3","55","18.3","3","56","18.7","3","51","17","3","68","22.7","2","13","6.5","0","0","0","20","351","17.6","27","13"
"경기도교육청","경기도의정부교육지원청","경기도 의정부시","S090003665","새말초등학교","02","공립","N","","5","110","22","6","136","22.7","6","148","24.7","5","126","25.2","6","136","22.7","6","152","25.3","1","7","7","0","0","0","35","815","23.3","42","19.4"
"경기도교육청","경기도의정부교육지원청","경기도 의정부시","S090003666","솔뫼초등학교","02","공립","N","","4","90","22.5","5","102","20.4","5","106","21.2","4","96","24","4","80","20","4","104","26","2","11","5.5","0","0","0","28","589","21","36","16.4"
"경기도교육청","경기도의정부교육지원청","경기도 의정부시","S090003667","송양초등학교","02","공립","N","","5","119","23.8","6","154","25.7","6","145","24.2","6","152","25.3","6","156","26","6","159","26.5","2","11","5.5","0","0","0","37","896","24.2","44","20.4"
"경기도교육청","경기도의정부교육지원청","경기도 의정부시","S090003669","신동초등학교","02","공립","N","","3","61","20.3","3","59","19.7","3","59","19.7","3","69","23","3","79","26.3","4","80","20","2","12","6","0","0","0","21","419","20","27","15.5"
"경기도교육청","경기도의정부교육지원청","경기도 의정부시","S090003670","어룡초등학교","02","공립","N","","1","24","24","2","31","15.5","2","25","12.5","2","31","15.5","2","38","19","2","33","16.5","2","8","4","0","0","0","13","190","14.6","15","12.7"
"경기도교육청","경기도의정부교육지원청","경기도 의정부시","S090003671","오동초등학교","02","공립","N","","3","75","25","4","87","21.8","4","104","26","4","102","25.5","5","107","21.4","5","114","22.8","1","3","3","0","0","0","26","592","22.8","31","19.1"
"경기도교육청","경기도의정부교육지원청","경기도 의정부시","S090003673","의순초등학교","02","공립","N","","2","49","24.5","4","86","21.5","4","105","26.3","4","90","22.5","4","102","25.5","5","107","21.4","2","8","4","0","0","0","25","547","21.9","30","18.2"
"경기도교육청","경기도의정부교육지원청","경기도 의정부시","S090003674","의정부부용초등학교","02","공립","N","","4","77","19.3","4","78","19.5","4","105","26.3","4","100","25","5","116","23.2","5","112","22.4","2","11","5.5","0","0","0","28","599","21.4","36","16.6"
"경기도교육청","경기도의정부교육지원청","경기도 의정부시","S090003675","의정부서초등학교","02","공립","N","","3","69","23","3","75","25","4","81","20.3","3","65","21.7","3","62","20.7","5","106","21.2","2","10","5","0","0","0","23","468","20.3","28","16.7"
"경기도교육청","경기도의정부교육지원청","경기도 의정부시","S090003676","의정부신곡초등학교","02","공립","N","","4","89","22.3","4","101","25.3","5","106","21.2","4","103","25.8","5","108","21.6","5","111","22.2","1","6","6","0","0","0","28","624","22.3","33","18.9"
"경기도교육청","경기도의정부교육지원청","경기도 의정부시","S090003677","의정부용현초등학교","02","공립","N","","3","73","24.3","4","79","19.8","5","107","21.4","4","95","23.8","3","69","23","5","106","21.2","2","11","5.5","0","0","0","26","540","20.8","32","16.9"
"경기도교육청","경기도의정부교육지원청","경기도 의정부시","S090003678","의정부장암초등학교","02","공립","N","","2","26","13","2","23","11.5","2","36","18","2","29","14.5","2","18","9","2","37","18.5","3","18","6","0","0","0","15","187","12.5","20","9.4"
"경기도교육청","경기도의정부교육지원청","경기도 의정부시","S090003679","의정부중앙초등학교","02","공립","N","","2","43","21.5","2","53","26.5","3","73","24.3","2","38","19","2","49","24.5","3","67","22.3","2","7","3.5","2","10","5","18","340","18.9","21","16.2"
"경기도교육청","경기도의정부교육지원청","경기도 의정부시","S090003680","의정부청룡초등학교","02","공립","N","","2","34","17","2","36","18","3","58","19.3","3","61","20.3","3","77","25.7","4","82","20.5","0","0","0","0","0","0","17","348","20.5","21","16.6"
"경기도교육청","경기도의정부교육지원청","경기도 의정부시","S090003681","의정부초등학교","02","공립","N","","2","29","14.5","2","37","18.5","2","34","17","3","60","20","2","47","23.5","2","39","19.5","1","4","4","0","0","0","14","250","17.9","17","14.7"
"경기도교육청","경기도의정부교육지원청","경기도 의정부시","S090003682","의정부호동초등학교","02","공립","N","","6","131","21.8","7","160","22.9","7","184","26.3","8","191","23.9","8","187","23.4","9","216","24","2","10","5","0","0","0","47","1079","23","58","18.6"
"경기도교육청","경기도의정부교육지원청","경기도 의정부시","S090003685","호암초등학교","02","공립","N","","4","81","20.3","4","84","21","5","108","21.6","4","97","24.3","4","106","26.5","5","114","22.8","2","10","5","0","0","0","28","600","21.4","35","17.1"
"경기도교육청","경기도의정부교육지원청","경기도 의정부시","S090003686","회룡초등학교","02","공립","N","","3","70","23.3","3","60","20","4","82","20.5","4","87","21.8","4","85","21.3","5","111","22.2","1","6","6","0","0","0","24","501","20.9","29","17.3"
"경기도교육청","경기도이천교육지원청","경기도 이천시","S090003758","나래초등학교","02","공립","N","","1","11","11","1","20","20","1","24","24","1","18","18","2","18","9","1","16","16","0","0","0","0","0","0","7","107","15.3","8","13.4"
"경기도교육청","경기도이천교육지원청","경기도 이천시","S090003760","대서초등학교","02","공립","N","","1","7","7","1","4","4","1","7","7","1","7","7","1","7","7","1","14","14","0","0","0","0","0","0","6","46","7.7","7","6.6"
"경기도교육청","경기도이천교육지원청","경기도 이천시","S090003762","대월초등학교","02","공립","N","","2","26","13","1","17","17","1","14","14","1","25","25","1","17","17","1","25","25","1","5","5","0","0","0","8","129","16.1","11","11.7"
"경기도교육청","경기도이천교육지원청","경기도 이천시","S090003763","도암초등학교","02","공립","N","","2","42","21","3","52","17.3","3","62","20.7","3","63","21","3","52","17.3","3","55","18.3","2","7","3.5","0","0","0","19","333","17.5","22","15.1"
"경기도교육청","경기도이천교육지원청","경기도 이천시","S090003764","도지초등학교","02","공립","N","","2","44","22","2","36","18","2","50","25","2","46","23","3","55","18.3","3","55","18.3","1","7","7","0","0","0","15","293","19.5","18","16.3"
"경기도교육청","경기도이천교육지원청","경기도 이천시","S090003766","마장초등학교","02","공립","N","","5","125","25","7","164","23.4","6","149","24.8","7","164","23.4","5","130","26","6","139","23.2","1","5","5","0","0","0","37","876","23.7","46","19"
"경기도교육청","경기도이천교육지원청","경기도 이천시","S090003772","백사초등학교","02","공립","N","","1","15","15","1","21","21","1","25","25","1","21","21","1","20","20","2","32","16","1","4","4","0","0","0","8","138","17.3","10","13.8"
"경기도교육청","경기도이천교육지원청","경기도 이천시","S090003774","부발초등학교","02","공립","N","","2","50","25","3","56","18.7","3","63","21","3","67","22.3","3","61","20.3","4","93","23.3","2","9","4.5","1","2","2","21","401","19.1","26","15.4"
"경기도교육청","경기도이천교육지원청","경기도 이천시","S090003776","설봉초등학교","02","공립","N","","6","143","23.8","6","147","24.5","7","175","25","7","163","23.3","8","189","23.6","8","193","24.1","2","14","7","0","0","0","44","1024","23.3","54","19"
"경기도교육청","경기도이천교육지원청","경기도 이천시","S090003777","설성초등학교","02","공립","N","","1","5","5","1","4","4","1","7","7","0","0","0","1","3","3","1","5","5","0","0","0","0","0","0","5","24","4.8","7","3.4"
"경기도교육청","경기도이천교육지원청","경기도 이천시","S090003778","송곡초등학교","02","공립","N","","1","7","7","1","4","4","1","9","9","1","7","7","1","5","5","1","9","9","1","5","5","0","0","0","7","46","6.6","8","5.8"
"경기도교육청","경기도이천교육지원청","경기도 이천시","S090003779","신둔초등학교","02","공립","N","","2","43","21.5","2","49","24.5","3","51","17","2","43","21.5","3","63","21","2","49","24.5","2","14","7","0","0","0","16","312","19.5","22","14.2"
"경기도교육청","경기도이천교육지원청","경기도 이천시","S090003780","신하초등학교","02","공립","N","","4","85","21.3","4","93","23.3","5","108","21.6","4","102","25.5","5","119","23.8","6","143","23.8","2","11","5.5","0","0","0","30","661","22","35","18.9"
"경기도교육청","경기도이천교육지원청","경기도 이천시","S090003781","아미초등학교","02","공립","N","","5","109","21.8","6","138","23","6","145","24.2","7","159","22.7","6","151","25.2","8","202","25.3","2","12","6","0","0","0","40","916","22.9","48","19.1"
"경기도교육청","경기도이천교육지원청","경기도 이천시","S090003782","안흥초등학교","02","공립","N","","6","133","22.2","6","151","25.2","7","156","22.3","7","159","22.7","6","153","25.5","6","150","25","2","13","6.5","0","0","0","40","915","22.9","48","19.1"
"경기도교육청","경기도이천교육지원청","경기도 이천시","S090003784","율면초등학교","02","공립","N","","0","0","0","1","4","4","0","0","0","1","8","8","0","0","0","1","5","5","1","1","1","0","0","0","4","18","4.5","5","3.6"
"경기도교육청","경기도이천교육지원청","경기도 이천시","S090003786","이천가산초등학교","02","공립","N","","1","18","18","1","18","18","2","33","16.5","1","21","21","2","33","16.5","2","30","15","2","12","6","0","0","0","11","165","15","14","11.8"
"경기도교육청","경기도이천교육지원청","경기도 이천시","S090003787","이천남초등학교","02","공립","N","","3","66","22","3","67","22.3","3","66","22","4","84","21","3","74","24.7","4","89","22.3","3","19","6.3","0","0","0","23","465","20.2","30","15.5"
"경기도교육청","경기도이천교육지원청","경기도 이천시","S090003788","이천단월초등학교","02","공립","N","","1","15","15","1","17","17","1","14","14","1","14","14","1","10","10","1","22","22","1","3","3","0","0","0","7","95","13.6","8","11.9"
"경기도교육청","경기도이천교육지원청","경기도 이천시","S090003789","이천매곡초등학교","02","공립","N","","1","9","9","1","11","11","1","9","9","1","7","7","1","7","7","1","5","5","0","0","0","0","0","0","6","48","8","7","6.9"
"경기도교육청","경기도이천교육지원청","경기도 이천시","S090003790","이천송정초등학교","02","공립","N","","7","178","25.4","8","197","24.6","8","202","25.3","7","169","24.1","7","174","24.9","9","223","24.8","1","7","7","0","0","0","47","1150","24.5","57","20.2"
"경기도교육청","경기도이천교육지원청","경기도 이천시","S090003791","이천초등학교","02","공립","N","","5","122","24.4","6","128","21.3","5","110","22","6","139","23.2","5","108","21.6","5","107","21.4","3","18","6","0","0","0","35","732","20.9","42","17.4"
"경기도교육청","경기도이천교육지원청","경기도 이천시","S090003792","이황초등학교","02","공립","N","","1","12","12","1","10","10","1","9","9","1","4","4","1","5","5","1","4","4","0","0","0","0","0","0","6","44","7.3","7","6.3"
"경기도교육청","경기도이천교육지원청","경기도 이천시","S090003793","장천초등학교","02","공립","N","","1","8","8","1","6","6","1","9","9","1","8","8","1","9","9","1","11","11","0","0","0","0","0","0","6","51","8.5","7","7.3"
"경기도교육청","경기도이천교육지원청","경기도 이천시","S090003794","장호원초등학교","02","공립","N","","3","56","18.7","3","66","22","4","81","20.3","3","79","26.3","3","67","22.3","4","87","21.8","1","7","7","0","0","0","21","443","21.1","26","17"
"경기도교육청","경기도이천교육지원청","경기도 이천시","S090003795","진가초등학교","02","공립","N","","1","8","8","1","8","8","1","12","12","1","8","8","1","14","14","1","11","11","1","3","3","0","0","0","7","64","9.1","8","8"
"경기도교육청","경기도이천교육지원청","경기도 이천시","S090003798","표교초등학교","02","공립","N","","1","4","4","1","9","9","1","10","10","1","12","12","1","7","7","1","12","12","0","0","0","0","0","0","6","54","9","9","6"
"경기도교육청","경기도이천교육지원청","경기도 이천시","S090003799","한내초등학교","02","공립","N","","4","80","20","5","122","24.4","5","123","24.6","5","114","22.8","5","114","22.8","5","117","23.4","2","11","5.5","0","0","0","31","681","22","37","18.4"
"경기도교육청","경기도이천교육지원청","경기도 이천시","S090003800","호법초등학교","02","공립","N","","1","18","18","1","16","16","2","31","15.5","1","13","13","1","19","19","1","23","23","1","2","2","0","0","0","8","122","15.3","10","12.2"
"경기도교육청","경기도파주교육지원청","경기도 파주시","S090003876","갈현초등학교","02","공립","N","","1","6","6","1","6","6","1","9","9","1","13","13","1","9","9","1","12","12","1","6","6","0","0","0","7","61","8.7","8","7.6"
"경기도교육청","경기도파주교육지원청","경기도 파주시","S090003877","검산초등학교","02","공립","N","","2","42","21","2","41","20.5","2","49","24.5","3","67","22.3","3","59","19.7","3","71","23.7","1","4","4","0","0","0","16","333","20.8","21","15.9"
"경기도교육청","경기도파주교육지원청","경기도 파주시","S090003878","교하초등학교","02","공립","N","","1","11","11","1","6","6","1","14","14","1","6","6","1","15","15","1","11","11","1","3","3","0","0","0","7","66","9.4","9","7.3"
"경기도교육청","경기도파주교육지원청","경기도 파주시","S090003879","군내초등학교","02","공립","N","","1","11","11","1","8","8","1","2","2","1","5","5","1","5","5","1","5","5","1","3","3","0","0","0","7","39","5.6","8","4.9"
"경기도교육청","경기도파주교육지원청","경기도 파주시","S090003881","금신초등학교","02","공립","N","","3","54","18","3","56","18.7","3","69","23","3","64","21.3","4","89","22.3","4","86","21.5","2","10","5","0","0","0","22","428","19.5","27","15.9"
"경기도교육청","경기도파주교육지원청","경기도 파주시","S090003882","금촌초등학교","02","공립","N","","2","36","18","3","60","20","2","39","19.5","2","49","24.5","3","54","18","3","65","21.7","2","12","6","1","3","3","18","318","17.7","22","14.5"
"경기도교육청","경기도파주교육지원청","경기도 파주시","S090003883","능안초등학교","02","공립","N","","1","16","16","1","12","12","1","15","15","2","26","13","1","19","19","1","16","16","1","4","4","0","0","0","8","108","13.5","11","9.8"
"경기도교육청","경기도파주교육지원청","경기도 파주시","S090003884","대성동초등학교","02","공립","N","","1","5","5","1","5","5","1","5","5","1","5","5","1","5","5","1","4","4","0","0","0","0","0","0","6","29","4.8","7","4.1"
"경기도교육청","경기도파주교육지원청","경기도 파주시","S090003885","덕암초등학교","02","공립","N","","1","2","2","1","7","7","1","5","5","1","9","9","1","7","7","1","8","8","1","3","3","0","0","0","7","41","5.9","9","4.6"
"경기도교육청","경기도파주교육지원청","경기도 파주시","S090003886","마정초등학교","02","공립","N","","1","8","8","1","18","18","1","6","6","1","8","8","1","16","16","1","6","6","1","5","5","0","0","0","7","67","9.6","9","7.4"
"경기도교육청","경기도파주교육지원청","경기도 파주시","S090003887","마지초등학교","02","공립","N","","1","18","18","2","31","15.5","2","24","12","1","24","24","1","20","20","2","31","15.5","1","3","3","0","0","0","10","151","15.1","13","11.6"
"경기도교육청","경기도파주교육지원청","경기도 파주시","S090003888","도마산초등학교","02","공립","N","","1","6","6","1","7","7","1","11","11","1","4","4","1","4","4","1","7","7","0","0","0","0","0","0","6","39","6.5","8","4.9"
"경기도교육청","경기도파주교육지원청","경기도 파주시","S090003889","문산동초등학교","02","공립","N","","4","94","23.5","3","72","24","5","131","26.2","4","108","27","4","98","24.5","6","140","23.3","1","6","6","0","0","0","27","649","24","31","20.9"
"경기도교육청","경기도파주교육지원청","경기도 파주시","S090003890","문산초등학교","02","공립","N","","4","93","23.3","4","86","21.5","5","111","22.2","4","92","23","4","102","25.5","5","133","26.6","1","6","6","0","0","0","27","623","23.1","32","19.5"
"경기도교육청","경기도파주교육지원청","경기도 파주시","S090003892","봉일천초등학교","02","공립","N","","4","86","21.5","4","83","20.8","5","112","22.4","4","104","26","4","97","24.3","5","116","23.2","1","1","1","0","0","0","27","599","22.2","33","18.2"
"경기도교육청","경기도파주교육지원청","경기도 파주시","S090003893","삼성초등학교","02","공립","N","","1","11","11","1","5","5","1","8","8","1","9","9","1","5","5","1","9","9","0","0","0","0","0","0","6","47","7.8","7","6.7"
"경기도교육청","경기도파주교육지원청","경기도 파주시","S090003894","신산초등학교","02","공립","N","","1","26","26","1","25","25","2","28","14","2","34","17","2","35","17.5","2","35","17.5","1","4","4","0","0","0","11","187","17","15","12.5"
"경기도교육청","경기도파주교육지원청","경기도 파주시","S090003896","심학초등학교","02","공립","N","","1","5","5","1","26","26","1","16","16","1","14","14","1","19","19","1","21","21","0","0","0","0","0","0","6","101","16.8","8","12.6"
"경기도교육청","경기도파주교육지원청","경기도 파주시","S090003897","연풍초등학교","02","공립","N","","2","29","14.5","1","19","19","1","16","16","1","19","19","1","22","22","2","26","13","1","6","6","0","0","0","9","137","15.2","13","10.5"
"경기도교육청","경기도파주교육지원청","경기도 파주시","S090003898","영도초등학교","02","공립","N","","1","3","3","1","8","8","1","5","5","1","7","7","1","9","9","1","12","12","0","0","0","0","0","0","6","44","7.3","7","6.3"
"경기도교육청","경기도파주교육지원청","경기도 파주시","S090003900","용미초등학교","02","공립","N","","1","8","8","1","7","7","1","10","10","1","6","6","1","8","8","1","6","6","1","3","3","0","0","0","7","48","6.9","8","6"
"경기도교육청","경기도파주교육지원청","경기도 파주시","S090003901","용연초등학교","02","공립","N","","1","9","9","1","10","10","1","5","5","1","9","9","1","7","7","1","5","5","0","0","0","0","0","0","6","45","7.5","8","5.6"
"경기도교육청","경기도파주교육지원청","경기도 파주시","S090003903","웅담초등학교","02","공립","N","","1","8","8","1","8","8","1","7","7","1","4","4","1","4","4","1","9","9","1","2","2","0","0","0","7","42","6","8","5.3"
"경기도교육청","경기도파주교육지원청","경기도 파주시","S090003904","월롱초등학교","02","공립","N","","1","17","17","1","2","2","1","14","14","1","7","7","1","12","12","1","7","7","0","0","0","0","0","0","6","59","9.8","6","9.8"
"경기도교육청","경기도파주교육지원청","경기도 파주시","S090003905","장파초등학교","02","공립","N","","1","8","8","1","8","8","1","7","7","1","6","6","1","6","6","1","5","5","1","2","2","0","0","0","7","42","6","10","4.2"
"경기도교육청","경기도파주교육지원청","경기도 파주시","S090003906","적서초등학교","02","공립","N","","1","7","7","1","6","6","1","9","9","1","8","8","1","5","5","1","9","9","0","0","0","0","0","0","6","44","7.3","9","4.9"
"경기도교육청","경기도파주교육지원청","경기도 파주시","S090003908","적암초등학교","02","공립","N","","0","0","0","1","3","3","0","0","0","1","9","9","0","0","0","1","6","6","1","1","1","0","0","0","4","19","4.8","7","2.7"
"경기도교육청","경기도파주교육지원청","경기도 파주시","S090003909","지산초등학교","02","공립","N","","10","228","22.8","8","209","26.1","10","247","24.7","9","218","24.2","9","209","23.2","9","216","24","2","13","6.5","0","0","0","57","1340","23.5","68","19.7"
"경기도교육청","경기도파주교육지원청","경기도 파주시","S090003911","천현초등학교","02","공립","N","","1","20","20","1","17","17","2","24","12","2","29","14.5","2","40","20","2","30","15","2","10","5","0","0","0","12","170","14.2","15","11.3"
"경기도교육청","경기도파주교육지원청","경기도 파주시","S090003913","청석초등학교","02","공립","N","","3","63","21","4","92","23","4","91","22.8","5","113","22.6","4","103","25.8","5","118","23.6","2","8","4","0","0","0","27","588","21.8","33","17.8"
"경기도교육청","경기도파주교육지원청","경기도 파주시","S090003914","청암초등학교","02","공립","N","","9","247","27.4","9","228","25.3","9","239","26.6","9","249","27.7","7","192","27.4","9","227","25.2","2","11","5.5","0","0","0","54","1393","25.8","66","21.1"
"경기도교육청","경기도파주교육지원청","경기도 파주시","S090003915","탄현초등학교","02","공립","N","","1","4","4","1","11","11","1","7","7","1","13","13","1","3","3","1","9","9","1","4","4","0","0","0","7","51","7.3","8","6.4"
"경기도교육청","경기도파주교육지원청","경기도 파주시","S090003916","통일초등학교","02","공립","N","","2","34","17","2","46","23","3","51","17","2","50","25","2","47","23.5","2","47","23.5","2","8","4","0","0","0","15","283","18.9","19","14.9"
"경기도교육청","경기도파주교육지원청","경기도 파주시","S090003917","파양초등학교","02","공립","N","","1","16","16","1","8","8","1","11","11","1","15","15","1","14","14","1","20","20","1","6","6","0","0","0","7","90","12.9","9","10"
"경기도교육청","경기도파주교육지원청","경기도 파주시","S090003919","파주대원초등학교","02","공립","N","","3","64","21.3","3","61","20.3","3","72","24","3","60","20","3","67","22.3","3","71","23.7","1","3","3","0","0","0","19","398","20.9","23","17.3"
"경기도교육청","경기도파주교육지원청","경기도 파주시","S090003920","파주송화초등학교","02","공립","N","","3","60","20","4","93","23.3","5","115","23","5","110","22","4","87","21.8","5","118","23.6","2","10","5","0","0","0","28","593","21.2","33","18"
"경기도교육청","경기도파주교육지원청","경기도 파주시","S090003921","파주와동초등학교","02","공립","N","","4","89","22.3","4","101","25.3","5","122","24.4","5","123","24.6","6","151","25.2","7","158","22.6","2","13","6.5","0","0","0","33","757","22.9","42","18"
"경기도교육청","경기도파주교육지원청","경기도 파주시","S090003922","파주초등학교","02","공립","N","","1","9","9","1","21","21","2","26","13","1","16","16","1","20","20","1","16","16","1","3","3","0","0","0","8","111","13.9","12","9.3"
"경기도교육청","경기도파주교육지원청","경기도 파주시","S090003923","파평초등학교","02","공립","N","","1","10","10","1","13","13","1","13","13","1","9","9","1","16","16","1","15","15","0","0","0","0","0","0","6","76","12.7","7","10.9"
"경기도교육청","경기도평택교육지원청","경기도 평택시","S090004009","가사초등학교","02","공립","N","","1","8","8","1","12","12","1","8","8","1","13","13","1","9","9","1","12","12","0","0","0","0","0","0","6","62","10.3","7","8.9"
"경기도교육청","경기도평택교육지원청","경기도 평택시","S090004010","갈곶초등학교","02","공립","N","","1","14","14","1","19","19","1","21","21","1","23","23","1","23","23","2","31","15.5","2","7","3.5","0","0","0","9","138","15.3","12","11.5"
"경기도교육청","경기도평택교육지원청","경기도 평택시","S090004011","계성초등학교","02","공립","N","","1","8","8","1","4","4","1","8","8","1","5","5","1","7","7","1","16","16","1","1","1","0","0","0","7","49","7","9","5.4"
"경기도교육청","경기도평택교육지원청","경기도 평택시","S090004013","고덕초등학교","02","공립","N","","11","294","26.7","11","293","26.6","10","280","28","8","222","27.8","6","167","27.8","6","175","29.2","2","14","7","0","0","0","54","1445","26.8","64","22.6"
"경기도교육청","경기도평택교육지원청","경기도 평택시","S090004015","군문초등학교","02","공립","N","","1","26","26","2","30","15","1","24","24","2","34","17","2","32","16","2","43","21.5","2","7","3.5","0","0","0","12","196","16.3","14","14"
"경기도교육청","경기도평택교육지원청","경기도 평택시","S090004017","내기초등학교","02","공립","N","","1","23","23","2","41","20.5","2","41","20.5","2","38","19","2","41","20.5","2","48","24","1","3","3","0","0","0","12","235","19.6","14","16.8"
"경기도교육청","경기도평택교육지원청","경기도 평택시","S090004022","덕동초등학교","02","공립","N","","4","88","22","4","95","23.8","5","102","20.4","4","97","24.3","4","101","25.3","5","123","24.6","2","12","6","0","0","0","28","618","22.1","36","17.2"
"경기도교육청","경기도평택교육지원청","경기도 평택시","S090004023","동삭초등학교","02","공립","N","","5","123","24.6","7","147","21","4","79","19.8","3","73","24.3","4","88","22","4","92","23","2","12","6","1","2","2","30","616","20.5","36","17.1"
"경기도교육청","경기도평택교육지원청","경기도 평택시","S090004024","복창초등학교","02","공립","N","","1","25","25","2","35","17.5","2","33","16.5","2","29","14.5","2","24","12","2","38","19","1","5","5","1","1","1","13","190","14.6","17","11.2"
"경기도교육청","경기도평택교육지원청","경기도 평택시","S090004025","부용초등학교","02","공립","N","","3","53","17.7","2","49","24.5","2","49","24.5","3","64","21.3","3","55","18.3","3","54","18","3","14","4.7","0","0","0","19","338","17.8","24","14.1"
"경기도교육청","경기도평택교육지원청","경기도 평택시","S090004027","비전초등학교","02","공립","N","","2","34","17","2","40","20","2","46","23","2","42","21","2","49","24.5","2","48","24","1","6","6","0","0","0","13","265","20.4","16","16.6"
"경기도교육청","경기도평택교육지원청","경기도 평택시","S090004029","삼덕초등학교","02","공립","N","","1","7","7","1","11","11","1","11","11","1","12","12","1","13","13","1","5","5","1","6","6","0","0","0","7","65","9.3","8","8.1"
"경기도교육청","경기도평택교육지원청","경기도 평택시","S090004030","서정리초등학교","02","공립","N","","1","21","21","2","30","15","2","28","14","2","24","12","1","27","27","2","36","18","2","11","5.5","0","0","0","12","177","14.8","14","12.6"
"경기도교육청","경기도평택교육지원청","경기도 평택시","S090004031","서탄초등학교","02","공립","N","","1","9","9","1","8","8","1","7","7","1","9","9","1","7","7","1","10","10","1","3","3","0","0","0","7","53","7.6","8","6.6"
"경기도교육청","경기도평택교육지원청","경기도 평택시","S090004033","서탄초등학교내수분교장","02","공립","N","","0","0","0","1","4","4","0","0","0","1","5","5","0","0","0","0","0","0","0","0","0","0","0","0","2","9","4.5","2","4.5"
"경기도교육청","경기도평택교육지원청","경기도 평택시","S090004035","세교초등학교","02","공립","N","","5","106","21.2","4","101","25.3","5","110","22","5","108","21.6","5","122","24.4","6","136","22.7","2","14","7","0","0","0","32","697","21.8","40","17.4"
"경기도교육청","경기도평택교육지원청","경기도 평택시","S090004036","소사벌초등학교","02","공립","N","","4","79","19.8","5","109","21.8","4","102","25.5","5","110","22","5","122","24.4","5","109","21.8","2","13","6.5","0","0","0","30","644","21.5","37","17.4"
"경기도교육청","경기도평택교육지원청","경기도 평택시","S090004037","송북초등학교","02","공립","N","","5","118","23.6","5","106","21.2","6","131","21.8","5","105","21","6","134","22.3","6","151","25.2","2","12","6","0","0","0","35","757","21.6","42","18"
"경기도교육청","경기도평택교육지원청","경기도 평택시","S090004038","송신초등학교","02","공립","N","","3","56","18.7","3","45","15","3","58","19.3","3","46","15.3","3","52","17.3","4","75","18.8","2","8","4","0","0","0","21","340","16.2","28","12.1"
"경기도교육청","경기도평택교육지원청","경기도 평택시","S090004039","송일초등학교","02","공립","N","","2","24","12","2","31","15.5","2","27","13.5","2","28","14","1","25","25","2","40","20","2","10","5","0","0","0","13","185","14.2","16","11.6"
"경기도교육청","경기도평택교육지원청","경기도 평택시","S090004040","송탄초등학교","02","공립","N","","1","9","9","1","16","16","1","21","21","1","22","22","1","19","19","2","24","12","1","6","6","0","0","0","8","117","14.6","11","10.6"
"경기도교육청","경기도평택교육지원청","경기도 평택시","S090004042","안중초등학교","02","공립","N","","2","39","19.5","3","47","15.7","2","30","15","3","48","16","3","45","15","3","62","20.7","2","10","5","0","0","0","18","281","15.6","21","13.4"
"경기도교육청","경기도평택교육지원청","경기도 평택시","S090004043","어연초등학교","02","공립","N","","1","7","7","1","12","12","1","7","7","1","4","4","1","6","6","1","9","9","1","2","2","0","0","0","7","47","6.7","8","5.9"
"경기도교육청","경기도평택교육지원청","경기도 평택시","S090004044","오성초등학교","02","공립","N","","1","15","15","1","18","18","2","28","14","2","29","14.5","2","33","16.5","2","31","15.5","1","3","3","0","0","0","11","157","14.3","14","11.2"
"경기도교육청","경기도평택교육지원청","경기도 평택시","S090004045","원정초등학교","02","공립","N","","2","53","26.5","2","50","25","3","58","19.3","2","43","21.5","2","50","25","3","60","20","1","3","3","0","0","0","15","317","21.1","18","17.6"
"경기도교육청","경기도평택교육지원청","경기도 평택시","S090004046","이충초등학교","02","공립","N","","3","63","21","3","63","21","4","92","23","3","72","24","4","96","24","4","89","22.3","1","7","7","0","0","0","22","482","21.9","26","18.5"
"경기도교육청","경기도평택교육지원청","경기도 평택시","S090004047","종덕초등학교","02","공립","N","","10","260","26","9","279","31","8","226","28.3","8","258","32.3","6","189","31.5","7","192","27.4","1","8","8","0","0","0","49","1412","28.8","60","23.5"
"경기도교육청","경기도평택교육지원청","경기도 평택시","S090004049","죽백초등학교","02","공립","N","","2","27","13.5","2","30","15","2","37","18.5","2","28","14","2","33","16.5","2","38","19","1","7","7","0","0","0","13","200","15.4","17","11.8"
"경기도교육청","경기도평택교육지원청","경기도 평택시","S090004052","지장초등학교","02","공립","N","","3","60","20","3","63","21","3","65","21.7","4","81","20.3","4","81","20.3","4","88","22","3","18","6","0","0","0","24","456","19","29","15.7"
"경기도교육청","경기도평택교육지원청","경기도 평택시","S090004053","진위초등학교","02","공립","N","","1","24","24","1","13","13","1","18","18","1","19","19","1","21","21","2","28","14","1","3","3","0","0","0","8","126","15.8","10","12.6"
"경기도교육청","경기도평택교육지원청","경기도 평택시","S090004054","진위초등학교산대분교장","02","공립","N","","0","0","0","1","3","3","1","2","2","1","2","2","0","0","0","1","2","2","1","2","2","0","0","0","5","11","2.2","6","1.8"
"경기도교육청","경기도평택교육지원청","경기도 평택시","S090004055","창신초등학교","02","공립","N","","1","8","8","1","3","3","1","6","6","1","8","8","1","7","7","1","9","9","0","0","0","0","0","0","6","41","6.8","8","5.1"
"경기도교육청","경기도평택교육지원청","경기도 평택시","S090004056","청북초등학교","02","공립","N","","1","5","5","1","12","12","1","7","7","1","10","10","1","5","5","1","6","6","0","0","0","0","0","0","6","45","7.5","7","6.4"
"경기도교육청","경기도평택교육지원청","경기도 평택시","S090004057","팽성초등학교","02","공립","N","","1","20","20","1","11","11","1","23","23","1","8","8","1","14","14","1","17","17","1","6","6","0","0","0","7","99","14.1","8","12.4"
"경기도교육청","경기도평택교육지원청","경기도 평택시","S090004058","평일초등학교","02","공립","N","","2","48","24","3","67","22.3","3","69","23","3","67","22.3","4","99","24.8","4","87","21.8","2","10","5","0","0","0","21","447","21.3","25","17.9"
"경기도교육청","경기도평택교육지원청","경기도 평택시","S090004059","평택성동초등학교","02","공립","N","","2","33","16.5","2","36","18","2","38","19","2","41","20.5","2","37","18.5","4","60","15","2","7","3.5","0","0","0","16","252","15.8","21","12"
"경기도교육청","경기도평택교육지원청","경기도 평택시","S090004060","평택중앙초등학교","02","공립","N","","1","21","21","2","35","17.5","2","23","11.5","2","33","16.5","1","20","20","2","36","18","2","7","3.5","0","0","0","12","175","14.6","15","11.7"
"경기도교육청","경기도평택교육지원청","경기도 평택시","S090004061","평택지산초등학교","02","공립","N","","3","53","17.7","3","74","24.7","3","68","22.7","3","74","24.7","3","66","22","4","100","25","1","4","4","0","0","0","20","439","22","25","17.6"
"경기도교육청","경기도평택교육지원청","경기도 평택시","S090004062","평택초등학교","02","공립","N","","1","21","21","2","32","16","1","18","18","1","20","20","1","21","21","1","22","22","1","7","7","0","0","0","8","141","17.6","10","14.1"
"경기도교육청","경기도평택교육지원청","경기도 평택시","S090004063","합정초등학교","02","공립","N","","1","8","8","1","12","12","1","14","14","1","19","19","1","20","20","1","17","17","1","5","5","0","0","0","7","95","13.6","8","11.9"
"경기도교육청","경기도평택교육지원청","경기도 평택시","S090004064","현덕초등학교","02","공립","N","","1","23","23","1","22","22","1","20","20","1","13","13","1","19","19","1","13","13","1","6","6","0","0","0","7","116","16.6","9","12.9"
"경기도교육청","경기도평택교육지원청","경기도 평택시","S090004065","현덕초등학교광덕분교장","02","공립","N","","1","8","8","1","9","9","1","8","8","1","8","8","1","8","8","1","9","9","0","0","0","0","0","0","6","50","8.3","7","7.1"
"경기도교육청","경기도평택교육지원청","경기도 평택시","S090004066","현화초등학교","02","공립","N","","3","70","23.3","3","67","22.3","4","104","26","4","87","21.8","5","116","23.2","5","123","24.6","3","13","4.3","0","0","0","27","580","21.5","31","18.7"
"경기도교육청","경기도평택교육지원청","경기도 평택시","S090004067","홍원초등학교","02","공립","N","","1","11","11","1","5","5","1","11","11","1","10","10","1","5","5","1","10","10","1","6","6","0","0","0","7","58","8.3","8","7.3"
"경기도교육청","경기도평택교육지원청","경기도 평택시","S090004068","효덕초등학교","02","공립","N","","3","53","17.7","3","74","24.7","3","72","24","4","85","21.3","3","65","21.7","4","88","22","1","3","3","0","0","0","21","440","21","25","17.6"
"경기도교육청","경기도포천교육지원청","경기도 포천시","S090004176","가산초등학교","02","공립","N","","1","10","10","1","11","11","1","17","17","1","17","17","2","24","12","1","23","23","1","5","5","0","0","0","8","107","13.4","10","10.7"
"경기도교육청","경기도포천교육지원청","경기도 포천시","S090004177","관인초등학교","02","공립","N","","0","0","0","1","3","3","0","0","0","1","5","5","1","4","4","1","7","7","1","3","3","0","0","0","5","22","4.4","9","2.4"
"경기도교육청","경기도포천교육지원청","경기도 포천시","S090004180","내촌초등학교","02","공립","N","","1","8","8","1","7","7","1","7","7","1","13","13","1","12","12","1","8","8","0","0","0","0","0","0","6","55","9.2","7","7.9"
"경기도교육청","경기도포천교육지원청","경기도 포천시","S090004183","도평초등학교","02","공립","N","","1","12","12","1","3","3","1","15","15","1","8","8","1","10","10","1","3","3","0","0","0","0","0","0","6","51","8.5","7","7.3"
"경기도교육청","경기도포천교육지원청","경기도 포천시","S090004189","선단초등학교","02","공립","N","","2","40","20","3","55","18.3","3","60","20","3","63","21","3","60","20","3","78","26","2","8","4","0","0","0","19","364","19.2","23","15.8"
"경기도교육청","경기도포천교육지원청","경기도 포천시","S090004190","송우초등학교","02","공립","N","","3","49","16.3","2","37","18.5","2","40","20","2","32","16","2","48","24","2","42","21","2","10","5","0","0","0","15","258","17.2","19","13.6"
"경기도교육청","경기도포천교육지원청","경기도 포천시","S090004191","신북초등학교","02","공립","N","","1","8","8","1","17","17","1","17","17","1","18","18","1","24","24","2","31","15.5","2","7","3.5","0","0","0","9","122","13.6","12","10.2"
"경기도교육청","경기도포천교육지원청","경기도 포천시","S090004193","영북초등학교","02","공립","N","","3","59","19.7","2","41","20.5","3","54","18","3","56","18.7","2","44","22","2","46","23","1","3","3","0","0","0","16","303","18.9","20","15.2"
"경기도교육청","경기도포천교육지원청","경기도 포천시","S090004198","왕방초등학교","02","공립","N","","3","81","27","3","70","23.3","4","86","21.5","3","78","26","3","60","20","4","84","21","2","9","4.5","0","0","0","22","468","21.3","27","17.3"
"경기도교육청","경기도포천교육지원청","경기도 포천시","S090004199","외북초등학교","02","공립","N","","1","8","8","1","7","7","1","4","4","1","4","4","1","6","6","1","7","7","1","1","1","0","0","0","7","37","5.3","9","4.1"
"경기도교육청","경기도포천교육지원청","경기도 포천시","S090004200","운담초등학교","02","공립","N","","1","5","5","1","5","5","1","5","5","1","4","4","0","0","0","1","8","8","1","1","1","0","0","0","6","28","4.7","8","3.5"
"경기도교육청","경기도포천교육지원청","경기도 포천시","S090004201","유암초등학교","02","공립","N","","1","7","7","1","7","7","1","8","8","1","11","11","1","5","5","1","5","5","1","4","4","0","0","0","7","47","6.7","9","5.2"
"경기도교육청","경기도포천교육지원청","경기도 포천시","S090004202","이곡초등학교","02","공립","N","","1","9","9","1","10","10","1","9","9","1","11","11","1","14","14","1","14","14","0","0","0","0","0","0","6","67","11.2","7","9.6"
"경기도교육청","경기도포천교육지원청","경기도 포천시","S090004203","이동초등학교","02","공립","N","","1","14","14","1","18","18","1","16","16","1","22","22","1","14","14","2","21","10.5","1","3","3","0","0","0","8","108","13.5","11","9.8"
"경기도교육청","경기도포천교육지원청","경기도 포천시","S090004204","일동초등학교","02","공립","N","","2","36","18","2","35","17.5","2","36","18","2","48","24","2","43","21.5","3","55","18.3","1","3","3","0","0","0","14","256","18.3","17","15.1"
"경기도교육청","경기도포천교육지원청","경기도 포천시","S090004205","정교초등학교","02","공립","N","","2","17","8.5","1","7","7","1","5","5","1","9","9","1","2","2","1","13","13","1","4","4","0","0","0","8","57","7.1","10","5.7"
"경기도교육청","경기도포천교육지원청","경기도 포천시","S090004206","중리초등학교","02","공립","N","","0","0","0","0","0","0","1","3","3","0","0","0","0","0","0","1","5","5","0","0","0","0","0","0","2","8","4","3","2.7"
"경기도교육청","경기도포천교육지원청","경기도 포천시","S090004208","지현초등학교","02","공립","N","","1","1","1","1","5","5","1","12","12","1","4","4","1","5","5","1","4","4","1","3","3","0","0","0","7","34","4.9","8","4.3"
"경기도교육청","경기도포천교육지원청","경기도 포천시","S090004209","창수초등학교","02","공립","N","","1","11","11","1","3","3","1","6","6","1","6","6","1","5","5","1","3","3","1","2","2","0","0","0","7","36","5.1","8","4.5"
"경기도교육청","경기도포천교육지원청","경기도 포천시","S090004210","청성초등학교","02","공립","N","","1","7","7","1","7","7","1","13","13","1","7","7","1","2","2","1","12","12","1","6","6","0","0","0","7","54","7.7","8","6.8"
"경기도교육청","경기도포천교육지원청","경기도 포천시","S090004211","추산초등학교","02","공립","N","","3","62","20.7","4","84","21","5","100","20","4","90","22.5","5","121","24.2","6","147","24.5","3","15","5","1","4","4","31","623","20.1","36","17.3"
"경기도교육청","경기도포천교육지원청","경기도 포천시","S090004212","축석초등학교","02","공립","N","","1","5","5","1","6","6","1","7","7","1","5","5","1","3","3","1","4","4","1","5","5","0","0","0","7","35","5","8","4.4"
"경기도교육청","경기도포천교육지원청","경기도 포천시","S090004213","포천노곡초등학교","02","공립","N","","1","7","7","1","10","10","1","7","7","1","8","8","1","6","6","1","2","2","0","0","0","0","0","0","6","40","6.7","7","5.7"
"경기도교육청","경기도포천교육지원청","경기도 포천시","S090004214","포천삼정초등학교","02","공립","N","","1","0","0","0","0","0","1","0","0","0","0","0","1","1","1","0","0","0","2","8","4","0","0","0","5","9","1.8","7","1.3"
"경기도교육청","경기도포천교육지원청","경기도 포천시","S090004215","포천초등학교","02","공립","N","","4","104","26","5","119","23.8","5","129","25.8","6","134","22.3","5","125","25","7","167","23.9","3","14","4.7","0","0","0","35","792","22.6","42","18.9"
"경기도교육청","경기도포천교육지원청","경기도 포천시","S090004216","화현초등학교","02","공립","N","","1","5","5","1","13","13","1","12","12","1","4","4","1","5","5","1","6","6","1","2","2","0","0","0","7","47","6.7","8","5.9"
"경기도교육청","경기도화성오산교육지원청","","S090004282","갈담초등학교","02","공립","N","","1","19","19","2","24","12","1","22","22","1","22","22","2","26","13","2","33","16.5","1","5","5","0","0","0","10","151","15.1","12","12.6"
"경기도교육청","경기도화성오산교육지원청","경기도 화성시 만세구","S090004283","갈천초등학교","02","공립","N","","1","9","9","1","10","10","1","9","9","1","7","7","1","5","5","1","6","6","0","0","0","0","0","0","6","46","7.7","7","6.6"
"경기도교육청","경기도화성오산교육지원청","경기도 화성시 만세구","S090004284","고정초등학교","02","공립","N","","1","2","2","1","4","4","1","6","6","1","5","5","1","4","4","1","11","11","1","4","4","0","0","0","7","36","5.1","8","4.5"
"경기도교육청","경기도화성오산교육지원청","경기도 오산시","S090004286","광성초등학교","02","공립","N","","3","76","25.3","4","90","22.5","4","93","23.3","4","90","22.5","5","114","22.8","5","130","26","1","8","8","0","0","0","26","601","23.1","32","18.8"
"경기도교육청","경기도화성오산교육지원청","","S090004287","기안초등학교","02","공립","N","","5","101","20.2","4","99","24.8","4","98","24.5","5","120","24","4","102","25.5","5","113","22.6","2","14","7","0","0","0","29","647","22.3","37","17.5"
"경기도교육청","경기도화성오산교육지원청","경기도 화성시 만세구","S090004288","남양초등학교","02","공립","N","","4","63","15.8","3","65","21.7","3","68","22.7","3","71","23.7","3","73","24.3","3","67","22.3","2","10","5","1","4","4","22","421","19.1","27","15.6"
"경기도교육청","경기도화성오산교육지원청","경기도 화성시 만세구","S090004289","노진초등학교","02","공립","N","","1","9","9","1","4","4","1","10","10","1","9","9","1","10","10","1","9","9","1","4","4","0","0","0","7","55","7.9","8","6.9"
"경기도교육청","경기도화성오산교육지원청","","S090004292","동탄초등학교","02","공립","N","","7","172","24.6","7","180","25.7","8","204","25.5","7","184","26.3","6","165","27.5","8","195","24.4","2","14","7","0","0","0","45","1114","24.8","54","20.6"
"경기도교육청","경기도화성오산교육지원청","경기도 화성시 병점구","S090004294","동학초등학교","02","공립","N","","3","66","22","4","83","20.8","4","97","24.3","5","122","24.4","4","104","26","6","146","24.3","1","5","5","0","0","0","27","623","23.1","33","18.9"
"경기도교육청","경기도화성오산교육지원청","경기도 화성시 만세구","S090004296","마도초등학교","02","공립","N","","1","8","8","1","17","17","1","10","10","1","17","17","1","18","18","1","19","19","1","4","4","0","0","0","7","93","13.3","8","11.6"
"경기도교육청","경기도화성오산교육지원청","","S090004297","마산초등학교","02","공립","N","","1","8","8","1","5","5","1","6","6","1","9","9","1","5","5","1","6","6","0","0","0","0","0","0","6","39","6.5","8","4.9"
"경기도교육청","경기도화성오산교육지원청","경기도 오산시","S090004301","매홀초등학교","02","공립","N","","2","25","12.5","2","30","15","2","32","16","2","26","13","2","27","13.5","2","25","12.5","2","9","4.5","0","0","0","14","174","12.4","18","9.7"
"경기도교육청","경기도화성오산교육지원청","경기도 오산시","S090004302","삼미초등학교","02","공립","N","","5","109","21.8","3","77","25.7","4","87","21.8","3","78","26","3","61","20.3","3","67","22.3","1","4","4","0","0","0","22","483","22","27","17.9"
"경기도교육청","경기도화성오산교육지원청","","S090004304","발안초등학교","02","공립","N","","2","26","13","2","26","13","2","30","15","2","41","20.5","3","42","14","5","78","15.6","2","9","4.5","1","4","4","19","256","13.5","22","11.6"
"경기도교육청","경기도화성오산교육지원청","경기도 화성시 병점구","S090004305","병점초등학교","02","공립","N","","1","21","21","1","13","13","1","16","16","1","25","25","2","25","12.5","2","38","19","1","5","5","0","0","0","9","143","15.9","13","11"
"경기도교육청","경기도화성오산교육지원청","경기도 화성시 효행구","S090004306","봉담초등학교","02","공립","N","","6","160","26.7","6","147","24.5","6","148","24.7","6","156","26","6","173","28.8","7","182","26","2","13","6.5","0","0","0","39","979","25.1","48","20.4"
"경기도교육청","경기도화성오산교육지원청","경기도 화성시 효행구","S090004308","비봉초등학교","02","공립","N","","1","15","15","1","23","23","1","16","16","1","20","20","2","34","17","1","18","18","1","5","5","0","0","0","8","131","16.4","11","11.9"
"경기도교육청","경기도화성오산교육지원청","경기도 화성시 만세구","S090004310","사창초등학교","02","공립","N","","1","6","6","1","7","7","1","7","7","1","8","8","1","5","5","1","8","8","0","0","0","0","0","0","6","41","6.8","7","5.9"
"경기도교육청","경기도화성오산교육지원청","경기도 화성시 만세구","S090004312","상신초등학교","02","공립","N","","4","92","23","5","104","20.8","4","97","24.3","4","90","22.5","3","70","23.3","4","88","22","3","18","6","0","0","0","27","559","20.7","32","17.5"
"경기도교육청","경기도화성오산교육지원청","경기도 화성시 만세구","S090004313","서신초등학교","02","공립","N","","1","9","9","1","9","9","1","10","10","1","5","5","1","13","13","1","19","19","1","2","2","0","0","0","7","67","9.6","8","8.4"
"경기도교육청","경기도화성오산교육지원청","경기도 화성시 만세구","S090004315","석천초등학교","02","공립","N","","1","11","11","1","9","9","1","14","14","1","19","19","1","13","13","1","12","12","1","3","3","0","0","0","7","81","11.6","8","10.1"
"경기도교육청","경기도화성오산교육지원청","경기도 오산시","S090004317","성산초등학교","02","공립","N","","1","15","15","2","23","11.5","1","14","14","1","16","16","1","12","12","1","21","21","5","25","5","3","11","3.7","15","137","9.1","21","6.5"
"경기도교육청","경기도화성오산교육지원청","경기도 오산시","S090004318","성호초등학교","02","공립","N","","2","36","18","2","33","16.5","2","33","16.5","2","38","19","2","41","20.5","3","52","17.3","1","6","6","0","0","0","14","239","17.1","17","14.1"
"경기도교육청","경기도화성오산교육지원청","경기도 화성시 효행구","S090004319","송라초등학교","02","공립","N","","1","7","7","1","6","6","1","12","12","1","5","5","1","10","10","1","7","7","0","0","0","0","0","0","6","47","7.8","7","6.7"
"경기도교육청","경기도화성오산교육지원청","경기도 화성시 만세구","S090004320","송산초등학교","02","공립","N","","1","22","22","2","31","15.5","2","29","14.5","2","45","22.5","2","45","22.5","2","49","24.5","1","3","3","0","0","0","12","224","18.7","14","16"
"경기도교육청","경기도화성오산교육지원청","경기도 화성시 병점구","S090004321","송화초등학교","02","공립","N","","5","108","21.6","6","144","24","6","133","22.2","6","157","26.2","6","141","23.5","7","168","24","2","10","5","0","0","0","38","861","22.7","47","18.3"
"경기도교육청","경기도화성오산교육지원청","경기도 화성시 효행구","S090004322","수기초등학교","02","공립","N","","1","13","13","1","9","9","1","18","18","1","16","16","1","14","14","1","18","18","1","2","2","0","0","0","7","90","12.9","9","10"
"경기도교육청","경기도화성오산교육지원청","","S090004324","양감초등학교","02","공립","N","","1","10","10","1","10","10","1","3","3","1","8","8","1","3","3","1","2","2","1","5","5","0","0","0","7","41","5.9","8","5.1"
"경기도교육청","경기도화성오산교육지원청","경기도 오산시","S090004325","오산초등학교","02","공립","N","","3","56","18.7","3","56","18.7","4","91","22.8","3","78","26","4","96","24","4","87","21.8","2","12","6","0","0","0","23","476","20.7","27","17.6"
"경기도교육청","경기도화성오산교육지원청","","S090004326","우정초등학교","02","공립","N","","1","20","20","2","29","14.5","1","24","24","2","32","16","2","27","13.5","2","35","17.5","1","3","3","0","0","0","11","170","15.5","13","13.1"
"경기도교육청","경기도화성오산교육지원청","경기도 오산시","S090004328","운산초등학교","02","공립","N","","3","69","23","4","82","20.5","4","99","24.8","4","95","23.8","5","103","20.6","5","120","24","2","12","6","0","0","0","27","580","21.5","33","17.6"
"경기도교육청","경기도화성오산교육지원청","경기도 오산시","S090004329","운암초등학교","02","공립","N","","2","46","23","2","49","24.5","2","50","25","3","54","18","2","45","22.5","3","63","21","2","11","5.5","0","0","0","16","318","19.9","21","15.1"
"경기도교육청","경기도화성오산교육지원청","경기도 오산시","S090004330","운천초등학교","02","공립","N","","4","102","25.5","5","107","21.4","6","139","23.2","5","113","22.6","5","113","22.6","5","119","23.8","1","5","5","0","0","0","31","698","22.5","38","18.4"
"경기도교육청","경기도화성오산교육지원청","경기도 오산시","S090004331","원동초등학교","02","공립","N","","3","79","26.3","5","105","21","5","115","23","5","116","23.2","5","118","23.6","6","132","22","2","14","7","0","0","0","31","679","21.9","39","17.4"
"경기도교육청","경기도화성오산교육지원청","경기도 화성시 만세구","S090004333","장명초등학교","02","공립","N","","0","0","0","1","5","5","1","4","4","1","3","3","1","6","6","1","5","5","1","4","4","0","0","0","6","27","4.5","8","3.4"
"경기도교육청","경기도화성오산교육지원청","경기도 화성시 효행구","S090004336","정남초등학교","02","공립","N","","2","26","13","2","28","14","1","24","24","1","20","20","2","33","16.5","2","30","15","1","2","2","0","0","0","11","163","14.8","14","11.6"
"경기도교육청","경기도화성오산교육지원청","경기도 화성시 효행구","S090004337","정림초등학교","02","공립","N","","1","6","6","1","7","7","1","8","8","1","6","6","1","7","7","1","7","7","1","2","2","0","0","0","7","43","6.1","8","5.4"
"경기도교육청","경기도화성오산교육지원청","","S090004340","청룡초등학교","02","공립","N","","1","7","7","1","6","6","1","4","4","1","4","4","0","0","0","1","7","7","1","4","4","0","0","0","6","32","5.3","8","4"
"경기도교육청","경기도화성오산교육지원청","경기도 화성시 만세구","S090004341","청원초등학교","02","공립","N","","1","5","5","1","5","5","1","6","6","1","8","8","1","5","5","1","12","12","1","2","2","0","0","0","7","43","6.1","8","5.4"
"경기도교육청","경기도화성오산교육지원청","경기도 화성시 만세구","S090004344","팔탄초등학교","02","공립","N","","1","10","10","1","15","15","1","17","17","1","17","17","1","17","17","1","16","16","0","0","0","0","0","0","6","92","15.3","7","13.1"
"경기도교육청","경기도화성오산교육지원청","경기도 화성시 만세구","S090004345","팔탄초등학교대방분교장","02","공립","N","","1","6","6","1","5","5","1","7","7","1","7","7","1","4","4","1","6","6","0","0","0","0","0","0","6","35","5.8","7","5"
"경기도교육청","경기도화성오산교육지원청","경기도 화성시 만세구","S090004347","해운초등학교","02","공립","N","","1","6","6","1","7","7","1","3","3","1","7","7","1","3","3","1","7","7","0","0","0","0","0","0","6","33","5.5","7","4.7"
"경기도교육청","경기도화성오산교육지원청","경기도 화성시 만세구","S090004348","향남초등학교","02","공립","N","","1","8","8","1","9","9","1","6","6","1","17","17","1","6","6","1","10","10","0","0","0","0","0","0","6","56","9.3","7","8"
"경기도교육청","경기도화성오산교육지원청","","S090004349","화남초등학교","02","공립","N","","7","175","25","6","151","25.2","5","120","24","4","105","26.3","4","87","21.8","3","64","21.3","1","6","6","0","0","0","30","708","23.6","36","19.7"
"경기도교육청","경기도화성오산교육지원청","경기도 화성시 병점구","S090004350","화산초등학교","02","공립","N","","2","38","19","2","46","23","2","45","22.5","2","47","23.5","2","50","25","3","72","24","2","9","4.5","0","0","0","15","307","20.5","18","17.1"
"경기도교육청","경기도화성오산교육지원청","","S090004351","화성매송초등학교","02","공립","N","","1","8","8","1","14","14","1","9","9","1","20","20","1","15","15","1","24","24","1","3","3","0","0","0","7","93","13.3","9","10.3"
"경기도교육청","경기도화성오산교육지원청","경기도 화성시 만세구","S090004352","화성월문초등학교","02","공립","N","","1","4","4","1","10","10","1","4","4","1","11","11","1","17","17","1","12","12","0","0","0","0","0","0","6","58","9.7","7","8.3"
"경기도교육청","경기도화성오산교육지원청","경기도 화성시 만세구","S090004353","화성장안초등학교","02","공립","N","","2","53","26.5","3","71","23.7","3","74","24.7","4","97","24.3","4","89","22.3","4","94","23.5","1","6","6","0","0","0","21","484","23","25","19.4"
"경기도교육청","경기도화성오산교육지원청","경기도 오산시","S090004354","화성초등학교","02","공립","N","","2","46","23","3","55","18.3","2","48","24","3","64","21.3","3","67","22.3","3","70","23.3","2","10","5","0","0","0","18","360","20","24","15"
"경기도교육청","경기도화성오산교육지원청","경기도 화성시 만세구","S090004355","화성장안초등학교석포분교장","02","공립","N","","0","0","0","1","4","4","1","3","3","1","5","5","0","0","0","1","3","3","1","5","5","0","0","0","5","20","4","6","3.3"
"경기도교육청","경기도화성오산교육지원청","경기도 화성시 만세구","S090004356","화성화수초등학교","02","공립","N","","1","4","4","1","4","4","1","6","6","1","5","5","1","4","4","1","8","8","1","2","2","0","0","0","7","33","4.7","9","3.7"
"경기도교육청","경기도화성오산교육지원청","경기도 화성시 만세구","S090004358","활초초등학교","02","공립","N","","1","16","16","1","14","14","1","17","17","1","13","13","1","22","22","1","19","19","0","0","0","0","0","0","6","101","16.8","7","14.4"
"경기도교육청","경기도용인교육지원청","경기도 용인시 기흥구","S090004797","교동초등학교","02","공립","N","","4","90","22.5","5","113","22.6","4","100","25","5","106","21.2","5","109","21.8","6","152","25.3","1","5","5","0","0","0","30","675","22.5","36","18.8"
"경기도교육청","경기도용인교육지원청","경기도 용인시 기흥구","S090004804","나곡초등학교","02","공립","N","","5","122","24.4","5","134","26.8","6","163","27.2","6","160","26.7","7","162","23.1","7","175","25","0","0","0","0","0","0","36","916","25.4","45","20.4"
"경기도교육청","경기도부천교육지원청","경기도 부천시 원미구","S090004824","석천초등학교","02","공립","N","","5","129","25.8","6","150","25","7","161","23","6","161","26.8","6","154","25.7","7","161","23","2","8","4","0","0","0","39","924","23.7","48","19.3"
"경기도교육청","경기도용인교육지원청","경기도 용인시 수지구","S090004836","효자초등학교","02","공립","N","","5","130","26","6","146","24.3","6","154","25.7","6","156","26","7","166","23.7","7","168","24","0","0","0","0","0","0","37","920","24.9","45","20.4"
"경기도교육청","경기도성남교육지원청","경기도 성남시 분당구","S090004841","늘푸른초등학교","02","공립","N","","7","191","27.3","7","190","27.1","8","249","31.1","7","207","29.6","7","209","29.9","8","209","26.1","0","0","0","0","0","0","44","1255","28.5","53","23.7"
"경기도교육청","경기도의정부교육지원청","경기도 의정부시","S090004842","의정부호원초등학교","02","공립","N","","3","80","26.7","5","120","24","5","127","25.4","6","133","22.2","5","116","23.2","5","127","25.4","1","4","4","0","0","0","30","707","23.6","37","19.1"
"경기도교육청","경기도부천교육지원청","경기도 부천시 소사구","S090004843","부천일신초등학교","02","공립","N","","5","109","21.8","5","127","25.4","6","150","25","7","175","25","7","180","25.7","7","175","25","1","7","7","0","0","0","38","923","24.3","47","19.6"
"경기도교육청","경기도부천교육지원청","경기도 부천시 소사구","S090004844","솔안초등학교","02","공립","N","","2","25","12.5","2","24","12","2","26","13","2","34","17","2","31","15.5","2","43","21.5","1","7","7","0","0","0","13","190","14.6","16","11.9"
"경기도교육청","경기도동두천양주교육지원청","경기도 동두천시","S090004845","동두천신천초등학교","02","공립","N","","3","69","23","4","100","25","4","85","21.3","4","95","23.8","4","88","22","5","105","21","1","7","7","0","0","0","25","549","22","35","15.7"
"경기도교육청","경기도동두천양주교육지원청","경기도 동두천시","S090004846","동두천송내초등학교","02","공립","N","","2","32","16","2","51","25.5","2","39","19.5","3","59","19.7","3","58","19.3","3","75","25","1","6","6","0","0","0","16","320","20","19","16.8"
"경기도교육청","경기도안산교육지원청","경기도 안산시 단원구","S090004847","안산진흥초등학교","02","공립","N","","2","50","25","2","32","16","3","76","25.3","2","50","25","3","56","18.7","2","42","21","1","5","5","0","0","0","15","311","20.7","20","15.6"
"경기도교육청","경기도안산교육지원청","경기도 안산시 상록구","S090004848","학현초등학교","02","공립","N","","2","44","22","3","52","17.3","2","50","25","2","48","24","3","56","18.7","2","43","21.5","1","7","7","1","4","4","16","304","19","20","15.2"
"경기도교육청","경기도시흥교육지원청","경기도 시흥시","S090004849","시흥도원초등학교","02","공립","N","","2","29","14.5","2","47","23.5","2","28","14","2","38","19","2","42","21","2","48","24","1","5","5","0","0","0","13","237","18.2","16","14.8"
"경기도교육청","경기도시흥교육지원청","경기도 시흥시","S090004850","시흥월곶초등학교","02","공립","N","","3","73","24.3","4","94","23.5","4","105","26.3","5","118","23.6","4","104","26","5","117","23.4","2","12","6","0","0","0","27","623","23.1","32","19.5"
"경기도교육청","경기도시흥교육지원청","경기도 시흥시","S090004851","시흥장현초등학교","02","공립","N","","6","141","23.5","5","127","25.4","5","116","23.2","4","86","21.5","4","88","22","4","91","22.8","2","9","4.5","0","0","0","30","658","21.9","35","18.8"
"경기도교육청","경기도군포의왕교육지원청","경기도 군포시","S090004852","당동초등학교","02","공립","N","","4","92","23","5","105","21","5","111","22.2","5","118","23.6","5","115","23","6","148","24.7","2","12","6","0","0","0","32","701","21.9","39","18"
"경기도교육청","경기도군포의왕교육지원청","경기도 군포시","S090004853","당정초등학교","02","공립","N","","4","93","23.3","4","99","24.8","4","93","23.3","4","100","25","5","114","22.8","4","98","24.5","2","8","4","0","0","0","27","605","22.4","33","18.3"
"경기도교육청","경기도화성오산교육지원청","경기도 화성시 만세구","S090004854","제암초등학교","02","공립","N","","3","42","14","4","74","18.5","4","82","20.5","5","103","20.6","5","118","23.6","5","115","23","2","16","8","0","0","0","28","550","19.6","34","16.2"
"경기도교육청","경기도화성오산교육지원청","경기도 오산시","S090004855","오산대원초등학교","02","공립","N","","3","75","25","4","71","17.8","4","88","22","4","78","19.5","4","96","24","4","95","23.8","2","13","6.5","0","0","0","25","516","20.6","31","16.6"
"경기도교육청","경기도파주교육지원청","경기도 파주시","S090004856","동패초등학교","02","공립","N","","10","258","25.8","13","331","25.5","11","293","26.6","11","277","25.2","9","233","25.9","10","247","24.7","3","19","6.3","0","0","0","67","1658","24.7","79","21"
"경기도교육청","경기도고양교육지원청","경기도 고양시 덕양구","S090004857","고양관산초등학교","02","공립","N","","2","43","21.5","3","52","17.3","3","60","20","3","66","22","3","69","23","4","96","24","1","4","4","0","0","0","19","390","20.5","25","15.6"
"경기도교육청","경기도고양교육지원청","경기도 고양시 일산서구","S090004858","고양한내초등학교","02","공립","N","","3","53","17.7","3","72","24","3","58","19.3","3","60","20","3","74","24.7","3","71","23.7","1","6","6","0","0","0","19","394","20.7","23","17.1"
"경기도교육청","경기도고양교육지원청","경기도 고양시 일산서구","S090004859","한뫼초등학교","02","공립","N","","4","90","22.5","5","114","22.8","5","123","24.6","5","128","25.6","5","115","23","5","119","23.8","1","4","4","0","0","0","30","693","23.1","37","18.7"
"경기도교육청","경기도파주교육지원청","경기도 파주시","S090004881","임진초등학교","02","공립","N","","3","76","25.3","4","86","21.5","4","94","23.5","5","109","21.8","5","107","21.4","6","131","21.8","2","10","5","0","0","0","29","613","21.1","35","17.5"
"경기도교육청","경기도용인교육지원청","경기도 용인시 기흥구","S090004891","지석초등학교","02","공립","N","","2","37","18.5","2","31","15.5","2","50","25","2","49","24.5","3","64","21.3","3","61","20.3","1","4","4","0","0","0","15","296","19.7","20","14.8"
"경기도교육청","경기도부천교육지원청","경기도 부천시 원미구","S090004892","옥산초등학교","02","공립","N","","1","5","5","1","8","8","1","8","8","1","6","6","1","3","3","1","11","11","1","5","5","0","0","0","7","46","6.6","9","5.1"
"경기도교육청","경기도이천교육지원청","경기도 이천시","S090004940","증포초등학교","02","공립","N","","4","104","26","5","116","23.2","5","131","26.2","6","157","26.2","5","135","27","7","177","25.3","2","12","6","0","0","0","34","832","24.5","41","20.3"
"경기도교육청","경기도광주하남교육지원청","경기도 광주시","S090004941","양벌초등학교","02","공립","N","","5","117","23.4","6","137","22.8","6","131","21.8","7","182","26","6","142","23.7","7","164","23.4","1","11","11","0","0","0","38","884","23.3","48","18.4"
"경기도교육청","경기도광주하남교육지원청","경기도 광주시","S090004942","광주도평초등학교","02","공립","N","","4","82","20.5","4","100","25","4","103","25.8","5","116","23.2","5","107","21.4","6","139","23.2","1","6","6","0","0","0","29","653","22.5","36","18.1"
"경기도교육청","경기도성남교육지원청","경기도 성남시 분당구","S090004946","성남정자초등학교","02","공립","N","","5","152","30.4","5","144","28.8","6","156","26","7","170","24.3","6","164","27.3","9","235","26.1","1","4","4","0","0","0","39","1025","26.3","46","22.3"
"경기도교육청","경기도용인교육지원청","경기도 용인시 기흥구","S090004953","지곡초등학교","02","공립","N","","1","18","18","2","23","11.5","2","26","13","1","23","23","1","25","25","2","30","15","1","3","3","0","0","0","10","148","14.8","13","11.4"
"경기도교육청","경기도용인교육지원청","경기도 용인시 기흥구","S090004954","언남초등학교","02","공립","N","","2","41","20.5","2","46","23","3","63","21","3","70","23.3","3","60","20","4","80","20","1","6","6","0","0","0","18","366","20.3","23","15.9"
"경기도교육청","경기도용인교육지원청","경기도 용인시 처인구","S090004955","용인이동초등학교","02","공립","N","","3","53","17.7","3","81","27","3","62","20.7","3","67","22.3","3","66","22","3","77","25.7","1","8","8","0","0","0","19","414","21.8","26","15.9"
"경기도교육청","경기도용인교육지원청","경기도 용인시 수지구","S090004958","현암초등학교","02","공립","N","","4","89","22.3","3","75","25","3","74","24.7","3","79","26.3","5","108","21.6","4","99","24.8","0","0","0","0","0","0","22","524","23.8","27","19.4"
"경기도교육청","경기도용인교육지원청","경기도 용인시 기흥구","S090004960","독정초등학교","02","공립","N","","5","122","24.4","5","139","27.8","7","175","25","6","151","25.2","6","143","23.8","8","202","25.3","0","0","0","0","0","0","37","932","25.2","44","21.2"
"경기도교육청","경기도용인교육지원청","경기도 용인시 수지구","S090004961","용인대덕초등학교","02","공립","N","","2","43","21.5","3","54","18","3","64","21.3","3","63","21","3","75","25","4","82","20.5","0","0","0","0","0","0","18","381","21.2","22","17.3"
"경기도교육청","경기도용인교육지원청","경기도 용인시 수지구","S090004962","신리초등학교","02","공립","N","","2","45","22.5","3","61","20.3","3","69","23","3","67","22.3","3","74","24.7","4","84","21","1","7","7","0","0","0","19","407","21.4","23","17.7"
"경기도교육청","경기도용인교육지원청","경기도 용인시 수지구","S090004963","손곡초등학교","02","공립","N","","4","106","26.5","6","136","22.7","6","135","22.5","7","159","22.7","5","122","24.4","6","145","24.2","0","0","0","0","0","0","34","803","23.6","42","19.1"
"경기도교육청","경기도용인교육지원청","경기도 용인시 기흥구","S090004964","갈곡초등학교","02","공립","N","","3","60","20","3","69","23","3","75","25","4","81","20.3","4","85","21.3","4","94","23.5","1","6","6","1","3","3","23","473","20.6","29","16.3"
"경기도교육청","경기도용인교육지원청","경기도 용인시 기흥구","S090004965","성지초등학교","02","공립","N","","1","6","6","1","8","8","1","17","17","1","9","9","1","20","20","1","14","14","0","0","0","0","0","0","6","74","12.3","7","10.6"
"경기도교육청","경기도용인교육지원청","경기도 용인시 처인구","S090004966","삼가초등학교","02","공립","N","","4","95","23.8","4","88","22","5","110","22","4","90","22.5","4","100","25","5","114","22.8","2","8","4","0","0","0","28","605","21.6","34","17.8"
"경기도교육청","경기도용인교육지원청","경기도 용인시 처인구","S090004967","용인성산초등학교","02","공립","N","","3","59","19.7","4","58","14.5","4","69","17.3","4","63","15.8","4","63","15.8","4","87","21.8","2","9","4.5","0","0","0","25","408","16.3","31","13.2"
"경기도교육청","경기도용인교육지원청","경기도 용인시 수지구","S090004978","용인신촌초등학교","02","공립","N","","4","107","26.8","5","116","23.2","6","140","23.3","6","153","25.5","7","165","23.6","7","167","23.9","1","5","5","0","0","0","36","853","23.7","45","19"
"경기도교육청","경기도파주교육지원청","경기도 파주시","S090004980","금화초등학교","02","공립","N","","4","78","19.5","4","84","21","4","98","24.5","4","91","22.8","4","89","22.3","4","102","25.5","1","7","7","0","0","0","25","549","22","32","17.2"
"경기도교육청","경기도파주교육지원청","경기도 파주시","S090004981","금릉초등학교","02","공립","N","","4","79","19.8","5","121","24.2","5","116","23.2","5","122","24.4","6","135","22.5","6","145","24.2","2","10","5","0","0","0","33","728","22.1","43","16.9"
"경기도교육청","경기도포천교육지원청","경기도 포천시","S090004998","신봉초등학교","02","공립","N","","2","35","17.5","1","23","23","2","32","16","2","31","15.5","2","32","16","2","43","21.5","1","2","2","0","0","0","12","198","16.5","14","14.1"
"경기도교육청","경기도수원교육지원청","경기도 수원시 장안구","S090005003","수일초등학교","02","공립","N","","3","76","25.3","3","61","20.3","3","66","22","3","62","20.7","3","67","22.3","3","60","20","1","3","3","0","0","0","19","395","20.8","23","17.2"
"경기도교육청","경기도수원교육지원청","경기도 수원시 권선구","S090005004","입북초등학교","02","공립","N","","3","69","23","3","64","21.3","4","82","20.5","4","100","25","3","68","22.7","4","87","21.8","1","6","6","0","0","0","22","476","21.6","27","17.6"
"경기도교육청","경기도수원교육지원청","경기도 수원시 영통구","S090005005","대선초등학교","02","공립","N","","8","208","26","9","222","24.7","9","212","23.6","7","183","26.1","7","178","25.4","8","206","25.8","2","12","6","0","0","0","50","1221","24.4","61","20"
"경기도교육청","경기도수원교육지원청","경기도 수원시 영통구","S090005006","수원매화초등학교","02","공립","N","","2","45","22.5","3","56","18.7","3","52","17.3","4","89","22.3","3","52","17.3","3","71","23.7","2","10","5","0","0","0","20","375","18.8","22","17"
"경기도교육청","경기도수원교육지원청","경기도 수원시 팔달구","S090005007","팔달초등학교","02","공립","N","","4","77","19.3","4","78","19.5","4","93","23.3","4","92","23","5","123","24.6","5","115","23","1","8","8","0","0","0","27","586","21.7","33","17.8"
"경기도교육청","경기도성남교육지원청","경기도 성남시 수정구","S090005008","성남양지초등학교","02","공립","N","","2","31","15.5","2","44","22","2","47","23.5","2","48","24","3","52","17.3","3","55","18.3","1","4","4","0","0","0","15","281","18.7","19","14.8"
"경기도교육청","경기도안양과천교육지원청","경기도 안양시 동안구","S090005009","샘모루초등학교","02","공립","N","","5","106","21.2","6","143","23.8","5","125","25","6","134","22.3","5","110","22","5","124","24.8","2","8","4","0","0","0","34","750","22.1","41","18.3"
"경기도교육청","경기도안양과천교육지원청","경기도 안양시 만안구","S090005010","화창초등학교","02","공립","N","","3","57","19","3","49","16.3","3","67","22.3","3","69","23","3","70","23.3","3","57","19","1","5","5","0","0","0","19","374","19.7","24","15.6"
"경기도교육청","경기도부천교육지원청","경기도 부천시 소사구","S090005011","부천송일초등학교","02","공립","N","","4","81","20.3","3","72","24","3","76","25.3","4","90","22.5","3","73","24.3","5","106","21.2","2","13","6.5","0","0","0","24","511","21.3","28","18.3"
"경기도교육청","경기도동두천양주교육지원청","경기도 동두천시","S090005012","이담초등학교","02","공립","N","","3","72","24","4","79","19.8","4","83","20.8","4","90","22.5","4","88","22","6","131","21.8","1","4","4","0","0","0","26","547","21","32","17.1"
"경기도교육청","경기도화성오산교육지원청","경기도 화성시 병점구","S090005013","구봉초등학교","02","공립","N","","5","113","22.6","6","139","23.2","6","135","22.5","5","116","23.2","6","145","24.2","6","146","24.3","2","11","5.5","0","0","0","36","805","22.4","45","17.9"
"경기도교육청","경기도화성오산교육지원청","경기도 화성시 병점구","S090005014","기산초등학교","02","공립","N","","3","68","22.7","3","77","25.7","4","82","20.5","4","97","24.3","4","96","24","4","102","25.5","2","8","4","0","0","0","24","530","22.1","29","18.3"
"경기도교육청","경기도화성오산교육지원청","경기도 화성시 병점구","S090005015","안화초등학교","02","공립","N","","3","76","25.3","5","114","22.8","5","113","22.6","5","125","25","6","133","22.2","6","141","23.5","1","6","6","0","0","0","31","708","22.8","37","19.1"
"경기도교육청","경기도화성오산교육지원청","경기도 화성시 병점구","S090005016","진안초등학교","02","공립","N","","3","64","21.3","3","78","26","3","71","23.7","4","80","20","4","87","21.8","5","109","21.8","1","7","7","0","0","0","23","496","21.6","26","19.1"
"경기도교육청","경기도화성오산교육지원청","경기도 화성시 병점구","S090005017","태안초등학교","02","공립","N","","3","74","24.7","3","75","25","4","96","24","4","91","22.8","5","109","21.8","5","127","25.4","1","7","7","0","0","0","25","579","23.2","30","19.3"
"경기도교육청","경기도화성오산교육지원청","경기도 화성시 병점구","S090005018","화성벌말초등학교","02","공립","N","","2","51","25.5","3","72","24","4","81","20.3","3","78","26","4","86","21.5","4","92","23","2","12","6","0","0","0","22","472","21.5","27","17.5"
"경기도교육청","경기도화성오산교육지원청","경기도 오산시","S090005019","대호초등학교","02","공립","N","","4","94","23.5","5","115","23","4","95","23.8","4","95","23.8","4","84","21","4","76","19","2","10","5","0","0","0","27","569","21.1","33","17.2"
"경기도교육청","경기도동두천양주교육지원청","경기도 양주시","S090005023","덕계초등학교","02","공립","N","","4","76","19","3","70","23.3","4","84","21","3","73","24.3","4","89","22.3","4","99","24.8","2","14","7","0","0","0","24","505","21","29","17.4"
"경기도교육청","경기도안산교육지원청","경기도 안산시 단원구","S090005024","안산호원초등학교","02","공립","N","","5","117","23.4","5","122","24.4","6","154","25.7","7","162","23.1","5","118","23.6","7","175","25","1","6","6","0","0","0","36","854","23.7","44","19.4"
"경기도교육청","경기도시흥교육지원청","경기도 시흥시","S090005025","웃터골초등학교","02","공립","N","","4","101","25.3","5","125","25","6","151","25.2","5","117","23.4","4","103","25.8","4","105","26.3","2","10","5","0","0","0","30","712","23.7","38","18.7"
"경기도교육청","경기도구리남양주교육지원청","경기도 남양주시","S090005026","남양주신촌초등학교","02","공립","N","","4","99","24.8","5","113","22.6","7","154","22","6","129","21.5","6","144","24","7","167","23.9","1","5","5","0","0","0","36","811","22.5","44","18.4"
"경기도교육청","경기도구리남양주교육지원청","경기도 남양주시","S090005027","장내초등학교","02","공립","N","","3","53","17.7","3","63","21","3","73","24.3","4","90","22.5","4","86","21.5","5","114","22.8","2","7","3.5","0","0","0","24","486","20.3","31","15.7"
"경기도교육청","경기도구리남양주교육지원청","경기도 남양주시","S090005028","판곡초등학교","02","공립","N","","5","119","23.8","5","123","24.6","6","144","24","6","143","23.8","7","160","22.9","8","198","24.8","2","12","6","0","0","0","39","899","23.1","47","19.1"
"경기도교육청","경기도구리남양주교육지원청","경기도 남양주시","S090005029","평동초등학교","02","공립","N","","3","56","18.7","3","73","24.3","4","106","26.5","4","105","26.3","3","78","26","4","97","24.3","2","9","4.5","1","2","2","24","526","21.9","30","17.5"
"경기도교육청","경기도파주교육지원청","경기도 파주시","S090005030","금향초등학교","02","공립","N","","3","51","17","3","68","22.7","3","71","23.7","3","78","26","4","108","27","5","109","21.8","2","9","4.5","0","0","0","23","494","21.5","28","17.6"
"경기도교육청","경기도고양교육지원청","경기도 고양시 덕양구","S090005031","목암초등학교","02","공립","N","","5","111","22.2","5","121","24.2","5","127","25.4","7","169","24.1","6","131","21.8","7","172","24.6","1","4","4","0","0","0","36","835","23.2","44","19"
"경기도교육청","경기도김포교육지원청","경기도 김포시","S090005032","김포신풍초등학교","02","공립","N","","7","165","23.6","7","177","25.3","8","199","24.9","8","182","22.8","7","159","22.7","7","174","24.9","2","12","6","0","0","0","46","1068","23.2","56","19.1"
"경기도교육청","경기도용인교육지원청","경기도 용인시 수지구","S090005036","대청초등학교","02","공립","N","","3","52","17.3","4","83","20.8","4","85","21.3","4","92","23","4","103","25.8","5","111","22.2","1","4","4","0","0","0","25","530","21.2","31","17.1"
"경기도교육청","경기도용인교육지원청","경기도 용인시 기흥구","S090005037","용인신릉초등학교","02","공립","N","","3","53","17.7","3","54","18","2","50","25","3","65","21.7","3","62","20.7","3","68","22.7","0","0","0","0","0","0","17","352","20.7","20","17.6"
"경기도교육청","경기도용인교육지원청","경기도 용인시 수지구","S090005041","신일초등학교","02","공립","N","","3","68","22.7","3","68","22.7","3","78","26","3","79","26.3","4","87","21.8","3","83","27.7","1","6","6","0","0","0","20","469","23.5","25","18.8"
"경기도교육청","경기도안양과천교육지원청","경기도 안양시 만안구","S090005042","안양호암초등학교","02","공립","N","","2","46","23","2","40","20","2","41","20.5","2","49","24.5","2","34","17","2","44","22","1","7","7","0","0","0","13","261","20.1","17","15.4"
"경기도교육청","경기도안양과천교육지원청","경기도 안양시 동안구","S090005043","나눔초등학교","02","공립","N","","1","24","24","2","27","13.5","2","40","20","1","24","24","2","39","19.5","2","51","25.5","0","0","0","0","0","0","10","205","20.5","14","14.6"
"경기도교육청","경기도의정부교육지원청","경기도 의정부시","S090005129","의정부효자초등학교","02","공립","N","","2","41","20.5","2","49","24.5","3","53","17.7","2","48","24","2","47","23.5","3","57","19","2","8","4","0","0","0","16","303","18.9","19","15.9"
"경기도교육청","경기도의정부교육지원청","경기도 의정부시","S090005130","동암초등학교","02","공립","N","","4","94","23.5","5","127","25.4","5","124","24.8","6","133","22.2","6","145","24.2","6","135","22.5","1","3","3","0","0","0","33","761","23.1","41","18.6"
"경기도교육청","경기도의정부교육지원청","경기도 의정부시","S090005131","버들개초등학교","02","공립","N","","3","77","25.7","4","85","21.3","4","94","23.5","5","111","22.2","5","121","24.2","5","118","23.6","1","6","6","0","0","0","27","612","22.7","33","18.5"
"경기도교육청","경기도부천교육지원청","경기도 부천시 소사구","S090005138","부천양지초등학교","02","공립","N","","3","61","20.3","3","68","22.7","2","49","24.5","3","83","27.7","2","48","24","3","70","23.3","2","12","6","1","3","3","19","394","20.7","26","15.2"
"경기도교육청","경기도동두천양주교육지원청","경기도 양주시","S090005139","삼숭초등학교","02","공립","N","","4","95","23.8","4","102","25.5","5","117","23.4","5","109","21.8","6","142","23.7","6","141","23.5","2","9","4.5","0","0","0","32","715","22.3","39","18.3"
"경기도교육청","경기도평택교육지원청","경기도 평택시","S090005141","평택송화초등학교","02","공립","N","","3","61","20.3","3","75","25","4","79","19.8","3","58","19.3","3","71","23.7","4","86","21.5","1","6","6","0","0","0","21","436","20.8","25","17.4"
"경기도교육청","경기도평택교육지원청","경기도 평택시","S090005142","장당초등학교","02","공립","N","","4","76","19","4","103","25.8","5","110","22","6","131","21.8","5","112","22.4","5","124","24.8","2","12","6","0","0","0","31","668","21.5","39","17.1"
"경기도교육청","경기도구리남양주교육지원청","경기도 남양주시","S090005145","사능초등학교","02","공립","N","","1","7","7","1","14","14","1","8","8","1","14","14","1","14","14","1","23","23","3","10","3.3","0","0","0","9","90","10","14","6.4"
"경기도교육청","경기도구리남양주교육지원청","경기도 남양주시","S090005146","남양주백봉초등학교","02","공립","N","","3","55","18.3","3","56","18.7","3","61","20.3","3","80","26.7","4","89","22.3","4","91","22.8","1","4","4","0","0","0","21","436","20.8","26","16.8"
"경기도교육청","경기도구리남양주교육지원청","경기도 남양주시","S090005147","양오초등학교","02","공립","N","","4","81","20.3","5","110","22","5","124","24.8","6","139","23.2","7","177","25.3","7","171","24.4","1","7","7","0","0","0","35","809","23.1","42","19.3"
"경기도교육청","경기도광주하남교육지원청","경기도 하남시","S090005152","신평초등학교","02","공립","N","","4","103","25.8","6","140","23.3","5","114","22.8","7","166","23.7","6","136","22.7","6","138","23","1","6","6","0","0","0","35","803","22.9","42","19.1"
"경기도교육청","경기도파주교육지원청","경기도 파주시","S090005154","새금초등학교","02","공립","N","","3","66","22","2","50","25","3","70","23.3","3","68","22.7","3","79","26.3","3","67","22.3","1","3","3","0","0","0","18","403","22.4","23","17.5"
"경기도교육청","경기도파주교육지원청","경기도 파주시","S090005155","석곶초등학교","02","공립","N","","6","139","23.2","6","157","26.2","6","150","25","7","168","24","7","167","23.9","8","202","25.3","1","5","5","0","0","0","41","988","24.1","49","20.2"
"경기도교육청","경기도수원교육지원청","경기도 수원시 권선구","S090005179","효탑초등학교","02","공립","N","","2","44","22","2","49","24.5","2","45","22.5","3","58","19.3","3","57","19","3","62","20.7","2","8","4","0","0","0","17","323","19","20","16.2"
"경기도교육청","경기도부천교육지원청","경기도 부천시 원미구","S090005181","상미초등학교","02","공립","N","","1","20","20","1","17","17","2","29","14.5","1","21","21","2","27","13.5","1","26","26","0","0","0","0","0","0","8","140","17.5","11","12.7"
"경기도교육청","경기도동두천양주교육지원청","경기도 양주시","S090005182","광숭초등학교","02","공립","N","","3","73","24.3","4","86","21.5","4","85","21.3","4","88","22","4","82","20.5","4","96","24","2","12","6","0","0","0","25","522","20.9","30","17.4"
"경기도교육청","경기도평택교육지원청","경기도 평택시","S090005183","평택안일초등학교","02","공립","N","","5","123","24.6","6","141","23.5","6","158","26.3","5","129","25.8","6","156","26","8","188","23.5","2","12","6","0","0","0","38","907","23.9","45","20.2"
"경기도교육청","경기도평택교육지원청","경기도 평택시","S090005184","현일초등학교","02","공립","N","","4","82","20.5","4","91","22.8","4","99","24.8","4","105","26.3","5","110","22","5","115","23","1","7","7","1","3","3","28","612","21.9","37","16.5"
"경기도교육청","경기도구리남양주교육지원청","경기도 남양주시","S090005185","어람초등학교","02","공립","N","","4","88","22","6","136","22.7","6","150","25","6","132","22","7","162","23.1","8","208","26","2","8","4","0","0","0","39","884","22.7","48","18.4"
"경기도교육청","경기도여주교육지원청","경기도 여주시","S090005186","세종초등학교","02","공립","N","","6","142","23.7","7","190","27.1","6","160","26.7","7","167","23.9","7","172","24.6","6","147","24.5","2","11","5.5","0","0","0","41","989","24.1","51","19.4"
"경기도교육청","경기도화성오산교육지원청","경기도 화성시 만세구","S090005187","동양초등학교","02","공립","N","","7","170","24.3","7","170","24.3","6","173","28.8","5","147","29.4","5","145","29","7","180","25.7","2","15","7.5","0","0","0","39","1000","25.6","46","21.7"
"경기도교육청","경기도화성오산교육지원청","경기도 화성시 효행구","S090005188","배양초등학교","02","공립","N","","2","38","19","2","34","17","2","40","20","3","58","19.3","2","44","22","3","54","18","1","7","7","0","0","0","15","275","18.3","19","14.5"
"경기도교육청","경기도안산교육지원청","경기도 안산시 상록구","S090005269","안산청석초등학교","02","공립","N","","3","50","16.7","3","62","20.7","3","72","24","3","70","23.3","3","64","21.3","4","104","26","1","4","4","0","0","0","20","426","21.3","26","16.4"
"경기도교육청","경기도안산교육지원청","경기도 안산시 상록구","S090005270","팔곡초등학교","02","공립","N","","1","23","23","1","14","14","1","15","15","1","16","16","1","19","19","1","19","19","1","2","2","0","0","0","7","108","15.4","8","13.5"
"경기도교육청","경기도포천교육지원청","경기도 포천시","S090005288","태봉초등학교","02","공립","N","","5","115","23","5","109","21.8","4","88","22","5","105","21","5","107","21.4","5","117","23.4","2","8","4","0","0","0","31","649","20.9","38","17.1"
"경기도교육청","경기도안산교육지원청","경기도 안산시 상록구","S090005294","안산창촌초등학교","02","공립","N","","2","49","24.5","3","72","24","3","80","26.7","3","62","20.7","3","58","19.3","3","68","22.7","0","0","0","0","0","0","17","389","22.9","21","18.5"
"경기도교육청","경기도안산교육지원청","경기도 안산시 상록구","S090005295","안산해양초등학교","02","공립","N","","2","50","25","4","81","20.3","4","78","19.5","4","86","21.5","3","71","23.7","4","83","20.8","0","0","0","0","0","0","21","449","21.4","26","17.3"
"경기도교육청","경기도부천교육지원청","경기도 부천시 오정구","S090005313","동산초등학교","02","공립","N","","2","49","24.5","3","58","19.3","3","67","22.3","3","56","18.7","2","49","24.5","3","64","21.3","0","0","0","0","0","0","16","343","21.4","20","17.2"
"경기도교육청","경기도용인교육지원청","경기도 용인시 기흥구","S090005324","동막초등학교","02","공립","N","","4","88","22","3","76","25.3","5","115","23","5","111","22.2","4","91","22.8","6","137","22.8","2","10","5","0","0","0","29","628","21.7","35","17.9"
"경기도교육청","경기도용인교육지원청","경기도 용인시 기흥구","S090005325","석성초등학교","02","공립","N","","4","97","24.3","5","113","22.6","6","136","22.7","6","155","25.8","7","173","24.7","8","191","23.9","1","4","4","0","0","0","37","869","23.5","47","18.5"
"경기도교육청","경기도용인교육지원청","경기도 용인시 기흥구","S090005330","동백초등학교","02","공립","N","","5","123","24.6","6","157","26.2","7","182","26","7","178","25.4","9","233","25.9","10","239","23.9","1","6","6","0","0","0","45","1118","24.8","56","20"
"경기도교육청","경기도용인교육지원청","경기도 용인시 기흥구","S090005332","용인백현초등학교","02","공립","N","","4","99","24.8","6","134","22.3","7","165","23.6","8","180","22.5","7","169","24.1","9","221","24.6","2","10","5","0","0","0","43","978","22.7","53","18.5"
"경기도교육청","경기도수원교육지원청","경기도 수원시 권선구","S090005334","서평초등학교","02","공립","N","","2","30","15","2","37","18.5","2","32","16","1","26","26","1","23","23","1","23","23","1","1","1","0","0","0","10","172","17.2","13","13.2"
"경기도교육청","경기도수원교육지원청","경기도 수원시 권선구","S090005337","오현초등학교","02","공립","N","","5","113","22.6","5","131","26.2","6","128","21.3","5","127","25.4","5","113","22.6","5","122","24.4","1","8","8","0","0","0","32","742","23.2","39","19"
"경기도교육청","경기도용인교육지원청","경기도 용인시 기흥구","S090005339","용인초당초등학교","02","공립","N","","3","59","19.7","5","104","20.8","4","89","22.3","5","112","22.4","6","142","23.7","6","152","25.3","2","12","6","0","0","0","31","670","21.6","39","17.2"
"경기도교육청","경기도고양교육지원청","경기도 고양시 일산서구","S090005341","가좌초등학교","02","공립","N","","2","46","23","4","82","20.5","3","77","25.7","4","89","22.3","4","107","26.8","5","124","24.8","2","8","4","0","0","0","24","533","22.2","29","18.4"
"경기도교육청","경기도동두천양주교육지원청","경기도 양주시","S090005344","도둔초등학교","02","공립","N","","5","148","29.6","5","146","29.2","4","133","33.3","3","94","31.3","4","107","26.8","4","128","32","1","6","6","0","0","0","26","762","29.3","31","24.6"
"경기도교육청","경기도평택교육지원청","경기도 평택시","S090005357","평택도곡초등학교","02","공립","N","","4","83","20.8","5","117","23.4","5","94","18.8","5","94","18.8","5","104","20.8","6","122","20.3","1","8","8","0","0","0","31","622","20.1","38","16.4"
"경기도교육청","경기도화성오산교육지원청","경기도 화성시 병점구","S090005363","안녕초등학교","02","공립","N","","5","128","25.6","5","130","26","6","123","20.5","6","134","22.3","5","115","23","4","97","24.3","3","16","5.3","0","0","0","34","743","21.9","41","18.1"
"경기도교육청","경기도화성오산교육지원청","경기도 오산시","S090005366","가수초등학교","02","공립","N","","3","69","23","4","86","21.5","3","73","24.3","4","86","21.5","4","95","23.8","4","81","20.3","2","11","5.5","0","0","0","24","501","20.9","29","17.3"
"경기도교육청","경기도파주교육지원청","경기도 파주시","S090005369","두일초등학교","02","공립","N","","4","92","23","4","97","24.3","4","104","26","4","106","26.5","5","118","23.6","6","140","23.3","2","12","6","0","0","0","29","669","23.1","34","19.7"
"경기도교육청","경기도화성오산교육지원청","경기도 오산시","S090005372","수청초등학교","02","공립","N","","3","64","21.3","3","67","22.3","4","96","24","4","98","24.5","4","90","22.5","4","89","22.3","1","3","3","0","0","0","23","507","22","28","18.1"
"경기도교육청","경기도파주교육지원청","경기도 파주시","S090005373","와석초등학교","02","공립","N","","8","207","25.9","10","239","23.9","10","264","26.4","9","224","24.9","9","218","24.2","10","259","25.9","1","7","7","0","0","0","57","1418","24.9","69","20.6"
"경기도교육청","경기도김포교육지원청","경기도 김포시","S090005375","통진초등학교","02","공립","N","","2","46","23","2","44","22","3","63","21","3","69","23","3","65","21.7","4","81","20.3","2","11","5.5","0","0","0","19","379","19.9","21","18"
"경기도교육청","경기도고양교육지원청","경기도 고양시 일산동구","S090005393","다솜초등학교","02","공립","N","","4","100","25","5","122","24.4","5","102","20.4","5","121","24.2","4","101","25.3","5","117","23.4","1","6","6","0","0","0","29","669","23.1","35","19.1"
"경기도교육청","경기도안산교육지원청","경기도 안산시 단원구","S090005395","덕인초등학교","02","공립","N","","3","68","22.7","4","83","20.8","3","72","24","3","74","24.7","3","65","21.7","4","96","24","3","16","5.3","0","0","0","23","474","20.6","28","16.9"
"경기도교육청","경기도파주교육지원청","경기도 파주시","S090005397","문발초등학교","02","공립","N","","2","33","16.5","3","52","17.3","2","52","26","2","41","20.5","2","44","22","3","53","17.7","1","6","6","0","0","0","15","281","18.7","19","14.8"
"경기도교육청","경기도부천교육지원청","경기도 부천시 소사구","S090005402","소안초등학교","02","공립","N","","3","61","20.3","3","55","18.3","3","63","21","3","65","21.7","3","58","19.3","3","76","25.3","1","7","7","0","0","0","19","385","20.3","25","15.4"
"경기도교육청","경기도동두천양주교육지원청","경기도 양주시","S090005404","신지초등학교","02","공립","N","","2","28","14","2","37","18.5","2","36","18","2","39","19.5","2","44","22","3","62","20.7","1","3","3","0","0","0","14","249","17.8","19","13.1"
"경기도교육청","경기도화성오산교육지원청","경기도 오산시","S090005406","오산원당초등학교","02","공립","N","","5","123","24.6","5","117","23.4","5","129","25.8","4","98","24.5","5","115","23","4","107","26.8","2","13","6.5","0","0","0","30","702","23.4","37","19"
"경기도교육청","경기도시흥교육지원청","경기도 시흥시","S090005408","월포초등학교","02","공립","N","","2","35","17.5","2","43","21.5","2","38","19","2","28","14","2","29","14.5","2","43","21.5","1","3","3","0","0","0","13","219","16.8","17","12.9"
"경기도교육청","경기도고양교육지원청","경기도 고양시 일산동구","S090005411","풍동초등학교","02","공립","N","","3","57","19","2","45","22.5","3","58","19.3","3","55","18.3","3","68","22.7","3","77","25.7","1","5","5","0","0","0","18","365","20.3","22","16.6"
"경기도교육청","경기도화성오산교육지원청","","S090005412","학동초등학교","02","공립","N","","6","142","23.7","7","157","22.4","7","156","22.3","7","158","22.6","7","159","22.7","6","152","25.3","1","4","4","0","0","0","41","928","22.6","50","18.6"
"경기도교육청","경기도화성오산교육지원청","경기도 화성시 동탄구","S090005471","화성금곡초등학교","02","공립","N","","5","114","22.8","5","131","26.2","6","147","24.5","6","154","25.7","6","150","25","7","161","23","2","13","6.5","0","0","0","37","870","23.5","42","20.7"
"경기도교육청","경기도평택교육지원청","경기도 평택시","S090005472","반지초등학교","02","공립","N","","4","95","23.8","6","131","21.8","6","128","21.3","6","136","22.7","7","171","24.4","7","172","24.6","2","15","7.5","0","0","0","38","848","22.3","49","17.3"
"경기도교육청","경기도화성오산교육지원청","","S090005474","석우초등학교","02","공립","N","","5","127","25.4","5","113","22.6","6","143","23.8","4","101","25.3","5","119","23.8","6","152","25.3","2","12","6","0","0","0","33","767","23.2","40","19.2"
"경기도교육청","경기도화성오산교육지원청","경기도 오산시","S090005476","오산원일초등학교","02","공립","N","","4","100","25","6","149","24.8","6","147","24.5","6","143","23.8","5","129","25.8","7","159","22.7","1","9","9","0","0","0","35","836","23.9","41","20.4"
"경기도교육청","경기도용인교육지원청","경기도 용인시 기흥구","S090005478","용인한일초등학교","02","공립","N","","2","46","23","3","64","21.3","3","57","19","3","53","17.7","3","58","19.3","3","63","21","1","9","9","0","0","0","18","350","19.4","22","15.9"
"경기도교육청","경기도용인교육지원청","경기도 용인시 기흥구","S090005480","나산초등학교","02","공립","N","","4","99","24.8","4","91","22.8","5","121","24.2","5","130","26","5","116","23.2","7","175","25","1","7","7","0","0","0","31","739","23.8","36","20.5"
"경기도교육청","경기도화성오산교육지원청","","S090005487","와우초등학교","02","공립","N","","6","154","25.7","6","153","25.5","6","151","25.2","6","142","23.7","7","171","24.4","7","161","23","2","14","7","0","0","0","40","946","23.7","48","19.7"
"경기도교육청","경기도구리남양주교육지원청","경기도 남양주시","S090005494","예봉초등학교","02","공립","N","","3","53","17.7","3","70","23.3","4","103","25.8","4","90","22.5","5","118","23.6","5","107","21.4","1","2","2","0","0","0","25","543","21.7","30","18.1"
"경기도교육청","경기도동두천양주교육지원청","경기도 양주시","S090005495","주원초등학교","02","공립","N","","1","16","16","2","31","15.5","2","31","15.5","2","38","19","2","34","17","3","54","18","2","9","4.5","0","0","0","14","213","15.2","17","12.5"
"경기도교육청","경기도고양교육지원청","경기도 고양시 일산동구","S090005496","하늘초등학교","02","공립","N","","3","70","23.3","4","79","19.8","4","107","26.8","4","97","24.3","4","100","25","5","108","21.6","1","4","4","0","0","0","25","565","22.6","31","18.2"
"경기도교육청","경기도화성오산교육지원청","","S090005588","동화초등학교","02","공립","N","","2","50","25","3","78","26","4","98","24.5","5","126","25.2","5","132","26.4","6","137","22.8","2","8","4","0","0","0","27","629","23.3","33","19.1"
"경기도교육청","경기도화성오산교육지원청","경기도 화성시 동탄구","S090005589","반석초등학교","02","공립","N","","5","111","22.2","5","119","23.8","6","138","23","7","170","24.3","7","176","25.1","8","209","26.1","1","7","7","0","0","0","39","930","23.8","47","19.8"
"경기도교육청","경기도화성오산교육지원청","경기도 화성시 효행구","S090005591","상봉초등학교","02","공립","N","","3","72","24","4","92","23","6","134","22.3","5","110","22","6","138","23","7","180","25.7","2","9","4.5","0","0","0","33","735","22.3","41","17.9"
"경기도교육청","경기도화성오산교육지원청","경기도 화성시 동탄구","S090005593","솔빛초등학교","02","공립","N","","6","148","24.7","6","156","26","8","206","25.8","9","236","26.2","9","237","26.3","11","270","24.5","2","11","5.5","0","0","0","51","1264","24.8","63","20.1"
"경기도교육청","경기도화성오산교육지원청","경기도 오산시","S090005594","오산고현초등학교","02","공립","N","","5","117","23.4","5","111","22.2","7","162","23.1","7","165","23.6","7","174","24.9","9","218","24.2","2","13","6.5","0","0","0","42","960","22.9","51","18.8"
"경기도교육청","경기도화성오산교육지원청","경기도 화성시 병점구","S090005595","율목초등학교","02","공립","N","","7","159","22.7","6","143","23.8","6","132","22","5","118","23.6","4","84","21","5","108","21.6","1","10","10","0","0","0","34","754","22.2","40","18.9"
"경기도교육청","경기도화성오산교육지원청","","S090005597","반송초등학교","02","공립","N","","5","106","21.2","5","108","21.6","6","157","26.2","6","134","22.3","7","184","26.3","8","207","25.9","2","8","4","0","0","0","39","904","23.2","47","19.2"
"경기도교육청","경기도부천교육지원청","경기도 부천시 오정구","S090005603","성곡초등학교","02","공립","N","","2","43","21.5","2","41","20.5","3","53","17.7","3","56","18.7","3","52","17.3","3","67","22.3","2","7","3.5","0","0","0","18","319","17.7","22","14.5"
"경기도교육청","경기도고양교육지원청","경기도 고양시 일산동구","S090005607","모당초등학교","02","공립","N","","4","90","22.5","5","106","21.2","5","127","25.4","5","106","21.2","5","118","23.6","5","119","23.8","1","7","7","0","0","0","30","673","22.4","39","17.3"
"경기도교육청","경기도용인교육지원청","경기도 용인시 기흥구","S090005610","청덕초등학교","02","공립","N","","4","87","21.8","5","112","22.4","5","107","21.4","6","130","21.7","5","129","25.8","7","153","21.9","2","12","6","0","0","0","34","730","21.5","41","17.8"
"경기도교육청","경기도시흥교육지원청","경기도 시흥시","S090005612","시흥능곡초등학교","02","공립","N","","3","71","23.7","3","55","18.3","3","70","23.3","2","50","25","4","93","23.3","4","96","24","2","9","4.5","0","0","0","21","444","21.1","26","17.1"
"경기도교육청","경기도김포교육지원청","경기도 김포시","S090005617","장기초등학교","02","공립","N","","4","86","21.5","4","105","26.3","6","149","24.8","6","137","22.8","6","151","25.2","7","168","24","2","12","6","0","0","0","35","808","23.1","41","19.7"
"경기도교육청","경기도성남교육지원청","경기도 성남시 중원구","S090005621","도촌초등학교","02","공립","N","","5","116","23.2","5","128","25.6","6","132","22","7","158","22.6","6","132","22","6","139","23.2","2","9","4.5","0","0","0","37","814","22","45","18.1"
"경기도교육청","경기도군포의왕교육지원청","경기도 군포시","S090005627","군포대야초등학교","02","공립","N","","2","37","18.5","2","39","19.5","2","33","16.5","2","44","22","2","33","16.5","3","58","19.3","1","4","4","0","0","0","14","248","17.7","18","13.8"
"경기도교육청","경기도군포의왕교육지원청","경기도 의왕시","S090005628","모락초등학교","02","공립","N","","2","47","23.5","3","53","17.7","4","79","19.8","3","62","20.7","3","58","19.3","3","74","24.7","0","0","0","0","0","0","18","373","20.7","23","16.2"
"경기도교육청","경기도화성오산교육지원청","경기도 화성시 동탄구","S090005644","능동초등학교","02","공립","N","","4","76","19","4","80","20","3","68","22.7","4","89","22.3","4","92","23","4","99","24.8","2","13","6.5","0","0","0","25","517","20.7","29","17.8"
"경기도교육청","경기도화성오산교육지원청","경기도 화성시 만세구","S090005645","도이초등학교","02","공립","N","","4","79","19.8","4","93","23.3","5","108","21.6","5","116","23.2","5","124","24.8","5","131","26.2","2","11","5.5","0","0","0","30","662","22.1","36","18.4"
"경기도교육청","경기도화성오산교육지원청","경기도 화성시 효행구","S090005646","수영초등학교","02","공립","N","","4","85","21.3","3","81","27","4","85","21.3","4","100","25","4","83","20.8","5","113","22.6","2","10","5","0","0","0","26","557","21.4","32","17.4"
"경기도교육청","경기도화성오산교육지원청","경기도 화성시 동탄구","S090005647","예당초등학교","02","공립","N","","4","96","24","4","96","24","4","95","23.8","5","115","23","5","106","21.2","5","108","21.6","2","8","4","0","0","0","29","624","21.5","35","17.8"
"경기도교육청","경기도부천교육지원청","경기도 부천시 원미구","S090005648","중동초등학교","02","공립","N","","4","99","24.8","5","129","25.8","5","109","21.8","6","134","22.3","5","117","23.4","5","135","27","1","4","4","0","0","0","31","727","23.5","38","19.1"
"경기도교육청","경기도화성오산교육지원청","경기도 화성시 동탄구","S090005649","푸른초등학교","02","공립","N","","6","150","25","8","182","22.8","7","180","25.7","9","219","24.3","9","226","25.1","10","259","25.9","1","10","10","0","0","0","50","1226","24.5","61","20.1"
"경기도교육청","경기도화성오산교육지원청","경기도 화성시 동탄구","S090005650","한마음초등학교","02","공립","N","","5","109","21.8","5","117","23.4","6","151","25.2","6","134","22.3","6","140","23.3","6","147","24.5","1","6","6","0","0","0","35","804","23","42","19.1"
"경기도교육청","경기도화성오산교육지원청","경기도 화성시 만세구","S090005651","한울초등학교","02","공립","N","","7","135","19.3","6","123","20.5","8","171","21.4","8","189","23.6","8","195","24.4","9","217","24.1","3","15","5","0","0","0","49","1045","21.3","57","18.3"
"경기도교육청","경기도화성오산교육지원청","경기도 화성시 만세구","S090005652","행정초등학교","02","공립","N","","4","102","25.5","7","162","23.1","6","142","23.7","7","155","22.1","7","170","24.3","8","193","24.1","2","12","6","0","0","0","41","936","22.8","49","19.1"
"경기도교육청","경기도구리남양주교육지원청","경기도 남양주시","S090005678","가운초등학교","02","공립","N","","2","38","19","3","65","21.7","2","38","19","2","52","26","3","59","19.7","3","68","22.7","1","3","3","0","0","0","16","323","20.2","20","16.2"
"경기도교육청","경기도평택교육지원청","경기도 평택시","S090005680","송현초등학교","02","공립","N","","2","31","15.5","1","20","20","2","37","18.5","2","35","17.5","2","39","19.5","3","55","18.3","1","5","5","0","0","0","13","222","17.1","16","13.9"
"경기도교육청","경기도김포교육지원청","경기도 김포시","S090005682","신곡초등학교","02","공립","N","","3","75","25","5","132","26.4","6","135","22.5","5","133","26.6","6","154","25.7","5","133","26.6","1","6","6","0","0","0","31","768","24.8","40","19.2"
"경기도교육청","경기도광주하남교육지원청","경기도 하남시","S090005686","하남풍산초등학교","02","공립","N","","4","79","19.8","3","62","20.7","3","75","25","3","78","26","4","105","26.3","4","94","23.5","2","10","5","0","0","0","23","503","21.9","29","17.3"
"경기도교육청","경기도고양교육지원청","경기도 고양시 덕양구","S090005687","아람초등학교","02","공립","N","","2","30","15","2","43","21.5","2","43","21.5","2","44","22","2","44","22","3","55","18.3","1","3","3","0","0","0","14","262","18.7","18","14.6"
"경기도교육청","경기도안산교육지원청","경기도 안산시 단원구","S090005688","안산대월초등학교","02","공립","N","","3","71","23.7","3","74","24.7","3","57","19","4","87","21.8","4","84","21","4","100","25","2","12","6","0","0","0","23","485","21.1","28","17.3"
"경기도교육청","경기도안산교육지원청","경기도 안산시 단원구","S090005690","신길초등학교","02","공립","N","","3","79","26.3","4","88","22","4","84","21","4","100","25","4","88","22","5","113","22.6","2","12","6","0","0","0","26","564","21.7","32","17.6"
"경기도교육청","경기도성남교육지원청","경기도 성남시 분당구","S090005692","성남송현초등학교","02","공립","N","","6","142","23.7","6","149","24.8","8","183","22.9","7","153","21.9","7","161","23","6","146","24.3","1","4","4","0","0","0","41","938","22.9","54","17.4"
"경기도교육청","경기도수원교육지원청","경기도 수원시 팔달구","S090005693","매여울초등학교","02","공립","N","","3","59","19.7","3","63","21","4","83","20.8","3","71","23.7","3","79","26.3","4","86","21.5","0","0","0","0","0","0","20","441","22.1","24","18.4"
"경기도교육청","경기도성남교육지원청","경기도 성남시 분당구","S090005695","보평초등학교","02","공립","N","","5","112","22.4","5","128","25.6","7","169","24.1","6","155","25.8","7","179","25.6","7","169","24.1","2","9","4.5","0","0","0","39","921","23.6","48","19.2"
"경기도교육청","경기도성남교육지원청","경기도 성남시 분당구","S090005696","운중초등학교","02","공립","N","","3","76","25.3","3","71","23.7","4","85","21.3","4","100","25","3","77","25.7","5","128","25.6","1","7","7","0","0","0","23","544","23.7","28","19.4"
"경기도교육청","경기도성남교육지원청","경기도 성남시 분당구","S090005702","판교초등학교","02","공립","N","","6","138","23","7","164","23.4","6","153","25.5","6","156","26","6","138","23","6","157","26.2","0","0","0","0","0","0","37","906","24.5","44","20.6"
"경기도교육청","경기도성남교육지원청","경기도 성남시 분당구","S090005703","산운초등학교","02","공립","N","","3","74","24.7","4","95","23.8","4","93","23.3","4","93","23.3","5","110","22","5","117","23.4","1","9","9","0","0","0","26","591","22.7","33","17.9"
"경기도교육청","경기도구리남양주교육지원청","경기도 남양주시","S090005705","구룡초등학교","02","공립","N","","5","105","21","6","144","24","6","143","23.8","6","144","24","7","167","23.9","8","198","24.8","2","10","5","0","0","0","40","911","22.8","48","19"
"경기도교육청","경기도구리남양주교육지원청","경기도 구리시","S090005706","건원초등학교","02","공립","N","","2","33","16.5","2","42","21","2","32","16","2","43","21.5","2","31","15.5","2","45","22.5","2","9","4.5","0","0","0","14","235","16.8","18","13.1"
"경기도교육청","경기도구리남양주교육지원청","경기도 남양주시","S090005708","진접초등학교","02","공립","N","","4","87","21.8","4","101","25.3","6","135","22.5","5","106","21.2","6","141","23.5","7","163","23.3","2","13","6.5","0","0","0","34","746","21.9","43","17.3"
"경기도교육청","경기도구리남양주교육지원청","경기도 남양주시","S090005710","차산초등학교","02","공립","N","","3","57","19","3","62","20.7","3","58","19.3","3","73","24.3","4","81","20.3","3","80","26.7","1","3","3","0","0","0","20","414","20.7","24","17.3"
"경기도교육청","경기도광명교육지원청","경기도 광명시","S090005739","충현초등학교","02","공립","N","","4","81","20.3","4","83","20.8","4","89","22.3","4","85","21.3","5","116","23.2","4","97","24.3","2","14","7","0","0","0","27","565","20.9","32","17.7"
"경기도교육청","경기도광명교육지원청","경기도 광명시","S090005740","구름산초등학교","02","공립","N","","5","123","24.6","7","159","22.7","7","160","22.9","8","189","23.6","7","182","26","8","186","23.3","1","9","9","0","0","0","43","1008","23.4","53","19"
"경기도교육청","경기도김포교육지원청","경기도 김포시","S090005742","걸포초등학교","02","공립","N","","3","57","19","4","94","23.5","3","61","20.3","3","78","26","3","71","23.7","4","85","21.3","2","12","6","0","0","0","22","458","20.8","27","17"
"경기도교육청","경기도광명교육지원청","경기도 광명시","S090005744","안현초등학교","02","공립","N","","5","126","25.2","7","162","23.1","7","181","25.9","8","188","23.5","8","191","23.9","8","199","24.9","1","2","2","0","0","0","44","1049","23.8","57","18.4"
"경기도교육청","경기도화성오산교육지원청","경기도 오산시","S090005747","문시초등학교","02","공립","N","","4","81","20.3","4","94","23.5","5","111","22.2","5","114","22.8","6","152","25.3","6","153","25.5","1","9","9","0","0","0","31","714","23","38","18.8"
"경기도교육청","경기도용인교육지원청","경기도 용인시 기흥구","S090005748","공세초등학교","02","공립","N","","3","52","17.3","3","63","21","3","55","18.3","3","55","18.3","3","59","19.7","3","65","21.7","1","3","3","0","0","0","19","352","18.5","25","14.1"
"경기도교육청","경기도용인교육지원청","경기도 용인시 수지구","S090005750","용인한빛초등학교","02","공립","N","","4","103","25.8","5","111","22.2","6","145","24.2","7","163","23.3","6","142","23.7","6","144","24","1","6","6","0","0","0","35","814","23.3","41","19.9"
"경기도교육청","경기도용인교육지원청","경기도 용인시 처인구","S090005751","둔전제일초등학교","02","공립","N","","2","44","22","2","43","21.5","4","80","20","3","63","21","4","89","22.3","4","98","24.5","2","12","6","0","0","0","21","429","20.4","26","16.5"
"경기도교육청","경기도화성오산교육지원청","경기도 오산시","S090005763","양산초등학교","02","공립","N","","4","85","21.3","4","75","18.8","5","102","20.4","4","100","25","4","96","24","5","121","24.2","1","8","8","0","0","0","27","587","21.7","34","17.3"
"경기도교육청","경기도평택교육지원청","경기도 평택시","S090005765","용이초등학교","02","공립","N","","7","155","22.1","6","142","23.7","8","183","22.9","8","185","23.1","8","188","23.5","8","196","24.5","3","16","5.3","0","0","0","48","1065","22.2","58","18.4"
"경기도교육청","경기도군포의왕교육지원청","경기도 의왕시","S090005771","내동초등학교","02","공립","N","","5","122","24.4","6","166","27.7","6","143","23.8","6","137","22.8","4","112","28","4","104","26","1","6","6","0","0","0","32","790","24.7","38","20.8"
"경기도교육청","경기도용인교육지원청","경기도 용인시 기흥구","S090005773","석현초등학교","02","공립","N","","3","55","18.3","3","64","21.3","4","79","19.8","3","71","23.7","3","75","25","4","90","22.5","2","12","6","0","0","0","22","446","20.3","26","17.2"
"경기도교육청","경기도용인교육지원청","경기도 용인시 기흥구","S090005774","흥덕초등학교","02","공립","N","","3","75","25","3","66","22","4","93","23.3","4","82","20.5","4","79","19.8","4","97","24.3","1","6","6","0","0","0","23","498","21.7","30","16.6"
"경기도교육청","경기도구리남양주교육지원청","경기도 남양주시","S090005780","남양주덕송초등학교","02","공립","N","","7","163","23.3","9","222","24.7","8","192","24","8","190","23.8","6","153","25.5","7","160","22.9","2","13","6.5","0","0","0","47","1093","23.3","55","19.9"
"경기도교육청","경기도구리남양주교육지원청","경기도 남양주시","S090005784","별가람초등학교","02","공립","N","","4","89","22.3","4","97","24.3","5","102","20.4","5","118","23.6","5","121","24.2","5","116","23.2","2","13","6.5","0","0","0","30","656","21.9","36","18.2"
"경기도교육청","경기도동두천양주교육지원청","경기도 양주시","S090005805","만송초등학교","02","공립","N","","2","28","14","2","32","16","3","52","17.3","3","55","18.3","3","57","19","4","80","20","1","4","4","0","0","0","18","308","17.1","23","13.4"
"경기도교육청","경기도화성오산교육지원청","경기도 화성시 동탄구","S090005807","숲속초등학교","02","공립","N","","4","94","23.5","4","98","24.5","5","113","22.6","4","94","23.5","4","102","25.5","5","118","23.6","2","11","5.5","0","0","0","28","630","22.5","33","19.1"
"경기도교육청","경기도시흥교육지원청","경기도 시흥시","S090005809","승지초등학교","02","공립","N","","3","60","20","3","70","23.3","3","66","22","3","70","23.3","3","72","24","4","86","21.5","2","11","5.5","0","0","0","21","435","20.7","26","16.7"
"경기도교육청","경기도화성오산교육지원청","경기도 오산시","S090005816","세미초등학교","02","공립","N","","9","224","24.9","10","263","26.3","10","280","28","10","272","27.2","9","246","27.3","11","279","25.4","3","16","5.3","1","2","2","63","1582","25.1","73","21.7"
"경기도교육청","경기도화성오산교육지원청","경기도 오산시","S090005818","필봉초등학교","02","공립","N","","4","84","21","5","123","24.6","5","104","20.8","4","101","25.3","6","137","22.8","6","145","24.2","2","13","6.5","0","0","0","32","707","22.1","38","18.6"
"경기도교육청","경기도수원교육지원청","경기도 수원시 권선구","S090005839","선행초등학교","02","공립","N","","3","62","20.7","4","98","24.5","4","95","23.8","4","92","23","4","100","25","5","124","24.8","1","8","8","0","0","0","25","579","23.2","32","18.1"
"경기도교육청","경기도군포의왕교육지원청","경기도 군포시","S090005846","군포신기초등학교","02","공립","N","","3","76","25.3","5","109","21.8","4","104","26","5","109","21.8","5","118","23.6","6","148","24.7","1","6","6","0","0","0","29","670","23.1","35","19.1"
"경기도교육청","경기도광주하남교육지원청","경기도 광주시","S090005847","벌원초등학교","02","공립","N","","3","62","20.7","3","60","20","3","70","23.3","3","70","23.3","4","86","21.5","4","83","20.8","1","4","4","0","0","0","21","435","20.7","27","16.1"
"경기도교육청","경기도광명교육지원청","경기도 광명시","S090005848","빛가온초등학교","02","공립","N","","8","194","24.3","11","260","23.6","11","266","24.2","11","265","24.1","11","264","24","10","257","25.7","2","8","4","0","0","0","64","1514","23.7","79","19.2"
"경기도교육청","경기도안양과천교육지원청","경기도 안양시 동안구","S090005852","해오름초등학교","02","공립","N","","2","42","21","2","39","19.5","3","59","19.7","3","52","17.3","3","69","23","3","57","19","2","11","5.5","0","0","0","18","329","18.3","23","14.3"
"경기도교육청","경기도김포교육지원청","경기도 김포시","S090005853","솔터초등학교","02","공립","N","","7","175","25","8","199","24.9","8","187","23.4","7","168","24","7","166","23.7","8","188","23.5","3","18","6","0","0","0","48","1101","22.9","57","19.3"
"경기도교육청","경기도파주교육지원청","경기도 파주시","S090005854","자유초등학교","02","공립","N","","5","128","25.6","6","154","25.7","7","160","22.9","5","138","27.6","5","114","22.8","6","140","23.3","2","11","5.5","0","0","0","36","845","23.5","45","18.8"
"경기도교육청","경기도고양교육지원청","경기도 고양시 일산서구","S090005855","한산초등학교","02","공립","N","","4","100","25","6","136","22.7","6","138","23","5","126","25.2","6","154","25.7","7","160","22.9","1","6","6","0","0","0","35","820","23.4","43","19.1"
"경기도교육청","경기도고양교육지원청","경기도 고양시 일산서구","S090005856","백송초등학교","02","공립","N","","5","105","21","4","93","23.3","6","153","25.5","6","136","22.7","6","144","24","7","169","24.1","1","5","5","0","0","0","35","805","23","42","19.2"
"경기도교육청","경기도안성교육지원청","경기도 안성시","S090005860","만정초등학교","02","공립","N","","4","91","22.8","5","125","25","5","131","26.2","6","151","25.2","7","175","25","7","182","26","3","13","4.3","0","0","0","37","868","23.5","45","19.3"
"경기도교육청","경기도용인교육지원청","경기도 용인시 수지구","S090005862","새빛초등학교","02","공립","N","","5","126","25.2","6","145","24.2","7","169","24.1","7","169","24.1","7","166","23.7","7","178","25.4","1","8","8","0","0","0","40","961","24","48","20"
"경기도교육청","경기도용인교육지원청","경기도 용인시 기흥구","S090005864","서농초등학교","02","공립","N","","6","152","25.3","8","197","24.6","10","238","23.8","8","196","24.5","9","220","24.4","10","261","26.1","1","6","6","0","0","0","52","1270","24.4","64","19.8"
"경기도교육청","경기도파주교육지원청","경기도 파주시","S090005867","가온초등학교","02","공립","N","","7","159","22.7","7","166","23.7","7","170","24.3","7","186","26.6","7","182","26","9","225","25","2","12","6","0","0","0","46","1100","23.9","55","20"
"경기도교육청","경기도김포교육지원청","경기도 김포시","S090005869","김포한가람초등학교","02","공립","N","","4","83","20.8","4","101","25.3","5","117","23.4","5","108","21.6","5","123","24.6","6","142","23.7","1","7","7","0","0","0","30","681","22.7","36","18.9"
"경기도교육청","경기도김포교육지원청","경기도 김포시","S090005873","보름초등학교","02","공립","N","","11","271","24.6","13","314","24.2","10","261","26.1","11","286","26","10","250","25","10","250","25","2","10","5","0","0","0","67","1642","24.5","80","20.5"
"경기도교육청","경기도화성오산교육지원청","경기도 화성시 동탄구","S090005874","예원초등학교","02","공립","N","","3","50","16.7","3","57","19","2","52","26","3","71","23.7","2","54","27","3","74","24.7","2","9","4.5","0","0","0","18","367","20.4","22","16.7"
"경기도교육청","경기도수원교육지원청","경기도 수원시 영통구","S090005879","광교초등학교","02","공립","N","","7","161","23","7","187","26.7","7","187","26.7","9","230","25.6","8","196","24.5","9","237","26.3","1","11","11","0","0","0","48","1209","25.2","58","20.8"
"경기도교육청","경기도수원교육지원청","경기도 수원시 영통구","S090005882","이의초등학교","02","공립","N","","5","128","25.6","6","152","25.3","6","153","25.5","7","162","23.1","7","163","23.3","6","144","24","2","9","4.5","0","0","0","39","911","23.4","48","19"
"경기도교육청","경기도김포교육지원청","경기도 김포시","S090005883","가현초등학교","02","공립","N","","6","159","26.5","7","185","26.4","8","191","23.9","8","203","25.4","9","218","24.2","10","253","25.3","1","7","7","0","0","0","49","1216","24.8","60","20.3"
"경기도교육청","경기도김포교육지원청","경기도 김포시","S090005885","푸른솔초등학교","02","공립","N","","6","146","24.3","7","177","25.3","8","197","24.6","8","210","26.3","10","235","23.5","10","250","25","1","10","10","0","0","0","50","1225","24.5","61","20.1"
"경기도교육청","경기도평택교육지원청","경기도 평택시","S090005888","청옥초등학교","02","공립","N","","8","184","23","8","209","26.1","10","247","24.7","8","206","25.8","10","249","24.9","10","254","25.4","3","14","4.7","0","0","0","57","1363","23.9","68","20"
"경기도교육청","경기도수원교육지원청","경기도 수원시 권선구","S090005894","수원중촌초등학교","02","공립","N","","6","130","21.7","6","139","23.2","7","156","22.3","6","131","21.8","5","118","23.6","6","134","22.3","2","14","7","0","0","0","38","822","21.6","45","18.3"
"경기도교육청","경기도수원교육지원청","경기도 수원시 권선구","S090005896","수원금호초등학교","02","공립","N","","9","216","24","10","263","26.3","12","313","26.1","12","320","26.7","12","298","24.8","13","333","25.6","1","8","8","0","0","0","69","1751","25.4","82","21.4"
"경기도교육청","경기도수원교육지원청","경기도 수원시 권선구","S090005897","능실초등학교","02","공립","N","","7","176","25.1","10","243","24.3","10","258","25.8","8","200","25","8","210","26.3","8","208","26","4","25","6.3","0","0","0","55","1320","24","66","20"
"경기도교육청","경기도군포의왕교육지원청","경기도 의왕시","S090005912","포일초등학교","02","공립","N","","3","77","25.7","3","68","22.7","4","78","19.5","3","70","23.3","4","88","22","4","82","20.5","2","9","4.5","0","0","0","23","472","20.5","29","16.3"
"경기도교육청","경기도성남교육지원청","경기도 성남시 중원구","S090005914","성남여수초등학교","02","공립","N","","5","106","21.2","5","120","24","5","119","23.8","5","115","23","6","129","21.5","5","128","25.6","1","5","5","0","0","0","32","722","22.6","41","17.6"
"경기도교육청","경기도구리남양주교육지원청","경기도 남양주시","S090005988","부평초등학교","02","공립","N","","6","132","22","6","142","23.7","7","171","24.4","6","131","21.8","6","152","25.3","6","147","24.5","2","13","6.5","0","0","0","39","888","22.8","48","18.5"
"경기도교육청","경기도김포교육지원청","경기도 김포시","S090006026","김포금빛초등학교","02","공립","N","","9","220","24.4","10","270","27","11","296","26.9","11","283","25.7","10","259","25.9","11","278","25.3","1","8","8","0","0","0","63","1614","25.6","75","21.5"
"경기도교육청","경기도용인교육지원청","경기도 용인시 처인구","S090006028","고진초등학교","02","공립","N","","4","96","24","4","82","20.5","3","72","24","3","74","24.7","2","52","26","2","37","18.5","1","3","3","0","0","0","19","416","21.9","27","15.4"
"경기도교육청","경기도김포교육지원청","경기도 김포시","S090006030","은여울초등학교","02","공립","N","","11","286","26","12","336","28","12","353","29.4","13","372","28.6","11","294","26.7","11","305","27.7","2","15","7.5","0","0","0","72","1961","27.2","85","23.1"
"경기도교육청","경기도김포교육지원청","경기도 김포시","S090006033","나비초등학교","02","공립","N","","6","145","24.2","7","167","23.9","7","169","24.1","7","153","21.9","7","173","24.7","8","185","23.1","2","14","7","0","0","0","44","1006","22.9","53","19"
"경기도교육청","경기도용인교육지원청","경기도 용인시 처인구","S090006039","함박초등학교","02","공립","N","","8","207","25.9","8","209","26.1","10","251","25.1","8","206","25.8","8","203","25.4","9","233","25.9","2","12","6","0","0","0","53","1321","24.9","63","21"
"경기도교육청","경기도김포교육지원청","경기도 김포시","S090006040","운유초등학교","02","공립","N","","7","182","26","9","232","25.8","8","221","27.6","9","249","27.7","8","225","28.1","9","243","27","1","6","6","0","0","0","51","1358","26.6","62","21.9"
"경기도교육청","경기도용인교육지원청","경기도 용인시 기흥구","S090006042","중일초등학교","02","공립","N","","6","149","24.8","7","159","22.7","7","169","24.1","7","184","26.3","8","187","23.4","8","201","25.1","2","12","6","0","0","0","45","1061","23.6","54","19.6"
"경기도교육청","경기도김포교육지원청","경기도 김포시","S090006046","청수초등학교","02","공립","N","","11","313","28.5","11","328","29.8","11","321","29.2","10","312","31.2","11","312","28.4","12","340","28.3","2","13","6.5","0","0","0","68","1939","28.5","81","23.9"
"경기도교육청","경기도동두천양주교육지원청","경기도 양주시","S090006053","율빛초등학교","02","공립","N","","8","202","25.3","8","210","26.3","7","189","27","8","209","26.1","6","164","27.3","8","199","24.9","2","12","6","0","0","0","47","1185","25.2","57","20.8"
"경기도교육청","경기도동두천양주교육지원청","경기도 양주시","S090006058","율정초등학교","02","공립","N","","8","196","24.5","7","171","24.4","6","146","24.3","7","187","26.7","7","172","24.6","7","189","27","2","14","7","0","0","0","44","1075","24.4","52","20.7"
"경기도교육청","경기도동두천양주교육지원청","경기도 양주시","S090006061","옥정초등학교","02","공립","N","","7","161","23","8","208","26","8","206","25.8","8","203","25.4","8","211","26.4","9","229","25.4","2","13","6.5","0","0","0","50","1231","24.6","60","20.5"
"경기도교육청","경기도동두천양주교육지원청","경기도 양주시","S090006062","연푸른초등학교","02","공립","N","","7","192","27.4","8","226","28.3","7","189","27","6","165","27.5","6","154","25.7","6","156","26","2","11","5.5","0","0","0","42","1093","26","49","22.3"
"경기도교육청","경기도동두천양주교육지원청","경기도 양주시","S090006063","옥빛초등학교","02","공립","N","","10","256","25.6","11","295","26.8","11","301","27.4","10","294","29.4","9","243","27","11","314","28.5","2","13","6.5","0","0","0","64","1716","26.8","78","22"
"경기도교육청","경기도광주하남교육지원청","경기도 광주시","S090006082","고산하늘초등학교","02","공립","N","","11","265","24.1","10","254","25.4","9","225","25","7","201","28.7","7","170","24.3","6","157","26.2","1","8","8","0","0","0","51","1280","25.1","62","20.6"
"경기도교육청","경기도고양교육지원청","경기도 고양시 덕양구","S090006096","고양오금초등학교","02","공립","N","","6","140","23.3","6","161","26.8","6","158","26.3","6","144","24","5","132","26.4","5","133","26.6","1","5","5","0","0","0","35","873","24.9","44","19.8"
"경기도교육청","경기도광주하남교육지원청","경기도 광주시","S090006100","신현초등학교","02","공립","N","","6","153","25.5","7","156","22.3","7","179","25.6","8","210","26.3","5","117","23.4","5","125","25","2","12","6","0","0","0","40","952","23.8","48","19.8"
"경기도교육청","경기도성남교육지원청","경기도 성남시 수정구","S090006104","위례한빛초등학교","02","공립","N","","5","128","25.6","6","148","24.7","8","193","24.1","8","201","25.1","8","204","25.5","9","216","24","1","6","6","0","0","0","45","1096","24.4","55","19.9"
"경기도교육청","경기도성남교육지원청","경기도 성남시 수정구","S090006107","위례푸른초등학교","02","공립","N","","5","126","25.2","6","155","25.8","7","169","24.1","6","140","23.3","6","160","26.7","7","169","24.1","1","7","7","0","0","0","38","926","24.4","50","18.5"
"경기도교육청","경기도성남교육지원청","경기도 성남시 수정구","S090006108","위례고운초등학교","02","공립","N","","4","101","25.3","5","115","23","4","103","25.8","3","77","25.7","3","57","19","3","66","22","1","10","10","0","0","0","23","529","23","28","18.9"
"경기도교육청","경기도성남교육지원청","경기도 성남시 수정구","S090006109","위례중앙초등학교","02","공립","N","","3","68","22.7","3","75","25","4","101","25.3","4","98","24.5","4","83","20.8","4","90","22.5","2","8","4","0","0","0","24","523","21.8","30","17.4"
"경기도교육청","경기도광주하남교육지원청","경기도 광주시","S090006112","한아람초등학교","02","공립","N","","7","187","26.7","9","220","24.4","9","228","25.3","9","233","25.9","9","227","25.2","7","179","25.6","2","12","6","0","0","0","52","1286","24.7","62","20.7"
"경기도교육청","경기도광주하남교육지원청","경기도 광주시","S090006113","태성초등학교","02","공립","N","","7","186","26.6","8","196","24.5","9","231","25.7","9","231","25.7","8","206","25.8","10","242","24.2","2","12","6","0","0","0","53","1304","24.6","66","19.8"
"경기도교육청","경기도시흥교육지원청","경기도 시흥시","S090006122","배곧초등학교","02","공립","N","","8","216","27","9","235","26.1","10","266","26.6","10","249","24.9","11","283","25.7","12","304","25.3","2","12","6","0","0","0","62","1565","25.2","74","21.1"
"경기도교육청","경기도시흥교육지원청","경기도 시흥시","S090006123","배곧라온초등학교","02","공립","N","","8","197","24.6","11","270","24.5","11","286","26","9","246","27.3","10","262","26.2","11","303","27.5","3","20","6.7","0","0","0","63","1584","25.1","77","20.6"
"경기도교육청","경기도시흥교육지원청","경기도 시흥시","S090006131","산현초등학교","02","공립","N","","6","144","24","7","179","25.6","7","199","28.4","7","189","27","6","156","26","6","153","25.5","1","6","6","0","0","0","40","1026","25.7","49","20.9"
"경기도교육청","경기도시흥교육지원청","경기도 시흥시","S090006132","운흥초등학교","02","공립","N","","7","177","25.3","9","227","25.2","9","242","26.9","10","271","27.1","7","179","25.6","7","173","24.7","2","15","7.5","0","0","0","51","1284","25.2","62","20.7"
"경기도교육청","경기도시흥교육지원청","경기도 시흥시","S090006133","조남초등학교","02","공립","N","","4","100","25","5","103","20.6","4","100","25","5","119","23.8","5","124","24.8","5","108","21.6","2","14","7","0","0","0","30","668","22.3","37","18.1"
"경기도교육청","경기도시흥교육지원청","경기도 시흥시","S090006152","생금초등학교","02","공립","N","","3","63","21","3","62","20.7","3","68","22.7","2","47","23.5","3","63","21","3","78","26","1","7","7","0","0","0","18","388","21.6","21","18.5"
"경기도교육청","경기도화성오산교육지원청","경기도 화성시 만세구","S090006153","화원초등학교","02","공립","N","","6","135","22.5","7","182","26","7","175","25","7","175","25","8","207","25.9","8","192","24","2","12","6","0","0","0","45","1078","24","53","20.3"
"경기도교육청","경기도화성오산교육지원청","경기도 화성시 만세구","S090006154","하길초등학교","02","공립","N","","10","242","24.2","10","248","24.8","10","263","26.3","9","229","25.4","8","212","26.5","9","243","27","2","14","7","0","0","0","58","1451","25","71","20.4"
"경기도교육청","경기도수원교육지원청","경기도 수원시 권선구","S090006157","곡정초등학교","02","공립","N","","7","174","24.9","8","208","26","10","230","23","9","222","24.7","10","230","23","11","265","24.1","2","9","4.5","0","0","0","57","1338","23.5","70","19.1"
"경기도교육청","경기도파주교육지원청","경기도 파주시","S090006164","산내초등학교","02","공립","N","","12","298","24.8","13","331","25.5","15","404","26.9","14","376","26.9","13","344","26.5","14","378","27","2","13","6.5","0","0","0","83","2144","25.8","97","22.1"
"경기도교육청","경기도화성오산교육지원청","경기도 오산시","S090006418","금암초등학교","02","공립","N","","3","57","19","3","74","24.7","3","74","24.7","4","89","22.3","4","81","20.3","4","100","25","1","8","8","0","0","0","22","483","22","28","17.3"
"경기도교육청","경기도동두천양주교육지원청","경기도 양주시","S090006419","광사초등학교","02","공립","N","","3","69","23","4","95","23.8","5","110","22","4","97","24.3","5","115","23","5","129","25.8","1","7","7","0","0","0","27","622","23","34","18.3"
"경기도교육청","경기도광주하남교육지원청","경기도 하남시","S090006421","나룰초등학교","02","공립","N","","4","82","20.5","4","79","19.8","3","70","23.3","4","87","21.8","4","80","20","4","92","23","1","7","7","0","0","0","24","497","20.7","29","17.1"
"경기도교육청","경기도김포교육지원청","경기도 김포시","S090006425","마송중앙초등학교","02","공립","N","","5","92","18.4","3","75","25","4","87","21.8","3","75","25","4","88","22","4","91","22.8","3","18","6","0","0","0","26","526","20.2","32","16.4"
"경기도교육청","경기도군포의왕교육지원청","경기도 군포시","S090006431","부곡중앙초등학교","02","공립","N","","4","103","25.8","5","111","22.2","5","106","21.2","5","105","21","5","120","24","4","102","25.5","2","12","6","0","0","0","30","659","22","37","17.8"
"경기도교육청","경기도고양교육지원청","경기도 고양시 덕양구","S090006432","서정초등학교","02","공립","N","","1","23","23","2","40","20","2","35","17.5","2","46","23","2","35","17.5","3","75","25","1","6","6","0","0","0","13","260","20","17","15.3"
"경기도교육청","경기도성남교육지원청","경기도 성남시 분당구","S090006433","성남화랑초등학교","02","공립","N","","3","57","19","3","66","22","4","83","20.8","5","116","23.2","7","171","24.4","7","163","23.3","2","10","5","0","0","0","31","666","21.5","39","17.1"
"경기도교육청","경기도용인교육지원청","경기도 용인시 수지구","S090006434","성서초등학교","02","공립","N","","4","97","24.3","5","116","23.2","5","136","27.2","7","172","24.6","5","123","24.6","6","148","24.7","1","9","9","0","0","0","33","801","24.3","41","19.5"
"경기도교육청","경기도성남교육지원청","경기도 성남시 분당구","S090006439","신백현초등학교","02","공립","N","","4","89","22.3","4","82","20.5","5","108","21.6","4","82","20.5","4","82","20.5","5","105","21","2","12","6","0","0","0","28","560","20","34","16.5"
"경기도교육청","경기도김포교육지원청","경기도 김포시","S090006440","신양초등학교","02","공립","N","","5","110","22","5","123","24.6","5","115","23","5","118","23.6","5","115","23","6","146","24.3","2","14","7","0","0","0","33","741","22.5","40","18.5"
"경기도교육청","경기도고양교육지원청","경기도 고양시 일산동구","S090006443","양일초등학교","02","공립","N","","6","158","26.3","7","173","24.7","7","198","28.3","8","207","25.9","8","212","26.5","10","258","25.8","2","9","4.5","0","0","0","48","1215","25.3","61","19.9"
"경기도교육청","경기도용인교육지원청","경기도 용인시 수지구","S090006445","용인신봉초등학교","02","공립","N","","5","136","27.2","6","160","26.7","7","162","23.1","7","185","26.4","8","204","25.5","7","167","23.9","1","4","4","0","0","0","41","1018","24.8","51","20"
"경기도교육청","경기도파주교육지원청","경기도 파주시","S090006446","운광초등학교","02","공립","N","","5","110","22","5","122","24.4","6","142","23.7","6","154","25.7","6","133","22.2","6","145","24.2","2","9","4.5","0","0","0","36","815","22.6","42","19.4"
"경기도교육청","경기도이천교육지원청","경기도 이천시","S090006449","이천사동초등학교","02","공립","N","","4","96","24","3","76","25.3","5","116","23.2","4","85","21.3","4","89","22.3","4","92","23","1","7","7","0","0","0","25","561","22.4","36","15.6"
"경기도교육청","경기도구리남양주교육지원청","경기도 남양주시","S090006452","주곡초등학교","02","공립","N","","4","85","21.3","4","92","23","5","114","22.8","5","123","24.6","5","119","23.8","7","160","22.9","1","8","8","0","0","0","31","701","22.6","38","18.4"
"경기도교육청","경기도파주교육지원청","경기도 파주시","S090006454","한가람초등학교","02","공립","N","","5","128","25.6","6","152","25.3","6","159","26.5","8","191","23.9","8","188","23.5","9","218","24.2","2","12","6","0","0","0","44","1048","23.8","54","19.4"
"경기도교육청","경기도파주교육지원청","경기도 파주시","S090006455","한빛초등학교","02","공립","N","","7","168","24","7","159","22.7","8","186","23.3","8","204","25.5","8","185","23.1","11","267","24.3","2","11","5.5","0","0","0","51","1180","23.1","61","19.3"
"경기도교육청","경기도군포의왕교육지원청","경기도 군포시","S090006456","한얼초등학교","02","공립","N","","2","27","13.5","2","33","16.5","3","52","17.3","2","45","22.5","2","47","23.5","2","44","22","1","2","2","0","0","0","14","250","17.9","18","13.9"
"경기도교육청","경기도파주교육지원청","경기도 파주시","S090006458","해솔초등학교","02","공립","N","","4","103","25.8","5","114","22.8","6","147","24.5","7","165","23.6","6","157","26.2","9","218","24.2","1","6","6","0","0","0","38","910","23.9","46","19.8"
"경기도교육청","경기도구리남양주교육지원청","경기도 남양주시","S090006459","화도초등학교","02","공립","N","","4","91","22.8","5","118","23.6","5","129","25.8","5","104","20.8","7","159","22.7","7","172","24.6","3","14","4.7","0","0","0","36","787","21.9","43","18.3"
"경기도교육청","경기도구리남양주교육지원청","경기도 남양주시","S090006460","화봉초등학교","02","공립","N","","4","100","25","4","80","20","4","104","26","5","107","21.4","5","130","26","6","146","24.3","1","3","3","0","0","0","29","670","23.1","35","19.1"
"경기도교육청","경기도화성오산교육지원청","","S090006650","서경초등학교","02","공립","N","","5","105","21","6","148","24.7","6","128","21.3","5","109","21.8","5","124","24.8","5","109","21.8","1","6","6","0","0","0","33","729","22.1","42","17.4"
"경기도교육청","경기도화성오산교육지원청","","S090006651","화성반월초등학교","02","공립","N","","8","203","25.4","10","264","26.4","10","257","25.7","10","263","26.3","9","219","24.3","11","273","24.8","2","11","5.5","0","0","0","60","1490","24.8","72","20.7"
"경기도교육청","경기도용인교육지원청","경기도 용인시 처인구","S090006759","두창초등학교","02","공립","N","","1","5","5","1","10","10","1","3","3","1","10","10","1","8","8","1","4","4","0","0","0","0","0","0","6","40","6.7","8","5"
"경기도교육청","경기도고양교육지원청","경기도 고양시 덕양구","S090006770","고양동산초등학교","02","공립","N","","7","160","22.9","8","189","23.6","7","174","24.9","8","193","24.1","8","195","24.4","9","208","23.1","2","14","7","0","0","0","49","1133","23.1","57","19.9"
"경기도교육청","경기도평택교육지원청","경기도 평택시","S090006771","자란초등학교","02","공립","N","","3","74","24.7","4","79","19.8","4","88","22","4","105","26.3","4","94","23.5","4","91","22.8","1","6","6","0","0","0","24","537","22.4","29","18.5"
"경기도교육청","경기도수원교육지원청","경기도 수원시 권선구","S090006773","수원가온초등학교","02","공립","N","","6","144","24","6","150","25","8","203","25.4","8","187","23.4","9","216","24","9","223","24.8","1","5","5","0","0","0","47","1128","24","57","19.8"
"경기도교육청","경기도수원교육지원청","경기도 수원시 장안구","S090006774","다솔초등학교","02","공립","N","","7","161","23","7","184","26.3","9","220","24.4","8","199","24.9","10","247","24.7","9","227","25.2","1","4","4","0","0","0","51","1242","24.4","61","20.4"
"경기도교육청","경기도김포교육지원청","경기도 김포시","S090006775","하늘빛초등학교","02","공립","N","","8","215","26.9","10","270","27","9","266","29.6","9","249","27.7","8","232","29","10","274","27.4","1","6","6","0","0","0","55","1512","27.5","65","23.3"
"경기도교육청","경기도김포교육지원청","경기도 김포시","S090006776","김포호수초등학교","02","공립","N","","9","231","25.7","10","258","25.8","10","247","24.7","9","223","24.8","9","215","23.9","9","226","25.1","2","14","7","0","0","0","58","1414","24.4","71","19.9"
"경기도교육청","경기도파주교육지원청","경기도 파주시","S090006778","운정초등학교","02","공립","N","","5","108","21.6","6","133","22.2","6","137","22.8","6","151","25.2","6","141","23.5","6","158","26.3","2","13","6.5","0","0","0","37","841","22.7","44","19.1"
"경기도교육청","경기도의정부교육지원청","경기도 의정부시","S090006799","의정부송산초등학교","02","공립","N","","8","190","23.8","9","226","25.1","9","246","27.3","9","218","24.2","10","245","24.5","10","267","26.7","2","10","5","0","0","0","57","1402","24.6","69","20.3"
"경기도교육청","경기도구리남양주교육지원청","경기도 남양주시","S090006801","남양주월산초등학교","02","공립","N","","4","92","23","5","109","21.8","5","107","21.4","4","100","25","5","114","22.8","5","115","23","1","7","7","0","0","0","29","644","22.2","35","18.4"
"경기도교육청","경기도구리남양주교육지원청","경기도 남양주시","S090006802","해밀초등학교","02","공립","N","","3","70","23.3","4","83","20.8","3","78","26","4","103","25.8","5","131","26.2","6","138","23","1","7","7","0","0","0","26","610","23.5","32","19.1"
"경기도교육청","경기도용인교육지원청","경기도 용인시 수지구","S090006847","매봉초등학교","02","공립","N","","7","174","24.9","6","158","26.3","6","153","25.5","6","158","26.3","5","125","25","5","142","28.4","1","7","7","0","0","0","36","917","25.5","43","21.3"
"경기도교육청","경기도광주하남교육지원청","경기도 하남시","S090006913","미사초등학교","02","공립","N","","4","102","25.5","6","132","22","6","155","25.8","8","182","22.8","7","168","24","7","172","24.6","3","16","5.3","0","0","0","41","927","22.6","52","17.8"
"경기도교육청","경기도광주하남교육지원청","경기도 하남시","S090006914","미사강변초등학교","02","공립","N","","7","174","24.9","8","194","24.3","9","224","24.9","9","220","24.4","10","250","25","12","291","24.3","1","6","6","0","0","0","56","1359","24.3","72","18.9"
"경기도교육청","경기도의정부교육지원청","경기도 의정부시","S090006926","삼현초등학교","02","공립","N","","9","223","24.8","9","219","24.3","9","224","24.9","10","250","25","8","201","25.1","10","262","26.2","2","12","6","0","0","0","57","1391","24.4","68","20.5"
"경기도교육청","경기도화성오산교육지원청","경기도 화성시 동탄구","S090006930","동탄중앙초등학교","02","공립","N","","8","192","24","9","222","24.7","9","236","26.2","10","248","24.8","11","277","25.2","13","340","26.2","2","9","4.5","0","0","0","62","1524","24.6","75","20.3"
"경기도교육청","경기도화성오산교육지원청","","S090006931","화성청계초등학교","02","공립","N","","8","183","22.9","9","206","22.9","8","194","24.3","7","176","25.1","9","206","22.9","10","244","24.4","2","7","3.5","0","0","0","53","1216","22.9","63","19.3"
"경기도교육청","경기도화성오산교육지원청","경기도 화성시 동탄구","S090006932","아인초등학교","02","공립","N","","6","146","24.3","7","187","26.7","7","178","25.4","8","186","23.3","8","212","26.5","8","212","26.5","2","13","6.5","0","0","0","46","1134","24.7","56","20.3"
"경기도교육청","경기도화성오산교육지원청","경기도 화성시 동탄구","S090006933","무봉초등학교","02","공립","N","","4","97","24.3","4","102","25.5","4","105","26.3","4","107","26.8","5","126","25.2","5","133","26.6","1","6","6","0","0","0","27","676","25","33","20.5"
"경기도교육청","경기도화성오산교육지원청","경기도 화성시 동탄구","S090006935","예솔초등학교","02","공립","N","","4","101","25.3","5","122","24.4","6","149","24.8","5","131","26.2","6","142","23.7","6","147","24.5","1","5","5","0","0","0","33","797","24.2","39","20.4"
"경기도교육청","경기도화성오산교육지원청","경기도 화성시 동탄구","S090006936","청목초등학교","02","공립","N","","6","145","24.2","7","179","25.6","7","173","24.7","8","201","25.1","7","182","26","9","226","25.1","1","6","6","0","0","0","45","1112","24.7","55","20.2"
"경기도교육청","경기도화성오산교육지원청","","S090006937","왕배초등학교","02","공립","N","","8","188","23.5","9","217","24.1","10","243","24.3","10","246","24.6","9","211","23.4","7","160","22.9","2","15","7.5","0","0","0","55","1280","23.3","67","19.1"
"경기도교육청","경기도화성오산교육지원청","","S090006940","호연초등학교","02","공립","N","","7","178","25.4","7","188","26.9","7","183","26.1","5","136","27.2","4","110","27.5","5","135","27","1","2","2","0","0","0","36","932","25.9","43","21.7"
"경기도교육청","경기도화성오산교육지원청","경기도 화성시 동탄구","S090006942","방교초등학교","02","공립","N","","7","177","25.3","9","222","24.7","8","205","25.6","8","216","27","9","244","27.1","10","254","25.4","2","14","7","0","0","0","53","1332","25.1","65","20.5"
"경기도교육청","경기도화성오산교육지원청","경기도 화성시 동탄구","S090006945","서연초등학교","02","공립","N","","8","188","23.5","9","220","24.4","10","247","24.7","9","222","24.7","9","220","24.4","9","236","26.2","3","17","5.7","0","0","0","57","1350","23.7","69","19.6"
"경기도교육청","경기도화성오산교육지원청","경기도 화성시 동탄구","S090006946","영천초등학교","02","공립","N","","5","107","21.4","5","131","26.2","5","116","23.2","5","119","23.8","6","139","23.2","6","138","23","1","5","5","0","0","0","33","755","22.9","40","18.9"
"경기도교육청","경기도화성오산교육지원청","경기도 화성시 동탄구","S090006947","한백초등학교","02","공립","N","","6","151","25.2","7","162","23.1","8","212","26.5","7","179","25.6","7","184","26.3","9","228","25.3","1","8","8","0","0","0","45","1124","25","54","20.8"
"경기도교육청","경기도고양교육지원청","경기도 고양시 덕양구","S090006954","도래울초등학교","02","공립","N","","4","90","22.5","5","115","23","6","140","23.3","6","147","24.5","6","154","25.7","8","197","24.6","1","5","5","0","0","0","36","848","23.6","45","18.8"
"경기도교육청","경기도구리남양주교육지원청","경기도 남양주시","S090006970","한별초등학교","02","공립","N","","7","179","25.6","7","164","23.4","8","209","26.1","7","157","22.4","8","205","25.6","8","205","25.6","3","16","5.3","0","0","0","48","1135","23.6","60","18.9"
"경기도교육청","경기도구리남양주교육지원청","경기도 남양주시","S090006971","남양주샛별초등학교","02","공립","N","","6","148","24.7","6","151","25.2","9","216","24","8","187","23.4","7","170","24.3","9","228","25.3","2","10","5","0","0","0","47","1110","23.6","57","19.5"
"경기도교육청","경기도양평교육지원청","경기도 양평군","S090006972","정배초등학교","02","공립","N","","1","11","11","1","4","4","1","6","6","1","14","14","1","12","12","1","13","13","1","3","3","0","0","0","7","63","9","8","7.9"
"경기도교육청","경기도광주하남교육지원청","경기도 하남시","S090007038","위례초등학교","02","공립","N","","10","254","25.4","10","266","26.6","10","267","26.7","10","286","28.6","10","284","28.4","11","280","25.5","1","6","6","0","0","0","62","1643","26.5","75","21.9"
"경기도교육청","경기도광주하남교육지원청","경기도 하남시","S090007039","미사중앙초등학교","02","공립","N","","8","190","23.8","10","254","25.4","11","286","26","11","284","25.8","10","273","27.3","9","252","28","2","14","7","0","0","0","61","1553","25.5","75","20.7"
"경기도교육청","경기도평택교육지원청","경기도 평택시","S090007050","현촌초등학교","02","공립","N","","7","180","25.7","8","191","23.9","9","212","23.6","8","200","25","8","202","25.3","9","229","25.4","2","15","7.5","0","0","0","51","1229","24.1","64","19.2"
"경기도교육청","경기도안성교육지원청","경기도 안성시","S090007111","어울초등학교","02","공립","N","","4","100","25","4","98","24.5","5","107","21.4","4","85","21.3","4","87","21.8","4","85","21.3","1","6","6","0","0","0","26","568","21.8","32","17.8"
"경기도교육청","경기도부천교육지원청","경기도 부천시 소사구","S090007116","옥길버들초등학교","02","공립","N","","5","131","26.2","8","183","22.9","8","197","24.6","10","239","23.9","10","242","24.2","10","249","24.9","2","13","6.5","0","0","0","53","1254","23.7","65","19.3"
"경기도교육청","경기도부천교육지원청","경기도 부천시 소사구","S090007117","옥길산들초등학교","02","공립","N","","9","234","26","11","278","25.3","13","340","26.2","14","358","25.6","12","301","25.1","14","337","24.1","2","7","3.5","0","0","0","75","1855","24.7","92","20.2"
"경기도교육청","경기도용인교육지원청","경기도 용인시 기흥구","S090007135","샘말초등학교","02","공립","N","","5","135","27","7","173","24.7","6","148","24.7","7","168","24","7","180","25.7","8","207","25.9","1","6","6","0","0","0","41","1017","24.8","50","20.3"
"경기도교육청","경기도화성오산교육지원청","경기도 화성시 만세구","S090007139","송린초등학교","02","공립","N","","8","201","25.1","9","239","26.6","10","266","26.6","10","271","27.1","10","251","25.1","10","276","27.6","2","15","7.5","0","0","0","59","1519","25.7","71","21.4"
"경기도교육청","경기도화성오산교육지원청","경기도 화성시 동탄구","S090007140","한율초등학교","02","공립","N","","8","209","26.1","10","273","27.3","10","297","29.7","10","282","28.2","9","271","30.1","9","253","28.1","2","12","6","0","0","0","58","1597","27.5","70","22.8"
"경기도교육청","경기도광주하남교육지원청","경기도 광주시","S090007159","역동초등학교","02","공립","N","","5","113","22.6","6","152","25.3","7","160","22.9","6","132","22","7","160","22.9","6","150","25","1","6","6","0","0","0","38","873","23","47","18.6"
"경기도교육청","경기도구리남양주교육지원청","경기도 구리시","S090007160","산마루초등학교","02","공립","N","","6","148","24.7","6","158","26.3","7","181","25.9","9","227","25.2","8","201","25.1","6","161","26.8","3","17","5.7","0","0","0","45","1093","24.3","54","20.2"
"경기도교육청","경기도평택교육지원청","경기도 평택시","S090007161","평택이화초등학교","02","공립","N","","5","125","25","5","130","26","8","186","23.3","6","158","26.3","7","174","24.9","9","221","24.6","1","5","5","0","0","0","41","999","24.4","50","20"
"경기도교육청","경기도광주하남교육지원청","경기도 하남시","S090007162","윤슬초등학교","02","공립","N","","6","153","25.5","8","190","23.8","9","236","26.2","9","233","25.9","10","261","26.1","10","245","24.5","2","13","6.5","0","0","0","54","1331","24.6","66","20.2"
"경기도교육청","경기도광주하남교육지원청","경기도 하남시","S090007163","한홀초등학교","02","공립","N","","7","184","26.3","8","208","26","8","219","27.4","8","220","27.5","8","210","26.3","8","200","25","2","11","5.5","2","9","4.5","51","1261","24.7","60","21"
"경기도교육청","경기도광주하남교육지원청","경기도 하남시","S090007164","청아초등학교","02","공립","N","","8","184","23","12","301","25.1","13","326","25.1","12","310","25.8","9","208","23.1","8","201","25.1","2","13","6.5","0","0","0","64","1543","24.1","76","20.3"
"경기도교육청","경기도수원교육지원청","경기도 수원시 영통구","S090007194","광교호수초등학교","02","공립","N","","5","130","26","6","150","25","8","193","24.1","7","187","26.7","8","192","24","8","182","22.8","1","8","8","0","0","0","43","1042","24.2","54","19.3"
"경기도교육청","경기도시흥교육지원청","경기도 시흥시","S090007197","배곧한울초등학교","02","공립","N","","6","149","24.8","8","200","25","7","185","26.4","7","183","26.1","7","188","26.9","8","197","24.6","3","15","5","0","0","0","46","1117","24.3","54","20.7"
"경기도교육청","경기도화성오산교육지원청","경기도 오산시","S090007217","다온초등학교","02","공립","N","","6","143","23.8","7","162","23.1","7","164","23.4","7","163","23.3","6","145","24.2","6","148","24.7","2","11","5.5","0","0","0","41","936","22.8","49","19.1"
"경기도교육청","경기도시흥교육지원청","경기도 시흥시","S090007226","배곧해솔초등학교","02","공립","N","","8","207","25.9","9","216","24","9","236","26.2","10","253","25.3","10","257","25.7","10","274","27.4","2","9","4.5","0","0","0","58","1452","25","69","21"
"경기도교육청","경기도수원교육지원청","경기도 수원시 영통구","S090007230","망포초등학교","02","공립","N","","12","311","25.9","14","366","26.1","15","399","26.6","13","351","27","13","350","26.9","13","350","26.9","1","6","6","0","0","0","81","2133","26.3","95","22.5"
"경기도교육청","경기도용인교육지원청","경기도 용인시 기흥구","S090007235","용인한얼초등학교","02","공립","N","","9","220","24.4","9","228","25.3","9","247","27.4","9","234","26","7","188","26.9","8","215","26.9","2","8","4","0","0","0","53","1340","25.3","63","21.3"
"경기도교육청","경기도평택교육지원청","경기도 평택시","S090007236","평택청아초등학교","02","공립","N","","6","144","24","6","141","23.5","8","182","22.8","7","177","25.3","7","156","22.3","7","174","24.9","2","11","5.5","0","0","0","43","985","22.9","52","18.9"
"경기도교육청","경기도구리남양주교육지원청","경기도 남양주시","S090007239","다산가람초등학교","02","공립","N","","8","193","24.1","9","220","24.4","8","209","26.1","9","223","24.8","9","222","24.7","9","223","24.8","1","7","7","0","0","0","53","1297","24.5","64","20.3"
"경기도교육청","경기도평택교육지원청","경기도 평택시","S090007240","용죽초등학교","02","공립","N","","9","254","28.2","10","271","27.1","11","319","29","12","330","27.5","11","318","28.9","12","336","28","2","14","7","0","0","0","67","1842","27.5","84","21.9"
"경기도교육청","경기도화성오산교육지원청","경기도 화성시 동탄구","S090007241","동탄목동초등학교","02","공립","N","","10","249","24.9","10","254","25.4","10","270","27","10","251","25.1","9","226","25.1","10","273","27.3","2","10","5","0","0","0","61","1533","25.1","73","21"
"경기도교육청","경기도화성오산교육지원청","경기도 화성시 동탄구","S090007244","다원초등학교","02","공립","N","","4","93","23.3","5","122","24.4","6","141","23.5","5","119","23.8","5","109","21.8","6","136","22.7","2","9","4.5","0","0","0","33","729","22.1","38","19.2"
"경기도교육청","경기도화성오산교육지원청","경기도 화성시 효행구","S090007255","효행초등학교","02","공립","N","","8","189","23.6","10","237","23.7","11","257","23.4","10","242","24.2","11","263","23.9","10","236","23.6","5","23","4.6","0","0","0","65","1447","22.3","80","18.1"
"경기도교육청","경기도화성오산교육지원청","경기도 화성시 만세구","S090007257","대양초등학교","02","공립","N","","8","178","22.3","8","194","24.3","7","180","25.7","7","176","25.1","6","159","26.5","8","196","24.5","2","12","6","0","0","0","46","1095","23.8","55","19.9"
"경기도교육청","경기도화성오산교육지원청","경기도 화성시 동탄구","S090007263","치동초등학교","02","공립","N","","5","126","25.2","5","135","27","6","152","25.3","6","152","25.3","5","123","24.6","6","144","24","1","5","5","0","0","0","34","837","24.6","42","19.9"
"경기도교육청","경기도화성오산교육지원청","경기도 화성시 동탄구","S090007265","정현초등학교","02","공립","N","","7","179","25.6","8","195","24.4","9","224","24.9","9","226","25.1","8","213","26.6","11","283","25.7","2","14","7","0","0","0","54","1334","24.7","65","20.5"
"경기도교육청","경기도평택교육지원청","경기도 평택시","S090007268","가내초등학교","02","공립","N","","6","162","27","7","186","26.6","9","217","24.1","8","208","26","10","233","23.3","10","249","24.9","1","11","11","0","0","0","51","1266","24.8","63","20.1"
"경기도교육청","경기도광주하남교육지원청","경기도 광주시","S090007274","광주송정초등학교","02","공립","N","","6","132","22","7","165","23.6","6","137","22.8","6","145","24.2","5","109","21.8","4","106","26.5","2","13","6.5","0","0","0","36","807","22.4","43","18.8"
"경기도교육청","경기도구리남양주교육지원청","경기도 남양주시","S090007275","다산한강초등학교","02","공립","N","","11","289","26.3","14","380","27.1","13","352","27.1","13","348","26.8","12","338","28.2","13","357","27.5","2","14","7","0","0","0","78","2078","26.6","94","22.1"
"경기도교육청","경기도군포의왕교육지원청","경기도 의왕시","S090007277","백운호수초등학교","02","공립","N","","4","84","21","4","87","21.8","5","99","19.8","3","67","22.3","3","73","24.3","3","69","23","1","3","3","0","0","0","23","482","21","29","16.6"
"경기도교육청","경기도고양교육지원청","경기도 고양시 일산동구","S090007279","한류초등학교","02","공립","N","","8","190","23.8","8","192","24","8","198","24.8","8","205","25.6","8","199","24.9","7","177","25.3","2","10","5","0","0","0","49","1171","23.9","58","20.2"
"경기도교육청","경기도군포의왕교육지원청","경기도 군포시","S090007298","송안초등학교","02","공립","N","","7","160","22.9","8","213","26.6","6","158","26.3","6","147","24.5","6","136","22.7","5","124","24.8","2","14","7","0","0","0","40","952","23.8","48","19.8"
"경기도교육청","경기도구리남양주교육지원청","경기도 남양주시","S090007307","남양주다산초등학교","02","공립","N","","6","148","24.7","8","196","24.5","9","224","24.9","9","240","26.7","10","267","26.7","9","216","24","2","11","5.5","0","0","0","53","1302","24.6","66","19.7"
"경기도교육청","경기도화성오산교육지원청","경기도 오산시","S090007310","세마초등학교","02","공립","N","","3","70","23.3","4","94","23.5","4","89","22.3","5","106","21.2","4","83","20.8","4","77","19.3","2","10","5","0","0","0","26","529","20.3","33","16"
"경기도교육청","경기도구리남양주교육지원청","경기도 남양주시","S090007320","다산새봄초등학교","02","공립","N","","11","287","26.1","12","325","27.1","13","356","27.4","11","285","25.9","11","276","25.1","11","283","25.7","3","16","5.3","0","0","0","72","1828","25.4","86","21.3"
"경기도교육청","경기도고양교육지원청","경기도 고양시 덕양구","S090007321","창릉초등학교","02","공립","N","","5","116","23.2","5","106","21.2","5","108","21.6","5","100","20","4","79","19.8","3","66","22","3","18","6","0","0","0","30","593","19.8","37","16"
"경기도교육청","경기도고양교육지원청","경기도 고양시 덕양구","S090007322","향동숲내초등학교","02","공립","N","","7","159","22.7","9","210","23.3","8","208","26","6","156","26","6","150","25","6","142","23.7","1","7","7","0","0","0","43","1032","24","53","19.5"
"경기도교육청","경기도의정부교육지원청","경기도 의정부시","S090007323","훈민초등학교","02","공립","N","","7","181","25.9","7","172","24.6","7","183","26.1","7","174","24.9","6","142","23.7","7","168","24","2","12","6","0","0","0","43","1032","24","51","20.2"
"경기도교육청","경기도시흥교육지원청","경기도 시흥시","S090007325","은빛초등학교","02","공립","N","","12","312","26","14","363","25.9","15","442","29.5","12","333","27.8","10","289","28.9","9","266","29.6","2","10","5","0","0","0","74","2015","27.2","87","23.2"
"경기도교육청","경기도시흥교육지원청","경기도 시흥시","S090007326","배곧누리초등학교","02","공립","N","","6","128","21.3","6","134","22.3","6","153","25.5","5","136","27.2","5","119","23.8","4","100","25","3","19","6.3","0","0","0","35","789","22.5","42","18.8"
"경기도교육청","경기도광주하남교육지원청","경기도 하남시","S090007327","감일초등학교","02","공립","N","","6","158","26.3","6","152","25.3","7","194","27.7","7","168","24","6","157","26.2","6","148","24.7","1","6","6","0","0","0","39","983","25.2","47","20.9"
"경기도교육청","경기도광주하남교육지원청","경기도 광주시","S090007328","능평초등학교","02","공립","N","","5","120","24","6","141","23.5","5","113","22.6","5","116","23.2","3","69","23","4","82","20.5","2","7","3.5","0","0","0","30","648","21.6","37","17.5"
"경기도교육청","경기도광주하남교육지원청","경기도 광주시","S090007329","광주푸른초등학교","02","공립","N","","5","122","24.4","5","122","24.4","6","134","22.3","5","104","20.8","4","94","23.5","4","80","20","1","6","6","0","0","0","30","662","22.1","37","17.9"
"경기도교육청","경기도화성오산교육지원청","경기도 화성시 만세구","S090007331","새솔초등학교","02","공립","N","","12","301","25.1","10","275","27.5","11","296","26.9","8","225","28.1","7","194","27.7","7","197","28.1","2","13","6.5","0","0","0","57","1501","26.3","66","22.7"
"경기도교육청","경기도화성오산교육지원청","경기도 화성시 동탄구","S090007333","세정초등학교","02","공립","N","","8","192","24","7","185","26.4","7","171","24.4","7","171","24.4","7","179","25.6","6","147","24.5","1","6","6","0","0","0","43","1051","24.4","50","21"
"경기도교육청","경기도화성오산교육지원청","","S090007334","청림초등학교","02","공립","N","","9","217","24.1","10","257","25.7","10","270","27","9","246","27.3","9","246","27.3","9","259","28.8","2","11","5.5","0","0","0","58","1506","26","71","21.2"
"경기도교육청","경기도평택교육지원청","경기도 평택시","S090007335","평택대동초등학교","02","공립","N","","5","132","26.4","5","122","24.4","6","137","22.8","5","118","23.6","4","91","22.8","4","97","24.3","1","10","10","0","0","0","30","707","23.6","38","18.6"
"경기도교육청","경기도평택교육지원청","경기도 평택시","S090007337","평택새빛초등학교","02","공립","N","","8","195","24.4","9","213","23.7","8","196","24.5","7","163","23.3","7","165","23.6","6","142","23.7","2","14","7","0","0","0","47","1088","23.1","54","20.1"
"경기도교육청","경기도안산교육지원청","경기도 안산시 상록구","S090007338","안산해솔초등학교","02","공립","N","","11","264","24","13","336","25.8","13","343","26.4","14","364","26","12","319","26.6","11","297","27","3","18","6","0","0","0","77","1941","25.2","93","20.9"
"경기도교육청","경기도화성오산교육지원청","경기도 화성시 효행구","S090007361","수현초등학교","02","공립","N","","2","50","25","9","226","25.1","8","206","25.8","6","158","26.3","4","122","30.5","5","134","26.8","2","13","6.5","0","0","0","36","909","25.3","50","18.2"
"경기도교육청","경기도파주교육지원청","경기도 파주시","S090007363","산들초등학교","02","공립","N","","4","102","25.5","5","121","24.2","6","146","24.3","6","147","24.5","6","143","23.8","5","114","22.8","2","12","6","0","0","0","34","785","23.1","39","20.1"
"경기도교육청","경기도화성오산교육지원청","경기도 화성시 동탄구","S090007371","이솔초등학교","02","공립","N","","4","97","24.3","5","118","23.6","5","115","23","5","121","24.2","3","82","27.3","4","82","20.5","2","11","5.5","0","0","0","28","626","22.4","34","18.4"
"경기도교육청","경기도고양교육지원청","경기도 고양시 덕양구","S090007375","향동초등학교","02","공립","N","","8","201","25.1","8","200","25","7","170","24.3","5","134","26.8","5","119","23.8","4","93","23.3","1","7","7","0","0","0","38","924","24.3","46","20.1"
"경기도교육청","경기도고양교육지원청","경기도 고양시 덕양구","S090007378","지축초등학교","02","공립","N","","8","203","25.4","12","269","22.4","10","223","22.3","10","236","23.6","8","182","22.8","8","190","23.8","2","11","5.5","0","0","0","58","1314","22.7","68","19.3"
"경기도교육청","경기도화성오산교육지원청","경기도 화성시 동탄구","S090007396","여울초등학교","02","공립","N","","6","134","22.3","5","128","25.6","8","212","26.5","6","136","22.7","6","142","23.7","6","153","25.5","1","6","6","1","5","5","39","916","23.5","48","19.1"
"경기도교육청","경기도화성오산교육지원청","경기도 화성시 동탄구","S090007397","늘봄초등학교","02","공립","N","","4","85","21.3","3","76","25.3","3","80","26.7","3","69","23","2","42","21","3","67","22.3","1","4","4","0","0","0","19","423","22.3","24","17.6"
"경기도교육청","경기도평택교육지원청","경기도 평택시","S090007398","평택서재초등학교","02","공립","N","","9","245","27.2","9","270","30","10","281","28.1","12","324","27","9","246","27.3","10","286","28.6","2","13","6.5","0","0","0","61","1665","27.3","78","21.3"
"경기도교육청","경기도구리남양주교육지원청","경기도 남양주시","S090007407","다산하늘초등학교","02","공립","N","","10","248","24.8","10","263","26.3","10","281","28.1","9","234","26","9","233","25.9","8","218","27.3","2","14","7","0","0","0","58","1491","25.7","68","21.9"
"경기도교육청","경기도구리남양주교육지원청","경기도 남양주시","S090007424","은솔초등학교","02","공립","N","","5","103","20.6","5","104","20.8","5","114","22.8","4","107","26.8","4","85","21.3","5","107","21.4","1","6","6","0","0","0","29","626","21.6","34","18.4"
"경기도교육청","경기도광주하남교육지원청","경기도 하남시","S090007435","위례숲초등학교","02","공립","N","","11","273","24.8","10","261","26.1","11","268","24.4","11","267","24.3","9","222","24.7","8","197","24.6","2","12","6","0","0","0","62","1500","24.2","73","20.5"
"경기도교육청","경기도광주하남교육지원청","경기도 하남시","S090007436","신우초등학교","02","공립","N","","12","290","24.2","12","327","27.3","10","257","25.7","7","167","23.9","6","147","24.5","5","132","26.4","2","12","6","0","0","0","54","1332","24.7","62","21.5"
"경기도교육청","경기도시흥교육지원청","경기도 시흥시","S090007437","한여울초등학교","02","공립","N","","6","132","22","6","133","22.2","4","102","25.5","4","85","21.3","4","87","21.8","4","91","22.8","7","30","4.3","0","0","0","35","660","18.9","47","14"
"경기도교육청","경기도구리남양주교육지원청","경기도 남양주시","S090007443","하랑초등학교","02","공립","N","","6","137","22.8","6","151","25.2","5","137","27.4","5","140","28","4","91","22.8","5","125","25","2","10","5","0","0","0","33","791","24","40","19.8"
"경기도교육청","경기도평택교육지원청","경기도 평택시","S090007450","세아초등학교","02","공립","N","","4","92","23","5","110","22","5","110","22","5","113","22.6","4","102","25.5","4","101","25.3","1","8","8","0","0","0","28","636","22.7","36","17.7"
"경기도교육청","경기도성남교육지원청","경기도 성남시 분당구","S090007517","판교대장초등학교","02","공립","N","","8","211","26.4","8","196","24.5","8","205","25.6","7","177","25.3","6","141","23.5","5","141","28.2","1","6","6","0","0","0","43","1077","25","49","22"
"경기도교육청","경기도광주하남교육지원청","경기도 하남시","S090007520","단샘초등학교","02","공립","N","","11","270","24.5","10","227","22.7","8","200","25","7","171","24.4","7","184","26.3","7","172","24.6","3","17","5.7","0","0","0","53","1241","23.4","62","20"
"경기도교육청","경기도화성오산교육지원청","경기도 화성시 병점구","S090007523","새봄초등학교","02","공립","N","","7","157","22.4","7","165","23.6","7","173","24.7","6","153","25.5","5","119","23.8","4","101","25.3","2","12","6","0","0","0","38","880","23.2","45","19.6"
"경기도교육청","경기도평택교육지원청","경기도 평택시","S090007524","배다리초등학교","02","공립","N","","4","77","19.3","4","95","23.8","3","55","18.3","3","58","19.3","2","52","26","3","64","21.3","1","9","9","0","0","0","20","410","20.5","25","16.4"
"경기도교육청","경기도평택교육지원청","경기도 평택시","S090007573","지제초등학교","02","공립","N","","8","196","24.5","7","175","25","6","149","24.8","5","126","25.2","5","126","25.2","5","118","23.6","1","7","7","0","0","0","37","897","24.2","45","19.9"
"경기도교육청","경기도화성오산교육지원청","경기도 화성시 만세구","S090007574","신남초등학교","02","공립","N","","5","109","21.8","5","110","22","5","118","23.6","5","114","22.8","3","80","26.7","3","70","23.3","1","6","6","0","0","0","27","607","22.5","33","18.4"
"경기도교육청","경기도파주교육지원청","경기도 파주시","S090007576","초롱초등학교","02","공립","N","","9","239","26.6","10","258","25.8","8","204","25.5","7","169","24.1","5","132","26.4","5","116","23.2","2","12","6","0","0","0","46","1130","24.6","54","20.9"
"경기도교육청","경기도구리남양주교육지원청","경기도 남양주시","S090007581","다산별빛초등학교","02","공립","N","","8","198","24.8","7","176","25.1","7","165","23.6","6","150","25","5","119","23.8","4","103","25.8","2","9","4.5","0","0","0","39","920","23.6","45","20.4"
"경기도교육청","경기도파주교육지원청","경기도 파주시","S090007583","다율초등학교","02","공립","N","","11","272","24.7","10","250","25","8","222","27.8","7","178","25.4","6","164","27.3","6","155","25.8","2","11","5.5","0","0","0","50","1252","25","58","21.6"
"경기도교육청","경기도고양교육지원청","경기도 고양시 덕양구","S090007603","원흥초등학교","02","공립","N","","3","76","25.3","4","84","21","4","81","20.3","4","89","22.3","2","47","23.5","2","43","21.5","2","10","5","0","0","0","21","430","20.5","27","15.9"
"경기도교육청","경기도화성오산교육지원청","","S090007604","화성신동초등학교","02","공립","N","","5","126","25.2","4","107","26.8","3","82","27.3","3","65","21.7","2","53","26.5","2","59","29.5","1","5","5","0","0","0","20","497","24.9","27","18.4"
"경기도교육청","경기도평택교육지원청","경기도 평택시","S090007607","평택모산초등학교","02","공립","N","","7","179","25.6","8","226","28.3","7","187","26.7","8","212","26.5","6","140","23.3","8","190","23.8","1","5","5","0","0","0","45","1139","25.3","54","21.1"
"경기도교육청","경기도시흥교육지원청","경기도 시흥시","S090007611","시흥가온초등학교","02","공립","N","","10","265","26.5","10","284","28.4","10","272","27.2","10","285","28.5","8","206","25.8","9","247","27.4","2","12","6","0","0","0","59","1571","26.6","71","22.1"
"경기도교육청","경기도김포교육지원청","경기도 김포시","S090007614","향산초등학교","02","공립","N","","6","153","25.5","7","194","27.7","8","202","25.3","7","196","28","7","170","24.3","6","156","26","1","6","6","0","0","0","42","1077","25.6","49","22"
"경기도교육청","경기도김포교육지원청","경기도 김포시","S090007616","김포나진초등학교","02","공립","N","","9","216","24","10","237","23.7","11","270","24.5","9","228","25.3","7","166","23.7","6","153","25.5","2","13","6.5","0","0","0","54","1283","23.8","66","19.4"
"경기도교육청","경기도김포교육지원청","경기도 김포시","S090007618","김포구래초등학교","02","공립","N","","7","162","23.1","7","161","23","8","186","23.3","8","190","23.8","5","129","25.8","5","123","24.6","2","14","7","0","0","0","42","965","23","52","18.6"
"경기도교육청","경기도고양교육지원청","경기도 고양시 덕양구","S090007629","덕은한강초등학교","02","공립","N","","10","266","26.6","11","283","25.7","9","230","25.6","8","202","25.3","6","165","27.5","7","192","27.4","1","6","6","0","0","0","52","1344","25.8","61","22"
"경기도교육청","경기도안양과천교육지원청","경기도 과천시","S090007632","과천갈현초등학교","02","공립","N","","9","215","23.9","10","243","24.3","7","152","21.7","5","129","25.8","4","93","23.3","4","101","25.3","2","12","6","0","0","0","41","945","23","47","20.1"
"경기도교육청","경기도광주하남교육지원청","경기도 광주시","S090007676","쌍동초등학교","02","공립","N","","4","104","26","4","96","24","3","66","22","3","61","20.3","2","48","24","1","28","28","1","1","1","0","0","0","18","404","22.4","22","18.4"
"경기도교육청","경기도평택교육지원청","경기도 평택시","S090007677","율포초등학교","02","공립","N","","6","144","24","4","91","22.8","5","109","21.8","4","95","23.8","3","71","23.7","3","76","25.3","1","7","7","0","0","0","26","593","22.8","32","18.5"
"경기도교육청","경기도고양교육지원청","경기도 고양시 덕양구","S090007678","지효초등학교","02","공립","N","","7","161","23","5","129","25.8","4","98","24.5","3","60","20","2","32","16","1","13","13","1","6","6","0","0","0","23","499","21.7","29","17.2"
"경기도교육청","경기도시흥교육지원청","경기도 시흥시","S090007870","배곧라라초등학교","02","공립","N","","3","66","22","2","41","20.5","2","51","25.5","2","33","16.5","2","43","21.5","1","26","26","1","3","3","0","0","0","13","263","20.2","18","14.6"
"경기도교육청","경기도수원교육지원청","경기도 수원시 영통구","S090007871","글빛초등학교","02","공립","N","","11","303","27.5","9","254","28.2","9","242","26.9","8","204","25.5","7","179","25.6","6","154","25.7","2","14","7","0","0","0","52","1350","26","58","23.3"
"경기도교육청","경기도화성오산교육지원청","경기도 오산시","S090007880","세담초등학교","02","공립","N","","3","65","21.7","3","51","17","3","58","19.3","2","38","19","2","31","15.5","2","41","20.5","1","4","4","0","0","0","16","288","18","20","14.4"
"경기도교육청","경기도포천교육지원청","경기도 포천시","S090007911","포담초등학교","02","공립","N","","1","12","12","1","17","17","1","14","14","1","19","19","1","10","10","2","25","12.5","1","2","2","0","0","0","8","99","12.4","10","9.9"
"경기도교육청","경기도시흥교육지원청","경기도 시흥시","S090007929","시화나래초등학교","02","공립","N","","6","140","23.3","5","108","21.6","4","114","28.5","3","84","28","3","73","24.3","4","87","21.8","2","8","4","0","0","0","27","614","22.7","33","18.6"
"경기도교육청","경기도안양과천교육지원청","경기도 과천시","S090007937","과천율목초등학교","02","공립","N","","3","54","18","2","47","23.5","2","31","15.5","2","38","19","1","22","22","1","15","15","1","3","3","0","0","0","12","210","17.5","16","13.1"